0.48655152320861816,0.7191174030303955,-6.732960287081369e-07,0.41327935457229614,0.6898400783538818,-0.026505421847105026,0.352538526058197,0.5958549380302429,-0.03272087872028351,0.3331648111343384,0.5030607581138611,-0.03832806274294853,0.34180429577827454,0.43480178713798523,-0.038560427725315094,0.41155683994293213,0.5132741928100586,0.0005582310841418803,0.41652911901474,0.44951707124710083,-0.03653567284345627,0.4110117256641388,0.5105054378509521,-0.054191965609788895,0.4076681137084961,0.5561335682868958,-0.058946214616298676,0.4605204164981842,0.5182452201843262,-0.0002041389816440642,0.4567692279815674,0.4561535120010376,-0.036697182804346085,0.44815635681152344,0.5415750741958618,-0.04127577319741249,0.45035070180892944,0.5795453786849976,-0.033056095242500305,0.5052292346954346,0.5372307896614075,-0.009012793190777302,0.49892300367355347,0.4872385263442993,-0.04912039637565613,0.4869324862957001,0.563431441783905,-0.03753519803285599,0.4882326126098633,0.5937345623970032,-0.0170451570302248,0.5492818355560303,0.5637589693069458,-0.019600514322519302,0.5361076593399048,0.5199448466300964,-0.04073982313275337,0.5242336988449097,0.5746334791183472,-0.026475468650460243,0.5239410400390625,0.6018028259277344,-0.008708830922842026
0.34692609310150146,0.5869759917259216,-5.164282583791646e-07,0.25571638345718384,0.5500121116638184,-0.05671694129705429,0.1807575672864914,0.4142010807991028,-0.0758250504732132,0.14515002071857452,0.29098349809646606,-0.08884426951408386,0.12695704400539398,0.19745351374149323,-0.08965422958135605,0.22970904409885406,0.27997976541519165,-0.02753569558262825,0.2161685824394226,0.20337802171707153,-0.08469036966562271,0.23188374936580658,0.3097635805606842,-0.10579340904951096,0.24683314561843872,0.36572030186653137,-0.10961142182350159,0.2973634898662567,0.279253751039505,-0.018738480284810066,0.2908632755279541,0.21097226440906525,-0.07636265456676483,0.2977420687675476,0.3546406626701355,-0.0767131969332695,0.3068315088748932,0.38484373688697815,-0.061718519777059555,0.36647769808769226,0.30045753717422485,-0.02190227434039116,0.371362566947937,0.23852770030498505,-0.08146969228982925,0.3628714382648468,0.3628075122833252,-0.0534278005361557,0.36354881525039673,0.390407919883728,-0.01797099970281124,0.4340277314186096,0.3312789499759674,-0.030013475567102432,0.4446297287940979,0.2628920078277588,-0.06345899403095245,0.42546170949935913,0.3428559899330139,-0.04014954715967178,0.41484904289245605,0.37321147322654724,-0.012267833575606346
0.39691099524497986,0.45499008893966675,-7.945277502585668e-07,0.2859264612197876,0.39566367864608765,-0.04922112077474594,0.18760213255882263,0.2686401605606079,-0.06711632013320923,0.14211855828762054,0.14178068935871124,-0.08429176360368729,0.12054198980331421,0.03764382004737854,-0.09073065221309662,0.2381523996591568,0.1176096647977829,-0.007549237459897995,0.22640927135944366,0.04065462946891785,-0.07597009092569351,0.2565077245235443,0.1518019437789917,-0.1088629812002182,0.27221882343292236,0.2250939905643463,-0.11761592328548431,0.31780344247817993,0.10849834978580475,-0.006587465293705463,0.3117768466472626,0.03883349895477295,-0.08186429738998413,0.3328387141227722,0.1871139258146286,-0.09884815663099289,0.3376378118991852,0.2464919239282608,-0.08968531340360641,0.3977021276950836,0.1216752827167511,-0.018084613606333733,0.39819204807281494,0.06302003562450409,-0.09541794657707214,0.40259695053100586,0.20315030217170715,-0.0795833170413971,0.39653724431991577,0.26132896542549133,-0.045262426137924194,0.4726283550262451,0.14871501922607422,-0.032829031348228455,0.4740602970123291,0.08798080682754517,-0.07497149705886841,0.4621568024158478,0.18461298942565918,-0.05494113638997078,0.4478604793548584,0.2300577610731125,-0.025589363649487495
0.43088316917419434,0.3486298620700836,-1.060455019796791e-06,0.3223709166049957,0.3269840180873871,-0.056176189333200455,0.2063402235507965,0.1859644651412964,-0.06757662445306778,0.14975762367248535,0.046768784523010254,-0.07702331244945526,0.11419261991977692,-0.03952403366565704,-0.07507660984992981,0.24812448024749756,0.015772484242916107,0.003034566529095173,0.23106339573860168,-0.06659343838691711,-0.0661247968673706,0.27034837007522583,0.05513501912355423,-0.09846945106983185,0.28757718205451965,0.11971655488014221,-0.10644740611314774,0.3252604007720947,-0.007048673927783966,0.0071441903710365295,0.32091495394706726,-0.07450754940509796,-0.06853646785020828,0.3491017520427704,0.0852908194065094,-0.08154375851154327,0.3525993525981903,0.13829578459262848,-0.06759381294250488,0.40054383873939514,-0.004651360213756561,-0.0044852509163320065,0.4008965492248535,-0.05592021346092224,-0.08706453442573547,0.41146552562713623,0.09428880363702774,-0.071444571018219,0.4071303904056549,0.14283740520477295,-0.0353742279112339,0.4759212136268616,0.009275175631046295,-0.01996016874909401,0.4696766436100006,-0.04377269744873047,-0.06518325209617615,0.46771952509880066,0.06920048594474792,-0.04512786120176315,0.46065840125083923,0.11402437835931778,-0.014689486473798752
0.42385101318359375,0.4441593885421753,-1.2295880651436164e-06,0.3177659213542938,0.4186933636665344,-0.048794157803058624,0.21982531249523163,0.28953829407691956,-0.06513433903455734,0.1705900877714157,0.1580704152584076,-0.07982546836137772,0.12473925948143005,0.0636543557047844,-0.0834030956029892,0.24543249607086182,0.14092162251472473,-0.0149362962692976,0.22281265258789062,0.06026887893676758,-0.08223164826631546,0.25570690631866455,0.17728692293167114,-0.1079254075884819,0.279718279838562,0.2435605227947235,-0.1122351810336113,0.320781409740448,0.12435564398765564,-0.015534794889390469,0.3069899082183838,0.059516534209251404,-0.08244175463914871,0.3331862986087799,0.2084360420703888,-0.08707680553197861,0.34494906663894653,0.2427857518196106,-0.07328829169273376,0.39566749334335327,0.12677010893821716,-0.0298160407692194,0.38931357860565186,0.07452413439750671,-0.10192307084798813,0.39860156178474426,0.21765410900115967,-0.0802735835313797,0.4003889560699463,0.24907666444778442,-0.04668210446834564,0.46967798471450806,0.1396670937538147,-0.04816077649593353,0.463090717792511,0.09071940183639526,-0.08884453773498535,0.457830011844635,0.19788718223571777,-0.0692811831831932,0.4516289532184601,0.23519831895828247,-0.043428923934698105
0.4362914562225342,0.507537841796875,-8.408524649894389e-07,0.3375043570995331,0.4799882471561432,-0.04608393460512161,0.2486615628004074,0.36041927337646484,-0.05853043124079704,0.19925634562969208,0.24437221884727478,-0.0689375251531601,0.15374290943145752,0.1659451723098755,-0.06972790509462357,0.2804222106933594,0.23158419132232666,-0.010230147279798985,0.26211467385292053,0.17627596855163574,-0.06450609862804413,0.29819953441619873,0.28008362650871277,-0.08347480744123459,0.31920325756073,0.3265896439552307,-0.08632135391235352,0.34714528918266296,0.2154768407344818,-0.008770388551056385,0.3350808322429657,0.1672285497188568,-0.06629601120948792,0.3599688708782196,0.29697516560554504,-0.07097537815570831,0.3682245910167694,0.3201807141304016,-0.05919824168086052,0.4132605493068695,0.2171703577041626,-0.01940596103668213,0.40948694944381714,0.1787063479423523,-0.08410082012414932,0.4163159430027008,0.30354392528533936,-0.06633614748716354,0.4152035713195801,0.32774433493614197,-0.037098903208971024,0.4776780605316162,0.22948455810546875,-0.03359542042016983,0.4764481782913208,0.1877201497554779,-0.07064734399318695,0.4717661440372467,0.2809019088745117,-0.053952597081661224,0.46481025218963623,0.31249433755874634,-0.031215505674481392
0.4441440999507904,0.6379058957099915,-6.989245093791396e-07,0.36628904938697815,0.6126376986503601,-0.04787997528910637,0.2909291386604309,0.5031571388244629,-0.06053866446018219,0.245294988155365,0.4013154208660126,-0.0689307153224945,0.20616649091243744,0.33449938893318176,-0.06759440898895264,0.3139657974243164,0.40254417061805725,-0.021199923008680344,0.30007967352867126,0.3609164357185364,-0.06284273415803909,0.33264660835266113,0.44613295793533325,-0.07169181853532791,0.34645015001296997,0.46126890182495117,-0.0721392035484314,0.3749063014984131,0.3882477879524231,-0.015420128591358662,0.37048274278640747,0.3481403887271881,-0.0663934051990509,0.38895168900489807,0.4575684666633606,-0.06845587491989136,0.3885166645050049,0.4594109058380127,-0.05783612281084061,0.43447551131248474,0.3901870548725128,-0.019440408796072006,0.44028154015541077,0.36523592472076416,-0.0763605386018753,0.44244807958602905,0.46463948488235474,-0.0608215369284153,0.43443337082862854,0.46667250990867615,-0.03635971248149872,0.490405410528183,0.3985172212123871,-0.027140561491250992,0.5003223419189453,0.362804114818573,-0.060052867978811264,0.49506211280822754,0.4326378107070923,-0.04796949401497841,0.48502683639526367,0.4486418068408966,-0.030934154987335205
0.4581947922706604,0.6271703243255615,-5.985635311844817e-07,0.381934255361557,0.6079586148262024,-0.04752440005540848,0.31234946846961975,0.5020455718040466,-0.060342829674482346,0.2759384512901306,0.3979858160018921,-0.0686768963932991,0.23929032683372498,0.33535248041152954,-0.06722283363342285,0.335585355758667,0.41438794136047363,-0.019064154475927353,0.3311925530433655,0.3628470003604889,-0.05829836055636406,0.3608418107032776,0.4425870180130005,-0.0659957304596901,0.3698606491088867,0.4665977656841278,-0.0658004879951477,0.39709925651550293,0.39897266030311584,-0.013240208849310875,0.39533284306526184,0.35328733921051025,-0.060149695724248886,0.4126775562763214,0.45916250348091125,-0.060971587896347046,0.40978190302848816,0.4619833827018738,-0.05005471780896187,0.4549519419670105,0.39993202686309814,-0.017378250136971474,0.4594120979309082,0.367249995470047,-0.07089158147573471,0.46132397651672363,0.46085840463638306,-0.05607859045267105,0.45128190517425537,0.46207311749458313,-0.03317413851618767,0.5082023739814758,0.40953171253204346,-0.025155911222100258,0.5169374942779541,0.3773411512374878,-0.05836248770356178,0.5084581971168518,0.44176673889160156,-0.048294924199581146,0.493858277797699,0.45591092109680176,-0.033070892095565796
0.46938928961753845,0.606174111366272,-6.480703405031818e-07,0.39383751153945923,0.5879520177841187,-0.04612206667661667,0.32629552483558655,0.4803275465965271,-0.056328997015953064,0.293668270111084,0.37484920024871826,-0.06235827878117561,0.2628948986530304,0.3083112835884094,-0.05820939689874649,0.3552194833755493,0.39360469579696655,-0.014888618141412735,0.35292547941207886,0.335654079914093,-0.055651724338531494,0.37818294763565063,0.41938745975494385,-0.06446383893489838,0.38534843921661377,0.44376474618911743,-0.06405872106552124,0.4139310419559479,0.3840053081512451,-0.009127297438681126,0.41407519578933716,0.33126044273376465,-0.05705951154232025,0.42654290795326233,0.43991926312446594,-0.05796223506331444,0.42260611057281494,0.4427753686904907,-0.04582985118031502,0.46867650747299194,0.38656020164489746,-0.013854794204235077,0.47393491864204407,0.3456350564956665,-0.06787034869194031,0.4726806879043579,0.4425453841686249,-0.052972983568906784,0.46283048391342163,0.44455817341804504,-0.028975829482078552,0.5198602676391602,0.3939758539199829,-0.022265857085585594,0.5286158323287964,0.3554890751838684,-0.05497964844107628,0.5205420255661011,0.4216179847717285,-0.044522810727357864,0.5084719657897949,0.4368131160736084,-0.028368405997753143
0.4588569104671478,0.5759227871894836,-6.392527893694933e-07,0.384296178817749,0.5544968843460083,-0.04288569837808609,0.31866443157196045,0.44690632820129395,-0.05415641888976097,0.28581535816192627,0.344130277633667,-0.06245170161128044,0.2527235150337219,0.28003549575805664,-0.06184479221701622,0.34884920716285706,0.35838231444358826,-0.013379677198827267,0.3434528410434723,0.3009328842163086,-0.055841028690338135,0.36974433064460754,0.3855763077735901,-0.0683586597442627,0.3808899521827698,0.4199557900428772,-0.06984088569879532,0.4074903428554535,0.3496198058128357,-0.01011393778026104,0.40513870120048523,0.2982533276081085,-0.05755188316106796,0.41970738768577576,0.40653541684150696,-0.06010847166180611,0.4195897877216339,0.41912534832954407,-0.04943552985787392,0.4632776975631714,0.35445651412010193,-0.01696120761334896,0.4662724733352661,0.31371912360191345,-0.0693473219871521,0.4673367440700531,0.40969333052635193,-0.05392962321639061,0.46087923645973206,0.4193459749221802,-0.02983955107629299,0.5153334736824036,0.3657849431037903,-0.027250492945313454,0.5218541622161865,0.3246849775314331,-0.05797144025564194,0.5146299004554749,0.3908650279045105,-0.0451347753405571,0.5045557618141174,0.40993744134902954,-0.027455661445856094
0.46111148595809937,0.5499849319458008,-6.770988534299249e-07,0.38201281428337097,0.5325179100036621,-0.049664776772260666,0.3105732202529907,0.4218901991844177,-0.062344375997781754,0.2738955616950989,0.31280386447906494,-0.07073598355054855,0.23805871605873108,0.2473248839378357,-0.06893058866262436,0.33697110414505005,0.33068493008613586,-0.016227085143327713,0.33344343304634094,0.2625393271446228,-0.061597250401973724,0.3618694543838501,0.3532947599887848,-0.0743863582611084,0.3710200786590576,0.3844202160835266,-0.07618114352226257,0.3984100818634033,0.3207109868526459,-0.01060805656015873,0.39699023962020874,0.25955748558044434,-0.0626278817653656,0.4117058217525482,0.37614694237709045,-0.06655524671077728,0.40606361627578735,0.38294392824172974,-0.055982429534196854,0.455403208732605,0.3229604661464691,-0.01607811078429222,0.4595872759819031,0.27569013833999634,-0.07306601107120514,0.4600713849067688,0.38134074211120605,-0.057790834456682205,0.44886553287506104,0.3856658339500427,-0.03304911404848099,0.5082826018333435,0.3298640847206116,-0.02559526450932026,0.5171418786048889,0.28933632373809814,-0.05924449488520622,0.5103487968444824,0.3618016839027405,-0.04735556244850159,0.49799734354019165,0.3788624703884125,-0.03013097308576107
0.44762951135635376,0.5521970987319946,-6.676364705526794e-07,0.3724516034126282,0.5049327611923218,-0.03683868795633316,0.31346020102500916,0.3886670172214508,-0.04433958977460861,0.2825302481651306,0.2933581471443176,-0.050267551094293594,0.25413230061531067,0.23040245473384857,-0.04719173163175583,0.35082077980041504,0.29461929202079773,-0.00364064727909863,0.3286101818084717,0.2594274580478668,-0.04550985246896744,0.3527701199054718,0.35285288095474243,-0.06067298352718353,0.36886608600616455,0.3665524423122406,-0.06554123759269714,0.40822675824165344,0.2934277057647705,-0.0020496640354394913,0.3856624364852905,0.25884705781936646,-0.0530097596347332,0.3944491147994995,0.36884087324142456,-0.057622939348220825,0.40610596537590027,0.36739054322242737,-0.047895196825265884,0.4621543288230896,0.3115440607070923,-0.010308255441486835,0.45116767287254333,0.28795042634010315,-0.06325293332338333,0.44329628348350525,0.3864310383796692,-0.04829620197415352,0.4467504918575287,0.38069555163383484,-0.024184664711356163,0.511176586151123,0.3314778208732605,-0.021886475384235382,0.5074381232261658,0.31234973669052124,-0.04864909499883652,0.4891035258769989,0.3802606761455536,-0.03634539246559143,0.48565638065338135,0.3857889771461487,-0.01999034732580185
0.41965267062187195,0.5468708276748657,-7.134638053685194e-07,0.3601680397987366,0.4751400649547577,-0.01955607160925865,0.3338909149169922,0.35897475481033325,-0.025578081607818604,0.3274359107017517,0.2700141668319702,-0.032461270689964294,0.3256167471408844,0.19401678442955017,-0.03184543177485466,0.40579283237457275,0.24739055335521698,0.009532175958156586,0.3389359712600708,0.24596266448497772,-0.029762960970401764,0.34460362792015076,0.3230302631855011,-0.05144398286938667,0.37059786915779114,0.3396660089492798,-0.06159572675824165,0.44952499866485596,0.25503304600715637,0.0029902721289545298,0.37066373229026794,0.28486567735671997,-0.033978886902332306,0.37235957384109497,0.37307971715927124,-0.038047827780246735,0.40032854676246643,0.37679779529571533,-0.03238961473107338,0.48626506328582764,0.2913223206996918,-0.011956115253269672,0.4110998213291168,0.33126088976860046,-0.05154150724411011,0.4093322455883026,0.40967851877212524,-0.03812989592552185,0.4347427487373352,0.4118146598339081,-0.01977420225739479,0.5164974331855774,0.33969977498054504,-0.030384594574570656,0.45361340045928955,0.3706313967704773,-0.05467906594276428,0.4443826377391815,0.42432332038879395,-0.0469219908118248,0.4632309079170227,0.42894110083580017,-0.03366844356060028
0.4158984422683716,0.5591433048248291,-8.018158155209676e-07,0.35691872239112854,0.4815731346607208,-0.01989063248038292,0.32982856035232544,0.3599756956100464,-0.028041161596775055,0.3287648856639862,0.2657970190048218,-0.037190284579992294,0.32983556389808655,0.18390794098377228,-0.03860721364617348,0.40457820892333984,0.24390624463558197,0.002253882121294737,0.3314218521118164,0.24818885326385498,-0.03698815405368805,0.3270038962364197,0.3191387951374054,-0.05503823980689049,0.34734150767326355,0.3352670669555664,-0.06205900385975838,0.4476143419742584,0.2545504570007324,-0.005035261623561382,0.35890650749206543,0.3036711812019348,-0.04166426137089729,0.3576335608959198,0.38967230916023254,-0.04279869794845581,0.38753408193588257,0.3897269666194916,-0.0353725403547287,0.48380643129348755,0.296362042427063,-0.020347196608781815,0.3981872498989105,0.3566626012325287,-0.059087470173835754,0.39545392990112305,0.43274155259132385,-0.04400350898504257,0.42342233657836914,0.4352150559425354,-0.025219019502401352,0.5134481191635132,0.35126036405563354,-0.03941516950726509,0.441953182220459,0.3942644000053406,-0.06444626301527023,0.4306081533432007,0.449449747800827,-0.0573076568543911,0.4504694938659668,0.45912185311317444,-0.04432784020900726
0.4166831076145172,0.5155313014984131,-5.732109684686293e-07,0.34626463055610657,0.4493556022644043,-0.045286983251571655,0.30338722467422485,0.3300100564956665,-0.06317209452390671,0.285366415977478,0.2390812635421753,-0.07344360649585724,0.2669363021850586,0.15960316359996796,-0.07449521869421005,0.3739057779312134,0.21130025386810303,-0.039541274309158325,0.29624679684638977,0.2880029082298279,-0.08272632211446762,0.3048636019229889,0.3441520631313324,-0.10043822973966599,0.3333432972431183,0.3288460075855255,-0.10776051133871078,0.4288111627101898,0.23005953431129456,-0.03510202839970589,0.3452886641025543,0.3353685438632965,-0.07718104124069214,0.3453370928764343,0.3925016522407532,-0.08075949549674988,0.3701961040496826,0.36348506808280945,-0.07587210834026337,0.4740055799484253,0.2813013792037964,-0.03847289830446243,0.39886248111724854,0.39058515429496765,-0.0816585123538971,0.3945615887641907,0.44213733077049255,-0.06905418634414673,0.41836193203926086,0.4249916076660156,-0.05205722525715828,0.5103101134300232,0.34172382950782776,-0.046945229172706604,0.45553117990493774,0.4244266152381897,-0.07806563377380371,0.44786182045936584,0.4599226415157318,-0.07528652250766754,0.4679383337497711,0.4478006958961487,-0.06500005722045898
0.40656670928001404,0.5173807144165039,-6.335237685561879e-07,0.33551302552223206,0.47907015681266785,-0.05518041178584099,0.2776027023792267,0.38361790776252747,-0.0819927379488945,0.24203722178936005,0.3078717589378357,-0.09853663295507431,0.2024284303188324,0.23603418469429016,-0.10439308732748032,0.32157933712005615,0.24743089079856873,-0.06985555589199066,0.2762017846107483,0.38864865899086,-0.11937794834375381,0.296110600233078,0.4397871494293213,-0.13558319211006165,0.3248353600502014,0.4085140824317932,-0.14271600544452667,0.38852113485336304,0.25587359070777893,-0.0631013736128807,0.34962162375450134,0.4311867952346802,-0.11270532757043839,0.3567712903022766,0.4817923307418823,-0.11444676667451859,0.3734178841114044,0.43911921977996826,-0.1096109077334404,0.4491627812385559,0.29566434025764465,-0.0635698214173317,0.4127885699272156,0.45894357562065125,-0.11511069536209106,0.41323724389076233,0.5042605996131897,-0.10044702887535095,0.42833027243614197,0.47321003675460815,-0.08260773122310638,0.502049446105957,0.34502631425857544,-0.069679856300354,0.47414788603782654,0.47006210684776306,-0.1087200790643692,0.46106868982315063,0.5061353445053101,-0.10880483686923981,0.46594440937042236,0.48209577798843384,-0.10081465542316437
0.41940465569496155,0.4920363426208496,-5.505359581547964e-07,0.3422960638999939,0.47605252265930176,-0.0809541568160057,0.2727864682674408,0.3982599377632141,-0.12513543665409088,0.233160600066185,0.34290623664855957,-0.15329517424106598,0.18696536123752594,0.28123098611831665,-0.17001713812351227,0.3182288408279419,0.26010748744010925,-0.12770232558250427,0.30321937799453735,0.4147926867008209,-0.19321918487548828,0.3213176131248474,0.4597676992416382,-0.21488210558891296,0.33998340368270874,0.4121478497982025,-0.22634544968605042,0.3935307264328003,0.26163411140441895,-0.11310092359781265,0.3831048011779785,0.4360557198524475,-0.17878293991088867,0.37832537293434143,0.47967100143432617,-0.18001733720302582,0.38067594170570374,0.4153648912906647,-0.17580659687519073,0.46182483434677124,0.2916240990161896,-0.10588343441486359,0.4502735137939453,0.4573954939842224,-0.16707450151443481,0.4310554265975952,0.4933226704597473,-0.14622029662132263,0.430239200592041,0.44273999333381653,-0.12633103132247925,0.5161810517311096,0.3301706612110138,-0.10692842304706573,0.5075172185897827,0.45730265974998474,-0.15583345293998718,0.48640352487564087,0.4891657829284668,-0.15819001197814941,0.48363497853279114,0.4570176303386688,-0.15370671451091766
0.39923614263534546,0.4917605519294739,-5.535525815503206e-07,0.33665990829467773,0.4777066111564636,-0.0711856409907341,0.27424001693725586,0.4047353267669678,-0.11101216077804565,0.23230791091918945,0.34443533420562744,-0.13868610560894012,0.1792048066854477,0.2897159457206726,-0.156314879655838,0.30695080757141113,0.25912022590637207,-0.09597671777009964,0.330281138420105,0.38923802971839905,-0.15962234139442444,0.35085248947143555,0.44193151593208313,-0.18783894181251526,0.35707759857177734,0.413036048412323,-0.203459233045578,0.3739990293979645,0.24482271075248718,-0.08453076332807541,0.4060382544994354,0.39254581928253174,-0.1502750813961029,0.4139302968978882,0.44629913568496704,-0.1627412885427475,0.4113093614578247,0.41688212752342224,-0.16611208021640778,0.43751564621925354,0.2565384805202484,-0.0803813710808754,0.4677916467189789,0.3917614817619324,-0.14733660221099854,0.46268555521965027,0.44584378600120544,-0.14098939299583435,0.4489731788635254,0.421641081571579,-0.12839354574680328,0.4910925626754761,0.2793998718261719,-0.08266579359769821,0.5221438407897949,0.37887370586395264,-0.1329781413078308,0.5095197558403015,0.4290352463722229,-0.13840192556381226,0.49041563272476196,0.41584938764572144,-0.13513457775115967
0.39674243330955505,0.49976056814193726,-6.611898584196751e-07,0.3228572905063629,0.47907257080078125,-0.062488626688718796,0.26233071088790894,0.38509508967399597,-0.09191342443227768,0.2242516279220581,0.2941053807735443,-0.11195778846740723,0.1698632836341858,0.24343949556350708,-0.12312092632055283,0.27421095967292786,0.2645822763442993,-0.05989469587802887,0.3192286193370819,0.2629525363445282,-0.09920991957187653,0.33258935809135437,0.3326494097709656,-0.106834277510643,0.313993901014328,0.3411581516265869,-0.11017362773418427,0.33016863465309143,0.2377818524837494,-0.048368215560913086,0.3780004382133484,0.2536828815937042,-0.09266681224107742,0.38459593057632446,0.34979623556137085,-0.09520124644041061,0.35574501752853394,0.33692336082458496,-0.09092125296592712,0.3870336413383484,0.23479966819286346,-0.04392627254128456,0.4282243251800537,0.2576404809951782,-0.09556937962770462,0.42610955238342285,0.34524622559547424,-0.08433931320905685,0.39583152532577515,0.338833212852478,-0.06916431337594986,0.43854475021362305,0.24490420520305634,-0.044076576828956604,0.4693124294281006,0.2618482708930969,-0.08022567629814148,0.4613736867904663,0.32751864194869995,-0.07565202564001083,0.4337335228919983,0.33187466859817505,-0.06660208106040955
0.40692105889320374,0.5080127716064453,-6.311266247394087e-07,0.3353254497051239,0.507192075252533,-0.059283867478370667,0.2674504518508911,0.40841764211654663,-0.07741400599479675,0.22685910761356354,0.3048625588417053,-0.08665180951356888,0.1865054965019226,0.24906812608242035,-0.08611191064119339,0.2887158989906311,0.3169271945953369,-0.04264892265200615,0.3071913719177246,0.25915464758872986,-0.08368611335754395,0.32535645365715027,0.33754175901412964,-0.09017155319452286,0.3152492940425873,0.3578585386276245,-0.0901179313659668,0.34474262595176697,0.30213016271591187,-0.0306473970413208,0.3682301342487335,0.25016453862190247,-0.08204813301563263,0.377580851316452,0.3542267382144928,-0.0851479098200798,0.355464369058609,0.35878804326057434,-0.07654348760843277,0.39348116517066956,0.29781320691108704,-0.027865126729011536,0.4188980162143707,0.2677680253982544,-0.08543712645769119,0.41758993268013,0.36052024364471436,-0.07580742239952087,0.39189741015434265,0.36273548007011414,-0.0573585219681263,0.438012033700943,0.29888659715652466,-0.02888384833931923,0.4598717987537384,0.2752959728240967,-0.0658954605460167,0.4538979232311249,0.34383687376976013,-0.061233121901750565,0.42940863966941833,0.35837388038635254,-0.05072620511054993
0.41501283645629883,0.5193471908569336,-6.069163873689831e-07,0.3439234495162964,0.5220311880111694,-0.06193246692419052,0.2734813690185547,0.4228273034095764,-0.07994356006383896,0.23260225355625153,0.3187936544418335,-0.08879206329584122,0.1910826712846756,0.2650027275085449,-0.08749518543481827,0.29178211092948914,0.33284685015678406,-0.038482703268527985,0.31374871730804443,0.2708691358566284,-0.0790720209479332,0.33253175020217896,0.34831151366233826,-0.08531713485717773,0.31930381059646606,0.37163498997688293,-0.08451530337333679,0.3462400436401367,0.3189146816730499,-0.024751517921686172,0.37007665634155273,0.26328086853027344,-0.07558467239141464,0.38209331035614014,0.36715006828308105,-0.0788554698228836,0.3579672574996948,0.3729728162288666,-0.06977679580450058,0.3934994339942932,0.31453952193260193,-0.020974988117814064,0.41851261258125305,0.27892136573791504,-0.07796624302864075,0.42083126306533813,0.37222379446029663,-0.06836720556020737,0.3947817385196686,0.37746694684028625,-0.049404677003622055,0.43659064173698425,0.314705491065979,-0.021357499063014984,0.4587489366531372,0.28481268882751465,-0.05752568319439888,0.4554409384727478,0.35325124859809875,-0.05264126881957054,0.43169599771499634,0.3713526725769043,-0.041748400777578354
0.41312161087989807,0.5054317712783813,-4.6235442141551175e-07,0.338772177696228,0.5040412545204163,-0.04117536544799805,0.2611929476261139,0.4244386553764343,-0.05235030874609947,0.21334601938724518,0.3414587080478668,-0.05987023189663887,0.17174549400806427,0.30425548553466797,-0.0603129118680954,0.27190402150154114,0.3427552282810211,-0.010759064927697182,0.2790237367153168,0.27258428931236267,-0.047629326581954956,0.30798351764678955,0.33725038170814514,-0.063041090965271,0.3079833686351776,0.37640494108200073,-0.06782098859548569,0.3223365247249603,0.3266206383705139,-0.004649742040783167,0.32792964577674866,0.26466119289398193,-0.04951103404164314,0.35441654920578003,0.3533567190170288,-0.06099177151918411,0.3422621488571167,0.385267049074173,-0.0578116700053215,0.36965322494506836,0.32081353664398193,-0.006484996527433395,0.3779498338699341,0.26901981234550476,-0.05465444177389145,0.39553582668304443,0.35276854038238525,-0.04773692786693573,0.38054168224334717,0.3852122724056244,-0.030214402824640274,0.4115634560585022,0.32066452503204346,-0.010821315459907055,0.4204823970794678,0.2758759558200836,-0.03766995668411255,0.42770713567733765,0.3332309126853943,-0.02793186530470848,0.41355231404304504,0.36336567997932434,-0.013548706658184528
0.412658154964447,0.5234779715538025,-5.63097501071752e-07,0.3382841646671295,0.5160411596298218,-0.034594375640153885,0.26005029678344727,0.4363182783126831,-0.041779592633247375,0.214384526014328,0.35723522305488586,-0.04768073186278343,0.17484840750694275,0.32142868638038635,-0.04642688110470772,0.2739526033401489,0.35852134227752686,-0.001854458823800087,0.2711952030658722,0.2852368950843811,-0.043996501713991165,0.30222296714782715,0.3519386947154999,-0.06368456780910492,0.30748340487480164,0.3904467821121216,-0.06976673752069473,0.3246329426765442,0.34391093254089355,-0.00042680162005126476,0.3264538049697876,0.2723640203475952,-0.049806587398052216,0.35403209924697876,0.36463093757629395,-0.062679223716259,0.3451988995075226,0.39754757285118103,-0.058527689427137375,0.370697021484375,0.3375866711139679,-0.0076478407718241215,0.3769368529319763,0.2822251319885254,-0.058532100170850754,0.39340806007385254,0.3692491948604584,-0.051720406860113144,0.3788835406303406,0.39898836612701416,-0.03294677287340164,0.41146671772003174,0.33620643615722656,-0.01734207756817341,0.4209809899330139,0.2911543846130371,-0.04366917535662651,0.42855304479599,0.35000985860824585,-0.032880038022994995,0.4178012013435364,0.37744104862213135,-0.017266523092985153
0.42407071590423584,0.5023517608642578,-5.314207101037027e-07,0.35569673776626587,0.48905980587005615,-0.024489881470799446,0.2854043245315552,0.41744768619537354,-0.029285794124007225,0.2461281716823578,0.34625500440597534,-0.03434951603412628,0.214530348777771,0.3061355948448181,-0.034136224538087845,0.3018982410430908,0.34322795271873474,0.0030767370481044054,0.29896044731140137,0.2807841897010803,-0.033707793802022934,0.3236142694950104,0.3381708860397339,-0.052955321967601776,0.3296428918838501,0.37445932626724243,-0.059460584074258804,0.3485170006752014,0.3330460488796234,0.0009365965379402041,0.34839507937431335,0.27174854278564453,-0.03959106653928757,0.36998817324638367,0.3530539572238922,-0.050954774022102356,0.36538541316986084,0.38601547479629517,-0.047900378704071045,0.39168018102645874,0.3294578194618225,-0.008342152461409569,0.3945867419242859,0.27967479825019836,-0.04960919916629791,0.4075669050216675,0.3573286533355713,-0.04190487042069435,0.39922598004341125,0.3878386616706848,-0.02493206225335598,0.4316025376319885,0.3318188786506653,-0.019483910873532295,0.4357059597969055,0.2903040051460266,-0.04028917849063873,0.4418359696865082,0.34381982684135437,-0.028248606249690056,0.435719758272171,0.3704032301902771,-0.01287542562931776
0.44538578391075134,0.5292434692382812,-5.368774509406649e-07,0.3857932388782501,0.5173699855804443,-0.020818088203668594,0.33208075165748596,0.44997814297676086,-0.02440589666366577,0.30369871854782104,0.38220101594924927,-0.028448184952139854,0.27708932757377625,0.3437694013118744,-0.027767745777964592,0.34655997157096863,0.38391414284706116,0.004657697398215532,0.3424249589443207,0.3317635953426361,-0.025223245844244957,0.3630140721797943,0.3827812969684601,-0.039384786039590836,0.3707151412963867,0.41192424297332764,-0.04345398768782616,0.38605985045433044,0.37416866421699524,0.0028913544956594706,0.3854807913303375,0.3245786726474762,-0.029619507491588593,0.40104740858078003,0.3962925672531128,-0.037064824253320694,0.4000053107738495,0.4210560619831085,-0.03344659134745598,0.42237892746925354,0.3721708059310913,-0.005366548430174589,0.4250950217247009,0.33117228746414185,-0.03980957716703415,0.4328266680240631,0.4005449414253235,-0.03221529349684715,0.42812231183052063,0.4245070219039917,-0.017408892512321472,0.4568493664264679,0.37557607889175415,-0.015386098995804787,0.4610358774662018,0.33792802691459656,-0.03296671435236931,0.4631301760673523,0.3870292603969574,-0.022873442620038986,0.4577736556529999,0.4102794826030731,-0.010164530947804451
0.46360793709754944,0.5226653814315796,-4.3836459440171893e-07,0.4136498272418976,0.5197916030883789,-0.02259369008243084,0.364275187253952,0.4625198245048523,-0.02771594747900963,0.3389195501804352,0.40220382809638977,-0.03184274584054947,0.3162130117416382,0.3672635853290558,-0.03151489794254303,0.3780912458896637,0.4041615426540375,-0.004552552942186594,0.37819617986679077,0.3579663932323456,-0.03271467238664627,0.3952377140522003,0.4072853922843933,-0.0448831245303154,0.39856570959091187,0.43251287937164307,-0.048408932983875275,0.4123978912830353,0.39656421542167664,-0.004563771653920412,0.41568824648857117,0.35180896520614624,-0.035649821162223816,0.4283221662044525,0.4164644777774811,-0.041996899992227554,0.4228505492210388,0.43574368953704834,-0.038407716900110245,0.4437556266784668,0.39456456899642944,-0.010310155339539051,0.4501057267189026,0.3605611026287079,-0.04278920218348503,0.456483393907547,0.420857310295105,-0.03650461882352829,0.4477250874042511,0.4365633428096771,-0.023743711411952972,0.4730408489704132,0.39583200216293335,-0.017769593745470047,0.4799572825431824,0.3660997152328491,-0.03505565598607063,0.48269590735435486,0.40815746784210205,-0.027113167569041252,0.47598740458488464,0.42540982365608215,-0.016577571630477905
0.46300745010375977,0.5103996992111206,-3.637161967162683e-07,0.4185069799423218,0.503333330154419,-0.021121062338352203,0.37517255544662476,0.45527470111846924,-0.026873620226979256,0.3512011468410492,0.4034338891506195,-0.03160547465085983,0.3303944170475006,0.3707513213157654,-0.03226839751005173,0.38793355226516724,0.4025244116783142,-0.004879203625023365,0.38710007071495056,0.36243587732315063,-0.02988913282752037,0.40252411365509033,0.4049934148788452,-0.0408918596804142,0.4053766429424286,0.4262941777706146,-0.044452983886003494,0.41873085498809814,0.3961285352706909,-0.004597337916493416,0.4203077554702759,0.3571457266807556,-0.03231680020689964,0.4315422773361206,0.4135987162590027,-0.0386301651597023,0.4253653585910797,0.42941558361053467,-0.03628244623541832,0.4472184479236603,0.3948495090007782,-0.009355291724205017,0.45208609104156494,0.3646586537361145,-0.03897709771990776,0.45722922682762146,0.4180896580219269,-0.03381272032856941,0.44843044877052307,0.4319764971733093,-0.0227944515645504,0.4740798771381378,0.39690253138542175,-0.015612312592566013,0.4796992242336273,0.3700866997241974,-0.032130587846040726,0.48155757784843445,0.4068864583969116,-0.025399409234523773,0.47456637024879456,0.4222697913646698,-0.01614556461572647
0.45788323879241943,0.5056703090667725,-3.6368220435178955e-07,0.4136297106742859,0.5011010766029358,-0.020587624981999397,0.3718310296535492,0.4519047439098358,-0.02599303610622883,0.35039326548576355,0.3987542986869812,-0.03042500838637352,0.33018380403518677,0.3675172030925751,-0.030908457934856415,0.3859008252620697,0.39974841475486755,-0.004755028057843447,0.3850543797016144,0.3600364327430725,-0.030015168711543083,0.3994237184524536,0.40387028455734253,-0.041253283619880676,0.40286630392074585,0.4254092872142792,-0.044913023710250854,0.41609010100364685,0.3937435448169708,-0.0047762091271579266,0.41756707429885864,0.3550448715686798,-0.032415855675935745,0.4274483025074005,0.4123278856277466,-0.0383986197412014,0.42264822125434875,0.42729970812797546,-0.03573885187506676,0.4439408481121063,0.39310866594314575,-0.009908447973430157,0.4485049247741699,0.36381083726882935,-0.038784440606832504,0.45224863290786743,0.41660362482070923,-0.03348663076758385,0.44432586431503296,0.428426057100296,-0.0225742869079113,0.47008946537971497,0.39545390009880066,-0.016616681590676308,0.47596821188926697,0.3711247444152832,-0.03244946897029877,0.4763229787349701,0.4077169895172119,-0.025888295844197273,0.46933311223983765,0.4212768077850342,-0.016965044662356377
0.46391531825065613,0.5070488452911377,-3.814479612174182e-07,0.4212394058704376,0.49677225947380066,-0.016081679612398148,0.38123148679733276,0.4417639672756195,-0.018860653042793274,0.3634990453720093,0.3898679316043854,-0.021320225670933723,0.34633031487464905,0.3595997989177704,-0.020503655076026917,0.39624395966529846,0.3920256495475769,-0.0009661885560490191,0.39724335074424744,0.35459184646606445,-0.02349596656858921,0.40828263759613037,0.39475199580192566,-0.03429252654314041,0.41108158230781555,0.41687893867492676,-0.037714313715696335,0.42770376801490784,0.3885672390460968,-0.002425776096060872,0.4295828342437744,0.35189032554626465,-0.026343191042542458,0.43663284182548523,0.40608325600624084,-0.030724117532372475,0.434821218252182,0.4243820309638977,-0.02709577977657318,0.4562722444534302,0.39167720079421997,-0.008486941456794739,0.4591735005378723,0.36599352955818176,-0.03330535814166069,0.4609036445617676,0.4155128300189972,-0.026818137615919113,0.45628124475479126,0.43013861775398254,-0.015624769032001495,0.4829098582267761,0.39841535687446594,-0.015862146392464638,0.4851236045360565,0.3735335171222687,-0.028384922072291374,0.484362930059433,0.40908336639404297,-0.01978726126253605,0.48038721084594727,0.42421236634254456,-0.009739313274621964
0.4669218957424164,0.5290008187294006,-3.901680827311793e-07,0.4235866367816925,0.5052185654640198,-0.013585471548140049,0.3947673439979553,0.4444882273674011,-0.016836758702993393,0.3862142562866211,0.3914693593978882,-0.020948639139533043,0.3733067512512207,0.35651642084121704,-0.021748559549450874,0.4168373942375183,0.39832574129104614,0.0010010097175836563,0.4119201898574829,0.3586226999759674,-0.02206999808549881,0.4185258150100708,0.4040316939353943,-0.032108861953020096,0.4243462085723877,0.43067115545272827,-0.03438785672187805,0.4464222490787506,0.39889276027679443,-0.0018135160207748413,0.4438078999519348,0.35987982153892517,-0.024820510298013687,0.44473984837532043,0.4164946973323822,-0.027359280735254288,0.4479798376560211,0.4333024024963379,-0.022155120968818665,0.47468990087509155,0.4067195951938629,-0.009323266334831715,0.4725678861141205,0.37871551513671875,-0.033532653003931046,0.4677829444408417,0.4311348497867584,-0.02531621605157852,0.46843206882476807,0.44493988156318665,-0.01256738044321537,0.5029165148735046,0.41867902874946594,-0.018143292516469955,0.5006827116012573,0.392375111579895,-0.030436454340815544,0.4936167895793915,0.42682817578315735,-0.021372485905885696,0.49309366941452026,0.4403139352798462,-0.01061194110661745
0.46323350071907043,0.5297725796699524,-4.1687911789267673e-07,0.42118364572525024,0.4971756637096405,-0.009880895726382732,0.3972527086734772,0.435806006193161,-0.012170582078397274,0.393509179353714,0.38455575704574585,-0.016105473041534424,0.3860832154750824,0.3474307656288147,-0.016581661999225616,0.4229845106601715,0.3871581554412842,0.005311753135174513,0.4138309955596924,0.35027632117271423,-0.01736094057559967,0.4181266129016876,0.3978583812713623,-0.02742650732398033,0.4255789518356323,0.4228646755218506,-0.029756950214505196,0.4505070447921753,0.39067158102989197,0.0007144346600398421,0.4440006911754608,0.35311800241470337,-0.02252131700515747,0.4425489008426666,0.4103488326072693,-0.024699043482542038,0.4489457309246063,0.42683377861976624,-0.01867937296628952,0.47722387313842773,0.4015618860721588,-0.008397256024181843,0.47051531076431274,0.37395480275154114,-0.03257293999195099,0.4650358259677887,0.4275403916835785,-0.02330409549176693,0.4700406789779663,0.44073808193206787,-0.009333526715636253,0.5046278834342957,0.41716116666793823,-0.01860734261572361,0.4966214597225189,0.39164456725120544,-0.030585702508687973,0.48808553814888,0.4267609417438507,-0.020549632608890533,0.4905437231063843,0.44008463621139526,-0.008657298050820827
0.46312886476516724,0.5316822528839111,-4.2135971511925163e-07,0.4200226962566376,0.4997459650039673,-0.0108251441270113,0.3960410952568054,0.4375256597995758,-0.01375563070178032,0.392444372177124,0.38455629348754883,-0.018266547471284866,0.3847307562828064,0.34734487533569336,-0.01907125487923622,0.42353716492652893,0.38703620433807373,0.004476750735193491,0.4131309390068054,0.3498774468898773,-0.01895965449512005,0.4173623323440552,0.39933961629867554,-0.029013168066740036,0.42519479990005493,0.42314884066581726,-0.03138405457139015,0.45129290223121643,0.3911200761795044,0.00018993376579601318,0.4433346688747406,0.3534388244152069,-0.024123528972268105,0.4411633312702179,0.412992388010025,-0.02599833533167839,0.4488392770290375,0.42742258310317993,-0.019598254933953285,0.4778680205345154,0.4026370644569397,-0.008789712563157082,0.4699573218822479,0.3741203248500824,-0.03392421454191208,0.46342194080352783,0.4297497868537903,-0.023735269904136658,0.4699510335922241,0.4410754442214966,-0.008982150815427303,0.5052183270454407,0.4181954860687256,-0.019018838182091713,0.4962775707244873,0.3932410180568695,-0.03140651062130928,0.48665234446525574,0.4291277527809143,-0.02108517847955227,0.4900098145008087,0.4410373866558075,-0.008924774825572968
0.44942235946655273,0.5284196138381958,-4.257304340171686e-07,0.41682735085487366,0.4884392321109772,-0.009728054516017437,0.4025091528892517,0.4245957136154175,-0.012864085845649242,0.40215209126472473,0.37655511498451233,-0.01723272167146206,0.40317779779434204,0.3383846580982208,-0.01770431362092495,0.44241607189178467,0.35909590125083923,0.0072191315703094006,0.41062289476394653,0.35345807671546936,-0.013663684017956257,0.4099378287792206,0.3943353593349457,-0.024240070953965187,0.41953468322753906,0.4048232138156891,-0.028295209631323814,0.4652274549007416,0.3656793236732483,0.0027662627398967743,0.4281946122646332,0.3710661232471466,-0.01677773706614971,0.42595720291137695,0.42014360427856445,-0.017611732706427574,0.4384751319885254,0.4228012263774872,-0.013057546690106392,0.48547524213790894,0.3847363293170929,-0.006367008667439222,0.44956061244010925,0.39658239483833313,-0.027139363810420036,0.44423672556877136,0.4418116807937622,-0.017753498628735542,0.45604950189590454,0.4423716068267822,-0.006166874896734953,0.5022011399269104,0.4112393260002136,-0.017298171296715736,0.4717665910720825,0.41914936900138855,-0.027673276141285896,0.46348533034324646,0.44941335916519165,-0.019946875050663948,0.4722009599208832,0.452998548746109,-0.0105386171489954
0.4542795717716217,0.516716480255127,-4.050708639624645e-07,0.4244920313358307,0.48081085085868835,-0.006256634835153818,0.4131217300891876,0.4195499122142792,-0.008282842114567757,0.417483925819397,0.3743474781513214,-0.012164662592113018,0.42517855763435364,0.3439500331878662,-0.01199877168983221,0.45065784454345703,0.35646185278892517,0.008248857222497463,0.4211738109588623,0.3394501805305481,-0.013159090653061867,0.41895976662635803,0.3790473937988281,-0.023290816694498062,0.42713433504104614,0.3981761634349823,-0.026326993480324745,0.4745246171951294,0.3618577718734741,0.0028205791022628546,0.4387179911136627,0.36430129408836365,-0.016155341640114784,0.4350999593734741,0.41312721371650696,-0.016209445893764496,0.4482700526714325,0.417987585067749,-0.01083082240074873,0.4945939779281616,0.38130131363868713,-0.007072284817695618,0.4599742591381073,0.39225536584854126,-0.026172436773777008,0.4528667628765106,0.4354151785373688,-0.01611301675438881,0.46475061774253845,0.4372435212135315,-0.004273448139429092,0.5101840496063232,0.4081958532333374,-0.018597105517983437,0.48091012239456177,0.41573038697242737,-0.028293855488300323,0.4716472029685974,0.4443418085575104,-0.020785557106137276,0.4799814820289612,0.44875428080558777,-0.011433466337621212
0.4553234279155731,0.5328630805015564,-4.637820723019104e-07,0.42365941405296326,0.486827552318573,-0.005740554537624121,0.41239920258522034,0.4226325452327728,-0.008227754384279251,0.41572409868240356,0.376549631357193,-0.013437687419354916,0.4190613031387329,0.34188079833984375,-0.014459035359323025,0.4535064697265625,0.3568713068962097,0.009907773695886135,0.4195336699485779,0.337358295917511,-0.013043539598584175,0.4154960513114929,0.38093101978302,-0.02343078702688217,0.42607131600379944,0.39910489320755005,-0.026423921808600426,0.475940078496933,0.3638169765472412,0.0029609675984829664,0.43583011627197266,0.36401939392089844,-0.018336333334445953,0.43151527643203735,0.41573306918144226,-0.018549712374806404,0.4460597336292267,0.41936948895454407,-0.012988665141165257,0.4955376982688904,0.3842970132827759,-0.008765949867665768,0.4559905529022217,0.39275088906288147,-0.030793076381087303,0.44917309284210205,0.44061505794525146,-0.020518692210316658,0.46346402168273926,0.44243669509887695,-0.0079594561830163,0.5108750462532043,0.41230788826942444,-0.02203943021595478,0.4780127704143524,0.4147215783596039,-0.03257083147764206,0.46795663237571716,0.44613930583000183,-0.024142097681760788,0.4780438542366028,0.45151424407958984,-0.014001093804836273
0.45210450887680054,0.5264845490455627,-3.958917602631118e-07,0.4151018261909485,0.48362085223197937,-0.018575496971607208,0.3966846168041229,0.4162788391113281,-0.024917881935834885,0.3911917209625244,0.36531442403793335,-0.029645446687936783,0.37981218099594116,0.3254219889640808,-0.030299052596092224,0.4391650855541229,0.3511974811553955,-0.00421282509341836,0.41694504022598267,0.36996084451675415,-0.02463526651263237,0.4201875925064087,0.4111490845680237,-0.035861313343048096,0.43260160088539124,0.41566282510757446,-0.04158966615796089,0.4696310758590698,0.3590204119682312,-0.004296689759939909,0.44565707445144653,0.3879966735839844,-0.02378063090145588,0.4426048696041107,0.4315281808376312,-0.026735452935099602,0.4530010521411896,0.4286934733390808,-0.025179171934723854,0.494845986366272,0.3819259703159332,-0.008827965706586838,0.4733859598636627,0.4097505807876587,-0.030067378655076027,0.4655455946922302,0.44702017307281494,-0.0232548750936985,0.4732065498828888,0.4426003396511078,-0.014384332112967968,0.5163528323173523,0.40963059663772583,-0.015656260773539543,0.5004332065582275,0.4292782247066498,-0.027350611984729767,0.4885839819908142,0.4553350508213043,-0.021753057837486267,0.4917553961277008,0.4539104402065277,-0.014362931251525879
0.4557678997516632,0.5213404893875122,-3.6459701391322596e-07,0.41741669178009033,0.49592140316963196,-0.029302967712283134,0.39260461926460266,0.43525537848472595,-0.042029980570077896,0.3814052641391754,0.38312506675720215,-0.05020304024219513,0.36273276805877686,0.34331923723220825,-0.053345225751399994,0.41905757784843445,0.35437485575675964,-0.02450603060424328,0.42192837595939636,0.39262714982032776,-0.047238755971193314,0.426638662815094,0.4284478425979614,-0.056098174303770065,0.4289172291755676,0.42257124185562134,-0.060900263488292694,0.45516157150268555,0.35384562611579895,-0.020497865974903107,0.45909133553504944,0.4050576090812683,-0.04399781674146652,0.4533570110797882,0.4486853778362274,-0.0473981611430645,0.45083218812942505,0.43617552518844604,-0.04643361642956734,0.4872976839542389,0.37095341086387634,-0.020605722442269325,0.491083562374115,0.42438799142837524,-0.0472094900906086,0.4783025085926056,0.46100690960884094,-0.04282220080494881,0.47189727425575256,0.448003351688385,-0.035935305058956146,0.514159083366394,0.39589354395866394,-0.023414425551891327,0.5184389352798462,0.4361550807952881,-0.043240986764431,0.5038225054740906,0.4636814296245575,-0.04305699095129967,0.4944020211696625,0.4555920660495758,-0.03925471380352974
0.4561789333820343,0.5164555311203003,-3.8211348396544054e-07,0.4184828996658325,0.4920860528945923,-0.03080551140010357,0.39287427067756653,0.43196940422058105,-0.043438997119665146,0.37998881936073303,0.3805113434791565,-0.05088924244046211,0.3598071038722992,0.3410365879535675,-0.05291138216853142,0.41749680042266846,0.3490252196788788,-0.026428161188960075,0.42131853103637695,0.390541672706604,-0.04769670218229294,0.42696613073349,0.4271519184112549,-0.05473342910408974,0.42920172214508057,0.420160710811615,-0.05856913700699806,0.45450809597969055,0.3470708429813385,-0.021428856998682022,0.4581325948238373,0.40123623609542847,-0.04482853412628174,0.4535180628299713,0.4441239535808563,-0.04814262315630913,0.45175522565841675,0.4316297471523285,-0.04714963957667351,0.4875052273273468,0.36327847838401794,-0.020359627902507782,0.4909582734107971,0.4185628294944763,-0.04681617394089699,0.47984153032302856,0.45639732480049133,-0.04219363257288933,0.47497525811195374,0.44538915157318115,-0.03502770513296127,0.5152109265327454,0.3873649537563324,-0.022111639380455017,0.5196018218994141,0.4291568696498871,-0.04214714467525482,0.5057201981544495,0.4569311738014221,-0.04222895950078964,0.49667781591415405,0.4500489830970764,-0.03845473378896713
0.45055609941482544,0.5078969597816467,-3.7287767895577417e-07,0.4141305088996887,0.486587256193161,-0.0291617251932621,0.386313796043396,0.4336569905281067,-0.043738849461078644,0.37410449981689453,0.385913223028183,-0.053609419614076614,0.3543715178966522,0.3468932807445526,-0.05826449394226074,0.4093489646911621,0.3499446213245392,-0.028183741495013237,0.4208548069000244,0.397373229265213,-0.051740504801273346,0.42681950330734253,0.43408551812171936,-0.06172524392604828,0.42682841420173645,0.42933568358421326,-0.06790187954902649,0.44592201709747314,0.34420791268348694,-0.02523813769221306,0.45857885479927063,0.40114229917526245,-0.0492853969335556,0.4563526213169098,0.4418591558933258,-0.05451064184308052,0.4520789384841919,0.4296877980232239,-0.056003618985414505,0.4792715609073639,0.3563745617866516,-0.02585339918732643,0.4919675886631012,0.411931574344635,-0.05290444940328598,0.48347824811935425,0.4474993348121643,-0.049795977771282196,0.4740474820137024,0.4348220229148865,-0.04459526389837265,0.5078756809234619,0.37710726261138916,-0.029133513569831848,0.5200071930885315,0.417471706867218,-0.050046950578689575,0.5081450939178467,0.44474396109580994,-0.050795964896678925,0.49534451961517334,0.436672180891037,-0.04807613044977188
0.4154612123966217,0.5063748359680176,-3.5691797961590055e-07,0.3859875798225403,0.49082493782043457,-0.03428703546524048,0.3631337583065033,0.4492027163505554,-0.05434846505522728,0.3526991605758667,0.4104401767253876,-0.0691889151930809,0.3319094181060791,0.38128313422203064,-0.07955694198608398,0.3849903345108032,0.3634386956691742,-0.03957800939679146,0.41368812322616577,0.40146511793136597,-0.06763516366481781,0.41377130150794983,0.44078758358955383,-0.080133356153965,0.403125524520874,0.444795161485672,-0.08681239187717438,0.42057618498802185,0.3541508913040161,-0.03489452600479126,0.44920891523361206,0.39721736311912537,-0.059962645173072815,0.4439547061920166,0.44212016463279724,-0.0642940029501915,0.43180161714553833,0.4406849443912506,-0.06550734490156174,0.4516576826572418,0.36348021030426025,-0.03407750651240349,0.4771426320075989,0.4028259813785553,-0.06135846674442291,0.4680623412132263,0.4428308308124542,-0.05763309448957443,0.45289352536201477,0.4405667185783386,-0.051888976246118546,0.47807562351226807,0.3812710642814636,-0.03619232028722763,0.4998989701271057,0.4068896174430847,-0.055055536329746246,0.4902058243751526,0.4368533790111542,-0.05364091694355011,0.4749670922756195,0.43714219331741333,-0.04975412040948868
0.41725870966911316,0.5017719268798828,-3.2251907100544486e-07,0.3838854432106018,0.49323591589927673,-0.04817768186330795,0.35972365736961365,0.4567282795906067,-0.07531401515007019,0.35278263688087463,0.4171150028705597,-0.09370701760053635,0.3338470160961151,0.38540780544281006,-0.10579588264226913,0.37978652119636536,0.36134159564971924,-0.06016059219837189,0.4179747998714447,0.41144508123397827,-0.09164271503686905,0.41454634070396423,0.4487088620662689,-0.10200756043195724,0.39906591176986694,0.4439162611961365,-0.1076316088438034,0.4149058759212494,0.3472205400466919,-0.04908560961484909,0.4527782201766968,0.40752434730529785,-0.08102018386125565,0.44397303462028503,0.4506266713142395,-0.08372990787029266,0.4294760525226593,0.4405405521392822,-0.08324448764324188,0.44654402136802673,0.3519098460674286,-0.04258063808083534,0.47795116901397705,0.4085843563079834,-0.07474086433649063,0.4665718376636505,0.4462847113609314,-0.07016316801309586,0.4512861669063568,0.4377668797969818,-0.06385479122400284,0.47382935881614685,0.365744411945343,-0.04038494452834129,0.49809104204177856,0.4076557159423828,-0.06523787975311279,0.4877224564552307,0.4372066557407379,-0.06848258525133133,0.472546249628067,0.4321330487728119,-0.0675993263721466
0.4142337143421173,0.5040556788444519,-2.5961003302654717e-07,0.38444796204566956,0.48873570561408997,-0.03919808194041252,0.36130088567733765,0.45175036787986755,-0.061434656381607056,0.35365521907806396,0.40680423378944397,-0.0772160217165947,0.3334757089614868,0.3714420795440674,-0.08818981796503067,0.3736221194267273,0.35524827241897583,-0.042137667536735535,0.41061118245124817,0.3735181987285614,-0.07269445806741714,0.4169386029243469,0.41322407126426697,-0.08914121985435486,0.40857675671577454,0.4323592185974121,-0.09730151295661926,0.405712366104126,0.3434596061706543,-0.033344440162181854,0.44052553176879883,0.3704960346221924,-0.06103700026869774,0.44333547353744507,0.42163586616516113,-0.06756087392568588,0.4330674707889557,0.43873080611228943,-0.06870236992835999,0.43471741676330566,0.3464517593383789,-0.02883157879114151,0.46719035506248474,0.37434330582618713,-0.05762696638703346,0.46423500776290894,0.4209432303905487,-0.053639139980077744,0.45089104771614075,0.4365979731082916,-0.045824579894542694,0.45999595522880554,0.3587803244590759,-0.027583368122577667,0.4854796826839447,0.3725672662258148,-0.047403812408447266,0.4806205928325653,0.4075341522693634,-0.04483234882354736,0.466405987739563,0.42129582166671753,-0.03859753534197807
0.4120628535747528,0.4838978350162506,-2.9746973950750544e-07,0.372356116771698,0.482563853263855,-0.03845176100730896,0.3339219391345978,0.42819133400917053,-0.05094793811440468,0.31340062618255615,0.3703062832355499,-0.05767636373639107,0.2901580333709717,0.3356814980506897,-0.05896155908703804,0.3450256884098053,0.3595309257507324,-0.02156084217131138,0.3713296353816986,0.32873329520225525,-0.05038980767130852,0.37664344906806946,0.37581709027290344,-0.06368599832057953,0.36530959606170654,0.3944837152957916,-0.06901673972606659,0.3749595880508423,0.3526020646095276,-0.011908791027963161,0.3987366557121277,0.3181455731391907,-0.045245181769132614,0.4020657539367676,0.37773966789245605,-0.05224974453449249,0.388123482465744,0.39407750964164734,-0.049199823290109634,0.3998032212257385,0.353156179189682,-0.0082931499928236,0.42194634675979614,0.3312353193759918,-0.043344803154468536,0.4223472774028778,0.3847293555736542,-0.040124036371707916,0.40856507420539856,0.39735323190689087,-0.028832105919718742,0.4223403036594391,0.3578241169452667,-0.007209166418761015,0.438052773475647,0.33959856629371643,-0.028155263513326645,0.436515748500824,0.3773435652256012,-0.02499612420797348,0.4228705167770386,0.39073804020881653,-0.017176209017634392
0.4147177040576935,0.4921071231365204,-2.9237725129860337e-07,0.3729014992713928,0.49177706241607666,-0.041574157774448395,0.3328489661216736,0.43436774611473083,-0.05478925257921219,0.3107408285140991,0.3737008571624756,-0.06157262250781059,0.28432318568229675,0.3397907018661499,-0.06260611861944199,0.3417527675628662,0.36873847246170044,-0.022519951686263084,0.371891587972641,0.3374043107032776,-0.05234542489051819,0.37665557861328125,0.3851030766963959,-0.06522529572248459,0.36302030086517334,0.4026184380054474,-0.07004474103450775,0.3721695840358734,0.3598168194293976,-0.01133633777499199,0.3989483714103699,0.324533075094223,-0.04624618962407112,0.40273335576057434,0.3867204785346985,-0.05287151411175728,0.38765445351600647,0.4006141424179077,-0.04919882491230965,0.39811813831329346,0.3589395582675934,-0.006621039938181639,0.4224705398082733,0.33676469326019287,-0.043122850358486176,0.4233817756175995,0.39194294810295105,-0.03925502300262451,0.40906965732574463,0.4027352035045624,-0.027260029688477516,0.4217434227466583,0.36204639077186584,-0.004664185456931591,0.43829023838043213,0.34410005807876587,-0.026061682030558586,0.43713217973709106,0.38284367322921753,-0.022726012393832207,0.42352330684661865,0.39456093311309814,-0.014766610227525234
0.38782209157943726,0.4931117296218872,-4.010966563328111e-07,0.34226194024086,0.4871498644351959,-0.03272638097405434,0.29814162850379944,0.42603206634521484,-0.041986655443906784,0.27845677733421326,0.36395296454429626,-0.0468723401427269,0.2559863328933716,0.3266194462776184,-0.04640573635697365,0.31633055210113525,0.34941133856773376,-0.012120663188397884,0.3437950909137726,0.33406558632850647,-0.04193851351737976,0.3446553647518158,0.38107407093048096,-0.057523198425769806,0.3308604061603546,0.3916979134082794,-0.06541498750448227,0.34958192706108093,0.34491997957229614,-0.007110048085451126,0.3735065460205078,0.33156618475914,-0.040450550615787506,0.3719824254512787,0.3901960551738739,-0.04837394878268242,0.3580903112888336,0.39657166600227356,-0.047300636768341064,0.3786293566226959,0.3488035202026367,-0.00872381404042244,0.4000527560710907,0.34307900071144104,-0.042425163090229034,0.39552056789398193,0.39416274428367615,-0.03865717351436615,0.38014736771583557,0.39683908224105835,-0.02906676009297371,0.40611833333969116,0.35514035820961,-0.013112211599946022,0.42120909690856934,0.35194647312164307,-0.033319298177957535,0.4141762852668762,0.39267250895500183,-0.030678950250148773,0.39837780594825745,0.39921170473098755,-0.024490676820278168
0.343308687210083,0.4952797293663025,-3.764957625662646e-07,0.2820185124874115,0.5050110816955566,-0.04555926099419594,0.21373417973518372,0.42571529746055603,-0.05443030968308449,0.1797783076763153,0.34535229206085205,-0.05609589070081711,0.15629254281520844,0.30125692486763,-0.05016303434967995,0.23123936355113983,0.34650373458862305,-0.024623265489935875,0.23850873112678528,0.29071497917175293,-0.060650069266557693,0.2612841725349426,0.3509746789932251,-0.07380858063697815,0.2620285153388977,0.37841033935546875,-0.07736179977655411,0.27857956290245056,0.33229732513427734,-0.014295434579253197,0.2875135838985443,0.2800523042678833,-0.05657559633255005,0.3078978359699249,0.365825891494751,-0.06218411773443222,0.30104750394821167,0.3868129551410675,-0.05462842434644699,0.3217319846153259,0.33125582337379456,-0.011867291294038296,0.33826878666877747,0.3018980026245117,-0.056901007890701294,0.34649166464805603,0.3786683678627014,-0.048796892166137695,0.33331769704818726,0.3930414617061615,-0.031107185408473015,0.36109820008277893,0.3354404866695404,-0.01243637129664421,0.3762524724006653,0.3101099133491516,-0.03930790349841118,0.37716516852378845,0.3646695911884308,-0.03198280557990074,0.36396002769470215,0.38242408633232117,-0.019308412447571754
0.3854694366455078,0.4893720746040344,-6.632755003010971e-07,0.30469679832458496,0.49459803104400635,-0.05380157381296158,0.22064535319805145,0.3882623314857483,-0.06548570096492767,0.1742323487997055,0.27995315194129944,-0.07098957151174545,0.13315878808498383,0.21807798743247986,-0.06770624220371246,0.24155020713806152,0.29718083143234253,-0.02077711746096611,0.25470009446144104,0.21990391612052917,-0.07057903707027435,0.2798313498497009,0.3014206290245056,-0.09037654101848602,0.2783827781677246,0.3392940163612366,-0.0965724065899849,0.3002902865409851,0.2848837971687317,-0.013077565468847752,0.31424978375434875,0.2154569923877716,-0.06805385649204254,0.3322606086730957,0.32395482063293457,-0.0769542008638382,0.31869733333587646,0.3462181091308594,-0.06977057456970215,0.3538372814655304,0.28480786085128784,-0.016758348792791367,0.3713088929653168,0.23949870467185974,-0.07563837617635727,0.3790867328643799,0.34210020303726196,-0.0659184604883194,0.35979658365249634,0.35961422324180603,-0.04474693909287453,0.4038030505180359,0.28963273763656616,-0.024434838443994522,0.416109174489975,0.25603342056274414,-0.058545976877212524,0.4177812337875366,0.33239641785621643,-0.048936713486909866,0.40015944838523865,0.35788819193840027,-0.03365461155772209
0.27332842350006104,0.5014432668685913,-6.442685389629332e-07,0.16610179841518402,0.5136685967445374,-0.05631503090262413,0.05268481373786926,0.40768373012542725,-0.07258933782577515,0.01446029543876648,0.29397377371788025,-0.08157146722078323,0.010856568813323975,0.20895037055015564,-0.07911980897188187,0.08475549519062042,0.2282048463821411,-0.03068118542432785,0.07487557828426361,0.1806751936674118,-0.09072193503379822,0.1066448986530304,0.27627503871917725,-0.11232854425907135,0.1234571635723114,0.3103744089603424,-0.11775162816047668,0.1635221242904663,0.20388537645339966,-0.02804810181260109,0.15432366728782654,0.15470817685127258,-0.09095610678195953,0.1765187382698059,0.2908756732940674,-0.09116536378860474,0.18586012721061707,0.3100074827671051,-0.07441491633653641,0.24146915972232819,0.21023300290107727,-0.03815478831529617,0.23564237356185913,0.18714265525341034,-0.10091038048267365,0.2428121566772461,0.3107012212276459,-0.07505550235509872,0.24414734542369843,0.3174092471599579,-0.042555972933769226,0.31774604320526123,0.23136474192142487,-0.05356547608971596,0.3079410195350647,0.2167041301727295,-0.0886964350938797,0.3014514744281769,0.31272464990615845,-0.06750882416963577,0.29686009883880615,0.3294714391231537,-0.04247283935546875
0.24793052673339844,0.5463575124740601,-1.2325100442467374e-06,0.12532439827919006,0.567424476146698,-0.06638078391551971,-0.01185964047908783,0.46931368112564087,-0.07548055797815323,-0.08456087112426758,0.36721333861351013,-0.07620859891176224,-0.11542290449142456,0.30170613527297974,-0.06092805787920952,-0.011068031191825867,0.24535039067268372,-0.02012859284877777,-0.023543253540992737,0.15207868814468384,-0.09845363348722458,0.017422035336494446,0.27483069896698,-0.12044729292392731,0.0395074188709259,0.3403289020061493,-0.11977557837963104,0.08648134022951126,0.20664207637310028,-0.01689419150352478,0.0667273998260498,0.09770695865154266,-0.10878528654575348,0.10794000327587128,0.29416272044181824,-0.10525200515985489,0.12243951857089996,0.333278089761734,-0.07107315957546234,0.18273049592971802,0.20243078470230103,-0.032324906438589096,0.18697169423103333,0.14639794826507568,-0.12956073880195618,0.20146584510803223,0.3251449167728424,-0.1025518849492073,0.19724242389202118,0.3392862379550934,-0.054130919277668,0.28071194887161255,0.21073397994041443,-0.05287308990955353,0.277182936668396,0.1740597039461136,-0.11421990394592285,0.2753331661224365,0.2992390990257263,-0.099611796438694,0.2658429741859436,0.32064583897590637,-0.07100589573383331
0.28981584310531616,0.6148731708526611,-1.2679690826189471e-06,0.17129236459732056,0.6225630044937134,-0.06390543282032013,0.018099427223205566,0.5098575353622437,-0.0839981734752655,-0.057519182562828064,0.401934415102005,-0.09721597284078598,-0.09435766935348511,0.3325461149215698,-0.0984000638127327,0.041684530675411224,0.26703572273254395,-0.03814222291111946,0.013879373669624329,0.20789366960525513,-0.11180882900953293,0.06036369502544403,0.3264691233634949,-0.14317654073238373,0.08902432024478912,0.3901550769805908,-0.15386822819709778,0.13728578388690948,0.22778651118278503,-0.037949975579977036,0.11585620045661926,0.17832781374454498,-0.11728797852993011,0.15399840474128723,0.3478245437145233,-0.12541304528713226,0.16997820138931274,0.3929446041584015,-0.10964570939540863,0.23496805131435394,0.23038779199123383,-0.05205261707305908,0.21897462010383606,0.211020827293396,-0.13396230340003967,0.23649147152900696,0.37000763416290283,-0.11184100806713104,0.24011734127998352,0.3956620991230011,-0.0759711042046547,0.32812148332595825,0.2529115080833435,-0.07081622630357742,0.3069600760936737,0.2519775927066803,-0.11812406033277512,0.3044418692588806,0.37314820289611816,-0.09624165296554565,0.30144715309143066,0.39550745487213135,-0.06701134890317917
0.3665740191936493,0.6082353591918945,-9.541989811623353e-07,0.2517647445201874,0.6224617958068848,-0.084803007543087,0.12095969170331955,0.5025879740715027,-0.11622308194637299,0.06352004408836365,0.3553521931171417,-0.1366746425628662,0.03885677456855774,0.24551355838775635,-0.14140860736370087,0.1237860843539238,0.2954469919204712,-0.05226150527596474,0.12231740355491638,0.23324351012706757,-0.14322227239608765,0.17656207084655762,0.3436177372932434,-0.18325482308864594,0.19407735764980316,0.40018320083618164,-0.19786176085472107,0.21610090136528015,0.2517618238925934,-0.04619951546192169,0.21374674141407013,0.1996523141860962,-0.14390675723552704,0.2610003352165222,0.3607115149497986,-0.1610933542251587,0.2632106840610504,0.39584651589393616,-0.14964526891708374,0.30886098742485046,0.24313433468341827,-0.05710483342409134,0.32171109318733215,0.22398625314235687,-0.15792660415172577,0.34370553493499756,0.3792259991168976,-0.13944217562675476,0.32536378502845764,0.40437817573547363,-0.1031171977519989,0.39674389362335205,0.2577175199985504,-0.07482851296663284,0.4117598831653595,0.26631149649620056,-0.13931815326213837,0.41126763820648193,0.3869696259498596,-0.12532159686088562,0.38475316762924194,0.41309162974357605,-0.0991506427526474
0.43745067715644836,0.6047285795211792,-1.0143273811991094e-06,0.331234872341156,0.6282176375389099,-0.10126151889562607,0.2095445990562439,0.47764721512794495,-0.12597648799419403,0.1369333267211914,0.31592801213264465,-0.134653702378273,0.07404825091362,0.22158823907375336,-0.12780186533927917,0.22287651896476746,0.3268353044986725,-0.06200442835688591,0.2553931474685669,0.2388858199119568,-0.1301404982805252,0.2974412441253662,0.3580828309059143,-0.14645837247371674,0.289859414100647,0.3965480327606201,-0.1501796990633011,0.3137913942337036,0.29025691747665405,-0.0396915078163147,0.35391169786453247,0.2215832620859146,-0.12208177894353867,0.3791842460632324,0.38835740089416504,-0.12941379845142365,0.35100066661834717,0.40635013580322266,-0.11550503969192505,0.3960734009742737,0.2839913070201874,-0.034223731607198715,0.4446992576122284,0.26048600673675537,-0.12784874439239502,0.4497242569923401,0.4134857654571533,-0.11735817044973373,0.4118735194206238,0.42120233178138733,-0.08898212760686874,0.4712272882461548,0.2901654839515686,-0.035759955644607544,0.5096135139465332,0.28763678669929504,-0.09812017530202866,0.5037750005722046,0.3985184133052826,-0.09625189006328583,0.4670986533164978,0.4167729914188385,-0.08172236382961273
0.44329798221588135,0.6193780303001404,-9.464130243941327e-07,0.3421322703361511,0.6345151662826538,-0.10300294309854507,0.22420789301395416,0.48502349853515625,-0.13208866119384766,0.15041957795619965,0.324018269777298,-0.14443279802799225,0.08620375394821167,0.23707684874534607,-0.1406254768371582,0.23458579182624817,0.3471689820289612,-0.07107846438884735,0.2673625946044922,0.24974341690540314,-0.13691376149654388,0.3090086281299591,0.36550620198249817,-0.14666590094566345,0.29771342873573303,0.40492868423461914,-0.1458640694618225,0.32652050256729126,0.31085705757141113,-0.04758264496922493,0.3653537929058075,0.23257535696029663,-0.12945260107517242,0.3923826217651367,0.39852461218833923,-0.1332431584596634,0.35828322172164917,0.41051816940307617,-0.1173899844288826,0.4090860188007355,0.2994226813316345,-0.03991017863154411,0.45336657762527466,0.2662225663661957,-0.1331784576177597,0.45987623929977417,0.41722357273101807,-0.11885134875774384,0.4174005389213562,0.4225641191005707,-0.08869924396276474,0.4833413362503052,0.3011544644832611,-0.038948360830545425,0.5181206464767456,0.2890923023223877,-0.1008133664727211,0.5144162178039551,0.3976929187774658,-0.09646254777908325,0.4757603406906128,0.41489818692207336,-0.08068949729204178
0.4483945369720459,0.6286208629608154,-9.632394721847959e-07,0.343090295791626,0.629410445690155,-0.09273994714021683,0.23218032717704773,0.4791320562362671,-0.11914104223251343,0.16424784064292908,0.3208315074443817,-0.13199232518672943,0.10112610459327698,0.23599041998386383,-0.13010990619659424,0.25099965929985046,0.34469613432884216,-0.05953249707818031,0.28269070386886597,0.26323583722114563,-0.12193925678730011,0.316758394241333,0.3767184019088745,-0.13273340463638306,0.30235981941223145,0.4058212637901306,-0.13367974758148193,0.3395746350288391,0.31598415970802307,-0.04079776629805565,0.3791332244873047,0.24939294159412384,-0.11979421973228455,0.3970150053501129,0.4094667136669159,-0.12589789927005768,0.36196810007095337,0.41521888971328735,-0.11306758970022202,0.4190223515033722,0.30878764390945435,-0.03677138313651085,0.46293532848358154,0.27877774834632874,-0.1273084580898285,0.46206793189048767,0.4254526197910309,-0.11396986991167068,0.4213290214538574,0.4282033145427704,-0.08541972190141678,0.4901730418205261,0.3134889602661133,-0.03876405209302902,0.5257344245910645,0.30347245931625366,-0.09841573983430862,0.5181658267974854,0.40940728783607483,-0.09301238507032394,0.48168089985847473,0.4244120717048645,-0.0769810751080513
0.44555482268333435,0.6310890316963196,-9.100601232603367e-07,0.34532028436660767,0.6265100836753845,-0.08708200603723526,0.24228934943675995,0.47710248827934265,-0.11089004576206207,0.18135976791381836,0.32256561517715454,-0.12147319316864014,0.1270248293876648,0.2336355298757553,-0.11757577955722809,0.26573485136032104,0.34300675988197327,-0.05979476496577263,0.2951851189136505,0.26328855752944946,-0.11687957495450974,0.32893604040145874,0.3747212290763855,-0.12472334504127502,0.3179662823677063,0.4099692702293396,-0.12397012859582901,0.35335296392440796,0.31837546825408936,-0.04226772114634514,0.39071422815322876,0.2572174668312073,-0.11405736953020096,0.40538883209228516,0.40817177295684814,-0.11860097199678421,0.3736454248428345,0.4169391095638275,-0.10589765757322311,0.4311639964580536,0.3183129131793976,-0.038236577063798904,0.47437596321105957,0.29828721284866333,-0.121097631752491,0.46947818994522095,0.43422171473503113,-0.10927210003137589,0.430433064699173,0.43566781282424927,-0.08347783982753754,0.5003910660743713,0.32984867691993713,-0.03981499373912811,0.536805272102356,0.3241288363933563,-0.09567263722419739,0.5253907442092896,0.42146047949790955,-0.09178800135850906,0.48849165439605713,0.43445348739624023,-0.07761895656585693
0.441556453704834,0.6325890421867371,-8.483432338834973e-07,0.3538300395011902,0.6024150252342224,-0.07781059294939041,0.26312634348869324,0.47576698660850525,-0.10384947806596756,0.22119295597076416,0.3353026211261749,-0.11875231564044952,0.23340803384780884,0.22830016911029816,-0.11771230399608612,0.30348074436187744,0.33996760845184326,-0.04831593856215477,0.3139607012271881,0.28471022844314575,-0.09826730936765671,0.3396809697151184,0.39497464895248413,-0.10131055861711502,0.3418081998825073,0.4158323109149933,-0.09889054298400879,0.3826126456260681,0.32132047414779663,-0.03262525796890259,0.40217652916908264,0.2787356376647949,-0.10046089440584183,0.40841561555862427,0.42211171984672546,-0.10035751760005951,0.39214128255844116,0.4222294092178345,-0.08480395376682281,0.45325934886932373,0.32585763931274414,-0.029821747913956642,0.48210057616233826,0.31944042444229126,-0.10684408992528915,0.4673755466938019,0.4456857442855835,-0.09072040021419525,0.44022294878959656,0.4401942491531372,-0.062174614518880844,0.5176820755004883,0.3426029086112976,-0.032453421503305435,0.5407835245132446,0.3466919958591461,-0.08212380111217499,0.522376537322998,0.43566590547561646,-0.07660328596830368,0.49258846044540405,0.44079074263572693,-0.061867062002420425
0.44017156958580017,0.6166114211082458,-7.832031201360223e-07,0.3533993363380432,0.5934549570083618,-0.07320405542850494,0.2599564790725708,0.4696170389652252,-0.09540417790412903,0.21579106152057648,0.33011317253112793,-0.10765454918146133,0.22243645787239075,0.22381900250911713,-0.10481269657611847,0.2904360890388489,0.34407490491867065,-0.04059958457946777,0.2992216944694519,0.28067725896835327,-0.09237338602542877,0.3323436677455902,0.3821927607059479,-0.09851153939962387,0.33262181282043457,0.40251001715660095,-0.09744112938642502,0.3673083484172821,0.3223888874053955,-0.027510473504662514,0.3873097896575928,0.2701653838157654,-0.09791954606771469,0.40086936950683594,0.40831780433654785,-0.10158997029066086,0.37945544719696045,0.4131476581096649,-0.08740904182195663,0.43676191568374634,0.3236498236656189,-0.027309995144605637,0.46591076254844666,0.30938851833343506,-0.10721078515052795,0.45870909094810486,0.4333488643169403,-0.09464787691831589,0.42759987711906433,0.43115463852882385,-0.0672418624162674,0.5005472302436829,0.33590471744537354,-0.03196049481630325,0.5264971256256104,0.3353295922279358,-0.08451301604509354,0.5121199488639832,0.4249804615974426,-0.08064676821231842,0.4791601300239563,0.434303343296051,-0.06616079062223434
0.444696843624115,0.5922863483428955,-7.873875915720419e-07,0.3599085509777069,0.5742063522338867,-0.07217585295438766,0.2683829665184021,0.45754143595695496,-0.09488486498594284,0.22657853364944458,0.3230421543121338,-0.10724631696939468,0.23478910326957703,0.2187335342168808,-0.10473664849996567,0.29877328872680664,0.33379849791526794,-0.042838260531425476,0.3136754631996155,0.2720226049423218,-0.0989023745059967,0.3409459590911865,0.3709011673927307,-0.10877704620361328,0.33869218826293945,0.39752212166786194,-0.10888364166021347,0.3744261562824249,0.3160053491592407,-0.030554933473467827,0.3949119746685028,0.2621627151966095,-0.1014600321650505,0.4083770513534546,0.3953528106212616,-0.10555822402238846,0.3900938630104065,0.40253642201423645,-0.09156162291765213,0.4421563148498535,0.317545622587204,-0.03127993643283844,0.4698692560195923,0.3039359748363495,-0.1104862317442894,0.4647185206413269,0.42260509729385376,-0.09794931858778,0.43571925163269043,0.42011383175849915,-0.07074303179979324,0.5048410892486572,0.3289046585559845,-0.036854274570941925,0.5266824960708618,0.3268195390701294,-0.0870865061879158,0.5146515965461731,0.4152345657348633,-0.08176626265048981,0.4838896691799164,0.4255214333534241,-0.0666436105966568
0.5586782693862915,0.5803004503250122,-6.281135824792727e-07,0.48134639859199524,0.5331555604934692,-0.06118693947792053,0.4144626259803772,0.4200218617916107,-0.08697433769702911,0.39830899238586426,0.3127443194389343,-0.1045689731836319,0.42382994294166565,0.23453889787197113,-0.11115233600139618,0.46308398246765137,0.30952009558677673,-0.053023744374513626,0.46791693568229675,0.2592035233974457,-0.11361800134181976,0.4807705283164978,0.3481047451496124,-0.13566972315311432,0.4869433343410492,0.3891168236732483,-0.14203912019729614,0.5269267559051514,0.31508755683898926,-0.046439699828624725,0.5423254370689392,0.2739657759666443,-0.116363525390625,0.5419890284538269,0.38721880316734314,-0.12622153759002686,0.5418409109115601,0.41176971793174744,-0.11634749174118042,0.5838409662246704,0.3421596884727478,-0.04991031438112259,0.6022241115570068,0.31402531266212463,-0.12053723633289337,0.590116024017334,0.4095427989959717,-0.10595695674419403,0.5818940997123718,0.4236551523208618,-0.0779961496591568,0.6310480833053589,0.38126224279403687,-0.057512037456035614,0.6415308713912964,0.36326542496681213,-0.10002254694700241,0.6297982931137085,0.4266515374183655,-0.08605331182479858,0.621839165687561,0.4377441108226776,-0.0639265924692154
0.6118877530097961,0.6105612516403198,-7.097410161804873e-07,0.5455546379089355,0.5689607858657837,-0.07491789758205414,0.4838930070400238,0.45749151706695557,-0.10426801443099976,0.4649107754230499,0.3376123011112213,-0.12121035158634186,0.4997287094593048,0.2570374608039856,-0.12352483719587326,0.5301887392997742,0.33771270513534546,-0.06536544859409332,0.5634135603904724,0.3077402710914612,-0.1076744943857193,0.5686732530593872,0.40277111530303955,-0.10495965927839279,0.5532920360565186,0.4037829041481018,-0.10050464421510696,0.5916279554367065,0.33398377895355225,-0.049599163234233856,0.6296961307525635,0.30999231338500977,-0.11261046677827835,0.6202163100242615,0.43493929505348206,-0.11450213938951492,0.5945446491241455,0.4199669361114502,-0.10282355546951294,0.6505492329597473,0.35050174593925476,-0.04251479357481003,0.6916281580924988,0.34713953733444214,-0.11435306072235107,0.6693328619003296,0.4580312669277191,-0.10002528876066208,0.6334466934204102,0.44799238443374634,-0.07519872486591339,0.7017887830734253,0.37533867359161377,-0.04009635001420975,0.7387781143188477,0.382396936416626,-0.0906962975859642,0.7183271646499634,0.45886820554733276,-0.0872379019856453,0.6826819777488708,0.4569481313228607,-0.07445665448904037
0.6129330992698669,0.6086490154266357,-6.62417505736812e-07,0.5449157357215881,0.569365918636322,-0.07471442967653275,0.48318278789520264,0.45776882767677307,-0.10400427877902985,0.4673442840576172,0.3336413502693176,-0.12124983221292496,0.5030102729797363,0.2504611015319824,-0.12362465262413025,0.5298414826393127,0.34193184971809387,-0.062039729207754135,0.5607067346572876,0.3045891523361206,-0.1052909716963768,0.5640158653259277,0.3966265916824341,-0.10312577337026596,0.547541618347168,0.4009523391723633,-0.09879373013973236,0.5898500084877014,0.33323004841804504,-0.04558978229761124,0.6284533143043518,0.3083271384239197,-0.10923518240451813,0.6171572208404541,0.43054938316345215,-0.11045723408460617,0.5924271941184998,0.41685789823532104,-0.09813912957906723,0.6467286348342896,0.343509703874588,-0.03870711475610733,0.6893835663795471,0.3450261950492859,-0.10811974108219147,0.6663609147071838,0.4513988196849823,-0.09373681247234344,0.6343286037445068,0.43931397795677185,-0.0695028081536293,0.6994036436080933,0.36380624771118164,-0.03715946897864342,0.7357081174850464,0.37751030921936035,-0.08559855818748474,0.7146629095077515,0.4504576325416565,-0.08443633466959,0.6821708679199219,0.4466770589351654,-0.07388172298669815
0.5996379256248474,0.5916541218757629,-6.261527687456692e-07,0.5327264070510864,0.5624427795410156,-0.06609728187322617,0.46623802185058594,0.4587242901325226,-0.08921042084693909,0.44260096549987793,0.342041015625,-0.10119477659463882,0.46498239040374756,0.2607933282852173,-0.10006481409072876,0.49675261974334717,0.34846171736717224,-0.050933800637722015,0.5244761109352112,0.3057985305786133,-0.08958935737609863,0.5380426049232483,0.3948709964752197,-0.08878253400325775,0.528400719165802,0.40885424613952637,-0.08524344861507416,0.5591280460357666,0.33697858452796936,-0.036679014563560486,0.5883837938308716,0.3069872260093689,-0.09228979051113129,0.5871344804763794,0.4216027855873108,-0.09452671557664871,0.5658302307128906,0.41628342866897583,-0.0843263790011406,0.6160150170326233,0.3412283658981323,-0.03125716745853424,0.6486818790435791,0.338053435087204,-0.09364727139472961,0.6336625218391418,0.4400997459888458,-0.08257744461297989,0.605302095413208,0.43147093057632446,-0.06195202097296715,0.6690546870231628,0.35456520318984985,-0.030125610530376434,0.6945961117744446,0.3622342348098755,-0.07263517379760742,0.6775546073913574,0.4361691474914551,-0.07010060548782349,0.6483452916145325,0.43680810928344727,-0.05967758595943451
0.5994549989700317,0.5780206918716431,-6.250466526580567e-07,0.5335937738418579,0.5442990660667419,-0.06082485243678093,0.4648819863796234,0.4490135908126831,-0.08278341591358185,0.43673741817474365,0.3384830951690674,-0.09573599696159363,0.462601900100708,0.2594735324382782,-0.09574469178915024,0.5000895261764526,0.34495073556900024,-0.04103768616914749,0.5158456563949585,0.2965036630630493,-0.07731269299983978,0.5301961302757263,0.3812514543533325,-0.07507261633872986,0.5201205015182495,0.39329198002815247,-0.07030254602432251,0.5563976764678955,0.3337467908859253,-0.02850288711488247,0.5776059031486511,0.295011043548584,-0.08124812692403793,0.5800610780715942,0.40694090723991394,-0.08129418641328812,0.5580652952194214,0.40161797404289246,-0.06922303885221481,0.6097870469093323,0.33757680654525757,-0.025051942095160484,0.636377215385437,0.3228628933429718,-0.08419891446828842,0.6271058917045593,0.4208970069885254,-0.07116004079580307,0.5998482704162598,0.41535910964012146,-0.04917057976126671,0.6598356366157532,0.3500734269618988,-0.02577861212193966,0.6830006241798401,0.34594792127609253,-0.0647173821926117,0.6717514991760254,0.4159960448741913,-0.060333553701639175,0.6461940407752991,0.4203086793422699,-0.04884025454521179
0.5871862173080444,0.5058050155639648,-5.695295612895279e-07,0.5331370830535889,0.4489966332912445,-0.05075269564986229,0.47297656536102295,0.358345091342926,-0.07223856449127197,0.44851696491241455,0.2602604925632477,-0.08725333213806152,0.48012053966522217,0.19159813225269318,-0.09116161614656448,0.5156244039535522,0.2527138888835907,-0.03373860940337181,0.5271825790405273,0.22994248569011688,-0.0658932700753212,0.5401367545127869,0.3102448284626007,-0.06788095831871033,0.5332827568054199,0.3179924488067627,-0.06627357751131058,0.5720066428184509,0.24432459473609924,-0.024265429005026817,0.5901506543159485,0.2397107034921646,-0.06421176344156265,0.593413770198822,0.34132814407348633,-0.06424146145582199,0.5771888494491577,0.33369681239128113,-0.05596619471907616,0.6270231604576111,0.2575386166572571,-0.022154420614242554,0.6473551988601685,0.2629725933074951,-0.0708240419626236,0.6383266448974609,0.3530643582344055,-0.05696990713477135,0.6152126789093018,0.3531900644302368,-0.03696298226714134,0.6725908517837524,0.28191912174224854,-0.023674385622143745,0.697834849357605,0.28502416610717773,-0.05669091269373894,0.6830352544784546,0.3487805128097534,-0.04914092272520065,0.6565845012664795,0.35903480648994446,-0.03589324280619621
0.598046600818634,0.45368778705596924,-6.860090593363566e-07,0.5377591848373413,0.4261830151081085,-0.06588026136159897,0.4721401333808899,0.3406951129436493,-0.09363936632871628,0.445049524307251,0.24527275562286377,-0.11009303480386734,0.4673486649990082,0.16467402875423431,-0.11410548537969589,0.49645736813545227,0.1937638223171234,-0.0622992105782032,0.5166236758232117,0.2244521677494049,-0.09893763065338135,0.540641188621521,0.2950928807258606,-0.10142991691827774,0.5360108613967896,0.28783735632896423,-0.10219652205705643,0.5563392043113708,0.1652611494064331,-0.04842562973499298,0.5831040740013123,0.225868359208107,-0.09650606662034988,0.5924965143203735,0.3219223618507385,-0.10045156627893448,0.5756099224090576,0.3032238781452179,-0.09590380638837814,0.6166446208953857,0.17079171538352966,-0.04154838249087334,0.646560788154602,0.23943199217319489,-0.09932329505681992,0.6405323147773743,0.3301965892314911,-0.09026429057121277,0.6165121793746948,0.31589749455451965,-0.07448679953813553,0.6690182089805603,0.19536249339580536,-0.03963158279657364,0.6991929411888123,0.2533734440803528,-0.08476660400629044,0.6874662041664124,0.31916776299476624,-0.08678784221410751,0.6612612009048462,0.3152478337287903,-0.08005024492740631
0.6073155999183655,0.4752631187438965,-6.890795702929609e-07,0.54482102394104,0.43428581953048706,-0.06056402623653412,0.4799477159976959,0.345869243144989,-0.08445229381322861,0.4523376524448395,0.24743086099624634,-0.0992882177233696,0.4716815948486328,0.16889959573745728,-0.10220760107040405,0.5134872794151306,0.22263814508914948,-0.04356389865279198,0.5356183648109436,0.2095744013786316,-0.07888991385698318,0.5488930344581604,0.28882160782814026,-0.08069193363189697,0.5386852025985718,0.2922690212726593,-0.08001041412353516,0.5717494487762451,0.20341303944587708,-0.031573981046676636,0.5981451272964478,0.20860464870929718,-0.07925160229206085,0.6011218428611755,0.3116207420825958,-0.0828157439827919,0.5801417231559753,0.29783278703689575,-0.07668356597423553,0.6277123093605042,0.21011075377464294,-0.02766355685889721,0.6574414968490601,0.22970040142536163,-0.08468159288167953,0.6473329067230225,0.3249584436416626,-0.07522721588611603,0.6194981932640076,0.31553614139556885,-0.05768424645066261,0.6777910590171814,0.2308034598827362,-0.02788580395281315,0.7048110961914062,0.2478817105293274,-0.06784284114837646,0.6919285655021667,0.31678128242492676,-0.06552432477474213,0.6637107729911804,0.3191143572330475,-0.055972691625356674
0.6219645738601685,0.4734864830970764,-5.984129529679194e-07,0.5549886226654053,0.457297146320343,-0.04236051067709923,0.49094778299331665,0.3715659976005554,-0.054808761924505234,0.46743243932724,0.27430102229118347,-0.062177177518606186,0.4784429669380188,0.20544475317001343,-0.05949350818991661,0.5196077823638916,0.2824130952358246,-0.01815333589911461,0.5288273692131042,0.23148658871650696,-0.05337993800640106,0.5458771586418152,0.3062148690223694,-0.05894308164715767,0.5437187552452087,0.3253585994243622,-0.05819820240139961,0.5711299180984497,0.2756599485874176,-0.012996315024793148,0.5817328095436096,0.22872433066368103,-0.056947894394397736,0.5890018343925476,0.32428330183029175,-0.05806775763630867,0.576935887336731,0.3282521069049835,-0.048181258141994476,0.6192837953567505,0.27784278988838196,-0.01655520498752594,0.6332565546035767,0.2464260458946228,-0.06623771041631699,0.6304875612258911,0.33386921882629395,-0.05369751155376434,0.6143399477005005,0.33581796288490295,-0.033422987908124924,0.6665921807289124,0.2859123945236206,-0.0231220331043005,0.677921712398529,0.2591135799884796,-0.05410304665565491,0.6716660261154175,0.32416483759880066,-0.04586773365736008,0.6556214690208435,0.33775269985198975,-0.03264199569821358
0.6266818046569824,0.49548041820526123,-5.624729624287284e-07,0.5605484843254089,0.478305459022522,-0.036365702748298645,0.4993917942047119,0.408407986164093,-0.047763556241989136,0.47485440969467163,0.3213304877281189,-0.056033506989479065,0.48392221331596375,0.257792204618454,-0.05615055933594704,0.5225645303726196,0.32802096009254456,-0.010470643639564514,0.5262961387634277,0.2707207202911377,-0.04709749296307564,0.5465257167816162,0.33506646752357483,-0.05968976765871048,0.5488314032554626,0.365448921918869,-0.06289976090192795,0.5693010091781616,0.31890079379081726,-0.007849509827792645,0.5746048092842102,0.2648790180683136,-0.05116312578320503,0.5894874930381775,0.35189753770828247,-0.05801912024617195,0.5811968445777893,0.3713532090187073,-0.052130915224552155,0.6132935285568237,0.31740814447402954,-0.013213001191616058,0.6242448091506958,0.27771687507629395,-0.06066478416323662,0.6284551620483398,0.3622207045555115,-0.050935048609972,0.6143731474876404,0.38038620352745056,-0.03212957829236984,0.6560775637626648,0.32386282086372375,-0.02125500701367855,0.6680646538734436,0.2905441224575043,-0.05015730485320091,0.6658234000205994,0.3509753942489624,-0.04162256047129631,0.6503733396530151,0.3729577660560608,-0.02802814170718193
0.6401596069335938,0.5009891390800476,-5.717275257666188e-07,0.5785681009292603,0.48961812257766724,-0.03042924590408802,0.5182661414146423,0.41473859548568726,-0.038673654198646545,0.49621933698654175,0.32917988300323486,-0.044755969196558,0.5046640634536743,0.2671363949775696,-0.043531324714422226,0.5411600470542908,0.33139878511428833,-0.007323798723518848,0.5438445806503296,0.2798158526420593,-0.04402733966708183,0.5622829794883728,0.34203964471817017,-0.057971227914094925,0.5685338973999023,0.37260428071022034,-0.06148707866668701,0.5872650146484375,0.32067447900772095,-0.006870983634144068,0.5924670100212097,0.2670415937900543,-0.0491202250123024,0.6052612662315369,0.3530048131942749,-0.05449824407696724,0.60295569896698,0.3768472671508789,-0.04636726900935173,0.6302899122238159,0.3198692798614502,-0.014006534591317177,0.639159083366394,0.2862244248390198,-0.05777240917086601,0.6408529877662659,0.36481037735939026,-0.047428496181964874,0.6310150623321533,0.3823387026786804,-0.02823290228843689,0.6725585460662842,0.3259417712688446,-0.023525923490524292,0.6797255277633667,0.2930636405944824,-0.047808270901441574,0.6759178638458252,0.35016030073165894,-0.037401434034109116,0.6640570163726807,0.37175989151000977,-0.022673796862363815
0.6972144842147827,0.5222606658935547,-5.578351647272939e-07,0.639335572719574,0.5105504989624023,-0.03035045601427555,0.5806754231452942,0.444240003824234,-0.03947925940155983,0.5618833899497986,0.36015692353248596,-0.04614369943737984,0.5747110843658447,0.3017953932285309,-0.04658675193786621,0.6087351441383362,0.3579612076282501,-0.0032280143350362778,0.6154928207397461,0.3119797110557556,-0.03864733874797821,0.6254729628562927,0.37084028124809265,-0.05643345043063164,0.6275154948234558,0.4028107523918152,-0.06367342174053192,0.6516015529632568,0.347343385219574,-0.00215515005402267,0.6588493585586548,0.297969788312912,-0.04325578361749649,0.6647548675537109,0.37839972972869873,-0.05295351520180702,0.6604612469673157,0.40533098578453064,-0.04895855858922005,0.6907852292060852,0.34810104966163635,-0.008296577259898186,0.7025108337402344,0.315621554851532,-0.051611434668302536,0.7008839845657349,0.3903111219406128,-0.04362489655613899,0.6888473629951477,0.40846768021583557,-0.0267011858522892,0.7303604483604431,0.3565659821033478,-0.016594920307397842,0.7377166748046875,0.3302617073059082,-0.041825324296951294,0.7341076135635376,0.38828587532043457,-0.032279595732688904,0.7207872271537781,0.40477272868156433,-0.018566470593214035
0.7550230026245117,0.554177463054657,-4.926405949845503e-07,0.6990900039672852,0.536185622215271,-0.03443855419754982,0.645355761051178,0.46601536870002747,-0.04478089511394501,0.6271496415138245,0.3853279650211334,-0.05150651931762695,0.6350929737091064,0.328102707862854,-0.05084523931145668,0.6708884239196777,0.38623085618019104,-0.012930873781442642,0.6811957359313965,0.34122219681739807,-0.04717367887496948,0.6940362453460693,0.4006776213645935,-0.058883849531412125,0.6941296458244324,0.42490947246551514,-0.06201838701963425,0.7146567702293396,0.38105177879333496,-0.010188278742134571,0.728755533695221,0.3340227007865906,-0.0509619414806366,0.7349072098731995,0.4159558415412903,-0.05687083303928375,0.7247150540351868,0.43283718824386597,-0.050693366676568985,0.7547345161437988,0.38437381386756897,-0.014607822522521019,0.7725975513458252,0.35376623272895813,-0.05870981141924858,0.7691465020179749,0.4293613135814667,-0.0496341809630394,0.753088653087616,0.44175195693969727,-0.03229494020342827,0.7927286028862,0.3948143720626831,-0.021457551047205925,0.809260368347168,0.3676808476448059,-0.048194073140621185,0.8034179210662842,0.4227539598941803,-0.03968578577041626,0.7866361737251282,0.44086647033691406,-0.026556001976132393
0.7617926001548767,0.5510604381561279,-4.620936522314878e-07,0.7041996121406555,0.5307004451751709,-0.038308002054691315,0.6498380303382874,0.46217215061187744,-0.05076829344034195,0.6289305686950684,0.38268914818763733,-0.058750562369823456,0.6393612623214722,0.3250601291656494,-0.05874408036470413,0.6767889857292175,0.38589566946029663,-0.01743021048605442,0.6862295866012573,0.33908963203430176,-0.04990142211318016,0.7007935047149658,0.40022075176239014,-0.05853942036628723,0.6984084248542786,0.42306193709373474,-0.06019407883286476,0.7217716574668884,0.3790836036205292,-0.01302559394389391,0.73122638463974,0.3295302987098694,-0.05449974536895752,0.7394035458564758,0.4133863151073456,-0.0597238689661026,0.7280490398406982,0.4304683804512024,-0.05273180082440376,0.7630413770675659,0.3816913366317749,-0.015776051208376884,0.779339075088501,0.34839075803756714,-0.06132267788052559,0.7772684693336487,0.42549341917037964,-0.052515819668769836,0.7597992420196533,0.43908360600471497,-0.03481460362672806,0.8023615479469299,0.39170631766319275,-0.021030917763710022,0.8176009058952332,0.3632514476776123,-0.04932950437068939,0.8135566711425781,0.4180454611778259,-0.0419076606631279,0.7965800762176514,0.4358808100223541,-0.029316997155547142
0.7514533400535583,0.5099880695343018,-4.4443439151109487e-07,0.6931498646736145,0.4846176505088806,-0.031735390424728394,0.639458417892456,0.4197389781475067,-0.042264845222234726,0.6207600831985474,0.3409687280654907,-0.050525784492492676,0.6326785087585449,0.28266778588294983,-0.05219494178891182,0.6711582541465759,0.34550797939300537,-0.006201871670782566,0.6778128743171692,0.2956863045692444,-0.03984086215496063,0.692642331123352,0.35412538051605225,-0.05350828170776367,0.6939877867698669,0.38182249665260315,-0.05762095749378204,0.716510534286499,0.34119120240211487,-0.004544263705611229,0.72386234998703,0.2885744869709015,-0.044791292399168015,0.7331221699714661,0.3689503073692322,-0.052785441279411316,0.7245746850967407,0.3919355571269989,-0.04735400900244713,0.7573752999305725,0.34564948081970215,-0.009988924488425255,0.7700093388557434,0.3068842887878418,-0.05448319762945175,0.7699032425880432,0.3827618360519409,-0.046466272324323654,0.7557224631309509,0.40314507484436035,-0.02848915196955204,0.79641193151474,0.357870876789093,-0.01738182082772255,0.8085455894470215,0.32033535838127136,-0.04381759837269783,0.805446445941925,0.37570780515670776,-0.034318964928388596,0.7913674116134644,0.39967769384384155,-0.019755272194743156
0.730436384677887,0.445801317691803,-2.7437090466264635e-07,0.6667531728744507,0.3949281573295593,-0.01859494484961033,0.6124762296676636,0.3276865780353546,-0.020179497078061104,0.5908926725387573,0.2524532675743103,-0.022478243336081505,0.6041297316551208,0.1986183077096939,-0.018805425614118576,0.6425848603248596,0.2640410363674164,0.023359661921858788,0.6471633911132812,0.20951272547245026,0.0005798288621008396,0.6624234318733215,0.26392972469329834,-0.011928665451705456,0.664657473564148,0.29165127873420715,-0.016556017100811005,0.6861549615859985,0.2550569176673889,0.02234562113881111,0.6929109692573547,0.20286163687705994,-0.005041844677180052,0.7031511068344116,0.2742900550365448,-0.014502795413136482,0.6968640685081482,0.29716891050338745,-0.012342453002929688,0.7271987199783325,0.25625038146972656,0.014811886474490166,0.7359727621078491,0.21378450095653534,-0.01431867852807045,0.73810875415802,0.28179261088371277,-0.005497341975569725,0.7266552448272705,0.30140531063079834,0.009692051447927952,0.7653601765632629,0.26876431703567505,0.005588640924543142,0.7721133232116699,0.2301805019378662,-0.008048020303249359,0.7688380479812622,0.28253331780433655,0.005359312053769827,0.7583262920379639,0.3025960922241211,0.02054203674197197
0.7200402617454529,0.3642464578151703,-5.374467946239747e-07,0.6533229947090149,0.35222774744033813,-0.03155010938644409,0.5930246710777283,0.290343701839447,-0.04036292806267738,0.5707607269287109,0.20788419246673584,-0.0475800484418869,0.5740960836410522,0.14708395302295685,-0.04762030392885208,0.6198611855506897,0.2048875391483307,-0.0008797768969088793,0.618630588054657,0.14791466295719147,-0.038667455315589905,0.6385993957519531,0.21079042553901672,-0.05488680675625801,0.6440464854240417,0.24301475286483765,-0.05946261063218117,0.6640844345092773,0.1931978166103363,-0.00030331811285577714,0.6653892993927002,0.13433653116226196,-0.044275667518377304,0.6808655261993408,0.22120878100395203,-0.053165119141340256,0.6764585375785828,0.24805250763893127,-0.0469004325568676,0.7053534984588623,0.19051192700862885,-0.007910441607236862,0.7125494480133057,0.14502015709877014,-0.054343268275260925,0.7184910774230957,0.2268948256969452,-0.045171961188316345,0.7083909511566162,0.24995408952236176,-0.025438249111175537,0.7467103600502014,0.1956264227628708,-0.01794181950390339,0.7523511052131653,0.15319029986858368,-0.04410134628415108,0.75337153673172,0.2110055387020111,-0.03359953314065933,0.7434262037277222,0.23634104430675507,-0.017964934930205345
0.7174516320228577,0.33734989166259766,-4.663428967432992e-07,0.6522604823112488,0.32818838953971863,-0.0327664278447628,0.5913189053535461,0.2709709405899048,-0.04470127820968628,0.5665932893753052,0.192928746342659,-0.05450630560517311,0.5704044699668884,0.13229668140411377,-0.057365868240594864,0.6136735081672668,0.1868533343076706,-0.010027275420725346,0.6127736568450928,0.12932774424552917,-0.04728744924068451,0.6340097784996033,0.18805551528930664,-0.06288610398769379,0.6404296159744263,0.2209959626197815,-0.0676073357462883,0.6579872369766235,0.17376653850078583,-0.008831377141177654,0.6583693623542786,0.11428454518318176,-0.052443865686655045,0.675349235534668,0.19679313898086548,-0.06111162528395653,0.6715138554573059,0.22422577440738678,-0.05555232614278793,0.6996978521347046,0.1682681292295456,-0.01502134371548891,0.7072479128837585,0.12137629836797714,-0.060902658849954605,0.7139724493026733,0.20132288336753845,-0.052489474415779114,0.7036561965942383,0.22677843272686005,-0.03395890071988106,0.7409214377403259,0.17026107013225555,-0.02352829836308956,0.74918532371521,0.13012605905532837,-0.05067615211009979,0.7497718930244446,0.18499891459941864,-0.042074233293533325,0.7373837232589722,0.20988687872886658,-0.02812456525862217
0.6394237279891968,0.383770227432251,-5.028929308537045e-07,0.590799868106842,0.370520681142807,-0.01810852810740471,0.5390693545341492,0.31881165504455566,-0.02433095872402191,0.5181641578674316,0.2525080144405365,-0.030873844400048256,0.5277574062347412,0.20442616939544678,-0.03277052193880081,0.5601422786712646,0.24288798868656158,0.0004711982619483024,0.5504832863807678,0.19909042119979858,-0.03228011727333069,0.5627328753471375,0.25271594524383545,-0.048148322850465775,0.5722965002059937,0.2800619602203369,-0.0538121834397316,0.5954476594924927,0.23212145268917084,-0.0028253644704818726,0.5884503126144409,0.1887241154909134,-0.03629289194941521,0.5989288091659546,0.2597520053386688,-0.04093223810195923,0.603512704372406,0.2757873833179474,-0.034903496503829956,0.6317712664604187,0.2294003963470459,-0.012386448681354523,0.6313844919204712,0.19672508537769318,-0.04688677191734314,0.6342578530311584,0.26343369483947754,-0.03677167743444443,0.6315012574195862,0.2755028009414673,-0.02052319049835205,0.6696605086326599,0.23308855295181274,-0.023562289774417877,0.6666516661643982,0.20399346947669983,-0.042812202125787735,0.6643676161766052,0.25514885783195496,-0.03239083290100098,0.6602680683135986,0.2707282304763794,-0.019145091995596886
0.5953665971755981,0.48177164793014526,-3.728968636096397e-07,0.5505644679069519,0.47112810611724854,-0.022579075768589973,0.5044088363647461,0.4227774739265442,-0.028093591332435608,0.48369336128234863,0.3659822642803192,-0.032022975385189056,0.48595866560935974,0.3215827941894531,-0.030930180102586746,0.5191143155097961,0.3643338084220886,-0.001356780994683504,0.5193655490875244,0.32848647236824036,-0.027283305302262306,0.5342060327529907,0.37225013971328735,-0.03818042203783989,0.5376209616661072,0.3909444510936737,-0.041572414338588715,0.5525571703910828,0.35718387365341187,-0.0009638216579332948,0.5554551482200623,0.31865403056144714,-0.03068510629236698,0.5649929046630859,0.3789640963077545,-0.035440437495708466,0.5610611438751221,0.39416688680648804,-0.030304478481411934,0.5843765139579773,0.3571787178516388,-0.0065007284283638,0.5909901261329651,0.3329555094242096,-0.03913472965359688,0.5936725735664368,0.38922467827796936,-0.033232562243938446,0.5856198668479919,0.3989722430706024,-0.02005595713853836,0.6151652336120605,0.36160174012184143,-0.01358997542411089,0.6198632121086121,0.33962857723236084,-0.03208316117525101,0.6195607781410217,0.38220545649528503,-0.024736672639846802,0.6125171184539795,0.3962196707725525,-0.014034608379006386
0.5738097429275513,0.5334895849227905,-3.6760050647899334e-07,0.5321156978607178,0.5270960927009583,-0.023064471781253815,0.48993995785713196,0.48115816712379456,-0.030201474204659462,0.4725280702114105,0.42481547594070435,-0.035139601677656174,0.47623685002326965,0.3832695782184601,-0.035031501203775406,0.5049421787261963,0.42870858311653137,-0.008527926169335842,0.5061537623405457,0.3913540244102478,-0.03312312066555023,0.5197688341140747,0.43362730741500854,-0.0420147106051445,0.5218022465705872,0.44900718331336975,-0.044796109199523926,0.5353597402572632,0.4230004549026489,-0.007308063562959433,0.5389014482498169,0.3878905177116394,-0.03545444831252098,0.5484035611152649,0.44349342584609985,-0.03934089466929436,0.5430846214294434,0.4527603089809418,-0.03516896069049835,0.5637645721435547,0.421840101480484,-0.011288824491202831,0.5711681246757507,0.39934399724006653,-0.041631318628787994,0.5736168622970581,0.451284795999527,-0.03549012541770935,0.5637623071670532,0.45684531331062317,-0.023850617930293083,0.5913846492767334,0.4240693747997284,-0.016938863322138786,0.5974697470664978,0.4057808816432953,-0.034742653369903564,0.5971002578735352,0.4447510838508606,-0.02896357700228691,0.5880801677703857,0.45561254024505615,-0.020420575514435768
0.5724884867668152,0.5372329354286194,-3.581787950679427e-07,0.5328352451324463,0.5329366326332092,-0.02389197051525116,0.49075382947921753,0.4863242506980896,-0.03045276366174221,0.4730182886123657,0.43080541491508484,-0.03445598855614662,0.4785439670085907,0.3901298940181732,-0.03307357057929039,0.5067545771598816,0.43328285217285156,-0.007981906644999981,0.5082423686981201,0.39952343702316284,-0.030756203457713127,0.5209865570068359,0.44158273935317993,-0.03741732984781265,0.521676242351532,0.45596370100975037,-0.038867365568876266,0.5363995432853699,0.42687827348709106,-0.005957011599093676,0.5384954214096069,0.3917544484138489,-0.03330591693520546,0.5474529266357422,0.44845259189605713,-0.0355750173330307,0.5417072772979736,0.4575713574886322,-0.029935572296380997,0.563931941986084,0.42591336369514465,-0.009297643788158894,0.5704700946807861,0.40338754653930664,-0.03942110762000084,0.572821319103241,0.4556049108505249,-0.03280286118388176,0.563313901424408,0.4609318971633911,-0.020593008026480675,0.5912675261497498,0.4279836118221283,-0.01434110477566719,0.5969602465629578,0.40797850489616394,-0.032285403460264206,0.596855640411377,0.4463723301887512,-0.02683955430984497,0.588503360748291,0.45662742853164673,-0.018427785485982895
0.5613789558410645,0.5376709699630737,-3.4308533258808893e-07,0.5250238180160522,0.5347839593887329,-0.020003123208880424,0.48320379853248596,0.4904226064682007,-0.026046214625239372,0.4666186571121216,0.43884801864624023,-0.030148353427648544,0.4711019992828369,0.399126797914505,-0.029858743771910667,0.4972241520881653,0.43431904911994934,-0.007242937106639147,0.497557669878006,0.4023841321468353,-0.029353033751249313,0.5088872909545898,0.44220879673957825,-0.03797277435660362,0.5124207735061646,0.4614822268486023,-0.04054442048072815,0.5272371172904968,0.42693281173706055,-0.006385790184140205,0.5291305780410767,0.3952711820602417,-0.030102258548140526,0.537773609161377,0.4486271142959595,-0.032201915979385376,0.5353930592536926,0.4621792137622833,-0.02736913226544857,0.5552095174789429,0.4268532693386078,-0.010294289328157902,0.5597735643386841,0.4083227813243866,-0.03588782623410225,0.5620265603065491,0.4559885263442993,-0.02940552495419979,0.5547630786895752,0.46421700716018677,-0.018529407680034637,0.5822314023971558,0.43094903230667114,-0.015642762184143066,0.5849215984344482,0.414744108915329,-0.03008292242884636,0.5839118957519531,0.45164158940315247,-0.023615308105945587,0.5761045217514038,0.46337655186653137,-0.015221184119582176
0.5299701690673828,0.5294653177261353,-2.9414979962893995e-07,0.490677148103714,0.5274462103843689,-0.0214071162045002,0.44733646512031555,0.4862283170223236,-0.02746138907968998,0.4277975261211395,0.4348517060279846,-0.031103936955332756,0.4310181736946106,0.3941662013530731,-0.03021649643778801,0.45786094665527344,0.4296867847442627,-0.004969470202922821,0.46078914403915405,0.40112507343292236,-0.025396402925252914,0.47350120544433594,0.4376162588596344,-0.03334217891097069,0.47605541348457336,0.4540179371833801,-0.03591508790850639,0.4882921576499939,0.4195496141910553,-0.0032327058725059032,0.489615797996521,0.38833993673324585,-0.026603713631629944,0.5001147985458374,0.43910762667655945,-0.029344841837882996,0.49833858013153076,0.45337650179862976,-0.02457694709300995,0.5167836546897888,0.416903018951416,-0.006322741042822599,0.5209693312644958,0.3994911313056946,-0.03188563138246536,0.5254812836647034,0.44519007205963135,-0.025712624192237854,0.5194104909896851,0.4538339376449585,-0.014595412649214268,0.5451056957244873,0.419178307056427,-0.010963210836052895,0.5465027093887329,0.404081255197525,-0.025158852338790894,0.5467583537101746,0.4398132562637329,-0.01862071454524994,0.5400402545928955,0.45077502727508545,-0.009957593865692616
0.5107873678207397,0.5346036553382874,-3.3685088851598266e-07,0.47385188937187195,0.52595454454422,-0.03022845834493637,0.43523088097572327,0.489714652299881,-0.042241886258125305,0.41799265146255493,0.4411188066005707,-0.0497395396232605,0.4214352071285248,0.39887142181396484,-0.05150255933403969,0.4421805739402771,0.41732218861579895,-0.018869487568736076,0.45826470851898193,0.4114833474159241,-0.03870715945959091,0.4664168059825897,0.4492056965827942,-0.042668238282203674,0.459658145904541,0.452376127243042,-0.04397324472665787,0.4708824157714844,0.40140068531036377,-0.01342366449534893,0.48907825350761414,0.40272703766822815,-0.037631452083587646,0.4948258697986603,0.453978568315506,-0.039534736424684525,0.4843571186065674,0.4506318271160126,-0.035928141325712204,0.4989246428012848,0.39685171842575073,-0.0126626743003726,0.5202645659446716,0.408458411693573,-0.040232133120298386,0.519463300704956,0.45514073967933655,-0.03503885865211487,0.5062794089317322,0.45225635170936584,-0.025987043976783752,0.5262095928192139,0.39934825897216797,-0.014342639595270157,0.5428891777992249,0.4106300175189972,-0.03302629664540291,0.5405503511428833,0.4478656053543091,-0.031187228858470917,0.5279400944709778,0.45150822401046753,-0.025894448161125183
0.5073457956314087,0.5241829752922058,-3.3479264516245166e-07,0.47067609429359436,0.5164042711257935,-0.02975127100944519,0.42984944581985474,0.4797405004501343,-0.041479989886283875,0.4095669686794281,0.42971524596214294,-0.04903112351894379,0.41469237208366394,0.38590872287750244,-0.05073150247335434,0.4369918406009674,0.40831664204597473,-0.016732001677155495,0.45005136728286743,0.39853382110595703,-0.03811250627040863,0.4608265459537506,0.4376834034919739,-0.043311525136232376,0.454958975315094,0.44029051065444946,-0.045053936541080475,0.4664149582386017,0.3925469219684601,-0.011325960978865623,0.4824867844581604,0.3903367221355438,-0.03741222247481346,0.48991522192955017,0.44332680106163025,-0.03995051234960556,0.47859251499176025,0.4405791163444519,-0.036011725664138794,0.4956016540527344,0.38831597566604614,-0.010852311737835407,0.5144410133361816,0.396108478307724,-0.03988615423440933,0.5150709748268127,0.4440835416316986,-0.034807831048965454,0.5011023879051208,0.4412524998188019,-0.02497146464884281,0.5240073204040527,0.3904787003993988,-0.012627224437892437,0.538162112236023,0.3989892899990082,-0.031229089945554733,0.5359095335006714,0.4361436665058136,-0.029033107683062553,0.5226224660873413,0.44011861085891724,-0.02314978465437889
0.4949793815612793,0.5228815078735352,-3.325430100176163e-07,0.4563688039779663,0.5172815322875977,-0.023060141131281853,0.41221487522125244,0.4786282777786255,-0.03095611184835434,0.39188963174819946,0.4285857379436493,-0.03627676144242287,0.3982580304145813,0.38654273748397827,-0.03657330572605133,0.4257514774799347,0.4147886037826538,-0.008088547736406326,0.4228891134262085,0.3938440978527069,-0.028489289805293083,0.43726733326911926,0.4332430958747864,-0.03464697301387787,0.44192594289779663,0.44224676489830017,-0.036687880754470825,0.45566660165786743,0.40140920877456665,-0.005770909134298563,0.45471176505088806,0.3812597692012787,-0.029708027839660645,0.4659207761287689,0.4349638521671295,-0.030866974964737892,0.4649348258972168,0.44111594557762146,-0.025481365621089935,0.4845096170902252,0.39676225185394287,-0.008481817319989204,0.48827773332595825,0.3910233974456787,-0.0346560999751091,0.49189043045043945,0.4386065602302551,-0.027818303555250168,0.4858698546886444,0.440034419298172,-0.016733312979340553,0.5132428407669067,0.39738744497299194,-0.013002799823880196,0.5145768523216248,0.39578744769096375,-0.027532406151294708,0.5129779577255249,0.4336012303829193,-0.022038865834474564,0.5051858425140381,0.4403434693813324,-0.014357484877109528
0.462301641702652,0.5131970643997192,-2.9397207867987163e-07,0.4115228056907654,0.5096310377120972,-0.028657961636781693,0.3618770241737366,0.4612865447998047,-0.034723471850156784,0.3407078683376312,0.4015514552593231,-0.03778903931379318,0.3388826847076416,0.35785824060440063,-0.03501787781715393,0.37824004888534546,0.39803674817085266,-0.004341912921518087,0.3798072338104248,0.3671742081642151,-0.03379971906542778,0.394428014755249,0.4114585220813751,-0.04637598618865013,0.3966297209262848,0.4287467896938324,-0.05032694339752197,0.4142351448535919,0.3877604603767395,-0.0011679271701723337,0.41677775979042053,0.3528285026550293,-0.033870238810777664,0.4289436340332031,0.41558194160461426,-0.038471855223178864,0.42593705654144287,0.4272479712963104,-0.032422762364149094,0.44831615686416626,0.38588157296180725,-0.004966627806425095,0.45670998096466064,0.3669639527797699,-0.039688147604465485,0.4605582356452942,0.42330870032310486,-0.032880280166864395,0.45288386940956116,0.42912688851356506,-0.01838582009077072,0.4810981750488281,0.38996049761772156,-0.011143126524984837,0.4883454740047455,0.3698703646659851,-0.03060407191514969,0.48677873611450195,0.4107770621776581,-0.023600907996296883,0.47829562425613403,0.421896755695343,-0.012703697197139263
0.4736534357070923,0.5265162587165833,-4.6134604758663045e-07,0.4175794720649719,0.5248865485191345,-0.03386230021715164,0.35721516609191895,0.4616769552230835,-0.04051242396235466,0.32972806692123413,0.38290807604789734,-0.043142665177583694,0.3336522877216339,0.32533419132232666,-0.03820054233074188,0.37571752071380615,0.39289185404777527,-0.008033079095184803,0.37796369194984436,0.35103678703308105,-0.03671110421419144,0.39822426438331604,0.40668952465057373,-0.04357963800430298,0.3990175426006317,0.4196838140487671,-0.04454313963651657,0.41665950417518616,0.37850165367126465,-0.003092320868745446,0.420870304107666,0.33565765619277954,-0.03852427005767822,0.43695032596588135,0.41113144159317017,-0.040420349687337875,0.43023669719696045,0.4179953932762146,-0.032005563378334045,0.455098032951355,0.37400469183921814,-0.00572142843157053,0.46470892429351807,0.35231196880340576,-0.045370522886514664,0.4705311954021454,0.41944020986557007,-0.03714360296726227,0.4579771161079407,0.422995001077652,-0.02103620395064354,0.4923103153705597,0.3733956813812256,-0.010838442482054234,0.5005913376808167,0.35759714245796204,-0.03311442211270332,0.5009943246841431,0.4065452814102173,-0.026672858744859695,0.48928576707839966,0.41692647337913513,-0.01618298701941967
0.4878729283809662,0.5265843868255615,-5.486006102728425e-07,0.4384039342403412,0.5212119817733765,-0.035272881388664246,0.37673377990722656,0.4571612477302551,-0.044839922338724136,0.3469783663749695,0.38204893469810486,-0.049959905445575714,0.3523411452770233,0.321105420589447,-0.04751233384013176,0.3922920525074005,0.3697190582752228,-0.011542821303009987,0.39720961451530457,0.3473752737045288,-0.041577957570552826,0.4140697121620178,0.40396779775619507,-0.05022069811820984,0.41353800892829895,0.41311416029930115,-0.053050775080919266,0.43222346901893616,0.3522084653377533,-0.006811247207224369,0.4402448832988739,0.33552247285842896,-0.04151571914553642,0.45335596799850464,0.4097016155719757,-0.04310756176710129,0.4472517967224121,0.41016536951065063,-0.035715553909540176,0.47024524211883545,0.3481055200099945,-0.009799288585782051,0.4852108359336853,0.35151171684265137,-0.04875699058175087,0.4880119562149048,0.41841110587120056,-0.04063097760081291,0.4751068651676178,0.415525883436203,-0.026147879660129547,0.5083663463592529,0.3505876064300537,-0.01571841910481453,0.5197776556015015,0.35960662364959717,-0.03984110802412033,0.5170593857765198,0.413987398147583,-0.03559037297964096,0.5024645924568176,0.4206523299217224,-0.02690359391272068
0.5138183236122131,0.5149121284484863,-5.451880724649527e-07,0.46378669142723083,0.5067620873451233,-0.046614840626716614,0.41018277406692505,0.44899672269821167,-0.06796377152204514,0.3854430317878723,0.3855322003364563,-0.08138150721788406,0.39611077308654785,0.3244960606098175,-0.085800901055336,0.42467230558395386,0.31996315717697144,-0.04253923520445824,0.44039708375930786,0.3798862397670746,-0.07366815209388733,0.45384684205055237,0.4296172261238098,-0.08383218199014664,0.45154649019241333,0.41728731989860535,-0.09051833301782608,0.47156447172164917,0.2971646785736084,-0.03473550081253052,0.4931148290634155,0.38169583678245544,-0.07155732810497284,0.49541187286376953,0.4407814145088196,-0.07687848806381226,0.48712605237960815,0.4208897352218628,-0.07570715248584747,0.5198982357978821,0.30226290225982666,-0.03273264318704605,0.5406070351600647,0.39052242040634155,-0.07078097015619278,0.53255695104599,0.4442320168018341,-0.06404241919517517,0.5191892981529236,0.42566800117492676,-0.05450591444969177,0.5638522505760193,0.3222760260105133,-0.035298675298690796,0.5804387927055359,0.3968423902988434,-0.0656069666147232,0.5694690942764282,0.43647852540016174,-0.06877893209457397,0.5530956983566284,0.4232556223869324,-0.06604605913162231
0.5126652717590332,0.50540691614151,-5.694308242709667e-07,0.45803967118263245,0.49460065364837646,-0.04351801052689552,0.40339168906211853,0.43808186054229736,-0.0643310621380806,0.3791695237159729,0.3802274763584137,-0.07769042253494263,0.388489305973053,0.3211302161216736,-0.08223068714141846,0.41564086079597473,0.3061692416667938,-0.04266698285937309,0.4361821413040161,0.3777572214603424,-0.0736532062292099,0.4483630657196045,0.4268651604652405,-0.08474511653184891,0.4437445104122162,0.41327282786369324,-0.09213653951883316,0.4630666971206665,0.2828189432621002,-0.03641768917441368,0.4877797067165375,0.37675201892852783,-0.07217568159103394,0.4899567663669586,0.4321422576904297,-0.0775141492486,0.48227444291114807,0.4126279950141907,-0.07699970155954361,0.5121833086013794,0.28741347789764404,-0.035364169627428055,0.5343909859657288,0.3826069235801697,-0.0716003030538559,0.5279013514518738,0.43497806787490845,-0.06408876925706863,0.5162598490715027,0.418567419052124,-0.054631441831588745,0.5571971535682678,0.30674228072166443,-0.0388142392039299,0.5742848515510559,0.38474416732788086,-0.06765440106391907,0.5643867254257202,0.4247186779975891,-0.06974629312753677,0.5496436357498169,0.4131118059158325,-0.0663328543305397
0.5134097337722778,0.49927449226379395,-5.175756996322889e-07,0.4607398808002472,0.4866046905517578,-0.04641066491603851,0.4051216244697571,0.4313088655471802,-0.06845907121896744,0.37959176301956177,0.3748328685760498,-0.08279880881309509,0.3889920711517334,0.31391239166259766,-0.0882246345281601,0.4166865348815918,0.2977408170700073,-0.044268470257520676,0.4315114915370941,0.36799100041389465,-0.07879674434661865,0.4474416673183441,0.4174221158027649,-0.09302438050508499,0.44739124178886414,0.40608659386634827,-0.10219411551952362,0.46478474140167236,0.27405422925949097,-0.03755762055516243,0.4847189784049988,0.36560049653053284,-0.07646598666906357,0.4884226620197296,0.42118364572525024,-0.08399109542369843,0.4824288487434387,0.40388116240501404,-0.08465366810560226,0.5138599276542664,0.2793032228946686,-0.03660014644265175,0.5326964855194092,0.37447667121887207,-0.07594124972820282,0.5270841121673584,0.4285011887550354,-0.06951096653938293,0.5168604254722595,0.4128109812736511,-0.06017891317605972,0.5581423044204712,0.29964643716812134,-0.04047255963087082,0.5745889544487,0.38033607602119446,-0.07094599306583405,0.5636309385299683,0.42289048433303833,-0.07337777316570282,0.5483413338661194,0.41311872005462646,-0.06998113542795181
0.5165306925773621,0.4975491762161255,-5.660493798131938e-07,0.46241503953933716,0.48848989605903625,-0.046511657536029816,0.40510228276252747,0.42899006605148315,-0.06645680963993073,0.3787979185581207,0.36420732736587524,-0.07863282412290573,0.38736867904663086,0.30099794268608093,-0.08147667348384857,0.41861486434936523,0.2990080714225769,-0.03987523540854454,0.43436285853385925,0.3575041592121124,-0.07162632793188095,0.4506867229938507,0.4074499309062958,-0.08151751756668091,0.4486744999885559,0.39703795313835144,-0.08772392570972443,0.4642220437526703,0.27403783798217773,-0.032345887273550034,0.4858095645904541,0.353646457195282,-0.07003868371248245,0.4902390241622925,0.4140157699584961,-0.07574641704559326,0.4813525974750519,0.3968747854232788,-0.07465194165706635,0.5113486051559448,0.27698689699172974,-0.030888911336660385,0.5335858464241028,0.3608790338039398,-0.07118809223175049,0.5289145112037659,0.41805189847946167,-0.06498343497514725,0.5159377455711365,0.4021351635456085,-0.055039938539266586,0.555422842502594,0.295279324054718,-0.0339735709130764,0.5749161839485168,0.36572474241256714,-0.06551416218280792,0.5651803612709045,0.4095666706562042,-0.0686294361948967,0.5477311611175537,0.40002328157424927,-0.06542308628559113
0.5187453627586365,0.4899384677410126,-5.745814064539445e-07,0.46643000841140747,0.47668740153312683,-0.04660981893539429,0.4099333882331848,0.4135916233062744,-0.0648883804678917,0.3828076720237732,0.3401493728160858,-0.07535383105278015,0.38923192024230957,0.2742549777030945,-0.07605930417776108,0.4217284917831421,0.29300084710121155,-0.03486921265721321,0.44103413820266724,0.31681907176971436,-0.06266886740922928,0.4586249589920044,0.37225964665412903,-0.06712576746940613,0.4535441994667053,0.37101492285728455,-0.06934893131256104,0.4662037193775177,0.2672364115715027,-0.02616138756275177,0.4896145164966583,0.31641700863838196,-0.06241314485669136,0.4966704249382019,0.38733425736427307,-0.06759674847126007,0.4846964180469513,0.37523800134658813,-0.06509340554475784,0.5122406482696533,0.26822346448898315,-0.02358902618288994,0.5385307669639587,0.3288511037826538,-0.06566120684146881,0.5340068936347961,0.3934626579284668,-0.06108726188540459,0.5167868733406067,0.38047316670417786,-0.05066707357764244,0.5553805828094482,0.28359121084213257,-0.0247750636190176,0.5773780941963196,0.33184367418289185,-0.056996412575244904,0.5690943002700806,0.3804599940776825,-0.059265416115522385,0.5505306720733643,0.3763844668865204,-0.05473862215876579
0.5320159792900085,0.4641602337360382,-4.196140253043268e-07,0.4717898666858673,0.4549010396003723,-0.03900085389614105,0.41037294268608093,0.389988511800766,-0.05156970024108887,0.3831826150417328,0.3078957796096802,-0.05984722450375557,0.38531917333602905,0.24436023831367493,-0.06039850786328316,0.42695385217666626,0.3114217519760132,-0.013945601880550385,0.43442198634147644,0.25613725185394287,-0.048952918499708176,0.45447206497192383,0.3163199722766876,-0.061183370649814606,0.4547092914581299,0.34365344047546387,-0.06432975083589554,0.4705970883369446,0.3032014071941376,-0.00833300594240427,0.47937893867492676,0.24886780977249146,-0.05086364597082138,0.49386733770370483,0.3304644823074341,-0.05799216032028198,0.48257002234458923,0.3508973717689514,-0.052343182265758514,0.5105774998664856,0.30262088775634766,-0.010438485071063042,0.524270236492157,0.2613166570663452,-0.05685742199420929,0.5293579697608948,0.33927297592163086,-0.048989880830049515,0.5133642554283142,0.35850077867507935,-0.03150662034749985,0.5482756495475769,0.307763934135437,-0.015058129094541073,0.5603821873664856,0.27331775426864624,-0.04316264018416405,0.5614402890205383,0.3285961151123047,-0.03605141490697861,0.54676353931427,0.3502581715583801,-0.02355695702135563
0.5296758413314819,0.47552990913391113,-5.583148094956414e-07,0.4654833972454071,0.4573215842247009,-0.024821732193231583,0.4049224853515625,0.3920426070690155,-0.030128559097647667,0.37901145219802856,0.3119758069515228,-0.03528011962771416,0.3834107518196106,0.2544652819633484,-0.0335572175681591,0.42715853452682495,0.32315289974212646,0.006085812114179134,0.42930787801742554,0.26377391815185547,-0.028263289481401443,0.44788551330566406,0.32321831583976746,-0.04271979629993439,0.44715121388435364,0.3548334240913391,-0.04671197012066841,0.46840277314186096,0.3160698711872101,0.004895002115517855,0.47137418389320374,0.25903087854385376,-0.03514688089489937,0.48816415667533875,0.3396654427051544,-0.04273989796638489,0.4795267879962921,0.36399370431900024,-0.03712611272931099,0.5060023069381714,0.3146209716796875,-0.004001537803560495,0.5136418342590332,0.2700667977333069,-0.0456579364836216,0.5221661329269409,0.34620630741119385,-0.03688054159283638,0.5097818374633789,0.369231253862381,-0.019136345013976097,0.5423002243041992,0.3183005750179291,-0.015028668567538261,0.5502076148986816,0.2808731198310852,-0.03715065121650696,0.5523258447647095,0.3339017629623413,-0.027255238965153694,0.5415327548980713,0.3582000136375427,-0.01337540801614523
0.5314928889274597,0.47598665952682495,-5.234074365034758e-07,0.46549805998802185,0.4584504961967468,-0.025594478473067284,0.404691606760025,0.3948593735694885,-0.030500704422593117,0.3770875930786133,0.3160734176635742,-0.035602718591690063,0.3807227611541748,0.2578203082084656,-0.033454347401857376,0.4257144629955292,0.3225691318511963,0.012027546763420105,0.4289742112159729,0.26313966512680054,-0.0231960266828537,0.4476136565208435,0.3242202699184418,-0.03925769776105881,0.44631680846214294,0.352700799703598,-0.044268954545259476,0.4670017957687378,0.3155977725982666,0.011513691395521164,0.47080934047698975,0.25833263993263245,-0.0299142524600029,0.48710769414901733,0.3404466211795807,-0.03892984613776207,0.47809991240501404,0.36301085352897644,-0.03366996720433235,0.5048258304595947,0.31460437178611755,0.0026551808696240187,0.51215660572052,0.26912015676498413,-0.040149252861738205,0.5210034251213074,0.34784215688705444,-0.031584374606609344,0.5088743567466736,0.37064263224601746,-0.013252136297523975,0.5410702228546143,0.31799957156181335,-0.008520351722836494,0.549299955368042,0.2818087339401245,-0.030468348413705826,0.5514394640922546,0.33627068996429443,-0.020595625042915344,0.5411831140518188,0.3585700988769531,-0.006452744826674461
0.529869019985199,0.47281619906425476,-5.292956757330103e-07,0.46337267756462097,0.4579079747200012,-0.022846506908535957,0.40619248151779175,0.3893762230873108,-0.02826288715004921,0.3872274160385132,0.3058083951473236,-0.03383628651499748,0.39524561166763306,0.24749495089054108,-0.033583126962184906,0.43194448947906494,0.31507429480552673,0.0056368401274085045,0.4307410418987274,0.2587093710899353,-0.029424918815493584,0.446346640586853,0.3172737658023834,-0.046628087759017944,0.4506210684776306,0.3488583266735077,-0.05250292271375656,0.4744056761264801,0.3099871277809143,0.003674570005387068,0.4729108214378357,0.25536462664604187,-0.0349804125726223,0.48601168394088745,0.33607882261276245,-0.043168410658836365,0.4849661588668823,0.3604103624820709,-0.03818301856517792,0.5140177607536316,0.31029677391052246,-0.005586708430200815,0.5156735181808472,0.2660953998565674,-0.04574988782405853,0.5207664370536804,0.3450798988342285,-0.035713572055101395,0.516004741191864,0.36919957399368286,-0.017199955880641937,0.552975058555603,0.3155253231525421,-0.016900263726711273,0.5547346472740173,0.28034472465515137,-0.03834855183959007,0.554149329662323,0.336172878742218,-0.027206698432564735,0.5491310954093933,0.3591614067554474,-0.012287916615605354
0.5198264122009277,0.4783232808113098,-5.290837634674972e-07,0.45539119839668274,0.45190706849098206,-0.01914311572909355,0.40373390913009644,0.3856101632118225,-0.02532549947500229,0.39242464303970337,0.3086540699005127,-0.03323396295309067,0.4040480852127075,0.2520022690296173,-0.036384064704179764,0.4333112835884094,0.30980780720710754,0.009693250991404057,0.4253254532814026,0.2550470530986786,-0.02397080697119236,0.4370955228805542,0.31238746643066406,-0.04140974581241608,0.44489285349845886,0.3493710160255432,-0.04701407253742218,0.47378426790237427,0.3050515055656433,0.006165603641420603,0.46595025062561035,0.25251585245132446,-0.028129523620009422,0.47414323687553406,0.3312428295612335,-0.034491974860429764,0.479062557220459,0.3572709262371063,-0.028362374752759933,0.512874186038971,0.3081919550895691,-0.004670417867600918,0.506806492805481,0.266053169965744,-0.04119214043021202,0.507544994354248,0.3438343405723572,-0.030613021925091743,0.508470892906189,0.3696368932723999,-0.011876977980136871,0.5535891056060791,0.31864219903945923,-0.01741492561995983,0.54529869556427,0.28084656596183777,-0.03674639016389847,0.5409125685691833,0.33475789427757263,-0.024620432406663895,0.5411834120750427,0.3576192557811737,-0.008900631219148636
0.517493486404419,0.47615647315979004,-5.514552299246134e-07,0.4522951543331146,0.4496817886829376,-0.019006667658686638,0.4023732841014862,0.38049548864364624,-0.02502945251762867,0.39363205432891846,0.3016327917575836,-0.03279977664351463,0.40527206659317017,0.24500319361686707,-0.03593036159873009,0.4340372085571289,0.3058868646621704,0.009090973995625973,0.4257444739341736,0.2505827248096466,-0.02410605549812317,0.4363367259502411,0.3089170455932617,-0.04121517390012741,0.4444892704486847,0.3453567922115326,-0.04675397649407387,0.4740084111690521,0.30274927616119385,0.005553703289479017,0.4662128984928131,0.24812264740467072,-0.028831617906689644,0.47226083278656006,0.3283191919326782,-0.03505774214863777,0.4778105318546295,0.356123685836792,-0.028822053223848343,0.5121914744377136,0.3071051239967346,-0.005195665638893843,0.5062041282653809,0.261479914188385,-0.04159380495548248,0.5049006938934326,0.3409380614757538,-0.03077687881886959,0.5067286491394043,0.36897799372673035,-0.01186869665980339,0.5525950193405151,0.3182552754878998,-0.01785632222890854,0.5443486571311951,0.2782890796661377,-0.03712158277630806,0.5379852056503296,0.33256596326828003,-0.025228552520275116,0.5378674268722534,0.3573135733604431,-0.009767301380634308
0.5081913471221924,0.4708268642425537,-5.520738000086567e-07,0.4456818103790283,0.4455068111419678,-0.027279701083898544,0.39667844772338867,0.36132630705833435,-0.034574709832668304,0.38669437170028687,0.27265664935112,-0.04070911183953285,0.39994728565216064,0.2134920358657837,-0.04028438776731491,0.4293379783630371,0.291803240776062,-0.0036330458242446184,0.43882402777671814,0.2405155599117279,-0.03993785381317139,0.4468994736671448,0.3048399090766907,-0.05540802329778671,0.4447082281112671,0.33196261525154114,-0.06074007228016853,0.47366634011268616,0.29541540145874023,-0.004968894645571709,0.4836123585700989,0.24332326650619507,-0.04745739325881004,0.4856520891189575,0.3286069929599762,-0.054527562111616135,0.47851699590682983,0.34936651587486267,-0.04857439175248146,0.5128790140151978,0.3054916262626648,-0.013730407692492008,0.5247879028320312,0.26890653371810913,-0.05752372369170189,0.5187879204750061,0.3473512828350067,-0.047841526567935944,0.5067862868309021,0.36431223154067993,-0.02954224869608879,0.550072193145752,0.3198035955429077,-0.024700148031115532,0.5608780384063721,0.2880922555923462,-0.04882078617811203,0.5526443719863892,0.34349942207336426,-0.03889193758368492,0.5396975874900818,0.3637048900127411,-0.025025468319654465
0.5028313994407654,0.47585272789001465,-5.125143047735037e-07,0.4447041153907776,0.44857269525527954,-0.03648606315255165,0.3975850045681,0.3587057888507843,-0.04565075784921646,0.3879126012325287,0.2666083574295044,-0.05110636353492737,0.4033638834953308,0.20720839500427246,-0.0485789030790329,0.43015748262405396,0.29177308082580566,-0.009084188379347324,0.4479518532752991,0.24351763725280762,-0.04538754001259804,0.4533294439315796,0.30965104699134827,-0.05828635022044182,0.4463638663291931,0.3333932161331177,-0.06221878528594971,0.47383737564086914,0.2963840365409851,-0.005658421199768782,0.4927968680858612,0.24960406124591827,-0.04911113902926445,0.4899013638496399,0.3356003761291504,-0.05552459508180618,0.47605055570602417,0.3483482599258423,-0.04926807060837746,0.5120785236358643,0.3078494668006897,-0.010613013058900833,0.5323893427848816,0.27986860275268555,-0.05685904994606972,0.5224868655204773,0.3577840328216553,-0.04818359389901161,0.50509113073349,0.3656071424484253,-0.030620066449046135,0.5474477410316467,0.3238734006881714,-0.018449628725647926,0.5657703280448914,0.30336958169937134,-0.04587627947330475,0.5554429292678833,0.3597073554992676,-0.03887263685464859,0.5379475951194763,0.372877299785614,-0.026951482519507408
0.5057938098907471,0.47322383522987366,-5.242972633823229e-07,0.44766899943351746,0.44644805788993835,-0.03811971843242645,0.3993607759475708,0.3565620183944702,-0.04807146266102791,0.3890862464904785,0.2630116045475006,-0.053920358419418335,0.4057016968727112,0.20345978438854218,-0.0515018031001091,0.4320792257785797,0.28929153084754944,-0.011199576780200005,0.44964438676834106,0.23957404494285583,-0.04819966480135918,0.4549655020236969,0.3073074221611023,-0.06086234748363495,0.44736024737358093,0.32911357283592224,-0.06469206511974335,0.4756532311439514,0.2939396798610687,-0.007007049396634102,0.4939844608306885,0.2454889714717865,-0.051464714109897614,0.49137160181999207,0.33274856209754944,-0.057698655873537064,0.4767847955226898,0.34360557794570923,-0.051241401582956314,0.5140719413757324,0.3044043481349945,-0.011351058259606361,0.5345004200935364,0.27475449442863464,-0.05880408734083176,0.5244491100311279,0.35388368368148804,-0.050151947885751724,0.5061444044113159,0.3603189289569855,-0.03241724520921707,0.5498628616333008,0.3190996050834656,-0.01863923668861389,0.5683573484420776,0.2974390685558319,-0.04688027501106262,0.5580382943153381,0.35441383719444275,-0.040315043181180954,0.5399371385574341,0.3674051761627197,-0.0286429300904274
0.4946557283401489,0.47839412093162537,-4.7212665776896756e-07,0.4387652277946472,0.4635409712791443,-0.04493454098701477,0.39036062359809875,0.38430213928222656,-0.05927876755595207,0.37909814715385437,0.29540470242500305,-0.06677638739347458,0.3944486081600189,0.2346651554107666,-0.06559224426746368,0.4193216860294342,0.30607885122299194,-0.02427278831601143,0.4484682083129883,0.2692267596721649,-0.05847165733575821,0.45087650418281555,0.3309561312198639,-0.0667610615491867,0.43809351325035095,0.3442177176475525,-0.06874509155750275,0.46193641424179077,0.3016102612018585,-0.015507605858147144,0.4923299252986908,0.26519182324409485,-0.05872540920972824,0.4889265298843384,0.3479245603084564,-0.06272415071725845,0.470804363489151,0.35118788480758667,-0.05586734041571617,0.49923959374427795,0.3063088357448578,-0.01460027415305376,0.5307579636573792,0.2894318401813507,-0.06148045137524605,0.5207351446151733,0.3635735511779785,-0.05351737514138222,0.49905112385749817,0.3641516864299774,-0.037346694618463516,0.5341315865516663,0.31704798340797424,-0.016816820949316025,0.5587846040725708,0.3065635561943054,-0.04622811824083328,0.5494670867919922,0.3607056438922882,-0.04259060323238373,0.528082549571991,0.36847376823425293,-0.03347541391849518
0.48203331232070923,0.4694279134273529,-4.2908885689030285e-07,0.43109530210494995,0.4625466465950012,-0.05430256202816963,0.38610154390335083,0.3915465176105499,-0.07306244224309921,0.3741987347602844,0.3052597939968109,-0.08287489414215088,0.38535255193710327,0.24198448657989502,-0.08393704891204834,0.40154728293418884,0.30433520674705505,-0.03296668455004692,0.4358571767807007,0.27731168270111084,-0.06903503090143204,0.4391806721687317,0.3372032046318054,-0.07895257323980331,0.42110341787338257,0.34192878007888794,-0.08221467584371567,0.4409586489200592,0.29477590322494507,-0.019322648644447327,0.4752340614795685,0.2696603238582611,-0.06381150335073471,0.4743972420692444,0.3523590862751007,-0.06761065125465393,0.4537769556045532,0.3507823944091797,-0.0605909489095211,0.4762319028377533,0.2955451011657715,-0.014286702498793602,0.5101483464241028,0.27987000346183777,-0.06254754215478897,0.5027535557746887,0.3551284670829773,-0.054500557482242584,0.4805535674095154,0.3555983006954193,-0.038239650428295135,0.5106242299079895,0.30370068550109863,-0.01323678344488144,0.5356346964836121,0.2957828938961029,-0.045029737055301666,0.5282238125801086,0.3511229455471039,-0.043057288974523544,0.5075528621673584,0.35872673988342285,-0.03469093143939972
0.472278356552124,0.4744971990585327,-4.382656584311917e-07,0.41954511404037476,0.4596172571182251,-0.04755225032567978,0.373220831155777,0.38191738724708557,-0.0627036988735199,0.36340415477752686,0.2942996919155121,-0.07030844688415527,0.3792118430137634,0.23358812928199768,-0.06937390565872192,0.3988322615623474,0.3037966191768646,-0.022992925718426704,0.4318696856498718,0.2748093605041504,-0.058667827397584915,0.43070825934410095,0.3335894048213959,-0.07028606534004211,0.4128015339374542,0.33978286385536194,-0.0748087540268898,0.43911847472190857,0.3009627163410187,-0.01303643174469471,0.47280535101890564,0.2697632312774658,-0.05764419212937355,0.46650415658950806,0.34985625743865967,-0.06312962621450424,0.4460180401802063,0.3523537814617157,-0.05699080228805542,0.4736325144767761,0.30704569816589355,-0.01152617298066616,0.505562424659729,0.2898859679698944,-0.05910187587141991,0.4946385622024536,0.36191806197166443,-0.051735781133174896,0.4723244309425354,0.3629017174243927,-0.03573957085609436,0.5067223906517029,0.3192448019981384,-0.013457001186907291,0.5290325880050659,0.3115142583847046,-0.043945327401161194,0.5187157988548279,0.3658614158630371,-0.040934525430202484,0.4964754581451416,0.3736180365085602,-0.03194952756166458
0.40402257442474365,0.46055740118026733,-5.196938559492992e-07,0.34964457154273987,0.4285891652107239,-0.01909787766635418,0.3172394335269928,0.34018126130104065,-0.023944498971104622,0.322113960981369,0.2658122777938843,-0.028921164572238922,0.3378787636756897,0.21659278869628906,-0.029193487018346786,0.3609747886657715,0.28011780977249146,-0.0018359347013756633,0.35491088032722473,0.23555207252502441,-0.03130827844142914,0.3508223295211792,0.29569485783576965,-0.04418773576617241,0.353522926568985,0.32936692237854004,-0.047600336372852325,0.39958810806274414,0.2900053560733795,-0.004663835279643536,0.3932887315750122,0.24980193376541138,-0.03198592737317085,0.38110610842704773,0.31799787282943726,-0.03261350467801094,0.3863512873649597,0.34087246656417847,-0.02478204481303692,0.4343056380748749,0.311664879322052,-0.013782566413283348,0.4267594516277313,0.2834215760231018,-0.04312300682067871,0.41064441204071045,0.345308780670166,-0.031232036650180817,0.41360601782798767,0.36251169443130493,-0.014791578985750675,0.4684515595436096,0.33923137187957764,-0.02474757842719555,0.4553540349006653,0.31324315071105957,-0.04016713798046112,0.43931448459625244,0.3567759692668915,-0.028328005224466324,0.4402258098125458,0.37460052967071533,-0.014531598426401615
0.37768465280532837,0.5227417349815369,-7.421990630973596e-07,0.33421260118484497,0.4626810848712921,-0.002878805622458458,0.31877800822257996,0.36940476298332214,-0.003827426116913557,0.32808613777160645,0.29981985688209534,-0.010075945407152176,0.3411502540111542,0.24699169397354126,-0.011557487770915031,0.3729777932167053,0.30392158031463623,0.01629246212542057,0.3476848006248474,0.2513468861579895,-0.014285211451351643,0.3340538442134857,0.31730303168296814,-0.025081921368837357,0.3425021469593048,0.3510262072086334,-0.026108309626579285,0.4014218747615814,0.31679049134254456,0.004740177653729916,0.3674640655517578,0.27389419078826904,-0.026364628225564957,0.3511945307254791,0.35289520025253296,-0.024446647614240646,0.36976462602615356,0.37315869331359863,-0.013072044588625431,0.4312356114387512,0.33837300539016724,-0.01296751108020544,0.3930765986442566,0.30899447202682495,-0.046531833708286285,0.37555745244026184,0.3855229318141937,-0.030509883537888527,0.3945545554161072,0.4029952883720398,-0.009425954893231392,0.4616647958755493,0.36941829323768616,-0.031632665544748306,0.42599332332611084,0.3367076814174652,-0.04839104786515236,0.4070308804512024,0.3878292739391327,-0.034272223711013794,0.4207090735435486,0.4096948802471161,-0.017561310902237892
0.38162335753440857,0.5488325357437134,-7.08924005721201e-07,0.33340150117874146,0.47170233726501465,-0.0015332192415371537,0.3197258412837982,0.3775257468223572,-0.0027270307764410973,0.3286694884300232,0.309173047542572,-0.010136793367564678,0.3444197475910187,0.2574184238910675,-0.012102192267775536,0.37814444303512573,0.3033286929130554,0.023315345868468285,0.339736670255661,0.2592398524284363,-0.00885273888707161,0.3271465599536896,0.32513681054115295,-0.021551456302404404,0.3407209515571594,0.3550504148006439,-0.02425502985715866,0.4081818759441376,0.3131891191005707,0.010283385403454304,0.35650360584259033,0.2858361601829529,-0.024151049554347992,0.3439514636993408,0.36668211221694946,-0.023915661498904228,0.3674197793006897,0.381940633058548,-0.01321406476199627,0.4377213418483734,0.3359173834323883,-0.009517475962638855,0.380805641412735,0.32119297981262207,-0.04600614681839943,0.367581307888031,0.3993449807167053,-0.030984757468104362,0.3913564682006836,0.41374486684799194,-0.010059693828225136,0.46346598863601685,0.369296669960022,-0.030583247542381287,0.41097137331962585,0.3518032133579254,-0.04926272854208946,0.39643731713294983,0.40328800678253174,-0.03712313994765282,0.415363609790802,0.42058929800987244,-0.021149136126041412
0.3819717764854431,0.5489444732666016,-7.443201184287318e-07,0.33185678720474243,0.4762016534805298,-0.001552092144265771,0.3167647421360016,0.3791598677635193,-0.0019406095379963517,0.32657939195632935,0.3087193965911865,-0.008831648156046867,0.33823373913764954,0.25532010197639465,-0.010058975778520107,0.37287387251853943,0.3017657399177551,0.0227406807243824,0.33395302295684814,0.25321051478385925,-0.010001660324633121,0.3219417929649353,0.3195631802082062,-0.02158733457326889,0.3347030282020569,0.3514479696750641,-0.022833066061139107,0.4040854871273041,0.311219185590744,0.00985068827867508,0.35008662939071655,0.2847512662410736,-0.025257553905248642,0.3400477170944214,0.3677535057067871,-0.023833835497498512,0.3638705909252167,0.3811330199241638,-0.011823870241641998,0.434736967086792,0.33344766497612,-0.0100319292396307,0.37684741616249084,0.3199288547039032,-0.04753705859184265,0.36546266078948975,0.4005225598812103,-0.03147325664758682,0.38906925916671753,0.41316601634025574,-0.009442143142223358,0.4611443877220154,0.3659924864768982,-0.031157925724983215,0.40971601009368896,0.3489164113998413,-0.050023213028907776,0.39570915699005127,0.40114009380340576,-0.037355586886405945,0.4145044684410095,0.41650816798210144,-0.020935384556651115
0.3872060179710388,0.5403538942337036,-7.312918910429289e-07,0.3366171419620514,0.4711925983428955,-0.0025015193969011307,0.31901654601097107,0.3772430419921875,-0.002831572201102972,0.3251189589500427,0.30750495195388794,-0.00907505676150322,0.3337913453578949,0.25426244735717773,-0.009658358991146088,0.37000772356987,0.2985224723815918,0.021371392533183098,0.3309146761894226,0.25673815608024597,-0.010637839324772358,0.32354936003685,0.32576778531074524,-0.02253253199160099,0.33783870935440063,0.3556792736053467,-0.02430458925664425,0.40186792612075806,0.30593881011009216,0.009289930574595928,0.350212037563324,0.28579843044281006,-0.024609670042991638,0.3438764214515686,0.3674788177013397,-0.023677585646510124,0.36641091108322144,0.37939295172691345,-0.012670014053583145,0.4330400228500366,0.32686617970466614,-0.009626263752579689,0.3780932128429413,0.3193805515766144,-0.04563145339488983,0.36981454491615295,0.3977968692779541,-0.03019363433122635,0.39264553785324097,0.40766796469688416,-0.009211141616106033,0.460399329662323,0.35829588770866394,-0.029811887070536613,0.4111956059932709,0.3449915945529938,-0.04734518751502037,0.3986857831478119,0.3970341086387634,-0.03452138230204582,0.41668644547462463,0.4109542667865753,-0.018448732793331146
0.39378657937049866,0.5317368507385254,-6.763004876120249e-07,0.34396034479141235,0.4674701988697052,-0.0046184733510017395,0.32248812913894653,0.3754262626171112,-0.006074841599911451,0.32492995262145996,0.30549734830856323,-0.012257402762770653,0.3335849344730377,0.25041210651397705,-0.0134530458599329,0.37422192096710205,0.29999980330467224,0.01747122034430504,0.3383040130138397,0.26566606760025024,-0.012431502342224121,0.33307063579559326,0.331685870885849,-0.02485044300556183,0.3461783528327942,0.3605808913707733,-0.027734357863664627,0.40584373474121094,0.3086264133453369,0.007180870044976473,0.3618881106376648,0.28665482997894287,-0.02299819514155388,0.35434895753860474,0.36328452825546265,-0.022370314225554466,0.3740551769733429,0.37743085622787476,-0.013107044622302055,0.4366312325000763,0.32859310507774353,-0.009483236819505692,0.3903082609176636,0.31616508960723877,-0.04211130365729332,0.3803340196609497,0.38909727334976196,-0.027665041387081146,0.4000352919101715,0.40115755796432495,-0.008630266413092613,0.4652199149131775,0.358606219291687,-0.027384808287024498,0.4226428270339966,0.34146827459335327,-0.04385826364159584,0.4088941514492035,0.3917982876300812,-0.031257931143045425,0.4238331913948059,0.4083985388278961,-0.015967780724167824
0.5082966685295105,0.4934493899345398,-5.132570777277579e-07,0.45404931902885437,0.44643592834472656,-0.01935238391160965,0.4087207615375519,0.3721048831939697,-0.026983821764588356,0.3945440649986267,0.2962712049484253,-0.036150865256786346,0.4140724837779999,0.24363091588020325,-0.040358640253543854,0.44821590185165405,0.3047526478767395,0.010147951543331146,0.4367060959339142,0.2663227319717407,-0.02385629341006279,0.4400097727775574,0.32319292426109314,-0.0428871251642704,0.449649840593338,0.35328954458236694,-0.04997987672686577,0.48521316051483154,0.30834853649139404,0.007534885313361883,0.47544223070144653,0.2737715244293213,-0.027181925252079964,0.47406038641929626,0.3401195704936981,-0.03579217940568924,0.4825071096420288,0.362083375453949,-0.03224549815058708,0.5207369923591614,0.32091766595840454,-0.002145929029211402,0.5119777321815491,0.2919594347476959,-0.03741799294948578,0.5054923892021179,0.3541796803474426,-0.028733273968100548,0.5099047422409058,0.3723546862602234,-0.012318877503275871,0.5563694834709167,0.3416861891746521,-0.013727954588830471,0.5435383915901184,0.3136972188949585,-0.03042668104171753,0.5336371660232544,0.36026933789253235,-0.01908341608941555,0.5363202691078186,0.3789493143558502,-0.004719545599073172
0.5536664128303528,0.46081042289733887,-4.175734602540615e-07,0.503617525100708,0.4311293065547943,-0.021652165800333023,0.46176207065582275,0.36959391832351685,-0.029516050592064857,0.4496382772922516,0.3008457124233246,-0.03726685792207718,0.4674372375011444,0.2520603537559509,-0.0406661331653595,0.4918360412120819,0.3166152238845825,0.0006309942109510303,0.5006446242332458,0.2753616273403168,-0.029422316700220108,0.5066372156143188,0.322527676820755,-0.04603718966245651,0.5076919198036194,0.3508641719818115,-0.05267005041241646,0.5281467437744141,0.3188064694404602,4.859234832110815e-05,0.5385988354682922,0.27823278307914734,-0.0326114296913147,0.540463924407959,0.33938440680503845,-0.04134395346045494,0.5374892950057983,0.3640366196632385,-0.03871483355760574,0.5593870878219604,0.32539859414100647,-0.0063598984852433205,0.57097989320755,0.2990354597568512,-0.04033792391419411,0.5666334629058838,0.3565034568309784,-0.034876417368650436,0.5581251978874207,0.3771475851535797,-0.021260103210806847,0.5873038172721863,0.3379100263118744,-0.014393946155905724,0.5963097810745239,0.3151501715183258,-0.03194870427250862,0.5910274386405945,0.35644328594207764,-0.022983180359005928,0.5820744037628174,0.37519127130508423,-0.010841884650290012
0.5769097805023193,0.44831383228302,-3.532736343458964e-07,0.5355300307273865,0.42840659618377686,-0.01918511651456356,0.49984341859817505,0.37307220697402954,-0.024431683123111725,0.4910863935947418,0.3105935752391815,-0.028737932443618774,0.5002214908599854,0.26708048582077026,-0.029019907116889954,0.5255365371704102,0.3217881917953491,0.0038150090258568525,0.5338695645332336,0.2890116572380066,-0.019499484449625015,0.5358535647392273,0.3277601897716522,-0.033183492720127106,0.5337310433387756,0.35081204771995544,-0.039220646023750305,0.5536985993385315,0.3228786885738373,0.004677785560488701,0.5609656572341919,0.2932678163051605,-0.018552277237176895,0.5618765354156494,0.3409731090068817,-0.02513975091278553,0.5581244230270386,0.35817956924438477,-0.02436329424381256,0.5787920355796814,0.3285731375217438,0.0001348893711110577,0.5877040028572083,0.3074728846549988,-0.02373911626636982,0.5844297409057617,0.3520565927028656,-0.01837349869310856,0.5766698122024536,0.3658018410205841,-0.009012124501168728,0.6030678749084473,0.33853477239608765,-0.006369623355567455,0.6114439964294434,0.32253506779670715,-0.01945231854915619,0.6053353548049927,0.3584235906600952,-0.013307299464941025,0.5953158736228943,0.37294188141822815,-0.005505301523953676
0.6020447015762329,0.47779399156570435,-3.614429147091869e-07,0.5587663650512695,0.4580008387565613,-0.027214689180254936,0.5236288905143738,0.39754486083984375,-0.034526657313108444,0.5140711069107056,0.3335932493209839,-0.03921051323413849,0.5212300419807434,0.2912018597126007,-0.03811287134885788,0.546363115310669,0.34845587611198425,-0.005709536373615265,0.5606762766838074,0.31102293729782104,-0.03183206170797348,0.566153883934021,0.35927101969718933,-0.04162658751010895,0.5597034692764282,0.37923988699913025,-0.04427221789956093,0.5769327282905579,0.3516154885292053,-0.0022868821397423744,0.5921121835708618,0.31486544013023376,-0.03366972133517265,0.5932507514953613,0.3761744499206543,-0.03993107005953789,0.5812193155288696,0.38993021845817566,-0.03636176511645317,0.6039000749588013,0.3578859269618988,-0.004710317123681307,0.620895266532898,0.3313935399055481,-0.038591668009757996,0.6170569658279419,0.38856926560401917,-0.033123232424259186,0.6029254794120789,0.4020189642906189,-0.020281797274947166,0.6290417909622192,0.36695852875709534,-0.009097348898649216,0.6440833210945129,0.3438816964626312,-0.02877150848507881,0.6400572657585144,0.3835936486721039,-0.02306753769516945,0.6272640824317932,0.3987182676792145,-0.013502162881195545
0.610135018825531,0.45588040351867676,-3.5857181046594633e-07,0.5729808211326599,0.43909916281700134,-0.02291656658053398,0.5358170866966248,0.38434112071990967,-0.0292410459369421,0.523463785648346,0.3238571286201477,-0.03356897830963135,0.5326538681983948,0.2809199094772339,-0.03306545689702034,0.5611635446548462,0.33401504158973694,-0.002133728004992008,0.5730911493301392,0.30221664905548096,-0.026368578895926476,0.5738216042518616,0.343728631734848,-0.03766133263707161,0.5691710114479065,0.359867125749588,-0.04213166981935501,0.5892615914344788,0.3365614414215088,0.00018363275739829987,0.6011726260185242,0.30644604563713074,-0.02565830945968628,0.5988475680351257,0.35672423243522644,-0.030228231102228165,0.590035080909729,0.3673930764198303,-0.027354620397090912,0.6133264899253845,0.34278497099876404,-0.003242765786126256,0.6273414492607117,0.32208165526390076,-0.030904775485396385,0.62227863073349,0.368010014295578,-0.025545822456479073,0.6111962199211121,0.37585943937301636,-0.015222382731735706,0.6367354989051819,0.3514922857284546,-0.008596469648182392,0.6473553776741028,0.33570098876953125,-0.024307290092110634,0.6414646506309509,0.3720039427280426,-0.01926281861960888,0.6304916143417358,0.383507639169693,-0.01181713491678238
0.6623206734657288,0.42213472723960876,-3.7106190120539395e-07,0.6228123307228088,0.4147109389305115,-0.026482578366994858,0.5811487436294556,0.3538728356361389,-0.032136332243680954,0.5682099461555481,0.28918927907943726,-0.03489164635539055,0.575825035572052,0.24718013405799866,-0.03252878785133362,0.60649174451828,0.30189186334609985,-0.0050787185318768024,0.6202221512794495,0.26246970891952515,-0.03162764012813568,0.6235373020172119,0.3069203495979309,-0.0435541607439518,0.617372989654541,0.32615378499031067,-0.047978319227695465,0.6371710300445557,0.3019605278968811,-0.0009039746364578605,0.6497745513916016,0.2658262550830841,-0.031059443950653076,0.6510148048400879,0.3215279281139374,-0.037666644901037216,0.6401697993278503,0.3334396183490753,-0.035082172602415085,0.6642207503318787,0.3072466254234314,-0.0026259897276759148,0.6776918172836304,0.27994146943092346,-0.035030242055654526,0.6749704480171204,0.3322763442993164,-0.02898745983839035,0.6621794700622559,0.34273561835289,-0.01695886440575123,0.6900537610054016,0.314746230840683,-0.006239743437618017,0.6996487379074097,0.29837191104888916,-0.0258807260543108,0.6969900727272034,0.338401198387146,-0.020613541826605797,0.6858775019645691,0.35018277168273926,-0.012108242139220238
0.7068538665771484,0.39628714323043823,-3.8483247521980957e-07,0.6555445194244385,0.3857743740081787,-0.03895796462893486,0.6049748659133911,0.3147560954093933,-0.04998598247766495,0.5889444947242737,0.23875108361244202,-0.055829696357250214,0.5944346785545349,0.18469521403312683,-0.05474404618144035,0.6343784928321838,0.2503088116645813,-0.018641268834471703,0.6553750038146973,0.1990603804588318,-0.05225192755460739,0.661469578742981,0.25543341040611267,-0.06480296701192856,0.6520054936408997,0.28092628717422485,-0.06837322562932968,0.6726816892623901,0.252066969871521,-0.010538625530898571,0.6940259337425232,0.2029649168252945,-0.0512486957013607,0.6974117755889893,0.2739550769329071,-0.05943215265870094,0.6814025640487671,0.29126834869384766,-0.05562649667263031,0.7047854065895081,0.2584405541419983,-0.009211965836584568,0.7269087433815002,0.21906468272209167,-0.05228067561984062,0.7243385910987854,0.28640812635421753,-0.04554499313235283,0.7061338424682617,0.3037969768047333,-0.029974453151226044,0.7337400913238525,0.266243577003479,-0.010339725762605667,0.7512979507446289,0.23680441081523895,-0.03651348128914833,0.7499329447746277,0.2849542200565338,-0.030624179169535637,0.734620988368988,0.3036084771156311,-0.01973709836602211
0.7350200414657593,0.40669795870780945,-5.152165272193088e-07,0.6703391075134277,0.3838125467300415,-0.04595322161912918,0.6156566143035889,0.30100587010383606,-0.059295859187841415,0.5991133451461792,0.20801123976707458,-0.06694665551185608,0.6061506271362305,0.14355872571468353,-0.06527134031057358,0.6452196836471558,0.21895785629749298,-0.01649080589413643,0.6684044599533081,0.16206596791744232,-0.055721428245306015,0.6788158416748047,0.23542022705078125,-0.06900747865438461,0.6671119332313538,0.2671404480934143,-0.07199082523584366,0.6932493448257446,0.21635383367538452,-0.008346929214894772,0.7150267958641052,0.16134825348854065,-0.057069435715675354,0.7206405401229858,0.2564227283000946,-0.06648634374141693,0.7015491127967834,0.2782159149646759,-0.0606488436460495,0.7345107793807983,0.22136381268501282,-0.008754412643611431,0.7602265477180481,0.17788666486740112,-0.061068788170814514,0.7567238211631775,0.2656138837337494,-0.05324729159474373,0.7334536910057068,0.28801119327545166,-0.03388688713312149,0.7724891304969788,0.23190928995609283,-0.0122525067999959,0.7943117618560791,0.19768446683883667,-0.04466625675559044,0.7903526425361633,0.25735241174697876,-0.03797313570976257,0.7691630721092224,0.27930504083633423,-0.02426857501268387
0.7376819252967834,0.42211779952049255,-5.500625661625236e-07,0.6717144250869751,0.39282894134521484,-0.04298480600118637,0.6154099106788635,0.305806040763855,-0.055744390934705734,0.5999854803085327,0.20855912566184998,-0.06430435180664062,0.6081754565238953,0.14140698313713074,-0.06367839872837067,0.6517558097839355,0.22050997614860535,-0.010964800603687763,0.6694167852401733,0.16180115938186646,-0.051327046006917953,0.6792141199111938,0.23674650490283966,-0.06639011204242706,0.6708948612213135,0.27128866314888,-0.07027768343687057,0.6997131109237671,0.2195521593093872,-0.005115341395139694,0.7195993661880493,0.16255396604537964,-0.05447149649262428,0.7232404351234436,0.25877872109413147,-0.065495066344738,0.704867959022522,0.2829859256744385,-0.060716792941093445,0.7422834038734436,0.22639447450637817,-0.00795925036072731,0.7662743926048279,0.18216010928153992,-0.06028379872441292,0.760677695274353,0.270550400018692,-0.052580200135707855,0.7371554970741272,0.29351115226745605,-0.0333026722073555,0.7810333371162415,0.23906788229942322,-0.013847009278833866,0.8031212687492371,0.202533558011055,-0.045544158667325974,0.7971678376197815,0.26277604699134827,-0.03800129145383835,0.7755324244499207,0.2854112982749939,-0.023798732087016106
0.742655336856842,0.4396863579750061,-5.747707518821699e-07,0.6763628125190735,0.4161531627178192,-0.04800943657755852,0.6205676794052124,0.32838940620422363,-0.0631038248538971,0.6051785945892334,0.22992472350597382,-0.07264487445354462,0.6132976412773132,0.1613350212574005,-0.0723010003566742,0.654636025428772,0.24213390052318573,-0.020207500085234642,0.6747078895568848,0.1813669502735138,-0.0621105395257473,0.6843271255493164,0.25889554619789124,-0.07508402317762375,0.6742446422576904,0.28977495431900024,-0.07767610251903534,0.7043282985687256,0.24194392561912537,-0.012685021385550499,0.7260252237319946,0.1846141815185547,-0.06410320848226547,0.7287296056747437,0.2842150926589966,-0.07296371459960938,0.709295928478241,0.302452951669693,-0.0666893720626831,0.7481930255889893,0.2479991763830185,-0.014122463762760162,0.7726828455924988,0.20344886183738708,-0.06889989227056503,0.7662959098815918,0.29554682970046997,-0.05935028940439224,0.7425286173820496,0.3126439154148102,-0.03881964832544327,0.7887145280838013,0.2585892677307129,-0.018955834209918976,0.8100468516349792,0.22220024466514587,-0.05255275219678879,0.8039245009422302,0.28498244285583496,-0.04481300339102745,0.782534122467041,0.3057412803173065,-0.03046250343322754
0.702516496181488,0.4331854283809662,-4.654561394090706e-07,0.6425687074661255,0.40717238187789917,-0.032673995941877365,0.587702751159668,0.3272264301776886,-0.045064348727464676,0.5740530490875244,0.23842357099056244,-0.05480092391371727,0.5895054936408997,0.17772886157035828,-0.058035869151353836,0.6272547245025635,0.24204173684120178,-0.012412002310156822,0.6368856430053711,0.1912381500005722,-0.05104149878025055,0.6446366310119629,0.257345587015152,-0.07056574523448944,0.6440720558166504,0.29545968770980835,-0.0790657177567482,0.6732660531997681,0.23462051153182983,-0.011949400417506695,0.6837511658668518,0.18502023816108704,-0.05301610007882118,0.685756504535675,0.2664603590965271,-0.06200844421982765,0.6798456907272339,0.29447832703590393,-0.0586707666516304,0.7169491648674011,0.23911601305007935,-0.018911054357886314,0.7310094237327576,0.20548602938652039,-0.06019806116819382,0.7244710326194763,0.2815128564834595,-0.050493668764829636,0.7103440761566162,0.30118095874786377,-0.03414565697312355,0.7587305903434753,0.2535635828971863,-0.02870086580514908,0.770875096321106,0.2260800451040268,-0.05354871600866318,0.7594696283340454,0.2851738929748535,-0.04355054721236229,0.7423888444900513,0.3053390085697174,-0.030130909755825996
0.5831547379493713,0.4824337959289551,-5.910240474804596e-07,0.5194079279899597,0.46899494528770447,-0.02588646672666073,0.4533475339412689,0.38679465651512146,-0.032071661204099655,0.43254607915878296,0.29754650592803955,-0.036379601806402206,0.4363870620727539,0.2352260947227478,-0.0342663899064064,0.4870162010192871,0.29702040553092957,-0.00585166784003377,0.47689735889434814,0.25287556648254395,-0.04021403193473816,0.4895842373371124,0.3195449113845825,-0.05438356101512909,0.4962960481643677,0.35275137424468994,-0.05893603712320328,0.5340698957443237,0.28365299105644226,-0.007482360582798719,0.5267542600631714,0.24188482761383057,-0.04301534593105316,0.536306619644165,0.32713252305984497,-0.04503490403294563,0.5398633480072021,0.351101279258728,-0.03685692697763443,0.5808080434799194,0.28595107793807983,-0.016334105283021927,0.5765997767448425,0.2559922933578491,-0.053256917744874954,0.5772244334220886,0.3338325023651123,-0.03935752063989639,0.5732452273368835,0.3525403141975403,-0.020807534456253052,0.6278270483016968,0.2980346083641052,-0.027613123878836632,0.6211763024330139,0.27386748790740967,-0.0497635155916214,0.6128044128417969,0.3345312476158142,-0.03771521523594856,0.6040405035018921,0.35449010133743286,-0.02301713079214096
0.5691825747489929,0.4744974970817566,-6.333147553050367e-07,0.49679282307624817,0.4669536352157593,-0.038864485919475555,0.4236208498477936,0.3811453580856323,-0.049340467900037766,0.39387059211730957,0.28122448921203613,-0.05717158317565918,0.3925491273403168,0.20641759037971497,-0.055577345192432404,0.44735491275787354,0.28651756048202515,-0.00931545440107584,0.4402393698692322,0.22363606095314026,-0.05238616466522217,0.4666106104850769,0.29744797945022583,-0.06523773074150085,0.4784421920776367,0.3339497745037079,-0.06616119295358658,0.500790536403656,0.2729300260543823,-0.006881383713334799,0.49448952078819275,0.2132202386856079,-0.05611511692404747,0.5155563354492188,0.31597909331321716,-0.05824730917811394,0.5171612501144409,0.33579397201538086,-0.04549858346581459,0.5519866943359375,0.27153366804122925,-0.014475504867732525,0.5517156720161438,0.22531580924987793,-0.06747055053710938,0.5588186979293823,0.3204539716243744,-0.05293736234307289,0.5526979565620422,0.33661192655563354,-0.027955597266554832,0.6032384634017944,0.2760045826435089,-0.025133855640888214,0.6042913794517517,0.23462465405464172,-0.05584706366062164,0.6020563840866089,0.2989073395729065,-0.04479014500975609,0.5933681130409241,0.3201613128185272,-0.027747634798288345
0.565788209438324,0.47453272342681885,-7.125993874979031e-07,0.4928768277168274,0.4675734341144562,-0.038477055728435516,0.4167214035987854,0.3772556483745575,-0.04838293790817261,0.3862776756286621,0.27320072054862976,-0.05577126145362854,0.38839486241340637,0.19779318571090698,-0.053270719945430756,0.4408937990665436,0.27719274163246155,-0.009617731906473637,0.43342798948287964,0.21322494745254517,-0.05184979736804962,0.4587430953979492,0.2917264401912689,-0.06264174729585648,0.4695874750614166,0.3266342878341675,-0.06278008222579956,0.49457404017448425,0.2647903859615326,-0.007911646738648415,0.4883958399295807,0.20625169575214386,-0.056937653571367264,0.5072627663612366,0.3129008114337921,-0.05812802538275719,0.507315456867218,0.3277614116668701,-0.04532836005091667,0.5461453199386597,0.2633019685745239,-0.016298511996865273,0.5464494824409485,0.21755892038345337,-0.06919120997190475,0.5516397953033447,0.3164454996585846,-0.05332962051033974,0.5439288020133972,0.32773956656455994,-0.02839859202504158,0.5981674194335938,0.2668786346912384,-0.02790696732699871,0.5996960401535034,0.22506412863731384,-0.05951320752501488,0.5966758728027344,0.2943330705165863,-0.04843556508421898,0.587645411491394,0.31483587622642517,-0.0318266861140728
0.563241720199585,0.47733816504478455,-7.007505473666242e-07,0.4877713620662689,0.46629178524017334,-0.03622107207775116,0.412339448928833,0.3801277279853821,-0.04562701657414436,0.38126686215400696,0.2797025144100189,-0.053036246448755264,0.38181018829345703,0.2047107070684433,-0.05119609087705612,0.4360966980457306,0.28171783685684204,-0.004854836966842413,0.4286457300186157,0.22194384038448334,-0.047184474766254425,0.45607107877731323,0.2992389500141144,-0.061271026730537415,0.4669378101825714,0.32939401268959045,-0.06415862590074539,0.48929721117019653,0.2686499357223511,-0.0043771895579993725,0.48526787757873535,0.212930366396904,-0.052880965173244476,0.5053627490997314,0.3165636658668518,-0.057473279535770416,0.5036327838897705,0.33288949728012085,-0.04768993705511093,0.5402194261550903,0.265619695186615,-0.013675285503268242,0.541180431842804,0.22392643988132477,-0.0663665235042572,0.548424482345581,0.32148411870002747,-0.05292923003435135,0.5403143763542175,0.334542453289032,-0.029717212542891502,0.59159255027771,0.26748111844062805,-0.025912286713719368,0.5929110646247864,0.22917383909225464,-0.056208692491054535,0.5920227766036987,0.2992846965789795,-0.04444003105163574,0.5833167433738708,0.32099026441574097,-0.02751374989748001
0.5165609121322632,0.5028415322303772,-5.615539180325868e-07,0.4513988494873047,0.4936651885509491,-0.026831157505512238,0.3871224522590637,0.4305853247642517,-0.0359623022377491,0.35857656598091125,0.35186105966567993,-0.04417307674884796,0.3580678403377533,0.2895752489566803,-0.0453375019133091,0.4027157425880432,0.3494853675365448,-0.004748696926981211,0.39252886176109314,0.2936062812805176,-0.042024094611406326,0.41443851590156555,0.3548933267593384,-0.056943293660879135,0.42537134885787964,0.38570332527160645,-0.06083602458238602,0.4476996064186096,0.3353181481361389,-0.005751993041485548,0.4401586651802063,0.2877017557621002,-0.04466816410422325,0.457184761762619,0.3664339482784271,-0.04879196360707283,0.4594469666481018,0.3813377916812897,-0.041422128677368164,0.4915500581264496,0.3309583365917206,-0.014429251663386822,0.4861150085926056,0.2987840473651886,-0.05545980483293533,0.49346840381622314,0.373418390750885,-0.04378030076622963,0.49007999897003174,0.3831380605697632,-0.02489498071372509,0.5358837842941284,0.33280593156814575,-0.025308893993496895,0.5273998975753784,0.30626511573791504,-0.04724700003862381,0.5272172689437866,0.36157387495040894,-0.03539695963263512,0.5235159397125244,0.3786996603012085,-0.020319469273090363
0.49290329217910767,0.5279814600944519,-5.196232564230741e-07,0.43629246950149536,0.5191115140914917,-0.026229210197925568,0.3770831227302551,0.46120062470436096,-0.033135734498500824,0.3483874201774597,0.391979843378067,-0.038924746215343475,0.3460562527179718,0.33630087971687317,-0.03831998258829117,0.38943445682525635,0.3928092122077942,-0.0023968250025063753,0.38200169801712036,0.3465197682380676,-0.03338466212153435,0.4042184054851532,0.39919885993003845,-0.04407685622572899,0.4133118689060211,0.4241042137145996,-0.04611021280288696,0.4295748174190521,0.37939223647117615,-0.002112807473167777,0.4240092635154724,0.3368449807167053,-0.03755130246281624,0.442719966173172,0.4079059064388275,-0.04158390313386917,0.44340720772743225,0.4230838119983673,-0.03471628203988075,0.4685291051864624,0.3744470477104187,-0.009039390832185745,0.4680788516998291,0.34606480598449707,-0.04766639694571495,0.4769357442855835,0.41386526823043823,-0.039604369550943375,0.47118061780929565,0.424319326877594,-0.02345952019095421,0.5075490474700928,0.3739927411079407,-0.017908623442053795,0.5049319267272949,0.3465767502784729,-0.039027515798807144,0.5068966150283813,0.3953588604927063,-0.030664734542369843,0.5018674731254578,0.41164430975914,-0.0186616163700819
0.4622279703617096,0.5344642996788025,-4.13991557479676e-07,0.41023313999176025,0.5266271829605103,-0.02636263519525528,0.35110944509506226,0.47501832246780396,-0.0344974622130394,0.3184646964073181,0.4108985960483551,-0.04099337011575699,0.31485363841056824,0.35634613037109375,-0.04144394397735596,0.36722156405448914,0.4048207700252533,-0.0037905313074588776,0.35879603028297424,0.36270490288734436,-0.0313362181186676,0.3780069649219513,0.41348573565483093,-0.041585247963666916,0.38610589504241943,0.4340569078922272,-0.04469041898846626,0.40517619252204895,0.39306640625,-0.0023345898371189833,0.3979003131389618,0.35342949628829956,-0.032948341220617294,0.41262584924697876,0.4189333915710449,-0.035624705255031586,0.41346514225006104,0.4320860803127289,-0.029627854004502296,0.4414837062358856,0.39240342378616333,-0.007575517520308495,0.4398232400417328,0.365513414144516,-0.04100340977311134,0.44637778401374817,0.4256752133369446,-0.0320199690759182,0.4427058696746826,0.43565553426742554,-0.017125485464930534,0.4774192273616791,0.3968238830566406,-0.014840798452496529,0.4745771884918213,0.37306129932403564,-0.03269421309232712,0.4755968749523163,0.416587769985199,-0.024105777963995934,0.471593976020813,0.43057751655578613,-0.013058771379292011
0.4358800947666168,0.5155147314071655,-3.7061840885144193e-07,0.3829340636730194,0.5058029294013977,-0.02622614987194538,0.32570990920066833,0.46359989047050476,-0.03530821204185486,0.2893195152282715,0.40902480483055115,-0.043509114533662796,0.277845174074173,0.3576691746711731,-0.04657987877726555,0.3419477343559265,0.393964022397995,-0.00041997022344730794,0.33055704832077026,0.3554939031600952,-0.028623875230550766,0.3506559133529663,0.40249136090278625,-0.041532002389431,0.36107495427131653,0.42341357469558716,-0.046256985515356064,0.377166748046875,0.38218769431114197,0.000993517693132162,0.3666808307170868,0.34372347593307495,-0.03125809505581856,0.3826614022254944,0.40812304615974426,-0.03760042041540146,0.38566315174102783,0.42288047075271606,-0.03349771723151207,0.41110897064208984,0.3781646490097046,-0.004265314899384975,0.4054272472858429,0.3466435670852661,-0.039085935801267624,0.41323360800743103,0.4093482494354248,-0.03192213550209999,0.41235604882240295,0.42362672090530396,-0.017209801822900772,0.4452093839645386,0.3787541091442108,-0.011520174331963062,0.4401209056377411,0.35107576847076416,-0.03066932037472725,0.4418236315250397,0.39357107877731323,-0.022868705913424492,0.44070276618003845,0.40793758630752563,-0.011597930453717709
0.46119433641433716,0.5635664463043213,-5.176158310860046e-07,0.40639182925224304,0.5569010972976685,-0.025277987122535706,0.34991446137428284,0.5092316269874573,-0.034662604331970215,0.3163621127605438,0.45231571793556213,-0.04309087246656418,0.3005019724369049,0.4068634510040283,-0.046308595687150955,0.37770551443099976,0.42903655767440796,-0.004405990242958069,0.37363699078559875,0.38619714975357056,-0.035153765231370926,0.38856369256973267,0.43840527534484863,-0.050639428198337555,0.3942761719226837,0.4670719802379608,-0.05653548240661621,0.41414275765419006,0.42136162519454956,-0.004313163924962282,0.40995827317237854,0.3761211335659027,-0.03844423592090607,0.42133185267448425,0.44664767384529114,-0.04590924456715584,0.42126673460006714,0.46903717517852783,-0.04225015640258789,0.44786015152931213,0.42159777879714966,-0.010421480052173138,0.44896814227104187,0.3830161988735199,-0.04611164331436157,0.4533267915248871,0.44778215885162354,-0.03900138661265373,0.4482799172401428,0.4680783748626709,-0.0242724921554327,0.48119404911994934,0.4281942844390869,-0.018359718844294548,0.4841979444026947,0.3932259976863861,-0.03831898421049118,0.4834110140800476,0.43603500723838806,-0.030040349811315536,0.47697126865386963,0.45394423604011536,-0.01825638674199581
0.4682930111885071,0.5761461853981018,-4.0934145317805815e-07,0.4180143475532532,0.5627373456954956,-0.028085729107260704,0.36392179131507874,0.5209910869598389,-0.041610945016145706,0.3349383771419525,0.46565109491348267,-0.05361119285225868,0.33833688497543335,0.4135197401046753,-0.05941354110836983,0.38569945096969604,0.4363040626049042,-0.008626721799373627,0.37855178117752075,0.39208418130874634,-0.04132555052638054,0.39506399631500244,0.44218549132347107,-0.05677901953458786,0.4044947028160095,0.46666672825813293,-0.06266335397958755,0.42314451932907104,0.42676541209220886,-0.008032156154513359,0.4191562533378601,0.3813466429710388,-0.04480115696787834,0.4307421147823334,0.451754093170166,-0.05209814012050629,0.4309660494327545,0.471228688955307,-0.04763844981789589,0.4584174156188965,0.42604830861091614,-0.013957545161247253,0.4595724642276764,0.38837921619415283,-0.05117961764335632,0.4627133309841156,0.45294860005378723,-0.04246453195810318,0.45784881711006165,0.46951135993003845,-0.02618754655122757,0.49332353472709656,0.4323808550834656,-0.022088300436735153,0.4934001564979553,0.3974608778953552,-0.042505234479904175,0.4922986924648285,0.4420134425163269,-0.03304891288280487,0.48657864332199097,0.46005573868751526,-0.019949493929743767
0.480631023645401,0.5793747901916504,-3.87933965839693e-07,0.42690137028694153,0.5630676746368408,-0.024901866912841797,0.37440866231918335,0.5248463153839111,-0.03908726945519447,0.3452247679233551,0.47575071454048157,-0.052859898656606674,0.34885695576667786,0.428425133228302,-0.06129158288240433,0.3994026482105255,0.42608168721199036,-0.007370291277766228,0.3942936360836029,0.3738793432712555,-0.03794645890593529,0.4101932644844055,0.42239177227020264,-0.05644503980875015,0.4194749891757965,0.46340420842170715,-0.06449709832668304,0.437091588973999,0.4114425480365753,-0.007670069113373756,0.43271902203559875,0.3587490916252136,-0.04129955917596817,0.4452595114707947,0.4308519959449768,-0.051779311150312424,0.4465026259422302,0.4686067998409271,-0.05041947588324547,0.4729483723640442,0.41059982776641846,-0.01329850871115923,0.47256457805633545,0.3557671308517456,-0.045968107879161835,0.47671833634376526,0.421785831451416,-0.03834832087159157,0.47364285588264465,0.4581982493400574,-0.023680835962295532,0.5079696774482727,0.42188623547554016,-0.020936310291290283,0.5093264579772949,0.37800633907318115,-0.0402885265648365,0.5052547454833984,0.42055389285087585,-0.03112301230430603,0.49692708253860474,0.4471205770969391,-0.018198231235146523
0.4842984080314636,0.5683571100234985,-3.220518749458279e-07,0.43182069063186646,0.5514329671859741,-0.027730880305171013,0.37891697883605957,0.5157203674316406,-0.04573933780193329,0.34951841831207275,0.4672011137008667,-0.06342092156410217,0.3620525002479553,0.41978150606155396,-0.07596004754304886,0.40131670236587524,0.41436997056007385,-0.01203120406717062,0.3924243450164795,0.35784339904785156,-0.04629030078649521,0.40988460183143616,0.40193626284599304,-0.06791941076517105,0.4214807450771332,0.44330206513404846,-0.07748585939407349,0.43919795751571655,0.39956367015838623,-0.012474640272557735,0.4310203492641449,0.34190478920936584,-0.04803447052836418,0.44661596417427063,0.40749993920326233,-0.05985131114721298,0.4506208896636963,0.4502961337566376,-0.05896077677607536,0.47641521692276,0.397571325302124,-0.018704649060964584,0.47017353773117065,0.33778971433639526,-0.05250827595591545,0.4777762293815613,0.39925679564476013,-0.046284426003694534,0.47680985927581787,0.44252583384513855,-0.03199724107980728,0.51251220703125,0.40797001123428345,-0.027465377002954483,0.5105287432670593,0.3584133982658386,-0.049351368099451065,0.5088056325912476,0.39797914028167725,-0.042167142033576965,0.5020270347595215,0.43193912506103516,-0.02992880530655384
0.48293155431747437,0.5654317140579224,-3.6816419424212654e-07,0.43051978945732117,0.5467992424964905,-0.02839713916182518,0.37584570050239563,0.5069208145141602,-0.04503197968006134,0.34414294362068176,0.45534268021583557,-0.060653574764728546,0.35412973165512085,0.40740594267845154,-0.07060319185256958,0.39967578649520874,0.4108883738517761,-0.012448733672499657,0.3926170766353607,0.35777947306632996,-0.04628113657236099,0.4106239080429077,0.4066714942455292,-0.06511754542589188,0.421423077583313,0.4473068416118622,-0.07277221232652664,0.4384251832962036,0.3972000479698181,-0.012025315314531326,0.43225014209747314,0.3419703245162964,-0.049560416489839554,0.4471351206302643,0.4148903489112854,-0.05958924442529678,0.4501083493232727,0.45486629009246826,-0.056683704257011414,0.47603529691696167,0.3967543840408325,-0.017379434779286385,0.47388219833374023,0.3452437222003937,-0.0545014850795269,0.47978851199150085,0.41378843784332275,-0.04677371308207512,0.47719594836235046,0.4528670012950897,-0.030422735959291458,0.5122342705726624,0.40766602754592896,-0.024933040142059326,0.5120297074317932,0.3642910122871399,-0.04716884717345238,0.5089370012283325,0.4098284840583801,-0.0383039265871048,0.5007988214492798,0.4401600956916809,-0.024747272953391075
0.4862532317638397,0.559542179107666,-3.651969961993018e-07,0.4334760010242462,0.5400571227073669,-0.03070131689310074,0.37824147939682007,0.5003918409347534,-0.04690219834446907,0.3458261787891388,0.4441625773906708,-0.06112953647971153,0.3473151922225952,0.3884846270084381,-0.0693540871143341,0.40104907751083374,0.40992265939712524,-0.01243810448795557,0.3959897458553314,0.3608066141605377,-0.04433927312493324,0.4144436717033386,0.4107379615306854,-0.060906387865543365,0.42430752515792847,0.4483604431152344,-0.06740083545446396,0.43996208906173706,0.39531221985816956,-0.01003393903374672,0.4347439408302307,0.3436392843723297,-0.0473911352455616,0.4500860273838043,0.41800907254219055,-0.05751138925552368,0.4525766968727112,0.45495468378067017,-0.05485920608043671,0.4768179655075073,0.3943350613117218,-0.013330104760825634,0.4769177734851837,0.34755218029022217,-0.051419664174318314,0.48252636194229126,0.4173927307128906,-0.044015318155288696,0.47876518964767456,0.45383405685424805,-0.02786261960864067,0.5120671987533569,0.4037818908691406,-0.018705327063798904,0.5133067965507507,0.36521586775779724,-0.04162275791168213,0.5104769468307495,0.4125191867351532,-0.03292549401521683,0.5016305446624756,0.4414454996585846,-0.019499044865369797
0.48765844106674194,0.5563765168190002,-3.6725313634633494e-07,0.434927761554718,0.5357491970062256,-0.030311400070786476,0.3806957006454468,0.49284255504608154,-0.045078977942466736,0.3496960401535034,0.43442967534065247,-0.057923126965761185,0.34854745864868164,0.37890949845314026,-0.06496308743953705,0.40263742208480835,0.4054245054721832,-0.009959585964679718,0.3991110026836395,0.3583076596260071,-0.04166398569941521,0.41793549060821533,0.4077916145324707,-0.05863716080784798,0.42767322063446045,0.4449286460876465,-0.06529897451400757,0.44128870964050293,0.39253586530685425,-0.0077533237636089325,0.43770039081573486,0.3427589237689972,-0.04413854330778122,0.452694833278656,0.4158409833908081,-0.0544346384704113,0.45464104413986206,0.4517594277858734,-0.05204126238822937,0.4778047800064087,0.39201465249061584,-0.011485564522445202,0.4796343147754669,0.3472295105457306,-0.049138326197862625,0.4848722219467163,0.41634756326675415,-0.04260497912764549,0.48028796911239624,0.4514772295951843,-0.02710653841495514,0.5130969882011414,0.40113353729248047,-0.01730826310813427,0.5155748128890991,0.3635733723640442,-0.03987440839409828,0.5130085945129395,0.4101942479610443,-0.031531695276498795,0.5038769245147705,0.4378306567668915,-0.018410855904221535
0.487198144197464,0.5557902455329895,-3.4945517768392165e-07,0.4337928891181946,0.5340781211853027,-0.030758053064346313,0.37954288721084595,0.4899662137031555,-0.04544365778565407,0.34824711084365845,0.4296918511390686,-0.05808690935373306,0.3482297658920288,0.373310923576355,-0.06471779942512512,0.40342777967453003,0.40619808435440063,-0.009378958493471146,0.3988402187824249,0.35728341341018677,-0.04041176289319992,0.4174721837043762,0.405795156955719,-0.05633242428302765,0.4271868169307709,0.44274649024009705,-0.06235096603631973,0.4418111741542816,0.39315277338027954,-0.006854691542685032,0.4374425709247589,0.3423621654510498,-0.043134164065122604,0.4518767297267914,0.4141162037849426,-0.05350107327103615,0.4533674120903015,0.44953984022140503,-0.05119328200817108,0.47789645195007324,0.39233431220054626,-0.01029753964394331,0.478690505027771,0.3466227650642395,-0.04818398877978325,0.48373943567276,0.4150785803794861,-0.04180087894201279,0.4793509840965271,0.4502558708190918,-0.026394352316856384,0.513034462928772,0.40140724182128906,-0.015882058069109917,0.5153284668922424,0.36373716592788696,-0.03925692290067673,0.5125963091850281,0.40988099575042725,-0.03148063272237778,0.5034633278846741,0.43783965706825256,-0.018658693879842758
0.45719102025032043,0.5580315589904785,-3.929527281343326e-07,0.3984777629375458,0.5339829921722412,-0.024037476629018784,0.34105184674263,0.48789143562316895,-0.0325201041996479,0.307758629322052,0.4355987310409546,-0.04065924882888794,0.29990899562835693,0.3883478045463562,-0.042964812368154526,0.3749437928199768,0.399669885635376,0.007353100460022688,0.365255206823349,0.3639092743396759,-0.02153504453599453,0.3759729862213135,0.4196246862411499,-0.037231847643852234,0.3847251832485199,0.44521334767341614,-0.043588776141405106,0.41023144125938416,0.3855699300765991,0.007852661423385143,0.40019744634628296,0.34719350934028625,-0.02562677673995495,0.408691942691803,0.41734805703163147,-0.033517494797706604,0.41543087363243103,0.436034619808197,-0.029494035989046097,0.444954514503479,0.38470885157585144,0.0013917869655415416,0.43881604075431824,0.3529583811759949,-0.02995440922677517,0.4408281147480011,0.4148705005645752,-0.020443705841898918,0.4435059130191803,0.42854055762290955,-0.004729576408863068,0.48074832558631897,0.39338892698287964,-0.007524500600993633,0.47290799021720886,0.3649385869503021,-0.02187015861272812,0.4689673185348511,0.40932485461235046,-0.010977186262607574,0.4689783453941345,0.42112135887145996,0.002087010070681572
0.3895648717880249,0.5450639724731445,-3.513345347982977e-07,0.32049763202667236,0.525657057762146,-0.02697959542274475,0.25546950101852417,0.4759232997894287,-0.03796631470322609,0.21759335696697235,0.4142177700996399,-0.04853438585996628,0.19922314584255219,0.3563971221446991,-0.053578563034534454,0.28541529178619385,0.37889745831489563,0.0013367260107770562,0.2727975845336914,0.33219918608665466,-0.03157339617609978,0.29566869139671326,0.3867708742618561,-0.05146628990769386,0.3123328387737274,0.42845842242240906,-0.059204261749982834,0.32916510105133057,0.36283841729164124,0.0016805066261440516,0.3140137195587158,0.3115275502204895,-0.03451047092676163,0.3324863016605377,0.38828131556510925,-0.04508889093995094,0.34555667638778687,0.42816048860549927,-0.04245230555534363,0.3718586564064026,0.3626507520675659,-0.004702490288764238,0.3610462248325348,0.3121127486228943,-0.040889982134103775,0.36836522817611694,0.38498374819755554,-0.03138704597949982,0.3746483027935028,0.42374536395072937,-0.01371774822473526,0.41468408703804016,0.37264078855514526,-0.013309124857187271,0.4054204225540161,0.3255021572113037,-0.03282918408513069,0.4013645350933075,0.37532880902290344,-0.020759645849466324,0.40063902735710144,0.40524429082870483,-0.0051153358072042465
0.3681449890136719,0.5326270461082458,-4.475791968161502e-07,0.29436489939689636,0.5091910362243652,-0.027561428025364876,0.2239721417427063,0.45436498522758484,-0.039604537189006805,0.1832810640335083,0.38886359333992004,-0.05216875299811363,0.1634514331817627,0.3285090923309326,-0.058550115674734116,0.25211676955223083,0.35433435440063477,0.0025544408708810806,0.2343539297580719,0.2973395586013794,-0.036738377064466476,0.2617349624633789,0.3534734547138214,-0.05939965695142746,0.28158384561538696,0.3984474539756775,-0.06779824197292328,0.2963802218437195,0.33374032378196716,0.0006956017459742725,0.27769336104393005,0.27298709750175476,-0.043886519968509674,0.3015586733818054,0.35633260011672974,-0.05760094150900841,0.31370002031326294,0.4002625346183777,-0.05447368323802948,0.3414044976234436,0.3302774131298065,-0.008461656048893929,0.3279331624507904,0.2707655131816864,-0.05357027053833008,0.3407323658466339,0.35455870628356934,-0.044676121324300766,0.34624582529067993,0.4000813961029053,-0.02432897686958313,0.3880050778388977,0.33933040499687195,-0.01978273130953312,0.37761110067367554,0.292544424533844,-0.0463375598192215,0.37696728110313416,0.34909698367118835,-0.0350438617169857,0.3752206563949585,0.38279426097869873,-0.017728710547089577
0.37446680665016174,0.5130465030670166,-4.591053084368468e-07,0.30171680450439453,0.48884838819503784,-0.025952976197004318,0.23351222276687622,0.43730491399765015,-0.03805118426680565,0.19422493875026703,0.3710370659828186,-0.0511852502822876,0.17912888526916504,0.30796048045158386,-0.058864813297986984,0.26303890347480774,0.338198721408844,0.005070772487670183,0.24757267534732819,0.28213950991630554,-0.03237457573413849,0.2711009383201599,0.3369145393371582,-0.05658170208334923,0.28893622756004333,0.38137751817703247,-0.06685128062963486,0.3064756989479065,0.32049331068992615,0.0029211342334747314,0.2907280921936035,0.26057499647140503,-0.0379614382982254,0.31142789125442505,0.3414444923400879,-0.052525296807289124,0.3226788640022278,0.38691532611846924,-0.051267314702272415,0.35019412636756897,0.31781819462776184,-0.006356969475746155,0.3403759002685547,0.2608517110347748,-0.047876790165901184,0.3503582179546356,0.3406728208065033,-0.04115062579512596,0.3542785942554474,0.3864392936229706,-0.023463772609829903,0.39531460404396057,0.3263007402420044,-0.017727479338645935,0.3874768912792206,0.2785786986351013,-0.041569095104932785,0.3855026066303253,0.33146822452545166,-0.031015809625387192,0.38258233666419983,0.3660447299480438,-0.015111233107745647
0.37312912940979004,0.5061914920806885,-4.868459768658795e-07,0.3001452386379242,0.4742707312107086,-0.025014648213982582,0.23735249042510986,0.4057963192462921,-0.0347953736782074,0.20881782472133636,0.32640114426612854,-0.04550043120980263,0.20370475947856903,0.258999764919281,-0.05063357949256897,0.2685698866844177,0.3162267506122589,0.005309696309268475,0.25745561718940735,0.26105809211730957,-0.03214719891548157,0.2788804769515991,0.3224603533744812,-0.053694337606430054,0.29394978284835815,0.3681778013706207,-0.06195363402366638,0.3136681318283081,0.30445626378059387,0.0028413808904588223,0.3018146753311157,0.24638131260871887,-0.03873651102185249,0.31981906294822693,0.3301825225353241,-0.05144438520073891,0.32945331931114197,0.37106674909591675,-0.04879793897271156,0.35894516110420227,0.3065698444843292,-0.006744843907654285,0.35303133726119995,0.25312507152557373,-0.04957413300871849,0.3592098653316498,0.3384435474872589,-0.04074621945619583,0.36020171642303467,0.38005098700523376,-0.021533675491809845,0.40422409772872925,0.31901732087135315,-0.01831137016415596,0.3990105986595154,0.2737324833869934,-0.041931524872779846,0.3957725465297699,0.32969164848327637,-0.030130520462989807,0.392585813999176,0.3589491546154022,-0.01352137140929699
0.37944597005844116,0.504666805267334,-4.949094432049606e-07,0.3102664649486542,0.47434431314468384,-0.026438483968377113,0.24837979674339294,0.40522435307502747,-0.037134699523448944,0.2194618582725525,0.3265550434589386,-0.04812919721007347,0.21660912036895752,0.25839197635650635,-0.053652431815862656,0.278501033782959,0.3173914849758148,0.001904327655211091,0.26743245124816895,0.26637011766433716,-0.03491388261318207,0.287680059671402,0.32747194170951843,-0.05535529926419258,0.3018113374710083,0.36953482031822205,-0.06318092346191406,0.32349157333374023,0.3076777458190918,0.0003891329688485712,0.3118441700935364,0.25485560297966003,-0.040030863136053085,0.32882994413375854,0.3373064696788788,-0.05139245092868805,0.3378550112247467,0.3743460774421692,-0.048350851982831955,0.3684057295322418,0.309865266084671,-0.008198919706046581,0.3618631660938263,0.260023295879364,-0.050783392041921616,0.36816179752349854,0.344546914100647,-0.041718367487192154,0.3694832921028137,0.38285306096076965,-0.022675544023513794,0.41316473484039307,0.3210722804069519,-0.0187394842505455,0.4063706398010254,0.27984675765037537,-0.0425441637635231,0.40411239862442017,0.3359900414943695,-0.031118273735046387,0.40204522013664246,0.3629384934902191,-0.014997446909546852
0.39644503593444824,0.49161040782928467,-5.770414759354026e-07,0.32628026604652405,0.4657849967479706,-0.026192937046289444,0.26558980345726013,0.37922564148902893,-0.03260989114642143,0.23615044355392456,0.2934587597846985,-0.03882870823144913,0.21340610086917877,0.2307395488023758,-0.039892956614494324,0.29779207706451416,0.30930233001708984,-0.0046875872649252415,0.2890397608280182,0.25903385877609253,-0.03935690224170685,0.3066995441913605,0.32813096046447754,-0.05464242771267891,0.31894224882125854,0.3612453043460846,-0.05927376449108124,0.3449985682964325,0.3025636374950409,-0.004848864395171404,0.337877094745636,0.25026556849479675,-0.04186037555336952,0.3495909571647644,0.33767980337142944,-0.04648623615503311,0.3580728769302368,0.36605337262153625,-0.040200114250183105,0.3894532322883606,0.30563274025917053,-0.01204694714397192,0.3864828646183014,0.25575438141822815,-0.05201069638133049,0.388153612613678,0.3388952314853668,-0.04005691036581993,0.38992366194725037,0.37081485986709595,-0.020698189735412598,0.43163540959358215,0.31490015983581543,-0.02121296525001526,0.4299317002296448,0.27110275626182556,-0.04287201538681984,0.425000935792923,0.32677480578422546,-0.03127118945121765,0.42275023460388184,0.35413873195648193,-0.016441578045487404
0.42247188091278076,0.5086855292320251,-6.694672833873483e-07,0.3502691388130188,0.48340338468551636,-0.029929669573903084,0.2916145920753479,0.3849031925201416,-0.035961683839559555,0.2699829339981079,0.2881796360015869,-0.04060450196266174,0.25597766041755676,0.22072069346904755,-0.0388154499232769,0.32760894298553467,0.3150758147239685,-0.008792679756879807,0.3224104642868042,0.26331019401550293,-0.04488291218876839,0.3390405774116516,0.33836981654167175,-0.056977126747369766,0.3501952290534973,0.372016042470932,-0.0588444359600544,0.3772895336151123,0.3127625584602356,-0.00813763402402401,0.3725599944591522,0.2604331970214844,-0.04704585298895836,0.38154125213623047,0.3543514609336853,-0.048368096351623535,0.38778629899024963,0.37990066409111023,-0.03901108354330063,0.4232426583766937,0.3192087411880493,-0.015386592596769333,0.4227384924888611,0.27476438879966736,-0.05821588635444641,0.42101070284843445,0.36448934674263,-0.04338550195097923,0.4205090403556824,0.3926195800304413,-0.021381553262472153,0.4674820303916931,0.3317049741744995,-0.02502751536667347,0.4678006172180176,0.287844717502594,-0.048602767288684845,0.46022480726242065,0.34866204857826233,-0.035880982875823975,0.4558456242084503,0.3765600621700287,-0.019794359803199768
0.44011950492858887,0.5126438736915588,-6.183382197377796e-07,0.36635667085647583,0.48876121640205383,-0.033444032073020935,0.3062783181667328,0.39192038774490356,-0.0398327112197876,0.28410738706588745,0.29183393716812134,-0.04455010965466499,0.2674970030784607,0.22399453818798065,-0.04258369281888008,0.3430001735687256,0.3233645558357239,-0.005693031009286642,0.3379855751991272,0.26844605803489685,-0.04254496842622757,0.35447996854782104,0.34391120076179504,-0.056122075766325,0.36235401034355164,0.37443849444389343,-0.05922688916325569,0.39247632026672363,0.32059764862060547,-0.0030984608456492424,0.388534277677536,0.2706432342529297,-0.042046379297971725,0.3965732753276825,0.3628072142601013,-0.04439908638596535,0.4000236690044403,0.3821505904197693,-0.03608045354485512,0.4377208352088928,0.32555636763572693,-0.009490524418652058,0.43742430210113525,0.27955836057662964,-0.052713289856910706,0.4357389211654663,0.3674887716770172,-0.03904995322227478,0.4344747066497803,0.38993194699287415,-0.018027544021606445,0.4817383289337158,0.336000919342041,-0.018841562792658806,0.48164039850234985,0.2956637144088745,-0.04269375279545784,0.47463178634643555,0.35591447353363037,-0.031276118010282516,0.47060269117355347,0.37968873977661133,-0.01624705083668232
0.4566739499568939,0.5243645906448364,-6.524620630443678e-07,0.38337716460227966,0.49876898527145386,-0.03033948875963688,0.3202468752861023,0.4058581292629242,-0.03720853850245476,0.29790255427360535,0.30690106749534607,-0.04286118969321251,0.2968640625476837,0.23689478635787964,-0.04199603199958801,0.3586340546607971,0.33290359377861023,-0.003449132665991783,0.3537870943546295,0.280008465051651,-0.03951312229037285,0.3699307143688202,0.3543543517589569,-0.05307602882385254,0.3776654899120331,0.38672131299972534,-0.05653258040547371,0.40777426958084106,0.3302583396434784,-0.003078585024923086,0.40277090668678284,0.2795330882072449,-0.04170992970466614,0.41272953152656555,0.3714848458766937,-0.044555388391017914,0.41619303822517395,0.3946324288845062,-0.036767490208148956,0.453485369682312,0.33557605743408203,-0.01116716768592596,0.4520050287246704,0.29031479358673096,-0.053730953484773636,0.4522860050201416,0.37926602363586426,-0.03920141980051994,0.4505194425582886,0.4038022756576538,-0.017961524426937103,0.4983992576599121,0.34776920080184937,-0.02192000113427639,0.4974384009838104,0.3070421516895294,-0.04529232159256935,0.4913097321987152,0.3712930381298065,-0.032513149082660675,0.4866502285003662,0.3976072669029236,-0.016879083588719368
0.45393577218055725,0.5823651552200317,-5.95060726027441e-07,0.38786739110946655,0.5605592727661133,-0.030416984111070633,0.32274723052978516,0.48074105381965637,-0.0377793088555336,0.2981840968132019,0.3887624442577362,-0.04388890415430069,0.31608352065086365,0.3244140148162842,-0.04300732538104057,0.35587841272354126,0.4088984727859497,-0.0004151837492827326,0.35126543045043945,0.3602486252784729,-0.03816862031817436,0.3675522804260254,0.4275815486907959,-0.053836721926927567,0.37311625480651855,0.45050308108329773,-0.059123359620571136,0.4018164277076721,0.40388354659080505,-0.00013657422096002847,0.396955281496048,0.3534846305847168,-0.04350915551185608,0.4078381061553955,0.4434884190559387,-0.04854533448815346,0.40852874517440796,0.46211308240890503,-0.04033898562192917,0.44537606835365295,0.40545427799224854,-0.00854709092527628,0.44488728046417236,0.362458199262619,-0.05427561700344086,0.446569561958313,0.4482455849647522,-0.041815221309661865,0.4426657557487488,0.46814340353012085,-0.020395927131175995,0.48875612020492554,0.4129563868045807,-0.01964981108903885,0.48937129974365234,0.37733033299446106,-0.04466941952705383,0.4849848747253418,0.43729403614997864,-0.033773910254240036,0.47903361916542053,0.45928603410720825,-0.01860900968313217
0.43499302864074707,0.6063041090965271,-5.772088798039476e-07,0.37011459469795227,0.5885154008865356,-0.0267644003033638,0.30689340829849243,0.5134499669075012,-0.03391453996300697,0.28391319513320923,0.4247194826602936,-0.040415871888399124,0.3093229830265045,0.3705001473426819,-0.040090348571538925,0.3443244695663452,0.4381658136844635,-0.002412889851257205,0.3348713219165802,0.39030182361602783,-0.035656336694955826,0.3486177623271942,0.4574224650859833,-0.04774966835975647,0.35724806785583496,0.4815506339073181,-0.051474060863256454,0.3871253430843353,0.4314025044441223,-0.0023894994519650936,0.3778906762599945,0.38806676864624023,-0.03983762487769127,0.3867717981338501,0.47238361835479736,-0.04165808856487274,0.39293381571769714,0.4866746664047241,-0.03315361589193344,0.42816272377967834,0.43209102749824524,-0.010184358805418015,0.4230892062187195,0.3919088840484619,-0.0488269068300724,0.42339468002319336,0.4730188846588135,-0.03379913419485092,0.4245854616165161,0.4902399182319641,-0.012782959267497063,0.47030574083328247,0.4390774667263031,-0.020716199651360512,0.4654686748981476,0.4038524925708771,-0.04097496345639229,0.4597950875759125,0.4586288332939148,-0.029508501291275024,0.45798563957214355,0.4785062074661255,-0.015182411298155785
0.4229423403739929,0.612095057964325,-5.666623223987699e-07,0.35831403732299805,0.5946868658065796,-0.02210424840450287,0.2978147864341736,0.5224519371986389,-0.02808190882205963,0.2764781713485718,0.4403911828994751,-0.034706782549619675,0.3021659553050995,0.39216214418411255,-0.03554997220635414,0.33622199296951294,0.4478444755077362,0.0014630823861807585,0.32440122961997986,0.40252429246902466,-0.03208852559328079,0.33741816878318787,0.46565911173820496,-0.04668246954679489,0.34785109758377075,0.4948449730873108,-0.05147668346762657,0.37670379877090454,0.44095098972320557,-0.0002597861457616091,0.3659384846687317,0.400296151638031,-0.036431871354579926,0.37582293152809143,0.4807480573654175,-0.03952507674694061,0.38419878482818604,0.49932727217674255,-0.03190777823328972,0.41625431180000305,0.44099292159080505,-0.009323443286120892,0.40893736481666565,0.4009334444999695,-0.04616798833012581,0.41068777441978455,0.4797671437263489,-0.03191470727324486,0.41364461183547974,0.5018694996833801,-0.011525506153702736,0.4570619463920593,0.4472603499889374,-0.020787788555026054,0.450203537940979,0.4112060070037842,-0.03995951637625694,0.4448448419570923,0.46514832973480225,-0.028164872899651527,0.4438447952270508,0.48728206753730774,-0.013509463518857956
0.4190092980861664,0.6157035827636719,-5.605227784144517e-07,0.3558956980705261,0.6019778847694397,-0.021914150565862656,0.2971913814544678,0.5293319821357727,-0.027276434004306793,0.2780630588531494,0.4487811326980591,-0.032778069376945496,0.3023987114429474,0.40143874287605286,-0.03269987553358078,0.3330709934234619,0.45398762822151184,-0.0008994019008241594,0.3233014643192291,0.41140854358673096,-0.03377764672040939,0.3378902077674866,0.4739115536212921,-0.04820557311177254,0.3473961651325226,0.5037092566490173,-0.05293389409780502,0.3726472854614258,0.44593462347984314,-0.0019878416787832975,0.3632640838623047,0.404752641916275,-0.03688797354698181,0.37584057450294495,0.4854533076286316,-0.03958689793944359,0.3838750422000885,0.5069451928138733,-0.03178026154637337,0.41249755024909973,0.4445677697658539,-0.00997798703610897,0.40646234154701233,0.4044759273529053,-0.04634448513388634,0.41074180603027344,0.4838906228542328,-0.03229381516575813,0.41301122307777405,0.5092383623123169,-0.01197904720902443,0.4534265697002411,0.44971075654029846,-0.020159315317869186,0.44854891300201416,0.41338855028152466,-0.04026277735829353,0.4445561170578003,0.4671303927898407,-0.029129037633538246,0.44171327352523804,0.49042049050331116,-0.014691024087369442
0.42316073179244995,0.6174026727676392,-5.65089180781797e-07,0.3583552837371826,0.6034435033798218,-0.021124674007296562,0.2980136573314667,0.5373017191886902,-0.025810837745666504,0.27863019704818726,0.4567584991455078,-0.031001076102256775,0.3020656704902649,0.40697386860847473,-0.030700664967298508,0.3334856331348419,0.4617501497268677,0.0047536916099488735,0.3216801881790161,0.4228917360305786,-0.026388393715023994,0.33764299750328064,0.4832673668861389,-0.040340155363082886,0.34761175513267517,0.5038930773735046,-0.04544582590460777,0.3722788095474243,0.4511580765247345,0.0035218570847064257,0.3613922595977783,0.41153472661972046,-0.03087972290813923,0.3761132061481476,0.4905690848827362,-0.03403455764055252,0.38387179374694824,0.5065891146659851,-0.02647169679403305,0.4111078083515167,0.446256548166275,-0.00480937073007226,0.40359118580818176,0.40786129236221313,-0.0412844717502594,0.41028082370758057,0.48516207933425903,-0.027959024533629417,0.413357138633728,0.5056861042976379,-0.007899352349340916,0.45121103525161743,0.44909340143203735,-0.015307636931538582,0.44494330883026123,0.41272521018981934,-0.034758660942316055,0.44300997257232666,0.4658592939376831,-0.02359117567539215,0.4421277940273285,0.48692411184310913,-0.009143894538283348
0.42239823937416077,0.6321563124656677,-5.365251354305656e-07,0.36614692211151123,0.6384841799736023,-0.044877588748931885,0.2922288775444031,0.5789934992790222,-0.057092126458883286,0.25649070739746094,0.4952392280101776,-0.0625113770365715,0.28072986006736755,0.4426940679550171,-0.05866454169154167,0.29740914702415466,0.4972074329853058,-0.023060014471411705,0.3045814037322998,0.45558732748031616,-0.055958714336156845,0.3298547863960266,0.5195531249046326,-0.062371306121349335,0.3224761486053467,0.5199586749076843,-0.0643194243311882,0.338775098323822,0.4704209268093109,-0.014325101859867573,0.34709495306015015,0.4349747896194458,-0.05434364080429077,0.37150630354881287,0.5200767517089844,-0.05281994491815567,0.3585534393787384,0.5160272121429443,-0.04252489656209946,0.37816911935806274,0.4517342150211334,-0.01448313519358635,0.3918705880641937,0.42797088623046875,-0.05676598474383354,0.40679073333740234,0.5076907873153687,-0.04352131485939026,0.39178329706192017,0.5079675316810608,-0.025201357901096344,0.4198590815067291,0.4389302432537079,-0.018610337749123573,0.42951250076293945,0.4240213632583618,-0.04308546334505081,0.4373905658721924,0.4836796224117279,-0.0366598442196846,0.4246734082698822,0.4953090250492096,-0.02697322703897953
0.38776665925979614,0.631522536277771,-4.468857639494672e-07,0.3266603946685791,0.6390758156776428,-0.04062240570783615,0.25213828682899475,0.5868828892707825,-0.05109502002596855,0.21493232250213623,0.514452338218689,-0.056850988417863846,0.22240939736366272,0.4610234200954437,-0.0540715716779232,0.2579498589038849,0.49822553992271423,-0.020369848236441612,0.24087761342525482,0.45839038491249084,-0.0559818297624588,0.27236825227737427,0.5052211880683899,-0.06300544738769531,0.2794506251811981,0.5091830492019653,-0.062224846333265305,0.3016982674598694,0.4725034832954407,-0.0135365454480052,0.2984558343887329,0.4358963370323181,-0.05579211935400963,0.3306194245815277,0.5197771787643433,-0.05289384350180626,0.3240220248699188,0.5239033699035645,-0.03882727771997452,0.34536466002464294,0.4558919370174408,-0.01548995915800333,0.34940436482429504,0.4291909337043762,-0.06223352625966072,0.3686673641204834,0.509346067905426,-0.04834723845124245,0.35860398411750793,0.5199987292289734,-0.02610412985086441,0.38930901885032654,0.4472282826900482,-0.020776599645614624,0.39422324299812317,0.4226846992969513,-0.04898777976632118,0.40146487951278687,0.47905945777893066,-0.04119750112295151,0.3914547860622406,0.49849575757980347,-0.027670733630657196
0.35695093870162964,0.5827534198760986,-5.13287261583173e-07,0.2885398864746094,0.5699960589408875,-0.025476627051830292,0.21893583238124847,0.49920928478240967,-0.03174327313899994,0.19213098287582397,0.4181256592273712,-0.037662241607904434,0.21879389882087708,0.3751664459705353,-0.0369546078145504,0.2560601830482483,0.4258534908294678,-0.0013395869173109531,0.2423098087310791,0.38160890340805054,-0.03339143842458725,0.2626033425331116,0.4446108937263489,-0.04428264498710632,0.2692415416240692,0.4615614712238312,-0.04741501435637474,0.2992493510246277,0.41192859411239624,-0.0022093546576797962,0.28919583559036255,0.37005364894866943,-0.04022461548447609,0.3072952628135681,0.45189616084098816,-0.04190317168831825,0.31067705154418945,0.4647042453289032,-0.032553695142269135,0.3415491282939911,0.4081249535083771,-0.01041294727474451,0.33545249700546265,0.3699989914894104,-0.0487346276640892,0.34671926498413086,0.44798576831817627,-0.03263578563928604,0.3462652862071991,0.4628063142299652,-0.010736166499555111,0.3839868903160095,0.4120427668094635,-0.021172398701310158,0.37988734245300293,0.37715041637420654,-0.0408693365752697,0.38263100385665894,0.43214598298072815,-0.028064019978046417,0.3812920153141022,0.4497606158256531,-0.012670754455029964
0.3118521571159363,0.44191116094589233,-6.48484785870096e-07,0.23451048135757446,0.42584943771362305,-0.02650008723139763,0.16663892567157745,0.3333560526371002,-0.03318660706281662,0.14684385061264038,0.23866227269172668,-0.03973864018917084,0.171028733253479,0.17674192786216736,-0.039961256086826324,0.20524433255195618,0.2478562444448471,-0.0032620837446302176,0.19483384490013123,0.1949472576379776,-0.04415074363350868,0.21226143836975098,0.26712971925735474,-0.0623260959982872,0.22535042464733124,0.3101699650287628,-0.06740497052669525,0.25386756658554077,0.24027800559997559,-0.004647898022085428,0.24408453702926636,0.18826791644096375,-0.04754994437098503,0.25833091139793396,0.28538626432418823,-0.05098695307970047,0.2699463665485382,0.3197367489337921,-0.04083414748311043,0.3032129108905792,0.24212971329689026,-0.014244049787521362,0.29501691460609436,0.19276948273181915,-0.05787580460309982,0.3003382980823517,0.28813591599464417,-0.04059990495443344,0.30550670623779297,0.3246602714061737,-0.015433026477694511,0.35334867238998413,0.2512948215007782,-0.026356127113103867,0.34449201822280884,0.20685338973999023,-0.05119997262954712,0.34094133973121643,0.272091805934906,-0.03719756752252579,0.3416428864002228,0.30308854579925537,-0.018765820190310478
0.31741148233413696,0.45115941762924194,-7.027508104329172e-07,0.2359461933374405,0.43316516280174255,-0.026549626141786575,0.16143372654914856,0.3372384011745453,-0.03306581452488899,0.1363348662853241,0.23325689136981964,-0.040175557136535645,0.16816574335098267,0.17438986897468567,-0.040527842938899994,0.20893587172031403,0.2488388866186142,0.0002943253784906119,0.1951691210269928,0.19659897685050964,-0.03806369751691818,0.21251383423805237,0.2739322781562805,-0.053917352110147476,0.22721606492996216,0.3131084442138672,-0.058780040591955185,0.2578432857990265,0.2394743114709854,-0.001511567272245884,0.2434903234243393,0.18863746523857117,-0.044683609157800674,0.25723153352737427,0.2876202464103699,-0.04847138002514839,0.2708403766155243,0.3181341588497162,-0.0392693430185318,0.30610984563827515,0.23996374011039734,-0.011531519703567028,0.2932467758655548,0.18687963485717773,-0.05443068966269493,0.2986207604408264,0.28677883744239807,-0.034819524735212326,0.3059326410293579,0.3216748535633087,-0.008702192455530167,0.35632166266441345,0.24768884479999542,-0.024480868130922318,0.3441794216632843,0.20257414877414703,-0.04696108028292656,0.3404998779296875,0.27112072706222534,-0.03136519342660904,0.3429994285106659,0.3014775812625885,-0.012700771912932396
0.3437391519546509,0.4560927748680115,-6.437763886424364e-07,0.2625391185283661,0.43340814113616943,-0.025539079681038857,0.1932867169380188,0.334637314081192,-0.031835343688726425,0.16772130131721497,0.23288403451442719,-0.03899572417140007,0.1997414231300354,0.18346592783927917,-0.039751578122377396,0.23530341684818268,0.25366777181625366,0.0045548006892204285,0.22494550049304962,0.20195668935775757,-0.0315110869705677,0.2393096387386322,0.2772519886493683,-0.04725894704461098,0.2522663474082947,0.31346267461776733,-0.05286573991179466,0.2842804193496704,0.2416696548461914,0.002562788547948003,0.272251158952713,0.19164404273033142,-0.03666844591498375,0.2824651598930359,0.28447508811950684,-0.04060432314872742,0.2960076332092285,0.3115786612033844,-0.03267312049865723,0.331099271774292,0.2429327815771103,-0.007451164070516825,0.3198002576828003,0.19118455052375793,-0.04583234712481499,0.3231297433376312,0.2838281989097595,-0.02727682702243328,0.33098068833351135,0.3145623505115509,-0.0032223567832261324,0.37990304827690125,0.2520786225795746,-0.020420551300048828,0.3678390085697174,0.20770274102687836,-0.03920026123523712,0.36362800002098083,0.27255916595458984,-0.023333469405770302,0.36701473593711853,0.3017815947532654,-0.0052941059693694115
0.5441511869430542,0.46380653977394104,-7.498882723666611e-07,0.4758804142475128,0.44261282682418823,-0.024676835164427757,0.41078707575798035,0.3591577410697937,-0.029779888689517975,0.39524659514427185,0.26675209403038025,-0.03558086231350899,0.4291149973869324,0.2154136449098587,-0.03586718812584877,0.4484930634498596,0.277392715215683,0.005452359560877085,0.4447113573551178,0.22809796035289764,-0.03138437494635582,0.4552770256996155,0.3004243075847626,-0.04841173440217972,0.4594051241874695,0.33242812752723694,-0.05410968139767647,0.4946805238723755,0.27019593119621277,0.003735101083293557,0.49107903242111206,0.21770018339157104,-0.03559369593858719,0.4997249245643616,0.3068584203720093,-0.04074633866548538,0.5005362629890442,0.333723247051239,-0.03284776583313942,0.5383561849594116,0.2714502811431885,-0.006131262052804232,0.5387197732925415,0.2242480218410492,-0.048562679439783096,0.5401572585105896,0.3101468086242676,-0.037076905369758606,0.5352429747581482,0.3403414487838745,-0.016380609944462776,0.5836576223373413,0.2809954881668091,-0.018175365403294563,0.5814967751502991,0.23619598150253296,-0.041501738131046295,0.5773435235023499,0.2963656783103943,-0.03018178977072239,0.570227861404419,0.3270353376865387,-0.014545212499797344
0.5742813944816589,0.4873422384262085,-6.11770474279183e-07,0.5045267939567566,0.4678749442100525,-0.029753850772976875,0.435423344373703,0.3898497223854065,-0.0382499136030674,0.40841495990753174,0.2981312870979309,-0.045877717435359955,0.4256272315979004,0.22947388887405396,-0.0467408113181591,0.4612220823764801,0.30403396487236023,-0.005011311732232571,0.4598636031150818,0.2535492777824402,-0.0450512170791626,0.4815853238105774,0.3191361129283905,-0.062058884650468826,0.48992109298706055,0.3553832471370697,-0.06717933714389801,0.5092968940734863,0.2888365387916565,-0.005747138988226652,0.5043575763702393,0.2313571274280548,-0.051863837987184525,0.5252094864845276,0.32574233412742615,-0.05833383649587631,0.5287416577339172,0.3600514233112335,-0.049834370613098145,0.5577889680862427,0.28303250670433044,-0.01438169926404953,0.5571438074111938,0.22613513469696045,-0.06329505145549774,0.5673624277114868,0.32031533122062683,-0.04978637024760246,0.5642452239990234,0.35955724120140076,-0.02583501860499382,0.6069948077201843,0.2863112688064575,-0.025305254384875298,0.6075611114501953,0.2354966253042221,-0.05439295619726181,0.6072704195976257,0.29849547147750854,-0.04255399480462074,0.59911048412323,0.33136409521102905,-0.024857189506292343
0.581960141658783,0.4692937433719635,-6.209675120771863e-07,0.5057530403137207,0.4476216733455658,-0.026655592024326324,0.439622700214386,0.35498911142349243,-0.03488852083683014,0.41829559206962585,0.25725844502449036,-0.042764145880937576,0.42779970169067383,0.1815938651561737,-0.04408836364746094,0.46371912956237793,0.2681039869785309,-0.007535490673035383,0.45890384912490845,0.21622474491596222,-0.044658113270998,0.49212372303009033,0.2852386236190796,-0.05914744362235069,0.5103365182876587,0.3394092321395874,-0.06152275577187538,0.5126439929008484,0.24570824205875397,-0.009328878484666348,0.5031014084815979,0.18728837370872498,-0.05400058627128601,0.5350257158279419,0.287082701921463,-0.06054212525486946,0.5497056245803833,0.3428552746772766,-0.05123187229037285,0.5642093420028687,0.23645669221878052,-0.01759733073413372,0.5573396682739258,0.18065501749515533,-0.0652373656630516,0.5755685567855835,0.28138306736946106,-0.05168842524290085,0.5809592604637146,0.3404414653778076,-0.0270522627979517,0.6162802577018738,0.2404683232307434,-0.02769697643816471,0.6144325137138367,0.1854357123374939,-0.05901022627949715,0.6145216226577759,0.2545424997806549,-0.04690658673644066,0.6080474853515625,0.3035057783126831,-0.027723148465156555
0.5744107961654663,0.4405878484249115,-7.363080953837198e-07,0.4899101257324219,0.4248749315738678,-0.030372992157936096,0.41698935627937317,0.32817649841308594,-0.03976886719465256,0.3953033685684204,0.22339501976966858,-0.048887625336647034,0.4084445834159851,0.14429613947868347,-0.050297271460294724,0.4485342502593994,0.22541701793670654,-0.008382808417081833,0.4392505884170532,0.16827571392059326,-0.05181735008955002,0.46582648158073425,0.25109779834747314,-0.0668397843837738,0.47897103428840637,0.3002372980117798,-0.06883518397808075,0.5020018219947815,0.20762208104133606,-0.010776870884001255,0.49244362115859985,0.15181344747543335,-0.05977721884846687,0.5161029100418091,0.26296985149383545,-0.06355039030313492,0.5248212814331055,0.30204489827156067,-0.05201669782400131,0.5563480854034424,0.20224866271018982,-0.02148382179439068,0.5499870777130127,0.15216821432113647,-0.07402105629444122,0.5615541934967041,0.2615424692630768,-0.05622952803969383,0.5627084970474243,0.3041898310184479,-0.02851519174873829,0.6108548641204834,0.20816420018672943,-0.034475889056921005,0.6075810194015503,0.15928098559379578,-0.0657615065574646,0.6050090193748474,0.2361006885766983,-0.05016836151480675,0.5966789722442627,0.2761618494987488,-0.028811875730752945
0.566502034664154,0.43586474657058716,-7.474559424736071e-07,0.47991102933883667,0.4213448166847229,-0.032126836478710175,0.39953166246414185,0.32509082555770874,-0.04019565135240555,0.37008827924728394,0.215275377035141,-0.04752169921994209,0.3725438416004181,0.1351812779903412,-0.04706728085875511,0.4327407479286194,0.22730189561843872,-0.005095943808555603,0.4251786470413208,0.1663101613521576,-0.04749446362257004,0.45309364795684814,0.24798662960529327,-0.06279575824737549,0.4660692811012268,0.29234713315963745,-0.06564107537269592,0.48799562454223633,0.21125414967536926,-0.0067033893428742886,0.4789224863052368,0.14867638051509857,-0.054621290415525436,0.5003468990325928,0.25594663619995117,-0.059452369809150696,0.5069473385810852,0.29137930274009705,-0.04902958497405052,0.5427577495574951,0.20524531602859497,-0.01718561165034771,0.5385958552360535,0.15225964784622192,-0.06843304634094238,0.5478031635284424,0.259351909160614,-0.052626583725214005,0.5471609234809875,0.2976847290992737,-0.026760920882225037,0.5991385579109192,0.2082274854183197,-0.03033442795276642,0.5963230133056641,0.15997007489204407,-0.06001419946551323,0.5935896039009094,0.23465758562088013,-0.045713383704423904,0.5866501331329346,0.27069810032844543,-0.026090703904628754
0.5314022302627563,0.48608890175819397,-7.012957325969182e-07,0.45233067870140076,0.4628690183162689,-0.02598533034324646,0.38555222749710083,0.37195655703544617,-0.03157263994216919,0.3559179902076721,0.2788660228252411,-0.03773294389247894,0.3295910060405731,0.21276861429214478,-0.03841998055577278,0.41356000304222107,0.2855087220668793,0.001129360869526863,0.398408979177475,0.23390570282936096,-0.041572727262973785,0.42181795835494995,0.30682122707366943,-0.06164431944489479,0.43911314010620117,0.3457910418510437,-0.06730153411626816,0.46303802728652954,0.27099746465682983,-0.002234772080555558,0.44706255197525024,0.21464119851589203,-0.04605859890580177,0.46414145827293396,0.3103911578655243,-0.05324637517333031,0.4752563238143921,0.33972394466400146,-0.045941006392240524,0.51283860206604,0.2671295404434204,-0.014106931164860725,0.5006679892539978,0.21727876365184784,-0.06138738617300987,0.5076863765716553,0.314463347196579,-0.04909276217222214,0.5116109848022461,0.3460005521774292,-0.02688724175095558,0.5642610788345337,0.2718696892261505,-0.02815050072968006,0.5526177883148193,0.22830259799957275,-0.055024296045303345,0.549441933631897,0.2982834279537201,-0.04184775799512863,0.5486708879470825,0.3297411799430847,-0.023756995797157288
0.5188781023025513,0.5226126909255981,-6.929744813533034e-07,0.44438281655311584,0.5072788000106812,-0.025444744154810905,0.38274022936820984,0.41857877373695374,-0.03027237579226494,0.35689401626586914,0.32713624835014343,-0.035420872271060944,0.32859086990356445,0.2695612907409668,-0.035242386162281036,0.4071095883846283,0.34347233176231384,-0.0022771244402974844,0.39131641387939453,0.29268649220466614,-0.040655821561813354,0.41550594568252563,0.3619040250778198,-0.05561230704188347,0.431993305683136,0.39446982741355896,-0.058502454310655594,0.4531599283218384,0.33026567101478577,-0.004844397772103548,0.438326895236969,0.27930182218551636,-0.044023796916007996,0.4563845694065094,0.3699428141117096,-0.04655145853757858,0.46782946586608887,0.3937186300754547,-0.037418533116579056,0.4992307424545288,0.3276711702346802,-0.0156631451100111,0.4888074994087219,0.28488799929618835,-0.058928098529577255,0.49682024121284485,0.37628769874572754,-0.04527220129966736,0.5018571019172668,0.4022279381752014,-0.023636510595679283,0.5473004579544067,0.3314302861690521,-0.02873518317937851,0.538025975227356,0.2904038429260254,-0.053763583302497864,0.5358802676200867,0.3559971749782562,-0.04141486436128616,0.5356403589248657,0.3851640820503235,-0.02506696619093418
0.5160335898399353,0.5430875420570374,-6.306471505013178e-07,0.4452856481075287,0.5300205945968628,-0.02907254919409752,0.3838479816913605,0.44294649362564087,-0.03473944589495659,0.357107549905777,0.35458531975746155,-0.03951135650277138,0.33009612560272217,0.3003363609313965,-0.0377708375453949,0.4155887961387634,0.364499568939209,-0.006354235112667084,0.3980722725391388,0.31939440965652466,-0.04050043597817421,0.42147600650787354,0.3929212689399719,-0.051026295870542526,0.43753474950790405,0.41882866621017456,-0.052388936281204224,0.4610958397388458,0.35339975357055664,-0.005689618643373251,0.44408613443374634,0.308082640171051,-0.043286729604005814,0.45927655696868896,0.39854878187179565,-0.04361068829894066,0.47038277983665466,0.4122663140296936,-0.03359059616923332,0.5049017667770386,0.3540329039096832,-0.012984945438802242,0.4919382333755493,0.3157027065753937,-0.053389158099889755,0.4962218105792999,0.4022199213504791,-0.037988752126693726,0.5034131407737732,0.41736868023872375,-0.016247166320681572,0.5496274828910828,0.3597366511821747,-0.02303016185760498,0.5396479368209839,0.3243437707424164,-0.044248320162296295,0.5328792333602905,0.38305509090423584,-0.03191699460148811,0.534267246723175,0.40367233753204346,-0.016645129770040512
0.5167660117149353,0.5798274278640747,-6.435647037505987e-07,0.4469447433948517,0.5616468191146851,-0.02377176843583584,0.39192238450050354,0.48138582706451416,-0.028903627768158913,0.36986851692199707,0.40148141980171204,-0.03379365801811218,0.3473999798297882,0.34793299436569214,-0.03365173935890198,0.4244043529033661,0.4101879596710205,-0.0025514457374811172,0.4121168255805969,0.37613314390182495,-0.035553302615880966,0.4309973418712616,0.44053876399993896,-0.048516351729631424,0.4426950216293335,0.46433377265930176,-0.05165962874889374,0.4657042324542999,0.40445536375045776,-0.004543613642454147,0.4534464478492737,0.36802610754966736,-0.03995087742805481,0.46644899249076843,0.44797104597091675,-0.04315369203686714,0.47421324253082275,0.4632459878921509,-0.036302316933870316,0.5051398277282715,0.4073602557182312,-0.013805792666971684,0.4967351257801056,0.37716662883758545,-0.05266663432121277,0.5010151267051697,0.454242080450058,-0.0415031872689724,0.5055777430534363,0.4679481089115143,-0.023593522608280182,0.5455648303031921,0.41479867696762085,-0.025107573717832565,0.5384294986724854,0.3865429759025574,-0.0459849089384079,0.5357053875923157,0.44234201312065125,-0.03493715450167656,0.5380634069442749,0.4602665901184082,-0.021104680374264717
0.5214558839797974,0.6367316842079163,-5.064673587185098e-07,0.4626114070415497,0.6201698780059814,-0.028476286679506302,0.4082430601119995,0.5433031320571899,-0.03432083502411842,0.3845871686935425,0.4638291299343109,-0.038109589368104935,0.3749944269657135,0.40597808361053467,-0.03547367453575134,0.4351993799209595,0.4773358702659607,-0.007103482261300087,0.42684006690979004,0.4406137466430664,-0.0362972654402256,0.44623374938964844,0.5040954947471619,-0.04358046129345894,0.45588886737823486,0.5223720669746399,-0.04359174519777298,0.4765957295894623,0.4713987112045288,-0.005477731581777334,0.4701705276966095,0.4317929446697235,-0.0390559621155262,0.48092442750930786,0.5112828016281128,-0.03850995749235153,0.48520129919052124,0.5223060250282288,-0.028492284938693047,0.5166261196136475,0.47576749324798584,-0.011097801849246025,0.5146403312683105,0.4474380612373352,-0.04804021120071411,0.5162412524223328,0.5194422006607056,-0.03508218377828598,0.5170843601226807,0.5273133516311646,-0.015949197113513947,0.5566184520721436,0.48464706540107727,-0.019078508019447327,0.5551688075065613,0.4566287100315094,-0.038897592574357986,0.5520851016044617,0.5079038143157959,-0.027853161096572876,0.551331102848053,0.5225278735160828,-0.014009246602654457
0.5199743509292603,0.6715302467346191,-5.039048573962646e-07,0.46293097734451294,0.6580605506896973,-0.03364593908190727,0.41119682788848877,0.582538366317749,-0.042336605489254,0.3903079628944397,0.4998416602611542,-0.04769827425479889,0.38623887300491333,0.4379875063896179,-0.04538530856370926,0.43654388189315796,0.5076134204864502,-0.00930947158485651,0.4303102493286133,0.47535449266433716,-0.03793416917324066,0.448273628950119,0.5378782153129578,-0.043708667159080505,0.4586677849292755,0.5521435141563416,-0.04356015473604202,0.4787001609802246,0.49922630190849304,-0.004968615248799324,0.4730401933193207,0.46702635288238525,-0.03775378316640854,0.48234960436820984,0.548973560333252,-0.035265907645225525,0.48693108558654785,0.5502046942710876,-0.02455747500061989,0.5184802412986755,0.5023437738418579,-0.00867827981710434,0.5168970823287964,0.4810526371002197,-0.04638990759849548,0.5157364010810852,0.5535921454429626,-0.03317891061306,0.5161284804344177,0.5526267290115356,-0.014287542551755905,0.55886310338974,0.511248767375946,-0.015319340862333775,0.5567193031311035,0.49034035205841064,-0.036713857203722,0.5490643382072449,0.540764331817627,-0.027934793382883072,0.5448153018951416,0.5502414107322693,-0.015887189656496048
0.5362670421600342,0.6610601544380188,-5.073981128589367e-07,0.47766101360321045,0.6414207816123962,-0.019356273114681244,0.42729783058166504,0.5673190951347351,-0.023482410237193108,0.4088456630706787,0.49231117963790894,-0.027464205399155617,0.40298551321029663,0.435560405254364,-0.026096180081367493,0.4551129639148712,0.5013982653617859,0.0015488440403714776,0.441713809967041,0.46722832322120667,-0.026091547682881355,0.4563015103340149,0.5253688097000122,-0.0360269695520401,0.468705415725708,0.5468354821205139,-0.03780118376016617,0.49495023488998413,0.49356892704963684,-0.00021101684251334518,0.4819808006286621,0.46134626865386963,-0.027796339243650436,0.4909023344516754,0.5303244590759277,-0.028208913281559944,0.5000958442687988,0.5415760278701782,-0.020393354818224907,0.5335724353790283,0.49575886130332947,-0.008405123837292194,0.5223432779312134,0.4763547480106354,-0.038184091448783875,0.5243656039237976,0.5394930243492126,-0.026615669950842857,0.530105710029602,0.5452536344528198,-0.01042136363685131,0.572533369064331,0.5027109384536743,-0.01844196766614914,0.559657871723175,0.48405998945236206,-0.031763359904289246,0.5548551678657532,0.5307817459106445,-0.01998678594827652,0.5573462247848511,0.5417490601539612,-0.006927927490323782
0.5898830890655518,0.6660590767860413,-5.369288942347339e-07,0.5311496257781982,0.6492560505867004,-0.0320298857986927,0.48184624314308167,0.56654953956604,-0.03865083307027817,0.4655163884162903,0.482260137796402,-0.04228443279862404,0.4629945456981659,0.42423683404922485,-0.039091963320970535,0.5109215378761292,0.5048637986183167,-0.009984483011066914,0.5129443407058716,0.46053552627563477,-0.040647655725479126,0.52764493227005,0.5251104235649109,-0.04937596991658211,0.5330642461776733,0.5493696928024292,-0.050336942076683044,0.5531463027000427,0.5016368627548218,-0.00660094665363431,0.5551666021347046,0.45561540126800537,-0.04253309965133667,0.5612067580223083,0.5373000502586365,-0.04463415965437889,0.5594789385795593,0.5540229678153992,-0.03642567619681358,0.5914419293403625,0.507361114025116,-0.01064519677311182,0.5987764596939087,0.47505277395248413,-0.04953086003661156,0.5946487784385681,0.5486970543861389,-0.03973117470741272,0.5866243839263916,0.5630761981010437,-0.02256624959409237,0.6283012628555298,0.5179800987243652,-0.017240233719348907,0.6375713348388672,0.4864651560783386,-0.03930087015032768,0.6301606297492981,0.5360166430473328,-0.031557973474264145,0.6197060346603394,0.5541045069694519,-0.02004759944975376
0.6205908060073853,0.6378027200698853,-4.618102309450478e-07,0.5671876072883606,0.6097592711448669,-0.019683390855789185,0.5225380063056946,0.5416961908340454,-0.024206042289733887,0.5026646256446838,0.46974068880081177,-0.02903413586318493,0.4992435574531555,0.4157569408416748,-0.028476977720856667,0.5538159012794495,0.48437657952308655,0.006930829957127571,0.5476059913635254,0.4431714713573456,-0.02033609338104725,0.5569596290588379,0.5014735460281372,-0.031623732298612595,0.5622913241386414,0.5127348899841309,-0.03548376262187958,0.5913913249969482,0.48077017068862915,0.0061638071201741695,0.5855953693389893,0.4428439736366272,-0.024022309109568596,0.5883070826530457,0.5087481737136841,-0.028029685840010643,0.5905640125274658,0.5126514434814453,-0.022985976189374924,0.6271306276321411,0.4881765842437744,-0.0009754955535754561,0.6243201494216919,0.45837000012397766,-0.03247988969087601,0.6214661598205566,0.5185140371322632,-0.021845605224370956,0.6204342246055603,0.5216914415359497,-0.006392444018274546,0.6639683246612549,0.4997703731060028,-0.009918780997395515,0.6600680351257324,0.4765775501728058,-0.024693751707673073,0.6522371768951416,0.5221347212791443,-0.013782861642539501,0.6492830514907837,0.5325838923454285,-0.0015133017441257834
0.7236135005950928,0.5485649704933167,-2.838438604158e-07,0.6613003015518188,0.5403079986572266,-0.043404895812273026,0.6027351021766663,0.4644153118133545,-0.05518479272723198,0.5801552534103394,0.38166019320487976,-0.060793694108724594,0.5731831192970276,0.32208719849586487,-0.05994661897420883,0.6221218109130859,0.39784929156303406,-0.027341337874531746,0.6439423561096191,0.3453213572502136,-0.06190348416566849,0.6578390002250671,0.3984493315219879,-0.07416842877864838,0.6538418531417847,0.4320151209831238,-0.0764259621500969,0.6626541614532471,0.39126861095428467,-0.016888098791241646,0.681402325630188,0.33048760890960693,-0.05582726374268532,0.695480227470398,0.40582165122032166,-0.05995572358369827,0.689027726650238,0.4312252998352051,-0.052106790244579315,0.6975717544555664,0.39424869418144226,-0.013568773865699768,0.7159773707389832,0.348420649766922,-0.05915322154760361,0.722835898399353,0.41750189661979675,-0.05084153264760971,0.7145285606384277,0.44030749797821045,-0.03235824778676033,0.7266971468925476,0.4028853178024292,-0.01247952226549387,0.7390977144241333,0.3674188256263733,-0.04170988127589226,0.7428306937217712,0.41145238280296326,-0.03469546511769295,0.73752760887146,0.4269793629646301,-0.021377548575401306
0.7304463982582092,0.5840160250663757,-5.752445417783747e-07,0.6611335873603821,0.560481071472168,-0.03771333768963814,0.6082396507263184,0.46561530232429504,-0.04664868488907814,0.5928430557250977,0.3664553463459015,-0.052347373217344284,0.5901314616203308,0.2980670928955078,-0.05069665238261223,0.6441511511802673,0.39715576171875,-0.011694073677062988,0.654620349407196,0.3375362157821655,-0.04938117414712906,0.6701943278312683,0.41238781809806824,-0.06229427829384804,0.6730573773384094,0.4510212540626526,-0.06432684510946274,0.695504903793335,0.39552590250968933,-0.0077019669115543365,0.7059592604637146,0.3350461423397064,-0.05149990692734718,0.7113268375396729,0.43193185329437256,-0.057793136686086655,0.7035979628562927,0.4615721106529236,-0.050500039011240005,0.7413058876991272,0.4026753008365631,-0.011890173889696598,0.755716860294342,0.3533048629760742,-0.059710871428251266,0.7495425343513489,0.4444171190261841,-0.048679228872060776,0.735348641872406,0.47330063581466675,-0.027928631752729416,0.7832142114639282,0.41589462757110596,-0.018670914694666862,0.7985867261886597,0.37382084131240845,-0.04616717994213104,0.7904016375541687,0.4346410930156708,-0.03547031059861183,0.7746430039405823,0.4608357846736908,-0.02001645416021347
0.7795260548591614,0.5100768208503723,-4.161273352565331e-07,0.7005739212036133,0.46413305401802063,-0.03801700472831726,0.6313603520393372,0.380096435546875,-0.04360296204686165,0.6009952425956726,0.2814626693725586,-0.046612124890089035,0.5956714749336243,0.20946738123893738,-0.04127459228038788,0.6692603826522827,0.2965549826622009,0.010569946840405464,0.680131733417511,0.23058150708675385,-0.026962239295244217,0.6973434686660767,0.2983306646347046,-0.04412534460425377,0.6986628770828247,0.3425215780735016,-0.0484805665910244,0.7257382273674011,0.28587806224823,0.015874383971095085,0.7362947463989258,0.2196877896785736,-0.02951091341674328,0.7479653358459473,0.3139461278915405,-0.04140031337738037,0.7417222857475281,0.3471062183380127,-0.03532230108976364,0.7754179835319519,0.2908134460449219,0.011535503901541233,0.789057731628418,0.23914290964603424,-0.037950899451971054,0.790300726890564,0.3264288902282715,-0.028268013149499893,0.7783371806144714,0.3529733717441559,-0.005987231153994799,0.8206729888916016,0.30856195092201233,0.0044526937417685986,0.8319417834281921,0.26911473274230957,-0.024883370846509933,0.8267025947570801,0.3291874825954437,-0.013267360627651215,0.8136687278747559,0.3493404984474182,0.005169085692614317
0.869012713432312,0.45848149061203003,-7.95717710388999e-07,0.7661988735198975,0.43444114923477173,-0.05245538800954819,0.6801773309707642,0.29936105012893677,-0.06232073903083801,0.6516625285148621,0.16293078660964966,-0.06822896748781204,0.6307469010353088,0.06595651805400848,-0.06453312933444977,0.7203487157821655,0.17061975598335266,-0.01593085192143917,0.7475758194923401,0.10522826015949249,-0.07053404301404953,0.7756115794181824,0.2121979296207428,-0.0898384377360344,0.7721906900405884,0.2793145179748535,-0.09187781810760498,0.7956188321113586,0.15424656867980957,-0.01081506535410881,0.8206970691680908,0.0900576114654541,-0.07721253484487534,0.8399530053138733,0.23703517019748688,-0.08928737044334412,0.8292496800422668,0.29431813955307007,-0.07901175320148468,0.8658071756362915,0.16383987665176392,-0.01638321951031685,0.8951480388641357,0.09988993406295776,-0.09257353097200394,0.8983429670333862,0.2444733828306198,-0.07989378273487091,0.8808265924453735,0.3051946461200714,-0.04854850098490715,0.9296643137931824,0.18886049091815948,-0.02421637624502182,0.9581988453865051,0.11929139494895935,-0.07287054508924484,0.9549410939216614,0.21490933001041412,-0.05783161148428917,0.9356903433799744,0.2648901045322418,-0.031490977853536606
0.8507503271102905,0.4390886723995209,-1.0874881581912632e-06,0.734815776348114,0.4146170914173126,-0.06507877260446548,0.6220808029174805,0.2737284302711487,-0.08365567773580551,0.5913113951683044,0.11682601273059845,-0.10000047832727432,0.6039925813674927,0.0009078383445739746,-0.10607149451971054,0.6748524308204651,0.07985762506723404,-0.000805171555839479,0.6949098706245422,0.014157488942146301,-0.07805224508047104,0.7285256385803223,0.13627265393733978,-0.12154153734445572,0.7362346053123474,0.2136029154062271,-0.13763825595378876,0.7619785666465759,0.050610266625881195,0.0033104741014540195,0.7888726592063904,-0.006325453519821167,-0.07958171516656876,0.8082821369171143,0.1586379110813141,-0.10553678870201111,0.7967396974563599,0.2270023673772812,-0.1007879227399826,0.8464980721473694,0.04814597964286804,-0.00874653086066246,0.878183126449585,-0.0026194751262664795,-0.09960060566663742,0.8770357966423035,0.1586039662361145,-0.09203369915485382,0.8521097898483276,0.22466304898262024,-0.0606747567653656,0.9259462952613831,0.06779322028160095,-0.025297313928604126,0.9578181505203247,0.012006625533103943,-0.08335679769515991,0.9479605555534363,0.13149432837963104,-0.06905070692300797,0.918677568435669,0.19189557433128357,-0.040467385202646255
0.7839245200157166,0.48861831426620483,-6.45355328288133e-07,0.7376895546913147,0.4525647759437561,-0.12427569925785065,0.6652100086212158,0.29001903533935547,-0.17037707567214966,0.6406054496765137,0.10665489733219147,-0.19920164346694946,0.650790274143219,-0.04144814610481262,-0.21157239377498627,0.6308735609054565,0.08016101270914078,-0.08198503404855728,0.630755603313446,0.00982290506362915,-0.18683065474033356,0.6678488850593567,0.16190239787101746,-0.23587866127490997,0.6654335260391235,0.25874441862106323,-0.24972152709960938,0.652006208896637,0.03789673000574112,-0.04736068472266197,0.6656016707420349,-0.017384976148605347,-0.16569973528385162,0.7119472622871399,0.17395199835300446,-0.19506478309631348,0.7161829471588135,0.2603764533996582,-0.1864953190088272,0.6775766611099243,0.03698354214429855,-0.03176765888929367,0.6881746649742126,-0.018065303564071655,-0.14604540169239044,0.7247121334075928,0.1540217101573944,-0.12912283837795258,0.7256598472595215,0.2326386719942093,-0.08744557946920395,0.687015950679779,0.0663028359413147,-0.024665342643857002,0.7041119337081909,0.0034896284341812134,-0.09568648785352707,0.7269231081008911,0.13380783796310425,-0.07795995473861694,0.7311887741088867,0.19373558461666107,-0.04415598139166832
0.7064180374145508,0.5875433683395386,-1.1284531638011686e-06,0.580842137336731,0.5647998452186584,-0.06599990278482437,0.46325963735580444,0.4077330529689789,-0.0844227522611618,0.40817713737487793,0.2472149282693863,-0.09861525148153305,0.37051883339881897,0.12200893461704254,-0.09805738925933838,0.5028191208839417,0.24103012681007385,-0.023170121014118195,0.48201996088027954,0.145393967628479,-0.09383468329906464,0.5305266976356506,0.2848217189311981,-0.11611126363277435,0.558556854724884,0.34443384408950806,-0.11900661885738373,0.5879179835319519,0.20889946818351746,-0.01779264397919178,0.5682508945465088,0.11605985462665558,-0.09661063551902771,0.6020939350128174,0.2985801100730896,-0.1009734570980072,0.6158692836761475,0.33457595109939575,-0.08278567343950272,0.6750235557556152,0.1983974277973175,-0.027956409379839897,0.6610649824142456,0.11404456198215485,-0.11348630487918854,0.6736401319503784,0.29040202498435974,-0.08567312359809875,0.6787204742431641,0.33198609948158264,-0.04318137839436531,0.7638430595397949,0.20079150795936584,-0.04365607723593712,0.760025680065155,0.1270744651556015,-0.09595148265361786,0.7477986216545105,0.25149229168891907,-0.07507794350385666,0.7349580526351929,0.3025723695755005,-0.04471411928534508
0.7134051322937012,0.6104427576065063,-1.207497234645416e-06,0.59234219789505,0.5768007636070251,-0.06149286404252052,0.47260037064552307,0.4225139617919922,-0.0764554962515831,0.412606418132782,0.26534807682037354,-0.08891905844211578,0.37861108779907227,0.1452791839838028,-0.08635014295578003,0.5171224474906921,0.2639622688293457,-0.016043592244386673,0.4936698377132416,0.1688908189535141,-0.08197435736656189,0.5410299897193909,0.30882492661476135,-0.0977633148431778,0.5660792589187622,0.35794568061828613,-0.09693118929862976,0.6025375127792358,0.2353878915309906,-0.012306381948292255,0.582502007484436,0.14203524589538574,-0.08638161420822144,0.6138660311698914,0.32182061672210693,-0.0847325325012207,0.62516850233078,0.34288501739501953,-0.06350235641002655,0.6884074807167053,0.22833362221717834,-0.024414511397480965,0.6787103414535522,0.14274899661540985,-0.10625357180833817,0.6866912245750427,0.3144451081752777,-0.07655612379312515,0.6875553131103516,0.3460931181907654,-0.03399534150958061,0.7756944298744202,0.23538613319396973,-0.04204156622290611,0.7764657139778137,0.1533750742673874,-0.09016697853803635,0.7613672018051147,0.27021533250808716,-0.06935568898916245,0.7468000650405884,0.31808578968048096,-0.040335699915885925
0.7528015375137329,0.625968337059021,-1.2725848819172825e-06,0.6342805624008179,0.5997925996780396,-0.06552823632955551,0.5141412615776062,0.44026798009872437,-0.08084191381931305,0.4537196755409241,0.27163755893707275,-0.09190458059310913,0.4228912889957428,0.14448274672031403,-0.08756427466869354,0.5558587312698364,0.28269174695014954,-0.020432082936167717,0.5414034128189087,0.18062947690486908,-0.09139294177293777,0.5878645777702332,0.31653040647506714,-0.10860943794250488,0.6106782555580139,0.38001033663749695,-0.10665439814329147,0.6457410454750061,0.2551417350769043,-0.015779979526996613,0.6369468569755554,0.1533517688512802,-0.09555256366729736,0.6673430800437927,0.3368573486804962,-0.09753528237342834,0.6694494485855103,0.3732771575450897,-0.07687553763389587,0.735426664352417,0.2503770887851715,-0.027191922068595886,0.7379788756370544,0.15710864961147308,-0.11612757295370102,0.7463169097900391,0.3303232491016388,-0.08948136866092682,0.7349130511283875,0.3725006580352783,-0.0470002256333828,0.8246663212776184,0.2606527805328369,-0.043699681758880615,0.8368895053863525,0.17813777923583984,-0.09909698367118835,0.8285245895385742,0.2983393669128418,-0.08064626902341843,0.8064000606536865,0.3485853970050812,-0.05170711129903793
0.7576453685760498,0.6491421461105347,-1.0034530077973614e-06,0.63951575756073,0.6013720035552979,-0.06722410023212433,0.5283035039901733,0.44836753606796265,-0.0861412063241005,0.46923553943634033,0.2839978039264679,-0.09918543696403503,0.4407181739807129,0.15524648129940033,-0.09689436852931976,0.5704644918441772,0.2918982207775116,-0.03130839392542839,0.5663238167762756,0.19829359650611877,-0.08968012779951096,0.6117438673973083,0.3299731910228729,-0.10125432163476944,0.6322543025016785,0.39050421118736267,-0.10048923641443253,0.6657741665840149,0.2620553970336914,-0.024414025247097015,0.6582124829292297,0.16823548078536987,-0.09768372029066086,0.6861249804496765,0.34515535831451416,-0.10266538709402084,0.690595805644989,0.38445845246315,-0.08870918303728104,0.7582456469535828,0.261004775762558,-0.030341695994138718,0.7627425193786621,0.17419613897800446,-0.11220669746398926,0.7646122574806213,0.34102946519851685,-0.08723915368318558,0.7518953680992126,0.3900962173938751,-0.04973730072379112,0.8453866839408875,0.2803412973880768,-0.041058462113142014,0.8625776171684265,0.1936827152967453,-0.09289669245481491,0.8440227508544922,0.30625197291374207,-0.07439808547496796,0.8136074542999268,0.3586479127407074,-0.04786656051874161
0.7589135766029358,0.6617492437362671,-1.0615668770697084e-06,0.635408878326416,0.6227833032608032,-0.06957745552062988,0.5263376832008362,0.4596102833747864,-0.08853008598089218,0.4753030240535736,0.28939729928970337,-0.10139471292495728,0.451335072517395,0.16107265651226044,-0.09867577999830246,0.5750269293785095,0.311271071434021,-0.03382093086838722,0.5743424296379089,0.20992408692836761,-0.09413979202508926,0.6153613328933716,0.3494071066379547,-0.10508033633232117,0.6307036280632019,0.40391525626182556,-0.10359181463718414,0.6694090366363525,0.2862240672111511,-0.02687932923436165,0.6681418418884277,0.18343093991279602,-0.10235527157783508,0.6887889504432678,0.3649149537086487,-0.10596068948507309,0.6867860555648804,0.39866846799850464,-0.08982014656066895,0.7589981555938721,0.28580987453460693,-0.03347509354352951,0.7701611518859863,0.19813495874404907,-0.1180468201637268,0.7676224708557129,0.3693971633911133,-0.09360891580581665,0.7511394023895264,0.4116230309009552,-0.05534972995519638,0.8439041972160339,0.30138012766838074,-0.04508662968873978,0.8669642210006714,0.22105659544467926,-0.09812160581350327,0.8481734395027161,0.3338982164859772,-0.08074323832988739,0.8175753355026245,0.3808446526527405,-0.05465791001915932
0.7131823897361755,0.6514571309089661,-1.0456183190399315e-06,0.5955154895782471,0.6166833639144897,-0.06653787195682526,0.48637741804122925,0.4642314016819,-0.0872790738940239,0.43621426820755005,0.2940329909324646,-0.10130249708890915,0.4234749376773834,0.16436579823493958,-0.10156936198472977,0.5474512577056885,0.3063563108444214,-0.032879166305065155,0.5398931503295898,0.21356911957263947,-0.09323934465646744,0.573029637336731,0.34780946373939514,-0.10858143121004105,0.5891294479370117,0.41127198934555054,-0.1097956970334053,0.6389774084091187,0.2785743772983551,-0.026001712307333946,0.6319978833198547,0.18207383155822754,-0.09541457891464233,0.6491122245788574,0.35484564304351807,-0.09787556529045105,0.6518185138702393,0.39913031458854675,-0.08219709992408752,0.7275207042694092,0.27802541851997375,-0.0323258638381958,0.7306933403015137,0.19948190450668335,-0.10914841294288635,0.7280979752540588,0.36090219020843506,-0.08339879661798477,0.7152981758117676,0.40319883823394775,-0.04652727395296097,0.8123275637626648,0.29527002573013306,-0.043363675475120544,0.8171049952507019,0.22253601253032684,-0.08974871039390564,0.8046340346336365,0.33985134959220886,-0.0686567947268486,0.7844370603561401,0.38713401556015015,-0.04140778258442879
0.518901526927948,0.539566695690155,-7.267252613019082e-07,0.4079247713088989,0.5014048218727112,-0.02880009450018406,0.31210601329803467,0.3745481073856354,-0.03799862414598465,0.2752886116504669,0.24166885018348694,-0.04899344965815544,0.23826515674591064,0.14524602890014648,-0.054356515407562256,0.3628523349761963,0.24730843305587769,0.0019225997384637594,0.3292144238948822,0.1768353283405304,-0.04767584428191185,0.35255953669548035,0.26973018050193787,-0.0760725736618042,0.3782234191894531,0.32554540038108826,-0.08788231760263443,0.42886748909950256,0.22766809165477753,-0.003642656607553363,0.3993537425994873,0.15260069072246552,-0.05193910002708435,0.4127291440963745,0.2707720994949341,-0.06224723160266876,0.4322054088115692,0.3231813907623291,-0.05842363089323044,0.49672362208366394,0.22789402306079865,-0.018826885148882866,0.4728909134864807,0.16116081178188324,-0.06774669885635376,0.46975642442703247,0.2787025570869446,-0.05180130898952484,0.47779515385627747,0.3341730535030365,-0.028915908187627792,0.5674324035644531,0.23885752260684967,-0.03695496916770935,0.5432350635528564,0.17728570103645325,-0.06490147113800049,0.521415650844574,0.2682580351829529,-0.0480436272919178,0.5147084593772888,0.32334843277931213,-0.02805882692337036
0.4800650179386139,0.4912135601043701,-9.276220680476399e-07,0.37548020482063293,0.4737004339694977,-0.032665811479091644,0.2792074978351593,0.35448724031448364,-0.040112562477588654,0.2375030815601349,0.2299865335226059,-0.04819382354617119,0.21276642382144928,0.137450709939003,-0.047757506370544434,0.31239020824432373,0.22879056632518768,-0.00126349413767457,0.2839093804359436,0.16422459483146667,-0.0493040531873703,0.3248356878757477,0.2627256512641907,-0.06788065284490585,0.3535541892051697,0.316610723733902,-0.07127060741186142,0.3726649284362793,0.20882008969783783,-0.0039605204947292805,0.3398441672325134,0.14009110629558563,-0.053864944726228714,0.3756984770298004,0.2670494318008423,-0.055574215948581696,0.3997754156589508,0.3098808825016022,-0.04222699627280235,0.4367629885673523,0.204461008310318,-0.01686500385403633,0.4085187315940857,0.13724108040332794,-0.07137418538331985,0.4283301830291748,0.26897090673446655,-0.04825768247246742,0.44541609287261963,0.320594847202301,-0.01606789603829384,0.5053790807723999,0.21085059642791748,-0.03284149244427681,0.4784308969974518,0.15190574526786804,-0.06387466192245483,0.4758584797382355,0.24378129839897156,-0.04460712894797325,0.4813131093978882,0.2908066511154175,-0.02045275643467903
0.4767213761806488,0.4839155077934265,-8.931988304539118e-07,0.37132027745246887,0.467032790184021,-0.03414813056588173,0.28006768226623535,0.3529452681541443,-0.04213230684399605,0.23969879746437073,0.23005075752735138,-0.05100490152835846,0.21411819756031036,0.1384715437889099,-0.05147934332489967,0.31703445315361023,0.2354489117860794,-0.0017049924936145544,0.2900349497795105,0.16548305749893188,-0.05059267207980156,0.3243583142757416,0.2639448046684265,-0.06820546090602875,0.34962376952171326,0.3142159879207611,-0.07091012597084045,0.3768866956233978,0.21690313518047333,-0.003735614474862814,0.3494930863380432,0.14751788973808289,-0.05519517883658409,0.37645596265792847,0.27354881167411804,-0.05679579824209213,0.397707998752594,0.30672234296798706,-0.04363533854484558,0.4376767873764038,0.2137833535671234,-0.016473619267344475,0.41760432720184326,0.14784616231918335,-0.07194787263870239,0.4299749433994293,0.2771366536617279,-0.04892287030816078,0.4445294141769409,0.3202270567417145,-0.017063410952687263,0.5011149048805237,0.21906332671642303,-0.032576948404312134,0.4849468469619751,0.1630788892507553,-0.062741219997406,0.47921356558799744,0.2521361708641052,-0.043896932154893875,0.4822993874549866,0.2925666868686676,-0.02064639702439308
0.4785582423210144,0.47250252962112427,-8.860985758474271e-07,0.3773684799671173,0.4571148455142975,-0.03122188150882721,0.2883565127849579,0.3465200662612915,-0.03764210268855095,0.247029110789299,0.2277757227420807,-0.04533873498439789,0.2185366004705429,0.13986194133758545,-0.045535147190093994,0.31956103444099426,0.23658877611160278,0.0024235539603978395,0.29804524779319763,0.16572809219360352,-0.04577579349279404,0.33173713088035583,0.26075273752212524,-0.06553217768669128,0.3557383418083191,0.3110669255256653,-0.07000643759965897,0.377887487411499,0.21819108724594116,-0.0009314269991591573,0.35447001457214355,0.1472879946231842,-0.051246099174022675,0.38230106234550476,0.2678805887699127,-0.05526325851678848,0.40300190448760986,0.3046956956386566,-0.04402247443795204,0.436705619096756,0.21393153071403503,-0.014830919913947582,0.4205213785171509,0.15093055367469788,-0.06838040053844452,0.4332994222640991,0.2739309072494507,-0.049030911177396774,0.4451351761817932,0.31710711121559143,-0.0202178917825222,0.4982491433620453,0.21832901239395142,-0.03182366117835045,0.4850086569786072,0.16385415196418762,-0.06056537851691246,0.48139870166778564,0.249014213681221,-0.04360486939549446,0.48334062099456787,0.2888944149017334,-0.02229471690952778
0.46880269050598145,0.5158053040504456,-6.684066988782433e-07,0.3804168403148651,0.49308276176452637,-0.03234291076660156,0.3054623603820801,0.4021288752555847,-0.04133164510130882,0.27203458547592163,0.3040807843208313,-0.050103187561035156,0.2517652213573456,0.22878257930278778,-0.0518970713019371,0.33925408124923706,0.302096962928772,0.0006878558197058737,0.32347914576530457,0.2528858482837677,-0.04097500070929527,0.3461759090423584,0.3343561291694641,-0.05727840214967728,0.3618902564048767,0.3675498962402344,-0.061198532581329346,0.39253491163253784,0.29048845171928406,-0.000369596149539575,0.37518739700317383,0.2358633279800415,-0.04545847326517105,0.39226147532463074,0.3431769013404846,-0.04841228947043419,0.4059268832206726,0.36522406339645386,-0.03747174143791199,0.44492417573928833,0.2909597158432007,-0.011148142628371716,0.4327969551086426,0.24514588713645935,-0.06075546145439148,0.4378701150417328,0.3492761552333832,-0.04397522658109665,0.44499295949935913,0.37271589040756226,-0.01823979616165161,0.49836286902427673,0.29913586378097534,-0.024753110483288765,0.48801594972610474,0.2606404721736908,-0.05113998427987099,0.48255667090415955,0.3356654942035675,-0.03552544116973877,0.48388737440109253,0.36288365721702576,-0.01590719260275364
0.4555507004261017,0.6363009214401245,-6.296313017628563e-07,0.38728252053260803,0.615879237651825,-0.024152114987373352,0.33158189058303833,0.5336549282073975,-0.029692865908145905,0.3114296495914459,0.44962045550346375,-0.034842509776353836,0.2991752624511719,0.3873085081577301,-0.034435756504535675,0.36311429738998413,0.4556073844432831,-0.0020675519481301308,0.35092440247535706,0.4185725748538971,-0.035216107964515686,0.37198060750961304,0.48521676659584045,-0.04808970168232918,0.3873273432254791,0.5174572467803955,-0.05084793642163277,0.4073999524116516,0.4491744041442871,-0.003870630171149969,0.3939872682094574,0.4078387916088104,-0.03849918022751808,0.4087417721748352,0.494404137134552,-0.04039975255727768,0.4207686483860016,0.5181581974029541,-0.03202922269701958,0.45074015855789185,0.45420461893081665,-0.012971612624824047,0.4410533905029297,0.4203806519508362,-0.05115379020571709,0.4437892735004425,0.5030104517936707,-0.03754659742116928,0.44821876287460327,0.5251917243003845,-0.0174631979316473,0.4940266013145447,0.4661085903644562,-0.024153728038072586,0.4849248230457306,0.4341886639595032,-0.04412957280874252,0.4784107804298401,0.49238303303718567,-0.031054988503456116,0.47753381729125977,0.5146172046661377,-0.015492526814341545
0.46217161417007446,0.6434791088104248,-5.625585117741139e-07,0.3941502571105957,0.6240009069442749,-0.027050675824284554,0.3377624750137329,0.5456986427307129,-0.03352539241313934,0.3143501877784729,0.4607965648174286,-0.03913027420639992,0.30287590622901917,0.39813879132270813,-0.03844254091382027,0.3688865900039673,0.47311338782310486,-0.00354708731174469,0.3561480939388275,0.42549577355384827,-0.035214636474847794,0.3759876489639282,0.49205282330513,-0.0465007908642292,0.3900521993637085,0.521686315536499,-0.04900703951716423,0.41200488805770874,0.464313805103302,-0.002896362217143178,0.40015709400177,0.4189719557762146,-0.036282334476709366,0.4125255048274994,0.5016322731971741,-0.03791036829352379,0.42082661390304565,0.5187150835990906,-0.030543766915798187,0.4527534246444702,0.4664250314235687,-0.009792552329599857,0.4455941319465637,0.4266020953655243,-0.04644213244318962,0.4464702308177948,0.5063459277153015,-0.033214978873729706,0.4495740532875061,0.5255339741706848,-0.014434263110160828,0.4940764605998993,0.4755089581012726,-0.01922522857785225,0.48896199464797974,0.4401484429836273,-0.039291080087423325,0.48216503858566284,0.4938390851020813,-0.02860027179121971,0.4805392622947693,0.5144421458244324,-0.01521875150501728
0.45448237657546997,0.628275454044342,-5.316707074598526e-07,0.38836508989334106,0.6125998497009277,-0.02494465373456478,0.33189478516578674,0.5369241237640381,-0.03130524978041649,0.30962666869163513,0.45515376329421997,-0.03688804432749748,0.29890382289886475,0.39478933811187744,-0.036962177604436874,0.360241562128067,0.4632954001426697,-0.004496804438531399,0.3483680486679077,0.42017075419425964,-0.03462539613246918,0.3677847385406494,0.48210465908050537,-0.0458952821791172,0.3812107741832733,0.5128269195556641,-0.0485558956861496,0.40276581048965454,0.4532550275325775,-0.004767888691276312,0.3908221423625946,0.40963828563690186,-0.0356234647333622,0.4039924442768097,0.48953866958618164,-0.03664642572402954,0.4125198423862457,0.5105389952659607,-0.029079768806695938,0.4444817304611206,0.45533841848373413,-0.011950737796723843,0.43579211831092834,0.41722095012664795,-0.046125009655952454,0.4383983314037323,0.4936727285385132,-0.03296654298901558,0.44182446599006653,0.51595139503479,-0.014653675258159637,0.48649224638938904,0.4651055932044983,-0.02135673724114895,0.47833311557769775,0.43020355701446533,-0.040109843015670776,0.473461389541626,0.4814645051956177,-0.02868787571787834,0.4730188846588135,0.5028311014175415,-0.014905421063303947
0.3752356469631195,0.6682084798812866,-4.642791395781387e-07,0.3072732985019684,0.6512942910194397,-0.022715536877512932,0.2506282329559326,0.5838375687599182,-0.028771856799721718,0.22520476579666138,0.5126181840896606,-0.03407767787575722,0.20743001997470856,0.4604380130767822,-0.034126799553632736,0.2835809886455536,0.5069332718849182,-0.006179888267070055,0.2601466774940491,0.48130592703819275,-0.0312558077275753,0.2799401879310608,0.5405604243278503,-0.03871982544660568,0.2935605049133301,0.5583476424217224,-0.0400240421295166,0.32244542241096497,0.4958840012550354,-0.006180466152727604,0.299773633480072,0.46602728962898254,-0.03264991566538811,0.3132651448249817,0.5399683713912964,-0.030461249873042107,0.32496342062950134,0.5526144504547119,-0.022305287420749664,0.360836386680603,0.4986478090286255,-0.012162943370640278,0.3418438136577606,0.4754702150821686,-0.0400766059756279,0.3457297682762146,0.5438377261161804,-0.02583688125014305,0.35435715317726135,0.5590543150901794,-0.008877077139914036,0.39878588914871216,0.5068427324295044,-0.020390311256051064,0.38071125745773315,0.4825980067253113,-0.0329466238617897,0.37431469559669495,0.5316660404205322,-0.020533839240670204,0.377369225025177,0.5498642921447754,-0.007576595526188612
0.36079177260398865,0.6537066698074341,-5.217502234700078e-07,0.294455885887146,0.6460580229759216,-0.02256912738084793,0.23623061180114746,0.5785072445869446,-0.027436794713139534,0.21091237664222717,0.504180371761322,-0.031726621091365814,0.1947472095489502,0.45027655363082886,-0.031059371307492256,0.2624351382255554,0.5068367719650269,-0.005132610909640789,0.24256078898906708,0.4719809889793396,-0.03116786479949951,0.26496535539627075,0.5294095873832703,-0.039271481335163116,0.2791493833065033,0.5500485897064209,-0.040694061666727066,0.3014000654220581,0.4932069182395935,-0.005067219492048025,0.2809101343154907,0.45951417088508606,-0.03297784551978111,0.2980925440788269,0.5336982011795044,-0.03185776248574257,0.30958685278892517,0.5464750528335571,-0.023669227957725525,0.3401212692260742,0.49143728613853455,-0.011226714588701725,0.32346197962760925,0.46033191680908203,-0.042931560426950455,0.3310808837413788,0.5335120558738708,-0.029173390939831734,0.33989906311035156,0.5510144829750061,-0.011100081726908684,0.37951168417930603,0.49560439586639404,-0.019367873668670654,0.36420077085494995,0.4683689475059509,-0.036600131541490555,0.36226943135261536,0.5188116431236267,-0.025470759719610214,0.3671635091304779,0.5366642475128174,-0.01237712986767292
0.34949687123298645,0.6401252150535583,-5.177872708372888e-07,0.28070536255836487,0.6308004856109619,-0.019377611577510834,0.22407874464988708,0.5630093216896057,-0.023524122312664986,0.2006148099899292,0.48970553278923035,-0.028025275096297264,0.18318966031074524,0.43648120760917664,-0.02834179252386093,0.2511084973812103,0.4921169579029083,-0.0014961104607209563,0.23163974285125732,0.4610631465911865,-0.028345782309770584,0.25308263301849365,0.5165614485740662,-0.03853392228484154,0.2681407928466797,0.5369924306869507,-0.04095406457781792,0.2904691994190216,0.480257511138916,-0.003588356776162982,0.26911377906799316,0.4478689730167389,-0.03181697800755501,0.28674352169036865,0.5194321870803833,-0.03190718963742256,0.30056628584861755,0.5362855792045593,-0.024060536175966263,0.3296425938606262,0.4788172245025635,-0.011800294741988182,0.3101825714111328,0.4488447308540344,-0.04335857182741165,0.3197551369667053,0.520022988319397,-0.029895320534706116,0.3309406042098999,0.5402551889419556,-0.011628955602645874,0.36955469846725464,0.48350512981414795,-0.02174168825149536,0.3500961363315582,0.45604148507118225,-0.03829143941402435,0.3501073718070984,0.5063767433166504,-0.025945791974663734,0.35736769437789917,0.5268993377685547,-0.011701632291078568
0.2877271771430969,0.5171550512313843,-2.0072546647043055e-07,0.21955615282058716,0.518417477607727,-0.022918526083230972,0.14412546157836914,0.45267385244369507,-0.026063712313771248,0.10793808102607727,0.3759697377681732,-0.027090033516287804,0.09336499869823456,0.32014113664627075,-0.025134442374110222,0.1669897735118866,0.3740251660346985,-0.004245685879141092,0.1296272873878479,0.3274565041065216,-0.02839621715247631,0.11366954445838928,0.32283830642700195,-0.040362969040870667,0.10147552192211151,0.307142972946167,-0.04726594313979149,0.2105698436498642,0.35631030797958374,-0.005215643439441919,0.18474149703979492,0.3033861219882965,-0.0393582358956337,0.20705758035182953,0.37647220492362976,-0.040867358446121216,0.22376245260238647,0.40396830439567566,-0.030750244855880737,0.256832093000412,0.3523044288158417,-0.011520778760313988,0.2372191995382309,0.3163045048713684,-0.046085964888334274,0.24953465163707733,0.3861365020275116,-0.030301295220851898,0.25842025876045227,0.40671011805534363,-0.008824263699352741,0.303402304649353,0.356123685836792,-0.019842207431793213,0.2859508991241455,0.32062315940856934,-0.03945951536297798,0.28641998767852783,0.37297412753105164,-0.025155887007713318,0.29034364223480225,0.3949280083179474,-0.008699426427483559
0.24908390641212463,0.4715428948402405,-7.177152951953758e-07,0.17274481058120728,0.4836978316307068,-0.030250385403633118,0.08861732482910156,0.40080446004867554,-0.034559108316898346,0.05016407370567322,0.3035147488117218,-0.03761182352900505,0.02500411868095398,0.23899713158607483,-0.03494339436292648,0.1104920357465744,0.3083378076553345,-0.007303370162844658,0.09184376895427704,0.25837963819503784,-0.04495668411254883,0.1235928162932396,0.32903382182121277,-0.05878852307796478,0.1425650715827942,0.36323556303977966,-0.06158919259905815,0.16107729077339172,0.28764739632606506,-0.007565471809357405,0.13911160826683044,0.23840093612670898,-0.047584064304828644,0.168405219912529,0.33473700284957886,-0.0474541150033474,0.18329404294490814,0.361851304769516,-0.03578733652830124,0.21182693541049957,0.2810346186161041,-0.016493968665599823,0.19552072882652283,0.24099746346473694,-0.06200699880719185,0.2136606127023697,0.33896228671073914,-0.045677486807107925,0.22278547286987305,0.3688243329524994,-0.02166295424103737,0.26285994052886963,0.27974098920822144,-0.027739983052015305,0.24542316794395447,0.24856312572956085,-0.05427601933479309,0.2532564103603363,0.31634044647216797,-0.04071294143795967,0.2607623040676117,0.3400285542011261,-0.023297281935811043
0.25152260065078735,0.5103955864906311,-6.728186008331249e-07,0.16730254888534546,0.5098289251327515,-0.028490915894508362,0.09074489027261734,0.4283405840396881,-0.03337999805808067,0.055083610117435455,0.3340051472187042,-0.038795821368694305,0.02815118432044983,0.267276406288147,-0.03821830824017525,0.10886908322572708,0.3421787917613983,0.0031202163081616163,0.09012958407402039,0.28814923763275146,-0.03798772767186165,0.11917642503976822,0.35662734508514404,-0.0549783892929554,0.13848963379859924,0.39227813482284546,-0.0583638958632946,0.15819846093654633,0.3230203688144684,0.000726588477846235,0.13998901844024658,0.26593440771102905,-0.04040653631091118,0.1641252040863037,0.36074116826057434,-0.0429292693734169,0.17731516063213348,0.38732314109802246,-0.032006360590457916,0.2083999514579773,0.3174719214439392,-0.011238978244364262,0.19542773067951202,0.27334505319595337,-0.05765072628855705,0.21017195284366608,0.36911529302597046,-0.04314931109547615,0.21836011111736298,0.3957975506782532,-0.019011449068784714,0.2599916458129883,0.31991398334503174,-0.02575203776359558,0.2463376820087433,0.2822110652923584,-0.051078952848911285,0.25073671340942383,0.3484431207180023,-0.03669222816824913,0.25594520568847656,0.373357892036438,-0.017967628315091133
0.22732128202915192,0.6133171319961548,-5.859842531208415e-07,0.14529457688331604,0.5991209745407104,-0.0306551493704319,0.07460960000753403,0.5207675695419312,-0.038976144045591354,0.04499363899230957,0.4337158203125,-0.047451503574848175,0.02420303225517273,0.36690837144851685,-0.04962356016039848,0.10652164369821548,0.4188813865184784,0.0030145817436277866,0.08736465126276016,0.37130844593048096,-0.03898576274514198,0.10071507096290588,0.4421353340148926,-0.05801290646195412,0.11569319665431976,0.47550591826438904,-0.06314542889595032,0.15568403899669647,0.40802714228630066,0.000963298138231039,0.1392659842967987,0.3515920639038086,-0.040458809584379196,0.14739049971103668,0.44968923926353455,-0.04287220537662506,0.15901397168636322,0.4693250358104706,-0.03154520317912102,0.20538553595542908,0.4111230671405792,-0.011006520129740238,0.19480812549591064,0.36710843443870544,-0.05610835552215576,0.19409552216529846,0.45903828740119934,-0.04034111276268959,0.20024484395980835,0.47537460923194885,-0.0159405916929245,0.2552606165409088,0.4240221381187439,-0.02597302757203579,0.24189302325248718,0.38229072093963623,-0.04964187741279602,0.23506760597229004,0.44892919063568115,-0.0333746001124382,0.23873701691627502,0.47120267152786255,-0.013411245308816433
0.23828908801078796,0.7131235003471375,-5.883026688024984e-07,0.16652783751487732,0.6914224624633789,-0.026999199762940407,0.10921195149421692,0.6072306036949158,-0.032937679439783096,0.08893381804227829,0.5231122374534607,-0.03788413479924202,0.075801782310009,0.46273666620254517,-0.03610818833112717,0.14136441051959991,0.5324559807777405,-0.004700638819485903,0.12779617309570312,0.4949364960193634,-0.03709333389997482,0.14680331945419312,0.5642442107200623,-0.04762355610728264,0.16085155308246613,0.5830159187316895,-0.049800194799900055,0.18615561723709106,0.5245017409324646,-0.004685698077082634,0.1728699952363968,0.48537883162498474,-0.03900347650051117,0.18440823256969452,0.570212185382843,-0.037717025727033615,0.1958252638578415,0.5794321894645691,-0.027625756338238716,0.22913797199726105,0.5285065174102783,-0.01244779210537672,0.21932367980480194,0.4983411133289337,-0.05057007074356079,0.22058993577957153,0.5778598189353943,-0.034613236784935,0.22734689712524414,0.5890957117080688,-0.013157326728105545,0.2718466520309448,0.5382246375083923,-0.022751804441213608,0.2615850865840912,0.5078760385513306,-0.04194917902350426,0.2553499937057495,0.5610881447792053,-0.028471453115344048,0.2575843930244446,0.5768749117851257,-0.012690895237028599
0.2370131015777588,0.7087419033050537,-5.56596489786898e-07,0.16638098657131195,0.692392110824585,-0.02785089798271656,0.10758509486913681,0.6109451055526733,-0.03460478410124779,0.0858505591750145,0.5264068245887756,-0.040003273636102676,0.0753834992647171,0.46366509795188904,-0.03924848511815071,0.1411266028881073,0.5325427651405334,-0.00774111645296216,0.12369576841592789,0.49395981431007385,-0.03793545067310333,0.1435917764902115,0.560060977935791,-0.04712657257914543,0.15821923315525055,0.5825806856155396,-0.0487988144159317,0.18527080118656158,0.524089515209198,-0.006904163397848606,0.16748343408107758,0.48561161756515503,-0.04014474153518677,0.1804189831018448,0.5694389939308167,-0.03911706060171127,0.1918836534023285,0.5835282206535339,-0.029408475384116173,0.22756348550319672,0.5275540351867676,-0.013405409641563892,0.21343499422073364,0.49663046002388,-0.05073961615562439,0.21642529964447021,0.5780498385429382,-0.03565908968448639,0.22372975945472717,0.5938446521759033,-0.015027648769319057,0.27011051774024963,0.5376440286636353,-0.022360743954777718,0.256178081035614,0.5073369145393372,-0.04295474663376808,0.25093334913253784,0.5623801350593567,-0.031054776161909103,0.2539942264556885,0.5802551507949829,-0.016408653929829597
0.23281610012054443,0.7112324237823486,-5.503589477484638e-07,0.16216319799423218,0.6940307021141052,-0.02612643875181675,0.10419173538684845,0.6158226728439331,-0.03324456512928009,0.08382067084312439,0.5328440070152283,-0.03963911160826683,0.07322673499584198,0.4715883135795593,-0.0402870774269104,0.13961197435855865,0.5393346548080444,-0.006755768321454525,0.12069227546453476,0.5008357763290405,-0.03773484006524086,0.13908737897872925,0.5648064017295837,-0.04794400930404663,0.1532045304775238,0.5869461894035339,-0.05012188106775284,0.18259015679359436,0.5308485627174377,-0.0071132550947368145,0.1635030210018158,0.492430716753006,-0.040626682341098785,0.17628000676631927,0.5744559168815613,-0.039680734276771545,0.18855911493301392,0.588541567325592,-0.02987360954284668,0.22441282868385315,0.5338757038116455,-0.01476849615573883,0.20878814160823822,0.5039100646972656,-0.051741041243076324,0.21248860657215118,0.5827001929283142,-0.03634178638458252,0.22100545465946198,0.5979241132736206,-0.015516776591539383,0.26702484488487244,0.5433101654052734,-0.024822352454066277,0.2513549327850342,0.5138532519340515,-0.044483039528131485,0.24665957689285278,0.5671945810317993,-0.031860336661338806,0.25114187598228455,0.5842570662498474,-0.016812831163406372
0.19831542670726776,0.7939667105674744,-5.618996397060982e-07,0.13100886344909668,0.7683305740356445,-0.025213882327079773,0.08072652667760849,0.685316801071167,-0.030657842755317688,0.06536335498094559,0.605575680732727,-0.03535423427820206,0.05760340392589569,0.5465218424797058,-0.033737845718860626,0.11467908322811127,0.6071824431419373,-0.001032642787322402,0.09767232835292816,0.586239755153656,-0.033142734318971634,0.11251889169216156,0.6523078083992004,-0.04413222521543503,0.1253751665353775,0.6621772050857544,-0.046798188239336014,0.15732431411743164,0.6046629548072815,-0.0027026149909943342,0.14011064171791077,0.577842116355896,-0.03567070513963699,0.14559079706668854,0.6582059860229492,-0.03406707942485809,0.15637736022472382,0.6591072082519531,-0.024048924446105957,0.19879809021949768,0.6136035919189453,-0.01252965722233057,0.18470434844493866,0.5978615283966064,-0.04874417558312416,0.18187673389911652,0.6720518469810486,-0.03436890244483948,0.18858784437179565,0.6698809266090393,-0.014879241585731506,0.2397741824388504,0.6270046234130859,-0.025042260065674782,0.22576874494552612,0.6111944913864136,-0.042848095297813416,0.21791893243789673,0.6634783148765564,-0.030770979821681976,0.22222736477851868,0.6707581281661987,-0.016709309071302414
0.19697926938533783,0.823556661605835,-5.39571090030222e-07,0.13206519186496735,0.8016479015350342,-0.028548581525683403,0.08271215856075287,0.7202823758125305,-0.034554798156023026,0.06738654524087906,0.6416645646095276,-0.03804586082696915,0.06278031319379807,0.581229567527771,-0.034925319254398346,0.12195594608783722,0.6280034780502319,-0.00369098037481308,0.10008351504802704,0.6266975998878479,-0.031104108318686485,0.11697197705507278,0.6887082457542419,-0.04092923179268837,0.1329037994146347,0.6954076290130615,-0.04447179287672043,0.1644718050956726,0.6235721111297607,-0.001597195747308433,0.14238341152668,0.6246683597564697,-0.030466431751847267,0.15008172392845154,0.699647843837738,-0.029202233999967575,0.16286525130271912,0.6991018056869507,-0.02113591879606247,0.20463073253631592,0.632739245891571,-0.007224037777632475,0.18556274473667145,0.6435021758079529,-0.04070526733994484,0.18415802717208862,0.7112457156181335,-0.027655435726046562,0.1948622316122055,0.7071391940116882,-0.010314864106476307,0.24514411389827728,0.6486321091651917,-0.015830278396606445,0.22535094618797302,0.6477562785148621,-0.03338083252310753,0.21570944786071777,0.6981087923049927,-0.02318531461060047,0.22063037753105164,0.7053748965263367,-0.010762102901935577
0.20945732295513153,0.8166605234146118,-4.890797526968527e-07,0.14330406486988068,0.7854886651039124,-0.021197039633989334,0.0984879732131958,0.7067016363143921,-0.026702769100666046,0.08407974988222122,0.6354842782020569,-0.03228521719574928,0.07414837926626205,0.5781286954879761,-0.03295736759901047,0.14207731187343597,0.6257203817367554,0.0027008913457393646,0.1147608608007431,0.6166878342628479,-0.025312190875411034,0.12550142407417297,0.674699604511261,-0.03793947026133537,0.1394808143377304,0.6825447082519531,-0.04300070181488991,0.18093180656433105,0.6230303049087524,0.00037275569047778845,0.15263226628303528,0.6171492338180542,-0.028264960274100304,0.15711551904678345,0.6854877471923828,-0.03004513494670391,0.1720777451992035,0.6872797608375549,-0.02403474971652031,0.21845974028110504,0.6325681805610657,-0.008935611695051193,0.19035401940345764,0.6357123255729675,-0.03937113657593727,0.1886185258626938,0.6994693875312805,-0.027376746758818626,0.20209352672100067,0.6975387930870056,-0.011584090068936348,0.2553582787513733,0.6486627459526062,-0.020756009966135025,0.2279854118824005,0.6484923362731934,-0.034589797258377075,0.2201370894908905,0.6938310265541077,-0.02310960553586483,0.23052817583084106,0.6977764368057251,-0.010440311394631863
0.3312741219997406,0.7359267473220825,-5.050092681813112e-07,0.26998889446258545,0.71196448802948,-0.02634192444384098,0.22132115066051483,0.6455636620521545,-0.03228430822491646,0.20335757732391357,0.5721237659454346,-0.03730754926800728,0.18952089548110962,0.51901775598526,-0.03689942881464958,0.24592004716396332,0.5847025513648987,-0.0014002204407006502,0.24565963447093964,0.5459685325622559,-0.032143376767635345,0.2626044750213623,0.600670337677002,-0.04401601478457451,0.2680460512638092,0.6135977506637573,-0.047218069434165955,0.2835961878299713,0.5742350816726685,0.00013328900968190283,0.28147247433662415,0.5491311550140381,-0.03399088606238365,0.2946988046169281,0.6110625863075256,-0.03836243599653244,0.30008813738822937,0.6154736876487732,-0.032601967453956604,0.3187723755836487,0.5737764835357666,-0.0054986318573355675,0.316373348236084,0.5517990589141846,-0.04197099432349205,0.3252759277820587,0.6094475984573364,-0.03192858770489693,0.3294113278388977,0.615487813949585,-0.014890220016241074,0.3528735339641571,0.5797117352485657,-0.013354149647057056,0.3489776849746704,0.5615295171737671,-0.03259098529815674,0.35169699788093567,0.6037315726280212,-0.022536268457770348,0.3545908033847809,0.6130141019821167,-0.008921131491661072
0.3709352910518646,0.7390819787979126,-4.460103752990108e-07,0.31563931703567505,0.7292272448539734,-0.02913113683462143,0.26798421144485474,0.6591708064079285,-0.03598576784133911,0.2513864040374756,0.5835136771202087,-0.03996548801660538,0.2476350963115692,0.530148446559906,-0.03831224516034126,0.2958531081676483,0.5950636267662048,-0.010408858768641949,0.297046959400177,0.5554887652397156,-0.03608277440071106,0.3113619089126587,0.6098598837852478,-0.04433823749423027,0.3163851499557495,0.6298835277557373,-0.04657924547791481,0.3337242901325226,0.5870639085769653,-0.006771632004529238,0.3355822265148163,0.5460993051528931,-0.036436911672353745,0.34347042441368103,0.6188852787017822,-0.03817575052380562,0.3427795469760895,0.6349791288375854,-0.03147614374756813,0.3685731589794159,0.5880991816520691,-0.009515841491520405,0.375370591878891,0.5604888796806335,-0.04312194138765335,0.3741876184940338,0.6264247298240662,-0.034857023507356644,0.36778759956359863,0.6400271058082581,-0.02030319534242153,0.4030475914478302,0.5947616100311279,-0.014441246166825294,0.40932655334472656,0.5679985880851746,-0.03387665003538132,0.4044072926044464,0.6120507717132568,-0.027053624391555786,0.3952762484550476,0.6263157725334167,-0.017046771943569183
0.3757019340991974,0.7465041279792786,-4.57300387779469e-07,0.32228967547416687,0.7315765619277954,-0.028747061267495155,0.27699875831604004,0.656785786151886,-0.03510541468858719,0.2615291178226471,0.5796844959259033,-0.038825199007987976,0.25759464502334595,0.5263879299163818,-0.03668144717812538,0.3048938810825348,0.595450222492218,-0.00788918323814869,0.3065386116504669,0.5572033524513245,-0.03446260094642639,0.32028186321258545,0.613066554069519,-0.042783983051776886,0.32589191198349,0.6325573325157166,-0.04459487274289131,0.3428463339805603,0.5900338292121887,-0.004496622830629349,0.3459703028202057,0.5491739511489868,-0.03467578440904617,0.35259565711021423,0.6223458051681519,-0.035924337804317474,0.35193079710006714,0.6365795731544495,-0.028573201969265938,0.377713143825531,0.5931196808815002,-0.007809224538505077,0.3857118487358093,0.5653822422027588,-0.04223170503973961,0.383304238319397,0.6318458914756775,-0.033147916197776794,0.37700292468070984,0.6450906991958618,-0.017592834308743477,0.4120391309261322,0.6011595726013184,-0.013321123085916042,0.41884738206863403,0.5730332732200623,-0.0327996127307415,0.41387808322906494,0.6179758310317993,-0.025173572823405266,0.40555405616760254,0.6331957578659058,-0.014314515516161919
0.40465718507766724,0.7240631580352783,-4.7241024958566413e-07,0.35354700684547424,0.7002853155136108,-0.019903475418686867,0.312494695186615,0.6284846663475037,-0.023171724751591682,0.2988165020942688,0.5595190525054932,-0.026396416127681732,0.29541611671447754,0.5112352967262268,-0.024783441796898842,0.3401278257369995,0.5716791749000549,0.006202646531164646,0.34369879961013794,0.5405336618423462,-0.018947938457131386,0.35093560814857483,0.5959646701812744,-0.030436480417847633,0.3521529734134674,0.610591471195221,-0.035070497542619705,0.3745116591453552,0.5673021674156189,0.005475262645632029,0.377529501914978,0.537645161151886,-0.02374720759689808,0.3784427046775818,0.6022692918777466,-0.029256589710712433,0.37654808163642883,0.6119134426116943,-0.0251537524163723,0.4068777561187744,0.5727964639663696,-0.001330116530880332,0.41254565119743347,0.5532642006874084,-0.031041128560900688,0.40878933668136597,0.6099268198013306,-0.02334529533982277,0.40271201729774475,0.6151818037033081,-0.010267551057040691,0.4385448694229126,0.5839946269989014,-0.010095596313476562,0.442734956741333,0.5717006325721741,-0.024694396182894707,0.43533462285995483,0.6134412288665771,-0.016240254044532776,0.42790424823760986,0.6210998296737671,-0.005890154279768467
0.4366188049316406,0.7147331237792969,-4.262249717612576e-07,0.38546207547187805,0.6941865682601929,-0.024506516754627228,0.34592899680137634,0.6204748749732971,-0.029930975288152695,0.33773910999298096,0.5477195978164673,-0.03346044197678566,0.3380877673625946,0.49732092022895813,-0.03234589472413063,0.3777632713317871,0.5660995841026306,-0.004855976440012455,0.3828575313091278,0.5278742909431458,-0.03134742006659508,0.38998866081237793,0.5796095132827759,-0.043113335967063904,0.39139676094055176,0.6063214540481567,-0.04701780900359154,0.413775235414505,0.5643786191940308,-0.002990019740536809,0.4190378189086914,0.5235710144042969,-0.03215506300330162,0.4209473431110382,0.5916786193847656,-0.03660767897963524,0.41735199093818665,0.6147553324699402,-0.03163480386137962,0.44604864716529846,0.5705100893974304,-0.007027386222034693,0.4533388912677765,0.544726550579071,-0.03881021589040756,0.44880929589271545,0.6057486534118652,-0.03180601820349693,0.4405350387096405,0.624117910861969,-0.0182484220713377,0.4763617217540741,0.581798791885376,-0.012884755618870258,0.48233485221862793,0.5576204657554626,-0.030017081648111343,0.4749144911766052,0.6006016731262207,-0.022045182064175606,0.4644657373428345,0.6167540550231934,-0.011433355510234833
0.44329389929771423,0.7289904356002808,-4.592039033468609e-07,0.3878189027309418,0.7125595211982727,-0.027359183877706528,0.34678882360458374,0.6363804340362549,-0.03411524370312691,0.3378986120223999,0.5588781237602234,-0.038705598562955856,0.337533563375473,0.5059992671012878,-0.03797975555062294,0.379624605178833,0.5791898369789124,-0.008953351527452469,0.38601818680763245,0.5352843999862671,-0.03762328252196312,0.39442178606987,0.5928981900215149,-0.048319123685359955,0.3965809941291809,0.6183921098709106,-0.05129719898104668,0.4170748293399811,0.5783385038375854,-0.006949893664568663,0.42423686385154724,0.5333099365234375,-0.03930960223078728,0.42490288615226746,0.6074864268302917,-0.042942896485328674,0.4211404323577881,0.6265671849250793,-0.03702886775135994,0.4507122039794922,0.5839731097221375,-0.011414925567805767,0.46119633316993713,0.5501678586006165,-0.04683464765548706,0.4541374444961548,0.6186276078224182,-0.03896062821149826,0.4446142911911011,0.6355359554290771,-0.024161092936992645,0.48319825530052185,0.5939375162124634,-0.017943648621439934,0.49364686012268066,0.5642324686050415,-0.038460105657577515,0.4858837127685547,0.6094438433647156,-0.0315738283097744,0.4750172793865204,0.6249873042106628,-0.021243147552013397
0.4263150691986084,0.7032550573348999,-3.361472806773236e-07,0.3716888129711151,0.6765904426574707,-0.02180466428399086,0.32937151193618774,0.6021590828895569,-0.026186665520071983,0.3173288106918335,0.5300179719924927,-0.02905084565281868,0.3143622577190399,0.4767100214958191,-0.027810098603367805,0.36378756165504456,0.5448505282402039,0.0005658049485646188,0.35772353410720825,0.5143193006515503,-0.02157832682132721,0.3692956864833832,0.5626955628395081,-0.03202832490205765,0.37737172842025757,0.5877857804298401,-0.035404596477746964,0.4018189013004303,0.5416275262832642,0.00280767516233027,0.39289331436157227,0.5069262981414795,-0.02059740573167801,0.3997471034526825,0.5698288083076477,-0.023841476067900658,0.4058886170387268,0.592864453792572,-0.01926378719508648,0.43685388565063477,0.5492423176765442,-0.0004457390168681741,0.4298379123210907,0.525863528251648,-0.025662150233983994,0.42811986804008484,0.5824528336524963,-0.017594236880540848,0.4286237359046936,0.6008375287055969,-0.0047037191689014435,0.47014689445495605,0.5614598989486694,-0.005461306311190128,0.4603310823440552,0.5397722721099854,-0.017820943146944046,0.4523067772388458,0.5816598534584045,-0.008531106635928154,0.44973447918891907,0.5982561111450195,0.002377002267166972
0.40523141622543335,0.642694890499115,-4.3993628651151084e-07,0.342857301235199,0.6283448338508606,-0.025236353278160095,0.29191672801971436,0.5534595251083374,-0.029705172404646873,0.27276813983917236,0.47408851981163025,-0.03276031091809273,0.26305681467056274,0.417788028717041,-0.03013804741203785,0.31784772872924805,0.48880836367607117,1.0941527079921798e-06,0.3113424777984619,0.4470512866973877,-0.028128495439887047,0.3296206295490265,0.5055806636810303,-0.03909655287861824,0.34132087230682373,0.5327599048614502,-0.04154972359538078,0.36002349853515625,0.4808264374732971,0.0015033450908958912,0.35221564769744873,0.4400579333305359,-0.02928953804075718,0.3648719787597656,0.5156685709953308,-0.03179151192307472,0.372229665517807,0.536630392074585,-0.02451379783451557,0.4000679552555084,0.4842769205570221,-0.003973800223320723,0.39514613151550293,0.4508586823940277,-0.037828464061021805,0.3972434997558594,0.5224869847297668,-0.02711525186896324,0.3987582325935364,0.5434867143630981,-0.009610559791326523,0.44030654430389404,0.49318546056747437,-0.01153712347149849,0.43371865153312683,0.46274709701538086,-0.02949148416519165,0.4286472797393799,0.5105578303337097,-0.019620385020971298,0.42665255069732666,0.5293158292770386,-0.0066812229342758656
0.40550822019577026,0.6563664078712463,-5.214619136495457e-07,0.34327489137649536,0.6369419097900391,-0.02591676078736782,0.2909358739852905,0.5609968304634094,-0.03175295144319534,0.27090370655059814,0.480329692363739,-0.03647405281662941,0.26178961992263794,0.4214336574077606,-0.03533942252397537,0.31944069266319275,0.49323275685310364,-0.0036380558740347624,0.31166133284568787,0.4484666585922241,-0.03379053622484207,0.32846352458000183,0.5105700492858887,-0.04492255672812462,0.33954739570617676,0.5399474501609802,-0.047438766807317734,0.3615224361419678,0.48630771040916443,-0.0026859038043767214,0.3537804186344147,0.4429028630256653,-0.03535962104797363,0.3636806905269623,0.5212994813919067,-0.03779800608754158,0.3696068823337555,0.540697455406189,-0.030683333054184914,0.4010840654373169,0.4893530607223511,-0.008799959905445576,0.3966180682182312,0.45398926734924316,-0.044434353709220886,0.39583301544189453,0.5287662744522095,-0.03335864841938019,0.39586129784584045,0.5483701229095459,-0.015894485637545586,0.4404149651527405,0.49832892417907715,-0.017130134627223015,0.43611517548561096,0.4664571285247803,-0.03662458807229996,0.42940735816955566,0.5162326693534851,-0.027003278955817223,0.42617642879486084,0.5348179936408997,-0.01432314794510603
0.3960878551006317,0.5838192105293274,-3.7049895240670594e-07,0.33229485154151917,0.5677608847618103,-0.024740740656852722,0.27544543147087097,0.49641382694244385,-0.029843050986528397,0.2508968412876129,0.41907018423080444,-0.03359827399253845,0.23626793920993805,0.361894428730011,-0.031794436275959015,0.29872047901153564,0.4307142496109009,-0.0012211325811222196,0.2906636893749237,0.392886757850647,-0.030730048194527626,0.31299498677253723,0.44849780201911926,-0.04207683354616165,0.326086163520813,0.4770325720310211,-0.043865498155355453,0.34057265520095825,0.4211343228816986,0.00023843816597945988,0.3287590444087982,0.37645092606544495,-0.03202120587229729,0.3459224998950958,0.4505741596221924,-0.03496198728680611,0.3564482033252716,0.4741814136505127,-0.027255136519670486,0.38175493478775024,0.423231840133667,-0.0049245054833590984,0.37447160482406616,0.3855940103530884,-0.03872019425034523,0.3804040849208832,0.4547729194164276,-0.027175625786185265,0.38421645760536194,0.4771733582019806,-0.008792796172201633,0.4216618239879608,0.43095752596855164,-0.012043275870382786,0.41500693559646606,0.397765189409256,-0.028516896069049835,0.41163474321365356,0.4454077184200287,-0.01685382053256035,0.4109698235988617,0.46542981266975403,-0.002539415378123522
0.38936373591423035,0.5794374942779541,-5.952975357104151e-07,0.3205770254135132,0.5699187517166138,-0.026886001229286194,0.25695517659187317,0.4941948652267456,-0.033214930444955826,0.22670012712478638,0.4104832112789154,-0.03905712068080902,0.21051722764968872,0.34771886467933655,-0.03928641974925995,0.282056987285614,0.41856831312179565,-0.003268661443144083,0.265458881855011,0.36918017268180847,-0.037122420966625214,0.289298415184021,0.43396100401878357,-0.05003340542316437,0.30447572469711304,0.465295672416687,-0.05288545414805412,0.3255529999732971,0.40544232726097107,-0.0035114544443786144,0.30916622281074524,0.35904407501220703,-0.0389256551861763,0.32794034481048584,0.4426939785480499,-0.04137977585196495,0.338100403547287,0.4639512300491333,-0.03342530131340027,0.3682246804237366,0.4026876389980316,-0.011463239789009094,0.35580697655677795,0.36422407627105713,-0.050567422062158585,0.3643607199192047,0.4484831690788269,-0.03756389394402504,0.36950239539146423,0.47241777181625366,-0.017698604613542557,0.4115501642227173,0.4059891998767853,-0.021748563274741173,0.3993902802467346,0.3736189007759094,-0.04325072839856148,0.3990491032600403,0.4313656985759735,-0.031771112233400345,0.4014795422554016,0.4537223279476166,-0.017113877460360527
0.4136606752872467,0.5722033977508545,-5.832289389218204e-07,0.3455662429332733,0.5518283843994141,-0.020821910351514816,0.2837523818016052,0.4774234890937805,-0.026049146428704262,0.2530716061592102,0.400562047958374,-0.03217165544629097,0.23256056010723114,0.34166499972343445,-0.03346044942736626,0.30995655059814453,0.4057490825653076,0.0003547124797478318,0.2930053174495697,0.36149123311042786,-0.03357240930199623,0.3118056058883667,0.4218846261501312,-0.04893052205443382,0.32586395740509033,0.44790413975715637,-0.05376005545258522,0.35270941257476807,0.39374372363090515,-0.0028096528258174658,0.3362063765525818,0.34903648495674133,-0.0370744951069355,0.34841346740722656,0.42644256353378296,-0.04121764004230499,0.35939571261405945,0.4455004930496216,-0.035292357206344604,0.394382119178772,0.39308521151542664,-0.01282981876283884,0.3804672360420227,0.35546931624412537,-0.05033966898918152,0.3842267096042633,0.43101832270622253,-0.0389336459338665,0.3901688754558563,0.45315349102020264,-0.02097919024527073,0.43569034337997437,0.39958879351615906,-0.02457796409726143,0.421529620885849,0.3661652207374573,-0.04437629505991936,0.41734039783477783,0.42278212308883667,-0.032068878412246704,0.4193841516971588,0.4488636255264282,-0.017263544723391533
0.4655560255050659,0.5727917551994324,-5.467762207445048e-07,0.3976379930973053,0.561402440071106,-0.0274922214448452,0.3357885181903839,0.4857814311981201,-0.03346696123480797,0.30757826566696167,0.40121573209762573,-0.038743115961551666,0.29444420337677,0.3389427363872528,-0.038285113871097565,0.3629997670650482,0.4108107089996338,-0.0004018122563138604,0.3523653745651245,0.3618507385253906,-0.03170729801058769,0.37367480993270874,0.42671123147010803,-0.04440049082040787,0.38677090406417847,0.45870617032051086,-0.047969792038202286,0.4068649709224701,0.39925089478492737,0.0002564299793448299,0.39637255668640137,0.3515334129333496,-0.034665659070014954,0.4116818606853485,0.4352348744869232,-0.038969483226537704,0.41878780722618103,0.4586228132247925,-0.03254680335521698,0.44798198342323303,0.3988363742828369,-0.006648344919085503,0.4426615536212921,0.35772421956062317,-0.04457388445734978,0.4469752907752991,0.4391877353191376,-0.033566687256097794,0.44748544692993164,0.4638734757900238,-0.015426788479089737,0.4892460107803345,0.4046081006526947,-0.01593059115111828,0.48634177446365356,0.3697078824043274,-0.03655919060111046,0.4829101860523224,0.42447036504745483,-0.026442887261509895,0.47920411825180054,0.4462208151817322,-0.013123604469001293
0.46620121598243713,0.576744794845581,-5.433317937786342e-07,0.39845985174179077,0.5649221539497375,-0.027462586760520935,0.3367541432380676,0.48998647928237915,-0.0340137705206871,0.3093191981315613,0.4064405560493469,-0.039814483374357224,0.2958133816719055,0.34336966276168823,-0.039868906140327454,0.3617706000804901,0.4124814569950104,-0.0017682225443422794,0.3526766300201416,0.3651357889175415,-0.033971868455410004,0.37553972005844116,0.4290306270122528,-0.047352131456136703,0.3886318504810333,0.4612666368484497,-0.05131586641073227,0.40613338351249695,0.400352418422699,-0.0012133342679589987,0.39664924144744873,0.35476064682006836,-0.03663908690214157,0.4138143062591553,0.4378460645675659,-0.04117630794644356,0.419867604970932,0.4619060754776001,-0.03513527289032936,0.4483850300312042,0.4000488519668579,-0.008167027495801449,0.44369131326675415,0.35924533009529114,-0.04695515334606171,0.4492564797401428,0.4401693344116211,-0.036239419132471085,0.44822821021080017,0.4659693241119385,-0.018382282927632332,0.4905937910079956,0.40614429116249084,-0.017372019588947296,0.48827821016311646,0.36952295899391174,-0.03918895870447159,0.4854329824447632,0.4246511459350586,-0.02939208410680294,0.4797471761703491,0.44814226031303406,-0.01624828763306141
0.45607393980026245,0.5443202257156372,-4.6399463826674037e-07,0.3833824098110199,0.5337243676185608,-0.03004588931798935,0.3181455433368683,0.45531246066093445,-0.03603140264749527,0.2866089344024658,0.36801761388778687,-0.040696460753679276,0.26971471309661865,0.30479195713996887,-0.03895992040634155,0.34018808603286743,0.38104841113090515,0.0014869776787236333,0.32849279046058655,0.3321518898010254,-0.031832825392484665,0.3550112247467041,0.3962410092353821,-0.04439437761902809,0.36915138363838196,0.42600205540657043,-0.04659075289964676,0.3863425552845001,0.36525434255599976,0.0038649882189929485,0.37148517370224,0.3170207440853119,-0.03406433388590813,0.3944682776927948,0.40354686975479126,-0.03808597847819328,0.4049221873283386,0.4272302985191345,-0.02944955974817276,0.43144041299819946,0.3623502850532532,-0.0019122930243611336,0.42182469367980957,0.32162874937057495,-0.04293866455554962,0.4324914515018463,0.40601587295532227,-0.030875278636813164,0.4362446069717407,0.43203938007354736,-0.009828658774495125,0.47608768939971924,0.3657665252685547,-0.010049749165773392,0.46729981899261475,0.32975301146507263,-0.03135146200656891,0.4673973321914673,0.3861544132232666,-0.019822197034955025,0.46712666749954224,0.4085489511489868,-0.004242400638759136
0.4566350281238556,0.5530447363853455,-6.216530437086476e-07,0.3840482831001282,0.5420970320701599,-0.029406536370515823,0.3153427541255951,0.46335870027542114,-0.03594537824392319,0.28033357858657837,0.3740651607513428,-0.041843656450510025,0.2628353536128998,0.30615872144699097,-0.04097643867135048,0.33964625000953674,0.38114774227142334,0.00010776986891869456,0.32415223121643066,0.3299782872200012,-0.03510010987520218,0.3515167236328125,0.4002484083175659,-0.04827740788459778,0.3681350648403168,0.4335361421108246,-0.05118561536073685,0.3865587115287781,0.3656318187713623,0.0009447317570447922,0.37089961767196655,0.31937700510025024,-0.03657231852412224,0.3920787572860718,0.4081687033176422,-0.039721038192510605,0.40153881907463074,0.4275408387184143,-0.031944774091243744,0.43187645077705383,0.36156517267227173,-0.006723353639245033,0.42011359333992004,0.3214932978153229,-0.047954969108104706,0.4291577935218811,0.4096739590167999,-0.034513331949710846,0.432736337184906,0.4320179224014282,-0.013899077661335468,0.47783535718917847,0.3639502227306366,-0.017059674486517906,0.46819496154785156,0.329784095287323,-0.03941938281059265,0.4668782353401184,0.38995325565338135,-0.02801109291613102,0.466362327337265,0.412240207195282,-0.013166953809559345
0.47383320331573486,0.5594839453697205,-5.053195195614535e-07,0.40072453022003174,0.5340496897697449,-0.03788895532488823,0.33056098222732544,0.46052855253219604,-0.05131154879927635,0.2898024022579193,0.3892635107040405,-0.059869151562452316,0.27631211280822754,0.3216824531555176,-0.05922636389732361,0.356777548789978,0.33990806341171265,-0.019653094932436943,0.3276756703853607,0.3679504096508026,-0.04893559217453003,0.36305734515190125,0.4268372356891632,-0.05851048231124878,0.38484978675842285,0.41614818572998047,-0.06450188159942627,0.40512901544570923,0.31528207659721375,-0.014614949002861977,0.37970706820487976,0.36006462574005127,-0.04933914914727211,0.40429064631462097,0.43269267678260803,-0.052082933485507965,0.4171885848045349,0.41241753101348877,-0.04882296919822693,0.45431602001190186,0.3192134201526642,-0.01635044813156128,0.43564704060554504,0.36618536710739136,-0.05247065797448158,0.4443654417991638,0.4330265522003174,-0.03845321759581566,0.4527798593044281,0.4114767909049988,-0.0231377724558115,0.4982776939868927,0.33525338768959045,-0.022118255496025085,0.48576000332832336,0.37376469373703003,-0.04259786009788513,0.4794712960720062,0.42424798011779785,-0.03547073155641556,0.48195064067840576,0.41498738527297974,-0.026572421193122864
0.4721594750881195,0.549594521522522,-4.968848656972114e-07,0.3984947204589844,0.5258327126502991,-0.03862674906849861,0.32928866147994995,0.455260694026947,-0.05306175351142883,0.28827691078186035,0.3835868239402771,-0.062409657984972,0.27649974822998047,0.3148317337036133,-0.06258300691843033,0.3523046374320984,0.3326849043369293,-0.020939186215400696,0.3264349102973938,0.3673718571662903,-0.04853231459856033,0.3634851276874542,0.4233340919017792,-0.05618740990757942,0.3839378356933594,0.4123579263687134,-0.06100441515445709,0.40023180842399597,0.3073623478412628,-0.015536311082541943,0.3771827220916748,0.35677388310432434,-0.0492028184235096,0.40428078174591064,0.4264150559902191,-0.051306258887052536,0.41622787714004517,0.40717923641204834,-0.04784215986728668,0.4498765170574188,0.3103121221065521,-0.016630688682198524,0.43419548869132996,0.36005163192749023,-0.0525311715900898,0.444826602935791,0.42640918493270874,-0.03831523656845093,0.4509781002998352,0.4086063504219055,-0.022932158783078194,0.4947332739830017,0.32600346207618713,-0.021723022684454918,0.4848767817020416,0.36333218216896057,-0.04290669783949852,0.4794013500213623,0.41424551606178284,-0.035739716142416,0.4788963496685028,0.4080698788166046,-0.026615431532263756
0.4567994177341461,0.5302450656890869,-5.53341692466347e-07,0.3905786871910095,0.5175370573997498,-0.04243074357509613,0.32538461685180664,0.4516490399837494,-0.05807352066040039,0.28817933797836304,0.38541242480278015,-0.06766664236783981,0.2695159912109375,0.320240318775177,-0.06837520003318787,0.3412613272666931,0.3176752030849457,-0.026353580877184868,0.3261350691318512,0.3690142035484314,-0.05893594026565552,0.35602352023124695,0.42298439145088196,-0.07047581672668457,0.3725661337375641,0.4135100841522217,-0.07632661610841751,0.3894684910774231,0.29245617985725403,-0.020457521080970764,0.3792886435985565,0.3607128858566284,-0.05633189529180527,0.3990042507648468,0.4274807870388031,-0.06076085567474365,0.40764299035072327,0.40931811928749084,-0.05779239535331726,0.4396616816520691,0.2964548170566559,-0.021669620648026466,0.4368269145488739,0.36933714151382446,-0.06104477867484093,0.44220292568206787,0.43293389678001404,-0.05107002332806587,0.44501984119415283,0.41322681307792664,-0.03714243322610855,0.48750707507133484,0.3121997117996216,-0.027172479778528214,0.48509830236434937,0.36662641167640686,-0.05237822234630585,0.4794490933418274,0.41700443625450134,-0.04810464754700661,0.47696754336357117,0.4098869264125824,-0.0395452119410038
0.44718992710113525,0.5266793966293335,-5.541299969991087e-07,0.3893071115016937,0.5151004195213318,-0.04972617328166962,0.3285178244113922,0.462364137172699,-0.07385151088237762,0.295754998922348,0.4135620594024658,-0.08926565200090408,0.28180697560310364,0.35332900285720825,-0.09539549797773361,0.34079259634017944,0.31055986881256104,-0.05113351717591286,0.34116166830062866,0.3926820456981659,-0.08800043165683746,0.36305224895477295,0.4429667890071869,-0.1017846018075943,0.37120193243026733,0.42939069867134094,-0.10941101610660553,0.3915862739086151,0.28938743472099304,-0.043501291424036026,0.3962545394897461,0.3906514346599579,-0.08344379812479019,0.4048207104206085,0.4465744197368622,-0.09026718884706497,0.40383395552635193,0.4257200062274933,-0.09046995639801025,0.44330960512161255,0.29663708806037903,-0.041915830224752426,0.45031312108039856,0.3981277644634247,-0.08276578783988953,0.448790580034256,0.451885461807251,-0.07585930079221725,0.44282400608062744,0.43322232365608215,-0.06588207185268402,0.4921056926250458,0.31833499670028687,-0.04526219144463539,0.4984639883041382,0.3989403545856476,-0.07486102730035782,0.48757514357566833,0.4458072781562805,-0.07565678656101227,0.4746274948120117,0.437950998544693,-0.07110223919153214
0.4386688470840454,0.5143280625343323,-5.348405807126255e-07,0.37907594442367554,0.5043060183525085,-0.04893779009580612,0.3171292841434479,0.450540691614151,-0.0712391585111618,0.283638596534729,0.40022382140159607,-0.085242360830307,0.26852935552597046,0.34000927209854126,-0.09058057516813278,0.32905834913253784,0.3047550618648529,-0.04790442809462547,0.32568681240081787,0.3841366469860077,-0.08535512536764145,0.34874066710472107,0.43237394094467163,-0.09977204352617264,0.3594978153705597,0.4218515157699585,-0.10694164782762527,0.3791894018650055,0.2821957468986511,-0.04023751616477966,0.38039684295654297,0.37863051891326904,-0.07948288321495056,0.39256784319877625,0.4354110360145569,-0.08584918081760406,0.39683929085731506,0.41946277022361755,-0.08520545810461044,0.43052607774734497,0.2877849042415619,-0.03891848772764206,0.43512073159217834,0.3867030441761017,-0.08105320483446121,0.43737584352493286,0.44261056184768677,-0.07443314045667648,0.43699535727500916,0.42854931950569153,-0.06339633464813232,0.47930705547332764,0.30683156847953796,-0.04231369495391846,0.4828713536262512,0.3835946023464203,-0.07228153198957443,0.47515130043029785,0.4322592616081238,-0.07189232856035233,0.4676326811313629,0.42843350768089294,-0.06574282050132751
0.43581122159957886,0.4995661973953247,-5.483278187057294e-07,0.3773510754108429,0.48811569809913635,-0.04515513777732849,0.3175668716430664,0.43840348720550537,-0.0671321377158165,0.2863035798072815,0.38893160223960876,-0.08159030973911285,0.2733158469200134,0.32936087250709534,-0.08773847669363022,0.328265517950058,0.2929264307022095,-0.04478060454130173,0.33319979906082153,0.3699541687965393,-0.07971591502428055,0.35505029559135437,0.4184650778770447,-0.09356844425201416,0.3624054789543152,0.40949928760528564,-0.10107189416885376,0.3778853118419647,0.2692251205444336,-0.03865741565823555,0.3862570524215698,0.36236637830734253,-0.07589378207921982,0.3965243697166443,0.41874468326568604,-0.08325443416833878,0.3963472545146942,0.4048926830291748,-0.08405810594558716,0.42852655053138733,0.2723025679588318,-0.038083888590335846,0.4386396110057831,0.3672856092453003,-0.07833469659090042,0.43956050276756287,0.4233657121658325,-0.07299427688121796,0.4338204264640808,0.4127348065376282,-0.06343984603881836,0.4768460988998413,0.2892448604106903,-0.04178552329540253,0.48515546321868896,0.3610123097896576,-0.07055853307247162,0.47591090202331543,0.4103093445301056,-0.07025868445634842,0.4628758430480957,0.41043737530708313,-0.0644988864660263
0.45136815309524536,0.4975605309009552,-5.710786012969038e-07,0.40018221735954285,0.494248628616333,-0.053837936371564865,0.3472994267940521,0.45847848057746887,-0.08476068079471588,0.3281460702419281,0.41191366314888,-0.10593581944704056,0.3343266546726227,0.3506186604499817,-0.11757077276706696,0.35625791549682617,0.29999786615371704,-0.06555021554231644,0.3966597020626068,0.37876656651496887,-0.10246934741735458,0.40801799297332764,0.42824769020080566,-0.11580812931060791,0.3977549374103546,0.42023953795433044,-0.12467236816883087,0.40544530749320984,0.2718203067779541,-0.056306466460227966,0.4504675567150116,0.3669665455818176,-0.0968005433678627,0.450158029794693,0.4260648787021637,-0.10305360704660416,0.436946839094162,0.40978002548217773,-0.10443085432052612,0.45523586869239807,0.2717449963092804,-0.052070580422878265,0.4956907629966736,0.36149492859840393,-0.09305956214666367,0.48659902811050415,0.4164856970310211,-0.08545739203691483,0.46963775157928467,0.4059928357601166,-0.07627071440219879,0.5007296204566956,0.2881086468696594,-0.05308801680803299,0.5345808863639832,0.3532814681529999,-0.0870809480547905,0.5221589207649231,0.3968604505062103,-0.08998208492994308,0.5012219548225403,0.39291441440582275,-0.0868414044380188
0.4446890950202942,0.4909752607345581,-4.910438633487502e-07,0.3923802971839905,0.4880525469779968,-0.056992169469594955,0.33891141414642334,0.4513326585292816,-0.08955557644367218,0.32311195135116577,0.400599867105484,-0.11177542060613632,0.3320261836051941,0.3382367193698883,-0.12459375709295273,0.35495662689208984,0.2945225238800049,-0.07004690170288086,0.395111083984375,0.3692515194416046,-0.10808213800191879,0.4053843915462494,0.4159642159938812,-0.12168411910533905,0.39457613229751587,0.40769779682159424,-0.13063248991966248,0.40520381927490234,0.2653857469558716,-0.05949908494949341,0.44673919677734375,0.35768115520477295,-0.10142577439546585,0.44604676961898804,0.4135149121284485,-0.10941249877214432,0.43342849612236023,0.3999702036380768,-0.11221934109926224,0.45394790172576904,0.26487261056900024,-0.053957417607307434,0.4914533495903015,0.352444589138031,-0.09805126488208771,0.4833385646343231,0.4070199131965637,-0.09310510754585266,0.46581169962882996,0.39914390444755554,-0.08500467985868454,0.49758556485176086,0.2808677554130554,-0.053622279316186905,0.5297356247901917,0.3448074460029602,-0.09014476090669632,0.5188352465629578,0.38823696970939636,-0.09461969882249832,0.49709224700927734,0.3858819603919983,-0.09224483370780945
0.4560409188270569,0.4854182004928589,-5.384733867686009e-07,0.3922932744026184,0.4705614745616913,-0.0474732331931591,0.3394806385040283,0.4124882221221924,-0.0702209547162056,0.3221152126789093,0.3398832082748413,-0.08409540355205536,0.3229401111602783,0.2716960608959198,-0.08918600529432297,0.3503931760787964,0.2758612632751465,-0.046304941177368164,0.38479113578796387,0.3054444491863251,-0.07282527536153793,0.40176287293434143,0.36434677243232727,-0.0783599317073822,0.39435893297195435,0.3780285120010376,-0.08109831809997559,0.39687055349349976,0.2543691098690033,-0.03707965090870857,0.4323762059211731,0.29368454217910767,-0.06727732717990875,0.44164368510246277,0.36482566595077515,-0.07113449275493622,0.4266601800918579,0.371082067489624,-0.07057882100343704,0.44385457038879395,0.2562969923019409,-0.03236360102891922,0.47637155652046204,0.2960151731967926,-0.06858251988887787,0.47692593932151794,0.3641606271266937,-0.06107233092188835,0.45750218629837036,0.3711351156234741,-0.05056193470954895,0.48756393790245056,0.2720787525177002,-0.03115440160036087,0.513389527797699,0.2921222448348999,-0.058031197637319565,0.509852409362793,0.3459165692329407,-0.05396747961640358,0.48973923921585083,0.3587231934070587,-0.0457526333630085
0.4562934935092926,0.4724581241607666,-5.13361158027692e-07,0.393550843000412,0.46460938453674316,-0.05824975296854973,0.3376086950302124,0.37945547699928284,-0.07550764083862305,0.3176756203174591,0.27937763929367065,-0.08319517225027084,0.319362074136734,0.2069275677204132,-0.08073439449071884,0.3575320243835449,0.29364606738090515,-0.03368986397981644,0.38602057099342346,0.25330907106399536,-0.07041499018669128,0.39630594849586487,0.32397961616516113,-0.0765414759516716,0.38096705079078674,0.33691540360450745,-0.07685336470603943,0.40472400188446045,0.2803143262863159,-0.01885017566382885,0.4340501129627228,0.24426662921905518,-0.0696110725402832,0.4386501908302307,0.3381485939025879,-0.07513464242219925,0.4180365800857544,0.34283390641212463,-0.06761407107114792,0.44574522972106934,0.279366672039032,-0.012994491495192051,0.4771747589111328,0.2598114609718323,-0.06889871507883072,0.4739986062049866,0.3441631495952606,-0.06256719678640366,0.4506189525127411,0.34917134046554565,-0.045245829969644547,0.4842553734779358,0.28402578830718994,-0.010868635028600693,0.509774386882782,0.26913195848464966,-0.04731622338294983,0.504581868648529,0.3315686583518982,-0.04584956541657448,0.4806695282459259,0.3451482355594635,-0.036718424409627914
0.45406845211982727,0.4737318754196167,-5.025501081945549e-07,0.39222201704978943,0.46503332257270813,-0.05789440497756004,0.33768802881240845,0.3788428008556366,-0.07627210766077042,0.3188890516757965,0.27782905101776123,-0.08495670557022095,0.3253467082977295,0.20502804219722748,-0.08361702412366867,0.3599345088005066,0.2911846339702606,-0.03525735065340996,0.38677650690078735,0.2523733377456665,-0.07030104100704193,0.39685434103012085,0.321201890707016,-0.07501914352178574,0.38318052887916565,0.3327791094779968,-0.07493974268436432,0.40817463397979736,0.2794259190559387,-0.020954152569174767,0.4347990155220032,0.2418300211429596,-0.06874874979257584,0.4379997253417969,0.33690088987350464,-0.07171861082315445,0.4175955057144165,0.3401736915111542,-0.06299551576375961,0.449845552444458,0.27911704778671265,-0.015588559210300446,0.478473961353302,0.25914138555526733,-0.0690949335694313,0.47303763031959534,0.34410586953163147,-0.06124798208475113,0.4491193890571594,0.34663352370262146,-0.04393254593014717,0.48922866582870483,0.2861836552619934,-0.014005178585648537,0.5120459794998169,0.2741064727306366,-0.04969034716486931,0.5044819116592407,0.33654722571372986,-0.04796479269862175,0.48000526428222656,0.3475228548049927,-0.03925689682364464
0.45395156741142273,0.4788307249546051,-5.044898330197611e-07,0.38627833127975464,0.462554395198822,-0.05144394934177399,0.3284812569618225,0.3697931170463562,-0.06604665517807007,0.30997201800346375,0.26667100191116333,-0.07383149862289429,0.30941665172576904,0.19424325227737427,-0.0731244683265686,0.3525875508785248,0.293226033449173,-0.02276556007564068,0.3760831952095032,0.23949354887008667,-0.06526577472686768,0.39139029383659363,0.313038170337677,-0.0816531851887703,0.38470694422721863,0.34712526202201843,-0.08650415390729904,0.40078017115592957,0.28843384981155396,-0.011310326866805553,0.4208715260028839,0.2334766387939453,-0.06529012322425842,0.43104082345962524,0.33137014508247375,-0.07641685009002686,0.41803833842277527,0.3606516718864441,-0.07090450078248978,0.44208967685699463,0.2920241057872772,-0.008753050118684769,0.46477535367012024,0.2511661648750305,-0.06458980590105057,0.46392157673835754,0.34095144271850586,-0.05785587802529335,0.44483762979507446,0.36850184202194214,-0.03840123489499092,0.47786930203437805,0.30076488852500916,-0.0095682917162776,0.49735772609710693,0.2700182795524597,-0.04268718510866165,0.4923209846019745,0.33212903141975403,-0.03661898523569107,0.47275328636169434,0.3564964830875397,-0.02341831848025322
0.4522043764591217,0.47907543182373047,-5.190684078115737e-07,0.3837675154209137,0.464061439037323,-0.050498779863119125,0.3247809112071991,0.37556636333465576,-0.06547476351261139,0.30377358198165894,0.2726112902164459,-0.07413586229085922,0.30436933040618896,0.1982508897781372,-0.07445507496595383,0.3482382893562317,0.29721349477767944,-0.01976192556321621,0.3682138919830322,0.24283571541309357,-0.062898188829422,0.3847462832927704,0.312762051820755,-0.08009733259677887,0.3755847215652466,0.34173163771629333,-0.08570222556591034,0.3947882056236267,0.2911347448825836,-0.00981705542653799,0.4119868576526642,0.23748400807380676,-0.06296118348836899,0.42461997270584106,0.33341652154922485,-0.07389124482870102,0.40898314118385315,0.3584158718585968,-0.06838095933198929,0.43556448817253113,0.29208728671073914,-0.009234674274921417,0.45644667744636536,0.253185510635376,-0.06676985323429108,0.45817914605140686,0.3441706895828247,-0.06102171912789345,0.4363856911659241,0.36821645498275757,-0.04192592576146126,0.4722708761692047,0.29958397150039673,-0.011884357780218124,0.4904640316963196,0.2715455889701843,-0.04743549972772598,0.48687684535980225,0.33621400594711304,-0.042338017374277115,0.4653868079185486,0.36071497201919556,-0.029477739706635475
0.4504922032356262,0.4877350628376007,-5.493611752172001e-07,0.38416731357574463,0.4833904802799225,-0.04942157864570618,0.32056576013565063,0.39992403984069824,-0.06424975395202637,0.2973809838294983,0.2985595464706421,-0.07190505415201187,0.3002397418022156,0.22674904763698578,-0.07156746834516525,0.343569278717041,0.31882333755493164,-0.025704165920615196,0.36230140924453735,0.2683218717575073,-0.06590510904788971,0.37957504391670227,0.33474624156951904,-0.0804472491145134,0.3719536066055298,0.3568758964538574,-0.08588286489248276,0.3895640969276428,0.3068595826625824,-0.016623692587018013,0.4079468548297882,0.2590482234954834,-0.06392665207386017,0.42060667276382446,0.35172945261001587,-0.07127881795167923,0.40300193428993225,0.3668118715286255,-0.06594204902648926,0.431084543466568,0.30318912863731384,-0.016361448913812637,0.45404860377311707,0.27018168568611145,-0.06934834271669388,0.45648646354675293,0.3579629361629486,-0.061481669545173645,0.43345698714256287,0.37178942561149597,-0.0439796969294548,0.4698454439640045,0.3088817298412323,-0.01941189542412758,0.48876553773880005,0.2874784767627716,-0.05336004123091698,0.4865323305130005,0.35342541337013245,-0.04762100428342819,0.46466049551963806,0.3734200596809387,-0.03602718934416771
0.4432641267776489,0.5072230100631714,-5.398236453402205e-07,0.38517317175865173,0.502668559551239,-0.06114160642027855,0.3330892026424408,0.4408862292766571,-0.08606919646263123,0.31338104605674744,0.3546081483364105,-0.10016164928674698,0.3130201995372772,0.28320783376693726,-0.10405800491571426,0.34239500761032104,0.3181173503398895,-0.04924668371677399,0.37422558665275574,0.31650322675704956,-0.0800299197435379,0.3884204626083374,0.37855860590934753,-0.08147323131561279,0.37305039167404175,0.3834860622882843,-0.08056804537773132,0.3883529305458069,0.2932334542274475,-0.033902790397405624,0.4235347509384155,0.30705487728118896,-0.07392392307519913,0.4302448034286499,0.3940507471561432,-0.07610154896974564,0.40633341670036316,0.38523170351982117,-0.07042289525270462,0.43365952372550964,0.29044094681739807,-0.025703642517328262,0.4695964753627777,0.31019043922424316,-0.07385849952697754,0.46705538034439087,0.3889279067516327,-0.06609851866960526,0.4410569667816162,0.3837652802467346,-0.05188417434692383,0.47706305980682373,0.30008363723754883,-0.021685020998120308,0.5046467185020447,0.3169406056404114,-0.05763154849410057,0.4987735450267792,0.375977486371994,-0.057434409856796265,0.4739532768726349,0.37973618507385254,-0.05029365420341492
0.4300769567489624,0.5088076591491699,-6.096072411310161e-07,0.3733839988708496,0.49537140130996704,-0.045947350561618805,0.3159748315811157,0.4152100384235382,-0.06053178012371063,0.29400357604026794,0.32305216789245605,-0.06785524636507034,0.2986471652984619,0.25406813621520996,-0.06616679579019547,0.344012975692749,0.31613704562187195,-0.026115810498595238,0.3571876883506775,0.30395346879959106,-0.06016022711992264,0.3711545169353485,0.3740806579589844,-0.06945095211267471,0.37224656343460083,0.3875303864479065,-0.07305847108364105,0.3931557834148407,0.2980175316333771,-0.017920847982168198,0.40856850147247314,0.29256364703178406,-0.059591326862573624,0.41319113969802856,0.38256651163101196,-0.06300926208496094,0.4073996841907501,0.3853478729724884,-0.0560416541993618,0.4385397732257843,0.29885154962539673,-0.017714858055114746,0.45907795429229736,0.3127305805683136,-0.06403309106826782,0.4501796066761017,0.3900802433490753,-0.05604485794901848,0.43391042947769165,0.38593390583992004,-0.04035458713769913,0.48074933886528015,0.30819597840309143,-0.021046919748187065,0.4968758821487427,0.3233973979949951,-0.05133860558271408,0.48273545503616333,0.3833366334438324,-0.04838823154568672,0.4608769714832306,0.38792186975479126,-0.0396776907145977
0.42749547958374023,0.5182298421859741,-5.643361760121479e-07,0.3630210757255554,0.4856702983379364,-0.04099688678979874,0.3094924986362457,0.39242956042289734,-0.05293631926178932,0.2909301519393921,0.30025815963745117,-0.05964440479874611,0.2959502935409546,0.23053593933582306,-0.056993138045072556,0.35017523169517517,0.2953552007675171,-0.018615202978253365,0.339596688747406,0.29231423139572144,-0.04798952862620354,0.3585173189640045,0.362381249666214,-0.053880803287029266,0.37183910608291626,0.37525102496147156,-0.055104367434978485,0.4016622006893158,0.2888123393058777,-0.011604424566030502,0.39161014556884766,0.2963869571685791,-0.04594682902097702,0.39709150791168213,0.38023531436920166,-0.04488658532500267,0.405184268951416,0.3772333264350891,-0.036942943930625916,0.4489744007587433,0.30296510457992554,-0.012679149396717548,0.4430199861526489,0.3169839680194855,-0.052380770444869995,0.43564459681510925,0.38854509592056274,-0.03924611583352089,0.43825381994247437,0.38255929946899414,-0.02153257466852665,0.49278587102890015,0.32631251215934753,-0.017510375007987022,0.48857906460762024,0.330701619386673,-0.04165065288543701,0.472405344247818,0.37962937355041504,-0.03461114317178726,0.46514376997947693,0.3825812339782715,-0.02385774627327919
0.4304916262626648,0.5163660049438477,-5.647407874675991e-07,0.3663848638534546,0.4873826801776886,-0.04393462464213371,0.3109365701675415,0.3968249261379242,-0.057888153940439224,0.29021745920181274,0.3044704794883728,-0.06573645025491714,0.29548394680023193,0.2333189994096756,-0.06386338174343109,0.3484024405479431,0.29378196597099304,-0.02310199849307537,0.34035781025886536,0.29435548186302185,-0.05268443748354912,0.3607165813446045,0.3649241328239441,-0.05792083218693733,0.37318024039268494,0.37506160140037537,-0.05924161151051521,0.4007921516895294,0.2842983901500702,-0.014994540251791477,0.39377495646476746,0.29658469557762146,-0.05052746832370758,0.40087515115737915,0.38174498081207275,-0.0496344119310379,0.40702903270721436,0.3766067624092102,-0.041974909603595734,0.44888973236083984,0.2966112494468689,-0.014907102100551128,0.4464987516403198,0.31750714778900146,-0.05584098398685455,0.43926021456718445,0.3902835249900818,-0.04285021498799324,0.43868258595466614,0.38205865025520325,-0.02554689720273018,0.49281778931617737,0.3186957836151123,-0.01878497377038002,0.49139124155044556,0.3319450914859772,-0.044549938291311264,0.4753299355506897,0.38283392786979675,-0.03871426358819008,0.46553537249565125,0.3837854564189911,-0.028985491022467613
0.42968225479125977,0.5175930261611938,-5.957257371846936e-07,0.36715805530548096,0.48871779441833496,-0.04477609321475029,0.31357070803642273,0.40201202034950256,-0.0595492459833622,0.2926861643791199,0.3159825801849365,-0.06738989800214767,0.29371410608291626,0.2466900646686554,-0.0658448338508606,0.3482045829296112,0.2851623296737671,-0.026372265070676804,0.3342607319355011,0.3058346211910248,-0.057135604321956635,0.35715585947036743,0.37362799048423767,-0.0659535750746727,0.3730570077896118,0.3813774883747101,-0.06991396099328995,0.4005069434642792,0.27440446615219116,-0.017854249104857445,0.390223890542984,0.3143310844898224,-0.051208026707172394,0.3983745276927948,0.3936937153339386,-0.05242837592959404,0.4049907326698303,0.38617125153541565,-0.047644320875406265,0.4488799273967743,0.289154589176178,-0.017127681523561478,0.44591662287712097,0.3371153771877289,-0.05585726350545883,0.43821030855178833,0.4047948122024536,-0.045032329857349396,0.4374115467071533,0.39352548122406006,-0.030632367357611656,0.4928601086139679,0.3157717287540436,-0.020679514855146408,0.4910002648830414,0.35044312477111816,-0.04680301621556282,0.47448208928108215,0.40063121914863586,-0.04313717409968376,0.4647393226623535,0.3990202844142914,-0.035125840455293655
0.420830637216568,0.5131543874740601,-5.582887752098031e-07,0.36131852865219116,0.4864363968372345,-0.043595489114522934,0.3062155842781067,0.41164490580558777,-0.061097193509340286,0.2791054844856262,0.34576359391212463,-0.07181084901094437,0.27088993787765503,0.280927836894989,-0.07404866814613342,0.3407036066055298,0.2833070158958435,-0.03405950590968132,0.3200308084487915,0.3416065275669098,-0.06964728236198425,0.34202948212623596,0.399138867855072,-0.08494918048381805,0.3609468340873718,0.4005415439605713,-0.0926738977432251,0.39126285910606384,0.27194494009017944,-0.028008602559566498,0.3735148012638092,0.3496398329734802,-0.06327944993972778,0.38286811113357544,0.4121999442577362,-0.06912852823734283,0.39488720893859863,0.4023839235305786,-0.06830397993326187,0.4394630193710327,0.2901294231414795,-0.02882307395339012,0.4268268346786499,0.37341463565826416,-0.06737891584634781,0.42255520820617676,0.42938032746315,-0.060196924954652786,0.4270656406879425,0.4157048761844635,-0.04906872659921646,0.4834024906158447,0.3207244873046875,-0.03409027308225632,0.47235676646232605,0.3830203413963318,-0.060743629932403564,0.45942699909210205,0.42692437767982483,-0.05883294716477394,0.45652857422828674,0.4205196797847748,-0.05214296653866768
0.4212498366832733,0.5078505873680115,-5.614234055428824e-07,0.36085256934165955,0.4764333963394165,-0.03894153609871864,0.3099997639656067,0.3976994454860687,-0.05402218550443649,0.285356342792511,0.3304019570350647,-0.06341341137886047,0.2708362638950348,0.2677564322948456,-0.06493163853883743,0.34861552715301514,0.2723224461078644,-0.027767464518547058,0.31807956099510193,0.3274284303188324,-0.06422364711761475,0.3382658064365387,0.3854459822177887,-0.08105704933404922,0.35796919465065,0.38465169072151184,-0.08917328715324402,0.3977374732494354,0.2653041481971741,-0.02395046316087246,0.3679712414741516,0.33757662773132324,-0.058765821158885956,0.3774249255657196,0.40357574820518494,-0.06347796320915222,0.392286092042923,0.39570191502571106,-0.06107058748602867,0.44337791204452515,0.28848642110824585,-0.027142439037561417,0.41908544301986694,0.36824268102645874,-0.06491319090127945,0.41725561022758484,0.4259408414363861,-0.0557929128408432,0.4276750981807709,0.4140978753566742,-0.04251687601208687,0.48536545038223267,0.32314467430114746,-0.03454787656664848,0.4653332531452179,0.3805621564388275,-0.05890578031539917,0.45183682441711426,0.4252985715866089,-0.05438153073191643,0.45279642939567566,0.42248332500457764,-0.04538232833147049
0.42477649450302124,0.5207959413528442,-5.707591981263249e-07,0.3614619970321655,0.48002851009368896,-0.03323068097233772,0.31464818120002747,0.3943155109882355,-0.04620111733675003,0.29212039709091187,0.32116183638572693,-0.05476107448339462,0.27635958790779114,0.25644534826278687,-0.05585484206676483,0.3610115945339203,0.2764261066913605,-0.023715592920780182,0.31802207231521606,0.3229202330112457,-0.05886942520737648,0.3349708914756775,0.3843669295310974,-0.07519866526126862,0.35441726446151733,0.38750407099723816,-0.08341135829687119,0.40722814202308655,0.27399343252182007,-0.022553972899913788,0.362320214509964,0.34080469608306885,-0.056407950818538666,0.36985552310943604,0.408875435590744,-0.060824401676654816,0.38467374444007874,0.4037511348724365,-0.05857015401124954,0.45005732774734497,0.30104273557662964,-0.027828875929117203,0.4119904339313507,0.37845245003700256,-0.06276356428861618,0.41030362248420715,0.4372220039367676,-0.052679289132356644,0.4220687448978424,0.4287080466747284,-0.03975951671600342,0.4875054955482483,0.3399876356124878,-0.03706713393330574,0.45865559577941895,0.40075382590293884,-0.06023887172341347,0.451693058013916,0.44243043661117554,-0.056160084903240204,0.4601382911205292,0.43724554777145386,-0.047737739980220795
0.4290693402290344,0.5219600200653076,-5.120918444845302e-07,0.3627389967441559,0.48128074407577515,-0.03533511981368065,0.31518012285232544,0.39642220735549927,-0.049544960260391235,0.29227325320243835,0.32282060384750366,-0.05856739357113838,0.2765417695045471,0.25770846009254456,-0.05963984504342079,0.3610232174396515,0.27774715423583984,-0.0276472270488739,0.3177058696746826,0.32695940136909485,-0.060867004096508026,0.33726605772972107,0.3871244192123413,-0.07425469905138016,0.3577098250389099,0.3838862180709839,-0.08143743127584457,0.4086306393146515,0.27445152401924133,-0.02523043006658554,0.3614080548286438,0.34178078174591064,-0.06023143231868744,0.370525598526001,0.41091862320899963,-0.06370747089385986,0.3865377902984619,0.40231671929359436,-0.06092291697859764,0.45150327682495117,0.3018450140953064,-0.028890762478113174,0.4116232395172119,0.37956881523132324,-0.06427572667598724,0.4111264646053314,0.4394388794898987,-0.052467264235019684,0.42413631081581116,0.428536593914032,-0.03864281252026558,0.4870792627334595,0.34056222438812256,-0.03662043809890747,0.4579508304595947,0.40244925022125244,-0.06003119423985481,0.45182275772094727,0.44362473487854004,-0.05578991770744324,0.46148163080215454,0.43567967414855957,-0.0476006381213665
0.4272918701171875,0.5264613628387451,-5.764436536992434e-07,0.35723456740379333,0.4832783341407776,-0.02210213802754879,0.31393688917160034,0.3823292851448059,-0.0270936731249094,0.3003859519958496,0.2953069806098938,-0.031624529510736465,0.29383718967437744,0.22996732592582703,-0.02924766205251217,0.3637129068374634,0.2893891930580139,0.004575838800519705,0.3277994394302368,0.282318651676178,-0.022996678948402405,0.3433479070663452,0.3570535480976105,-0.035188689827919006,0.3620380163192749,0.3698863387107849,-0.04068416729569435,0.4051510691642761,0.2901914715766907,0.0031999084167182446,0.36541634798049927,0.2886508107185364,-0.023973189294338226,0.3713161051273346,0.3732500672340393,-0.02230413630604744,0.3907128572463989,0.3756081461906433,-0.01493075117468834,0.4443107843399048,0.30850663781166077,-0.005400809459388256,0.40615150332450867,0.30633431673049927,-0.036104004830121994,0.40349525213241577,0.386356920003891,-0.018188826739788055,0.42248037457466125,0.3902977705001831,0.0013030468253418803,0.4808061122894287,0.3359031081199646,-0.016959277912974358,0.44738200306892395,0.3315667510032654,-0.03291711211204529,0.4363361597061157,0.3841260075569153,-0.01969941519200802,0.44917330145835876,0.391976535320282,-0.005357447080314159
0.42680785059928894,0.5251278877258301,-5.94702555645199e-07,0.3571450710296631,0.4882786273956299,-0.021153658628463745,0.310118168592453,0.389239102602005,-0.026340952143073082,0.2936544120311737,0.300266295671463,-0.03144407644867897,0.2860313057899475,0.23313838243484497,-0.0300028994679451,0.36058223247528076,0.29625988006591797,0.0034005455672740936,0.32348811626434326,0.28338706493377686,-0.023359892889857292,0.3393818736076355,0.35839998722076416,-0.0336972214281559,0.35875365138053894,0.3715393841266632,-0.03813538700342178,0.40284889936447144,0.2948229908943176,0.0018525054911151528,0.3605208396911621,0.2871057093143463,-0.02567003108561039,0.3672754764556885,0.37449759244918823,-0.022646840661764145,0.3879738450050354,0.37612438201904297,-0.014103761874139309,0.44229668378829956,0.31114721298217773,-0.006696308963000774,0.4031658470630646,0.30466997623443604,-0.037781063467264175,0.40163347125053406,0.3871813714504242,-0.01915261335670948,0.4213363230228424,0.3896651268005371,0.0009874484967440367,0.4785674810409546,0.3359397351741791,-0.017890747636556625,0.4458709955215454,0.3302193880081177,-0.033195409923791885,0.43514376878738403,0.3841449022293091,-0.019498635083436966,0.44783952832221985,0.39095377922058105,-0.0050839753821492195
0.4174850583076477,0.51964271068573,-7.181511136877816e-07,0.3488768935203552,0.4916389584541321,-0.011940345168113708,0.30178338289260864,0.4029678702354431,-0.013408700935542583,0.29393553733825684,0.3170378804206848,-0.017848487943410873,0.2936888635158539,0.2558612823486328,-0.01806020922958851,0.3444664776325226,0.3268524706363678,0.010583464987576008,0.32062071561813354,0.27769505977630615,-0.019374137744307518,0.32929566502571106,0.3486693203449249,-0.03286238759756088,0.34460076689720154,0.3840949535369873,-0.036535535007715225,0.38081926107406616,0.3249235451221466,0.005415412597358227,0.3544067442417145,0.27791067957878113,-0.02577761933207512,0.36079955101013184,0.36509302258491516,-0.027172863483428955,0.37853479385375977,0.3921263515949249,-0.018533840775489807,0.4180530607700348,0.3314019441604614,-0.006155848037451506,0.39077872037887573,0.2862831950187683,-0.04002289101481438,0.3922785818576813,0.373375803232193,-0.025188736617565155,0.40888479351997375,0.40388223528862,-0.004653219133615494,0.4590311348438263,0.34333446621894836,-0.01913122460246086,0.42967623472213745,0.3085431456565857,-0.038747433573007584,0.42473310232162476,0.3669547438621521,-0.02686426043510437,0.43733522295951843,0.3915056586265564,-0.011701731942594051
0.42324692010879517,0.5200866460800171,-6.627734023822995e-07,0.3513869047164917,0.4910280704498291,-0.011192075908184052,0.30240997672080994,0.4106251001358032,-0.013488487340509892,0.2951141595840454,0.3287261724472046,-0.020057059824466705,0.30219143629074097,0.2691595256328583,-0.02271701768040657,0.33934298157691956,0.33544567227363586,0.01626128889620304,0.31857627630233765,0.28091245889663696,-0.014456747099757195,0.3304317593574524,0.34590235352516174,-0.02994658052921295,0.3434499502182007,0.38676556944847107,-0.03402213752269745,0.3765648603439331,0.33033856749534607,0.009724638424813747,0.3568491041660309,0.2786378562450409,-0.02171778678894043,0.36685457825660706,0.36103829741477966,-0.026844406500458717,0.37994447350502014,0.39385858178138733,-0.020057402551174164,0.4156012237071991,0.33290812373161316,-0.0032514960039407015,0.3953656554222107,0.28006601333618164,-0.03713108226656914,0.3990350365638733,0.36588042974472046,-0.024111134931445122,0.40931540727615356,0.4048057794570923,-0.003804447129368782,0.45837628841400146,0.3435975909233093,-0.017631590366363525,0.43604910373687744,0.29544031620025635,-0.03594641759991646,0.4315730333328247,0.3528367280960083,-0.02217741310596466,0.4388624429702759,0.38549548387527466,-0.004973154515028
0.42899957299232483,0.5229918956756592,-5.361167154660507e-07,0.35014691948890686,0.5034159421920776,-0.016696158796548843,0.2877759039402008,0.4335033893585205,-0.019160782918334007,0.26624795794487,0.35008707642555237,-0.023984011262655258,0.2639445662498474,0.2893405556678772,-0.024156635627150536,0.31694722175598145,0.360291451215744,0.014238599687814713,0.30659258365631104,0.3037862181663513,-0.017059966921806335,0.326261967420578,0.35892221331596375,-0.03464263677597046,0.3366536498069763,0.39745867252349854,-0.041042495518922806,0.35974758863449097,0.34794721007347107,0.009934199042618275,0.34896770119667053,0.2900519073009491,-0.0249312836676836,0.36877432465553284,0.36735206842422485,-0.03439994528889656,0.3753040134906769,0.4042854905128479,-0.031083717942237854,0.40137556195259094,0.34352150559425354,-0.001037020469084382,0.3938091993331909,0.28659117221832275,-0.03767470642924309,0.40476512908935547,0.36745893955230713,-0.02813195250928402,0.4069589376449585,0.409251868724823,-0.010288343764841557,0.4445686638355255,0.3459586203098297,-0.013669745065271854,0.44009265303611755,0.2980490028858185,-0.033699456602334976,0.4406474828720093,0.35174551606178284,-0.02258835732936859,0.4378506541252136,0.38357529044151306,-0.007838645949959755
0.43124762177467346,0.5247389674186707,-5.355790335670463e-07,0.3521924316883087,0.5106803178787231,-0.02126409113407135,0.2848552465438843,0.4421260952949524,-0.025395678356289864,0.2563762962818146,0.35688287019729614,-0.03087305650115013,0.25318384170532227,0.2930176854133606,-0.03085308149456978,0.31038621068000793,0.36836346983909607,0.011996179819107056,0.3009068965911865,0.3099375367164612,-0.02335027977824211,0.32429152727127075,0.36641228199005127,-0.04288901761174202,0.33404672145843506,0.4031040072441101,-0.050114601850509644,0.35453423857688904,0.35375669598579407,0.009023214690387249,0.34295764565467834,0.2934800386428833,-0.030578477308154106,0.3672628402709961,0.37315523624420166,-0.04144687578082085,0.37227919697761536,0.4086022973060608,-0.03801814466714859,0.39671558141708374,0.34662431478500366,-0.0013426258228719234,0.3885236978530884,0.2892187535762787,-0.04201425611972809,0.40432295203208923,0.3711007237434387,-0.0317377895116806,0.40587562322616577,0.41039982438087463,-0.012322061695158482,0.4398290812969208,0.345697283744812,-0.013768152333796024,0.43570083379745483,0.29949843883514404,-0.035739194601774216,0.44165199995040894,0.35438621044158936,-0.023933185264468193,0.44038334488868713,0.38374489545822144,-0.008083728142082691
0.4502561092376709,0.546626091003418,-5.851855462424282e-07,0.37714657187461853,0.533831000328064,-0.031925324350595474,0.30826205015182495,0.4527461528778076,-0.0398852601647377,0.2795071601867676,0.36088669300079346,-0.04626106843352318,0.27617722749710083,0.29126980900764465,-0.04551592096686363,0.3390887975692749,0.37283605337142944,-0.003220684826374054,0.328358918428421,0.3221880793571472,-0.039822518825531006,0.35277432203292847,0.39197805523872375,-0.05410255864262581,0.36651620268821716,0.4267849028110504,-0.057742390781641006,0.3862650692462921,0.36198681592941284,-0.0019314169185236096,0.3768356442451477,0.31251922249794006,-0.04264569282531738,0.39510247111320496,0.4018973708152771,-0.04694550111889839,0.4005656838417053,0.42652732133865356,-0.03917165473103523,0.43034422397613525,0.36169108748435974,-0.009280038066208363,0.4253801703453064,0.32010385394096375,-0.05214698612689972,0.43173542618751526,0.40649840235710144,-0.03933978080749512,0.4306851327419281,0.4306378960609436,-0.01886821538209915,0.47449296712875366,0.36746910214424133,-0.019502295181155205,0.4714815318584442,0.3334767520427704,-0.04293576627969742,0.4697593152523041,0.3937194347381592,-0.031969405710697174,0.46575313806533813,0.41590416431427,-0.01746145263314247
0.45136159658432007,0.5598345994949341,-6.394272986653959e-07,0.3869690001010895,0.5432965755462646,-0.036931902170181274,0.31890133023262024,0.45985424518585205,-0.047109220176935196,0.28737741708755493,0.37008678913116455,-0.053704883903265,0.2819250822067261,0.3003827929496765,-0.052364882081747055,0.35057035088539124,0.36737412214279175,-0.012373061850667,0.33794862031936646,0.3412744700908661,-0.04620781168341637,0.3619993329048157,0.4108876585960388,-0.05590913072228432,0.3751797378063202,0.427500456571579,-0.05817597731947899,0.3966931700706482,0.35409167408943176,-0.008062425069510937,0.3877102732658386,0.33090725541114807,-0.04696354269981384,0.40246087312698364,0.41810351610183716,-0.04801628366112709,0.40587788820266724,0.42524978518486023,-0.03933986648917198,0.44086065888404846,0.3554474711418152,-0.012174318544566631,0.43846777081489563,0.34825533628463745,-0.05570307374000549,0.4412868320941925,0.4261346757411957,-0.04368017241358757,0.43878796696662903,0.4282289147377014,-0.024745574221014977,0.48421499133110046,0.3621719181537628,-0.019252421334385872,0.479789674282074,0.3493626117706299,-0.04326863959431648,0.47663918137550354,0.4073871672153473,-0.0337846465408802,0.4728128910064697,0.41815245151519775,-0.020765474066138268
0.4462699592113495,0.5620562434196472,-6.012126618770708e-07,0.3870747685432434,0.544683575630188,-0.04509593918919563,0.32792192697525024,0.47613325715065,-0.06199217587709427,0.29745858907699585,0.40442541241645813,-0.07189915329217911,0.29040366411209106,0.33598536252975464,-0.07298135757446289,0.3478472828865051,0.34496772289276123,-0.02833239920437336,0.3458558917045593,0.390180766582489,-0.06093279644846916,0.37075501680374146,0.44934865832328796,-0.07417655736207962,0.3824698328971863,0.4497659206390381,-0.08151934295892715,0.3964151442050934,0.3239337205886841,-0.02108811028301716,0.3982846736907959,0.38867148756980896,-0.05617298185825348,0.4097491204738617,0.45791035890579224,-0.06289591640233994,0.4130476415157318,0.44819867610931396,-0.062428589910268784,0.44524770975112915,0.32994768023490906,-0.020976075902581215,0.4520234167575836,0.4002514183521271,-0.06069411337375641,0.4496636390686035,0.4645041525363922,-0.05414312332868576,0.44484516978263855,0.4523712992668152,-0.042982373386621475,0.49154287576675415,0.34965449571609497,-0.025230757892131805,0.4965043067932129,0.4046429395675659,-0.053620826452970505,0.48580440878868103,0.45577338337898254,-0.05235864222049713,0.4745429456233978,0.453803151845932,-0.045749448239803314
0.4493144154548645,0.5605157017707825,-5.528601150217582e-07,0.38862094283103943,0.5426182746887207,-0.04760317876935005,0.3292638659477234,0.47542136907577515,-0.06633156538009644,0.29865318536758423,0.40631023049354553,-0.07741247117519379,0.2889660596847534,0.3376166522502899,-0.07938820868730545,0.3477436900138855,0.34199950098991394,-0.034424152225255966,0.3442574739456177,0.3892158567905426,-0.06817515194416046,0.37093907594680786,0.44611671566963196,-0.08066193014383316,0.3844990134239197,0.44627588987350464,-0.08712749183177948,0.3974560499191284,0.3204062283039093,-0.026305902749300003,0.3977544605731964,0.3867286741733551,-0.06264937669038773,0.4099562466144562,0.45390477776527405,-0.0691256895661354,0.4140280485153198,0.44265371561050415,-0.06848752498626709,0.44687384366989136,0.326835036277771,-0.025243371725082397,0.4528367221355438,0.3993029296398163,-0.06603823602199554,0.45019397139549255,0.46300792694091797,-0.059243932366371155,0.44619661569595337,0.450000137090683,-0.04797051101922989,0.4926409125328064,0.3473220467567444,-0.028716720640659332,0.4985160231590271,0.4025510847568512,-0.0579371452331543,0.48782870173454285,0.45323804020881653,-0.05678276717662811,0.4772903323173523,0.45103904604911804,-0.050234515219926834
0.4540240168571472,0.562772810459137,-5.280035111354664e-07,0.38864952325820923,0.5338045358657837,-0.04193643853068352,0.3294680118560791,0.4582980275154114,-0.05841369181871414,0.29851019382476807,0.38915327191352844,-0.06874710321426392,0.2895669937133789,0.32369983196258545,-0.07045455276966095,0.3606790602207184,0.3291395306587219,-0.028335126116871834,0.336035817861557,0.3839108645915985,-0.0632219985127449,0.3607463836669922,0.4396630823612213,-0.07781729847192764,0.37710878252983093,0.43398165702819824,-0.08590500056743622,0.40888747572898865,0.31344202160835266,-0.023452216759324074,0.38498637080192566,0.38379591703414917,-0.061192166060209274,0.3995094895362854,0.4538668096065521,-0.06678827106952667,0.412258505821228,0.4419773817062378,-0.06483908742666245,0.45713263750076294,0.3291570842266083,-0.02553376741707325,0.43987026810646057,0.4054874777793884,-0.06550769507884979,0.43999844789505005,0.4688722491264343,-0.05490676686167717,0.4474617540836334,0.4535960853099823,-0.04067544639110565,0.5007737874984741,0.35765784978866577,-0.03204252943396568,0.486707866191864,0.41665777564048767,-0.058073654770851135,0.47775667905807495,0.46353429555892944,-0.05349775776267052,0.47978994250297546,0.45602527260780334,-0.04472666233778
0.4446879029273987,0.5544448494911194,-5.538262826121354e-07,0.37608638405799866,0.5230565667152405,-0.03295351564884186,0.3278900384902954,0.42874565720558167,-0.042071305215358734,0.30458688735961914,0.34817421436309814,-0.047274116426706314,0.28640037775039673,0.2849099040031433,-0.04492959752678871,0.3719082176685333,0.32255610823631287,-0.014067224226891994,0.33179885149002075,0.3449465334415436,-0.04441097006201744,0.3537307381629944,0.41187331080436707,-0.056350886821746826,0.3758288621902466,0.408010333776474,-0.06245899945497513,0.417841374874115,0.3117567300796509,-0.010445207357406616,0.3778289556503296,0.3552895188331604,-0.041931670159101486,0.3896383047103882,0.4319961965084076,-0.04291215166449547,0.4067801535129547,0.42002320289611816,-0.0377962589263916,0.45884209871292114,0.32957908511161804,-0.013896428048610687,0.4254983961582184,0.38532376289367676,-0.0471125990152359,0.42631039023399353,0.45150697231292725,-0.03464601933956146,0.43965011835098267,0.4363771378993988,-0.01996348798274994,0.49315327405929565,0.3565855324268341,-0.021142685785889626,0.4702732563018799,0.4062426686286926,-0.04016823694109917,0.46106022596359253,0.4524974226951599,-0.03459352254867554,0.46674051880836487,0.44388067722320557,-0.026354776695370674
0.4281448423862457,0.5651193261146545,-6.401317023119191e-07,0.3630942702293396,0.5242465734481812,-0.022617271170020103,0.3156852126121521,0.430769145488739,-0.027837324887514114,0.2960605025291443,0.3522317707538605,-0.03163733705878258,0.2808179259300232,0.2892845571041107,-0.02866443619132042,0.3658588230609894,0.32186341285705566,-0.00030564487678930163,0.3223397731781006,0.3531797230243683,-0.03186124563217163,0.3386443257331848,0.41631239652633667,-0.04925311356782913,0.35996928811073303,0.41893765330314636,-0.058560241013765335,0.4066655933856964,0.318325400352478,-0.003297204617410898,0.36135727167129517,0.3675607144832611,-0.031987909227609634,0.3696516752243042,0.4391053318977356,-0.03481164574623108,0.38696640729904175,0.4340706169605255,-0.03161253407597542,0.4461197853088379,0.3403797745704651,-0.013342054560780525,0.4039011299610138,0.39913076162338257,-0.044866856187582016,0.40567779541015625,0.4622809588909149,-0.033061183989048004,0.42158225178718567,0.45592188835144043,-0.019045865163207054,0.4822602868080139,0.37447649240493774,-0.026858016848564148,0.4471149444580078,0.42003384232521057,-0.046907320618629456,0.441701740026474,0.4664156436920166,-0.04024406149983406,0.4535885155200958,0.4656062126159668,-0.030350329354405403
0.4193456470966339,0.579094648361206,-6.500782205876021e-07,0.3532606363296509,0.525709331035614,-0.01834944076836109,0.31535327434539795,0.4275178611278534,-0.02277643233537674,0.29866594076156616,0.3500686585903168,-0.02723381668329239,0.28053826093673706,0.2880678176879883,-0.025625798851251602,0.3769368529319763,0.3252309262752533,0.004996262025088072,0.3189578652381897,0.34876734018325806,-0.025690559297800064,0.3299519121646881,0.4141424000263214,-0.04371459409594536,0.35303789377212524,0.42116886377334595,-0.053236328065395355,0.41430285573005676,0.32827886939048767,0.0004450104315765202,0.3503653407096863,0.3725757300853729,-0.027784163132309914,0.3566769063472748,0.44306251406669617,-0.031496912240982056,0.3777114450931549,0.443196564912796,-0.028856651857495308,0.4477168321609497,0.35538262128829956,-0.010752053000032902,0.38751325011253357,0.4081171751022339,-0.04107149317860603,0.38992536067962646,0.47077158093452454,-0.030003352090716362,0.4093174636363983,0.47057464718818665,-0.016282347962260246,0.475699245929718,0.393526166677475,-0.025146951898932457,0.42736202478408813,0.4371849000453949,-0.043965235352516174,0.42390894889831543,0.48111748695373535,-0.03753795474767685,0.43980202078819275,0.48284912109375,-0.027507590129971504
0.3908189833164215,0.6407356858253479,-6.832050871707906e-07,0.338786780834198,0.5507780313491821,-0.006889242213219404,0.32705214619636536,0.4461672306060791,-0.010613423772156239,0.3264996111392975,0.37124103307724,-0.01754516363143921,0.3207381069660187,0.30045175552368164,-0.019192945212125778,0.4082660973072052,0.366477906703949,0.015425152145326138,0.32958298921585083,0.35734444856643677,-0.01589508168399334,0.32137539982795715,0.4171760082244873,-0.03689969703555107,0.33902275562286377,0.44011273980140686,-0.047490280121564865,0.4336460828781128,0.38172104954719543,0.004827910102903843,0.3384259343147278,0.39234429597854614,-0.02236458845436573,0.3338816165924072,0.4577590525150299,-0.02803018130362034,0.3552478551864624,0.47453588247299194,-0.027301281690597534,0.44856712222099304,0.415077805519104,-0.01186810340732336,0.3547779321670532,0.4330947995185852,-0.03903112933039665,0.3526272177696228,0.49316224455833435,-0.03084920160472393,0.37393173575401306,0.509613037109375,-0.01991039328277111,0.4537287950515747,0.4587596654891968,-0.031108658760786057,0.38008835911750793,0.46819838881492615,-0.048281121999025345,0.3753311336040497,0.5090004801750183,-0.043759483844041824,0.3921021819114685,0.5254710912704468,-0.035080503672361374
0.39583173394203186,0.6166936755180359,-6.304777002696937e-07,0.3325972855091095,0.5558289289474487,-0.02445180155336857,0.297254353761673,0.45552152395248413,-0.031736016273498535,0.2858175039291382,0.37761157751083374,-0.037595849484205246,0.271587073802948,0.30956709384918213,-0.03715980425477028,0.36355873942375183,0.3569496273994446,-0.00350950681604445,0.3080952763557434,0.38045236468315125,-0.03717999905347824,0.315629780292511,0.44613614678382874,-0.05534418672323227,0.33888891339302063,0.45148512721061707,-0.06453756988048553,0.406621515750885,0.36546266078948975,-0.005687867756932974,0.34537509083747864,0.40978917479515076,-0.037181198596954346,0.3462375998497009,0.4811965525150299,-0.041092704981565475,0.36543434858322144,0.48035526275634766,-0.03810153901576996,0.4419638514518738,0.3966497778892517,-0.015021068044006824,0.3855767548084259,0.44950342178344727,-0.04912567883729935,0.38389429450035095,0.5123978853225708,-0.03851832076907158,0.4009416997432709,0.5092998147010803,-0.024442389607429504,0.47136497497558594,0.4369531571865082,-0.027673326432704926,0.42851513624191284,0.47926297783851624,-0.04843820258975029,0.4209076464176178,0.5233933925628662,-0.04211830347776413,0.4331761300563812,0.5231153964996338,-0.03180764243006706
0.4062711000442505,0.605742871761322,-5.576332569035003e-07,0.3424166440963745,0.5779567360877991,-0.041597429662942886,0.2863304913043976,0.4847288429737091,-0.054347287863492966,0.2664996385574341,0.3896883726119995,-0.06168408319354057,0.2662913203239441,0.31684190034866333,-0.060045138001441956,0.320487380027771,0.38897258043289185,-0.023348676040768623,0.3141211271286011,0.373476505279541,-0.056560009717941284,0.3349064588546753,0.44684410095214844,-0.0644928440451622,0.34893739223480225,0.4695865511894226,-0.06613636761903763,0.37424394488334656,0.38196757435798645,-0.017149673774838448,0.37021470069885254,0.3740696907043457,-0.055288396775722504,0.37765905261039734,0.4645845592021942,-0.05539363622665405,0.38317421078681946,0.47207945585250854,-0.047265514731407166,0.42369386553764343,0.3935230076313019,-0.01892751082777977,0.42585527896881104,0.3971896171569824,-0.06227514520287514,0.41789141297340393,0.47601890563964844,-0.04924584552645683,0.4145149886608124,0.47869041562080383,-0.030746102333068848,0.46984946727752686,0.4149044156074524,-0.024226749315857887,0.47309330105781555,0.41376549005508423,-0.05175343155860901,0.4572540521621704,0.46933120489120483,-0.04446696862578392,0.44500553607940674,0.4778119623661041,-0.03284533694386482
0.4119189381599426,0.5639734268188477,-4.488365732413513e-07,0.338396817445755,0.5429753065109253,-0.028284937143325806,0.2773951590061188,0.45880013704299927,-0.0350501611828804,0.25764498114585876,0.36580416560173035,-0.040313683450222015,0.2563900649547577,0.29773253202438354,-0.03991125896573067,0.309543251991272,0.38646554946899414,2.2762194475944852e-06,0.3090111017227173,0.34217947721481323,-0.030528942123055458,0.3287152051925659,0.4030352830886841,-0.04500902071595192,0.33860838413238525,0.439649760723114,-0.04973527789115906,0.3594900965690613,0.379284143447876,0.0017240939196199179,0.35749679803848267,0.33113983273506165,-0.032570336014032364,0.37063097953796387,0.4113043248653412,-0.03914368152618408,0.37419044971466064,0.44542843103408813,-0.03433404862880707,0.40534311532974243,0.3845362961292267,-0.0036349394358694553,0.4061301648616791,0.34506964683532715,-0.04082638770341873,0.408695250749588,0.42031043767929077,-0.03087579272687435,0.40538275241851807,0.4521615505218506,-0.013393158093094826,0.4486761689186096,0.39705294370651245,-0.011101983487606049,0.4483379125595093,0.36001449823379517,-0.029988251626491547,0.44361376762390137,0.414097398519516,-0.017755592241883278,0.43647488951683044,0.4403497278690338,-0.003065971890464425
0.39542901515960693,0.5143281817436218,-5.180247626412893e-07,0.3252103924751282,0.5058044195175171,-0.024907538667321205,0.2604006230831146,0.4378923177719116,-0.030729569494724274,0.23098084330558777,0.3568013310432434,-0.03646523505449295,0.22085806727409363,0.29517850279808044,-0.037021029740571976,0.28307151794433594,0.36500251293182373,0.0017543990397825837,0.2721182107925415,0.31367409229278564,-0.03129393607378006,0.2964898645877838,0.3716830015182495,-0.04655127599835396,0.31000885367393494,0.40546172857284546,-0.051269691437482834,0.325369656085968,0.3502538800239563,0.0008758020121604204,0.31412649154663086,0.2977636456489563,-0.035988859832286835,0.33606836199760437,0.37724533677101135,-0.04241475835442543,0.3443297743797302,0.4062190055847168,-0.0365903303027153,0.3662835657596588,0.3452181816101074,-0.007221203297376633,0.3586600124835968,0.2972278296947479,-0.046532098203897476,0.37083691358566284,0.3777066469192505,-0.035837605595588684,0.3737950026988983,0.4093591272830963,-0.016948578879237175,0.4073977470397949,0.3471093475818634,-0.017398271709680557,0.40189552307128906,0.3096773624420166,-0.03953476995229721,0.4052131175994873,0.3644055724143982,-0.028877660632133484,0.40511825680732727,0.38905784487724304,-0.014355910010635853
0.41338351368904114,0.5237850546836853,-5.48390460153314e-07,0.34808996319770813,0.5161125659942627,-0.026111451908946037,0.28481850028038025,0.45088934898376465,-0.03230951353907585,0.25230127573013306,0.3755687475204468,-0.03773939609527588,0.24206145107746124,0.31770530343055725,-0.03697585687041283,0.3031288981437683,0.3791235387325287,-0.0009617252508178353,0.29072126746177673,0.33714741468429565,-0.03382145240902901,0.3154436945915222,0.3971182703971863,-0.046111684292554855,0.3288532495498657,0.4235842823982239,-0.04853838309645653,0.34404057264328003,0.36450764536857605,-0.0005989661440253258,0.3307552635669708,0.3197954595088959,-0.03715486451983452,0.3525465130805969,0.3983120024204254,-0.040186893194913864,0.36089643836021423,0.4179399311542511,-0.03180846944451332,0.38381654024124146,0.3598024249076843,-0.00760416965931654,0.3762363791465759,0.3251168727874756,-0.047025326639413834,0.38729503750801086,0.40096768736839294,-0.03492792695760727,0.3896254301071167,0.42143523693084717,-0.015001199208199978,0.42297956347465515,0.3603209853172302,-0.01672992669045925,0.4161839485168457,0.3288913667201996,-0.03707808628678322,0.41900497674942017,0.38188281655311584,-0.025494730100035667,0.4194854199886322,0.40147727727890015,-0.010569005273282528
0.4330148696899414,0.5326422452926636,-5.952017545496346e-07,0.36850959062576294,0.5295562744140625,-0.029425611719489098,0.3039660155773163,0.46008768677711487,-0.036266472190618515,0.2753918766975403,0.3809987008571625,-0.04081270843744278,0.2644348442554474,0.3221937417984009,-0.039016444236040115,0.3263980746269226,0.38499611616134644,-0.009594273753464222,0.3144586384296417,0.35315847396850586,-0.04234791174530983,0.34110748767852783,0.41479724645614624,-0.05338485538959503,0.3537687063217163,0.43605583906173706,-0.05540652200579643,0.368876188993454,0.3704847991466522,-0.007983610965311527,0.35634613037109375,0.3335009813308716,-0.04365469887852669,0.37808388471603394,0.4112553000450134,-0.044833071529865265,0.38438230752944946,0.42722734808921814,-0.03608521446585655,0.4091449975967407,0.3670376241207123,-0.013639956712722778,0.40368330478668213,0.3439120948314667,-0.05258040502667427,0.41470766067504883,0.41656285524368286,-0.0402168445289135,0.41503918170928955,0.4302123785018921,-0.021151529625058174,0.448615163564682,0.3688413202762604,-0.021573610603809357,0.4441971778869629,0.3430192172527313,-0.04154234007000923,0.4464704394340515,0.39711204171180725,-0.02972491830587387,0.4449261724948883,0.41658923029899597,-0.01529653463512659
0.4459690451622009,0.5441422462463379,-4.936336495120486e-07,0.3845338523387909,0.5385391712188721,-0.03400114178657532,0.32086238265037537,0.4744008779525757,-0.04280450567603111,0.28770437836647034,0.3970225751399994,-0.04828380420804024,0.2769603431224823,0.3362940549850464,-0.046263858675956726,0.33838576078414917,0.400940865278244,-0.010248730890452862,0.33104151487350464,0.3600040674209595,-0.04208623617887497,0.35674411058425903,0.41980084776878357,-0.050912678241729736,0.368747740983963,0.4436298906803131,-0.05172544717788696,0.3813791871070862,0.38452401757240295,-0.0059388065710663795,0.3752070665359497,0.34307539463043213,-0.04287194833159447,0.39528489112854004,0.42201685905456543,-0.04431275650858879,0.39921385049819946,0.43643033504486084,-0.035299066454172134,0.4223472774028778,0.379505455493927,-0.009418411180377007,0.42222291231155396,0.3522765636444092,-0.04998005926609039,0.42991629242897034,0.42502325773239136,-0.03886087238788605,0.42733392119407654,0.4366455078125,-0.020335078239440918,0.46273234486579895,0.38042014837265015,-0.015550058335065842,0.4623836576938629,0.3568437099456787,-0.0380333811044693,0.46263498067855835,0.4088621139526367,-0.029194921255111694,0.45786410570144653,0.42429035902023315,-0.016587035730481148
0.531545877456665,0.5078455209732056,-4.391600896269665e-07,0.4766227900981903,0.4956817328929901,-0.02224462479352951,0.42509812116622925,0.438534677028656,-0.03071025013923645,0.4087969958782196,0.3787219524383545,-0.038476184010505676,0.4082393944263458,0.33693742752075195,-0.042064156383275986,0.4405493438243866,0.36617228388786316,-0.00810521375387907,0.43504494428634644,0.3346419036388397,-0.04103056341409683,0.4475865960121155,0.38126447796821594,-0.05878381431102753,0.45275717973709106,0.40347373485565186,-0.06633678823709488,0.4747994840145111,0.3548020124435425,-0.010042023845016956,0.4734851121902466,0.32854098081588745,-0.044490352272987366,0.48429322242736816,0.38864564895629883,-0.052500683814287186,0.4881017804145813,0.40639856457710266,-0.04941564425826073,0.5089832544326782,0.3544100224971771,-0.01764550246298313,0.5109297633171082,0.3346349895000458,-0.051381148397922516,0.5152220129966736,0.39051398634910583,-0.04372119531035423,0.513614296913147,0.4054981470108032,-0.029824167490005493,0.541599452495575,0.36346086859703064,-0.027232952415943146,0.5415502786636353,0.34588196873664856,-0.046138908714056015,0.5393573641777039,0.38966819643974304,-0.036241285502910614,0.5356981158256531,0.4052234888076782,-0.02324720472097397
0.6606741547584534,0.5800646543502808,-3.078546058077336e-07,0.6192770004272461,0.5413199663162231,-0.051005132496356964,0.5799984335899353,0.4597741663455963,-0.07740169763565063,0.5432015657424927,0.38910606503486633,-0.09630340337753296,0.529962420463562,0.3307586908340454,-0.10584709048271179,0.6364367604255676,0.3632053732872009,-0.04724698141217232,0.6094957590103149,0.34482714533805847,-0.07924199849367142,0.6098743081092834,0.41316545009613037,-0.08589497953653336,0.6231063008308411,0.4248672425746918,-0.0870957300066948,0.663407027721405,0.3622276782989502,-0.03652865067124367,0.6344316601753235,0.3495415449142456,-0.07570188492536545,0.6329967379570007,0.42721813917160034,-0.07582402974367142,0.6453786492347717,0.42845669388771057,-0.06878845393657684,0.6866893172264099,0.37606537342071533,-0.03279680386185646,0.6612507700920105,0.36657339334487915,-0.07355212420225143,0.6598266959190369,0.4330858588218689,-0.0642179325222969,0.6716059446334839,0.4340236783027649,-0.05032356455922127,0.7096942663192749,0.39501893520355225,-0.03299565985798836,0.6956492066383362,0.3857731223106384,-0.05780602619051933,0.686245322227478,0.42800408601760864,-0.05297067388892174,0.6915127038955688,0.4292156398296356,-0.04440787062048912
0.7211346626281738,0.598425567150116,-5.691895239579026e-07,0.6541700959205627,0.5832895636558533,-0.04868123680353165,0.5913723707199097,0.49800562858581543,-0.06276145577430725,0.5639714002609253,0.4019728899002075,-0.07048848271369934,0.5615786910057068,0.33094322681427,-0.06912924349308014,0.6179073452949524,0.41427919268608093,-0.024018174037337303,0.6305289268493652,0.36092501878738403,-0.0614374503493309,0.6491616368293762,0.43699273467063904,-0.07037153840065002,0.6478002667427063,0.4669194519519806,-0.07112590968608856,0.6696656942367554,0.4038514494895935,-0.015702921897172928,0.6832749247550964,0.35104331374168396,-0.062477611005306244,0.6933371424674988,0.4491831362247467,-0.06811325997114182,0.6798856854438782,0.4682794213294983,-0.06036148592829704,0.7169613838195801,0.4042434096336365,-0.015932628884911537,0.736661970615387,0.3679260313510895,-0.06837797164916992,0.7354930639266968,0.4598405063152313,-0.05901073291897774,0.715981125831604,0.476613849401474,-0.03941219672560692,0.7609010934829712,0.4125935733318329,-0.019258523359894753,0.7788066864013672,0.3816148638725281,-0.05240533873438835,0.7756398916244507,0.4482351541519165,-0.04478178173303604,0.7578401565551758,0.469779908657074,-0.030992716550827026
0.717853307723999,0.5848731398582458,-5.164565095583384e-07,0.6418225765228271,0.5651353001594543,-0.050316181033849716,0.56977379322052,0.4723799228668213,-0.06337273120880127,0.5370590090751648,0.3628150224685669,-0.07016033679246902,0.5318689942359924,0.2810189127922058,-0.06602047383785248,0.5994386672973633,0.3740984797477722,-0.018268931657075882,0.6038157343864441,0.32498371601104736,-0.056950245052576065,0.6314896941184998,0.40501323342323303,-0.06281936913728714,0.639831006526947,0.434505820274353,-0.06016058847308159,0.6599047183990479,0.3577594459056854,-0.00990590825676918,0.6640778183937073,0.30362653732299805,-0.05844462290406227,0.6806033253669739,0.41048967838287354,-0.0606686994433403,0.6763777136802673,0.42586052417755127,-0.04920617863535881,0.7167749404907227,0.3584797978401184,-0.011503969319164753,0.7288714647293091,0.31737059354782104,-0.06686143577098846,0.7299054265022278,0.41520440578460693,-0.05364258587360382,0.7158187031745911,0.4286755323410034,-0.030005762353539467,0.7704472541809082,0.3687814176082611,-0.01645340956747532,0.7844488620758057,0.32993268966674805,-0.0503900870680809,0.7782625555992126,0.39850321412086487,-0.04059546813368797,0.7607163786888123,0.4174846410751343,-0.02442663162946701
0.674409806728363,0.634480357170105,-8.53161054692464e-07,0.5878052711486816,0.6198723316192627,-0.07543066143989563,0.5002036690711975,0.5132524967193604,-0.10177256911993027,0.44876715540885925,0.39059901237487793,-0.11622170358896255,0.42854779958724976,0.28546229004859924,-0.11559434980154037,0.5197079181671143,0.3531743586063385,-0.05660834535956383,0.5168564915657043,0.34978264570236206,-0.10389227420091629,0.5629340410232544,0.4467017948627472,-0.1089065670967102,0.5758823156356812,0.4523705840110779,-0.10946514457464218,0.5894409418106079,0.3092619776725769,-0.0423237606883049,0.5977040529251099,0.3288213014602661,-0.09944590926170349,0.6267655491828918,0.4591215252876282,-0.09928090125322342,0.6197997331619263,0.4453212022781372,-0.08944855630397797,0.6621783375740051,0.30099767446517944,-0.0390491746366024,0.6909035444259644,0.33509111404418945,-0.10856542736291885,0.6961456537246704,0.4584522843360901,-0.09049996733665466,0.6775782704353333,0.44786709547042847,-0.06604444235563278,0.7322264909744263,0.3133014738559723,-0.041914135217666626,0.7654293775558472,0.34920716285705566,-0.0944867804646492,0.7545924782752991,0.44239526987075806,-0.0911087915301323,0.7267529964447021,0.44976624846458435,-0.07914500683546066
0.6554136276245117,0.6267735362052917,-7.437532758558518e-07,0.5661709308624268,0.5986431837081909,-0.07393282651901245,0.4813259243965149,0.4936191439628601,-0.10307461768388748,0.43298888206481934,0.3815140724182129,-0.1214333027601242,0.4086342751979828,0.2770676612854004,-0.12555183470249176,0.5106099843978882,0.3241630792617798,-0.06331577897071838,0.4971703588962555,0.33922499418258667,-0.11350405216217041,0.5458264350891113,0.4350303113460541,-0.12202312797307968,0.5683003664016724,0.43500083684921265,-0.1250726580619812,0.5843400359153748,0.2883186638355255,-0.05075761303305626,0.5807464718818665,0.31885671615600586,-0.11107538640499115,0.6094314455986023,0.44267523288726807,-0.11201829463243484,0.611613929271698,0.42760518193244934,-0.10374601930379868,0.6584365367889404,0.28893008828163147,-0.04874289035797119,0.6714352965354919,0.3279625177383423,-0.11832857877016068,0.6759104132652283,0.4478503167629242,-0.09762617945671082,0.6664351224899292,0.43964946269989014,-0.07176465541124344,0.7263979315757751,0.30976805090904236,-0.05319907143712044,0.7472760677337646,0.34011343121528625,-0.10286490619182587,0.7353204488754272,0.4300808310508728,-0.09607651084661484,0.714923083782196,0.4392012357711792,-0.08236916363239288
0.6351937651634216,0.600572943687439,-6.439644266720279e-07,0.5492793321609497,0.5765722393989563,-0.06463900208473206,0.4680646061897278,0.4774608314037323,-0.08925550431013107,0.4265173673629761,0.36831527948379517,-0.10488732159137726,0.40329721570014954,0.27212584018707275,-0.10923708230257034,0.4963097870349884,0.336637943983078,-0.056167639791965485,0.4846457242965698,0.3313497006893158,-0.10606688261032104,0.5275765657424927,0.4183886647224426,-0.11675991863012314,0.5499851107597351,0.437649667263031,-0.11812795698642731,0.5633993148803711,0.30327197909355164,-0.045804016292095184,0.5633344650268555,0.3066647946834564,-0.10316440463066101,0.5898197889328003,0.42074376344680786,-0.1063893660902977,0.5930661559104919,0.42752978205680847,-0.09783350676298141,0.6308728456497192,0.2974094748497009,-0.044815171509981155,0.6457368731498718,0.3174991309642792,-0.11176645755767822,0.6502820253372192,0.43031787872314453,-0.09494268149137497,0.6411232948303223,0.4394119083881378,-0.06940148025751114,0.6926247477531433,0.308868408203125,-0.048543669283390045,0.7103499174118042,0.31250351667404175,-0.09284958243370056,0.7048778533935547,0.3994573950767517,-0.08104026317596436,0.690264880657196,0.4219585359096527,-0.06244492530822754
0.5849536061286926,0.5799930691719055,-6.40355949599325e-07,0.516991138458252,0.5615861415863037,-0.04622528702020645,0.44875699281692505,0.47894012928009033,-0.05971619486808777,0.4143497943878174,0.3857586681842804,-0.06772592663764954,0.40122145414352417,0.3118680417537689,-0.06544674932956696,0.47131526470184326,0.38411349058151245,-0.023711878806352615,0.46574950218200684,0.3498936891555786,-0.061062514781951904,0.4941655993461609,0.42669862508773804,-0.06635376811027527,0.5065470933914185,0.4424315094947815,-0.06545891612768173,0.5253944993019104,0.367644727230072,-0.01707441359758377,0.5196905136108398,0.33030885457992554,-0.06431839615106583,0.5359511971473694,0.4314577877521515,-0.06439086049795151,0.5363326072692871,0.4334491193294525,-0.053741779178380966,0.5765410661697388,0.36467045545578003,-0.019524939358234406,0.5772101879119873,0.33931493759155273,-0.07202313095331192,0.5778458714485168,0.4327656328678131,-0.056720174849033356,0.5702356100082397,0.43412622809410095,-0.0343480184674263,0.6247989535331726,0.37018105387687683,-0.0256253182888031,0.6280428171157837,0.35162991285324097,-0.057613033801317215,0.6196848154067993,0.41895759105682373,-0.04899231716990471,0.6075342893600464,0.4306703805923462,-0.03565085679292679
0.5835000276565552,0.5761605501174927,-5.361854391594534e-07,0.52021723985672,0.5602818727493286,-0.045038122683763504,0.45507633686065674,0.48304203152656555,-0.05958474799990654,0.42098331451416016,0.39425861835479736,-0.0681890994310379,0.41304153203964233,0.3219888210296631,-0.06699666380882263,0.475369930267334,0.38640204071998596,-0.02847079373896122,0.4718090295791626,0.3628525733947754,-0.06037841737270355,0.5021762251853943,0.43103575706481934,-0.06321693956851959,0.514136552810669,0.4484088122844696,-0.06157446280121803,0.5277020335197449,0.3660469651222229,-0.021428240463137627,0.5246639251708984,0.3418006896972656,-0.06217002868652344,0.5437290668487549,0.43332624435424805,-0.061623021960258484,0.5442731380462646,0.4385688006877899,-0.052437882870435715,0.5786029696464539,0.362954318523407,-0.022053318098187447,0.5823421478271484,0.3490082621574402,-0.06858865916728973,0.5855234265327454,0.43362492322921753,-0.05448726937174797,0.5783751010894775,0.4395764172077179,-0.034507665783166885,0.6263973712921143,0.3708520531654358,-0.026092810556292534,0.6319330334663391,0.3563517928123474,-0.0555710606276989,0.6253476142883301,0.4157431423664093,-0.047448355704545975,0.6131677627563477,0.4292665719985962,-0.03493962436914444
0.5466851592063904,0.5601745843887329,-4.583674240166147e-07,0.4819618761539459,0.5526898503303528,-0.030918696895241737,0.4154984951019287,0.4885704219341278,-0.03987675532698631,0.38314786553382874,0.40641117095947266,-0.04597695916891098,0.3765049874782562,0.34203970432281494,-0.04526466131210327,0.43847981095314026,0.4089100956916809,-0.009582675993442535,0.4310174882411957,0.3653111159801483,-0.0408511683344841,0.4550361633300781,0.42188891768455505,-0.050990015268325806,0.46887341141700745,0.4513366222381592,-0.052894555032253265,0.4843601584434509,0.3853214681148529,-0.007485337555408478,0.4750213325023651,0.3364920914173126,-0.04379216581583023,0.49521932005882263,0.41497111320495605,-0.047720104455947876,0.502478837966919,0.4376228451728821,-0.04023957997560501,0.5290471911430359,0.37650829553604126,-0.012199397198855877,0.5269702076911926,0.3503603935241699,-0.052640777081251144,0.5350561141967773,0.4235644042491913,-0.043254509568214417,0.5324821472167969,0.4388892650604248,-0.02545321360230446,0.5731398463249207,0.3770372271537781,-0.018848927691578865,0.5665903091430664,0.3500191271305084,-0.04060259088873863,0.567723274230957,0.40432170033454895,-0.02970030903816223,0.5634958148002625,0.422250360250473,-0.015385158360004425
0.5298523306846619,0.5905674695968628,-5.074448381492402e-07,0.472187340259552,0.5906842947006226,-0.03852371871471405,0.40822911262512207,0.5234013199806213,-0.048671260476112366,0.3753511905670166,0.44426655769348145,-0.05440323427319527,0.3677367568016052,0.383588045835495,-0.05227847024798393,0.42448991537094116,0.4529591202735901,-0.016801994293928146,0.42268213629722595,0.40161004662513733,-0.0507274866104126,0.44994157552719116,0.46100467443466187,-0.0596921481192112,0.4582759737968445,0.48711317777633667,-0.06056707724928856,0.46780267357826233,0.43640321493148804,-0.011701429262757301,0.46927887201309204,0.3839084208011627,-0.052663374692201614,0.48918676376342773,0.4660193920135498,-0.05639367550611496,0.48380738496780396,0.48449334502220154,-0.048411689698696136,0.508595883846283,0.4296543002128601,-0.014443148858845234,0.516461968421936,0.39326339960098267,-0.059568826109170914,0.5243041515350342,0.4715559780597687,-0.05049087852239609,0.5120335221290588,0.48697808384895325,-0.0327448844909668,0.5480878353118896,0.4286889433860779,-0.019874777644872665,0.5564112663269043,0.3981505334377289,-0.04745255783200264,0.5580397248268127,0.45332756638526917,-0.04062367603182793,0.5457361340522766,0.4724116623401642,-0.028924962505698204
0.5110534429550171,0.5635234713554382,-3.8193084606064076e-07,0.44990265369415283,0.5547708868980408,-0.03113539144396782,0.3894844949245453,0.49802976846694946,-0.03909308835864067,0.3598973751068115,0.42195552587509155,-0.044098589569330215,0.35057592391967773,0.36259210109710693,-0.04294845089316368,0.4086638391017914,0.42173415422439575,-0.0031894478015601635,0.4051635265350342,0.3818168640136719,-0.032517772167921066,0.4283141493797302,0.43787699937820435,-0.044102199375629425,0.4381439983844757,0.4669668972492218,-0.046757351607084274,0.45119068026542664,0.40485337376594543,0.0012727309949696064,0.44701501727104187,0.36041897535324097,-0.03341980278491974,0.4670177102088928,0.43738049268722534,-0.03885480761528015,0.46965041756629944,0.465175598859787,-0.032729264348745346,0.49106723070144653,0.4004582464694977,-0.0013259712141007185,0.49320995807647705,0.3670055568218231,-0.03842826187610626,0.5020489692687988,0.43855854868888855,-0.029580222442746162,0.4960651695728302,0.46280696988105774,-0.01283816434442997,0.5286267995834351,0.40241456031799316,-0.006031174212694168,0.5296646952629089,0.373746782541275,-0.02549762837588787,0.5313419103622437,0.4279823899269104,-0.015402214601635933,0.5230551362037659,0.4496705234050751,-0.002075964119285345
0.45909157395362854,0.5673670172691345,-4.6149111199156323e-07,0.39894917607307434,0.5791357159614563,-0.04257103428244591,0.32650619745254517,0.5269807577133179,-0.055943723767995834,0.2856560945510864,0.4511731266975403,-0.06375610083341599,0.2694280743598938,0.3879968523979187,-0.0629061684012413,0.3332350254058838,0.4432411789894104,-0.0227616298943758,0.3301360011100769,0.39990338683128357,-0.05821197107434273,0.36523914337158203,0.4547828733921051,-0.066778764128685,0.3775436282157898,0.47817859053611755,-0.0676567405462265,0.37792885303497314,0.41379672288894653,-0.0166490375995636,0.37746167182922363,0.374099463224411,-0.058648500591516495,0.40810322761535645,0.45224836468696594,-0.06156495586037636,0.4055321216583252,0.46440061926841736,-0.05372955650091171,0.42124080657958984,0.39683395624160767,-0.01861264556646347,0.42966189980506897,0.37048041820526123,-0.06617490202188492,0.4460044801235199,0.4455327093601227,-0.05628092214465141,0.43414461612701416,0.4568365812301636,-0.03847735375165939,0.4634853005409241,0.3876686692237854,-0.023506777361035347,0.47283971309661865,0.3668413460254669,-0.05418723076581955,0.4786563515663147,0.42430248856544495,-0.04772967845201492,0.46491578221321106,0.4425269365310669,-0.03609287366271019
0.47209447622299194,0.5345776081085205,-4.907326456304872e-07,0.4129532277584076,0.5307117104530334,-0.031674109399318695,0.34294259548187256,0.47710034251213074,-0.03885753080248833,0.301240473985672,0.4058658182621002,-0.04358447343111038,0.2863003611564636,0.34517472982406616,-0.04136146977543831,0.35454079508781433,0.40059301257133484,-0.0013268680777400732,0.3468908667564392,0.35677433013916016,-0.033989302814006805,0.37579989433288574,0.4074419438838959,-0.04675856605172157,0.38748347759246826,0.43126019835472107,-0.050166647881269455,0.39717772603034973,0.3757093846797943,0.002205071272328496,0.39089393615722656,0.33236679434776306,-0.036485474556684494,0.41547295451164246,0.40336331725120544,-0.042987529188394547,0.4162468910217285,0.42376264929771423,-0.036443550139665604,0.43818995356559753,0.3640690743923187,-0.002080380916595459,0.43999549746513367,0.3421427607536316,-0.044452786445617676,0.45442572236061096,0.40967801213264465,-0.03794821724295616,0.44673335552215576,0.42322614789009094,-0.021454503759741783,0.47865208983421326,0.3577953279018402,-0.008433820679783821,0.47835755348205566,0.34498685598373413,-0.031089287251234055,0.4826747477054596,0.39781269431114197,-0.023422617465257645,0.4735214412212372,0.4130013883113861,-0.011304618790745735
0.5173560380935669,0.5287274122238159,-5.369061568671896e-07,0.4472557008266449,0.5184587836265564,-0.041938748210668564,0.37917572259902954,0.44383740425109863,-0.05423743277788162,0.3463367521762848,0.35690823197364807,-0.06169166415929794,0.33585986495018005,0.2903471887111664,-0.06089945137500763,0.4007906913757324,0.3697562515735626,-0.022041739895939827,0.4035540819168091,0.3245152533054352,-0.06225254759192467,0.43485334515571594,0.38852065801620483,-0.075135238468647,0.44267573952674866,0.4203944206237793,-0.07749045640230179,0.4534200429916382,0.3516066074371338,-0.017544148489832878,0.4549875855445862,0.300015926361084,-0.06509923934936523,0.48117557168006897,0.38968512415885925,-0.07037603110074997,0.47977355122566223,0.41798636317253113,-0.06213399022817612,0.5028400421142578,0.3464401066303253,-0.02112928405404091,0.5113804936408997,0.3099841773509979,-0.07303325086832047,0.5234417915344238,0.3957589864730835,-0.061322301626205444,0.5139031410217285,0.42336416244506836,-0.03969312459230423,0.5482531785964966,0.35125598311424255,-0.027487512677907944,0.5593516230583191,0.31815439462661743,-0.059028152376413345,0.5610119700431824,0.37959733605384827,-0.048523277044296265,0.5474850535392761,0.4079638421535492,-0.032571956515312195
0.5109127759933472,0.5769107341766357,-5.627790073958749e-07,0.44654369354248047,0.5687627196311951,-0.05251694843173027,0.37660136818885803,0.49396824836730957,-0.06984136998653412,0.339969664812088,0.40220412611961365,-0.07972980290651321,0.3272610604763031,0.32673192024230957,-0.07900634407997131,0.3926182687282562,0.3923984467983246,-0.03809082508087158,0.3935125768184662,0.36590784788131714,-0.07682584226131439,0.42909887433052063,0.435920387506485,-0.08138915151357651,0.44198212027549744,0.4539453089237213,-0.07973640412092209,0.44791051745414734,0.364920973777771,-0.028750667348504066,0.4532436728477478,0.3433057367801666,-0.07658233493566513,0.47593411803245544,0.4393843412399292,-0.0763474628329277,0.47278594970703125,0.4447924494743347,-0.06615505367517471,0.5000156164169312,0.355886310338974,-0.02815350890159607,0.5130469799041748,0.3485080897808075,-0.08305788040161133,0.5169700384140015,0.43922147154808044,-0.06981295347213745,0.5033485293388367,0.44570642709732056,-0.04891250655055046,0.5479981303215027,0.35868197679519653,-0.03143903613090515,0.5634526610374451,0.3555004298686981,-0.06827312707901001,0.5581141114234924,0.42195045948028564,-0.06292656064033508,0.539590060710907,0.43557485938072205,-0.05126151069998741
0.5107461214065552,0.5090158581733704,-4.076476329828438e-07,0.43544885516166687,0.48751911520957947,-0.04442319646477699,0.3637903928756714,0.413860946893692,-0.057995181530714035,0.32742005586624146,0.3196345865726471,-0.06665567308664322,0.31260478496551514,0.24389836192131042,-0.06649751216173172,0.39049962162971497,0.3159998953342438,-0.01681818626821041,0.3865932524204254,0.27970898151397705,-0.054084669798612595,0.41902124881744385,0.35289621353149414,-0.06369368731975555,0.4312484562397003,0.38267895579338074,-0.0636461079120636,0.4460529088973999,0.29830676317214966,-0.009547664783895016,0.4390685558319092,0.2513965666294098,-0.054957397282123566,0.46524614095687866,0.34770292043685913,-0.05864603817462921,0.4702363610267639,0.3708135783672333,-0.04915750399231911,0.5004081130027771,0.2972998023033142,-0.01077133696526289,0.5016258358955383,0.25934600830078125,-0.06106329709291458,0.5130232572555542,0.34904664754867554,-0.04620206356048584,0.5089479684829712,0.3703465163707733,-0.02209046483039856,0.5504162311553955,0.3051545321941376,-0.014832522720098495,0.5531871914863586,0.2652682960033417,-0.04223855957388878,0.5541316866874695,0.33050739765167236,-0.02786349505186081,0.5476095676422119,0.35196733474731445,-0.009226545691490173
0.4781861901283264,0.5015761256217957,-5.324752123669896e-07,0.3912011384963989,0.4937625527381897,-0.048751913011074066,0.30127978324890137,0.4106532633304596,-0.06137645244598389,0.2509896755218506,0.3042736053466797,-0.06838787347078323,0.22441315650939941,0.2224867343902588,-0.06444154679775238,0.3193226754665375,0.30604347586631775,-0.01842483878135681,0.30572524666786194,0.2652866840362549,-0.06541121751070023,0.3459659814834595,0.340133935213089,-0.08028821647167206,0.3646174967288971,0.36561545729637146,-0.08365921676158905,0.3791262209415436,0.27481311559677124,-0.013007472269237041,0.3642343580722809,0.22543686628341675,-0.06568089872598648,0.39995822310447693,0.33465948700904846,-0.06739192456007004,0.41031333804130554,0.3494456708431244,-0.05514726787805557,0.439644455909729,0.2629947364330292,-0.018508121371269226,0.43915465474128723,0.23165175318717957,-0.07586698234081268,0.4555303752422333,0.3314995765686035,-0.05837348848581314,0.45348817110061646,0.3440704345703125,-0.03145715966820717,0.5000455379486084,0.2618131637573242,-0.027985429391264915,0.4978354573249817,0.22733169794082642,-0.06116754934191704,0.4990108609199524,0.3010128438472748,-0.047003258019685745,0.4922804534435272,0.322527140378952,-0.027640003710985184
0.4766530394554138,0.5298748016357422,-7.267644264175033e-07,0.3913404941558838,0.5253730416297913,-0.05460035055875778,0.29457494616508484,0.43165141344070435,-0.06848412752151489,0.2396625578403473,0.32242411375045776,-0.07567146420478821,0.2115969955921173,0.23685351014137268,-0.0707118958234787,0.3100900948047638,0.31703418493270874,-0.0274189505726099,0.2936960458755493,0.2794458270072937,-0.07242157310247421,0.34361088275909424,0.3662201166152954,-0.08086342364549637,0.3674170672893524,0.3916391432285309,-0.08023295551538467,0.373607873916626,0.283397376537323,-0.0192972794175148,0.3610822856426239,0.2453998625278473,-0.07420743256807327,0.3984187841415405,0.36336520314216614,-0.07295133918523788,0.40746578574180603,0.3756980001926422,-0.05854576453566551,0.4365287721157074,0.27302926778793335,-0.02229520119726658,0.4381844103336334,0.2520773112773895,-0.08189470320940018,0.452377587556839,0.3602781295776367,-0.06306710094213486,0.44964051246643066,0.37121260166168213,-0.0355205275118351,0.4970668852329254,0.2744026780128479,-0.029914578422904015,0.5033200979232788,0.2558133006095886,-0.06607009470462799,0.5010159015655518,0.33538028597831726,-0.0552612729370594,0.48959478735923767,0.3572050631046295,-0.038516007363796234
0.5290858745574951,0.5081948637962341,-8.000187108336831e-07,0.45487692952156067,0.4890347123146057,-0.03751704841852188,0.3680031895637512,0.3916829228401184,-0.04820045828819275,0.32679131627082825,0.2820267081260681,-0.056371934711933136,0.3181625008583069,0.19754774868488312,-0.056164246052503586,0.41023433208465576,0.2818836271762848,-0.008563762530684471,0.39618444442749023,0.24040454626083374,-0.057188019156455994,0.41972529888153076,0.3282442092895508,-0.07778424024581909,0.4335436522960663,0.35754305124282837,-0.08516144752502441,0.46468621492385864,0.2627761662006378,-0.009056000970304012,0.4556979537010193,0.2204495221376419,-0.06384710222482681,0.4718155264854431,0.32601675391197205,-0.07279632985591888,0.4771833121776581,0.3436943292617798,-0.06491096317768097,0.5190253257751465,0.2594526410102844,-0.019222963601350784,0.517524778842926,0.23889103531837463,-0.07703429460525513,0.5227864980697632,0.33613061904907227,-0.06501933187246323,0.516319990158081,0.3447481095790863,-0.041910260915756226,0.5739423036575317,0.2643619179725647,-0.032199352979660034,0.5717504620552063,0.24795249104499817,-0.06544418632984161,0.5685690641403198,0.3258938193321228,-0.053063973784446716,0.5590868592262268,0.34267017245292664,-0.034991856664419174
0.5619291067123413,0.5527685284614563,-7.137205670915137e-07,0.4852305054664612,0.5253524780273438,-0.059787217527627945,0.4111894965171814,0.4214246869087219,-0.07818865031003952,0.3755866289138794,0.3049677014350891,-0.08862502872943878,0.3697682321071625,0.21446481347084045,-0.08755841106176376,0.44532743096351624,0.3175911009311676,-0.035453133285045624,0.446783185005188,0.27704188227653503,-0.08047954738140106,0.47715240716934204,0.3659142851829529,-0.08957721292972565,0.487366259098053,0.3921862244606018,-0.09074446558952332,0.5114410519599915,0.3013332188129425,-0.025703415274620056,0.5119813084602356,0.25770848989486694,-0.08247055858373642,0.5282783508300781,0.3753291964530945,-0.08648248016834259,0.5251397490501404,0.38701939582824707,-0.07714682072401047,0.57234126329422,0.30381879210472107,-0.0263970997184515,0.5840139985084534,0.27742496132850647,-0.09130716323852539,0.5799040794372559,0.38534873723983765,-0.07828681915998459,0.5635857582092285,0.39555758237838745,-0.054796844720840454,0.6286273002624512,0.3188795745372772,-0.031161103397607803,0.641357421875,0.2956185042858124,-0.07330619543790817,0.6284137964248657,0.3726964592933655,-0.06576979160308838,0.6064655780792236,0.3920561373233795,-0.05129808187484741
0.5452204346656799,0.5421377420425415,-5.984103950140707e-07,0.46957331895828247,0.5227651000022888,-0.04493269696831703,0.39402252435684204,0.4256463050842285,-0.05826893448829651,0.3628460168838501,0.31384164094924927,-0.06678324192762375,0.35749751329421997,0.2276405543088913,-0.06689704954624176,0.42898282408714294,0.3249388337135315,-0.02010120265185833,0.42744719982147217,0.2754742503166199,-0.06488944590091705,0.4533235728740692,0.35287562012672424,-0.08189480751752853,0.46937793493270874,0.39690810441970825,-0.08597731590270996,0.4908851981163025,0.30867713689804077,-0.01479798462241888,0.4929582476615906,0.24782922863960266,-0.0659424364566803,0.5064874887466431,0.3538661599159241,-0.07266702502965927,0.5090083479881287,0.39386770129203796,-0.0633292943239212,0.5483599901199341,0.3096012473106384,-0.018564458936452866,0.5559343695640564,0.27661728858947754,-0.07283174246549606,0.5542020797729492,0.3727138340473175,-0.06090831011533737,0.5444130301475525,0.4017804265022278,-0.037535421550273895,0.6017709374427795,0.3207852244377136,-0.025332091376185417,0.6079042553901672,0.2858375310897827,-0.05431943014264107,0.5990988612174988,0.35626643896102905,-0.04069782420992851,0.5847680568695068,0.3835084140300751,-0.0222774688154459
0.5057650208473206,0.556013286113739,-5.78633148506924e-07,0.4317053556442261,0.5292031168937683,-0.03806006908416748,0.3639281690120697,0.4406655430793762,-0.04859820753335953,0.3339644968509674,0.3425247073173523,-0.05724684149026871,0.32934343814849854,0.2672967314720154,-0.05818554386496544,0.39417004585266113,0.35805240273475647,-0.0036323070526123047,0.3928726613521576,0.298051118850708,-0.04494337737560272,0.41795486211776733,0.37236160039901733,-0.06341376155614853,0.4271349012851715,0.4131430387496948,-0.06950052082538605,0.44625601172447205,0.34762153029441833,-0.0014341740170493722,0.44622910022735596,0.28894123435020447,-0.0487215518951416,0.4628658890724182,0.38689693808555603,-0.059129469096660614,0.4600505828857422,0.41870760917663574,-0.05443946272134781,0.4948224127292633,0.3494867980480194,-0.008509204722940922,0.5003423690795898,0.3006974160671234,-0.059294722974300385,0.5032040476799011,0.3959921598434448,-0.04992983490228653,0.4925476908683777,0.4284151792526245,-0.029657648876309395,0.5411292910575867,0.3607482612133026,-0.01852293126285076,0.5491857528686523,0.3158021569252014,-0.04798058792948723,0.544653058052063,0.3795991837978363,-0.03774064779281616,0.5317741632461548,0.40896403789520264,-0.022106967866420746
0.4816947281360626,0.5381858348846436,-6.060407145014324e-07,0.40930306911468506,0.5225932002067566,-0.03049093671143055,0.3393206298351288,0.43752560019493103,-0.03770104795694351,0.3098004460334778,0.3412945568561554,-0.043426547199487686,0.3047792911529541,0.2706350088119507,-0.04283025860786438,0.3709504306316376,0.3547801673412323,-0.003767474554479122,0.366598904132843,0.3000970780849457,-0.0403255969285965,0.38704246282577515,0.3682531416416168,-0.05620604380965233,0.39722684025764465,0.4078391194343567,-0.06087149679660797,0.41983503103256226,0.3423895239830017,-0.0029148526955395937,0.4149474501609802,0.2838408350944519,-0.04262543469667435,0.43037334084510803,0.3746877908706665,-0.047883808612823486,0.4347536861896515,0.4108356237411499,-0.040597155690193176,0.46619248390197754,0.3413373529911041,-0.010014967061579227,0.465993195772171,0.29470351338386536,-0.05269176512956619,0.4705633223056793,0.3821561634540558,-0.040591876953840256,0.46728336811065674,0.41793695092201233,-0.020186392590403557,0.5114411115646362,0.3486585319042206,-0.01951887086033821,0.511036217212677,0.3058796525001526,-0.04243592545390129,0.5077164769172668,0.3683680593967438,-0.029873866587877274,0.5001369118690491,0.39989715814590454,-0.013932754285633564
0.47239622473716736,0.5286911129951477,-5.812037784380664e-07,0.39739859104156494,0.5134166479110718,-0.031761277467012405,0.3266456723213196,0.4356211721897125,-0.0398523285984993,0.29262015223503113,0.34360548853874207,-0.04716134071350098,0.2837071418762207,0.27322375774383545,-0.0475912019610405,0.35344958305358887,0.3521377742290497,0.0015740195522084832,0.34665244817733765,0.293527752161026,-0.03716515749692917,0.37120670080184937,0.36224040389060974,-0.05486953631043434,0.3824400305747986,0.39983388781547546,-0.06056969240307808,0.4011305868625641,0.3389368951320648,0.0024771729949861765,0.393460750579834,0.2806151211261749,-0.04076921567320824,0.413787305355072,0.37198761105537415,-0.049297988414764404,0.41682660579681396,0.4008403420448303,-0.04371529072523117,0.44686123728752136,0.33548495173454285,-0.005373435094952583,0.44374531507492065,0.2830813527107239,-0.051398616284132004,0.4526296854019165,0.37319523096084595,-0.04099913686513901,0.44937974214553833,0.40467125177383423,-0.020743275061249733,0.49280768632888794,0.33879098296165466,-0.015883684158325195,0.4912991523742676,0.2947985827922821,-0.04153616353869438,0.49158477783203125,0.35482800006866455,-0.031108610332012177,0.485988050699234,0.381166934967041,-0.015929803252220154
0.4836152195930481,0.5294314622879028,-6.991102168285579e-07,0.41389596462249756,0.4987236261367798,-0.01895134523510933,0.35597294569015503,0.40723350644111633,-0.022492878139019012,0.3350873291492462,0.31951600313186646,-0.027749666944146156,0.3322717249393463,0.2553662657737732,-0.028098655864596367,0.38866040110588074,0.3340708017349243,0.004224263597279787,0.3781043291091919,0.2827955484390259,-0.03194761276245117,0.3928564190864563,0.35407307744026184,-0.04793854057788849,0.40178531408309937,0.38676244020462036,-0.05265163630247116,0.43341121077537537,0.326421856880188,-0.0012807345483452082,0.4202836751937866,0.26895907521247864,-0.03909419849514961,0.43071991205215454,0.3584481179714203,-0.042238425463438034,0.4401009678840637,0.3854886591434479,-0.03344561532139778,0.4785507619380951,0.3307354152202606,-0.014091030694544315,0.4667695164680481,0.28356748819351196,-0.054377876222133636,0.46937501430511475,0.37046539783477783,-0.04005631059408188,0.4746055006980896,0.39971593022346497,-0.01831081509590149,0.5248141288757324,0.34114494919776917,-0.02862349897623062,0.5116655230522156,0.29818329215049744,-0.04984252154827118,0.5075801610946655,0.3582479655742645,-0.03548140823841095,0.5109604597091675,0.3839567005634308,-0.01803497038781643
0.48991644382476807,0.5527175664901733,-7.215857635856082e-07,0.4191582202911377,0.5204083919525146,-0.01760762929916382,0.36743640899658203,0.42633920907974243,-0.020628895610570908,0.3549228310585022,0.3350617587566376,-0.025989459827542305,0.34910812973976135,0.2694677710533142,-0.02562786266207695,0.40801823139190674,0.34537121653556824,0.007178961765021086,0.3880878686904907,0.2939338684082031,-0.030146287754178047,0.4023051857948303,0.3707857131958008,-0.046029046177864075,0.41823381185531616,0.4093523323535919,-0.04952004551887512,0.4495115280151367,0.3437056541442871,0.0018994780257344246,0.43001288175582886,0.2928753197193146,-0.03422454372048378,0.43748044967651367,0.38593631982803345,-0.03538820892572403,0.452625572681427,0.40865930914878845,-0.025268681347370148,0.4914611577987671,0.3513517379760742,-0.011256652884185314,0.47415128350257874,0.30434009432792664,-0.050132110714912415,0.47364404797554016,0.39787381887435913,-0.032432153820991516,0.4852626621723175,0.4245534837245941,-0.00833970308303833,0.5367758274078369,0.3662731945514679,-0.02664274163544178,0.5193747878074646,0.3248177170753479,-0.047972265630960464,0.5094217658042908,0.3884008526802063,-0.032847799360752106,0.5145664215087891,0.41500595211982727,-0.014261111617088318
0.5083913207054138,0.5449075102806091,-6.877492069179425e-07,0.4364825487136841,0.5129889249801636,-0.022277342155575752,0.38219374418258667,0.41395488381385803,-0.026684913784265518,0.3668123781681061,0.3190215826034546,-0.03168867900967598,0.360041081905365,0.2506006956100464,-0.030361179262399673,0.42063871026039124,0.3363998830318451,-7.486493268515915e-05,0.4055781960487366,0.2845507562160492,-0.034806523472070694,0.4181874096393585,0.3649953603744507,-0.046677399426698685,0.43144917488098145,0.3962498605251312,-0.048863157629966736,0.46675369143486023,0.3325766921043396,-0.0031358173582702875,0.4503997266292572,0.27707359194755554,-0.040276192128658295,0.4554758369922638,0.37270256876945496,-0.04014938324689865,0.46838435530662537,0.3954274654388428,-0.02933553420007229,0.5114737749099731,0.3419322669506073,-0.013735271990299225,0.49721500277519226,0.2984025478363037,-0.0527709424495697,0.49316734075546265,0.38952431082725525,-0.03586311638355255,0.500922679901123,0.4125666618347168,-0.013103392906486988,0.5576604008674622,0.35725343227386475,-0.026545071974396706,0.5444015264511108,0.3216707706451416,-0.04635345935821533,0.5328910946846008,0.3820219337940216,-0.03241494670510292,0.5352592468261719,0.4031390845775604,-0.01592406816780567
0.532305896282196,0.5625714063644409,-5.113961378810927e-07,0.4597642421722412,0.5180387496948242,-0.03857564553618431,0.40713343024253845,0.4156440794467926,-0.050323303788900375,0.3863361179828644,0.3201672434806824,-0.05766486003994942,0.37712326645851135,0.24491870403289795,-0.05618999898433685,0.4550524353981018,0.31241875886917114,-0.015566045418381691,0.42940300703048706,0.300758957862854,-0.04510878771543503,0.4490433931350708,0.3820062577724457,-0.053431347012519836,0.4680992662906647,0.3872126638889313,-0.057432547211647034,0.5098640322685242,0.30883729457855225,-0.00963029358536005,0.4815669655799866,0.2972806394100189,-0.04573308676481247,0.48621484637260437,0.3935925364494324,-0.04472183808684349,0.5034810900688171,0.3905789852142334,-0.036359697580337524,0.5585722923278809,0.32777613401412964,-0.011148856952786446,0.5349290370941162,0.32702577114105225,-0.0482184998691082,0.5283654928207397,0.40973979234695435,-0.028928140178322792,0.5437583923339844,0.40330833196640015,-0.007601709570735693,0.6014038324356079,0.35368645191192627,-0.016453400254249573,0.5835561752319336,0.3497636914253235,-0.03398926556110382,0.5682542324066162,0.40329116582870483,-0.019878722727298737,0.5756166577339172,0.404675155878067,-0.0050894394516944885
0.5352153778076172,0.5438755750656128,-6.100244718254544e-07,0.466041624546051,0.5050405263900757,-0.027885165065526962,0.41039881110191345,0.4046870172023773,-0.036281704902648926,0.39198923110961914,0.30900639295578003,-0.04328344017267227,0.3852057456970215,0.2344045341014862,-0.04377669468522072,0.46089670062065125,0.3194442093372345,-0.009900577366352081,0.435401976108551,0.28929010033607483,-0.04449765011668205,0.44818761944770813,0.36919769644737244,-0.055686719715595245,0.4656831920146942,0.39075469970703125,-0.05846462398767471,0.5120373368263245,0.3168860375881195,-0.010490167886018753,0.48556944727897644,0.28287869691848755,-0.048479482531547546,0.48802638053894043,0.377533495426178,-0.04766922816634178,0.5047819018363953,0.38996419310569763,-0.03731492534279823,0.5596017837524414,0.3300057649612427,-0.018454555422067642,0.5351057052612305,0.3118634819984436,-0.05962168052792549,0.5294733643531799,0.39607736468315125,-0.04297924414277077,0.5440763235092163,0.4021660387516022,-0.02086513675749302,0.6053541898727417,0.35007765889167786,-0.02863190323114395,0.5813778042793274,0.328645259141922,-0.04869644343852997,0.5691817402839661,0.3881116807460785,-0.033480558544397354,0.5783169865608215,0.4023534059524536,-0.016305873170495033
0.5871638059616089,0.559369683265686,-7.014575089669961e-07,0.5331860780715942,0.514868974685669,-0.045184165239334106,0.49008408188819885,0.40055304765701294,-0.06076860800385475,0.4895865321159363,0.29519134759902954,-0.07065214961767197,0.5070361495018005,0.22146373987197876,-0.07334736734628677,0.5555444359779358,0.31589218974113464,-0.025241626426577568,0.5748178362846375,0.29539111256599426,-0.06739675998687744,0.5597246289253235,0.37527188658714294,-0.08735007792711258,0.5506424903869629,0.40123575925827026,-0.09708800166845322,0.608206570148468,0.32522422075271606,-0.019534949213266373,0.6304087042808533,0.3089357614517212,-0.06547620892524719,0.6058419346809387,0.4002193212509155,-0.07397595047950745,0.5946306586265564,0.41555115580558777,-0.07083836197853088,0.6534005999565125,0.3509998321533203,-0.021985845640301704,0.6769771575927734,0.3488406836986542,-0.07142559438943863,0.6455379128456116,0.4266223907470703,-0.061373502016067505,0.6261130571365356,0.434193879365921,-0.044078096747398376,0.6925962567329407,0.3842654228210449,-0.02771865576505661,0.7095808386802673,0.3803543150424957,-0.0593223012983799,0.6822498440742493,0.4421164393424988,-0.04999764636158943,0.6608521342277527,0.45211589336395264,-0.03599318489432335
0.5995541214942932,0.5999384522438049,-6.439344701902883e-07,0.5406795144081116,0.5449891686439514,-0.06458710134029388,0.5034111738204956,0.4310505986213684,-0.08864687383174896,0.5011100172996521,0.32126903533935547,-0.10264135152101517,0.5110049843788147,0.2365051656961441,-0.10460039973258972,0.5536822080612183,0.3243042528629303,-0.05237918719649315,0.5677485466003418,0.31858891248703003,-0.08776440471410751,0.5745697617530823,0.410955548286438,-0.08799700438976288,0.5746390223503113,0.4245097041130066,-0.08553486317396164,0.6185041069984436,0.3292505741119385,-0.03753812238574028,0.6307672262191772,0.34632450342178345,-0.08336450904607773,0.6171203255653381,0.45178401470184326,-0.08261539787054062,0.6078047752380371,0.4371729791164398,-0.07413341104984283,0.6730883717536926,0.35661959648132324,-0.03111868165433407,0.6902897953987122,0.38664668798446655,-0.0861285850405693,0.6614909172058105,0.4744153320789337,-0.0726759135723114,0.6432204246520996,0.4609741270542145,-0.053542278707027435,0.7168593406677246,0.394328236579895,-0.02955256775021553,0.7376160025596619,0.42028501629829407,-0.07052124291658401,0.7087346911430359,0.47970473766326904,-0.06779206544160843,0.6838407516479492,0.47618961334228516,-0.05804065242409706
0.5803143978118896,0.5582454800605774,-6.102627025939e-07,0.5208790302276611,0.5125106573104858,-0.06308422237634659,0.47954660654067993,0.42405980825424194,-0.09129011631011963,0.47322410345077515,0.33340394496917725,-0.1090020015835762,0.4772934317588806,0.24971356987953186,-0.11677548289299011,0.529330849647522,0.2962566316127777,-0.06336057931184769,0.5354247093200684,0.3286249041557312,-0.09752356261014938,0.5479457378387451,0.4005325138568878,-0.10069657117128372,0.5504894256591797,0.40303826332092285,-0.10061722993850708,0.5933919548988342,0.29218679666519165,-0.048975177109241486,0.6035618185997009,0.34948810935020447,-0.08931036293506622,0.5988181233406067,0.4399334788322449,-0.09134151041507721,0.58892422914505,0.4250677824020386,-0.08693892508745193,0.6489987373352051,0.3139500617980957,-0.04082583263516426,0.662510335445404,0.37914296984672546,-0.09347520768642426,0.6437195539474487,0.46140965819358826,-0.08481812477111816,0.6258271932601929,0.45156610012054443,-0.06967534869909286,0.6942227482795715,0.3483462333679199,-0.03690366446971893,0.7119419574737549,0.3908194899559021,-0.07824112474918365,0.6909303069114685,0.4507405757904053,-0.07682719826698303,0.666971743106842,0.45276200771331787,-0.06754737347364426
