0.550702691078186,0.6249299049377441,1.373969382711948e-07,0.5118128657341003,0.5683755874633789,-0.01775888167321682,0.49801117181777954,0.4930468201637268,-0.02513265796005726,0.506327748298645,0.43188419938087463,-0.03214631974697113,0.5129143595695496,0.3800651431083679,-0.03827856853604317,0.5427438616752625,0.42710110545158386,-0.004175310954451561,0.5479620695114136,0.35509932041168213,-0.019529812037944794,0.5525413751602173,0.31222137808799744,-0.03456370532512665,0.5582258701324463,0.27224940061569214,-0.046368833631277084,0.5719399452209473,0.43031448125839233,-0.007713946048170328,0.5795327425003052,0.3539621829986572,-0.020129647105932236,0.5833582878112793,0.306433767080307,-0.03312323987483978,0.5865625739097595,0.26341015100479126,-0.043111491948366165,0.596758246421814,0.4490286409854889,-0.01500075962394476,0.6066579818725586,0.3784012198448181,-0.027610333636403084,0.6104341745376587,0.3364463448524475,-0.035189803689718246,0.6118148565292358,0.29760128259658813,-0.041093453764915466,0.6209033131599426,0.4820839464664459,-0.024790018796920776,0.6297991275787354,0.4302438199520111,-0.03609990328550339,0.6312609314918518,0.3960835635662079,-0.03988175839185715,0.6301634311676025,0.3630720376968384,-0.04247506335377693
0.5357651710510254,0.6474013328552246,1.813887848811646e-07,0.4911723732948303,0.5895633697509766,-0.015579168684780598,0.4715077877044678,0.5125992298126221,-0.021022979170084,0.47602739930152893,0.44940611720085144,-0.02651248872280121,0.4810079038143158,0.39784568548202515,-0.0309401024132967,0.5139368772506714,0.4375626742839813,0.00028038135496899486,0.5135229825973511,0.3603765368461609,-0.013969574123620987,0.5135449171066284,0.3141115605831146,-0.02825622819364071,0.5150257349014282,0.27191415429115295,-0.03920901566743851,0.5447903275489807,0.439588338136673,-0.0036165702622383833,0.5456796884536743,0.3592923879623413,-0.01477742288261652,0.5467417240142822,0.3085308074951172,-0.02758597955107689,0.5486115217208862,0.26235949993133545,-0.03733638674020767,0.5725964307785034,0.4566637873649597,-0.011249779723584652,0.5765117406845093,0.3811461925506592,-0.022601669654250145,0.5780490636825562,0.3360694944858551,-0.029928190633654594,0.5782274007797241,0.29552751779556274,-0.035481005907058716,0.6004632711410522,0.48694002628326416,-0.021311080083251,0.6031124591827393,0.4298919439315796,-0.031726229935884476,0.5995643138885498,0.3925365209579468,-0.03508260101079941,0.5945042371749878,0.3583064377307892,-0.03713840991258621
0.6297524571418762,0.6538496017456055,3.247570248277043e-07,0.5779684782028198,0.5873619318008423,-0.02127573825418949,0.5552021265029907,0.49949565529823303,-0.02938626892864704,0.5574817061424255,0.426738977432251,-0.03667670488357544,0.5549610257148743,0.36734044551849365,-0.042656607925891876,0.6031684279441833,0.4102232754230499,-0.005845273844897747,0.6022595167160034,0.31729599833488464,-0.02348201535642147,0.6033282279968262,0.2603458762168884,-0.040706850588321686,0.6058071255683899,0.2101561427116394,-0.053196992725133896,0.6384187340736389,0.4126489758491516,-0.008238048292696476,0.6402584314346313,0.3171178996562958,-0.021049190312623978,0.64231276512146,0.25898003578186035,-0.035002097487449646,0.6439655423164368,0.2083117663860321,-0.045108575373888016,0.6705397367477417,0.43239516019821167,-0.014761533588171005,0.6749197244644165,0.34509778022766113,-0.027238305658102036,0.6762385368347168,0.2929989993572235,-0.033929672092199326,0.6765050888061523,0.24722860753536224,-0.03881188854575157,0.7048572301864624,0.46774303913116455,-0.02435808815062046,0.7117251753807068,0.4004635810852051,-0.03546019643545151,0.7125654220581055,0.3594971299171448,-0.037261903285980225,0.7115580439567566,0.3222443163394928,-0.037652723491191864
0.5863609313964844,0.6191155314445496,2.493600561592757e-07,0.5273630619049072,0.5521866083145142,-0.023384476080536842,0.496662974357605,0.4540620446205139,-0.03207948058843613,0.4957253336906433,0.3688030540943146,-0.0402696318924427,0.4931122362613678,0.297498881816864,-0.046980369836091995,0.5398443341255188,0.3553071618080139,-0.0017076065996661782,0.534245491027832,0.2565860450267792,-0.021281292662024498,0.5329412817955017,0.19732068479061127,-0.040838755667209625,0.5335570573806763,0.14210686087608337,-0.0560445562005043,0.5771525502204895,0.35211169719696045,-0.0053250486962497234,0.5728457570075989,0.24556611478328705,-0.020504068583250046,0.5707129240036011,0.1807514876127243,-0.037008561193943024,0.5683077573776245,0.12035486102104187,-0.04987584799528122,0.6121288537979126,0.3698340654373169,-0.0142146535217762,0.6081463694572449,0.2663195729255676,-0.030277088284492493,0.6047952771186829,0.20657187700271606,-0.0403255969285965,0.5986558198928833,0.15281954407691956,-0.0480584092438221,0.6509865522384644,0.4056622087955475,-0.026472054421901703,0.6511735916137695,0.3292374610900879,-0.04163067042827606,0.6464693546295166,0.28192204236984253,-0.04736767336726189,0.6377695202827454,0.23808857798576355,-0.051279861479997635
0.5800347924232483,0.6112027764320374,3.1195486371871084e-07,0.5178757905960083,0.5490264296531677,-0.027075454592704773,0.4869080185890198,0.44895148277282715,-0.03538668900728226,0.48838886618614197,0.35850346088409424,-0.04210274666547775,0.48681074380874634,0.28553247451782227,-0.046815287321805954,0.5321007966995239,0.345267117023468,-0.005116285290569067,0.5265518426895142,0.2420041412115097,-0.024221083149313927,0.5261635780334473,0.1801806092262268,-0.042769212275743484,0.5281861424446106,0.1229276955127716,-0.05694682151079178,0.5715303421020508,0.3405771255493164,-0.006238523405045271,0.5668556690216064,0.23235191404819489,-0.020314769819378853,0.5654886364936829,0.1648605465888977,-0.036058660596609116,0.5652337074279785,0.1032572090625763,-0.04834693670272827,0.6075525283813477,0.3571508228778839,-0.012826131656765938,0.6047492623329163,0.2569417357444763,-0.02719922363758087,0.6018863320350647,0.19778668880462646,-0.03612435236573219,0.5978286266326904,0.14446043968200684,-0.043345943093299866,0.6460264921188354,0.39119845628738403,-0.023275291547179222,0.6441552639007568,0.318735808134079,-0.03669197857379913,0.6379663348197937,0.2727181315422058,-0.04138331487774849,0.6300093531608582,0.2290578931570053,-0.044647857546806335
0.5283148884773254,0.5964055061340332,2.841417767740495e-07,0.46689295768737793,0.537585973739624,-0.01983584277331829,0.43350428342819214,0.43660682439804077,-0.024870971217751503,0.43217867612838745,0.34876564145088196,-0.030008116737008095,0.42605462670326233,0.27906158566474915,-0.03332144767045975,0.46858692169189453,0.3242458701133728,0.006781313568353653,0.46222323179244995,0.2255185842514038,-0.00865411851555109,0.4596378803253174,0.16711194813251495,-0.02605188824236393,0.4578976035118103,0.11452344059944153,-0.039804741740226746,0.5047440528869629,0.31965377926826477,0.002945942571386695,0.4990807771682739,0.21467334032058716,-0.008120773360133171,0.4950096905231476,0.15292441844940186,-0.022748317569494247,0.49024003744125366,0.09526029229164124,-0.0342588871717453,0.5399342775344849,0.33578306436538696,-0.006110519170761108,0.5345277786254883,0.2349839210510254,-0.01818215660750866,0.5293250679969788,0.17757631838321686,-0.026379527524113655,0.52183997631073,0.1247328370809555,-0.03328200429677963,0.5797794461250305,0.3699800968170166,-0.01844768226146698,0.5770302414894104,0.29277580976486206,-0.03085092455148697,0.5700826048851013,0.2465941607952118,-0.03517172858119011,0.5597408413887024,0.20265942811965942,-0.03812878951430321
0.48834913969039917,0.5984117984771729,2.866294721570739e-07,0.428762286901474,0.5423558354377747,-0.02646108716726303,0.39200693368911743,0.45202720165252686,-0.0373801626265049,0.38855335116386414,0.3631751537322998,-0.04741477966308594,0.41287869215011597,0.29909083247184753,-0.055273253470659256,0.42305660247802734,0.3405669927597046,0.0002595953701529652,0.41395965218544006,0.2427348643541336,-0.017006421461701393,0.40876060724258423,0.18626560270786285,-0.03571257367730141,0.4049120545387268,0.13266393542289734,-0.05111848562955856,0.4595983624458313,0.3329807221889496,-0.0008698835154064,0.4507567882537842,0.228513702750206,-0.013899127952754498,0.44608426094055176,0.16665945947170258,-0.030397692695260048,0.44021788239479065,0.10803872346878052,-0.044128820300102234,0.4941895306110382,0.3458649814128876,-0.007591004017740488,0.4873352646827698,0.2513567805290222,-0.02121620811522007,0.48282042145729065,0.19484040141105652,-0.031392935663461685,0.4758198857307434,0.14482799172401428,-0.04002579301595688,0.5329707860946655,0.3743491470813751,-0.018052438274025917,0.5266859531402588,0.30268219113349915,-0.029953360557556152,0.5186604261398315,0.25732001662254333,-0.03534526005387306,0.5084331035614014,0.21459849178791046,-0.04000670835375786
0.484024316072464,0.5943312048912048,2.910265948230517e-07,0.4248806834220886,0.5425206422805786,-0.028677113354206085,0.38673731684684753,0.45704028010368347,-0.04124557226896286,0.380098819732666,0.37058183550834656,-0.05228151008486748,0.40010324120521545,0.3021078109741211,-0.06085595116019249,0.4169989228248596,0.3431946337223053,-0.0029500743839889765,0.40553560853004456,0.24756358563899994,-0.021433457732200623,0.3997916579246521,0.19158674776554108,-0.04061852768063545,0.39643335342407227,0.13846252858638763,-0.05603792518377304,0.4526943266391754,0.33489927649497986,-0.0029226175975054502,0.4403816759586334,0.23287241160869598,-0.01678992621600628,0.43419182300567627,0.17165033519268036,-0.03290398418903351,0.4277229905128479,0.11323609948158264,-0.04604978486895561,0.4868919253349304,0.34706392884254456,-0.008640908636152744,0.47729071974754333,0.2539932131767273,-0.022807909175753593,0.47182220220565796,0.1991277039051056,-0.03176511451601982,0.4645858407020569,0.14952388405799866,-0.03931189328432083,0.5256224274635315,0.37433016300201416,-0.018305152654647827,0.5179144740104675,0.30525723099708557,-0.030497439205646515,0.5096033215522766,0.2617035508155823,-0.035283222794532776,0.49926814436912537,0.21964722871780396,-0.03926236927509308
0.47845667600631714,0.5846728086471558,2.769725711004867e-07,0.42051005363464355,0.5344222187995911,-0.02545780874788761,0.382831335067749,0.4503285884857178,-0.03684170916676521,0.37408673763275146,0.3654297888278961,-0.04758560284972191,0.3961246907711029,0.30128607153892517,-0.056267090141773224,0.4120466709136963,0.33794867992401123,0.0009517508442513645,0.3995947241783142,0.24558350443840027,-0.01770681142807007,0.393314003944397,0.1901310831308365,-0.037519264966249466,0.39039376378059387,0.13738182187080383,-0.05350774526596069,0.4463859498500824,0.32938745617866516,-0.0005574621027335525,0.43282264471054077,0.23108580708503723,-0.014520767144858837,0.42631322145462036,0.17089885473251343,-0.030907737091183662,0.41938459873199463,0.11268758773803711,-0.04422016069293022,0.4800378084182739,0.34076249599456787,-0.007736328989267349,0.46954622864723206,0.24975505471229553,-0.021946704015135765,0.4625520408153534,0.1951778680086136,-0.03137284144759178,0.45389655232429504,0.14515675604343414,-0.03926340863108635,0.5184029936790466,0.3674410879611969,-0.018674062564969063,0.5095444917678833,0.30053097009658813,-0.031291063874959946,0.5005193948745728,0.25777289271354675,-0.03685043379664421,0.4896083474159241,0.2156158834695816,-0.04143448546528816
0.4147966802120209,0.5800864100456238,1.5546993381576613e-07,0.35579606890678406,0.5272923707962036,-0.014324987307190895,0.321391761302948,0.4475783705711365,-0.020419398322701454,0.31919220089912415,0.3757617771625519,-0.027982676401734352,0.3280896246433258,0.31740379333496094,-0.03468151390552521,0.35556310415267944,0.3508492708206177,0.008691616356372833,0.3417414426803589,0.27110591530799866,-0.0065270778723061085,0.33371204137802124,0.22219952940940857,-0.023716328665614128,0.3277754783630371,0.1757863610982895,-0.03754475712776184,0.38431936502456665,0.3426423668861389,0.0021977087017148733,0.37086689472198486,0.2548147439956665,-0.009650127962231636,0.36146971583366394,0.20098523795604706,-0.024220790714025497,0.3527670204639435,0.14944835007190704,-0.03625776618719101,0.4131222665309906,0.35116058588027954,-0.008913949131965637,0.4026425778865814,0.2670978605747223,-0.020458202809095383,0.39458420872688293,0.21885515749454498,-0.027871262282133102,0.38509654998779297,0.17522016167640686,-0.03457731753587723,0.445554256439209,0.37399861216545105,-0.022969016805291176,0.43975576758384705,0.30900469422340393,-0.03289259225130081,0.4319738745689392,0.2683941721916199,-0.036235976964235306,0.42107802629470825,0.23072223365306854,-0.03942381963133812
0.40658658742904663,0.5816238522529602,1.9727018241155747e-07,0.3491555452346802,0.5340635776519775,-0.016392644494771957,0.3203621208667755,0.45793887972831726,-0.023489924147725105,0.3207600712776184,0.3881555199623108,-0.031183389946818352,0.327756404876709,0.32940933108329773,-0.037597138434648514,0.34900179505348206,0.36128392815589905,0.003413551254197955,0.3370823860168457,0.2804417610168457,-0.011899550445377827,0.32900986075401306,0.23141852021217346,-0.028289934620261192,0.32311952114105225,0.18557438254356384,-0.04150554910302162,0.3778747618198395,0.3539333939552307,-0.0019578174687922,0.3638944625854492,0.2653205096721649,-0.01463997084647417,0.3548000752925873,0.2101823091506958,-0.029730381444096565,0.34598925709724426,0.15815423429012299,-0.04173097014427185,0.40630272030830383,0.3639059364795685,-0.011618822813034058,0.3959575891494751,0.2798624634742737,-0.02484116517007351,0.3885209560394287,0.23017093539237976,-0.03365107998251915,0.3792538344860077,0.18521130084991455,-0.0408024936914444,0.43854647874832153,0.3879019618034363,-0.024034928530454636,0.43155819177627563,0.323788046836853,-0.03611927106976509,0.4226706326007843,0.2828758656978607,-0.04089941456913948,0.41071227192878723,0.24439957737922668,-0.04463542252779007
0.395145446062088,0.5556403398513794,2.7655374879032024e-07,0.33931395411491394,0.5143382549285889,-0.017856603488326073,0.305594265460968,0.43213707208633423,-0.025706468150019646,0.3012155294418335,0.3606876730918884,-0.0336613655090332,0.30670422315597534,0.31010764837265015,-0.0405069924890995,0.3329683542251587,0.3339768052101135,-0.004438516218215227,0.3242450952529907,0.2500685453414917,-0.01987997442483902,0.3164522647857666,0.19962356984615326,-0.03516417741775513,0.30924269556999207,0.1540745347738266,-0.0475095771253109,0.3639528155326843,0.32851213216781616,-0.009253640659153461,0.35283488035202026,0.23731082677841187,-0.022050386294722557,0.3431607782840729,0.1802748739719391,-0.03544192016124725,0.3331263065338135,0.1301308274269104,-0.045684657990932465,0.39525169134140015,0.34150856733322144,-0.01789802685379982,0.3840295076370239,0.25299033522605896,-0.03143661096692085,0.37446558475494385,0.20176303386688232,-0.04001691937446594,0.3626148998737335,0.15626244246959686,-0.04664537310600281,0.4294593632221222,0.3694573640823364,-0.029072940349578857,0.4231950044631958,0.303424596786499,-0.04274990037083626,0.4117739498615265,0.26122093200683594,-0.04831378906965256,0.3968249559402466,0.22318895161151886,-0.05197411775588989
0.34939298033714294,0.5722762942314148,1.9807538365057553e-07,0.2930288016796112,0.5329804420471191,-0.01761307753622532,0.24915020167827606,0.45476818084716797,-0.02720843069255352,0.23126503825187683,0.38678067922592163,-0.03726537153124809,0.22321492433547974,0.3290257453918457,-0.04710528627038002,0.26289811730384827,0.34722352027893066,-0.010417562909424305,0.24460141360759735,0.26271167397499084,-0.03093830496072769,0.22904545068740845,0.21259628236293793,-0.050002723932266235,0.2142438292503357,0.16703391075134277,-0.06511569768190384,0.29394033551216125,0.3372020423412323,-0.018253037706017494,0.2744938135147095,0.24152307212352753,-0.03654816001653671,0.25813496112823486,0.1844055950641632,-0.05522005632519722,0.2400539070367813,0.1323789656162262,-0.06962660700082779,0.3270687460899353,0.3460717499256134,-0.029572686180472374,0.31011927127838135,0.2545835077762604,-0.04816605523228645,0.2939367890357971,0.2033761590719223,-0.06186099722981453,0.2736440896987915,0.16019676625728607,-0.07212408632040024,0.364557683467865,0.3715369701385498,-0.04312089830636978,0.35429254174232483,0.3013369143009186,-0.06095762923359871,0.3382910192012787,0.25924140214920044,-0.06984951347112656,0.317232221364975,0.2259133756160736,-0.07617560029029846
0.3007585406303406,0.5801645517349243,3.8761479004278954e-07,0.2357894331216812,0.5477049350738525,-0.027768254280090332,0.18738725781440735,0.4775576889514923,-0.04337563365697861,0.16848081350326538,0.40498846769332886,-0.05743616074323654,0.16652163863182068,0.3349436819553375,-0.07055649906396866,0.20019996166229248,0.367949515581131,-0.021920356899499893,0.17526991665363312,0.27545878291130066,-0.04665898159146309,0.16028758883476257,0.21920473873615265,-0.0669705793261528,0.14826682209968567,0.1655348539352417,-0.08246764540672302,0.23475079238414764,0.35310548543930054,-0.025855127722024918,0.2082744985818863,0.2520085573196411,-0.04726015031337738,0.19202707707881927,0.18642570078372955,-0.06672138720750809,0.17651419341564178,0.12452501058578491,-0.08147340267896652,0.2713066637516022,0.359946608543396,-0.03410466015338898,0.24889639019966125,0.26841580867767334,-0.05572469159960747,0.23507681488990784,0.2116255909204483,-0.07007245719432831,0.22023437917232513,0.15960891544818878,-0.08060497790575027,0.3111552298069,0.38196685910224915,-0.04532121866941452,0.2962801456451416,0.31651753187179565,-0.0656304880976677,0.2808103561401367,0.27421441674232483,-0.07566679269075394,0.26312628388404846,0.23502613604068756,-0.08270969241857529
0.27822238206863403,0.5577183365821838,3.422879046866001e-07,0.21151573956012726,0.5227747559547424,-0.02623426914215088,0.16323216259479523,0.45003542304039,-0.039757728576660156,0.1435261368751526,0.3748481571674347,-0.052161987870931625,0.14066407084465027,0.3031555116176605,-0.06329898536205292,0.17750385403633118,0.341863214969635,-0.012866741977632046,0.15205760300159454,0.250799298286438,-0.036068424582481384,0.1370542347431183,0.19496001303195953,-0.05667145550251007,0.12524893879890442,0.141519233584404,-0.07228602468967438,0.2112266719341278,0.3275303840637207,-0.016078010201454163,0.18466976284980774,0.22911842167377472,-0.035159774124622345,0.1680203527212143,0.1662074625492096,-0.053807422518730164,0.15230241417884827,0.10658121109008789,-0.06805981695652008,0.24671263992786407,0.3337078094482422,-0.024023042991757393,0.22527766227722168,0.24485382437705994,-0.042609721422195435,0.21179704368114471,0.190424844622612,-0.05440535768866539,0.19716274738311768,0.14099052548408508,-0.06333557516336441,0.28601324558258057,0.3540922999382019,-0.03524327278137207,0.2719894349575043,0.28985661268234253,-0.05158024653792381,0.2570829689502716,0.24872660636901855,-0.058769892901182175,0.23971332609653473,0.21058768033981323,-0.06402425467967987
0.26250824332237244,0.5477409958839417,3.3100573659794463e-07,0.20093008875846863,0.5157190561294556,-0.02352219820022583,0.1571800410747528,0.4470013380050659,-0.03474581614136696,0.14178091287612915,0.37602871656417847,-0.045208610594272614,0.13749834895133972,0.3102908432483673,-0.054625004529953,0.16427281498908997,0.34893685579299927,-0.009840711951255798,0.13997642695903778,0.26412704586982727,-0.029944783076643944,0.12537811696529388,0.2118021547794342,-0.048033494502305984,0.11367736011743546,0.16158312559127808,-0.06185796111822128,0.19548295438289642,0.33372974395751953,-0.013026739470660686,0.16862675547599792,0.2414635419845581,-0.029596149921417236,0.15253162384033203,0.18162459135055542,-0.04675875976681709,0.13785649836063385,0.1251261681318283,-0.060017939656972885,0.22825683653354645,0.3376316726207733,-0.020517751574516296,0.20657941699028015,0.2543950378894806,-0.03710883483290672,0.19358761608600616,0.2023819535970688,-0.048456110060214996,0.18036586046218872,0.15562540292739868,-0.05711925029754639,0.2641037702560425,0.3542632460594177,-0.030978385359048843,0.24882356822490692,0.29422304034233093,-0.04547937586903572,0.23483070731163025,0.25478053092956543,-0.0519995354115963,0.21934783458709717,0.21834278106689453,-0.05694813281297684
0.29093828797340393,0.5572952032089233,2.4759435746091185e-07,0.23617568612098694,0.5276840329170227,-0.017620187252759933,0.19913941621780396,0.4684242606163025,-0.026172054931521416,0.18718761205673218,0.40762317180633545,-0.034489184617996216,0.18664145469665527,0.354947566986084,-0.04171242192387581,0.21114401519298553,0.3817201256752014,-0.0033406431321054697,0.1931609809398651,0.3101694583892822,-0.01867571473121643,0.18179722130298615,0.2670697569847107,-0.03358849510550499,0.17170381546020508,0.22721566259860992,-0.044932059943675995,0.23806117475032806,0.3709784150123596,-0.00661001680418849,0.21954470872879028,0.2926209568977356,-0.018558112904429436,0.20648741722106934,0.243796706199646,-0.031572163105010986,0.19356492161750793,0.1993522197008133,-0.0415910966694355,0.2658891975879669,0.374711811542511,-0.013572379015386105,0.2489786148071289,0.30353671312332153,-0.024765539914369583,0.2377050817012787,0.25997981429100037,-0.03162989765405655,0.2253497689962387,0.22200818359851837,-0.037154994904994965,0.2965050935745239,0.38961994647979736,-0.02316613495349884,0.2843529284000397,0.3360944092273712,-0.032185621559619904,0.2727411091327667,0.30320820212364197,-0.034645143896341324,0.2596234679222107,0.2745407819747925,-0.03660434111952782
0.30891209840774536,0.5729098320007324,2.287724640837041e-07,0.25555476546287537,0.5447922945022583,-0.018794866278767586,0.2214559018611908,0.4829430878162384,-0.02595856599509716,0.2091483324766159,0.4218755066394806,-0.032587334513664246,0.20547397434711456,0.37003910541534424,-0.03817548230290413,0.24010057747364044,0.39598172903060913,-0.0010438228491693735,0.22451695799827576,0.32878828048706055,-0.015186741948127747,0.21629293262958527,0.28762972354888916,-0.029927968978881836,0.2104586511850357,0.2480437159538269,-0.041590429842472076,0.26630014181137085,0.38495391607284546,-0.003052606014534831,0.25038692355155945,0.3092295825481415,-0.013942192308604717,0.2395642101764679,0.2634172737598419,-0.026625780388712883,0.22891157865524292,0.2206311672925949,-0.03665663301944733,0.29251012206077576,0.3903209865093231,-0.009138763882219791,0.27767693996429443,0.31921643018722534,-0.020427994430065155,0.2659359276294708,0.2786065936088562,-0.0278004240244627,0.25420352816581726,0.24239447712898254,-0.03388800844550133,0.3221677541732788,0.40731605887413025,-0.017963271588087082,0.31211158633232117,0.35626107454299927,-0.02830030396580696,0.30167797207832336,0.32421088218688965,-0.03240351751446724,0.2901943624019623,0.2940598726272583,-0.035651713609695435
0.3114166557788849,0.5774106383323669,2.426985759029776e-07,0.2606085538864136,0.5476503968238831,-0.018051791936159134,0.2273573875427246,0.4856719970703125,-0.024073993787169456,0.2140449583530426,0.4264146387577057,-0.02917659468948841,0.19851034879684448,0.38068461418151855,-0.0333164744079113,0.24962317943572998,0.39856836199760437,-0.002807572018355131,0.23813460767269135,0.33063429594039917,-0.015817971900105476,0.23403330147266388,0.2895876169204712,-0.028988255187869072,0.23244249820709229,0.2519110441207886,-0.038933925330638885,0.2774854004383087,0.3906550407409668,-0.004337894730269909,0.2655199468135834,0.31637221574783325,-0.012996701523661613,0.2589055299758911,0.27162978053092957,-0.023057902231812477,0.2535193860530853,0.2318778932094574,-0.031016720458865166,0.3046104609966278,0.3986662030220032,-0.009699957445263863,0.294924795627594,0.3301275372505188,-0.018614495173096657,0.287267804145813,0.289590984582901,-0.02378128096461296,0.2799862027168274,0.25351816415786743,-0.028372574597597122,0.3342340588569641,0.4187166094779968,-0.017747648060321808,0.3288148045539856,0.3689228296279907,-0.025764668360352516,0.3223855495452881,0.33817774057388306,-0.027673307806253433,0.3152478337287903,0.3096656799316406,-0.029201479628682137
0.3104820251464844,0.5769565105438232,2.5376303369739617e-07,0.2595110833644867,0.5471939444541931,-0.01970319077372551,0.22664010524749756,0.4834257662296295,-0.025864697992801666,0.21381057798862457,0.42446064949035645,-0.0307815819978714,0.19847172498703003,0.3784591257572174,-0.03451530635356903,0.24974089860916138,0.3989717960357666,-0.003104275790974498,0.23851409554481506,0.33138179779052734,-0.016189243644475937,0.23387455940246582,0.2897688150405884,-0.029472442343831062,0.2314537912607193,0.2507798969745636,-0.03964587301015854,0.2778007686138153,0.39127117395401,-0.0036616590805351734,0.2659703195095062,0.3181789517402649,-0.012534094043076038,0.25949999690055847,0.272991806268692,-0.022666580975055695,0.2541007399559021,0.23267893493175507,-0.03074960969388485,0.3049868047237396,0.3997461795806885,-0.008327946066856384,0.295360803604126,0.330913782119751,-0.017914896830916405,0.28733861446380615,0.2915281653404236,-0.0234052836894989,0.279538631439209,0.2564348578453064,-0.028036395087838173,0.3345600664615631,0.4197408854961395,-0.01580902747809887,0.329262375831604,0.37021830677986145,-0.02509305253624916,0.3220018148422241,0.3392125964164734,-0.02819366380572319,0.3136425018310547,0.31005603075027466,-0.030425725504755974
0.29633691906929016,0.5704253315925598,2.713648257213208e-07,0.24844704568386078,0.537225604057312,-0.01653982326388359,0.22160905599594116,0.47159919142723083,-0.023831317201256752,0.21669913828372955,0.4134487211704254,-0.030339468270540237,0.2124326229095459,0.3647758364677429,-0.036373354494571686,0.24787971377372742,0.39113327860832214,-0.00987001322209835,0.242086723446846,0.3211371898651123,-0.02455584704875946,0.24086116254329681,0.27942848205566406,-0.03748728334903717,0.24198241531848907,0.24197344481945038,-0.047190796583890915,0.27422451972961426,0.3890453279018402,-0.01317395456135273,0.2676481604576111,0.3125610649585724,-0.02447720244526863,0.2648089826107025,0.26664137840270996,-0.03573073074221611,0.26335570216178894,0.22588619589805603,-0.04449231177568436,0.2994363605976105,0.40138065814971924,-0.019559038802981377,0.2932695746421814,0.3292078375816345,-0.03111235424876213,0.2887434959411621,0.28813162446022034,-0.038367003202438354,0.2843037545681,0.2508179843425751,-0.044369444251060486,0.3258898854255676,0.42498278617858887,-0.028094550594687462,0.32255804538726807,0.37383025884628296,-0.039354126900434494,0.31750574707984924,0.3405023217201233,-0.04395801201462746,0.31112033128738403,0.30874091386795044,-0.04739852249622345
0.29537972807884216,0.560370147228241,2.377849739332305e-07,0.24823510646820068,0.5270098447799683,-0.015394514426589012,0.22156308591365814,0.4620378911495209,-0.021496210247278214,0.215939462184906,0.40674126148223877,-0.026940612122416496,0.21044233441352844,0.3599986433982849,-0.03177545592188835,0.24558192491531372,0.38464438915252686,-0.007013751659542322,0.23974855244159698,0.3164706826210022,-0.019922176375985146,0.2374841570854187,0.27581432461738586,-0.03188478574156761,0.2365095317363739,0.23854444921016693,-0.04114806652069092,0.27163445949554443,0.381862998008728,-0.010143917985260487,0.26520127058029175,0.3081415891647339,-0.0199348833411932,0.261606901884079,0.2633975148200989,-0.03041962720453739,0.25869786739349365,0.22392624616622925,-0.038706760853528976,0.29682084918022156,0.39371758699417114,-0.016324160620570183,0.29160988330841064,0.32465746998786926,-0.026531096547842026,0.287588894367218,0.28366535902023315,-0.03370198979973793,0.28318366408348083,0.2470000982284546,-0.039694175124168396,0.3230530023574829,0.4168453812599182,-0.024559572339057922,0.3204909563064575,0.3666185140609741,-0.03490157797932625,0.3157639801502228,0.3342027962207794,-0.03945845365524292,0.30956408381462097,0.30405712127685547,-0.04287061095237732
0.2937052249908447,0.5614817142486572,2.1721555754083965e-07,0.2465078979730606,0.5299502611160278,-0.01442456990480423,0.21709495782852173,0.4674360454082489,-0.01956348493695259,0.20908305048942566,0.4126162827014923,-0.024342458695173264,0.2010570764541626,0.3681297302246094,-0.028526194393634796,0.24075102806091309,0.3885335624217987,-0.0035411613062024117,0.23268021643161774,0.3234475255012512,-0.015536872670054436,0.22949287295341492,0.2842170000076294,-0.027384670451283455,0.22781744599342346,0.24794574081897736,-0.036659449338912964,0.2660837173461914,0.3837816119194031,-0.006826269906014204,0.2578660547733307,0.3127257823944092,-0.01562562957406044,0.25297459959983826,0.26986077427864075,-0.025680700317025185,0.24867507815361023,0.23195777833461761,-0.033770255744457245,0.2907434105873108,0.39355772733688354,-0.01327568106353283,0.2839336693286896,0.3277590870857239,-0.022411707788705826,0.2786096930503845,0.28906184434890747,-0.028515299782156944,0.27298715710639954,0.25474071502685547,-0.03383350372314453,0.3168390095233917,0.4148390591144562,-0.021873105317354202,0.31371384859085083,0.3659959137439728,-0.03062654845416546,0.30907943844795227,0.3348866105079651,-0.03393562138080597,0.3031052350997925,0.3061460554599762,-0.036610547453165054
0.29057326912879944,0.5924358367919922,2.4309682089551643e-07,0.24311256408691406,0.5641471147537231,-0.014596505090594292,0.2125059813261032,0.5083096027374268,-0.02196924388408661,0.2033991515636444,0.4567109942436218,-0.02906624600291252,0.19656148552894592,0.41153842210769653,-0.03557306155562401,0.2308701127767563,0.43137145042419434,-0.008339539170265198,0.21876835823059082,0.3662530779838562,-0.023654311895370483,0.21352890133857727,0.32606786489486694,-0.03694382309913635,0.21040263772010803,0.2890658974647522,-0.04658694192767143,0.2549310624599457,0.42487987875938416,-0.012228135950863361,0.24240660667419434,0.35325536131858826,-0.024225525557994843,0.23564018309116364,0.308890163898468,-0.03508014976978302,0.2300267368555069,0.26935818791389465,-0.042998217046260834,0.2800271511077881,0.4320138394832611,-0.018993081524968147,0.26824870705604553,0.3657325208187103,-0.03043491393327713,0.2607209384441376,0.32752445340156555,-0.03620297834277153,0.253309965133667,0.29296648502349854,-0.04057326912879944,0.30756354331970215,0.4500764012336731,-0.027827678248286247,0.3009084463119507,0.40218931436538696,-0.038088109344244,0.2937759459018707,0.3724759519100189,-0.040980834513902664,0.28571683168411255,0.34508830308914185,-0.04275458678603172
0.3063099682331085,0.6108477115631104,1.7158012610707374e-07,0.2616267800331116,0.5786554217338562,-0.010616027750074863,0.23587530851364136,0.5219544768333435,-0.015785956755280495,0.22984161972999573,0.4708910882472992,-0.02142452821135521,0.22574704885482788,0.42957714200019836,-0.026665011420845985,0.25645214319229126,0.4495573043823242,-0.0020851250737905502,0.24901308119297028,0.3874502182006836,-0.014277026988565922,0.24444517493247986,0.3500943183898926,-0.025894256308674812,0.24122314155101776,0.317155659198761,-0.03469441831111908,0.27955925464630127,0.44459837675094604,-0.007134062238037586,0.272100567817688,0.3764813244342804,-0.016527077183127403,0.2659810781478882,0.33647584915161133,-0.02627614699304104,0.25998854637145996,0.3015410602092743,-0.033586837351322174,0.30294960737228394,0.4524267017841339,-0.014727607369422913,0.29523923993110657,0.38820070028305054,-0.02389587089419365,0.2885385751724243,0.35097721219062805,-0.028899917379021645,0.2811351716518402,0.3175133764743805,-0.03307037055492401,0.3282434046268463,0.47181573510169983,-0.024024734273552895,0.3250458240509033,0.42553505301475525,-0.032585207372903824,0.3202664852142334,0.396405428647995,-0.03435700386762619,0.31340935826301575,0.37032416462898254,-0.03546503186225891
0.313820481300354,0.5947167277336121,2.2714293379522132e-07,0.2693864703178406,0.5625132918357849,-0.014398575760424137,0.243000790476799,0.5085753202438354,-0.02173481695353985,0.23821468651294708,0.45951589941978455,-0.028773104771971703,0.23628796637058258,0.4165428876876831,-0.03495395928621292,0.2664794325828552,0.4318103790283203,-0.005880946759134531,0.2589220404624939,0.369271844625473,-0.019580760970711708,0.2559027671813965,0.33161380887031555,-0.03207934647798538,0.254862517118454,0.2972557842731476,-0.04134310036897659,0.2909010350704193,0.4288872480392456,-0.0095220310613513,0.2834407687187195,0.3610551357269287,-0.020332301035523415,0.27930760383605957,0.3191570043563843,-0.03091912716627121,0.2765254080295563,0.28103411197662354,-0.038778576999902725,0.3147527277469635,0.43931588530540466,-0.01615636982023716,0.3094836175441742,0.375580757856369,-0.02691766805946827,0.3049943447113037,0.337855726480484,-0.033198282122612,0.30036795139312744,0.30310359597206116,-0.03797992318868637,0.3401314914226532,0.4606834650039673,-0.024799317121505737,0.3386150896549225,0.4148145616054535,-0.03469719737768173,0.3332047462463379,0.38525763154029846,-0.03794560208916664,0.3263794779777527,0.3575197458267212,-0.04000569507479668
0.29894760251045227,0.5685527920722961,2.806118004627933e-07,0.25350645184516907,0.5392012000083923,-0.01811785064637661,0.22536751627922058,0.47994303703308105,-0.026870321482419968,0.21856394410133362,0.422688752412796,-0.03458148613572121,0.223039910197258,0.3731669783592224,-0.041058775037527084,0.24200060963630676,0.39565250277519226,-0.006997197866439819,0.23263394832611084,0.32743367552757263,-0.019513575360178947,0.22671855986118317,0.2868955731391907,-0.031605660915374756,0.2224123179912567,0.24982760846614838,-0.041114866733551025,0.2677101194858551,0.3891574740409851,-0.008677411824464798,0.25764065980911255,0.31413090229034424,-0.017800623551011086,0.25095972418785095,0.26826244592666626,-0.028069494292140007,0.24467667937278748,0.22865650057792664,-0.036257438361644745,0.2932133078575134,0.39848679304122925,-0.01364086288958788,0.2839100658893585,0.3296714723110199,-0.022708702832460403,0.27689221501350403,0.2893471121788025,-0.029126256704330444,0.2695460021495819,0.2535709738731384,-0.034709732979536057,0.31964540481567383,0.41874799132347107,-0.02099457010626793,0.31361186504364014,0.36814138293266296,-0.03016074001789093,0.3059923052787781,0.3356547951698303,-0.03408445790410042,0.2972727119922638,0.30583032965660095,-0.037009358406066895
0.29083946347236633,0.5534548759460449,3.154199532673374e-07,0.24431627988815308,0.5233732461929321,-0.01638442650437355,0.2151859998703003,0.46294817328453064,-0.024911822751164436,0.20926693081855774,0.4057943522930145,-0.03274141624569893,0.21762414276599884,0.36178091168403625,-0.03976704925298691,0.22948069870471954,0.3766341209411621,-0.0088065005838871,0.2218445986509323,0.3051826059818268,-0.022001201286911964,0.21671824157238007,0.26313310861587524,-0.03445877879858017,0.2124154418706894,0.2255399078130722,-0.044036105275154114,0.2572619616985321,0.37197601795196533,-0.01198451779782772,0.24833378195762634,0.29309698939323425,-0.02203877456486225,0.24116407334804535,0.2451253980398178,-0.03290734440088272,0.23411470651626587,0.20415934920310974,-0.04126081243157387,0.28448906540870667,0.3825461268424988,-0.017977150157094002,0.27581357955932617,0.3111347258090973,-0.027702290564775467,0.268331915140152,0.26984113454818726,-0.034242499619722366,0.2604947090148926,0.2339005321264267,-0.03964962810277939,0.31204694509506226,0.40418198704719543,-0.026099519804120064,0.3060264587402344,0.35165995359420776,-0.03522371128201485,0.29854923486709595,0.3185584843158722,-0.038222044706344604,0.29007968306541443,0.2885715365409851,-0.04034644737839699
0.28365597128868103,0.5365347862243652,2.5541893933223037e-07,0.23383279144763947,0.5070213079452515,-0.016243940219283104,0.20151224732398987,0.4447736442089081,-0.02465835027396679,0.19654463231563568,0.3878781795501709,-0.03283162787556648,0.20293518900871277,0.34229546785354614,-0.04048730805516243,0.21541723608970642,0.3564358353614807,-0.009023621678352356,0.20401588082313538,0.28424203395843506,-0.024412313476204872,0.1973150372505188,0.24071753025054932,-0.03853733092546463,0.19209858775138855,0.20086637139320374,-0.04927876964211464,0.24384066462516785,0.35018280148506165,-0.013433746062219143,0.23096293210983276,0.2713947594165802,-0.025822581723332405,0.2220962941646576,0.22162069380283356,-0.0385608971118927,0.21401581168174744,0.17643947899341583,-0.04835966229438782,0.2720993459224701,0.3591863214969635,-0.020874174311757088,0.26121222972869873,0.28780996799468994,-0.03292175382375717,0.2534775733947754,0.2443932592868805,-0.0409465916454792,0.24489283561706543,0.20615769922733307,-0.04731767997145653,0.30100053548812866,0.37976568937301636,-0.030506279319524765,0.2934899628162384,0.32512906193733215,-0.041126836091279984,0.2847668528556824,0.292591392993927,-0.04464946314692497,0.2743171453475952,0.26409900188446045,-0.04731186851859093
0.27609536051750183,0.5119317770004272,3.8749851682950975e-07,0.2238345742225647,0.48236870765686035,-0.02535119839012623,0.18475285172462463,0.41741663217544556,-0.04046768322587013,0.17143724858760834,0.35314586758613586,-0.05363163352012634,0.1753443479537964,0.2933056950569153,-0.06595543771982193,0.19380547106266022,0.3151630163192749,-0.024380087852478027,0.1777729094028473,0.23043768107891083,-0.04594596475362778,0.16787347197532654,0.1799328476190567,-0.06333370506763458,0.1601659655570984,0.13296015560626984,-0.07645777612924576,0.2249312698841095,0.30765461921691895,-0.027385516092181206,0.20745132863521576,0.2153979390859604,-0.0453164204955101,0.1968337446451187,0.15693338215351105,-0.06121999770402908,0.1873771995306015,0.10403205454349518,-0.07328029721975327,0.2574934661388397,0.3197201192378998,-0.033818699419498444,0.24267251789569855,0.2363821417093277,-0.051369164139032364,0.23340140283107758,0.1853424608707428,-0.06315238773822784,0.22346632182598114,0.13838613033294678,-0.07215569913387299,0.29132094979286194,0.34565964341163635,-0.042833112180233,0.2822936475276947,0.2858756482601166,-0.05966060608625412,0.27204030752182007,0.247168630361557,-0.06779206544160843,0.2599744200706482,0.21011562645435333,-0.0735204741358757
0.272116094827652,0.5100080370903015,3.796171483827493e-07,0.2162586897611618,0.4805906414985657,-0.025660064071416855,0.17484228312969208,0.41405367851257324,-0.04112698882818222,0.16169460117816925,0.34827810525894165,-0.05496228486299515,0.1670604646205902,0.28697672486305237,-0.06826283782720566,0.18466591835021973,0.30833742022514343,-0.024560676887631416,0.1653837263584137,0.22205737233161926,-0.047611888498067856,0.1546851396560669,0.1698460727930069,-0.06642676144838333,0.14743006229400635,0.12004852294921875,-0.08071059733629227,0.21645207703113556,0.30028724670410156,-0.028297971934080124,0.19470593333244324,0.20756202936172485,-0.048184361308813095,0.18264161050319672,0.14827097952365875,-0.06597257405519485,0.17246004939079285,0.09161043167114258,-0.0795007050037384,0.24984310567378998,0.3122026026248932,-0.03559652715921402,0.2325822114944458,0.22696644067764282,-0.05557918921113014,0.2224372774362564,0.17452308535575867,-0.06926508247852325,0.21172231435775757,0.12505413591861725,-0.07945515215396881,0.28498563170433044,0.33802393078804016,-0.04546508938074112,0.2754214406013489,0.275142639875412,-0.06416462361812592,0.2647639811038971,0.23549535870552063,-0.07353267073631287,0.251516193151474,0.19699440896511078,-0.08031895756721497
0.2853553593158722,0.5302579402923584,2.690230473945121e-07,0.22790327668190002,0.48539334535598755,-0.01482498086988926,0.19671517610549927,0.38891488313674927,-0.020453322678804398,0.18980267643928528,0.31376636028289795,-0.0264186542481184,0.17463955283164978,0.25430795550346375,-0.03253311663866043,0.22274665534496307,0.2983175814151764,-0.008670366369187832,0.21668213605880737,0.21078011393547058,-0.027129091322422028,0.2113368809223175,0.15572600066661835,-0.043738871812820435,0.20738671720027924,0.1062333881855011,-0.05633335933089256,0.25216758251190186,0.2947830259799957,-0.016176508739590645,0.24407652020454407,0.19760575890541077,-0.030755113810300827,0.23651179671287537,0.13523465394973755,-0.045064445585012436,0.22963808476924896,0.07902857661247253,-0.05620377138257027,0.2809857726097107,0.3117159605026245,-0.02705603651702404,0.2736366391181946,0.21876555681228638,-0.04149417579174042,0.26541128754615784,0.16370660066604614,-0.050810933113098145,0.2559957802295685,0.11506021022796631,-0.058527253568172455,0.310344398021698,0.34418854117393494,-0.04021873325109482,0.30655431747436523,0.2748226523399353,-0.05447583645582199,0.29857882857322693,0.22894778847694397,-0.06020684912800789,0.28757530450820923,0.18807044625282288,-0.06461454927921295
0.29137879610061646,0.5480120182037354,3.048660346394172e-07,0.23248180747032166,0.4991762638092041,-0.01694333367049694,0.2032749056816101,0.404683917760849,-0.025152074173092842,0.1998538225889206,0.32919278740882874,-0.033133614808321,0.19537240266799927,0.264940083026886,-0.04120234400033951,0.23263013362884521,0.30930596590042114,-0.014768578112125397,0.22800718247890472,0.217262402176857,-0.03488575294613838,0.22497229278087616,0.15973196923732758,-0.05212348699569702,0.22291480004787445,0.10806863009929657,-0.06537400931119919,0.2621113359928131,0.30820831656455994,-0.022349616512656212,0.2574247419834137,0.20640219748020172,-0.039354484528303146,0.25287070870399475,0.14060349762439728,-0.056196149438619614,0.24753041565418243,0.0817771852016449,-0.06944779306650162,0.29007911682128906,0.3271664083003998,-0.03304898738861084,0.28815457224845886,0.22959990799427032,-0.04979761689901352,0.285148024559021,0.16835637390613556,-0.06292574107646942,0.2788742184638977,0.11353898048400879,-0.07364609092473984,0.31832510232925415,0.3631388545036316,-0.04583440721035004,0.31887951493263245,0.2924828827381134,-0.06263288855552673,0.3142436444759369,0.24311338365077972,-0.0715520903468132,0.3059592843055725,0.1979288011789322,-0.07858947664499283
0.23134098947048187,0.5504099726676941,3.802693697707582e-07,0.16893035173416138,0.5059667825698853,-0.02163633331656456,0.13193859159946442,0.40978187322616577,-0.032859478145837784,0.12359365075826645,0.32953712344169617,-0.04362334683537483,0.11807796359062195,0.25906652212142944,-0.05381244793534279,0.15728461742401123,0.3021200895309448,-0.017643248662352562,0.14787915349006653,0.2013486623764038,-0.03987012803554535,0.14085763692855835,0.13983888924121857,-0.05840357765555382,0.13496887683868408,0.08381116390228271,-0.07243675738573074,0.18953341245651245,0.29751312732696533,-0.02434234507381916,0.17819544672966003,0.18639539182186127,-0.043474338948726654,0.16986866295337677,0.1133025735616684,-0.06061093509197235,0.16155162453651428,0.04787293076515198,-0.0735316053032875,0.22189845144748688,0.31566768884658813,-0.034850794821977615,0.21251679956912994,0.2113761156797409,-0.05340295657515526,0.2070072591304779,0.14806590974330902,-0.06533095240592957,0.19885165989398956,0.09146930277347565,-0.07449092715978622,0.25440824031829834,0.35148757696151733,-0.04804488644003868,0.24883049726486206,0.27524951100349426,-0.0659576952457428,0.2398836314678192,0.22383278608322144,-0.07434286922216415,0.22819261252880096,0.17750369012355804,-0.08035777509212494
0.292148232460022,0.5920692086219788,3.023036470040097e-07,0.22160811722278595,0.5263508558273315,-0.019481968134641647,0.17575642466545105,0.40728139877319336,-0.02325337380170822,0.16001436114311218,0.31110817193984985,-0.027170438319444656,0.1605394035577774,0.253318190574646,-0.029909230768680573,0.20490942895412445,0.2930940091609955,0.0044610220938920975,0.20098383724689484,0.19300346076488495,-0.011718377470970154,0.1938440501689911,0.13221155107021332,-0.03117007203400135,0.1860518455505371,0.07703542709350586,-0.047834768891334534,0.2475331872701645,0.2897357940673828,-0.0018650913843885064,0.2408740073442459,0.1808367222547531,-0.015824688598513603,0.2304779589176178,0.1137852668762207,-0.03588784113526344,0.21603752672672272,0.04982897639274597,-0.05196046456694603,0.28844714164733887,0.30864495038986206,-0.012774353846907616,0.2818397879600525,0.2064163088798523,-0.028736691921949387,0.2681887447834015,0.1454320251941681,-0.04204932227730751,0.25055333971977234,0.09356772899627686,-0.052289653569459915,0.3319356143474579,0.3468039631843567,-0.026553822681307793,0.32399553060531616,0.26468753814697266,-0.04167468100786209,0.3124414384365082,0.2115270346403122,-0.0483572855591774,0.297659695148468,0.16530200839042664,-0.05342261865735054
0.584700345993042,0.6399083137512207,3.649135464911524e-07,0.5295968651771545,0.5822399258613586,-0.04047246277332306,0.4982336461544037,0.47340846061706543,-0.058825116604566574,0.5000417828559875,0.3772653043270111,-0.07414555549621582,0.521001935005188,0.3137710690498352,-0.08782094717025757,0.5261247158050537,0.33269914984703064,-0.02203240618109703,0.525653600692749,0.22083938121795654,-0.04986247420310974,0.5294146537780762,0.15130436420440674,-0.07746892422437668,0.5344985127449036,0.08797204494476318,-0.09975241869688034,0.5665053725242615,0.32792994379997253,-0.021978676319122314,0.5635544061660767,0.21189245581626892,-0.04568399861454964,0.5649260878562927,0.140157550573349,-0.07123099267482758,0.5644062161445618,0.06957992911338806,-0.09127341955900192,0.6042609810829163,0.34864524006843567,-0.02812732197344303,0.6018862724304199,0.23471079766750336,-0.05272410064935684,0.5985609292984009,0.16363739967346191,-0.07159573584794998,0.5942667722702026,0.10244214534759521,-0.08575552701950073,0.64870285987854,0.3900356888771057,-0.03885262832045555,0.6457520723342896,0.3034694790840149,-0.061555128544569016,0.6386961936950684,0.24668852984905243,-0.0734662115573883,0.6273967623710632,0.1967288702726364,-0.08243029564619064
0.6791171431541443,0.6826457977294922,5.387238957155205e-07,0.6132036447525024,0.6259702444076538,-0.045291852205991745,0.5692245364189148,0.5178676247596741,-0.06469181925058365,0.5661146640777588,0.40926864743232727,-0.0796399936079979,0.5799691081047058,0.32222920656204224,-0.0912947729229927,0.6028004884719849,0.3610563576221466,-0.02403491921722889,0.5958499908447266,0.23196472227573395,-0.053708795458078384,0.5969932675361633,0.15055134892463684,-0.08039997518062592,0.6017614603042603,0.0771704614162445,-0.09959600865840912,0.6504626870155334,0.34967952966690063,-0.02025412768125534,0.64211505651474,0.2117689698934555,-0.04190022870898247,0.6414259672164917,0.12424185872077942,-0.0616336464881897,0.6424506306648254,0.045525699853897095,-0.07591662555932999,0.6970422863960266,0.36556386947631836,-0.023578746244311333,0.6903333067893982,0.24135008454322815,-0.04343840479850769,0.6864659190177917,0.1661565601825714,-0.053660716861486435,0.6819283962249756,0.09912502765655518,-0.06101321429014206,0.7483826875686646,0.4029284119606018,-0.0326109416782856,0.7438374161720276,0.31161534786224365,-0.04928882047533989,0.736432671546936,0.25443631410598755,-0.05386846140027046,0.7273856997489929,0.20175610482692719,-0.0562533400952816
0.7478709816932678,0.715379536151886,6.234405987015634e-07,0.667974591255188,0.6654285788536072,-0.054702434688806534,0.6090338230133057,0.5510509014129639,-0.0780784860253334,0.5984358191490173,0.4266027510166168,-0.09558846056461334,0.6219568252563477,0.32782402634620667,-0.10910287499427795,0.6425126791000366,0.37246447801589966,-0.02437634952366352,0.6292983889579773,0.23214562237262726,-0.05301203206181526,0.6278799176216125,0.14733701944351196,-0.08097214996814728,0.6308558583259583,0.06779748201370239,-0.10261674225330353,0.6955791711807251,0.3581124544143677,-0.017261158674955368,0.6786596179008484,0.2095571756362915,-0.037339575588703156,0.6740872859954834,0.11816069483757019,-0.05914309248328209,0.6723156571388245,0.032884806394577026,-0.07654471695423126,0.7468603253364563,0.3733607232570648,-0.018672559410333633,0.734237551689148,0.2397187352180481,-0.0383162796497345,0.7277401685714722,0.15786895155906677,-0.0508846715092659,0.7220739722251892,0.08434092998504639,-0.06119764223694801,0.8059526681900024,0.4096059799194336,-0.0267002135515213,0.7944642305374146,0.31015250086784363,-0.04383288323879242,0.7844975590705872,0.24866583943367004,-0.05029098689556122,0.7736836075782776,0.18835528194904327,-0.05518830940127373
0.8006151914596558,0.7587788105010986,6.815478172939038e-07,0.712803304195404,0.7115283608436584,-0.060263246297836304,0.645058810710907,0.5876620411872864,-0.08508733659982681,0.6367464065551758,0.4537079930305481,-0.10335210710763931,0.6571242213249207,0.347690224647522,-0.11782439053058624,0.6809529662132263,0.3960082232952118,-0.03368179127573967,0.6639375686645508,0.24522817134857178,-0.06844503432512283,0.6594722867012024,0.1493506133556366,-0.09989238530397415,0.6605111360549927,0.06125533580780029,-0.12285712361335754,0.7397482991218567,0.3743938207626343,-0.02654912695288658,0.7206331491470337,0.2095945030450821,-0.05161019787192345,0.7139970064163208,0.10291370749473572,-0.07506266981363297,0.7117074131965637,0.005493789911270142,-0.09254469722509384,0.7975313663482666,0.3878181576728821,-0.028411678969860077,0.7846742868423462,0.24257373809814453,-0.05216288939118385,0.7770965099334717,0.15325751900672913,-0.06465804576873779,0.770570695400238,0.07335937023162842,-0.0738142877817154,0.8619698882102966,0.42618322372436523,-0.037559397518634796,0.8524504899978638,0.3168238699436188,-0.057572055608034134,0.8416446447372437,0.24836289882659912,-0.06326684355735779,0.8292564749717712,0.1831211894750595,-0.066660076379776
0.8194416761398315,0.7969777584075928,6.392950808731257e-07,0.7232528924942017,0.7387694120407104,-0.06214805692434311,0.6584076285362244,0.6018249988555908,-0.08724972605705261,0.6539076566696167,0.45688337087631226,-0.10559774190187454,0.6861448287963867,0.3467096984386444,-0.11957939714193344,0.7063522934913635,0.39675816893577576,-0.027224771678447723,0.6908631324768066,0.2355150282382965,-0.05719714239239693,0.6871557235717773,0.13889369368553162,-0.08632490038871765,0.6896337866783142,0.04875856637954712,-0.10974841564893723,0.7707229852676392,0.38038012385368347,-0.019565466791391373,0.7542928457260132,0.20945972204208374,-0.04133797809481621,0.750523030757904,0.10584264993667603,-0.06520979851484299,0.7511496543884277,0.010421127080917358,-0.08461561799049377,0.8311455845832825,0.39985519647598267,-0.021674744784832,0.8199566602706909,0.24186907708644867,-0.04453267529606819,0.8137778639793396,0.1463523507118225,-0.060474954545497894,0.809449315071106,0.05984914302825928,-0.07359904050827026,0.898341715335846,0.4448176324367523,-0.031179336830973625,0.8863930702209473,0.3271840214729309,-0.05277809128165245,0.8733729124069214,0.2526756823062897,-0.06267863512039185,0.8602437973022461,0.1795440912246704,-0.07026644051074982
0.8312035202980042,0.8280477523803711,5.646061254083179e-07,0.7385489344596863,0.7558457255363464,-0.05380319431424141,0.6828529834747314,0.6038782596588135,-0.0769350454211235,0.708203136920929,0.4600598216056824,-0.09545273333787918,0.7551261782646179,0.36408549547195435,-0.1118418350815773,0.7230609655380249,0.39739105105400085,-0.029770387336611748,0.7068613767623901,0.2304142415523529,-0.06131388992071152,0.7043765187263489,0.13055583834648132,-0.09235608577728271,0.7086119055747986,0.03676125407218933,-0.11857046186923981,0.7913063764572144,0.3835214674472809,-0.0298111941665411,0.7743258476257324,0.20282699167728424,-0.05431406944990158,0.7721651196479797,0.09688857197761536,-0.08346940577030182,0.7742262482643127,-0.0027346014976501465,-0.10798279196023941,0.85491943359375,0.40902119874954224,-0.03806297108530998,0.8431888818740845,0.24331052601337433,-0.0644722506403923,0.8358744382858276,0.14231187105178833,-0.08732659369707108,0.8313183784484863,0.0523698627948761,-0.1064973846077919,0.9261937737464905,0.46194928884506226,-0.052674248814582825,0.9155601859092712,0.336453914642334,-0.07907414436340332,0.9026898145675659,0.2536212205886841,-0.09428739547729492,0.8904628753662109,0.17393052577972412,-0.1067725196480751
0.8307096362113953,0.8353434205055237,5.952855417490355e-07,0.742428183555603,0.7666868567466736,-0.06535956263542175,0.6844618916511536,0.6199687123298645,-0.09327170252799988,0.7021236419677734,0.4709237813949585,-0.11386676132678986,0.7397820353507996,0.35589656233787537,-0.13039769232273102,0.7212719917297363,0.3957887291908264,-0.03550766408443451,0.7017463445663452,0.22559736669063568,-0.06722509115934372,0.6958786249160767,0.1260591447353363,-0.09863315522670746,0.6972236633300781,0.033518314361572266,-0.12424978613853455,0.7903712391853333,0.38280224800109863,-0.02906070090830326,0.7697251439094543,0.19631525874137878,-0.05188070982694626,0.7638217806816101,0.08296772837638855,-0.08081401139497757,0.7640296220779419,-0.019391775131225586,-0.10546865314245224,0.8552590608596802,0.4093996584415436,-0.03200378641486168,0.8427649140357971,0.24167189002037048,-0.05655033141374588,0.8336611390113831,0.13663938641548157,-0.07968229800462723,0.8270416855812073,0.045732319355010986,-0.09946602582931519,0.9285430312156677,0.4634547531604767,-0.04232624173164368,0.918002188205719,0.33811110258102417,-0.06653657555580139,0.9033279418945312,0.25594544410705566,-0.08107370138168335,0.8891051411628723,0.1776602864265442,-0.09323464334011078
0.8013156652450562,0.794953465461731,4.6961949351498333e-07,0.7160558700561523,0.7395099997520447,-0.05459471046924591,0.6560001373291016,0.6059402227401733,-0.07589497417211533,0.6616531610488892,0.4694162905216217,-0.09238437563180923,0.672265350818634,0.36631137132644653,-0.10623352229595184,0.6794466376304626,0.38783323764801025,-0.030453721061348915,0.6631643176078796,0.22734349966049194,-0.061407048255205154,0.6582986116409302,0.130634605884552,-0.09146156162023544,0.6548892855644226,0.04089099168777466,-0.11689551919698715,0.7447340488433838,0.36649224162101746,-0.02839548885822296,0.7298953533172607,0.19701506197452545,-0.05175081267952919,0.7297781705856323,0.09907302260398865,-0.07822460681200027,0.7292416095733643,0.0067567527294158936,-0.10198968648910522,0.8055734634399414,0.38371407985687256,-0.03501597046852112,0.7946218848228455,0.22642874717712402,-0.060032736510038376,0.7860158681869507,0.136233389377594,-0.08089765906333923,0.7741098999977112,0.05448693037033081,-0.09984414279460907,0.8732903003692627,0.4292718172073364,-0.048218920826911926,0.8644176125526428,0.3126258850097656,-0.07452511042356491,0.8506420254707336,0.2367018461227417,-0.09107611328363419,0.8334425091743469,0.16436675190925598,-0.1053004115819931
0.770997166633606,0.7763230800628662,5.572010195464827e-07,0.6802129745483398,0.7178826332092285,-0.0603153258562088,0.6072303652763367,0.5864030122756958,-0.08312279731035233,0.5834540128707886,0.4483787715435028,-0.09924763441085815,0.5733349919319153,0.3271524906158447,-0.11102461814880371,0.6484830975532532,0.394172728061676,-0.02716638147830963,0.6209720969200134,0.23673905432224274,-0.05802718549966812,0.6104071140289307,0.14501330256462097,-0.08729133754968643,0.6048043370246887,0.05726560950279236,-0.11025308072566986,0.708293080329895,0.37468454241752625,-0.019955921918153763,0.6826115846633911,0.20568396151065826,-0.04132402315735817,0.6725119948387146,0.10502785444259644,-0.0647289827466011,0.6645929217338562,0.013678967952728271,-0.08467717468738556,0.7650308609008789,0.390474796295166,-0.02256738394498825,0.7454041838645935,0.24001389741897583,-0.04468831047415733,0.733805239200592,0.14751902222633362,-0.05984703078866005,0.7219246625900269,0.06750616431236267,-0.07319581508636475,0.8321037292480469,0.4307088255882263,-0.0325193926692009,0.8160990476608276,0.31736549735069275,-0.05264454707503319,0.8006289005279541,0.24714846909046173,-0.06211351975798607,0.7833301424980164,0.18151932954788208,-0.07030788064002991
0.7755849957466125,0.7812391519546509,5.77859680106485e-07,0.6824820041656494,0.722064733505249,-0.06136177480220795,0.6154454946517944,0.5875431895256042,-0.08328147977590561,0.6001092791557312,0.4486593008041382,-0.09833104908466339,0.5897930860519409,0.327665239572525,-0.10890673100948334,0.6583874225616455,0.39679259061813354,-0.02379213273525238,0.6348692178726196,0.24321602284908295,-0.05434226989746094,0.6298819184303284,0.1510808765888214,-0.08494018763303757,0.6305292844772339,0.06238698959350586,-0.10898962616920471,0.7181980609893799,0.37947848439216614,-0.01537979207932949,0.6942048072814941,0.2189752459526062,-0.03694486245512962,0.6864825487136841,0.12191721796989441,-0.06242560222744942,0.6819548606872559,0.03090950846672058,-0.08371269702911377,0.7744315266609192,0.3961295187473297,-0.016981273889541626,0.7577325701713562,0.2499004453420639,-0.03928172588348389,0.7486259937286377,0.16179439425468445,-0.05502338707447052,0.7403508424758911,0.08305323123931885,-0.06839995086193085,0.8408346176147461,0.4361593425273895,-0.026125576347112656,0.8266309499740601,0.32496267557144165,-0.04720798134803772,0.8117201328277588,0.25571006536483765,-0.05742499977350235,0.7952767014503479,0.18811872601509094,-0.06558599323034286
0.7731495499610901,0.7698962688446045,5.751573439738422e-07,0.683289110660553,0.7096112966537476,-0.060475047677755356,0.618181586265564,0.5785017013549805,-0.08281249552965164,0.6038991212844849,0.44414985179901123,-0.09818589687347412,0.5935806035995483,0.32514309883117676,-0.10911621153354645,0.6625652313232422,0.3898431658744812,-0.02496778778731823,0.6392218470573425,0.24005341529846191,-0.05506515875458717,0.6342242360115051,0.15027233958244324,-0.08521120250225067,0.6355200409889221,0.06406167149543762,-0.10886771976947784,0.7216827273368835,0.3734409809112549,-0.01678999327123165,0.6981419920921326,0.21624131500720978,-0.03803631663322449,0.6908349394798279,0.12038907408714294,-0.0631243884563446,0.687124490737915,0.03139764070510864,-0.08401786535978317,0.7769308686256409,0.3907850980758667,-0.018367713317275047,0.7612268328666687,0.2477927953004837,-0.040222156792879105,0.7530174255371094,0.1596023142337799,-0.05609188601374626,0.7458851933479309,0.08130934834480286,-0.06963715702295303,0.8420191407203674,0.4313408434391022,-0.027351414784789085,0.8295353055000305,0.32262033224105835,-0.04790765047073364,0.8155509829521179,0.25477203726768494,-0.05800146237015724,0.7999693155288696,0.18889501690864563,-0.06616614013910294
0.7460782527923584,0.7389418482780457,4.692079471624311e-07,0.6599295139312744,0.6803825497627258,-0.0438089556992054,0.5928456783294678,0.5498756766319275,-0.057566046714782715,0.5718043446540833,0.4267002046108246,-0.06737539172172546,0.556493878364563,0.32764849066734314,-0.07419810444116592,0.6400356292724609,0.3833635151386261,-0.01683714985847473,0.618689239025116,0.24174199998378754,-0.042971447110176086,0.6118120551109314,0.1578742265701294,-0.06805001944303513,0.6085329651832581,0.0785144567489624,-0.08765394985675812,0.6940834522247314,0.36940330266952515,-0.015271898359060287,0.6739920377731323,0.21547582745552063,-0.03311973065137863,0.6671333312988281,0.12205475568771362,-0.052672311663627625,0.6618290543556213,0.037354975938797,-0.06927839666604996,0.7457374930381775,0.3859702944755554,-0.021668342873454094,0.7298708558082581,0.24835224449634552,-0.039798129349946976,0.7210724949836731,0.16511985659599304,-0.05100591480731964,0.7120475769042969,0.09226110577583313,-0.061247747391462326,0.8055330514907837,0.42408889532089233,-0.03403414785861969,0.7925237417221069,0.3205987215042114,-0.05020636320114136,0.7800456285476685,0.2553473711013794,-0.05647419020533562,0.766235888004303,0.19356510043144226,-0.06221940740942955
0.7394718527793884,0.7321580648422241,4.6500591110998357e-07,0.6530278921127319,0.6688226461410522,-0.04350019991397858,0.5911694765090942,0.5448001623153687,-0.0586065836250782,0.5744442939758301,0.4248458743095398,-0.07016466557979584,0.5636882781982422,0.32418227195739746,-0.0785064548254013,0.6394909620285034,0.38053974509239197,-0.01282521616667509,0.6183576583862305,0.24423223733901978,-0.04014559090137482,0.6109241843223572,0.16136237978935242,-0.06723359227180481,0.6079199314117432,0.08159923553466797,-0.08863188326358795,0.6931570768356323,0.3649226427078247,-0.012126163579523563,0.6732272505760193,0.21714454889297485,-0.03247072920203209,0.6658983826637268,0.12534302473068237,-0.05522758141160011,0.6595171093940735,0.03898593783378601,-0.07377040386199951,0.743730366230011,0.3811917304992676,-0.019629307091236115,0.7278907895088196,0.24620573222637177,-0.04075562208890915,0.7176063656806946,0.16201305389404297,-0.05505448579788208,0.7074772119522095,0.08625230193138123,-0.06689924001693726,0.8030799031257629,0.41966718435287476,-0.032932642847299576,0.7910017967224121,0.3183620572090149,-0.052356887608766556,0.7775977849960327,0.25260162353515625,-0.061240214854478836,0.7627265453338623,0.18876788020133972,-0.06839871406555176
0.7129064202308655,0.6904498338699341,3.4753031741274754e-07,0.6334043741226196,0.6329914927482605,-0.033182378858327866,0.5731392502784729,0.5148216485977173,-0.04416248947381973,0.5572004318237305,0.40537774562835693,-0.053646039217710495,0.5488677620887756,0.3196506202220917,-0.06097213923931122,0.6187200546264648,0.3642386794090271,-0.01059276144951582,0.5996966361999512,0.23702357709407806,-0.0359240286052227,0.5931059718132019,0.16017255187034607,-0.060245007276535034,0.5887452960014343,0.08776414394378662,-0.07933536171913147,0.6633860468864441,0.3479979932308197,-0.0133961271494627,0.6463801264762878,0.2102023959159851,-0.03282783925533295,0.6385847330093384,0.12521159648895264,-0.05229377746582031,0.6303713321685791,0.04739654064178467,-0.06808952242136002,0.7078583836555481,0.3592766225337982,-0.022960500791668892,0.6928889155387878,0.232025608420372,-0.042126163840293884,0.6832806468009949,0.15811346471309662,-0.05298668518662453,0.6702873706817627,0.09268611669540405,-0.062133222818374634,0.7593158483505249,0.39249682426452637,-0.03750816732645035,0.7496140599250793,0.2965411841869354,-0.05495524778962135,0.7378924489021301,0.23676154017448425,-0.061674874275922775,0.7224093079566956,0.18277481198310852,-0.06697149574756622
0.6544709205627441,0.6284123063087463,2.86090369172598e-07,0.5899931788444519,0.5827164649963379,-0.02594771981239319,0.5397603511810303,0.5014970898628235,-0.03634744510054588,0.5227342247962952,0.41872072219848633,-0.045797429978847504,0.51375812292099,0.3484305441379547,-0.05334646627306938,0.5694937705993652,0.3804408311843872,-0.005391919519752264,0.5515641570091248,0.2842221260070801,-0.025311075150966644,0.5447520017623901,0.225676491856575,-0.04491891711950302,0.5406628847122192,0.16969819366931915,-0.06005518138408661,0.6049064993858337,0.3650420010089874,-0.0077058905735611916,0.5883322954177856,0.25999391078948975,-0.02246643602848053,0.5786712169647217,0.19712254405021667,-0.03815846145153046,0.5694100260734558,0.13845616579055786,-0.05063047260046005,0.641265869140625,0.37064918875694275,-0.0154527323320508,0.6273736953735352,0.2731526494026184,-0.029531249776482582,0.6171435713768005,0.21728312969207764,-0.03763367980718613,0.605019211769104,0.16687385737895966,-0.04454991966485977,0.6828563809394836,0.39255771040916443,-0.027067849412560463,0.6729369163513184,0.3207470178604126,-0.03934205323457718,0.6626493334770203,0.277077853679657,-0.04316691309213638,0.6501875519752502,0.23706315457820892,-0.046156276017427444
0.6267090439796448,0.6120774745941162,2.7355397946848825e-07,0.56561279296875,0.572920560836792,-0.025816796347498894,0.5216920375823975,0.4990425407886505,-0.03416545316576958,0.508513331413269,0.4236890375614166,-0.04064313322305679,0.49791768193244934,0.3623814582824707,-0.04504157230257988,0.5494057536125183,0.393490195274353,-0.003286415245383978,0.5321583151817322,0.30951711535453796,-0.019600477069616318,0.524511456489563,0.25810691714286804,-0.03671783581376076,0.518645167350769,0.20933958888053894,-0.04984023794531822,0.5820563435554504,0.3800753951072693,-0.0028062795754522085,0.5661758184432983,0.28761374950408936,-0.0141458073630929,0.5576657056808472,0.2309878170490265,-0.02767397090792656,0.5492302179336548,0.1780230551958084,-0.0386364683508873,0.6133620738983154,0.38583365082740784,-0.007497319485992193,0.6007004380226135,0.3028448224067688,-0.018376106396317482,0.5915301442146301,0.2520179748535156,-0.024891702458262444,0.582325279712677,0.20757761597633362,-0.0306803397834301,0.6506660580635071,0.405485063791275,-0.015998348593711853,0.6408559083938599,0.3433728516101837,-0.024381102994084358,0.631217896938324,0.30504339933395386,-0.026277679949998856,0.620673418045044,0.26969945430755615,-0.02818482182919979
0.6192646622657776,0.6113260388374329,3.1072150363797846e-07,0.5609588623046875,0.5736526846885681,-0.027319051325321198,0.5187855958938599,0.5035431385040283,-0.03734283149242401,0.5049391984939575,0.4307321310043335,-0.04506567493081093,0.4964289367198944,0.3688375651836395,-0.05060552805662155,0.5451213121414185,0.40071535110473633,-0.007678117137402296,0.5295093655586243,0.3174781799316406,-0.024869374930858612,0.522973895072937,0.2669803500175476,-0.041922952979803085,0.5183779001235962,0.21829716861248016,-0.054908979684114456,0.577660322189331,0.3881465196609497,-0.006393750198185444,0.5636041164398193,0.2986173629760742,-0.01840725913643837,0.5564049482345581,0.2433714121580124,-0.031669940799474716,0.5494398474693298,0.1915654093027115,-0.04235150292515755,0.6089364290237427,0.3943823575973511,-0.010209345258772373,0.596924364566803,0.31238287687301636,-0.022042490541934967,0.5884400010108948,0.26339948177337646,-0.028802840039134026,0.5799752473831177,0.22006694972515106,-0.03447207808494568,0.6451430916786194,0.41367286443710327,-0.017753439024090767,0.6353440880775452,0.35219722986221313,-0.02787664346396923,0.6259135603904724,0.3144879937171936,-0.031060809269547462,0.6155678629875183,0.2791420519351959,-0.0335407592356205
0.6168209314346313,0.6060628890991211,2.9878390250814846e-07,0.55790114402771,0.5703123211860657,-0.02593054063618183,0.5151921510696411,0.5002940893173218,-0.035120874643325806,0.5022707581520081,0.42758649587631226,-0.04219536855816841,0.4942587912082672,0.36750003695487976,-0.04714023694396019,0.5415502786636353,0.3985315263271332,-0.007017065770924091,0.5253208875656128,0.31733354926109314,-0.023706821724772453,0.5188067555427551,0.2673191726207733,-0.040209367871284485,0.5142840147018433,0.21980823576450348,-0.05262632668018341,0.5731441974639893,0.3853529393672943,-0.006034929305315018,0.5578554272651672,0.2984336316585541,-0.017687812447547913,0.5496832132339478,0.24429409205913544,-0.030410338193178177,0.5422873497009277,0.1940864473581314,-0.040410254150629044,0.6044008135795593,0.3907355070114136,-0.00992604624480009,0.5916075706481934,0.3101184070110321,-0.021215656772255898,0.5830045938491821,0.2621806561946869,-0.02768978849053383,0.5741370320320129,0.22000868618488312,-0.03293006867170334,0.640099287033081,0.40955501794815063,-0.017419513314962387,0.6300532817840576,0.3487566113471985,-0.027170712128281593,0.619899332523346,0.31188729405403137,-0.03014255501329899,0.6087080240249634,0.27797943353652954,-0.03221772983670235
0.5969725847244263,0.6136041879653931,2.109701995323121e-07,0.5426654815673828,0.5704675912857056,-0.016536090523004532,0.5067964792251587,0.49248090386390686,-0.020286280661821365,0.49937567114830017,0.42325225472450256,-0.024211585521697998,0.49370887875556946,0.37060579657554626,-0.02678322233259678,0.5366243720054626,0.40224331617355347,0.0033828504383563995,0.5259416699409485,0.32365769147872925,-0.010373773984611034,0.5209884643554688,0.2749283015727997,-0.025066066533327103,0.5166910290718079,0.23003464937210083,-0.03675077483057976,0.5653366446495056,0.3927776515483856,-4.701235957327299e-05,0.5560342073440552,0.3090539872646332,-0.01049390621483326,0.5500234961509705,0.25730687379837036,-0.022893857210874557,0.543297290802002,0.21017271280288696,-0.03260120749473572,0.5943666100502014,0.4001765251159668,-0.0078104352578520775,0.5863104462623596,0.3201589584350586,-0.01879003830254078,0.5785807371139526,0.2729683816432953,-0.026417769491672516,0.5687963366508484,0.2312905490398407,-0.032415248453617096,0.6271948218345642,0.421256422996521,-0.018365543335676193,0.6220235228538513,0.3600248098373413,-0.02886270172894001,0.6132730841636658,0.322008341550827,-0.03329826518893242,0.6022287607192993,0.2879676818847656,-0.036481741815805435
0.5251712799072266,0.6174277067184448,1.631767929666239e-07,0.4763220548629761,0.5832294821739197,-0.0163433700799942,0.43941473960876465,0.5233205556869507,-0.02232508733868599,0.42676252126693726,0.4639485478401184,-0.028077244758605957,0.41787752509117126,0.4151751399040222,-0.032696451991796494,0.4580370783805847,0.43550148606300354,-0.00013542335364036262,0.4411265254020691,0.36832743883132935,-0.013617761433124542,0.43294692039489746,0.3286944627761841,-0.02772795595228672,0.42642727494239807,0.2900797128677368,-0.03892781585454941,0.483402281999588,0.4241299331188202,-0.0028442363254725933,0.46774980425834656,0.3508610427379608,-0.012704461812973022,0.4588058590888977,0.30732056498527527,-0.024524135515093803,0.4501718282699585,0.2654440402984619,-0.0343940407037735,0.5091254115104675,0.4282696843147278,-0.009404703043401241,0.49598899483680725,0.36121034622192383,-0.019109662622213364,0.48703140020370483,0.3221947252750397,-0.025290444493293762,0.47735655307769775,0.2870602607727051,-0.030934743583202362,0.5392469167709351,0.444966584444046,-0.018623754382133484,0.5302110314369202,0.3936721086502075,-0.0270081777125597,0.5212792158126831,0.3618163764476776,-0.029988760128617287,0.5108137726783752,0.33217549324035645,-0.032725658267736435
0.5238790512084961,0.6131035089492798,2.0310565673753445e-07,0.4761422276496887,0.5840458869934082,-0.017881497740745544,0.4406599998474121,0.5266996026039124,-0.02434431202709675,0.4292347729206085,0.4678444564342499,-0.02998657524585724,0.41974878311157227,0.4189577102661133,-0.03424122929573059,0.45862817764282227,0.4419339895248413,-0.002649409230798483,0.443068265914917,0.3767251670360565,-0.016135983169078827,0.4359162747859955,0.33693990111351013,-0.029616976156830788,0.430982768535614,0.2987695336341858,-0.040219422429800034,0.48359987139701843,0.4300675094127655,-0.004476950503885746,0.46882665157318115,0.35890433192253113,-0.01453316304832697,0.4609377682209015,0.31481021642684937,-0.02600790560245514,0.4539657235145569,0.2731580436229706,-0.035311508923769,0.5088874697685242,0.4343075454235077,-0.010168509557843208,0.49712133407592773,0.3669383227825165,-0.020466536283493042,0.48911258578300476,0.32742783427238464,-0.027552530169487,0.4802226126194,0.2919473648071289,-0.033439356833696365,0.5380539894104004,0.4504634141921997,-0.018465224653482437,0.5292172431945801,0.4008011519908905,-0.02826644666492939,0.5193300247192383,0.36998894810676575,-0.03265032544732094,0.5078184008598328,0.3416283130645752,-0.03602273762226105
0.5088256001472473,0.6059001088142395,2.1146121298443177e-07,0.46102845668792725,0.5751519799232483,-0.015654778108000755,0.425270140171051,0.5173451900482178,-0.020831916481256485,0.41358792781829834,0.4607970416545868,-0.025529464706778526,0.406424343585968,0.4151638150215149,-0.029033344238996506,0.4453356862068176,0.43654829263687134,-0.001931134844198823,0.4303308129310608,0.369020938873291,-0.014245036989450455,0.42262527346611023,0.32826700806617737,-0.026523277163505554,0.4159235656261444,0.29101064801216125,-0.03587332367897034,0.46962928771972656,0.4249657988548279,-0.003951661288738251,0.45518583059310913,0.3513917624950409,-0.012660673819482327,0.4458622932434082,0.3069004416465759,-0.02253672294318676,0.43689948320388794,0.2674115300178528,-0.03025345876812935,0.49457699060440063,0.4277127683162689,-0.009382526390254498,0.4811663031578064,0.35861289501190186,-0.017513571307063103,0.47175389528274536,0.31833523511886597,-0.022580793127417564,0.461758017539978,0.28342604637145996,-0.026929911226034164,0.522888720035553,0.4416685700416565,-0.01729763299226761,0.5136710405349731,0.39054492115974426,-0.024500316008925438,0.5039713382720947,0.3591589629650116,-0.02666710875928402,0.49303653836250305,0.3315770626068115,-0.028280576691031456
0.44854387640953064,0.6117792129516602,1.549992276750345e-07,0.3982803523540497,0.5869549512863159,-0.009941240772604942,0.35999083518981934,0.5219303965568542,-0.01145850121974945,0.3468211889266968,0.4627975821495056,-0.014003263786435127,0.3311580419540405,0.42319029569625854,-0.015464728698134422,0.36837196350097656,0.43359988927841187,0.009184022434055805,0.34959307312965393,0.36989209055900574,-0.0003635333268903196,0.33793312311172485,0.33084896206855774,-0.012160227634012699,0.3278634548187256,0.29625195264816284,-0.021896429359912872,0.39080339670181274,0.4229128956794739,0.004278245382010937,0.3708222806453705,0.35411152243614197,-0.0032098654191941023,0.35716956853866577,0.31252366304397583,-0.013332388363778591,0.3437802791595459,0.27509039640426636,-0.021255621686577797,0.4164654016494751,0.4254013001918793,-0.00418343860656023,0.3974342346191406,0.35737621784210205,-0.01224544458091259,0.3834812641143799,0.31988266110420227,-0.01856805570423603,0.3681888282299042,0.287792444229126,-0.023598695173859596,0.447356641292572,0.43957826495170593,-0.014788291417062283,0.4331623911857605,0.38552945852279663,-0.023264853283762932,0.41851091384887695,0.35461747646331787,-0.02713763155043125,0.40157368779182434,0.32764554023742676,-0.029777124524116516
0.4360397160053253,0.6147052049636841,2.1499785418654938e-07,0.38114264607429504,0.5917409062385559,-0.018390309065580368,0.34058475494384766,0.5356464982032776,-0.02567313052713871,0.32408028841018677,0.4771685302257538,-0.032355278730392456,0.3111562132835388,0.42625635862350464,-0.03790079429745674,0.3500683605670929,0.4455910325050354,-0.003985781688243151,0.326648473739624,0.37863689661026,-0.019490869715809822,0.3137345314025879,0.3370589017868042,-0.034455202519893646,0.30359503626823425,0.29755207896232605,-0.04594520106911659,0.37599751353263855,0.42927002906799316,-0.006783532444387674,0.3523746430873871,0.3564358949661255,-0.018917862325906754,0.33794105052948,0.3100531995296478,-0.032190605998039246,0.3245896100997925,0.2666611075401306,-0.0426151379942894,0.4038426876068115,0.42918264865875244,-0.013511529192328453,0.3847341239452362,0.3609095811843872,-0.025664497166872025,0.37294161319732666,0.3199065923690796,-0.03394324332475662,0.36026138067245483,0.2831597924232483,-0.040518149733543396,0.43607550859451294,0.440863698720932,-0.022869041189551353,0.42119699716567993,0.3901529908180237,-0.03394557535648346,0.40806975960731506,0.3588079810142517,-0.038686975836753845,0.3934844732284546,0.33015990257263184,-0.04225242882966995
0.40183043479919434,0.591313898563385,3.194617477220163e-07,0.3438703715801239,0.5651182532310486,-0.018258102238178253,0.30229616165161133,0.5057302117347717,-0.02555796317756176,0.2838704586029053,0.4468787610530853,-0.03186536580324173,0.2688907980918884,0.4009333550930023,-0.036718618124723434,0.3205006718635559,0.40888985991477966,-0.004050345625728369,0.3025928735733032,0.33461564779281616,-0.01752583310008049,0.29243266582489014,0.2901131510734558,-0.031028352677822113,0.2839218080043793,0.25075072050094604,-0.041267525404691696,0.34956732392311096,0.39530709385871887,-0.0062377057038247585,0.33014535903930664,0.31454700231552124,-0.015764743089675903,0.3175455331802368,0.26586195826530457,-0.026638351380825043,0.3059309720993042,0.22400252521038055,-0.03506437689065933,0.37928760051727295,0.39849331974983215,-0.012124113738536835,0.3617217540740967,0.32285767793655396,-0.021923549473285675,0.34998729825019836,0.27924230694770813,-0.02782580256462097,0.33882012963294983,0.24107880890369415,-0.03272102773189545,0.41308796405792236,0.4141523241996765,-0.020566260442137718,0.40304601192474365,0.3581332564353943,-0.029843825846910477,0.3925795555114746,0.3235737681388855,-0.03249600902199745,0.38112565875053406,0.2924933433532715,-0.0341738760471344
0.37292051315307617,0.6002488732337952,2.3482179756229016e-07,0.3116759657859802,0.5655536651611328,-0.02095934934914112,0.26837578415870667,0.49829792976379395,-0.0282652098685503,0.25181180238723755,0.4309922754764557,-0.03476106375455856,0.2392280101776123,0.37513259053230286,-0.04026583209633827,0.2899142801761627,0.41045427322387695,-0.005410661920905113,0.26869577169418335,0.3350398540496826,-0.02187058888375759,0.2543800473213196,0.28939110040664673,-0.03748958185315132,0.24159803986549377,0.24475184082984924,-0.04994545876979828,0.3219310939311981,0.3943786323070526,-0.008292918093502522,0.30244457721710205,0.31273096799850464,-0.021797167137265205,0.2887060344219208,0.2607868015766144,-0.036222223192453384,0.27509695291519165,0.2112237811088562,-0.0476495735347271,0.35437077283859253,0.3963339924812317,-0.015494776889681816,0.34017252922058105,0.3173016309738159,-0.03052826039493084,0.3292458653450012,0.27047646045684814,-0.04082701355218887,0.31621477007865906,0.22808639705181122,-0.048548124730587006,0.3897247612476349,0.41158682107925415,-0.025353195145726204,0.38117530941963196,0.3533407747745514,-0.03977976739406586,0.3715539276599884,0.3153759837150574,-0.0463869646191597,0.35966405272483826,0.2806318998336792,-0.05106845498085022
0.3709178566932678,0.6152077317237854,2.0645568099553202e-07,0.3119714558124542,0.5821461081504822,-0.019838372245430946,0.26966720819473267,0.5105212330818176,-0.025780146941542625,0.2534307539463043,0.4418952167034149,-0.031143739819526672,0.2445237636566162,0.38650476932525635,-0.03537267446517944,0.2889735996723175,0.42745068669319153,-0.0029768424574285746,0.2679625153541565,0.35362008213996887,-0.018724992871284485,0.2539249658584595,0.30846619606018066,-0.03378820791840553,0.24177221953868866,0.2658633589744568,-0.04562618210911751,0.31818050146102905,0.4115092158317566,-0.005646234378218651,0.2966032028198242,0.3322087824344635,-0.018801996484398842,0.2817422151565552,0.28128141164779663,-0.032547056674957275,0.267259806394577,0.23393088579177856,-0.04288629814982414,0.3491203486919403,0.41209110617637634,-0.012581726536154747,0.33057814836502075,0.3353528380393982,-0.026680484414100647,0.317707896232605,0.2876492142677307,-0.035894256085157394,0.30351027846336365,0.24482418596744537,-0.04262636601924896,0.3838677406311035,0.42571645975112915,-0.02223440818488598,0.3712657690048218,0.368484765291214,-0.03561411425471306,0.36022743582725525,0.3302459418773651,-0.041335247457027435,0.3478729724884033,0.29494255781173706,-0.04518328234553337
0.38117608428001404,0.6139379739761353,2.1206818701102748e-07,0.3242064416408539,0.5775408148765564,-0.01826954260468483,0.2835582196712494,0.5075288414955139,-0.02430116757750511,0.2672199308872223,0.4410463273525238,-0.02990909293293953,0.2583744525909424,0.38638991117477417,-0.034463703632354736,0.30220097303390503,0.4258459210395813,-0.0033697013277560472,0.28249725699424744,0.3519738018512726,-0.019137470051646233,0.26948919892311096,0.3074647784233093,-0.03408004343509674,0.25792834162712097,0.26501983404159546,-0.045792531222105026,0.33088043332099915,0.41136428713798523,-0.0068284254521131516,0.3110584020614624,0.33066031336784363,-0.019709529355168343,0.2979215383529663,0.279853880405426,-0.0330047681927681,0.2849370837211609,0.2325693815946579,-0.04324093461036682,0.36112314462661743,0.4131990671157837,-0.01431746780872345,0.343821257352829,0.3358593285083771,-0.028104757890105247,0.33216574788093567,0.2874574065208435,-0.03697089105844498,0.31913962960243225,0.2437897026538849,-0.043605268001556396,0.3951225280761719,0.4277978241443634,-0.024328548461198807,0.3835951089859009,0.36878469586372375,-0.03734459728002548,0.37361571192741394,0.32873958349227905,-0.04282239079475403,0.36209097504615784,0.2917915880680084,-0.0466507151722908
0.44482916593551636,0.6169336438179016,9.188847371888187e-08,0.3951374292373657,0.5648578405380249,-0.008463780395686626,0.36528292298316956,0.4842342734336853,-0.007510839961469173,0.35812923312187195,0.4204599857330322,-0.008418271318078041,0.35517311096191406,0.38289862871170044,-0.00859773252159357,0.39558160305023193,0.41086703538894653,0.014471570029854774,0.3876785635948181,0.3434024751186371,0.004435049369931221,0.38420990109443665,0.30390381813049316,-0.00831464771181345,0.38201817870140076,0.26711076498031616,-0.019010337069630623,0.420773983001709,0.4065448045730591,0.00841485895216465,0.4118434488773346,0.33336931467056274,0.00028414386906661093,0.40653812885284424,0.29193371534347534,-0.010898415930569172,0.40039128065109253,0.2529967427253723,-0.019622260704636574,0.4466172754764557,0.4160143733024597,-0.0014784983359277248,0.4390987753868103,0.342204213142395,-0.011381831020116806,0.4321189224720001,0.3019567131996155,-0.017451880499720573,0.4233592748641968,0.2668377161026001,-0.02206934057176113,0.4769268035888672,0.43739429116249084,-0.013434206135571003,0.47293996810913086,0.37976527214050293,-0.022667929530143738,0.466584712266922,0.3450276851654053,-0.02551339752972126,0.45697182416915894,0.31529247760772705,-0.02774122729897499
0.46923065185546875,0.624420166015625,2.3319847741731792e-07,0.41963040828704834,0.5792585611343384,-0.021177120506763458,0.3897724449634552,0.5103691816329956,-0.027930760756134987,0.38453763723373413,0.44488227367401123,-0.03366447985172272,0.3847344219684601,0.39133551716804504,-0.03784460201859474,0.42070311307907104,0.43214696645736694,-6.401124119292945e-05,0.4147590398788452,0.36184513568878174,-0.014875216409564018,0.413566917181015,0.3180237412452698,-0.03031199984252453,0.41370677947998047,0.27605584263801575,-0.04227503761649132,0.4503518044948578,0.42478829622268677,-0.0006034095422364771,0.44565483927726746,0.34892240166664124,-0.012102186679840088,0.4433920085430145,0.30163803696632385,-0.02507370337843895,0.4407932162284851,0.25545477867126465,-0.035066984593868256,0.47731393575668335,0.43353816866874695,-0.005759386345744133,0.47410887479782104,0.36192113161087036,-0.01789092645049095,0.47070732712745667,0.31747904419898987,-0.025321658700704575,0.4663890302181244,0.2769562005996704,-0.03080162964761257,0.5070262551307678,0.4554751217365265,-0.013920582830905914,0.5050231218338013,0.4008553624153137,-0.024317558854818344,0.5002390146255493,0.3644901216030121,-0.02809649333357811,0.493764728307724,0.3300037682056427,-0.030731018632650375
0.4737358093261719,0.6308361291885376,2.4757386540841253e-07,0.42486345767974854,0.5828340649604797,-0.019438548013567924,0.39528003334999084,0.5126523971557617,-0.02543112263083458,0.3900061547756195,0.4476932883262634,-0.030727114528417587,0.39045843482017517,0.39489835500717163,-0.03470414876937866,0.42506343126296997,0.4369361996650696,0.0011041384423151612,0.41993558406829834,0.36604759097099304,-0.013118402101099491,0.41931062936782837,0.32215702533721924,-0.028207335621118546,0.4198680818080902,0.2798577547073364,-0.0401715487241745,0.4550868272781372,0.42979052662849426,-0.00036206369986757636,0.45142078399658203,0.3530959188938141,-0.011180661618709564,0.4501818120479584,0.3060570955276489,-0.024347789585590363,0.44830673933029175,0.26003503799438477,-0.03481782600283623,0.48233500123023987,0.4391678273677826,-0.0062462217174470425,0.4804675579071045,0.36582040786743164,-0.018066801130771637,0.47781985998153687,0.3211630582809448,-0.02633858285844326,0.4736611247062683,0.2804316282272339,-0.03272220119833946,0.5114280581474304,0.46182042360305786,-0.014889552257955074,0.5093392133712769,0.4062623381614685,-0.025807946920394897,0.5053132772445679,0.36928790807724,-0.030496200546622276,0.4993976354598999,0.33389174938201904,-0.03396635502576828
0.4543660283088684,0.6286054849624634,7.302109139573076e-08,0.41528207063674927,0.5776381492614746,-0.01034113485366106,0.40506505966186523,0.49690890312194824,-0.01134154200553894,0.41716933250427246,0.43590089678764343,-0.013180897571146488,0.4265959560871124,0.3926190137863159,-0.01446645986288786,0.4368579089641571,0.4332689344882965,0.0041874791495501995,0.43745970726013184,0.3651028275489807,-0.0058937291614711285,0.43386009335517883,0.32294517755508423,-0.017290735617280006,0.4296734929084778,0.28459620475769043,-0.027105430141091347,0.4629589021205902,0.4310850203037262,-0.0011809052666649222,0.4630768597126007,0.35479503870010376,-0.009806563146412373,0.4590402841567993,0.30759525299072266,-0.020638443529605865,0.4531964957714081,0.26448678970336914,-0.029331637546420097,0.4871024489402771,0.4445773661136627,-0.009628142230212688,0.48905014991760254,0.3689802289009094,-0.019609898328781128,0.4868986904621124,0.32327523827552795,-0.027045272290706635,0.48195183277130127,0.28180497884750366,-0.03324965015053749,0.511971652507782,0.471468985080719,-0.019951218739151955,0.5159159898757935,0.4149421155452728,-0.03009645640850067,0.5145421028137207,0.3770744800567627,-0.03440018370747566,0.5099422335624695,0.3413916826248169,-0.03782286494970322
0.4527813494205475,0.6358000040054321,6.476702907320941e-08,0.4116070866584778,0.5843186378479004,-0.011191942729055882,0.40029221773147583,0.500874936580658,-0.012125272303819656,0.4130135774612427,0.4387655556201935,-0.013797874562442303,0.42194944620132446,0.3942761719226837,-0.014989364892244339,0.43266746401786804,0.4364231526851654,0.003771295538172126,0.43254828453063965,0.3666110038757324,-0.006641997490078211,0.42917463183403015,0.323150634765625,-0.018452201038599014,0.4257291257381439,0.2830609977245331,-0.028744669631123543,0.4594884216785431,0.4345698952674866,-0.0015333803603425622,0.45839977264404297,0.3579174280166626,-0.010900570079684258,0.45507970452308655,0.3091190755367279,-0.02267986163496971,0.4504477083683014,0.2634302079677582,-0.03215041384100914,0.4840906262397766,0.4485623240470886,-0.010063301771879196,0.48504841327667236,0.374048113822937,-0.02097170241177082,0.48330891132354736,0.32701393961906433,-0.02948794886469841,0.4790753424167633,0.2833855152130127,-0.03644166141748428,0.5096097588539124,0.47596409916877747,-0.02053351141512394,0.5118027925491333,0.4180247485637665,-0.03168949484825134,0.5100744366645813,0.379075288772583,-0.03679553419351578,0.50571209192276,0.3417281210422516,-0.04080922529101372
0.46023640036582947,0.6443870067596436,1.9396897243950662e-07,0.4113064706325531,0.5932670831680298,-0.016888707876205444,0.39021989703178406,0.5106512308120728,-0.020447900518774986,0.39549902081489563,0.4422608017921448,-0.023466244339942932,0.3971817195415497,0.3890374004840851,-0.025438342243433,0.4278571903705597,0.43729957938194275,-0.0004113240574952215,0.42650577425956726,0.3614642024040222,-0.013198299333453178,0.4255581498146057,0.3156428933143616,-0.026369964703917503,0.4252234697341919,0.27293843030929565,-0.03709186613559723,0.45876413583755493,0.43398380279541016,-0.00328122079372406,0.4580422341823578,0.3523767292499542,-0.013650530949234962,0.4573771059513092,0.3005211055278778,-0.026016445830464363,0.45629391074180603,0.2530542314052582,-0.0356614850461483,0.4864896833896637,0.44797635078430176,-0.010008892975747585,0.4873216152191162,0.37024661898612976,-0.021671272814273834,0.4866121709346771,0.3223537802696228,-0.0306438896805048,0.48421362042427063,0.2787477374076843,-0.037610944360494614,0.5149853229522705,0.47592219710350037,-0.019153257831931114,0.5168726444244385,0.4185374975204468,-0.0308829452842474,0.5151920318603516,0.37939900159835815,-0.03646024689078331,0.5119788646697998,0.3421667218208313,-0.040438491851091385
0.46065768599510193,0.6504577398300171,2.2444370983976114e-07,0.41080644726753235,0.6019164323806763,-0.020446430891752243,0.38403481245040894,0.5218995809555054,-0.026591699570417404,0.38361817598342896,0.4511698782444,-0.031664393842220306,0.3827056288719177,0.3945433497428894,-0.03531304746866226,0.4206469655036926,0.44019725918769836,-0.002831408753991127,0.4166516959667206,0.363380491733551,-0.017882587388157845,0.4152505099773407,0.3162429630756378,-0.0330464243888855,0.41507747769355774,0.27141374349594116,-0.04518243297934532,0.4520930349826813,0.436064749956131,-0.004693349823355675,0.44928810000419617,0.35347652435302734,-0.016434576362371445,0.4480876326560974,0.30191734433174133,-0.029704585671424866,0.44647833704948425,0.25278615951538086,-0.040320347994565964,0.4802055358886719,0.4497297406196594,-0.010865438729524612,0.47903069853782654,0.3723805844783783,-0.023542363196611404,0.4772694706916809,0.32548072934150696,-0.03169873729348183,0.4739430844783783,0.2821069061756134,-0.03821537643671036,0.5103759169578552,0.4774189889431,-0.01990470290184021,0.5106083154678345,0.4193170368671417,-0.03207205981016159,0.5076154470443726,0.38024115562438965,-0.03715582564473152,0.5028690695762634,0.3425878882408142,-0.04090254008769989
0.4713779389858246,0.6434044241905212,3.1849211268308864e-07,0.42245563864707947,0.6079723834991455,-0.03054225444793701,0.3817331790924072,0.541259765625,-0.04134741425514221,0.36192891001701355,0.4700307548046112,-0.04897933825850487,0.34451279044151306,0.4147334098815918,-0.05408356338739395,0.40011337399482727,0.450248122215271,-0.011230365373194218,0.38824838399887085,0.3689080774784088,-0.0282234326004982,0.38578900694847107,0.3202400803565979,-0.04448964074254036,0.38435792922973633,0.27395617961883545,-0.05654504895210266,0.4281848073005676,0.43638795614242554,-0.006747533567249775,0.4171300530433655,0.3507343828678131,-0.018923718482255936,0.41183722019195557,0.29826217889785767,-0.03042370080947876,0.4053727686405182,0.2499580830335617,-0.03922474756836891,0.4551742672920227,0.44059479236602783,-0.007361117284744978,0.44440776109695435,0.3604811429977417,-0.019372308626770973,0.4388871192932129,0.3117361068725586,-0.025084683671593666,0.43194523453712463,0.26976707577705383,-0.02921404503285885,0.4865584373474121,0.45930489897727966,-0.011836123652756214,0.48044636845588684,0.39957720041275024,-0.022005043923854828,0.47424083948135376,0.3631441593170166,-0.024759946390986443,0.46647322177886963,0.33173075318336487,-0.026319656521081924
0.4709054231643677,0.641865611076355,4.6203763304220047e-07,0.4231061339378357,0.6121057271957397,-0.039184436202049255,0.3824312090873718,0.5482423305511475,-0.05111251026391983,0.35942840576171875,0.47898069024086,-0.05742784962058067,0.33462661504745483,0.4244268238544464,-0.06041986122727394,0.39565733075141907,0.4479029178619385,-0.012243459932506084,0.37951624393463135,0.3626921772956848,-0.024440519511699677,0.37365755438804626,0.3115740418434143,-0.0383552610874176,0.3690081238746643,0.2649996876716614,-0.04839812219142914,0.4220995604991913,0.43487873673439026,-0.00040745895239524543,0.4063107669353485,0.34685981273651123,-0.005075383931398392,0.3981185555458069,0.2926595211029053,-0.013952279463410378,0.3914846181869507,0.24761205911636353,-0.02143358811736107,0.44797268509864807,0.4395400285720825,0.005721946246922016,0.4346708655357361,0.3614669740200043,0.0022196657955646515,0.4262741506099701,0.3146406412124634,-0.0013064295053482056,0.41883131861686707,0.2751361131668091,-0.0051472666673362255,0.4789310693740845,0.4555865228176117,0.006911669857800007,0.4703357219696045,0.3984958231449127,0.00497520063072443,0.4623468816280365,0.366453617811203,0.005350527353584766,0.45461395382881165,0.3391849100589752,0.005187613423913717
0.47102493047714233,0.6516964435577393,3.7861704527131224e-07,0.42325881123542786,0.6175246238708496,-0.03617706149816513,0.3877398371696472,0.5492701530456543,-0.049039147794246674,0.3702276349067688,0.4771689474582672,-0.057219069451093674,0.3515051603317261,0.4149172306060791,-0.06248224526643753,0.40918049216270447,0.4452846348285675,-0.015269024297595024,0.3953615427017212,0.3580359220504761,-0.0309192705899477,0.3891677260398865,0.30599480867385864,-0.04617554694414139,0.3851068913936615,0.25863176584243774,-0.057169023901224136,0.43967360258102417,0.4353591799736023,-0.007467158604413271,0.4260001480579376,0.3453538119792938,-0.016884375363588333,0.4178612530231476,0.29031914472579956,-0.027728984132409096,0.41066476702690125,0.24281875789165497,-0.03615625202655792,0.4685039818286896,0.44387584924697876,-0.004973414819687605,0.45724689960479736,0.36269646883010864,-0.013623346574604511,0.4490607678890228,0.3150062561035156,-0.018393870443105698,0.44033583998680115,0.2735515236854553,-0.022514741867780685,0.5010337233543396,0.46489471197128296,-0.006924106739461422,0.4956558346748352,0.4065108001232147,-0.013971003703773022,0.4881628155708313,0.372717946767807,-0.01525166630744934,0.47949182987213135,0.3426063358783722,-0.015993624925613403
0.46110597252845764,0.6513665914535522,4.057578451011068e-07,0.4310005009174347,0.6206321716308594,-0.046783898025751114,0.4162358343601227,0.5530968904495239,-0.06299740821123123,0.42831122875213623,0.4857233762741089,-0.07151704281568527,0.45183080434799194,0.4432949423789978,-0.07708051055669785,0.41526779532432556,0.4464072585105896,-0.030734362080693245,0.40519705414772034,0.35903215408325195,-0.04301736131310463,0.3994208872318268,0.3060607314109802,-0.05516183748841286,0.3941875696182251,0.26157841086387634,-0.06405336409807205,0.44224756956100464,0.4372292459011078,-0.013661909848451614,0.4305601418018341,0.3457602858543396,-0.020731383934617043,0.42171451449394226,0.2898954153060913,-0.030428096652030945,0.4128553867340088,0.24349531531333923,-0.038101471960544586,0.4678465723991394,0.44455716013908386,-0.0012387699680402875,0.4581463932991028,0.36654749512672424,-0.005914566572755575,0.44916701316833496,0.316459059715271,-0.013861611485481262,0.4395997226238251,0.2761129140853882,-0.020522864535450935,0.4954228699207306,0.46183255314826965,0.006123826373368502,0.4917200207710266,0.4026463031768799,0.004575027152895927,0.48369622230529785,0.3679421544075012,0.002004987094551325,0.47452545166015625,0.34150516986846924,-0.0007203758577816188
0.4605408310890198,0.6497607231140137,3.8604497376582003e-07,0.43106409907341003,0.6243365406990051,-0.050523873418569565,0.41816648840904236,0.5641504526138306,-0.07330141216516495,0.4296497106552124,0.4994411766529083,-0.08874315768480301,0.4489102363586426,0.4494245648384094,-0.1016685962677002,0.4266529381275177,0.45367488265037537,-0.043781865388154984,0.41840115189552307,0.36444976925849915,-0.06563062965869904,0.41643309593200684,0.30895137786865234,-0.08338809013366699,0.4165325164794922,0.2611806392669678,-0.09583808481693268,0.45183801651000977,0.4420158267021179,-0.029001504182815552,0.4419892132282257,0.34942376613616943,-0.04621871933341026,0.43664631247520447,0.2911168932914734,-0.06082254275679588,0.43192508816719055,0.24109619855880737,-0.0713895633816719,0.4758010804653168,0.447550892829895,-0.018946826457977295,0.46676331758499146,0.36528176069259644,-0.03281326964497566,0.46071895956993103,0.3119777739048004,-0.04332415759563446,0.454760879278183,0.26676541566848755,-0.050987664610147476,0.49935364723205566,0.4648588001728058,-0.014024565927684307,0.4939141273498535,0.40060099959373474,-0.025075137615203857,0.48658037185668945,0.3610900938510895,-0.031750477850437164,0.4789803624153137,0.32765477895736694,-0.03647924214601517
0.45062917470932007,0.6423455476760864,3.417894731683191e-07,0.4193861186504364,0.6095433235168457,-0.04002363607287407,0.41057801246643066,0.5470683574676514,-0.0574101060628891,0.4254821836948395,0.4859088957309723,-0.06974034011363983,0.4479762315750122,0.4485020041465759,-0.08017465472221375,0.4193870425224304,0.4429120123386383,-0.0297269094735384,0.4155459403991699,0.3563801646232605,-0.04873659834265709,0.4144044518470764,0.3029329478740692,-0.06555291265249252,0.41400784254074097,0.2568984925746918,-0.07773995399475098,0.4464907944202423,0.43532222509384155,-0.020439641550183296,0.4409157931804657,0.34381452202796936,-0.034869760274887085,0.43612995743751526,0.28694283962249756,-0.049012310802936554,0.4304497539997101,0.23774433135986328,-0.05942171439528465,0.47198960185050964,0.4442239999771118,-0.015503541566431522,0.464946448802948,0.3625819981098175,-0.02751564234495163,0.4586474299430847,0.3088458180427551,-0.03812146931886673,0.45109906792640686,0.26453590393066406,-0.04590320587158203,0.4974345862865448,0.46470263600349426,-0.014940030872821808,0.49395111203193665,0.40069788694381714,-0.02451780065894127,0.4863760769367218,0.36138033866882324,-0.030165238305926323,0.47773921489715576,0.328610360622406,-0.03422088548541069
0.45062732696533203,0.6387497186660767,3.5398477393755456e-07,0.4243016242980957,0.6033448576927185,-0.0412936694920063,0.42208194732666016,0.5423031449317932,-0.05873263254761696,0.44129887223243713,0.48560696840286255,-0.07055974751710892,0.45790067315101624,0.44641876220703125,-0.08009256422519684,0.42586928606033325,0.4424048960208893,-0.031751103699207306,0.4208943247795105,0.355928897857666,-0.050275325775146484,0.41913291811943054,0.3020901381969452,-0.06617365032434464,0.418204128742218,0.2563455402851105,-0.07724600285291672,0.45128199458122253,0.43507370352745056,-0.021037332713603973,0.4454939067363739,0.34301039576530457,-0.03496018052101135,0.4412720501422882,0.28612279891967773,-0.047968726605176926,0.43649837374687195,0.23865842819213867,-0.057321447879076004,0.47497129440307617,0.4440619945526123,-0.014596831053495407,0.4684317111968994,0.3638780117034912,-0.025818603113293648,0.4631101191043854,0.31129884719848633,-0.034709151834249496,0.4564908444881439,0.2685171663761139,-0.04117688164114952,0.49782684445381165,0.464123010635376,-0.012649795971810818,0.4948641359806061,0.4012272357940674,-0.02113429270684719,0.48733189702033997,0.3631584048271179,-0.025262491777539253,0.4787173867225647,0.33184051513671875,-0.02809687703847885
0.44606050848960876,0.6403751373291016,3.861359232359973e-07,0.41802144050598145,0.5987693667411804,-0.046314824372529984,0.41565263271331787,0.5299763679504395,-0.0639665424823761,0.43632766604423523,0.4682728052139282,-0.07507787644863129,0.46191728115081787,0.42866411805152893,-0.08349332958459854,0.4188040494918823,0.44755393266677856,-0.030160438269376755,0.4185512065887451,0.36042875051498413,-0.047260385006666183,0.4201538562774658,0.3059121370315552,-0.062664695084095,0.42199915647506714,0.26036274433135986,-0.07430405914783478,0.44531136751174927,0.4391021728515625,-0.017110437154769897,0.44254475831985474,0.348821222782135,-0.0309293232858181,0.440871924161911,0.2914813160896301,-0.046198997646570206,0.43749210238456726,0.24244257807731628,-0.057661063969135284,0.47090932726860046,0.4466326832771301,-0.009100809693336487,0.46568381786346436,0.36533474922180176,-0.022286081686615944,0.462338924407959,0.31114646792411804,-0.03578941151499748,0.4569254517555237,0.265877366065979,-0.04575190320611,0.49647796154022217,0.4659775197505951,-0.005776265636086464,0.4955110549926758,0.4051300883293152,-0.01716606505215168,0.4898180365562439,0.36508649587631226,-0.025829799473285675,0.4817698001861572,0.3308478593826294,-0.03240417689085007
0.4384987950325012,0.6559593081474304,2.5280024829044123e-07,0.4060831665992737,0.6142890453338623,-0.02147083915770054,0.39925068616867065,0.543949544429779,-0.031028421595692635,0.42905357480049133,0.4936337471008301,-0.04006384685635567,0.45810502767562866,0.47449132800102234,-0.048211902379989624,0.4034253656864166,0.4434320330619812,-0.008142245002090931,0.39803236722946167,0.3611733615398407,-0.02213260717689991,0.3961709439754486,0.31125080585479736,-0.03649052977561951,0.395992636680603,0.2683299481868744,-0.047931745648384094,0.4303514361381531,0.4368388056755066,-0.009684999473392963,0.4240853488445282,0.35054758191108704,-0.021291786804795265,0.41941630840301514,0.294782817363739,-0.03515983000397682,0.41453757882118225,0.2464926391839981,-0.04553300142288208,0.45726627111434937,0.44827035069465637,-0.014809239655733109,0.45073580741882324,0.3660421073436737,-0.0255685206502676,0.44462358951568604,0.31511741876602173,-0.036699168384075165,0.43600183725357056,0.2731747031211853,-0.04485880210995674,0.48672571778297424,0.47298628091812134,-0.022877443581819534,0.48652923107147217,0.41066646575927734,-0.03221248835325241,0.478698194026947,0.37289634346961975,-0.037368424236774445,0.4679226577281952,0.3420183062553406,-0.041112277656793594
0.40359464287757874,0.6558061838150024,2.3718142472262116e-07,0.3523762822151184,0.6120172739028931,-0.02361931838095188,0.32274872064590454,0.5413240194320679,-0.034021686762571335,0.3213813006877899,0.4713413119316101,-0.04268241673707962,0.3278871774673462,0.4118048846721649,-0.04901810362935066,0.34370750188827515,0.43699711561203003,-0.0031741526909172535,0.3335036039352417,0.3570542633533478,-0.01688300631940365,0.32903042435646057,0.31082838773727417,-0.03217355161905289,0.32604560256004333,0.2670840322971344,-0.0444573312997818,0.3756440579891205,0.43036437034606934,-0.0030539031140506268,0.3634306788444519,0.3435603082180023,-0.0116013428196311,0.35659196972846985,0.29432517290115356,-0.023275278508663177,0.349580854177475,0.24847935140132904,-0.03338952362537384,0.40556520223617554,0.4420073330402374,-0.007471986580640078,0.3949691951274872,0.3626839220523834,-0.016035672277212143,0.3878689408302307,0.3182640075683594,-0.02139686793088913,0.37925925850868225,0.27852940559387207,-0.02697065658867359,0.4398120939731598,0.4677107632160187,-0.015274766832590103,0.4347009062767029,0.4083147346973419,-0.02295573055744171,0.42846807837486267,0.3727034330368042,-0.024676354601979256,0.42023417353630066,0.3388952612876892,-0.0264773927628994
0.3999105393886566,0.6519083380699158,2.869219883905316e-07,0.3445739150047302,0.6126498579978943,-0.02729683928191662,0.313259482383728,0.5436468124389648,-0.037367600947618484,0.30876222252845764,0.4720412492752075,-0.04492470249533653,0.31098267436027527,0.4103444516658783,-0.04982521012425423,0.33121809363365173,0.44054755568504333,-0.0005342364893294871,0.3141392469406128,0.361314058303833,-0.012806923128664494,0.3049360513687134,0.3156709372997284,-0.027712786570191383,0.2985243499279022,0.2723027169704437,-0.039375025779008865,0.36339303851127625,0.43154197931289673,0.0030056415125727654,0.3453918695449829,0.34686264395713806,-0.0033925531897693872,0.33491814136505127,0.29687225818634033,-0.014806019142270088,0.3255062699317932,0.25225508213043213,-0.024579092860221863,0.3941153287887573,0.4403563141822815,0.0013773757964372635,0.379679799079895,0.3654601275920868,-0.0050409953109920025,0.36955711245536804,0.3215917646884918,-0.010782179422676563,0.35949575901031494,0.2848215401172638,-0.01639222726225853,0.4293833076953888,0.46058306097984314,-0.004115268588066101,0.4213900566101074,0.4034655690193176,-0.008836337365210056,0.41265758872032166,0.3703075349330902,-0.00994748156517744,0.40319380164146423,0.34018248319625854,-0.011424846947193146
0.40377384424209595,0.6486524939537048,3.030540085546818e-07,0.3499361574649811,0.6121635437011719,-0.029805999249219894,0.31705188751220703,0.546959638595581,-0.04044497385621071,0.3121784031391144,0.4767913520336151,-0.047833558171987534,0.31107303500175476,0.41377827525138855,-0.05224373936653137,0.3322350084781647,0.44035854935646057,-0.00400038156658411,0.31480610370635986,0.36356818675994873,-0.016294356435537338,0.3065958023071289,0.31817108392715454,-0.030711928382515907,0.30120790004730225,0.27511298656463623,-0.042019978165626526,0.36407068371772766,0.43104127049446106,0.0008698130259290338,0.3442297875881195,0.34900063276290894,-0.005970879923552275,0.332886278629303,0.2997741103172302,-0.01691892184317112,0.3233504295349121,0.25629860162734985,-0.02619713544845581,0.39527231454849243,0.439872682094574,0.000443907076260075,0.3805774450302124,0.3662794530391693,-0.00727030448615551,0.36960548162460327,0.3245163559913635,-0.013248320668935776,0.35893940925598145,0.2888078987598419,-0.018639493733644485,0.4317806363105774,0.4596044719219208,-0.003976006526499987,0.4272540211677551,0.4039667844772339,-0.010365777648985386,0.4201187491416931,0.3703305125236511,-0.012702607549726963,0.4121462404727936,0.3382168412208557,-0.01476758997887373
0.4059658944606781,0.6466438174247742,3.2884020129131386e-07,0.35183632373809814,0.6123459339141846,-0.029640497639775276,0.31923675537109375,0.5472975373268127,-0.03965974226593971,0.3145033121109009,0.47755512595176697,-0.04625759273767471,0.3125332295894623,0.4146246314048767,-0.04991596192121506,0.33312612771987915,0.4421398937702179,-0.004231443628668785,0.3152424693107605,0.36467599868774414,-0.015403139404952526,0.30747416615486145,0.3186013102531433,-0.028647609055042267,0.30259308218955994,0.2758105397224426,-0.0389452762901783,0.3649994432926178,0.43315163254737854,0.0010504282545298338,0.345020055770874,0.35139399766921997,-0.004295569844543934,0.33319634199142456,0.30231860280036926,-0.013740086928009987,0.32334384322166443,0.26088982820510864,-0.021747708320617676,0.39668163657188416,0.44162315130233765,0.0011146722827106714,0.3812705874443054,0.367712140083313,-0.005115368869155645,0.369089275598526,0.3257978856563568,-0.009853794239461422,0.35784536600112915,0.2898755669593811,-0.014375382103025913,0.43370321393013,0.4605388641357422,-0.002829676726832986,0.4297315180301666,0.4041878581047058,-0.007990471087396145,0.42355647683143616,0.37006258964538574,-0.009305473417043686,0.41686373949050903,0.3371885418891907,-0.010590569116175175
0.4086780548095703,0.647632360458374,3.397129830773338e-07,0.3566184341907501,0.615106463432312,-0.028071504086256027,0.32270410656929016,0.5500301122665405,-0.03730415925383568,0.31790271401405334,0.479278028011322,-0.04342123121023178,0.31477710604667664,0.4158751666545868,-0.046618010848760605,0.33654746413230896,0.44231662154197693,-0.005323932506144047,0.31939828395843506,0.36602380871772766,-0.016307197511196136,0.3123556077480316,0.319782555103302,-0.028715727850794792,0.30738985538482666,0.27708715200424194,-0.038479503244161606,0.3685483932495117,0.4333774745464325,-0.001475823693908751,0.3496697247028351,0.35256487131118774,-0.007161405868828297,0.33669766783714294,0.30459898710250854,-0.016494419425725937,0.3249398469924927,0.2636837065219879,-0.024234697222709656,0.40176165103912354,0.44203490018844604,-0.0025845738127827644,0.387777179479599,0.36762362718582153,-0.0102961091324687,0.3750176727771759,0.3248600959777832,-0.01685314066708088,0.36218443512916565,0.28664153814315796,-0.02247205562889576,0.43955641984939575,0.46211671829223633,-0.007382926531136036,0.4445706307888031,0.4061422646045685,-0.014809925109148026,0.4444023072719574,0.36970406770706177,-0.018471701070666313,0.4424985647201538,0.3337525427341461,-0.021220149472355843
0.4115344285964966,0.6538960933685303,3.128535297491908e-07,0.359775573015213,0.6193239688873291,-0.027454691007733345,0.3271750509738922,0.5538235902786255,-0.03778629004955292,0.3236452341079712,0.4831000566482544,-0.045161645859479904,0.32258957624435425,0.42033764719963074,-0.04969547316431999,0.3423590064048767,0.44628405570983887,-0.006422931794077158,0.327208548784256,0.367915540933609,-0.018773198127746582,0.32052889466285706,0.3217747211456299,-0.03199969232082367,0.3158605098724365,0.2789735794067383,-0.042295411229133606,0.37416505813598633,0.4380596876144409,-0.0032227449119091034,0.3566027581691742,0.35549524426460266,-0.010815230198204517,0.3454585671424866,0.30643436312675476,-0.02104310877621174,0.3355056643486023,0.26379913091659546,-0.029317282140254974,0.40676942467689514,0.4469996392726898,-0.004759302828460932,0.39256078004837036,0.3715360760688782,-0.013306179083883762,0.38149359822273254,0.32814764976501465,-0.018888071179389954,0.3704575300216675,0.28998833894729614,-0.0237407349050045,0.44432151317596436,0.4672052264213562,-0.009920272044837475,0.4432228207588196,0.41017115116119385,-0.017577167600393295,0.43957072496414185,0.3741708993911743,-0.020056070759892464,0.4349549412727356,0.33933520317077637,-0.021809598430991173
0.4256432354450226,0.677466630935669,2.69847618028507e-07,0.37470412254333496,0.6314740777015686,-0.02268604189157486,0.34864160418510437,0.5563297867774963,-0.031390003859996796,0.3520241379737854,0.48514607548713684,-0.03817542642354965,0.35499128699302673,0.42430219054222107,-0.04252730682492256,0.37565165758132935,0.45053425431251526,-0.0024799960665404797,0.3693189322948456,0.37099143862724304,-0.014760392718017101,0.3666777014732361,0.3248221278190613,-0.028830623254179955,0.3653642237186432,0.28201496601104736,-0.039894986897706985,0.4076387584209442,0.4491468369960785,-0.002281252760440111,0.39865103363990784,0.3635410666465759,-0.01026152167469263,0.39213821291923523,0.31264638900756836,-0.02150898613035679,0.3856643736362457,0.26711493730545044,-0.03057066909968853,0.4382706582546234,0.46499863266944885,-0.006400329992175102,0.43183502554893494,0.3855140805244446,-0.015106379054486752,0.42563122510910034,0.33909282088279724,-0.02042091265320778,0.4186827540397644,0.2984497845172882,-0.02514788880944252,0.47288352251052856,0.49408793449401855,-0.013748783618211746,0.47541284561157227,0.4329918920993805,-0.02176876924932003,0.473134845495224,0.39433738589286804,-0.023516541346907616,0.4688587188720703,0.35775846242904663,-0.024667954072356224
0.4277912974357605,0.691443920135498,3.1734342087474943e-07,0.3786662817001343,0.6436141133308411,-0.027516793459653854,0.3529748022556305,0.5670418739318848,-0.03983991965651512,0.3569897413253784,0.49504008889198303,-0.04937327280640602,0.3659136891365051,0.43085965514183044,-0.056511521339416504,0.38296806812286377,0.45828625559806824,-0.010311353020370007,0.37914901971817017,0.37470540404319763,-0.0254429392516613,0.37882399559020996,0.3267044425010681,-0.040903229266405106,0.38015300035476685,0.28137823939323425,-0.053056500852108,0.4175475835800171,0.4576174318790436,-0.00924544595181942,0.4129359722137451,0.36622101068496704,-0.01960103027522564,0.40946847200393677,0.3119823932647705,-0.03243619576096535,0.4058689773082733,0.26249533891677856,-0.04303763806819916,0.44917723536491394,0.476396381855011,-0.012750644236803055,0.44686105847358704,0.39348456263542175,-0.023724155500531197,0.4429253935813904,0.3448849022388458,-0.031229745596647263,0.43781378865242004,0.30068159103393555,-0.03785600885748863,0.4827638566493988,0.5091645121574402,-0.019693730399012566,0.48804083466529846,0.4468024969100952,-0.02991786226630211,0.48832499980926514,0.4064232409000397,-0.03375706449151039,0.4865357577800751,0.3667854964733124,-0.03678697720170021
0.4153195023536682,0.6906756162643433,3.35739741785801e-07,0.36197641491889954,0.6456183195114136,-0.025628825649619102,0.32963645458221436,0.5724157094955444,-0.03714028000831604,0.32749590277671814,0.4998682737350464,-0.046451713889837265,0.3252284526824951,0.4367307722568512,-0.05314416065812111,0.3573766052722931,0.46058154106140137,-0.008410070091485977,0.34914153814315796,0.37598657608032227,-0.02435983717441559,0.3465921878814697,0.3266974687576294,-0.040372930467128754,0.345974862575531,0.2800045609474182,-0.052528027445077896,0.3918701112270355,0.4558514356613159,-0.008416074328124523,0.38222429156303406,0.36459481716156006,-0.018600057810544968,0.3765506148338318,0.31014519929885864,-0.030275238677859306,0.3709823489189148,0.2604649066925049,-0.039881594479084015,0.4254784882068634,0.4703918695449829,-0.013071163557469845,0.418613463640213,0.3868669271469116,-0.02355034090578556,0.41270318627357483,0.33776986598968506,-0.029181700199842453,0.40494680404663086,0.29396069049835205,-0.034384701400995255,0.46373844146728516,0.4997013211250305,-0.021260423585772514,0.4686928987503052,0.43812814354896545,-0.030601654201745987,0.4678025245666504,0.399274080991745,-0.032808661460876465,0.46353909373283386,0.36225777864456177,-0.03444308415055275
0.4158273935317993,0.6727844476699829,3.4191992881460465e-07,0.36255189776420593,0.630624532699585,-0.027740152552723885,0.3276219964027405,0.5604592561721802,-0.03894072771072388,0.320679247379303,0.4894239008426666,-0.04749507084488869,0.3189240097999573,0.42530712485313416,-0.053770359605550766,0.3536956310272217,0.45675718784332275,-0.011466807685792446,0.33440494537353516,0.3746454417705536,-0.028333866968750954,0.3240816593170166,0.3248429298400879,-0.04352576658129692,0.31830042600631714,0.2788006067276001,-0.05449867621064186,0.3884555399417877,0.4488803744316101,-0.010000848211348057,0.3749791085720062,0.35817110538482666,-0.02061128430068493,0.36693644523620605,0.30243438482284546,-0.031485624611377716,0.36075490713119507,0.2541826367378235,-0.03977273777127266,0.42302972078323364,0.4612950384616852,-0.013454938307404518,0.4167230725288391,0.38128525018692017,-0.02504146471619606,0.4100291430950165,0.3327998220920563,-0.03230114281177521,0.40235134959220886,0.28963780403137207,-0.03789908066391945,0.45962265133857727,0.488140344619751,-0.020403992384672165,0.4676313102245331,0.43084728717803955,-0.03029802441596985,0.46918797492980957,0.39350807666778564,-0.033635228872299194,0.46882808208465576,0.3573762774467468,-0.03589233011007309
0.41717126965522766,0.6686864495277405,3.1410399969900027e-07,0.3660484552383423,0.6259622573852539,-0.026643121615052223,0.33365392684936523,0.5547800064086914,-0.03726797178387642,0.32646602392196655,0.48381999135017395,-0.04546217992901802,0.32513976097106934,0.4208895266056061,-0.05143574997782707,0.359945684671402,0.45423221588134766,-0.010381377302110195,0.34265342354774475,0.372799277305603,-0.02733488194644451,0.3332507014274597,0.3238758444786072,-0.042702287435531616,0.3278111219406128,0.27821266651153564,-0.05384083837270737,0.39351245760917664,0.44651299715042114,-0.009237970225512981,0.3800795078277588,0.3574202358722687,-0.020159268751740456,0.37127020955085754,0.3031572699546814,-0.03127186372876167,0.36360564827919006,0.25543373823165894,-0.03957320377230644,0.42736053466796875,0.45863673090934753,-0.012831456959247589,0.42107704281806946,0.3799576759338379,-0.024439480155706406,0.41429686546325684,0.3320026993751526,-0.03138810023665428,0.40629199147224426,0.28914332389831543,-0.03657244145870209,0.46302923560142517,0.48537757992744446,-0.01984286494553089,0.4708232581615448,0.4284335970878601,-0.029495103284716606,0.4727382957935333,0.3910045921802521,-0.03247645124793053,0.47295230627059937,0.3550725281238556,-0.034323256462812424
0.42620301246643066,0.6678043007850647,3.1460243121728126e-07,0.37588390707969666,0.6236708164215088,-0.0269633736461401,0.34498029947280884,0.5540951490402222,-0.0374806709587574,0.33923211693763733,0.4834035336971283,-0.045570459216833115,0.3360553979873657,0.42034652829170227,-0.051367443054914474,0.37173712253570557,0.4556952714920044,-0.009783587418496609,0.35383179783821106,0.37397947907447815,-0.026696575805544853,0.3445884585380554,0.32460394501686096,-0.04213516041636467,0.3399611711502075,0.278379887342453,-0.053154200315475464,0.4055675268173218,0.44848954677581787,-0.008129234425723553,0.3918686509132385,0.36080285906791687,-0.01849266327917576,0.3832814395427704,0.3055368661880493,-0.029451649636030197,0.3763121962547302,0.2565995454788208,-0.03774524852633476,0.4394310712814331,0.46068307757377625,-0.011303521692752838,0.4348883628845215,0.38420334458351135,-0.02179575338959694,0.42973145842552185,0.33621329069137573,-0.027824215590953827,0.42320600152015686,0.29329997301101685,-0.032500993460416794,0.475117951631546,0.4871688187122345,-0.018049169331789017,0.4834301769733429,0.4315132200717926,-0.026399986818432808,0.48551324009895325,0.39452868700027466,-0.028306474909186363,0.4857257604598999,0.35904932022094727,-0.029432060196995735
0.423346608877182,0.6708112955093384,2.90920098677816e-07,0.37118470668792725,0.6275911331176758,-0.027122655883431435,0.3388548195362091,0.5549591183662415,-0.03817522153258324,0.3312171697616577,0.4840635359287262,-0.04669271036982536,0.32425057888031006,0.42207199335098267,-0.05329877883195877,0.3707197308540344,0.45624545216560364,-0.012603913433849812,0.35179612040519714,0.3740774691104889,-0.030714765191078186,0.34117838740348816,0.32422876358032227,-0.04666545242071152,0.3343505859375,0.2785874009132385,-0.05835127830505371,0.4060518145561218,0.44942551851272583,-0.012339398264884949,0.3936449885368347,0.36044400930404663,-0.025437604635953903,0.38604024052619934,0.30502796173095703,-0.03832380473613739,0.3792383074760437,0.2568444013595581,-0.047897230833768845,0.4401755630970001,0.46326637268066406,-0.01672634482383728,0.437867671251297,0.38465166091918945,-0.030722128227353096,0.4345252513885498,0.334666907787323,-0.039415862411260605,0.4289301037788391,0.28956758975982666,-0.04581296071410179,0.4751456081867218,0.492184579372406,-0.024308905005455017,0.48478901386260986,0.4362419545650482,-0.03641510009765625,0.48787152767181396,0.3984502851963043,-0.04072215408086777,0.4880914092063904,0.3619347810745239,-0.043508902192115784
0.4248789846897125,0.6702372431755066,3.18790483788689e-07,0.3730958104133606,0.6297231316566467,-0.031251780688762665,0.34084534645080566,0.5568677186965942,-0.04355742037296295,0.32646676898002625,0.4862775206565857,-0.05253982916474342,0.31130069494247437,0.42638036608695984,-0.05961098149418831,0.37341856956481934,0.4602537751197815,-0.016796037554740906,0.3550589084625244,0.3763788640499115,-0.03617136925458908,0.3445463180541992,0.3254544734954834,-0.052929531782865524,0.33841753005981445,0.27883821725845337,-0.06502539664506912,0.4091341197490692,0.45291680097579956,-0.01402874942868948,0.3980516195297241,0.3642902374267578,-0.02749091200530529,0.3909400701522827,0.30747878551483154,-0.040008146315813065,0.3846448063850403,0.25853216648101807,-0.04946673661470413,0.4434979259967804,0.4665526747703552,-0.016292575746774673,0.4420377314090729,0.3875287175178528,-0.03016187623143196,0.43922197818756104,0.3370354175567627,-0.03818816691637039,0.4345391094684601,0.2918199896812439,-0.04413992911577225,0.47798338532447815,0.4955749809741974,-0.022179601714015007,0.4882824122905731,0.4389651417732239,-0.03444773703813553,0.49122631549835205,0.4000338315963745,-0.03889568895101547,0.49181056022644043,0.36248961091041565,-0.04173487424850464
0.4369511306285858,0.6738783717155457,2.272709735962053e-07,0.3854861557483673,0.6291236877441406,-0.023599687963724136,0.35455042123794556,0.5521633625030518,-0.03168915584683418,0.34523797035217285,0.480894535779953,-0.03795932978391647,0.3325774371623993,0.42365941405296326,-0.04284191504120827,0.3877759873867035,0.46027472615242004,-0.009946857579052448,0.36866167187690735,0.3789035379886627,-0.02642572857439518,0.35725051164627075,0.3294416666030884,-0.04144417867064476,0.3499237596988678,0.2839062809944153,-0.052750363945961,0.42307597398757935,0.4532473683357239,-0.010716923512518406,0.4116038680076599,0.3655069172382355,-0.021914014592766762,0.40364959836006165,0.311068594455719,-0.03345745801925659,0.3965851068496704,0.2639988660812378,-0.04243863373994827,0.45722559094429016,0.46744686365127563,-0.015806376934051514,0.4564315378665924,0.3881957530975342,-0.027574483305215836,0.4528859257698059,0.3398994207382202,-0.03459145873785019,0.4470337927341461,0.2965437173843384,-0.040279872715473175,0.4914301037788391,0.4973198473453522,-0.02396250329911709,0.5014482736587524,0.4411773681640625,-0.03437983989715576,0.5038357377052307,0.4032462239265442,-0.037468984723091125,0.50331711769104,0.366716206073761,-0.03963690996170044
0.44635209441185,0.6697150468826294,2.5180509055644507e-07,0.3963692784309387,0.6240358948707581,-0.02476293221116066,0.36615628004074097,0.5475264191627502,-0.033950332552194595,0.3572642207145691,0.4762582778930664,-0.04101582616567612,0.34431275725364685,0.4187016785144806,-0.04663901403546333,0.40267670154571533,0.4583970606327057,-0.01250915415585041,0.3857231140136719,0.37521931529045105,-0.02986558899283409,0.37611261010169983,0.32509928941726685,-0.044871870428323746,0.3701421618461609,0.2789566218852997,-0.056156937032938004,0.4379088580608368,0.45305201411247253,-0.013125874102115631,0.4288806915283203,0.3645589351654053,-0.02618439309298992,0.4231729507446289,0.30979299545288086,-0.03863906487822533,0.41842934489250183,0.2613678574562073,-0.04814494773745537,0.47107940912246704,0.46834245324134827,-0.018035290762782097,0.47106558084487915,0.38976752758026123,-0.03244488686323166,0.469146192073822,0.340672105550766,-0.04089224338531494,0.465538889169693,0.2953122854232788,-0.04719863831996918,0.504375159740448,0.49882772564888,-0.0258681308478117,0.5159603953361511,0.44304215908050537,-0.038987983018159866,0.520817220211029,0.40482425689697266,-0.04368766024708748,0.5230990648269653,0.36684781312942505,-0.04680074378848076
0.44451186060905457,0.6610987782478333,2.4958399080787785e-07,0.39491137862205505,0.616786539554596,-0.026075540110468864,0.366483211517334,0.5388916730880737,-0.03514624387025833,0.3603198826313019,0.46654170751571655,-0.04170520231127739,0.34858542680740356,0.4076041579246521,-0.04670759662985802,0.4030170738697052,0.45047393441200256,-0.01306319423019886,0.38628631830215454,0.367599219083786,-0.030424753203988075,0.3773345649242401,0.3174380362033844,-0.045349083840847015,0.3717283010482788,0.2722141146659851,-0.05636219680309296,0.43851813673973083,0.444857120513916,-0.012749627232551575,0.4302428066730499,0.35583558678627014,-0.025628570467233658,0.42443010210990906,0.300841748714447,-0.037696804851293564,0.41909074783325195,0.2536964416503906,-0.04665507376194,0.4717170000076294,0.4600444436073303,-0.016860833391547203,0.47268182039260864,0.3814164996147156,-0.031032783910632133,0.47033220529556274,0.3327390253543854,-0.0391836017370224,0.46602925658226013,0.2889362573623657,-0.04506324976682663,0.5046467781066895,0.4901069700717926,-0.024025607854127884,0.5168145298957825,0.4351124167442322,-0.03675052523612976,0.5213266015052795,0.3975823223590851,-0.041255656629800797,0.5229729413986206,0.3614146113395691,-0.04409235343337059
0.43764594197273254,0.6642546057701111,2.981988416195236e-07,0.3894301652908325,0.6162281632423401,-0.02822772227227688,0.3615539073944092,0.5396065711975098,-0.03881945461034775,0.3566473722457886,0.46819227933883667,-0.04650285094976425,0.3533724248409271,0.40534135699272156,-0.052112337201833725,0.3934435546398163,0.44658979773521423,-0.013540963642299175,0.3797589838504791,0.3618955612182617,-0.031212709844112396,0.3736407458782196,0.311016321182251,-0.04688047617673874,0.3710883557796478,0.2640266716480255,-0.0584682822227478,0.42758142948150635,0.4433932602405548,-0.012047376483678818,0.41800355911254883,0.35436755418777466,-0.02480471506714821,0.4109022319316864,0.2980494499206543,-0.03745622932910919,0.4049730598926544,0.2487121820449829,-0.04693811386823654,0.4601523280143738,0.4606840908527374,-0.015216403640806675,0.4585361182689667,0.38063475489616394,-0.029179295524954796,0.45380961894989014,0.3319441080093384,-0.037732020020484924,0.44727084040641785,0.2883988618850708,-0.043839629739522934,0.493794322013855,0.4930269718170166,-0.021692674607038498,0.502018928527832,0.4364437460899353,-0.03460947051644325,0.5023157596588135,0.3980032205581665,-0.039718110114336014,0.4999225437641144,0.36075055599212646,-0.042845938354730606
0.43972861766815186,0.6711316704750061,3.102058201420732e-07,0.3924019932746887,0.6227688193321228,-0.028479091823101044,0.36463791131973267,0.5451782941818237,-0.04020445793867111,0.3597568869590759,0.47407951951026917,-0.04912838339805603,0.3608110249042511,0.411432683467865,-0.05616278946399689,0.39587095379829407,0.45446303486824036,-0.016261884942650795,0.38544517755508423,0.36686062812805176,-0.03512594476342201,0.38055527210235596,0.31539812684059143,-0.05139767751097679,0.37861618399620056,0.2674996852874756,-0.0634857714176178,0.4292338192462921,0.45216283202171326,-0.015101777389645576,0.4215991497039795,0.3614348769187927,-0.029528940096497536,0.4158407747745514,0.30435431003570557,-0.04313149303197861,0.41080307960510254,0.25306758284568787,-0.053344909101724625,0.4613836109638214,0.4693460762500763,-0.018414616584777832,0.45933279395103455,0.3865756392478943,-0.033328648656606674,0.45514875650405884,0.3370792865753174,-0.04202958568930626,0.4490768313407898,0.2927219271659851,-0.048323679715394974,0.4947117567062378,0.5012722611427307,-0.02501119114458561,0.5004096627235413,0.4429317116737366,-0.03865078091621399,0.49951422214508057,0.40333759784698486,-0.04407136142253876,0.4963364005088806,0.36522266268730164,-0.04747931659221649
0.43895408511161804,0.6724395751953125,3.395800831640372e-07,0.39576518535614014,0.6277923583984375,-0.03207089379429817,0.3694944977760315,0.5544190406799316,-0.045965299010276794,0.3679651618003845,0.48389962315559387,-0.05651954561471939,0.38047337532043457,0.4225478768348694,-0.06458782404661179,0.3944307863712311,0.4518566429615021,-0.014530769549310207,0.38684943318367004,0.36701899766921997,-0.031791068613529205,0.3834364712238312,0.31727713346481323,-0.04825619235634804,0.38309067487716675,0.2708185613155365,-0.06097488850355148,0.4275790750980377,0.45016542077064514,-0.011129602789878845,0.4194693863391876,0.3594728112220764,-0.023327767848968506,0.4146513044834137,0.3035842180252075,-0.03720184043049812,0.410908043384552,0.2527645230293274,-0.04832959920167923,0.4592471122741699,0.46782806515693665,-0.012678530998528004,0.4574696719646454,0.3869403004646301,-0.025652114301919937,0.4539419710636139,0.33866578340530396,-0.035073719918727875,0.44845911860466003,0.2951672673225403,-0.04257079213857651,0.4927091598510742,0.49906599521636963,-0.017915500327944756,0.4983447194099426,0.4410123825073242,-0.029717709869146347,0.49735069274902344,0.402807354927063,-0.03516663610935211,0.4940183460712433,0.36520615220069885,-0.0392303541302681
0.33938103914260864,0.6536670327186584,3.9474005575357296e-07,0.27668118476867676,0.6124020218849182,-0.022505946457386017,0.23460593819618225,0.5291391611099243,-0.03276125341653824,0.22356614470481873,0.4543008506298065,-0.04134628549218178,0.208291158080101,0.3937593400478363,-0.049380239099264145,0.25340536236763,0.4221562445163727,-0.018394766375422478,0.2351357638835907,0.33171188831329346,-0.039240993559360504,0.21965661644935608,0.2743428349494934,-0.05729273706674576,0.2065860480070114,0.22527797520160675,-0.07091043144464493,0.29176652431488037,0.41455763578414917,-0.022982552647590637,0.2740919291973114,0.3212781548500061,-0.041198406368494034,0.2582721710205078,0.26444149017333984,-0.057372383773326874,0.241885244846344,0.21720626950263977,-0.06884479522705078,0.3333868682384491,0.4270431101322174,-0.0313078947365284,0.31810158491134644,0.33650997281074524,-0.05014622583985329,0.3018384873867035,0.28147339820861816,-0.06205824390053749,0.28383350372314453,0.23367510735988617,-0.07043321430683136,0.37872621417045593,0.45704054832458496,-0.04194582626223564,0.38010287284851074,0.38641276955604553,-0.06080615893006325,0.3752274811267853,0.33918315172195435,-0.0690397098660469,0.36717602610588074,0.29602721333503723,-0.07383294403553009
0.2951393723487854,0.6658769845962524,4.00651771315097e-07,0.22271141409873962,0.6182878017425537,-0.0246514193713665,0.1751733124256134,0.527323842048645,-0.03579182177782059,0.1607133150100708,0.4455997347831726,-0.04564755782485008,0.14593669772148132,0.375085711479187,-0.05440368875861168,0.19685688614845276,0.41232749819755554,-0.018606634810566902,0.17297682166099548,0.30668479204177856,-0.04202152416110039,0.15962551534175873,0.24259287118911743,-0.06095968931913376,0.1485578715801239,0.18380698561668396,-0.07480579614639282,0.23832057416439056,0.4035712480545044,-0.02402453124523163,0.2135692834854126,0.2898212671279907,-0.04362201318144798,0.19709381461143494,0.2165640890598297,-0.060762714594602585,0.1820257604122162,0.15205803513526917,-0.07298095524311066,0.28249457478523254,0.4176676869392395,-0.033542465418577194,0.261833518743515,0.3133368194103241,-0.05418228730559349,0.24597781896591187,0.25091224908828735,-0.06556239724159241,0.22949910163879395,0.19715891778469086,-0.07314151525497437,0.33081334829330444,0.4486464560031891,-0.04587729647755623,0.32717615365982056,0.37185952067375183,-0.06450913101434708,0.31866294145584106,0.32166579365730286,-0.07091226428747177,0.3070085942745209,0.27741920948028564,-0.07438920438289642
0.27918916940689087,0.6766532063484192,4.377400273369858e-07,0.20324987173080444,0.6334676742553711,-0.030922826379537582,0.15239785611629486,0.5388926267623901,-0.04575003683567047,0.13622254133224487,0.44994479417800903,-0.05847817286849022,0.11868295818567276,0.3696320354938507,-0.07023479789495468,0.17263248562812805,0.4099329113960266,-0.025603583082556725,0.14206400513648987,0.29974523186683655,-0.053281329572200775,0.12660673260688782,0.2325582355260849,-0.07521450519561768,0.11587738245725632,0.16928920149803162,-0.09150797128677368,0.21554353833198547,0.39900875091552734,-0.030626531690359116,0.18288706243038177,0.2793668508529663,-0.055177055299282074,0.16350246965885162,0.20141075551509857,-0.07687679678201675,0.14720605313777924,0.13057956099510193,-0.09258037805557251,0.2611563801765442,0.4147684872150421,-0.04046459496021271,0.23638185858726501,0.30509811639785767,-0.0671904906630516,0.2196604311466217,0.23778150975704193,-0.0843043252825737,0.20328868925571442,0.17608749866485596,-0.09595279395580292,0.3104468882083893,0.4489838182926178,-0.053373370319604874,0.3032873868942261,0.36858221888542175,-0.07910469174385071,0.29293498396873474,0.31382620334625244,-0.09148801118135452,0.2803865969181061,0.2611113488674164,-0.09939102083444595
0.29067376255989075,0.6788334846496582,4.722003552615206e-07,0.223599374294281,0.6063302159309387,-0.008392971009016037,0.19128002226352692,0.4881308078765869,-0.016791140660643578,0.1872936338186264,0.4028559923171997,-0.027736390009522438,0.17803731560707092,0.3316878080368042,-0.04098506644368172,0.21396802365779877,0.389909029006958,-0.023213738575577736,0.2039681077003479,0.2724127471446991,-0.05227280035614967,0.20066669583320618,0.1981724053621292,-0.074530690908432,0.2011943757534027,0.1322229504585266,-0.09158241748809814,0.24268142879009247,0.3969692289829254,-0.041039563715457916,0.2315569519996643,0.26755473017692566,-0.06785154342651367,0.22837623953819275,0.17938321828842163,-0.09271945804357529,0.2280912846326828,0.10063144564628601,-0.11226581037044525,0.2713963985443115,0.4291918873786926,-0.060892798006534576,0.2667931318283081,0.3076915740966797,-0.08854261040687561,0.26585474610328674,0.22864492237567902,-0.11141973733901978,0.2639976143836975,0.15974313020706177,-0.12903690338134766,0.300517201423645,0.4796329736709595,-0.08141819387674332,0.29897838830947876,0.3963907063007355,-0.10945801436901093,0.29218268394470215,0.3333848714828491,-0.12711137533187866,0.28425782918930054,0.27491265535354614,-0.1410197615623474
0.3097319006919861,0.6820114254951477,4.366217183360277e-07,0.23426494002342224,0.6213175058364868,-0.025164492428302765,0.19392123818397522,0.5123268365859985,-0.03701503947377205,0.1862812340259552,0.42040613293647766,-0.04870373755693436,0.1794557273387909,0.33993062376976013,-0.059607572853565216,0.2209606170654297,0.39276254177093506,-0.01635439321398735,0.2035929560661316,0.27400773763656616,-0.04448709264397621,0.19513413310050964,0.1995384395122528,-0.06824055314064026,0.19082313776016235,0.13074585795402527,-0.0857861116528511,0.259102463722229,0.3884209394454956,-0.02374556101858616,0.24087095260620117,0.2631044089794159,-0.04767492786049843,0.23047517240047455,0.18034309148788452,-0.0699010118842125,0.22280138731002808,0.10313263535499573,-0.08624327927827835,0.2985767722129822,0.40930312871932983,-0.03579030558466911,0.28609398007392883,0.29341742396354675,-0.059519343078136444,0.2778651714324951,0.22365616261959076,-0.07416518032550812,0.2685016393661499,0.15883690118789673,-0.08481969684362411,0.3410525918006897,0.45011791586875916,-0.051084939390420914,0.3370650112628937,0.3703790605068207,-0.07365220785140991,0.3279741108417511,0.315504789352417,-0.08314415067434311,0.31614965200424194,0.26275157928466797,-0.08949534595012665
0.36375340819358826,0.6789563894271851,4.925976213598915e-07,0.28951296210289,0.6387499570846558,-0.04645068570971489,0.23570427298545837,0.5471521615982056,-0.06987655162811279,0.22210153937339783,0.44835320115089417,-0.08899697661399841,0.23433253169059753,0.35783854126930237,-0.106566421687603,0.25347700715065,0.40144965052604675,-0.038689881563186646,0.2234019637107849,0.28000158071517944,-0.07184280455112457,0.20603904128074646,0.20531347393989563,-0.0985700860619545,0.1942252367734909,0.1347193419933319,-0.11879507452249527,0.29947349429130554,0.38297784328460693,-0.03772182762622833,0.2674953043460846,0.24932576715946198,-0.06519901007413864,0.2487597018480301,0.1655312478542328,-0.09067140519618988,0.23208653926849365,0.08742639422416687,-0.11000539362430573,0.3475877642631531,0.39382272958755493,-0.0428616963326931,0.3232742249965668,0.27855005860328674,-0.07097126543521881,0.30737683176994324,0.2079041600227356,-0.09215091168880463,0.29022613167762756,0.1433585286140442,-0.1075282022356987,0.4002246856689453,0.42394188046455383,-0.05258951336145401,0.38979271054267883,0.3411274254322052,-0.0782441720366478,0.37526044249534607,0.28840145468711853,-0.09294452518224716,0.3574940860271454,0.23803168535232544,-0.10356435179710388
0.3492700457572937,0.6836966276168823,5.0300991460972e-07,0.2715558707714081,0.6325846910476685,-0.03965311497449875,0.22098974883556366,0.5337216854095459,-0.05988943576812744,0.20957471430301666,0.43891197443008423,-0.07689256966114044,0.20439638197422028,0.352494478225708,-0.09297976642847061,0.24267500638961792,0.39811572432518005,-0.03819228336215019,0.22044876217842102,0.27575162053108215,-0.07105448096990585,0.20787660777568817,0.2013237029314041,-0.09701772034168243,0.19765949249267578,0.13047420978546143,-0.11640328168869019,0.2915518879890442,0.3855358362197876,-0.04147325083613396,0.26831796765327454,0.2545934021472931,-0.06917870789766312,0.2537458837032318,0.17023435235023499,-0.09333381056785583,0.23945081233978271,0.09066948294639587,-0.1119045540690422,0.340743750333786,0.4009696841239929,-0.05009619519114494,0.32349252700805664,0.2857517600059509,-0.07822024822235107,0.3119698762893677,0.21434858441352844,-0.09643655270338058,0.2972053587436676,0.1479957401752472,-0.10998358577489853,0.3931701183319092,0.4366961419582367,-0.06276672333478928,0.386577844619751,0.3520089089870453,-0.08895929157733917,0.37467721104621887,0.29900944232940674,-0.10104543715715408,0.35834088921546936,0.24902035295963287,-0.10961947590112686
0.2584073841571808,0.6477208137512207,6.946031021470844e-07,0.17241573333740234,0.5978720784187317,-0.03612823784351349,0.11537952721118927,0.4890190064907074,-0.05721056088805199,0.09929889440536499,0.38577449321746826,-0.07544033974409103,0.08358737826347351,0.2986871600151062,-0.09372054040431976,0.1449340581893921,0.3540884554386139,-0.04720867797732353,0.11515548080205917,0.2144988775253296,-0.08451242744922638,0.09525245428085327,0.12816211581230164,-0.11213278770446777,0.07954776287078857,0.05053967237472534,-0.13128572702407837,0.19696661829948425,0.34204697608947754,-0.053894586861133575,0.16570152342319489,0.18971040844917297,-0.08495055884122849,0.14498215913772583,0.08928793668746948,-0.1086713969707489,0.12702754139900208,0.004031538963317871,-0.12506084144115448,0.25174421072006226,0.36024272441864014,-0.06465458869934082,0.22495266795158386,0.22515664994716644,-0.09431677311658859,0.20526419579982758,0.14393362402915955,-0.10955779254436493,0.18498532474040985,0.07227087020874023,-0.1196301281452179,0.30943846702575684,0.40164291858673096,-0.0787971168756485,0.2952103316783905,0.30413708090782166,-0.10687393695116043,0.2793087363243103,0.24286626279354095,-0.11566781252622604,0.2607957124710083,0.1886425018310547,-0.11980882287025452
0.17598789930343628,0.8529398441314697,5.774040232608968e-07,0.07791662961244583,0.827254056930542,-0.05049203336238861,-0.014325812458992004,0.684695839881897,-0.07722009718418121,-0.05470314621925354,0.5651568174362183,-0.10045598447322845,-0.07941129803657532,0.4824906587600708,-0.12461994588375092,0.007788166403770447,0.4560525119304657,-0.051422033458948135,-0.04052777588367462,0.3017350435256958,-0.10225332528352737,-0.07740385830402374,0.2003854513168335,-0.14431698620319366,-0.11152054369449615,0.12001720070838928,-0.17386476695537567,0.07917334139347076,0.4271526336669922,-0.06295942515134811,0.034136123955249786,0.24309493601322174,-0.10863985121250153,0.002219080924987793,0.11843523383140564,-0.1479073166847229,-0.029517918825149536,0.014367103576660156,-0.17310941219329834,0.15766389667987823,0.44225823879241943,-0.0818222165107727,0.1168852150440216,0.2580674886703491,-0.12886108458042145,0.08783110231161118,0.13268357515335083,-0.16089476644992828,0.0577034056186676,0.019612789154052734,-0.1806172877550125,0.24088558554649353,0.4953940510749817,-0.10518305748701096,0.22208619117736816,0.35440972447395325,-0.14933647215366364,0.19668617844581604,0.260480135679245,-0.16874459385871887,0.16813936829566956,0.17373904585838318,-0.17945505678653717
0.20165015757083893,0.9761794805526733,6.505383112198615e-07,0.07585466653108597,0.9248080849647522,-0.05780370160937309,-0.022989608347415924,0.7781886458396912,-0.08975760638713837,-0.07763145864009857,0.6508978605270386,-0.11658921837806702,-0.11435781419277191,0.5395601391792297,-0.14166259765625,0.027240127325057983,0.5139155387878418,-0.04933334141969681,-0.004121221601963043,0.3313562273979187,-0.09679970890283585,-0.02855280041694641,0.22758173942565918,-0.1368565857410431,-0.04978114366531372,0.13894915580749512,-0.16579370200634003,0.10407956689596176,0.4902448356151581,-0.056167617440223694,0.06841344386339188,0.2885083854198456,-0.09641758352518082,0.04247816279530525,0.16414159536361694,-0.13099715113639832,0.0170021690428257,0.05783507227897644,-0.15468302369117737,0.1839652955532074,0.513080894947052,-0.07156438380479813,0.15105199813842773,0.31467002630233765,-0.11298318952322006,0.12553036212921143,0.1903897523880005,-0.13672301173210144,0.09730780869722366,0.07873722910881042,-0.15259388089179993,0.26994913816452026,0.5731179118156433,-0.09256955236196518,0.2535300850868225,0.42502880096435547,-0.13280266523361206,0.23214879631996155,0.331121563911438,-0.14659984409809113,0.20476125180721283,0.24646568298339844,-0.15372724831104279
0.2742113471031189,1.1233417987823486,7.636870122951223e-07,0.15696346759796143,1.019254207611084,-0.07044960558414459,0.09407339990139008,0.8471468687057495,-0.10665498673915863,0.09319929778575897,0.6841808557510376,-0.13695675134658813,0.10163271427154541,0.5330095887184143,-0.1640729457139969,0.16566893458366394,0.6172329187393188,-0.05617415904998779,0.14416271448135376,0.40114104747772217,-0.1089634895324707,0.1316373348236084,0.27177655696868896,-0.15196853876113892,0.12531045079231262,0.15192174911499023,-0.18386849761009216,0.24659132957458496,0.6154574751853943,-0.057618241757154465,0.22613461315631866,0.38366809487342834,-0.10227841138839722,0.2123679369688034,0.23787754774093628,-0.1427963674068451,0.20038600265979767,0.10475391149520874,-0.17337019741535187,0.32544416189193726,0.6531637907028198,-0.06893550604581833,0.3130767345428467,0.446169376373291,-0.11281038075685501,0.2984166443347931,0.3211037516593933,-0.1406528651714325,0.28015342354774475,0.21236202120780945,-0.16054333746433258,0.4127601981163025,0.7216861248016357,-0.08766600489616394,0.4077584147453308,0.5692731142044067,-0.12736593186855316,0.3919227123260498,0.46914058923721313,-0.14521031081676483,0.3707389533519745,0.3783879280090332,-0.15692099928855896
0.33692169189453125,1.1826808452606201,7.423974466291838e-07,0.2162487804889679,1.0704177618026733,-0.07386314123868942,0.15995091199874878,0.8799250721931458,-0.10834862291812897,0.17291197180747986,0.6984930634498596,-0.1363752782344818,0.1882031261920929,0.5385057926177979,-0.16135673224925995,0.24646803736686707,0.6484671235084534,-0.056618690490722656,0.23841530084609985,0.4277592599391937,-0.10831403732299805,0.23335370421409607,0.29738911986351013,-0.15102729201316833,0.23254045844078064,0.1740882396697998,-0.1836816817522049,0.3309224843978882,0.6492648720741272,-0.056879837065935135,0.3237645626068115,0.41698017716407776,-0.09983019530773163,0.316913902759552,0.2729218900203705,-0.14055702090263367,0.3112246096134186,0.1372065544128418,-0.17265167832374573,0.40885794162750244,0.6931877732276917,-0.06761103868484497,0.411028653383255,0.48694199323654175,-0.110977403819561,0.40568000078201294,0.36271122097969055,-0.14033518731594086,0.39388617873191833,0.25082093477249146,-0.16274261474609375,0.48965707421302795,0.7714900374412537,-0.08630122989416122,0.49992358684539795,0.6202128529548645,-0.12718535959720612,0.49272727966308594,0.521753191947937,-0.14760228991508484,0.4766443967819214,0.42949149012565613,-0.16210967302322388
0.319065660238266,1.051439881324768,7.705563120907755e-07,0.19618640840053558,0.937402606010437,-0.06466765701770782,0.14005644619464874,0.7553243041038513,-0.09747445583343506,0.14915017783641815,0.5971714854240417,-0.12573720514774323,0.1586093157529831,0.4532325267791748,-0.1525232195854187,0.22155073285102844,0.5566744804382324,-0.05683522671461105,0.21505573391914368,0.3398248553276062,-0.11122247576713562,0.2125214785337448,0.20682978630065918,-0.15386426448822021,0.2146885246038437,0.08797508478164673,-0.18451611697673798,0.3072645962238312,0.5618454813957214,-0.06171033903956413,0.3051907420158386,0.3342408835887909,-0.1070290207862854,0.30284708738327026,0.19407561421394348,-0.14556752145290375,0.3031211197376251,0.07012605667114258,-0.17350861430168152,0.38771912455558777,0.6063646674156189,-0.07559310644865036,0.3877330422401428,0.39852917194366455,-0.11945360898971558,0.38159555196762085,0.27480852603912354,-0.14393512904644012,0.37488114833831787,0.16385111212730408,-0.16127680242061615,0.47032982110977173,0.6829479932785034,-0.09632372856140137,0.4798583388328552,0.5354272723197937,-0.13634152710437775,0.47695910930633545,0.437668114900589,-0.15112723410129547,0.4708011746406555,0.34693557024002075,-0.1601007729768753
0.3025217354297638,0.7791643142700195,5.809736762785178e-07,0.18294057250022888,0.6785866022109985,-0.053060393780469894,0.12380701303482056,0.4985751211643219,-0.07787546515464783,0.12025588750839233,0.34492650628089905,-0.09977182000875473,0.12773215770721436,0.21137918531894684,-0.11844582855701447,0.19936013221740723,0.28857386112213135,-0.022450508549809456,0.18302178382873535,0.1058623194694519,-0.06082635745406151,0.16597235202789307,-0.006910264492034912,-0.09697275608778,0.15443360805511475,-0.10656654834747314,-0.12496190518140793,0.2688163220882416,0.2828267514705658,-0.02660812996327877,0.24920254945755005,0.08046424388885498,-0.057541538029909134,0.2348010092973709,-0.04094824194908142,-0.08896899223327637,0.22294947504997253,-0.14863258600234985,-0.11295643448829651,0.33453601598739624,0.3169253468513489,-0.040055446326732635,0.32183635234832764,0.12682121992111206,-0.07099676877260208,0.3081257939338684,0.015890121459960938,-0.08908884227275848,0.29266220331192017,-0.08206835389137268,-0.10391751676797867,0.40352341532707214,0.3825972378253937,-0.06034732609987259,0.40096697211265564,0.2483658790588379,-0.08924203366041183,0.38799214363098145,0.15899021923542023,-0.10011075437068939,0.3697259724140167,0.07524022459983826,-0.10789547860622406
0.3176920711994171,0.7580970525741577,4.0461287653670297e-07,0.20386268198490143,0.6616561412811279,-0.04451344534754753,0.1453528255224228,0.4867721199989319,-0.0638057142496109,0.14312270283699036,0.33890676498413086,-0.08143475651741028,0.14589270949363708,0.20904111862182617,-0.09736991673707962,0.2175678014755249,0.2919202446937561,-0.018194185569882393,0.19269153475761414,0.11801636219024658,-0.053974051028490067,0.17331808805465698,0.009620845317840576,-0.08765920996665955,0.1607339233160019,-0.08613309264183044,-0.11378642916679382,0.28272145986557007,0.28484541177749634,-0.02536693401634693,0.25668779015541077,0.09219720959663391,-0.0556306391954422,0.2379692792892456,-0.02616935968399048,-0.08694709092378616,0.2241271585226059,-0.13002482056617737,-0.11037033051252365,0.34551113843917847,0.31648045778274536,-0.04074002057313919,0.32898205518722534,0.13336926698684692,-0.07192612439393997,0.31138238310813904,0.02193620800971985,-0.0930195152759552,0.29431354999542236,-0.07469689846038818,-0.10942070931196213,0.4123867154121399,0.37836599349975586,-0.06182829663157463,0.40845295786857605,0.24662253260612488,-0.09111247956752777,0.39483126997947693,0.1567429155111313,-0.10404811054468155,0.37737131118774414,0.07329028844833374,-0.11326244473457336
0.33428797125816345,0.7948254346847534,5.294783704812289e-07,0.21874511241912842,0.7091364860534668,-0.04999922588467598,0.15872518718242645,0.5305089950561523,-0.07029369473457336,0.1595706343650818,0.37907618284225464,-0.08755608648061752,0.15929189324378967,0.25069743394851685,-0.10335591435432434,0.22406931221485138,0.33570876717567444,-0.02908816933631897,0.20219308137893677,0.15489690005779266,-0.06664391607046127,0.18527096509933472,0.04163515567779541,-0.09973964095115662,0.17410650849342346,-0.05543842911720276,-0.12488462775945663,0.29024431109428406,0.3292388319969177,-0.03480428084731102,0.26496872305870056,0.1292513906955719,-0.06764568388462067,0.2462460845708847,0.0040585994720458984,-0.10038699954748154,0.23271209001541138,-0.10411158204078674,-0.12381996214389801,0.35422781109809875,0.3620641231536865,-0.048567093908786774,0.33727651834487915,0.17366831004619598,-0.08330320566892624,0.3183339238166809,0.054739564657211304,-0.1087617501616478,0.3001396059989929,-0.04880288243293762,-0.12755289673805237,0.422924280166626,0.4256385266780853,-0.06790556013584137,0.421591579914093,0.2959687411785126,-0.10106103122234344,0.40879300236701965,0.2074851393699646,-0.11676694452762604,0.39216288924217224,0.1250922679901123,-0.12739768624305725
0.3751739263534546,0.8496543169021606,4.911592554890376e-07,0.2626733183860779,0.7576448917388916,-0.04434272274374962,0.20569999516010284,0.6014280915260315,-0.06058979406952858,0.2086034119129181,0.4561029374599457,-0.0748114287853241,0.19982631504535675,0.3299734592437744,-0.08619315922260284,0.2595534920692444,0.41527247428894043,-0.006056269630789757,0.23556730151176453,0.25124862790107727,-0.0357699915766716,0.22435057163238525,0.15318366885185242,-0.06656943261623383,0.21937572956085205,0.05979377031326294,-0.0903913676738739,0.3238764703273773,0.4086477756500244,-0.00942358747124672,0.2993955612182617,0.22866183519363403,-0.03137810900807381,0.28389284014701843,0.11936777830123901,-0.05895291641354561,0.2731119990348816,0.018233120441436768,-0.08100114017724991,0.38495439291000366,0.43508443236351013,-0.021624835208058357,0.3706571161746979,0.2719397246837616,-0.04407390207052231,0.3546532392501831,0.1748088002204895,-0.059330955147743225,0.33923250436782837,0.08814218640327454,-0.07234286516904831,0.45256996154785156,0.4873465597629547,-0.04021372273564339,0.452241450548172,0.36428743600845337,-0.058876100927591324,0.44363516569137573,0.2841416001319885,-0.06461607664823532,0.4322306513786316,0.20911070704460144,-0.06975632160902023
0.3972899317741394,0.8369853496551514,5.320651439433277e-07,0.29659903049468994,0.75602126121521,-0.04824394732713699,0.2433110475540161,0.6095683574676514,-0.0672592893242836,0.24388061463832855,0.47265180945396423,-0.08256451040506363,0.24340727925300598,0.35082685947418213,-0.09476134181022644,0.2988618314266205,0.4216552674770355,-0.01659313403069973,0.28077974915504456,0.26330530643463135,-0.04619108512997627,0.27326303720474243,0.17111599445343018,-0.07521060109138489,0.2710757851600647,0.0836462676525116,-0.09794440865516663,0.3614557087421417,0.4181509017944336,-0.017127355560660362,0.34083887934684753,0.24872344732284546,-0.039620425552129745,0.32955655455589294,0.145104318857193,-0.06645193696022034,0.32131826877593994,0.04938831925392151,-0.0882643610239029,0.419353723526001,0.44746652245521545,-0.02623477391898632,0.4080457091331482,0.29422062635421753,-0.05040757358074188,0.3971266746520996,0.20072850584983826,-0.0686122477054596,0.38514453172683716,0.11650454998016357,-0.08387269079685211,0.48159319162368774,0.5009943842887878,-0.04144067317247391,0.4801013171672821,0.387082576751709,-0.06443576514720917,0.47136837244033813,0.31330761313438416,-0.07528138905763626,0.4588838219642639,0.2424243986606598,-0.08389052003622055
0.39913126826286316,0.822117269039154,5.175444357519154e-07,0.2997549772262573,0.7389754056930542,-0.04579291120171547,0.24784711003303528,0.5974429249763489,-0.06360466778278351,0.24564501643180847,0.4676007926464081,-0.07854608446359634,0.24615797400474548,0.3512524962425232,-0.09038642048835754,0.29996854066848755,0.41612017154693604,-0.010470139794051647,0.28192752599716187,0.26183587312698364,-0.03953590616583824,0.2740423083305359,0.17162686586380005,-0.06902828067541122,0.2709738314151764,0.08608916401863098,-0.09216256439685822,0.3613073527812958,0.4109136760234833,-0.011892028152942657,0.3403506577014923,0.24504344165325165,-0.03467552736401558,0.328610360622406,0.14419996738433838,-0.06245846673846245,0.3190218210220337,0.04878419637680054,-0.08464585989713669,0.41799139976501465,0.438388854265213,-0.021921707317233086,0.40641412138938904,0.2863295078277588,-0.04693053290247917,0.39574116468429565,0.19590452313423157,-0.06543315201997757,0.3837752938270569,0.1127912700176239,-0.0803774744272232,0.479559063911438,0.489756315946579,-0.03780430927872658,0.4776632487773895,0.3781087398529053,-0.06130794435739517,0.46872466802597046,0.3063809871673584,-0.07206308096647263,0.4560442268848419,0.2364427000284195,-0.08034151047468185
0.45386645197868347,0.7996845841407776,3.79485982193728e-07,0.3691883087158203,0.7259430289268494,-0.03224171698093414,0.32013118267059326,0.6069546937942505,-0.04364084452390671,0.3162287473678589,0.49171575903892517,-0.0533192940056324,0.30955415964126587,0.3955279588699341,-0.05980030819773674,0.35657674074172974,0.4549689292907715,-0.0028851712122559547,0.3388533890247345,0.32205381989479065,-0.024792343378067017,0.3296177089214325,0.24530252814292908,-0.047305651009082794,0.32226189970970154,0.17354747653007507,-0.06468145549297333,0.4081003963947296,0.446749210357666,-0.005175903905183077,0.3897962272167206,0.3045503497123718,-0.020528558641672134,0.3782978951931,0.2213209867477417,-0.039594490081071854,0.36666351556777954,0.14374443888664246,-0.055040013045072556,0.456948846578598,0.4642986059188843,-0.014055131003260612,0.4431111514568329,0.33800578117370605,-0.029311904683709145,0.4326728284358978,0.26256078481674194,-0.03803082928061485,0.4203985333442688,0.19506427645683289,-0.0461735725402832,0.5126157402992249,0.501144528388977,-0.02783135324716568,0.5082873702049255,0.40710461139678955,-0.0405423529446125,0.5008214116096497,0.3470197319984436,-0.04304869845509529,0.4907364249229431,0.29018399119377136,-0.04537108913064003
0.47710222005844116,0.7719883322715759,4.2920282794511877e-07,0.3969736099243164,0.7145346403121948,-0.038050826638936996,0.3504560589790344,0.6029866337776184,-0.05136898159980774,0.3474224805831909,0.4906781315803528,-0.061538197100162506,0.3505379557609558,0.3942599892616272,-0.06876743584871292,0.38786351680755615,0.45361822843551636,-0.005031784996390343,0.371818870306015,0.332410991191864,-0.024580473080277443,0.3644675016403198,0.26131361722946167,-0.045717060565948486,0.3607705235481262,0.19400754570960999,-0.0627291277050972,0.4365781247615814,0.4458150863647461,-0.003480958752334118,0.4193570017814636,0.31665122509002686,-0.01691425032913685,0.4101489186286926,0.23826688528060913,-0.035781484097242355,0.402187705039978,0.1667448878288269,-0.051610857248306274,0.48164260387420654,0.4651307165622711,-0.009156236425042152,0.47051557898521423,0.34771794080734253,-0.024853484705090523,0.4608426094055176,0.27888262271881104,-0.03732704743742943,0.44995027780532837,0.21683141589164734,-0.04825039580464363,0.5317732095718384,0.5018438100814819,-0.019788721576333046,0.5274853110313416,0.415380597114563,-0.03543145954608917,0.5197707414627075,0.35968688130378723,-0.04291469231247902,0.5099948644638062,0.30436331033706665,-0.0490843802690506
0.4691108167171478,0.7562890648841858,4.0537389622841147e-07,0.39070260524749756,0.6978829503059387,-0.036071356385946274,0.34451940655708313,0.5870064496994019,-0.04927535355091095,0.34271401166915894,0.4772456884384155,-0.05959782749414444,0.34544557332992554,0.38278138637542725,-0.06716371327638626,0.38264647126197815,0.43865248560905457,-0.006920530926436186,0.3663598299026489,0.31949642300605774,-0.027716707438230515,0.35835105180740356,0.24896381795406342,-0.04928214102983475,0.35363900661468506,0.18243300914764404,-0.06650242209434509,0.4307444095611572,0.43087923526763916,-0.006780071649700403,0.413169264793396,0.30416572093963623,-0.021936878561973572,0.40371835231781006,0.22639378905296326,-0.0413580983877182,0.3954014480113983,0.15427124500274658,-0.057235945016145706,0.47565919160842896,0.4504185616970062,-0.013462998904287815,0.46458956599235535,0.33425068855285645,-0.03074147179722786,0.4549028277397156,0.26468777656555176,-0.04383024573326111,0.44343864917755127,0.2013625204563141,-0.0548437274992466,0.5254386067390442,0.4883904755115509,-0.024803699925541878,0.5227541923522949,0.40311098098754883,-0.04174148291349411,0.5152056217193604,0.3472040891647339,-0.04975898191332817,0.5048193335533142,0.2920647859573364,-0.056014467030763626
0.5040816068649292,0.6868700385093689,2.409584567431011e-07,0.4359767735004425,0.6234996318817139,-0.02641887031495571,0.39626824855804443,0.5321778059005737,-0.037016384303569794,0.38944000005722046,0.4415670335292816,-0.047103092074394226,0.3873700797557831,0.36432671546936035,-0.054499994963407516,0.42638763785362244,0.4059215784072876,0.004161124583333731,0.40738433599472046,0.3062695264816284,-0.014124350622296333,0.3991706073284149,0.24849385023117065,-0.033978819847106934,0.39498263597488403,0.19234538078308105,-0.049665458500385284,0.4646204710006714,0.39956939220428467,0.0018105731578543782,0.4457811713218689,0.29248106479644775,-0.011735774576663971,0.4352230131626129,0.23124314844608307,-0.028635812923312187,0.4260927438735962,0.17103782296180725,-0.04241827130317688,0.5020657181739807,0.4139455556869507,-0.006680331192910671,0.48969241976737976,0.315020889043808,-0.020864835008978844,0.47886112332344055,0.26050877571105957,-0.02887604385614395,0.4659644365310669,0.20754921436309814,-0.03600405529141426,0.5452656745910645,0.4458412230014801,-0.01929965429008007,0.5404384136199951,0.37211140990257263,-0.03134823963046074,0.5332933068275452,0.32713115215301514,-0.034249674528837204,0.5230051875114441,0.28186604380607605,-0.03686000779271126
0.527436375617981,0.6723687052726746,3.4287762673557154e-07,0.46448656916618347,0.6232908964157104,-0.030827421694993973,0.4262847304344177,0.5359275341033936,-0.04178303852677345,0.4225863516330719,0.44524630904197693,-0.04996277764439583,0.4232357144355774,0.3686179220676422,-0.05555032566189766,0.4551841914653778,0.4173992872238159,-0.0052555580623447895,0.4407351613044739,0.31981563568115234,-0.02184983901679516,0.433987557888031,0.26244056224823,-0.03922813758254051,0.42957597970962524,0.20864637196063995,-0.05280691012740135,0.49320414662361145,0.4102221131324768,-0.0033000733237713575,0.4786057770252228,0.30874940752983093,-0.014809880405664444,0.46992310881614685,0.24653087556362152,-0.029746735468506813,0.4619542956352234,0.19006067514419556,-0.04188347980380058,0.5297572612762451,0.4243425130844116,-0.00710393488407135,0.5191929936408997,0.3321996331214905,-0.019953088834881783,0.5106276273727417,0.2757645845413208,-0.029418688267469406,0.501214325428009,0.22529616951942444,-0.03734733164310455,0.5706357359886169,0.4526941180229187,-0.014906423166394234,0.5669244527816772,0.38366296887397766,-0.027307357639074326,0.5606564879417419,0.3393450081348419,-0.03280482441186905,0.5531017780303955,0.29584264755249023,-0.03692343458533287
0.5539288520812988,0.6856208443641663,2.86816884909058e-07,0.4927079677581787,0.6304730176925659,-0.023806100711226463,0.4602705240249634,0.5362436175346375,-0.030577916651964188,0.46647199988365173,0.4474331736564636,-0.03610721230506897,0.4742136299610138,0.3817373812198639,-0.03925405815243721,0.48691877722740173,0.4221741259098053,0.0012781444238498807,0.4757291376590729,0.3249261677265167,-0.013414101675152779,0.4710104465484619,0.2661530375480652,-0.02977602742612362,0.4679844379425049,0.2123570293188095,-0.0425751693546772,0.5251157283782959,0.41562244296073914,0.00011445916607044637,0.5134714245796204,0.31363263726234436,-0.009710289537906647,0.5063698291778564,0.25019556283950806,-0.023439954966306686,0.4995005130767822,0.19197845458984375,-0.034288667142391205,0.5614166259765625,0.430144727230072,-0.006073459517210722,0.5537214875221252,0.33801525831222534,-0.01599961705505848,0.5453510284423828,0.2825661599636078,-0.02292192168533802,0.5359628200531006,0.23355531692504883,-0.02899942733347416,0.6011804342269897,0.46051594614982605,-0.01598949171602726,0.5984792709350586,0.3909340500831604,-0.02468043379485607,0.5923658609390259,0.3461838662624359,-0.026331821456551552,0.585560142993927,0.3042508363723755,-0.027618324384093285
0.586264967918396,0.6927066445350647,2.734547592808667e-07,0.5254653692245483,0.6331157684326172,-0.023494524881243706,0.49221497774124146,0.537805438041687,-0.03139270469546318,0.4958803057670593,0.44782939553260803,-0.03862917423248291,0.5026351809501648,0.3776845335960388,-0.04389588162302971,0.5199542045593262,0.42862725257873535,-0.004113323986530304,0.5070118308067322,0.3251497149467468,-0.022359110414981842,0.4999222755432129,0.2620657682418823,-0.03960591182112694,0.49486517906188965,0.20514750480651855,-0.05284132808446884,0.557814359664917,0.42113789916038513,-0.00727519765496254,0.5455301403999329,0.3128216862678528,-0.021400529891252518,0.5379129648208618,0.24499714374542236,-0.03673236444592476,0.530673086643219,0.1850103735923767,-0.0482085756957531,0.5949994921684265,0.4349396824836731,-0.015304837375879288,0.5870306491851807,0.334766149520874,-0.030088195577263832,0.5783267021179199,0.27558353543281555,-0.040110960602760315,0.5675228834152222,0.22396959364414215,-0.04755681753158569,0.6356812715530396,0.46543797850608826,-0.026665495708584785,0.6338403820991516,0.39186912775039673,-0.040831055492162704,0.6264394521713257,0.3436475694179535,-0.046341825276613235,0.6168434619903564,0.30045390129089355,-0.04977191239595413
0.6839993000030518,0.7219960689544678,3.413208560232306e-07,0.6204179525375366,0.6599711179733276,-0.030007775872945786,0.587874710559845,0.5499091744422913,-0.0416969433426857,0.5957056283950806,0.4508645534515381,-0.05178581923246384,0.6029002666473389,0.37429171800613403,-0.0602826289832592,0.6197318434715271,0.43398699164390564,-0.01506529189646244,0.6087140440940857,0.3197798728942871,-0.038759779185056686,0.6049869656562805,0.24861109256744385,-0.05984380096197128,0.60311359167099,0.18502652645111084,-0.07580557465553284,0.6617633104324341,0.4259715974330902,-0.017667526379227638,0.6523050665855408,0.30806511640548706,-0.03606133162975311,0.6465666890144348,0.2340240627527237,-0.053842682391405106,0.640753984451294,0.1679629385471344,-0.06706739962100983,0.7030628323554993,0.44192129373550415,-0.025495190173387527,0.6953662633895874,0.3298065662384033,-0.04378063231706619,0.6875700950622559,0.2634626626968384,-0.054684706032276154,0.677929699420929,0.20185059309005737,-0.06324203312397003,0.7488245368003845,0.4770524799823761,-0.0372597835958004,0.7473030090332031,0.3973745107650757,-0.0555521622300148,0.7407222986221313,0.3464270234107971,-0.061981767416000366,0.730891227722168,0.29913169145584106,-0.06596629321575165
0.7013287544250488,0.7412816286087036,3.5823958910441434e-07,0.6321543455123901,0.6805241703987122,-0.03694629296660423,0.5973742604255676,0.5680206418037415,-0.04925656318664551,0.6091285347938538,0.4624752104282379,-0.05876210331916809,0.6220408082008362,0.3800707757472992,-0.0659712478518486,0.6353754997253418,0.43399927020072937,-0.010970300994813442,0.6239233613014221,0.31706976890563965,-0.032777339220047,0.619823157787323,0.24722464382648468,-0.054485984146595,0.6189776062965393,0.18183383345603943,-0.07187734544277191,0.6822350025177002,0.4247766435146332,-0.010373877361416817,0.6715052723884583,0.2993570566177368,-0.02726641297340393,0.6659539937973022,0.2218286693096161,-0.047709155827760696,0.6611348390579224,0.15135043859481812,-0.06416770815849304,0.7256496548652649,0.44320976734161377,-0.016478197649121284,0.7212631702423096,0.327731728553772,-0.03534328565001488,0.7144002914428711,0.25899043679237366,-0.05129947140812874,0.7053903341293335,0.19790533185005188,-0.06382474303245544,0.7724794149398804,0.4811103641986847,-0.02715981937944889,0.7721462249755859,0.39641860127449036,-0.045856229960918427,0.7659693956375122,0.33977675437927246,-0.05653161555528641,0.7583239674568176,0.2857900857925415,-0.0645754262804985
0.7284411787986755,0.7428992390632629,3.8031782878533704e-07,0.660232424736023,0.6829482316970825,-0.03885209187865257,0.6225213408470154,0.5733256936073303,-0.052743032574653625,0.6335462331771851,0.4683731198310852,-0.0633634552359581,0.650991678237915,0.3892577886581421,-0.07145915925502777,0.6603750586509705,0.438602477312088,-0.015313447453081608,0.6479721665382385,0.32098275423049927,-0.038010124117136,0.6429137587547302,0.24951748549938202,-0.05988235026597977,0.6405165195465088,0.1828640103340149,-0.07698402553796768,0.7061980962753296,0.42788293957710266,-0.013740134425461292,0.6961066126823425,0.30133962631225586,-0.03010679967701435,0.6902516484260559,0.2219351828098297,-0.04875464737415314,0.6850205063819885,0.15174078941345215,-0.06377457082271576,0.7496932744979858,0.44468337297439575,-0.01878327503800392,0.7458463907241821,0.32983505725860596,-0.035535313189029694,0.7401390075683594,0.26008474826812744,-0.04862290248274803,0.7315837740898132,0.1991521716117859,-0.05928051471710205,0.7965927124023438,0.4814009666442871,-0.028809599578380585,0.7960931062698364,0.3968958854675293,-0.044380441308021545,0.7900920510292053,0.34125950932502747,-0.051844049245119095,0.7824320793151855,0.2896943986415863,-0.0576094314455986
0.7553779482841492,0.7453900575637817,3.904287950717844e-07,0.6870128512382507,0.6828961968421936,-0.03645993024110794,0.6513650417327881,0.5694809556007385,-0.048733919858932495,0.6676413416862488,0.4607381820678711,-0.057856809347867966,0.6857683062553406,0.3783471882343292,-0.06434163451194763,0.6902958750724792,0.4353245794773102,-0.012493383139371872,0.6776984930038452,0.3148682415485382,-0.033914677798748016,0.673369824886322,0.2415180653333664,-0.05487103760242462,0.6725775003433228,0.17373335361480713,-0.07120554149150848,0.735903799533844,0.4259047210216522,-0.010886723175644875,0.7250796556472778,0.29620349407196045,-0.025937145575881004,0.7191254496574402,0.2150495946407318,-0.043742891401052475,0.7143765091896057,0.1442895233631134,-0.0580127090215683,0.7785690426826477,0.44400233030319214,-0.015540588647127151,0.7729501128196716,0.3272443413734436,-0.030805734917521477,0.7657848596572876,0.25642627477645874,-0.042555131018161774,0.7576777935028076,0.19645971059799194,-0.05232000723481178,0.8259016275405884,0.4821335971355438,-0.02503291703760624,0.8256234526634216,0.3963906764984131,-0.039249107241630554,0.8190751671791077,0.3406887650489807,-0.04553501307964325,0.8112243413925171,0.28986501693725586,-0.05035271495580673
0.7519283890724182,0.7257174253463745,3.822862879587774e-07,0.6809484362602234,0.6749230027198792,-0.03855227306485176,0.6420932412147522,0.5613779425621033,-0.05049869418144226,0.656602144241333,0.4538262188434601,-0.05913661792874336,0.6767653822898865,0.3788265585899353,-0.06545492261648178,0.6762115955352783,0.4305145740509033,-0.012597556225955486,0.6631637811660767,0.31355491280555725,-0.03303924575448036,0.658496618270874,0.24273046851158142,-0.05400696024298668,0.656195342540741,0.1776677370071411,-0.07075352221727371,0.7216029763221741,0.4181607961654663,-0.00974575150758028,0.7096911668777466,0.29350394010543823,-0.024093763902783394,0.7034257054328918,0.21685892343521118,-0.04252800717949867,0.6979256868362427,0.1477588713169098,-0.05781789869070053,0.7635916471481323,0.43249595165252686,-0.01344650611281395,0.7570592761039734,0.32104194164276123,-0.027584873139858246,0.749276876449585,0.25275421142578125,-0.03980386629700661,0.7405126094818115,0.19403299689292908,-0.0505899041891098,0.8107576370239258,0.4647914469242096,-0.02225680463016033,0.8084429502487183,0.38231194019317627,-0.03481230512261391,0.8007620573043823,0.3291126489639282,-0.04091302677989006,0.7915811538696289,0.28003430366516113,-0.04646031931042671
0.7280533909797668,0.6823345422744751,3.363994380833901e-07,0.6660992503166199,0.6284947395324707,-0.03589767962694168,0.6300836801528931,0.529140830039978,-0.04638679698109627,0.6404910087585449,0.43280550837516785,-0.0537533201277256,0.65575110912323,0.3607271909713745,-0.05802391469478607,0.6543788909912109,0.4141225516796112,-0.005239744670689106,0.6393744945526123,0.311180055141449,-0.0223472211509943,0.6346742510795593,0.24929110705852509,-0.04113844409584999,0.6316186189651489,0.19104522466659546,-0.056465569883584976,0.6946878433227539,0.4009648263454437,-0.0011721067130565643,0.6815441250801086,0.28915131092071533,-0.012042672373354435,0.6753597855567932,0.22406338155269623,-0.027214625850319862,0.6677788496017456,0.16405054926872253,-0.04067448899149895,0.7320913672447205,0.41195234656333923,-0.003878184827044606,0.7241604328155518,0.31014883518218994,-0.01584847830235958,0.7151346802711487,0.25024572014808655,-0.025061167776584625,0.7043681144714355,0.19882500171661377,-0.03386889025568962,0.7761985063552856,0.439751535654068,-0.011604178696870804,0.7725164890289307,0.3645644187927246,-0.0222324188798666,0.7640657424926758,0.3181486427783966,-0.026848211884498596,0.7536877989768982,0.2744073271751404,-0.031568821519613266
0.7490481734275818,0.6505327224731445,3.597943987188046e-07,0.6882935762405396,0.6005613803863525,-0.031857963651418686,0.6511172652244568,0.5080522894859314,-0.04130247235298157,0.658403217792511,0.41320931911468506,-0.047833189368247986,0.6687556505203247,0.34213075041770935,-0.05146195366978645,0.6739406585693359,0.3967910706996918,-0.005056832451373339,0.6590672731399536,0.29516613483428955,-0.020879102870821953,0.6531097292900085,0.23413686454296112,-0.037778425961732864,0.6481663584709167,0.17829036712646484,-0.05088776350021362,0.7116691470146179,0.3844537138938904,-0.001813365612179041,0.6991440057754517,0.2759920358657837,-0.011354665271937847,0.6925899982452393,0.20985783636569977,-0.024683378636837006,0.6861519813537598,0.1523580551147461,-0.03570828586816788,0.747680127620697,0.3943933844566345,-0.0044154333882033825,0.7393003106117249,0.2981639504432678,-0.013600002974271774,0.7318947315216064,0.23907877504825592,-0.021205240860581398,0.7237188220024109,0.18992161750793457,-0.028248915448784828,0.789392352104187,0.4198307394981384,-0.011512837372720242,0.7854046821594238,0.34952062368392944,-0.01890142261981964,0.7784247994422913,0.3045208156108856,-0.02122647687792778,0.7714540362358093,0.2641294002532959,-0.023562069982290268
0.8177929520606995,0.6391796469688416,5.887157499273599e-07,0.7759164571762085,0.5922974944114685,-0.05196643993258476,0.7465361952781677,0.5006088614463806,-0.07234755158424377,0.7556588053703308,0.41921642422676086,-0.0861530527472496,0.7805361747741699,0.365774005651474,-0.09637033939361572,0.7528392672538757,0.38632428646087646,-0.031924642622470856,0.7392283082008362,0.2810984253883362,-0.05694357305765152,0.7431300282478333,0.21139149367809296,-0.07956807315349579,0.7518212795257568,0.15296080708503723,-0.09532875567674637,0.7828390598297119,0.379293829202652,-0.01881146803498268,0.7682315111160278,0.273945689201355,-0.03842112049460411,0.7719022631645203,0.20395317673683167,-0.055697858333587646,0.7803008556365967,0.1493462324142456,-0.06727703660726547,0.8164401054382324,0.39085257053375244,-0.012366988696157932,0.8055224418640137,0.29833096265792847,-0.029784593731164932,0.8076089024543762,0.2454022318124771,-0.03988359495997429,0.8132830262184143,0.2076517641544342,-0.04570271074771881,0.8571100234985352,0.4144073724746704,-0.011961214244365692,0.8565121293067932,0.34434235095977783,-0.025072084739804268,0.8552342653274536,0.29884135723114014,-0.03092728555202484,0.8545507192611694,0.263143390417099,-0.034149765968322754
0.8919890522956848,0.6534579396247864,5.440120958155603e-07,0.8286083340644836,0.6008685231208801,-0.04653085023164749,0.794733464717865,0.5002498030662537,-0.06429818272590637,0.8085254430770874,0.3964288532733917,-0.0757913663983345,0.836972713470459,0.3179902136325836,-0.08332075923681259,0.8276198506355286,0.3687615990638733,-0.022863993421196938,0.8210649490356445,0.2493111491203308,-0.044580504298210144,0.8220157027244568,0.1751299798488617,-0.06567569077014923,0.8260678052902222,0.10868629813194275,-0.0813821330666542,0.8736433982849121,0.3599053621292114,-0.013482407666742802,0.868339478969574,0.23225918412208557,-0.026270698755979538,0.8674420118331909,0.15390503406524658,-0.04111817851662636,0.866642951965332,0.08456012606620789,-0.053064197301864624,0.9144607186317444,0.37634801864624023,-0.010546348057687283,0.913282573223114,0.265333354473114,-0.021789712831377983,0.9100738167762756,0.1972133070230484,-0.02793361246585846,0.9081705212593079,0.13948529958724976,-0.033726852387189865,0.9617924690246582,0.41021811962127686,-0.013374848291277885,0.9617210626602173,0.32873135805130005,-0.02184106409549713,0.9573606848716736,0.2792174816131592,-0.0223944503813982,0.9528883099555969,0.23323094844818115,-0.02295023389160633
0.8684924840927124,0.6492899656295776,4.3988544007333985e-07,0.8016188740730286,0.5951942205429077,-0.046441905200481415,0.7631064653396606,0.48317164182662964,-0.06203348934650421,0.7790850400924683,0.37135109305381775,-0.07218851149082184,0.7988452911376953,0.2882719933986664,-0.07925044000148773,0.7983700037002563,0.349861741065979,-0.02272396720945835,0.7869204878807068,0.22914013266563416,-0.04496343806385994,0.7851061820983887,0.15624545514583588,-0.06609877943992615,0.7856528759002686,0.08937501907348633,-0.08248747140169144,0.8451547026634216,0.3381977081298828,-0.015988167375326157,0.8369288444519043,0.2070617824792862,-0.03030933253467083,0.8339916467666626,0.12778279185295105,-0.046847157180309296,0.8323488235473633,0.0593779981136322,-0.06072419136762619,0.8885172605514526,0.35448870062828064,-0.016332346946001053,0.8857662677764893,0.23802880942821503,-0.030226634815335274,0.8816497921943665,0.16841815412044525,-0.04091235622763634,0.8767755627632141,0.10931843519210815,-0.050522398203611374,0.9374902844429016,0.39045608043670654,-0.022478671744465828,0.9365572333335876,0.3045533299446106,-0.035012952983379364,0.9301058053970337,0.25044912099838257,-0.04057252034544945,0.9228444695472717,0.2009478509426117,-0.045428719371557236
0.7551905512809753,0.5845571160316467,1.6700859362117626e-07,0.6935308575630188,0.5265814661979675,-0.023634597659111023,0.659079909324646,0.43248987197875977,-0.03199804946780205,0.6682605147361755,0.3443562984466553,-0.03989974409341812,0.6764475107192993,0.28048521280288696,-0.04608282446861267,0.6814126372337341,0.31488969922065735,-0.00191920914221555,0.6684635281562805,0.21662120521068573,-0.019788522273302078,0.6626591086387634,0.15803709626197815,-0.03885543718934059,0.6580008268356323,0.10376933217048645,-0.05460207164287567,0.7198683619499207,0.30384814739227295,-0.005032929591834545,0.7059221863746643,0.19748227298259735,-0.019619479775428772,0.6976298093795776,0.13667984306812286,-0.036780957132577896,0.6879591345787048,0.07892712950706482,-0.05100468173623085,0.757323682308197,0.31431952118873596,-0.013289472088217735,0.7464544177055359,0.21413588523864746,-0.028364090248942375,0.7373011708259583,0.1560649871826172,-0.03970576822757721,0.7247760891914368,0.10427618026733398,-0.049365509301424026,0.8021110892295837,0.3429112136363983,-0.025082290172576904,0.7975100874900818,0.26491689682006836,-0.039129599928855896,0.7889953851699829,0.2192268967628479,-0.04552355781197548,0.7765680551528931,0.17715828120708466,-0.050821445882320404
0.7365212440490723,0.5303047299385071,3.2824866025293886e-07,0.670733630657196,0.4858039915561676,-0.0308650191873312,0.6305838227272034,0.4022439420223236,-0.04046306759119034,0.6349083185195923,0.31046947836875916,-0.047590553760528564,0.6445441246032715,0.24188807606697083,-0.052313946187496185,0.6526255011558533,0.2927132248878479,-0.005422049667686224,0.634329617023468,0.19783315062522888,-0.022216390818357468,0.625763475894928,0.14037704467773438,-0.03994087502360344,0.6196150183677673,0.08612954616546631,-0.05390254408121109,0.6905630826950073,0.27626508474349976,-0.0032358712051063776,0.6724013686180115,0.17238467931747437,-0.014485672116279602,0.6618761420249939,0.10809141397476196,-0.02925514057278633,0.6522293090820312,0.05069988965988159,-0.04157879948616028,0.727369487285614,0.28246572613716125,-0.006857383996248245,0.7157546877861023,0.18829476833343506,-0.019114965572953224,0.7045512795448303,0.13184848427772522,-0.029182419180870056,0.6928329467773438,0.08519698679447174,-0.03756750002503395,0.7706038355827332,0.3037928640842438,-0.014660446904599667,0.7631575465202332,0.23345445096492767,-0.025558045133948326,0.7519698143005371,0.1903320848941803,-0.030546389520168304,0.7391466498374939,0.1522214114665985,-0.03467434644699097
0.7296082377433777,0.5317606329917908,3.2446823183818196e-07,0.6663447022438049,0.48774415254592896,-0.02982471138238907,0.627812385559082,0.4017455279827118,-0.04023798927664757,0.6329152584075928,0.3118685781955719,-0.04859517514705658,0.6412445306777954,0.24414119124412537,-0.05519144609570503,0.6487575769424438,0.29712262749671936,-0.008927145972847939,0.6308632493019104,0.20132076740264893,-0.027327703312039375,0.6227321624755859,0.1441384106874466,-0.045441776514053345,0.6168056130409241,0.09075035154819489,-0.059488750994205475,0.6857101917266846,0.2826896905899048,-0.008397026918828487,0.6680834889411926,0.1778959035873413,-0.022005798295140266,0.6581550240516663,0.11325973272323608,-0.03834662213921547,0.6493521928787231,0.05480456352233887,-0.051479849964380264,0.7220991253852844,0.289864718914032,-0.013184905983507633,0.7099741697311401,0.19505363702774048,-0.027475446462631226,0.7003980875015259,0.13796481490135193,-0.03849063441157341,0.6903255581855774,0.08944334089756012,-0.04735466465353966,0.7650706768035889,0.31160101294517517,-0.021809857338666916,0.7582738399505615,0.2409377098083496,-0.033908624202013016,0.7485125064849854,0.1974104940891266,-0.03898341581225395,0.7371814250946045,0.15901194512844086,-0.043196313083171844
0.7059128284454346,0.5542252063751221,2.795479758788133e-07,0.6518526077270508,0.5070173740386963,-0.023091498762369156,0.6168028116226196,0.4336223602294922,-0.03300526738166809,0.6182876825332642,0.3554767966270447,-0.04185333847999573,0.6251475811004639,0.2943243682384491,-0.04912719875574112,0.6323299407958984,0.33823251724243164,-0.007209323346614838,0.6152626276016235,0.24964582920074463,-0.02464328147470951,0.6074395179748535,0.1970909982919693,-0.04110538959503174,0.6016002893447876,0.14945490658283234,-0.053439684212207794,0.6657199263572693,0.3263077437877655,-0.008920007385313511,0.6514838933944702,0.23313166201114655,-0.021746940910816193,0.6436517238616943,0.17874836921691895,-0.03576333075761795,0.6364551186561584,0.1313554048538208,-0.04659358412027359,0.6991723775863647,0.3321145474910736,-0.014981021173298359,0.689358651638031,0.2446698397397995,-0.02753646858036518,0.6820749640464783,0.19345806539058685,-0.03574831038713455,0.6739017963409424,0.15020708739757538,-0.042357753962278366,0.7357392311096191,0.3519180119037628,-0.024158945307135582,0.7289867401123047,0.28798457980155945,-0.035073909908533096,0.7219315767288208,0.24829471111297607,-0.0383383184671402,0.7143266201019287,0.21359622478485107,-0.04063431918621063
0.6799158453941345,0.5957916378974915,2.6734250013760175e-07,0.6298311948776245,0.5582236647605896,-0.021259838715195656,0.5985664129257202,0.4945130944252014,-0.028338633477687836,0.6008592247962952,0.4257398545742035,-0.03405861184000969,0.6066815257072449,0.3725893199443817,-0.03792715072631836,0.6140919327735901,0.41234877705574036,-0.0010970468865707517,0.5992310643196106,0.33909672498703003,-0.013933275826275349,0.5926655530929565,0.2951195240020752,-0.027627263218164444,0.5878509879112244,0.25413602590560913,-0.03822554647922516,0.642845630645752,0.4015544652938843,-0.0007684361771680415,0.6291692852973938,0.32219409942626953,-0.009222365915775299,0.6217536926269531,0.2746186852455139,-0.02058708667755127,0.6148168444633484,0.2319410890340805,-0.029839353635907173,0.6708372235298157,0.40746593475341797,-0.004714028909802437,0.6609240174293518,0.33481982350349426,-0.013697807677090168,0.6530677080154419,0.2920036315917969,-0.020080743357539177,0.6456880569458008,0.25648170709609985,-0.025543607771396637,0.7038138508796692,0.4249414801597595,-0.011686013080179691,0.6979522109031677,0.3729206621646881,-0.019321661442518234,0.6908321380615234,0.34027183055877686,-0.02157260663807392,0.6835172176361084,0.3108111321926117,-0.023498594760894775
0.6783962845802307,0.5968115329742432,2.5346258780700737e-07,0.6295422315597534,0.5606309771537781,-0.020269164815545082,0.5997561812400818,0.49740883708000183,-0.027231387794017792,0.6025221943855286,0.4304630756378174,-0.03293641284108162,0.6083177328109741,0.37907201051712036,-0.037101615220308304,0.6151947975158691,0.41670361161231995,-0.0028099804185330868,0.6011601090431213,0.3443047106266022,-0.01577438972890377,0.5956849455833435,0.30062633752822876,-0.029123609885573387,0.5921227335929871,0.2598836421966553,-0.039589423686265945,0.6435688734054565,0.4076792895793915,-0.003218539524823427,0.6298296451568604,0.3305193781852722,-0.012612434104084969,0.6226986646652222,0.28368639945983887,-0.024494405835866928,0.6159447431564331,0.24081584811210632,-0.03409167751669884,0.6710546612739563,0.41466400027275085,-0.007593977730721235,0.6610906720161438,0.3436116576194763,-0.017828980460762978,0.6531942486763,0.301663339138031,-0.025018732994794846,0.6455143094062805,0.26579591631889343,-0.030907906591892242,0.7035083770751953,0.4327244758605957,-0.014737647958099842,0.697523832321167,0.3802999258041382,-0.023882903158664703,0.6904048919677734,0.3472065329551697,-0.02722194232046604,0.6826451420783997,0.3164624273777008,-0.029869288206100464
0.6575131416320801,0.6143505573272705,1.704463556961855e-07,0.6119678020477295,0.5785181522369385,-0.016462793573737144,0.5825402736663818,0.5183361172676086,-0.021711261942982674,0.5835695862770081,0.45736539363861084,-0.0263367909938097,0.5879786610603333,0.41518715023994446,-0.02969042956829071,0.5962157845497131,0.45074597001075745,-0.0019493898143991828,0.5819801092147827,0.3836364150047302,-0.013675420545041561,0.5757777094841003,0.34472712874412537,-0.025535177439451218,0.5703876614570618,0.309486448764801,-0.03459036722779274,0.621486246585846,0.44122153520584106,-0.00305565120652318,0.6083225607872009,0.3697401285171509,-0.011462269350886345,0.6001436710357666,0.3282897472381592,-0.02096535451710224,0.592472493648529,0.29190516471862793,-0.028319742530584335,0.6468004584312439,0.44507351517677307,-0.007485450245440006,0.6361462473869324,0.3782952129840851,-0.015553315170109272,0.6280809044837952,0.3411579132080078,-0.019475366920232773,0.6204439997673035,0.3103305697441101,-0.02285374328494072,0.676723301410675,0.45897841453552246,-0.014460108242928982,0.670340895652771,0.41032278537750244,-0.020713062956929207,0.6630112528800964,0.3814169764518738,-0.02102496474981308,0.6553250551223755,0.3564642071723938,-0.021303610876202583
0.7454944252967834,0.6810318827629089,1.498389536891409e-07,0.7092980146408081,0.6503143310546875,-0.020175132900476456,0.6841995716094971,0.5961262583732605,-0.03144514560699463,0.6775878071784973,0.5475243330001831,-0.041552864015102386,0.6750953197479248,0.5051530599594116,-0.05046341195702553,0.6955759525299072,0.505040168762207,-0.011925219558179379,0.6911159753799438,0.4413548707962036,-0.028250472620129585,0.6899996995925903,0.4026489555835724,-0.0438222773373127,0.6889557242393494,0.3668489456176758,-0.05551692843437195,0.7198603749275208,0.501164972782135,-0.013966443948447704,0.7148880958557129,0.435264527797699,-0.02659454569220543,0.7112834453582764,0.39627310633659363,-0.03887311741709709,0.706507682800293,0.3608664870262146,-0.048260364681482315,0.7430453300476074,0.5117059946060181,-0.019311197102069855,0.7400637269020081,0.4487752318382263,-0.031031830236315727,0.7361021041870117,0.41181695461273193,-0.03655386343598366,0.7307746410369873,0.38006824254989624,-0.040769241750240326,0.7688190937042236,0.5333071351051331,-0.02733144722878933,0.7672284245491028,0.48119211196899414,-0.037155792117118835,0.7629691362380981,0.45057713985443115,-0.03888850286602974,0.7565218210220337,0.4257001280784607,-0.03983215615153313
0.887260913848877,0.8126678466796875,2.40406990315023e-07,0.8325891494750977,0.781129002571106,-0.020207595080137253,0.8021723031997681,0.7078579664230347,-0.025265082716941833,0.8046774864196777,0.6385377645492554,-0.02838904783129692,0.8060587048530579,0.5868009328842163,-0.029856786131858826,0.8166335821151733,0.6268438696861267,-0.0021074009127914906,0.8120175004005432,0.5579572916030884,-0.01470317505300045,0.8120520710945129,0.5125510692596436,-0.02872047945857048,0.8131736516952515,0.47238022089004517,-0.03948749974370003,0.8434345126152039,0.6239024996757507,-0.0011727639939635992,0.8388291597366333,0.5526694059371948,-0.009420531801879406,0.8348786234855652,0.5055010318756104,-0.02051589824259281,0.8328999876976013,0.4633808135986328,-0.029667075723409653,0.8666250705718994,0.6361294388771057,-0.004255077335983515,0.8621290922164917,0.5686368942260742,-0.013226630166172981,0.8552017211914062,0.524370551109314,-0.01988840475678444,0.8497000932693481,0.48622018098831177,-0.025651443749666214,0.8920446634292603,0.6604028344154358,-0.01014497596770525,0.8874626159667969,0.6106640696525574,-0.019252795726060867,0.8790066838264465,0.5776875019073486,-0.022538572549819946,0.8693469762802124,0.5494520664215088,-0.025023333728313446
0.9144685864448547,0.9053628444671631,3.260713583586039e-07,0.8604149222373962,0.86866295337677,-0.02257024683058262,0.8278648853302002,0.7961052656173706,-0.030356042087078094,0.8333979845046997,0.7230244874954224,-0.036795392632484436,0.8487967848777771,0.6699487566947937,-0.041666429489851,0.8428986668586731,0.7022826075553894,0.0003971481928601861,0.8429669737815857,0.6249568462371826,-0.012017736211419106,0.8485888242721558,0.5775968432426453,-0.02633482590317726,0.8543170094490051,0.5358121395111084,-0.03783155232667923,0.8751672506332397,0.6964965462684631,0.0004356190620455891,0.8752959370613098,0.6138189435005188,-0.007217448204755783,0.8778038024902344,0.5658809542655945,-0.01865827478468418,0.8791879415512085,0.5212727189064026,-0.02851434051990509,0.9045140743255615,0.7071484923362732,-0.004237971268594265,0.9050317406654358,0.6296929717063904,-0.01303539052605629,0.904025137424469,0.5850148797035217,-0.018995294347405434,0.9032058715820312,0.546040415763855,-0.024487975984811783,0.9378843307495117,0.7292585372924805,-0.012193958275020123,0.9349402189254761,0.6681263446807861,-0.02071206644177437,0.9304728507995605,0.6304370164871216,-0.022939981892704964,0.924439549446106,0.5955228209495544,-0.024988867342472076
0.9185059070587158,0.8970540761947632,2.492637918294349e-07,0.863306999206543,0.8684517741203308,-0.014402017928659916,0.8255553245544434,0.7931311726570129,-0.01753043383359909,0.8291610479354858,0.7264115810394287,-0.02085002325475216,0.8445677161216736,0.6867721080780029,-0.02325032278895378,0.8395503163337708,0.6932814121246338,0.0059655592776834965,0.8352193236351013,0.6225138306617737,-0.0037020095624029636,0.8358989357948303,0.5786970257759094,-0.016239002346992493,0.8379406929016113,0.5402877330780029,-0.027201270684599876,0.8709433078765869,0.6848478317260742,0.001348629710264504,0.864086925983429,0.6073511838912964,-0.00609096372500062,0.8618012070655823,0.5604994893074036,-0.0177592970430851,0.8585916757583618,0.5177895426750183,-0.027472546324133873,0.9012827277183533,0.6937060952186584,-0.007195370737463236,0.8931575417518616,0.6179186701774597,-0.016618357971310616,0.8879496455192566,0.571009635925293,-0.024243369698524475,0.881715714931488,0.5296680927276611,-0.03085726499557495,0.934684693813324,0.7159839868545532,-0.018122022971510887,0.9240161180496216,0.6559293866157532,-0.027509529143571854,0.916506826877594,0.620550811290741,-0.030103690922260284,0.9083595871925354,0.5883792638778687,-0.032540738582611084
0.7900707721710205,0.7905665040016174,2.3410208882523875e-07,0.7355924248695374,0.7594306468963623,-0.02027592435479164,0.6972737908363342,0.6852411031723022,-0.023684896528720856,0.6919576525688171,0.6129803657531738,-0.02593056857585907,0.6912953853607178,0.5614142417907715,-0.025846822187304497,0.7047092318534851,0.5978763699531555,0.007009489461779594,0.6899186968803406,0.524882435798645,-0.0025257396046072245,0.683478057384491,0.48159074783325195,-0.015601426362991333,0.6771786212921143,0.4424424469470978,-0.026567917317152023,0.731906533241272,0.5870844721794128,0.00742651242762804,0.7158426642417908,0.5105642080307007,0.0007839097524993122,0.7070513963699341,0.4654941260814667,-0.011918824166059494,0.6975736021995544,0.42351698875427246,-0.02245521731674671,0.7596416473388672,0.5920687913894653,0.003231370821595192,0.7466229200363159,0.5179935693740845,-0.004587954841554165,0.7371266484260559,0.47354310750961304,-0.012573233805596828,0.7273149490356445,0.43566417694091797,-0.019565200433135033,0.7940509915351868,0.6075913906097412,-0.003983577247709036,0.785228967666626,0.550824761390686,-0.010868306271731853,0.775135338306427,0.5154246687889099,-0.013834148645401001,0.7645161151885986,0.48355191946029663,-0.016732171177864075
0.763869047164917,0.7876147031784058,3.102806829247129e-07,0.7050326466560364,0.7594608068466187,-0.023319553583860397,0.6655188202857971,0.688374400138855,-0.03166927024722099,0.6649112105369568,0.6122393608093262,-0.038251932710409164,0.6721696257591248,0.5527715682983398,-0.04323676601052284,0.6802340745925903,0.5928599238395691,-0.0059225051663815975,0.6647471189498901,0.5142698287963867,-0.02029251679778099,0.6591221690177917,0.46574291586875916,-0.034873440861701965,0.6557599306106567,0.4203173518180847,-0.04674523323774338,0.711900532245636,0.5816769003868103,-0.006478865165263414,0.6958706378936768,0.4987046718597412,-0.017403239384293556,0.6887762546539307,0.4473060071468353,-0.030757157132029533,0.6822972297668457,0.39958494901657104,-0.041742369532585144,0.7424649596214294,0.5883606672286987,-0.01145775057375431,0.7301996946334839,0.5094332695007324,-0.023674236610531807,0.7212758660316467,0.46267151832580566,-0.03277697414159775,0.7123414874076843,0.4209921061992645,-0.04035734012722969,0.7782875299453735,0.6061251163482666,-0.019413592293858528,0.7694810628890991,0.5482802391052246,-0.03137007728219032,0.760493814945221,0.5112995505332947,-0.036796603351831436,0.7506126761436462,0.4754648208618164,-0.04114318639039993
0.6307567358016968,0.753325343132019,5.9173022037839473e-08,0.5849524140357971,0.7122766971588135,-0.010724562220275402,0.5586822032928467,0.6457459330558777,-0.015715783461928368,0.5511916279792786,0.5861919522285461,-0.022321045398712158,0.5627304911613464,0.5463885068893433,-0.028264522552490234,0.5708279013633728,0.5454513430595398,0.011754964478313923,0.5579203963279724,0.48026540875434875,-0.0022397181019186974,0.5488120913505554,0.4411826729774475,-0.020304223522543907,0.5427441000938416,0.40408188104629517,-0.03583144024014473,0.5998759865760803,0.5368910431861877,0.004672132898122072,0.5859166383743286,0.46620285511016846,-0.00549314497038722,0.5769364833831787,0.4284343421459198,-0.021276844665408134,0.5636617541313171,0.38538333773612976,-0.03499956801533699,0.6289644837379456,0.5425254702568054,-0.006501936353743076,0.6155726909637451,0.47564196586608887,-0.01725572533905506,0.6031824946403503,0.43803584575653076,-0.026301097124814987,0.5892271399497986,0.403567373752594,-0.034194465726614,0.6670366525650024,0.5636973977088928,-0.020116912201046944,0.6518396139144897,0.5047953128814697,-0.030275709927082062,0.6381756067276001,0.47094014286994934,-0.03507805988192558,0.6222904920578003,0.4392010569572449,-0.039439693093299866
0.5940775871276855,0.7671281099319458,2.1835009533788252e-07,0.5454308986663818,0.7330915331840515,-0.018322885036468506,0.509823739528656,0.6678669452667236,-0.025074131786823273,0.5060741901397705,0.5995305776596069,-0.031009361147880554,0.5133888125419617,0.5473958253860474,-0.03499327600002289,0.5253686904907227,0.5789939761161804,-0.001485672197304666,0.5073058009147644,0.505441427230835,-0.013343647122383118,0.49811795353889465,0.46273934841156006,-0.025634100660681725,0.49130386114120483,0.42393219470977783,-0.03513764962553978,0.5532094836235046,0.5666446089744568,-0.002362932078540325,0.5360106825828552,0.487732857465744,-0.009690816514194012,0.5253493785858154,0.44093644618988037,-0.019176796078681946,0.5160312652587891,0.40097278356552124,-0.026799151673913002,0.5821242332458496,0.5702852010726929,-0.0070469980128109455,0.5679933428764343,0.49685582518577576,-0.014017446897923946,0.5574749112129211,0.4556739330291748,-0.01839568093419075,0.5469930171966553,0.4214155077934265,-0.022445250302553177,0.6150599718093872,0.5857659578323364,-0.014615502208471298,0.6050810813903809,0.5304895639419556,-0.020703641697764397,0.594274640083313,0.49786561727523804,-0.021715156733989716,0.5836142301559448,0.46920105814933777,-0.022467494010925293
0.577269434928894,0.6604820489883423,3.101860102106002e-07,0.5247538685798645,0.6282532215118408,-0.013887368142604828,0.48640620708465576,0.5715159773826599,-0.020335186272859573,0.4806874096393585,0.5124408006668091,-0.027050601318478584,0.48692786693573,0.46690210700035095,-0.03283443674445152,0.4941156506538391,0.4909544587135315,-0.0008285155054181814,0.472746342420578,0.4218127429485321,-0.013989249244332314,0.4617023468017578,0.379305899143219,-0.027138782665133476,0.4537317454814911,0.34114980697631836,-0.03699939325451851,0.5197393894195557,0.4773131310939789,-0.004655672702938318,0.4997309744358063,0.40327200293540955,-0.01480183843523264,0.4860081672668457,0.35676294565200806,-0.02619040571153164,0.47437435388565063,0.31649482250213623,-0.03441709652543068,0.5483165383338928,0.477565735578537,-0.011717385612428188,0.5313345789909363,0.40675389766693115,-0.021462207660079002,0.51796555519104,0.366832435131073,-0.02786189876496792,0.5052697658538818,0.3326013684272766,-0.03253542259335518,0.5820072293281555,0.488947331905365,-0.02098211832344532,0.5706372857093811,0.4340493381023407,-0.029757890850305557,0.558763861656189,0.4010544419288635,-0.03201565518975258,0.547488272190094,0.37091585993766785,-0.03304243087768555
0.5607559680938721,0.5957262516021729,2.884323180296633e-07,0.5055423974990845,0.5693499445915222,-0.014984688721597195,0.4650267958641052,0.5129538774490356,-0.02076461724936962,0.457744836807251,0.4505537450313568,-0.026564395055174828,0.4613511264324188,0.40289202332496643,-0.031109990552067757,0.47340521216392517,0.43016552925109863,-0.00015510163211729378,0.45100703835487366,0.36200055480003357,-0.01238399650901556,0.43881475925445557,0.32083702087402344,-0.024677086621522903,0.4290657341480255,0.28375229239463806,-0.03395950421690941,0.49985283613204956,0.4141865074634552,-0.003139452775940299,0.47747623920440674,0.34002459049224854,-0.01192842423915863,0.46296456456184387,0.2946275472640991,-0.02230915240943432,0.4509527087211609,0.25612881779670715,-0.029930541291832924,0.5288350582122803,0.412978857755661,-0.009530726820230484,0.5102937817573547,0.34419548511505127,-0.018090780824422836,0.4971436858177185,0.30576324462890625,-0.02373398095369339,0.484765887260437,0.27359095215797424,-0.028099045157432556,0.5624774694442749,0.42291784286499023,-0.018327275291085243,0.5500574707984924,0.3714374899864197,-0.025760041549801826,0.537357747554779,0.3418417274951935,-0.027332866564393044,0.5251297354698181,0.31567203998565674,-0.028103191405534744
0.5619487166404724,0.5841917991638184,2.3758794043260423e-07,0.5046863555908203,0.5593196749687195,-0.019776219502091408,0.46308574080467224,0.5005874633789062,-0.025528326630592346,0.4554870128631592,0.4290304481983185,-0.030196456238627434,0.4577794671058655,0.3759952187538147,-0.03299873694777489,0.47277072072029114,0.40862637758255005,0.001719699241220951,0.4489750266075134,0.33924752473831177,-0.009913569316267967,0.43650364875793457,0.29739874601364136,-0.0228530652821064,0.42631083726882935,0.25838935375213623,-0.03311903402209282,0.5002581477165222,0.39223554730415344,0.0014148830669000745,0.47565534710884094,0.3169747292995453,-0.006793776527047157,0.4609149992465973,0.27052974700927734,-0.01781679317355156,0.4474749267101288,0.22875846922397614,-0.026635145768523216,0.5287471413612366,0.3924805521965027,-0.0031613565515726805,0.5091822743415833,0.32411521673202515,-0.01191310677677393,0.49525758624076843,0.28326672315597534,-0.017688686028122902,0.4828765094280243,0.24935774505138397,-0.02247847616672516,0.5637084245681763,0.4031562805175781,-0.010772917419672012,0.5491970777511597,0.35130274295806885,-0.017964402213692665,0.5365921258926392,0.3193444609642029,-0.019902583211660385,0.5243154764175415,0.2903469204902649,-0.021473022177815437
0.5080447196960449,0.5884400010108948,2.0231304631579405e-07,0.4536556601524353,0.5430982112884521,-0.015257132239639759,0.42312055826187134,0.47293680906295776,-0.020654065534472466,0.42271777987480164,0.40332257747650146,-0.026436548680067062,0.4259636402130127,0.346762090921402,-0.031082119792699814,0.44405898451805115,0.387576699256897,0.0034416017588227987,0.4279545247554779,0.3122078776359558,-0.010162591002881527,0.4173852205276489,0.2672539949417114,-0.024207551032304764,0.4090608060359955,0.2247408777475357,-0.035302337259054184,0.47271350026130676,0.3776559829711914,-0.0008853921317495406,0.45647993683815,0.2950230538845062,-0.012085330672562122,0.44566434621810913,0.2431180775165558,-0.025432562455534935,0.4359719753265381,0.1961144655942917,-0.03572288900613785,0.5018429756164551,0.3841571509838104,-0.009154954925179482,0.4901469051837921,0.3069501519203186,-0.021469829604029655,0.48137912154197693,0.2611401379108429,-0.029993869364261627,0.47144556045532227,0.22151823341846466,-0.03632740676403046,0.5348737835884094,0.4022747874259949,-0.019816260784864426,0.5285183787345886,0.3431280851364136,-0.03076542727649212,0.5201008915901184,0.3053896129131317,-0.03520408645272255,0.5095243453979492,0.2710619568824768,-0.03831103444099426
0.4903084337711334,0.5855498313903809,2.021825054043802e-07,0.4374706745147705,0.5373719334602356,-0.016413550823926926,0.41194429993629456,0.4618189334869385,-0.022889556363224983,0.4182843267917633,0.3914850354194641,-0.029484950006008148,0.42868465185165405,0.3355475664138794,-0.03495404124259949,0.4345415532588959,0.37355729937553406,0.0007739342399872839,0.42353031039237976,0.2954051196575165,-0.013082444667816162,0.41538283228874207,0.2483963668346405,-0.027554336935281754,0.40909236669540405,0.20424439013004303,-0.03925697132945061,0.464456707239151,0.367086797952652,-0.0035064220428466797,0.4520125985145569,0.2803955376148224,-0.014861353673040867,0.4437733590602875,0.2253931164741516,-0.02864384464919567,0.43611398339271545,0.17528675496578217,-0.03973659127950668,0.49362435936927795,0.37737417221069336,-0.011711569502949715,0.485105961561203,0.2979241907596588,-0.0240301713347435,0.4780329167842865,0.24789868295192719,-0.03342799097299576,0.46993282437324524,0.204464390873909,-0.04097374528646469,0.5260628461837769,0.3997311592102051,-0.022418145090341568,0.5214877128601074,0.3385188579559326,-0.033670201897621155,0.514179527759552,0.29791244864463806,-0.03891441226005554,0.5045499801635742,0.26079708337783813,-0.04307070001959801
0.47097480297088623,0.585510790348053,2.604866438105091e-07,0.41794922947883606,0.5353403091430664,-0.017834752798080444,0.39130139350891113,0.45789575576782227,-0.025044826790690422,0.3934904634952545,0.388408899307251,-0.032740600407123566,0.3995541036128998,0.3311934173107147,-0.03946741297841072,0.40710291266441345,0.3726986050605774,0.0002905219153035432,0.39078596234321594,0.29387128353118896,-0.015177608467638493,0.3801824748516083,0.24513818323612213,-0.030912036076188087,0.37198489904403687,0.19892901182174683,-0.043345533311367035,0.4358906149864197,0.36577340960502625,-0.004554701969027519,0.41848474740982056,0.27903640270233154,-0.017718622460961342,0.40697890520095825,0.22323809564113617,-0.03320220112800598,0.39712029695510864,0.17137940227985382,-0.04497527331113815,0.46630382537841797,0.37565314769744873,-0.01348499208688736,0.4523284435272217,0.2926557660102844,-0.02751797065138817,0.4423360526561737,0.24288414418697357,-0.037670060992240906,0.4318142533302307,0.19817446172237396,-0.04524674266576767,0.4994622468948364,0.3977201581001282,-0.025080787017941475,0.49117809534072876,0.33579370379447937,-0.03810418024659157,0.4828817844390869,0.2938516438007355,-0.04380696639418602,0.4736579954624176,0.2546311616897583,-0.04780774191021919
0.4605422914028168,0.582477331161499,2.2572648106233828e-07,0.4175129532814026,0.5156183242797852,-0.009067259728908539,0.40965747833251953,0.42445826530456543,-0.012604166753590107,0.41895028948783875,0.36269357800483704,-0.01856612227857113,0.42323222756385803,0.3092869520187378,-0.024875186383724213,0.43910181522369385,0.3579454720020294,0.004973141942173243,0.43967947363853455,0.279803067445755,-0.010761884041130543,0.43550121784210205,0.2274760901927948,-0.026615239679813385,0.43235400319099426,0.1815827488899231,-0.039186980575323105,0.4599056839942932,0.35942450165748596,-0.004860867280513048,0.46053406596183777,0.27236032485961914,-0.019422773271799088,0.45520931482315063,0.2133011668920517,-0.037034399807453156,0.45037412643432617,0.15829314291477203,-0.05053495988249779,0.4782916009426117,0.37579450011253357,-0.018043315038084984,0.48147186636924744,0.2906443774700165,-0.032883793115615845,0.47824516892433167,0.23416650295257568,-0.047028202563524246,0.47338446974754333,0.1833568513393402,-0.058043934404850006,0.49550217390060425,0.4045369625091553,-0.032965291291475296,0.5014672875404358,0.34285905957221985,-0.04659377783536911,0.49881237745285034,0.2973583936691284,-0.05503477156162262,0.493082195520401,0.2555881440639496,-0.06208935007452965
0.4838004410266876,0.5788770318031311,2.1380650139235513e-07,0.4312358498573303,0.5222776532173157,-0.018561771139502525,0.409647673368454,0.4419112503528595,-0.02518290840089321,0.4186103045940399,0.3707074820995331,-0.03166844695806503,0.428225576877594,0.31197768449783325,-0.0367327518761158,0.43817591667175293,0.35619163513183594,-3.94098515243968e-06,0.4283261001110077,0.27219265699386597,-0.01543514709919691,0.4230014979839325,0.22096237540245056,-0.03077594004571438,0.42036619782447815,0.1737046092748642,-0.04268263652920723,0.4700484573841095,0.3517196476459503,-0.0035210391506552696,0.46155494451522827,0.2601855993270874,-0.015848690643906593,0.45649510622024536,0.20280525088310242,-0.03028135374188423,0.4526716470718384,0.1514955312013626,-0.041398242115974426,0.49969059228897095,0.36526602506637573,-0.011256548576056957,0.4961194097995758,0.28243598341941833,-0.02423699013888836,0.4908777177333832,0.2296411246061325,-0.03442706912755966,0.48450300097465515,0.18324650824069977,-0.042250856757164,0.5310074687004089,0.39266782999038696,-0.021692359820008278,0.5313432216644287,0.3316589593887329,-0.03326922282576561,0.5264889597892761,0.2902653217315674,-0.03852635994553566,0.5192793607711792,0.2524290680885315,-0.04239519312977791
0.5195837020874023,0.5801655054092407,3.014135359080683e-07,0.4699598550796509,0.5308226346969604,-0.025797205045819283,0.4451679289340973,0.45221975445747375,-0.03431794047355652,0.4523923099040985,0.37687912583351135,-0.04091009497642517,0.45750901103019714,0.3164345920085907,-0.045226436108350754,0.46318936347961426,0.35384517908096313,-0.0015913676470518112,0.4509056508541107,0.2683316469192505,-0.015413261018693447,0.44601207971572876,0.216763436794281,-0.03097100369632244,0.4434622824192047,0.16981522738933563,-0.04291265457868576,0.4944942891597748,0.3482512831687927,-0.00016696436796337366,0.48359668254852295,0.2568008303642273,-0.009248127229511738,0.4766133725643158,0.200029656291008,-0.022931497544050217,0.47062066197395325,0.14921952784061432,-0.0339626744389534,0.5232161283493042,0.36049938201904297,-0.00364368362352252,0.5164696574211121,0.27768152952194214,-0.01242128573358059,0.5078603625297546,0.22772115468978882,-0.02068045362830162,0.49928927421569824,0.18596641719341278,-0.027923742309212685,0.5558141469955444,0.38555219769477844,-0.010836401022970676,0.5535121560096741,0.3255234360694885,-0.018265632912516594,0.5464781522750854,0.2868139147758484,-0.021398333832621574,0.5379328727722168,0.2512379288673401,-0.024241100996732712
0.5213738083839417,0.5867669582366943,2.871282731575775e-07,0.4741925895214081,0.5377306342124939,-0.026743611320853233,0.448764830827713,0.4598737061023712,-0.03674321621656418,0.4558396339416504,0.38321325182914734,-0.044513072818517685,0.46397843956947327,0.3202540874481201,-0.05028297379612923,0.4639066159725189,0.36505478620529175,-0.00717539805918932,0.45106396079063416,0.2763245701789856,-0.02235899493098259,0.4459878206253052,0.22303913533687592,-0.037975624203681946,0.4425390660762787,0.17496609687805176,-0.05010365694761276,0.4949600398540497,0.3568461835384369,-0.00560077466070652,0.4847210645675659,0.26225632429122925,-0.015815578401088715,0.47793206572532654,0.20530113577842712,-0.02972439117729664,0.47146913409233093,0.15515512228012085,-0.04136521741747856,0.5237496495246887,0.3673953115940094,-0.008622435852885246,0.5171490907669067,0.28258779644966125,-0.018346047028899193,0.5092483162879944,0.23096749186515808,-0.027250003069639206,0.5015391111373901,0.18863937258720398,-0.035365644842386246,0.5568776726722717,0.391577810049057,-0.01522293034940958,0.5544964075088501,0.32988640666007996,-0.023743171244859695,0.5477102398872375,0.28987616300582886,-0.027998212724924088,0.5393099784851074,0.25446897745132446,-0.03197624906897545
0.5065507292747498,0.5816460251808167,2.602459119316336e-07,0.45611751079559326,0.5465560555458069,-0.027858538553118706,0.4270346760749817,0.47011396288871765,-0.03766787052154541,0.4372206926345825,0.3985440731048584,-0.04562380537390709,0.4496263265609741,0.356411337852478,-0.05266399681568146,0.4414355754852295,0.3683058023452759,-0.012896829284727573,0.42502501606941223,0.28261080384254456,-0.029651878401637077,0.41626134514808655,0.22962194681167603,-0.046726249158382416,0.4088122248649597,0.18219967186450958,-0.06037253513932228,0.4707372784614563,0.3555854558944702,-0.012169268913567066,0.45422300696372986,0.2661164402961731,-0.025841837748885155,0.44263502955436707,0.21096651256084442,-0.04221973568201065,0.4306861460208893,0.15974381566047668,-0.055279117077589035,0.4994780719280243,0.36112886667251587,-0.015825891867280006,0.4860132038593292,0.276459664106369,-0.02926694042980671,0.4736138582229614,0.22497999668121338,-0.04199909418821335,0.4602383077144623,0.18202780187129974,-0.052021268755197525,0.5326964259147644,0.37949803471565247,-0.023067928850650787,0.5248314142227173,0.3129589259624481,-0.03510921075940132,0.5152422785758972,0.2738220691680908,-0.042306166142225266,0.504077136516571,0.24127493798732758,-0.04814117029309273
0.45964515209198,0.5702028870582581,3.017927951987076e-07,0.4022601246833801,0.5444620251655579,-0.03124554455280304,0.3636581003665924,0.4758809208869934,-0.04364601895213127,0.3576541543006897,0.39685264229774475,-0.05316021665930748,0.35263580083847046,0.3334660232067108,-0.06057466194033623,0.36767879128456116,0.36059635877609253,-0.015851063653826714,0.34027451276779175,0.2703511118888855,-0.03393271937966347,0.32488882541656494,0.21601328253746033,-0.050489626824855804,0.31227102875709534,0.1682770997285843,-0.06268281489610672,0.39848005771636963,0.34253162145614624,-0.013460532762110233,0.3706810474395752,0.2473958432674408,-0.026851508766412735,0.35274258255958557,0.1892160028219223,-0.041503552347421646,0.3370200991630554,0.13930413126945496,-0.05273579806089401,0.4301028549671173,0.3434838652610779,-0.01582919806241989,0.40652862191200256,0.2576857805252075,-0.027816995978355408,0.39022326469421387,0.2072126269340515,-0.03744262829422951,0.3744324743747711,0.16575688123703003,-0.045239951461553574,0.4665567874908447,0.35755640268325806,-0.022144367918372154,0.4519823491573334,0.29383426904678345,-0.032511156052351,0.43776601552963257,0.25464531779289246,-0.03746721148490906,0.42345163226127625,0.22165919840335846,-0.04114944860339165
0.4327262341976166,0.5729498267173767,4.106001085801836e-07,0.3697647154331207,0.5325154066085815,-0.03086014837026596,0.3328755497932434,0.4534458816051483,-0.04282087832689285,0.3309016227722168,0.3696810305118561,-0.05208452790975571,0.3290110230445862,0.3012677729129791,-0.05933426320552826,0.3506064713001251,0.34184831380844116,-0.011919969692826271,0.3300969898700714,0.24711602926254272,-0.03059564344584942,0.31997087597846985,0.18981508910655975,-0.0487520657479763,0.3126801550388336,0.13642151653766632,-0.06239842623472214,0.3862007260322571,0.3317590057849884,-0.010515601374208927,0.3651486933231354,0.2309194803237915,-0.024422364309430122,0.3527149558067322,0.16762371361255646,-0.0408269539475441,0.34209731221199036,0.10972186923027039,-0.053690169006586075,0.42120110988616943,0.3415263295173645,-0.014156113378703594,0.40514516830444336,0.2514767646789551,-0.028129054233431816,0.39235320687294006,0.1963832974433899,-0.038151174783706665,0.38076162338256836,0.14859764277935028,-0.04619279131293297,0.4613538682460785,0.3643137812614441,-0.0216996930539608,0.45296838879585266,0.2980838716030121,-0.03360350802540779,0.4427350163459778,0.2561261057853699,-0.03814981132745743,0.4315860867500305,0.2165420651435852,-0.04168950393795967
0.3875284790992737,0.5518484115600586,2.90756133836112e-07,0.3270018696784973,0.5017712116241455,-0.021459804847836494,0.29076772928237915,0.41470611095428467,-0.031240230426192284,0.28526440262794495,0.3359001874923706,-0.04059148579835892,0.28095605969429016,0.26791495084762573,-0.04877013713121414,0.31451842188835144,0.30864500999450684,-0.0075568147003650665,0.300089955329895,0.21553659439086914,-0.025927161797881126,0.2907431423664093,0.15961071848869324,-0.04321921989321709,0.2832508981227875,0.10874734818935394,-0.05634571984410286,0.34969812631607056,0.30183443427085876,-0.01184238400310278,0.33371055126190186,0.2004680633544922,-0.026370059698820114,0.32197847962379456,0.13907372951507568,-0.04153607040643692,0.31073319911956787,0.08452251553535461,-0.052879005670547485,0.3860553801059723,0.3143059313297272,-0.020269256085157394,0.37120115756988525,0.2181796431541443,-0.03474414348602295,0.36047986149787903,0.16277243196964264,-0.04337049648165703,0.3477265536785126,0.11399619281291962,-0.05000897869467735,0.42606955766677856,0.3424225151538849,-0.03165062144398689,0.41890624165534973,0.2695583999156952,-0.04526763781905174,0.4099551737308502,0.22520314157009125,-0.049659449607133865,0.39777714014053345,0.18674397468566895,-0.05226856842637062
0.34699684381484985,0.5484112501144409,3.7351125570239674e-07,0.279686838388443,0.5009765028953552,-0.028723321855068207,0.2403121441602707,0.41170650720596313,-0.04175515100359917,0.23307666182518005,0.32536283135414124,-0.052899450063705444,0.22773674130439758,0.2472473680973053,-0.06289929151535034,0.266289085149765,0.2969732880592346,-0.015924252569675446,0.24714112281799316,0.19556066393852234,-0.037952594459056854,0.23720911145210266,0.1346023976802826,-0.05707186833024025,0.23072490096092224,0.07764007151126862,-0.07141680270433426,0.30505192279815674,0.28995266556739807,-0.018440280109643936,0.2854481637477875,0.18065443634986877,-0.03610249608755112,0.27389514446258545,0.11104579269886017,-0.054234087467193604,0.26465320587158203,0.04869869351387024,-0.0681251585483551,0.34329259395599365,0.305319607257843,-0.025773586705327034,0.32822543382644653,0.20617353916168213,-0.044228117913007736,0.31760674715042114,0.1447453796863556,-0.05749533697962761,0.3066578507423401,0.08978495001792908,-0.06764758378267288,0.38374608755111694,0.3363229036331177,-0.03639749810099602,0.37678593397140503,0.2629454433917999,-0.05382145568728447,0.3666083812713623,0.214887797832489,-0.06217782571911812,0.35396677255630493,0.1699983924627304,-0.06810818612575531
0.32591643929481506,0.5869786143302917,3.718345737979689e-07,0.25785934925079346,0.5413994789123535,-0.028863318264484406,0.21526813507080078,0.45184436440467834,-0.04352725297212601,0.2101966291666031,0.3647887408733368,-0.05692615360021591,0.20475956797599792,0.2862324118614197,-0.06907713413238525,0.24119985103607178,0.33109402656555176,-0.01786474511027336,0.21814370155334473,0.22700335085391998,-0.04335075989365578,0.20788197219371796,0.16347286105155945,-0.06466405838727951,0.20251214504241943,0.10315069556236267,-0.08024654537439346,0.28075501322746277,0.32113125920295715,-0.022262142971158028,0.2573951184749603,0.20709450542926788,-0.04304173216223717,0.24487584829330444,0.13404951989650726,-0.061334699392318726,0.23608915507793427,0.06884273886680603,-0.0748472586274147,0.3211049735546112,0.3344757854938507,-0.03175409883260727,0.3051455616950989,0.23145084083080292,-0.053104229271411896,0.29329004883766174,0.17060087621212006,-0.06454773992300034,0.28093430399894714,0.11460763216018677,-0.07263334095478058,0.3654544949531555,0.3651009202003479,-0.044774413108825684,0.3607090711593628,0.2856738567352295,-0.06405629217624664,0.35234665870666504,0.23556357622146606,-0.07074125856161118,0.34014344215393066,0.18910890817642212,-0.07483173161745071
0.321736216545105,0.6096746921539307,2.0448713655696338e-07,0.2578597068786621,0.5632285475730896,-0.021706948056817055,0.22466164827346802,0.4785465598106384,-0.029495667666196823,0.22474583983421326,0.39924538135528564,-0.03663758188486099,0.22103706002235413,0.3322146236896515,-0.04265671223402023,0.25395289063453674,0.3716144263744354,-0.0026560795959085226,0.23812469840049744,0.2850244641304016,-0.018799537792801857,0.22920948266983032,0.234320729970932,-0.035316675901412964,0.22366410493850708,0.18625766038894653,-0.04842137545347214,0.2895630896091461,0.3647942543029785,-0.0059393239207565784,0.27323853969573975,0.26829349994659424,-0.01845068298280239,0.26190516352653503,0.21192754805088043,-0.033484265208244324,0.252687007188797,0.16008584201335907,-0.04562203213572502,0.3241640031337738,0.3773758113384247,-0.013825050555169582,0.31285038590431213,0.2875940203666687,-0.027563638985157013,0.3015153706073761,0.23577336966991425,-0.036690887063741684,0.2900297939777374,0.18803267180919647,-0.04442122206091881,0.3622405529022217,0.40464502573013306,-0.0248107947409153,0.36115962266921997,0.337544322013855,-0.03746962174773216,0.35428231954574585,0.2940773665904999,-0.04228013753890991,0.3446025252342224,0.2526227533817291,-0.04616178572177887
0.3272072672843933,0.6031468510627747,2.2815042655111029e-07,0.26619911193847656,0.5595037937164307,-0.019455594941973686,0.23632094264030457,0.48235952854156494,-0.02573193423449993,0.23585698008537292,0.40825769305229187,-0.031537916511297226,0.23135821521282196,0.34558436274528503,-0.03583548218011856,0.2633112072944641,0.38290008902549744,0.0018792705377563834,0.24807871878147125,0.302008718252182,-0.012139973230659962,0.24014395475387573,0.2545270025730133,-0.02704785205423832,0.23552405834197998,0.20945720374584198,-0.038640934973955154,0.29633018374443054,0.3758333921432495,-0.000677547010127455,0.28034642338752747,0.28718939423561096,-0.0109396455809474,0.2699282765388489,0.23328880965709686,-0.023847877979278564,0.26137712597846985,0.18440011143684387,-0.03402060270309448,0.3285589814186096,0.3870238959789276,-0.00778184924274683,0.3177759051322937,0.3061482012271881,-0.01927989348769188,0.30828967690467834,0.2575838565826416,-0.02697381190955639,0.29869702458381653,0.2143850475549698,-0.033255644142627716,0.3643534183502197,0.4116322100162506,-0.017880704253911972,0.3634759783744812,0.3515155613422394,-0.028263099491596222,0.35710546374320984,0.3123714029788971,-0.032070599496364594,0.34871727228164673,0.2758396863937378,-0.034936368465423584
0.3326219916343689,0.5892468690872192,3.3469726190560323e-07,0.2725837826728821,0.5481238961219788,-0.02183469757437706,0.2414473295211792,0.4698064625263214,-0.030172128230333328,0.23945267498493195,0.395205557346344,-0.03737451136112213,0.23559901118278503,0.330144464969635,-0.04303808510303497,0.26809069514274597,0.3700818419456482,-0.0060794781893491745,0.25224754214286804,0.2839753031730652,-0.021842675283551216,0.24488982558250427,0.2320082187652588,-0.036492642015218735,0.24134978652000427,0.18429619073867798,-0.047326114028692245,0.3031100630760193,0.3624979853630066,-0.008110934868454933,0.2867090404033661,0.26847511529922485,-0.019734034314751625,0.2767120599746704,0.20792122185230255,-0.032628484070301056,0.2694595158100128,0.15574605762958527,-0.042167361825704575,0.33801090717315674,0.3747938871383667,-0.01436569169163704,0.3252747058868408,0.28948721289634705,-0.026990730315446854,0.31493207812309265,0.23830200731754303,-0.03566909581422806,0.3055466115474701,0.19395732879638672,-0.042116742581129074,0.3752395808696747,0.40110060572624207,-0.023531926795840263,0.3722275495529175,0.3395225405693054,-0.035751841962337494,0.3649013042449951,0.29808926582336426,-0.04079197719693184,0.35622888803482056,0.2598581910133362,-0.04385822266340256
0.33910083770751953,0.6125668883323669,3.473698484413035e-07,0.2762373089790344,0.5672353506088257,-0.02593974769115448,0.24001996219158173,0.48296546936035156,-0.03693456947803497,0.2356579303741455,0.4026247560977936,-0.0462212972342968,0.22919625043869019,0.33018171787261963,-0.05387645959854126,0.26694774627685547,0.37123343348503113,-0.011277671903371811,0.24867384135723114,0.27691715955734253,-0.030306406319141388,0.24018335342407227,0.2210981845855713,-0.047206491231918335,0.23537862300872803,0.16854004561901093,-0.05995190143585205,0.3038264513015747,0.36551669239997864,-0.013477075845003128,0.28538593649864197,0.2639440894126892,-0.02853602170944214,0.2747091054916382,0.19967249035835266,-0.04398021474480629,0.2665746808052063,0.14135989546775818,-0.05571795254945755,0.3405812084674835,0.38103601336479187,-0.020400242879986763,0.32786378264427185,0.28862160444259644,-0.03699462115764618,0.31827062368392944,0.23195217549800873,-0.04806855320930481,0.30856454372406006,0.18050576746463776,-0.05634697526693344,0.38008856773376465,0.4113087058067322,-0.030452709645032883,0.3788914084434509,0.34324920177459717,-0.04632578045129776,0.37232506275177,0.2980250120162964,-0.053401779383420944,0.36325693130493164,0.2549772262573242,-0.0581788495182991
0.3200812339782715,0.638096809387207,4.5064771825309435e-07,0.24620398879051208,0.5993804335594177,-0.029166733846068382,0.19900456070899963,0.504531979560852,-0.041858214884996414,0.1895686388015747,0.41444146633148193,-0.05276861414313316,0.17624466121196747,0.33529964089393616,-0.06252338737249374,0.2200935184955597,0.38033100962638855,-0.02086462453007698,0.19267985224723816,0.2700293958187103,-0.04459638148546219,0.179922953248024,0.20311109721660614,-0.06402812153100967,0.17215785384178162,0.14100706577301025,-0.07828622311353683,0.2637212574481964,0.36775800585746765,-0.024612218141555786,0.2337471842765808,0.24772733449935913,-0.04341326281428337,0.21718758344650269,0.171037495136261,-0.06097232550382614,0.20466017723083496,0.10357126593589783,-0.07395580410957336,0.30987149477005005,0.3809657692909241,-0.03301248326897621,0.285614550113678,0.272751122713089,-0.053187523037195206,0.2695426642894745,0.20783640444278717,-0.06583139300346375,0.25353431701660156,0.14927449822425842,-0.07514986395835876,0.3598366677761078,0.4124130308628082,-0.044675037264823914,0.35374021530151367,0.3325313925743103,-0.06460565328598022,0.34449857473373413,0.28134652972221375,-0.07273329049348831,0.3314219117164612,0.23331688344478607,-0.07773245126008987
0.2586219310760498,0.6604316234588623,3.2940994287855574e-07,0.18180739879608154,0.6129222512245178,-0.021627452224493027,0.12399409711360931,0.5026012659072876,-0.03178313001990318,0.10801787674427032,0.4061136245727539,-0.04208355024456978,0.10634872317314148,0.3413848876953125,-0.05189592391252518,0.15135596692562103,0.37872791290283203,-0.01713796891272068,0.12821096181869507,0.26768219470977783,-0.04387539252638817,0.10847801715135574,0.20204995572566986,-0.06553409993648529,0.08985554426908493,0.14547091722488403,-0.08141768723726273,0.19624164700508118,0.3681218922138214,-0.02650584653019905,0.16987979412078857,0.24422115087509155,-0.049947455525398254,0.1516314148902893,0.1683150827884674,-0.0688023641705513,0.134103924036026,0.10440781712532043,-0.08128660172224045,0.24477583169937134,0.3813849091529846,-0.03987886756658554,0.21960611641407013,0.2679106295108795,-0.06393871456384659,0.20472677052021027,0.2027326375246048,-0.0744985044002533,0.18839947879314423,0.14826253056526184,-0.08083132654428482,0.29695338010787964,0.41396984457969666,-0.055977713316679,0.28824859857559204,0.3303084671497345,-0.07686597108840942,0.2789936363697052,0.27428144216537476,-0.08226732909679413,0.268093466758728,0.2251197099685669,-0.08471126109361649
0.21493692696094513,0.6957368850708008,5.550623995986825e-07,0.12787388265132904,0.6629424095153809,-0.03447483479976654,0.060857243835926056,0.5769631862640381,-0.0564308688044548,0.04009789228439331,0.4859079122543335,-0.07633284479379654,0.04331643879413605,0.40510988235473633,-0.09541778266429901,0.07154896855354309,0.4143402576446533,-0.037125375121831894,0.023782603442668915,0.29478225111961365,-0.07018931210041046,-0.002810239791870117,0.22149942815303802,-0.0952732190489769,-0.02083277702331543,0.1546878218650818,-0.11367463320493698,0.12075240910053253,0.3959434926509857,-0.04471500217914581,0.07221376895904541,0.2633081078529358,-0.07518904656171799,0.04412806034088135,0.1739543378353119,-0.10020383447408676,0.02183869481086731,0.09368520975112915,-0.11761529743671417,0.1755465418100357,0.40646031498908997,-0.05697639659047127,0.14166636765003204,0.2869044542312622,-0.08961306512355804,0.11751057207584381,0.209101140499115,-0.11042173206806183,0.09455934166908264,0.13862234354019165,-0.12414941191673279,0.235637828707695,0.4383392333984375,-0.07220142334699631,0.22403505444526672,0.3469037115573883,-0.10223973542451859,0.2097512036561966,0.2879065275192261,-0.1152876764535904,0.19180342555046082,0.23231837153434753,-0.12339824438095093
0.26718592643737793,0.6877017021179199,4.259206605183863e-07,0.18483078479766846,0.6287209391593933,-0.02535124681890011,0.1274082064628601,0.5228508710861206,-0.04088137298822403,0.10840921849012375,0.4297613799571991,-0.056336428970098495,0.09727039933204651,0.3538522720336914,-0.07155375927686691,0.14750443398952484,0.3889535069465637,-0.025696873664855957,0.11910380423069,0.26919013261795044,-0.05834689736366272,0.09778501838445663,0.19400693476200104,-0.0848015621304512,0.0807771235704422,0.12797430157661438,-0.10375092923641205,0.19533441960811615,0.37949150800704956,-0.03598446771502495,0.1668841540813446,0.2488509863615036,-0.06382682919502258,0.14514948427677155,0.16696903109550476,-0.0864647850394249,0.12511831521987915,0.0967455804347992,-0.10195941478013992,0.24798187613487244,0.3950207829475403,-0.05030181258916855,0.221868097782135,0.2736225128173828,-0.07749812304973602,0.20316649973392487,0.20376136898994446,-0.0893387570977211,0.18438082933425903,0.14163580536842346,-0.09709352254867554,0.30595070123672485,0.4311935007572174,-0.06766970455646515,0.2991512417793274,0.34473708271980286,-0.09231360256671906,0.29004329442977905,0.28657597303390503,-0.09805849939584732,0.279366672039032,0.23422548174858093,-0.10040722042322159
0.33341190218925476,0.6832865476608276,5.470052997225139e-07,0.25214052200317383,0.6255132555961609,-0.03549213707447052,0.20573042333126068,0.5207551121711731,-0.05123700574040413,0.20149461925029755,0.4186108112335205,-0.0640660896897316,0.19337934255599976,0.3284131586551666,-0.07536584138870239,0.23373031616210938,0.3860906958580017,-0.02721693180501461,0.21536478400230408,0.25876539945602417,-0.05546318367123604,0.2058926224708557,0.1810765117406845,-0.07801778614521027,0.1990204155445099,0.11007893085479736,-0.09404562413692474,0.2845406234264374,0.3779294490814209,-0.029655445367097855,0.2663672864437103,0.24087199568748474,-0.05230652540922165,0.25346434116363525,0.15328583121299744,-0.0723787322640419,0.24183952808380127,0.07622087001800537,-0.0869063138961792,0.3356620967388153,0.3959393799304962,-0.03740324079990387,0.32150280475616455,0.27689671516418457,-0.060590825974941254,0.3084617257118225,0.20299145579338074,-0.07444081455469131,0.29405462741851807,0.13690227270126343,-0.08421023190021515,0.3903380036354065,0.43286198377609253,-0.04912560060620308,0.39307844638824463,0.34460511803627014,-0.07011408358812332,0.3878464698791504,0.28760915994644165,-0.07783035933971405,0.37857192754745483,0.23486730456352234,-0.08238326758146286
0.3435401916503906,0.7272143363952637,5.714216513297288e-07,0.2630329430103302,0.6681066155433655,-0.04329879581928253,0.2157975733280182,0.5597747564315796,-0.0642191618680954,0.2128322273492813,0.45512259006500244,-0.0811217725276947,0.21038424968719482,0.35644039511680603,-0.09643824398517609,0.2500137686729431,0.40987539291381836,-0.03520016372203827,0.22952821850776672,0.2790762782096863,-0.06726564466953278,0.22055205702781677,0.19893300533294678,-0.09329485893249512,0.21621906757354736,0.12397512793540955,-0.1125747412443161,0.3031654357910156,0.4036563038825989,-0.036897145211696625,0.28236493468284607,0.260038286447525,-0.06362513452768326,0.27084994316101074,0.16834419965744019,-0.08919671922922134,0.26141655445098877,0.08394655585289001,-0.10847536474466324,0.3547940254211426,0.42759034037590027,-0.044548556208610535,0.3441401720046997,0.3015299439430237,-0.07302915304899216,0.33358410000801086,0.22316093742847443,-0.09367125481367111,0.3205868601799011,0.15046608448028564,-0.10871540755033493,0.40918946266174316,0.4725135862827301,-0.0564371682703495,0.4149930477142334,0.3816820979118347,-0.08288071304559708,0.4118322730064392,0.32037919759750366,-0.09620479494333267,0.4034460484981537,0.26042044162750244,-0.1054907888174057
0.35733526945114136,0.6452860832214355,3.0082540547482495e-07,0.28626421093940735,0.5849357843399048,-0.027507780119776726,0.24450057744979858,0.4934605360031128,-0.040620919317007065,0.23869630694389343,0.40283629298210144,-0.05273694917559624,0.23117272555828094,0.32131123542785645,-0.06309455633163452,0.2702158987522125,0.3676077425479889,-0.009682988747954369,0.24918614327907562,0.2610323131084442,-0.03208297863602638,0.23737786710262299,0.20004700124263763,-0.053021740168333054,0.22840246558189392,0.14045029878616333,-0.069483183324337,0.31124433875083923,0.3592666983604431,-0.013968083076179028,0.2888556718826294,0.24197126924991608,-0.03222619742155075,0.27547144889831543,0.17288078367710114,-0.05168745294213295,0.2630505859851837,0.1067814826965332,-0.06743919849395752,0.3517352044582367,0.3739914000034332,-0.023590797558426857,0.33531975746154785,0.26828253269195557,-0.04246169328689575,0.32391253113746643,0.20539487898349762,-0.054761745035648346,0.3108963668346405,0.1480688750743866,-0.06500352174043655,0.3966566026210785,0.40607959032058716,-0.03689400106668472,0.39132651686668396,0.3286057114601135,-0.05376451462507248,0.3829190135002136,0.2768789231777191,-0.06108846142888069,0.37138137221336365,0.22731336951255798,-0.06700021028518677
0.39025184512138367,0.6139366030693054,2.459560732859245e-07,0.329038143157959,0.5590981245040894,-0.016351334750652313,0.2953788936138153,0.4775921702384949,-0.023015115410089493,0.29043343663215637,0.4010533094406128,-0.030156733468174934,0.284237802028656,0.33580783009529114,-0.03572990372776985,0.31638240814208984,0.3737305998802185,0.003660794347524643,0.29922744631767273,0.28560876846313477,-0.01188939530402422,0.2896457016468048,0.23352740705013275,-0.027888959273695946,0.28281548619270325,0.1850890964269638,-0.04019835591316223,0.3499875068664551,0.36563926935195923,-0.0018760740058496594,0.3324788808822632,0.2691550552845001,-0.013715817593038082,0.32092246413230896,0.21114732325077057,-0.027652611956000328,0.3101895749568939,0.15840189158916473,-0.03828226774930954,0.3841654062271118,0.37681862711906433,-0.01165853813290596,0.37022754549980164,0.2858401834964752,-0.02391689456999302,0.3586239814758301,0.23369547724723816,-0.03090282529592514,0.34581097960472107,0.18740612268447876,-0.03661316633224487,0.42292752861976624,0.40348586440086365,-0.024249007925391197,0.41975754499435425,0.3360629975795746,-0.03510739281773567,0.4125305414199829,0.29285895824432373,-0.03758135065436363,0.4022519588470459,0.25371286273002625,-0.03923128545284271
0.41094380617141724,0.6079345345497131,1.9657487371205207e-07,0.3535503149032593,0.5565256476402283,-0.018168143928050995,0.3229048550128937,0.4745175838470459,-0.025344813242554665,0.32178792357444763,0.3996713161468506,-0.03218478709459305,0.31874221563339233,0.3366691768169403,-0.03763798251748085,0.3486267626285553,0.37242552638053894,-0.0019933299627155066,0.3356790542602539,0.28827446699142456,-0.017500823363661766,0.32640549540519714,0.23928236961364746,-0.033503931015729904,0.31851157546043396,0.19279265403747559,-0.04640662670135498,0.38152408599853516,0.36743125319480896,-0.006780166178941727,0.3668900728225708,0.2743850648403168,-0.01935487799346447,0.35638055205345154,0.2191789299249649,-0.03409736976027489,0.34521761536598206,0.16699133813381195,-0.04587196558713913,0.4141455590724945,0.3807920813560486,-0.015550894662737846,0.40260425209999084,0.29411739110946655,-0.029036138206720352,0.39281341433525085,0.2434876561164856,-0.03747611492872238,0.38176634907722473,0.19832159578800201,-0.04440240561962128,0.45124003291130066,0.4089331030845642,-0.02705082669854164,0.4469527006149292,0.3426634967327118,-0.039489202201366425,0.44053447246551514,0.29894793033599854,-0.04392854869365692,0.4319857358932495,0.2587816119194031,-0.047222696244716644
0.43556779623031616,0.6070569157600403,2.1731773358624196e-07,0.39314377307891846,0.5450951457023621,-0.015063163824379444,0.38190311193466187,0.4549243748188019,-0.02193266525864601,0.3919595181941986,0.3861365020275116,-0.02942439541220665,0.39806678891181946,0.3253939151763916,-0.03645242378115654,0.4174695312976837,0.3715762495994568,-0.005632241256535053,0.4200226366519928,0.28737127780914307,-0.02313455566763878,0.4217090904712677,0.23588775098323822,-0.039330802857875824,0.42573899030685425,0.18854734301567078,-0.05204474925994873,0.44508907198905945,0.37464824318885803,-0.012621200643479824,0.4470437467098236,0.28061389923095703,-0.027263930067420006,0.4490998685359955,0.22220243513584137,-0.0426078736782074,0.45208799839019775,0.16852374374866486,-0.0546540804207325,0.4704856872558594,0.3962147533893585,-0.023082122206687927,0.47518742084503174,0.3081962466239929,-0.038100942969322205,0.4776014983654022,0.25539636611938477,-0.04874029383063316,0.4781971871852875,0.20613406598567963,-0.05738876387476921,0.4959113299846649,0.43251246213912964,-0.035812776535749435,0.5025901794433594,0.36859312653541565,-0.05058201029896736,0.5035271048545837,0.32332760095596313,-0.05774494260549545,0.5014630556106567,0.27926871180534363,-0.06329574435949326
0.4384159445762634,0.602348804473877,2.0805076417218515e-07,0.39395180344581604,0.5420152544975281,-0.016021260991692543,0.3818349540233612,0.4530024528503418,-0.023036586120724678,0.39254772663116455,0.3839911222457886,-0.0304279588162899,0.3979036509990692,0.3228706121444702,-0.03729427605867386,0.4198426604270935,0.36962518095970154,-0.006641372572630644,0.4217841625213623,0.284690260887146,-0.023973695933818817,0.4232936203479767,0.23321548104286194,-0.0400090329349041,0.4267028272151947,0.18541865050792694,-0.05262240767478943,0.447624534368515,0.3741556406021118,-0.012980418279767036,0.4480685889720917,0.28065648674964905,-0.028033511713147163,0.45013427734375,0.2216585874557495,-0.04352370649576187,0.45292845368385315,0.16698701679706573,-0.055591192096471786,0.47310498356819153,0.3961668908596039,-0.022843964397907257,0.47621965408325195,0.309976726770401,-0.0384533517062664,0.47829943895339966,0.257076621055603,-0.049286503344774246,0.4784992039203644,0.20847150683403015,-0.05772477760910988,0.4991355836391449,0.4320686161518097,-0.035012468695640564,0.5037444829940796,0.3675251305103302,-0.0500393882393837,0.5037460327148438,0.32244986295700073,-0.05739113315939903,0.5015665292739868,0.2791474163532257,-0.06286744773387909
0.4446685314178467,0.5986427068710327,1.934138822434761e-07,0.3948211967945099,0.5421794056892395,-0.015998004004359245,0.37336310744285583,0.45440420508384705,-0.02124783955514431,0.3776131272315979,0.3825860917568207,-0.026594342663884163,0.3758183419704437,0.3254125118255615,-0.031244652345776558,0.4127066135406494,0.3678134083747864,-0.0041723051108419895,0.40868109464645386,0.2819378972053528,-0.0196982491761446,0.40697935223579407,0.23150524497032166,-0.034447502344846725,0.4073638319969177,0.1845049113035202,-0.04620705917477608,0.44462600350379944,0.36703333258628845,-0.0097931744530797,0.44152548909187317,0.27335822582244873,-0.022679593414068222,0.44005051255226135,0.21599893271923065,-0.036564260721206665,0.43911218643188477,0.16347527503967285,-0.04740361124277115,0.4742448031902313,0.38533949851989746,-0.019077017903327942,0.4743734300136566,0.299538791179657,-0.03260013461112976,0.4723920226097107,0.2482774257659912,-0.04196866229176521,0.4686654210090637,0.2016662210226059,-0.049468036741018295,0.5050597190856934,0.4187813401222229,-0.03078787587583065,0.5092021226882935,0.3555946350097656,-0.04345405101776123,0.5081757307052612,0.3127859830856323,-0.0491025410592556,0.504929780960083,0.2721511721611023,-0.053387608379125595
0.46136772632598877,0.5995227694511414,2.67302368683886e-07,0.40466946363449097,0.5503962635993958,-0.022983776405453682,0.37000149488449097,0.4707956612110138,-0.03035798668861389,0.3614646792411804,0.39671817421913147,-0.035941362380981445,0.3519867956638336,0.3392713665962219,-0.03973348066210747,0.41064223647117615,0.37395596504211426,-0.007141688838601112,0.40335553884506226,0.28581076860427856,-0.022125985473394394,0.4006864130496979,0.2345203161239624,-0.0366385243833065,0.400116890668869,0.18731313943862915,-0.047512054443359375,0.4461653232574463,0.36991143226623535,-0.007338483817875385,0.4389079809188843,0.2768084406852722,-0.01759033091366291,0.43456560373306274,0.21943463385105133,-0.028714019805192947,0.430776983499527,0.1686115711927414,-0.03728990629315376,0.4792822301387787,0.3851030766963959,-0.011820993386209011,0.4747893810272217,0.3012501299381256,-0.022101499140262604,0.46968895196914673,0.25068581104278564,-0.027934765443205833,0.4636630117893219,0.20675617456436157,-0.03264062479138374,0.5145624876022339,0.4149574339389801,-0.019518844783306122,0.5176566243171692,0.35372981429100037,-0.028505267575383186,0.5147828459739685,0.3138228952884674,-0.03069346956908703,0.5105963349342346,0.27748870849609375,-0.03193379566073418
0.4936428666114807,0.6060192584991455,3.302622531009547e-07,0.4359658360481262,0.5593757629394531,-0.026552991941571236,0.3973247706890106,0.47673267126083374,-0.033460456877946854,0.37982288002967834,0.4011625051498413,-0.037809789180755615,0.35748016834259033,0.34805312752723694,-0.039870258420705795,0.437602698802948,0.3805731236934662,-0.002662187209352851,0.4286557734012604,0.29369932413101196,-0.015753036364912987,0.4245498478412628,0.24158740043640137,-0.030170053243637085,0.4218989312648773,0.19441433250904083,-0.04110100492835045,0.4702923595905304,0.3759525418281555,0.00014756113523617387,0.4614044427871704,0.2842734754085541,-0.007156874053180218,0.4556736648082733,0.2295585721731186,-0.017209067940711975,0.45021188259124756,0.1812262237071991,-0.02514607273042202,0.501115083694458,0.38935327529907227,-0.001969850156456232,0.49426740407943726,0.30457621812820435,-0.009743036702275276,0.48817673325538635,0.2560083866119385,-0.013370541855692863,0.482549250125885,0.21457868814468384,-0.01660008169710636,0.536112904548645,0.4162482023239136,-0.007853853516280651,0.5367329716682434,0.35583218932151794,-0.014524135738611221,0.5341809988021851,0.31863558292388916,-0.014653194695711136,0.5313273668289185,0.28481727838516235,-0.014474330469965935
0.5249990820884705,0.6322200298309326,4.2829054791582166e-07,0.4710698425769806,0.5818784236907959,-0.037645477801561356,0.4325186014175415,0.5006639957427979,-0.05147666111588478,0.41418230533599854,0.42188605666160583,-0.060423802584409714,0.39729970693588257,0.35651442408561707,-0.06658715754747391,0.4796297550201416,0.39605605602264404,-0.01774316094815731,0.47778236865997314,0.30363327264785767,-0.03617788106203079,0.47931209206581116,0.2484697848558426,-0.053545787930488586,0.48189663887023926,0.19812409579753876,-0.06620575487613678,0.5163667798042297,0.3937567472457886,-0.010949566960334778,0.5156392455101013,0.2960217595100403,-0.0224960595369339,0.5144379138946533,0.23723769187927246,-0.033948395401239395,0.5116169452667236,0.18509157001972198,-0.042840518057346344,0.5491628646850586,0.41190293431282043,-0.009835697710514069,0.5494024157524109,0.32349181175231934,-0.02147822640836239,0.5460324883460999,0.26951250433921814,-0.02618410252034664,0.5415408611297607,0.2206551730632782,-0.03004676289856434,0.5844227075576782,0.4455062448978424,-0.013226735405623913,0.5906068682670593,0.3819494843482971,-0.0230559054762125,0.591179609298706,0.34290194511413574,-0.024334099143743515,0.5901983976364136,0.3054007291793823,-0.024857526645064354
0.5248719453811646,0.6336627006530762,4.5815528437742614e-07,0.46959108114242554,0.5846673250198364,-0.041454315185546875,0.43093493580818176,0.5034473538398743,-0.055178411304950714,0.41208118200302124,0.423814594745636,-0.06303326040506363,0.39484021067619324,0.355916291475296,-0.06737203896045685,0.4803585708141327,0.3921961486339569,-0.016573259606957436,0.4766046404838562,0.29762840270996094,-0.032189421355724335,0.47685515880584717,0.2422824501991272,-0.04803667217493057,0.47876933217048645,0.19078472256660461,-0.05966566503047943,0.5163565278053284,0.39072084426879883,-0.006259425077587366,0.5137419700622559,0.29250091314315796,-0.013862631283700466,0.5117975473403931,0.23296186327934265,-0.022572871297597885,0.5089365243911743,0.18152891099452972,-0.029644079506397247,0.5486178994178772,0.40989333391189575,-0.002173992805182934,0.5485807657241821,0.32107293605804443,-0.010140075348317623,0.5451121926307678,0.2682590186595917,-0.012413227930665016,0.5411964654922485,0.22023819386959076,-0.014697996899485588,0.5838099718093872,0.4432254731655121,-0.0032216645777225494,0.5903246402740479,0.38012510538101196,-0.010103625245392323,0.5913710594177246,0.3422725796699524,-0.009935235604643822,0.5925837755203247,0.3050389885902405,-0.009411332197487354
0.5247803330421448,0.6479504108428955,3.8788297729297483e-07,0.47010499238967896,0.6000789999961853,-0.0388559065759182,0.42623716592788696,0.5231221318244934,-0.05622969567775726,0.4003976583480835,0.44802236557006836,-0.06895454972982407,0.3766733705997467,0.3826272189617157,-0.07970833778381348,0.4776492416858673,0.4081500768661499,-0.027153082191944122,0.4551752805709839,0.3100891709327698,-0.049418430775403976,0.44243842363357544,0.25030606985092163,-0.06859268993139267,0.43436741828918457,0.19647231698036194,-0.08257663249969482,0.5197392702102661,0.40132156014442444,-0.023912081494927406,0.5126184225082397,0.29801586270332336,-0.039664771407842636,0.507295548915863,0.23321157693862915,-0.0550541989505291,0.5021926760673523,0.17759045958518982,-0.06681843101978302,0.5580940246582031,0.4192065894603729,-0.02603660710155964,0.5659317970275879,0.32958075404167175,-0.04265927895903587,0.5678113698959351,0.2735600173473358,-0.0529998354613781,0.5667431354522705,0.222398042678833,-0.060734041035175323,0.5937370657920837,0.4543227255344391,-0.03219551965594292,0.6118509769439697,0.3936297595500946,-0.04658165201544762,0.6225294470787048,0.3533037602901459,-0.051279980689287186,0.6311541795730591,0.314326673746109,-0.05431832745671272
0.5198853611946106,0.6542676687240601,3.6563108096743235e-07,0.463250994682312,0.6083093881607056,-0.03843716159462929,0.4195491671562195,0.5303897857666016,-0.05545762553811073,0.39428019523620605,0.4535609185695648,-0.06793902069330215,0.36784201860427856,0.38979315757751465,-0.07868382334709167,0.46770942211151123,0.4126059412956238,-0.02731981873512268,0.44374439120292664,0.3151307702064514,-0.04973399639129639,0.4294655919075012,0.2554130554199219,-0.0691147893667221,0.419759601354599,0.20088699460029602,-0.08346447348594666,0.5098560452461243,0.4038577079772949,-0.024202849715948105,0.5008937120437622,0.300903856754303,-0.0400867685675621,0.4936799705028534,0.23643407225608826,-0.05558958277106285,0.48666754364967346,0.180461585521698,-0.06759487837553024,0.548983633518219,0.42082804441452026,-0.026269055902957916,0.5521335601806641,0.3300861716270447,-0.04270052909851074,0.5510925650596619,0.2733207941055298,-0.05279262736439705,0.5473077893257141,0.2201644480228424,-0.06069082021713257,0.5866416692733765,0.456051230430603,-0.03238515555858612,0.6020992994308472,0.3940049409866333,-0.047087837010622025,0.6104051470756531,0.35261669754981995,-0.051996730268001556,0.6163971424102783,0.31172579526901245,-0.05529359355568886
0.5134130120277405,0.6545371413230896,3.768036833662336e-07,0.4553619623184204,0.6093748807907104,-0.040695808827877045,0.4093737006187439,0.5325906872749329,-0.05887998268008232,0.383363276720047,0.45488908886909485,-0.07212794572114944,0.3571745753288269,0.3885067403316498,-0.08333926647901535,0.4565887749195099,0.4108324646949768,-0.02938133105635643,0.4310976564884186,0.3122186064720154,-0.052981503307819366,0.416023850440979,0.25227242708206177,-0.07310335338115692,0.40528154373168945,0.1972133219242096,-0.0878693014383316,0.4986872375011444,0.4008082151412964,-0.025454336777329445,0.48738181591033936,0.2954218089580536,-0.04187401011586189,0.4784894585609436,0.23051142692565918,-0.05701953545212746,0.4699402153491974,0.17454957962036133,-0.06868357211351395,0.5384448766708374,0.41729143261909485,-0.027013268321752548,0.5380771160125732,0.32365790009498596,-0.04350988194346428,0.5342614650726318,0.2659134566783905,-0.05250009894371033,0.5283331871032715,0.21253162622451782,-0.0595797598361969,0.5779348611831665,0.45274618268013,-0.032972633838653564,0.5904703140258789,0.3883762061595917,-0.047532204538583755,0.5958314538002014,0.34541070461273193,-0.05178389698266983,0.5992318391799927,0.3034652769565582,-0.05451013892889023
0.4702187478542328,0.6180086135864258,3.0580807219848793e-07,0.41371381282806396,0.5720230340957642,-0.029546106234192848,0.3705558776855469,0.4939301609992981,-0.04046934098005295,0.34693872928619385,0.42030125856399536,-0.04855186119675636,0.32437270879745483,0.3638196587562561,-0.055173225700855255,0.4166792333126068,0.3870810270309448,-0.016558613628149033,0.39558646082878113,0.2955130934715271,-0.03514375165104866,0.3838830888271332,0.24014601111412048,-0.05124830827116966,0.37532031536102295,0.19119377434253693,-0.06322105973958969,0.45507556200027466,0.378579705953598,-0.015245931223034859,0.4458009600639343,0.28039366006851196,-0.028698282316327095,0.43686118721961975,0.22116534411907196,-0.041114408522844315,0.42801088094711304,0.17147991061210632,-0.05076857656240463,0.49167174100875854,0.3917720317840576,-0.018791859969496727,0.49468857049942017,0.30604657530784607,-0.03370959684252739,0.49173927307128906,0.25276699662208557,-0.04233165457844734,0.4863138794898987,0.2052559107542038,-0.04882951080799103,0.5275636911392212,0.4224444329738617,-0.02581111341714859,0.5407837629318237,0.36245542764663696,-0.03975217044353485,0.5448542237281799,0.32334592938423157,-0.04506409540772438,0.5461750626564026,0.2854374051094055,-0.048570532351732254
0.44335055351257324,0.6034823656082153,2.6728622515292955e-07,0.38692599534988403,0.5608547329902649,-0.02815362438559532,0.3483573794364929,0.4918554723262787,-0.038912177085876465,0.3302783668041229,0.42248743772506714,-0.047070108354091644,0.313480943441391,0.36484965682029724,-0.053485311567783356,0.38570746779441833,0.3905608057975769,-0.011849956586956978,0.36854225397109985,0.30958664417266846,-0.029667414724826813,0.3585238754749298,0.26117053627967834,-0.04616372287273407,0.35209500789642334,0.21541818976402283,-0.058412350714206696,0.42014384269714355,0.38224560022354126,-0.010354637168347836,0.4065362811088562,0.2963206171989441,-0.02286195382475853,0.3976368308067322,0.24313469231128693,-0.03528639301657677,0.3895825743675232,0.19518239796161652,-0.04484191909432411,0.45361173152923584,0.39393049478530884,-0.013757778331637383,0.4474599361419678,0.3172728419303894,-0.026856698095798492,0.4415845274925232,0.26966696977615356,-0.03409232944250107,0.4340793490409851,0.2258865088224411,-0.03952183574438095,0.4881382882595062,0.42063069343566895,-0.02066417597234249,0.4918007254600525,0.36378172039985657,-0.03217654675245285,0.49092400074005127,0.32629886269569397,-0.035740695893764496,0.48848676681518555,0.2900848984718323,-0.037895333021879196
0.45327794551849365,0.6057925224304199,2.8730610779348353e-07,0.40100935101509094,0.5570520162582397,-0.026459965854883194,0.37109851837158203,0.4807509481906891,-0.035653695464134216,0.3662034869194031,0.4082668721675873,-0.042590316385030746,0.36635738611221313,0.3450683355331421,-0.04747078940272331,0.40186944603919983,0.3874717950820923,-0.0062470403499901295,0.3859547972679138,0.3061046600341797,-0.0221063531935215,0.3763442635536194,0.25686192512512207,-0.037388432770967484,0.3704683482646942,0.2112313210964203,-0.04877178743481636,0.4352414906024933,0.3822322189807892,-0.004911400377750397,0.42305973172187805,0.29540103673934937,-0.015502923168241978,0.4140776991844177,0.24146202206611633,-0.027554718777537346,0.4067540764808655,0.19386273622512817,-0.03664298728108406,0.467961847782135,0.39624083042144775,-0.00850110687315464,0.4625681936740875,0.317294180393219,-0.020190266892313957,0.45653069019317627,0.2691391706466675,-0.027667036280035973,0.4494408369064331,0.22638465464115143,-0.033260129392147064,0.5019975900650024,0.424285352230072,-0.01553172804415226,0.5071704983711243,0.367946058511734,-0.025955621153116226,0.5069971084594727,0.3301168382167816,-0.029639428481459618,0.5053867697715759,0.29343605041503906,-0.03193270042538643
0.4665036201477051,0.6063868999481201,2.894629460570286e-07,0.41177183389663696,0.5581415295600891,-0.02522573061287403,0.38186517357826233,0.4813881814479828,-0.03361114114522934,0.37774235010147095,0.40694648027420044,-0.039825841784477234,0.3759253919124603,0.3429797887802124,-0.04400039091706276,0.41175562143325806,0.3868315815925598,-0.005782198626548052,0.396761417388916,0.30291813611984253,-0.020326858386397362,0.38854286074638367,0.2532057762145996,-0.0344134084880352,0.3836820423603058,0.2074887901544571,-0.04502986744046211,0.44559577107429504,0.38187482953071594,-0.0047608716413378716,0.43242472410202026,0.29344800114631653,-0.014804226346313953,0.4235914647579193,0.23865440487861633,-0.02662433311343193,0.4163326025009155,0.1905568540096283,-0.03556710481643677,0.47882843017578125,0.3961717188358307,-0.008428286761045456,0.47357267141342163,0.31554272770881653,-0.02007339335978031,0.467872679233551,0.2669467329978943,-0.02819700725376606,0.46096357703208923,0.22372180223464966,-0.0341927595436573,0.5136629939079285,0.42422571778297424,-0.015257264487445354,0.5199721455574036,0.36678916215896606,-0.026270166039466858,0.5204390287399292,0.328313946723938,-0.030685022473335266,0.5191515684127808,0.2911263108253479,-0.03334762528538704
0.5026538968086243,0.6330031156539917,3.105673158643185e-07,0.44942420721054077,0.5773769617080688,-0.02357051707804203,0.4234672784805298,0.4918200969696045,-0.03277876600623131,0.4227152168750763,0.4158456027507782,-0.040259260684251785,0.4194730520248413,0.3534198999404907,-0.046716902405023575,0.4691280424594879,0.4028801918029785,-0.015079852193593979,0.4655526280403137,0.31103336811065674,-0.034133344888687134,0.4646478593349457,0.255426824092865,-0.05043475702404976,0.46515241265296936,0.20762702822685242,-0.06200554221868515,0.5046027898788452,0.4037993550300598,-0.017068607732653618,0.5023589730262756,0.30713385343551636,-0.03149889037013054,0.49891939759254456,0.24838349223136902,-0.04522452503442764,0.4947764277458191,0.19839929044246674,-0.05501069128513336,0.5385956168174744,0.42330822348594666,-0.022812148556113243,0.5433855652809143,0.33369797468185425,-0.03770534694194794,0.5430129766464233,0.28056415915489197,-0.04597555473446846,0.5405269265174866,0.23459896445274353,-0.05174533650279045,0.5734216570854187,0.45876985788345337,-0.03130797669291496,0.588534951210022,0.3965742588043213,-0.044943150132894516,0.5948238372802734,0.35549047589302063,-0.048682425171136856,0.5972517132759094,0.3183060884475708,-0.0503234900534153
0.5008863806724548,0.6535608768463135,3.1440646353075863e-07,0.4508456885814667,0.5926804542541504,-0.028420576825737953,0.42521730065345764,0.5074995756149292,-0.04081590473651886,0.4272225499153137,0.42981410026550293,-0.050648283213377,0.433503657579422,0.3603758215904236,-0.05834164842963219,0.4701537787914276,0.4098893105983734,-0.013184947893023491,0.4655568301677704,0.31795161962509155,-0.03254140540957451,0.4637552499771118,0.2635401487350464,-0.0498027466237545,0.4649309515953064,0.21334806084632874,-0.06269725412130356,0.5070318579673767,0.41171643137931824,-0.01335261482745409,0.5037120580673218,0.31486210227012634,-0.027679473161697388,0.5010998249053955,0.2550835609436035,-0.042017776519060135,0.49923378229141235,0.20125572383403778,-0.05288267508149147,0.5414552688598633,0.43423953652381897,-0.018322588875889778,0.5455697178840637,0.3467485308647156,-0.033768296241760254,0.5450738668441772,0.2930554151535034,-0.04294011741876602,0.5422751307487488,0.24369819462299347,-0.04969421774148941,0.5766095519065857,0.4727300703525543,-0.026655282825231552,0.5906915664672852,0.41118675470352173,-0.040533941239118576,0.5965332388877869,0.36867958307266235,-0.04571346193552017,0.5996389985084534,0.3266938030719757,-0.04893292859196663
0.4892701208591461,0.6615647077560425,2.9764700570922287e-07,0.4377726912498474,0.5976554155349731,-0.02389700710773468,0.41488146781921387,0.5059362053871155,-0.0332527719438076,0.4181790351867676,0.4276919364929199,-0.04102249816060066,0.4220879375934601,0.3614153563976288,-0.047117143869400024,0.45741593837738037,0.41144683957099915,-0.010895187966525555,0.4519379734992981,0.31599000096321106,-0.029225608333945274,0.44954824447631836,0.2596249282360077,-0.04539349675178528,0.44956615567207336,0.20728036761283875,-0.05768071487545967,0.4939856231212616,0.4125906825065613,-0.013606419786810875,0.4913620352745056,0.31141987442970276,-0.0278516486287117,0.4880082607269287,0.24876874685287476,-0.041979555040597916,0.48514312505722046,0.19243371486663818,-0.05255227908492088,0.5285798907279968,0.4351148009300232,-0.020635828375816345,0.5328630208969116,0.3424433171749115,-0.036495234817266464,0.5324741005897522,0.2857572138309479,-0.04633258655667305,0.5297480225563049,0.23430320620536804,-0.053447093814611435,0.5638458132743835,0.47433966398239136,-0.03061961941421032,0.5785413384437561,0.40907570719718933,-0.04548147693276405,0.5844414234161377,0.3640177845954895,-0.05126439407467842,0.5871756672859192,0.320617139339447,-0.05484572425484657
0.48034751415252686,0.6639281511306763,3.4838447504625947e-07,0.4223528504371643,0.6068868637084961,-0.030981704592704773,0.3923995792865753,0.5182652473449707,-0.04241505637764931,0.39615747332572937,0.4348330795764923,-0.05105914920568466,0.4022749066352844,0.3618568480014801,-0.05710836872458458,0.4268289804458618,0.4092603921890259,-0.010714411735534668,0.41494664549827576,0.31158149242401123,-0.02804717980325222,0.4093654155731201,0.25372186303138733,-0.04416510835289955,0.4066234827041626,0.1994878649711609,-0.05678321421146393,0.46646103262901306,0.40698161721229553,-0.009909940883517265,0.4559978246688843,0.3035067319869995,-0.023453226312994957,0.4490838944911957,0.23889367282390594,-0.03876260668039322,0.4442138969898224,0.18051877617835999,-0.050631918013095856,0.5044233798980713,0.42679017782211304,-0.014408308081328869,0.5030650496482849,0.3346089720726013,-0.031002938747406006,0.49910828471183777,0.2775381803512573,-0.04302813485264778,0.4930487871170044,0.22466818988323212,-0.05190197378396988,0.544957160949707,0.46195125579833984,-0.022430220618844032,0.5563265681266785,0.39568808674812317,-0.03844932094216347,0.559725284576416,0.351631760597229,-0.045773960649967194,0.5600824356079102,0.3072846233844757,-0.05067344754934311
0.5029782652854919,0.6458718776702881,4.420377024416666e-07,0.4570940434932709,0.608414888381958,-0.04052721709012985,0.4313921332359314,0.5314081907272339,-0.053202029317617416,0.442510187625885,0.4582691788673401,-0.0603613443672657,0.4504968822002411,0.40595510601997375,-0.06455717980861664,0.433963418006897,0.4142099916934967,-0.022889986634254456,0.4122283458709717,0.3156700134277344,-0.03825489804148674,0.4023325741291046,0.25483646988868713,-0.05354505032300949,0.39484336972236633,0.20124682784080505,-0.06470620632171631,0.4663207232952118,0.40171876549720764,-0.012924160808324814,0.44673946499824524,0.29802992939949036,-0.019523926079273224,0.43492263555526733,0.2338169664144516,-0.03011772595345974,0.42549392580986023,0.17844539880752563,-0.039146050810813904,0.498862087726593,0.41047245264053345,-0.008048592135310173,0.48749321699142456,0.31963446736335754,-0.012034289538860321,0.4786406457424164,0.26442572474479675,-0.018333986401557922,0.47146767377853394,0.21829906105995178,-0.02504945732653141,0.5359848141670227,0.4337080419063568,-0.008441655896604061,0.5359901189804077,0.36996787786483765,-0.010655474849045277,0.5328190326690674,0.3293171525001526,-0.01167912594974041,0.5313668251037598,0.29332560300827026,-0.013474651612341404
0.4992699921131134,0.6506454944610596,4.133719926358026e-07,0.44928455352783203,0.6111139059066772,-0.041350819170475006,0.42053189873695374,0.5316665768623352,-0.05746069550514221,0.42337045073509216,0.447570264339447,-0.06839126348495483,0.4261413812637329,0.37649935483932495,-0.07659916579723358,0.4344771206378937,0.4145202934741974,-0.0232204869389534,0.4166918098926544,0.3152621388435364,-0.043080735951662064,0.4084029197692871,0.2546834647655487,-0.061820223927497864,0.4029913544654846,0.19983454048633575,-0.07543754577636719,0.4688652455806732,0.4029233455657959,-0.01525857113301754,0.4513302743434906,0.2962287664413452,-0.02769613452255726,0.4408358931541443,0.23089362680912018,-0.04243035987019539,0.43240028619766235,0.17395630478858948,-0.05422527343034744,0.5019053220748901,0.41291525959968567,-0.01277083158493042,0.4897896647453308,0.31994426250457764,-0.02337040565907955,0.480040967464447,0.2626674771308899,-0.03226279467344284,0.4704414904117584,0.2149844467639923,-0.04008956998586655,0.539472222328186,0.43756747245788574,-0.01525806449353695,0.5343247056007385,0.3696891665458679,-0.02368750609457493,0.525718092918396,0.3278752565383911,-0.027184924110770226,0.5159431099891663,0.29184776544570923,-0.030226800590753555
0.496488094329834,0.6586589217185974,3.733798052962811e-07,0.4403511881828308,0.6110315322875977,-0.03619466349482536,0.40819403529167175,0.5252460837364197,-0.05067059025168419,0.4118591248989105,0.4378305971622467,-0.061517998576164246,0.418026328086853,0.3642769455909729,-0.06987882405519485,0.43304482102394104,0.40777385234832764,-0.01497509703040123,0.4190464913845062,0.3071174621582031,-0.03464284539222717,0.4123043417930603,0.2469327598810196,-0.05393606051802635,0.40814512968063354,0.1911838799715042,-0.06866282969713211,0.46936872601509094,0.40028858184814453,-0.011206626892089844,0.4558880031108856,0.2944452166557312,-0.025389142334461212,0.4479735791683197,0.229497030377388,-0.04255315661430359,0.4410974979400635,0.17032691836357117,-0.056381430476903915,0.503595769405365,0.41350892186164856,-0.01308547705411911,0.494859516620636,0.3188488185405731,-0.02702418528497219,0.4863729476928711,0.26208025217056274,-0.038241490721702576,0.4772062301635742,0.21318493783473969,-0.047505177557468414,0.5424177646636963,0.44122329354286194,-0.019394850358366966,0.5386111736297607,0.3721107840538025,-0.03160995617508888,0.5307900905609131,0.3294348418712616,-0.03742462024092674,0.5213533043861389,0.29067182540893555,-0.042035285383462906
0.5436897873878479,0.6981381177902222,4.660965657876659e-07,0.47700589895248413,0.6416449546813965,-0.03493691235780716,0.443899005651474,0.5329791307449341,-0.05088401958346367,0.4536646604537964,0.43473514914512634,-0.06409823149442673,0.46742475032806396,0.3533441722393036,-0.07607845962047577,0.48991501331329346,0.4113506078720093,-0.026677140966057777,0.48068010807037354,0.2886129319667816,-0.05463571846485138,0.4775017499923706,0.21069295704364777,-0.0776156634092331,0.47722315788269043,0.14260604977607727,-0.09412883222103119,0.5332168936729431,0.4088837504386902,-0.02898233011364937,0.5258630514144897,0.2787618637084961,-0.05217767879366875,0.5214126706123352,0.19394302368164062,-0.07299330830574036,0.5187111496925354,0.12290358543395996,-0.08720014989376068,0.5756139159202576,0.43226513266563416,-0.03625966235995293,0.5724874138832092,0.3109131455421448,-0.05983103811740875,0.5680173635482788,0.23917946219444275,-0.0739409402012825,0.5631541013717651,0.17580631375312805,-0.08304743468761444,0.6207081079483032,0.475058913230896,-0.04719667136669159,0.6220033168792725,0.38919371366500854,-0.0704101026058197,0.6177728772163391,0.332250714302063,-0.07916481047868729,0.6106326580047607,0.27882689237594604,-0.08341862261295319
0.5536116361618042,0.7512148022651672,4.703369143044256e-07,0.4857548177242279,0.6876952052116394,-0.05088577792048454,0.44407516717910767,0.5705050230026245,-0.07637917250394821,0.45111820101737976,0.4590955674648285,-0.09652312099933624,0.4693937301635742,0.35796108841896057,-0.11506608873605728,0.4921906292438507,0.41474661231040955,-0.04587818309664726,0.48152977228164673,0.2763504683971405,-0.08162914216518402,0.47602811455726624,0.1928691864013672,-0.11072748899459839,0.4751855134963989,0.11412519216537476,-0.1333402842283249,0.5437229871749878,0.41098886728286743,-0.045556966215372086,0.5346609950065613,0.2612636089324951,-0.07610680162906647,0.5309123992919922,0.1689542829990387,-0.1053488478064537,0.5287268161773682,0.08003151416778564,-0.12854358553886414,0.5914422273635864,0.4390513598918915,-0.05166533961892128,0.5895271301269531,0.30535587668418884,-0.08388019353151321,0.5857483744621277,0.2237674444913864,-0.10907885432243347,0.5788915753364563,0.1475972831249237,-0.1280766874551773,0.6420066952705383,0.48952120542526245,-0.06245419383049011,0.6458852887153625,0.3922432065010071,-0.09369095414876938,0.6421031355857849,0.3273753821849823,-0.11222802102565765,0.634515106678009,0.26346534490585327,-0.12591612339019775
0.5392256379127502,0.7933377027511597,5.5836926549091e-07,0.46024107933044434,0.7319061756134033,-0.0605681836605072,0.4090654253959656,0.6151509881019592,-0.09150951355695724,0.40959763526916504,0.4954647719860077,-0.11582542955875397,0.41997766494750977,0.3813789486885071,-0.13839884102344513,0.4495866298675537,0.44319820404052734,-0.05609874427318573,0.42868542671203613,0.29255932569503784,-0.09695959091186523,0.41961055994033813,0.2018391489982605,-0.12984389066696167,0.41518300771713257,0.11505144834518433,-0.15476466715335846,0.5067281723022461,0.4357645511627197,-0.05379803106188774,0.48711708188056946,0.2730642557144165,-0.08802257478237152,0.47759950160980225,0.1734461486339569,-0.11966245621442795,0.46931639313697815,0.07819321751594543,-0.14424483478069305,0.5617483258247375,0.46252840757369995,-0.05879378691315651,0.5511456727981567,0.31614404916763306,-0.09368560463190079,0.5431923866271973,0.2267691195011139,-0.11882731318473816,0.5308828949928284,0.1430705487728119,-0.13762851059436798,0.6213891506195068,0.5128070116043091,-0.06940791755914688,0.6180967092514038,0.4042460322380066,-0.10176549851894379,0.6101530194282532,0.3354685306549072,-0.11876069009304047,0.5965809226036072,0.2682121992111206,-0.13108688592910767
0.5349445939064026,0.7977209091186523,5.319875526765827e-07,0.4531588554382324,0.7390338182449341,-0.05934540182352066,0.40005725622177124,0.6212574243545532,-0.08842433243989944,0.3998207449913025,0.49906349182128906,-0.1111070066690445,0.4103987514972687,0.3864727020263672,-0.13217994570732117,0.4407016932964325,0.45014244318008423,-0.053641267120838165,0.4152038097381592,0.2994222939014435,-0.09365210682153702,0.40251854062080383,0.20805072784423828,-0.12578806281089783,0.3957301080226898,0.12111741304397583,-0.15029320120811462,0.4978089928627014,0.4380266070365906,-0.05126823112368584,0.47330525517463684,0.27524274587631226,-0.08538594841957092,0.46107399463653564,0.17350775003433228,-0.1175784021615982,0.45154863595962524,0.07624614238739014,-0.14270533621311188,0.5534242391586304,0.46042388677597046,-0.056113146245479584,0.5391525030136108,0.3162527084350586,-0.0910419374704361,0.5291626453399658,0.22752651572227478,-0.11748625338077545,0.5164437890052795,0.14531788229942322,-0.13721458613872528,0.6143884658813477,0.5061907768249512,-0.06648218631744385,0.6076117753982544,0.4004851281642914,-0.09895763546228409,0.5967178344726562,0.3317858576774597,-0.11726424843072891,0.5818690657615662,0.26482707262039185,-0.13071946799755096
0.5261828303337097,0.8159459829330444,5.661300974679762e-07,0.4437200725078583,0.7611086368560791,-0.06251051276922226,0.38892194628715515,0.6470056772232056,-0.09489688277244568,0.38877516984939575,0.5248537063598633,-0.12077175825834274,0.40292787551879883,0.4114495515823364,-0.14551451802253723,0.422923743724823,0.46898719668388367,-0.06184065714478493,0.391517698764801,0.31405168771743774,-0.10608498007059097,0.37570691108703613,0.21794474124908447,-0.1407913863658905,0.3667731285095215,0.1263081431388855,-0.16707253456115723,0.48088720440864563,0.45100635290145874,-0.06008712202310562,0.4513726830482483,0.2823655605316162,-0.0979127436876297,0.436196893453598,0.1773362159729004,-0.1325940638780594,0.42413151264190674,0.07712295651435852,-0.15936672687530518,0.5388484597206116,0.4695494472980499,-0.0655086413025856,0.5199992656707764,0.32018449902534485,-0.10343781113624573,0.5067436099052429,0.22881680727005005,-0.13226808607578278,0.49152013659477234,0.14394384622573853,-0.15361769497394562,0.6027131676673889,0.5124228000640869,-0.07663235813379288,0.5926105380058289,0.40220966935157776,-0.11105933040380478,0.5804146528244019,0.33200401067733765,-0.13075239956378937,0.564301609992981,0.2637920379638672,-0.14530044794082642
0.5173821449279785,0.821057915687561,5.106616640659922e-07,0.43244925141334534,0.7611058950424194,-0.05378304421901703,0.37939465045928955,0.6449917554855347,-0.08141719549894333,0.38187751173973083,0.5251256227493286,-0.10425116866827011,0.3951341509819031,0.4156379699707031,-0.12637601792812347,0.41840454936027527,0.4676054120063782,-0.05116832256317139,0.3902047574520111,0.3160533308982849,-0.0918562039732933,0.37446826696395874,0.2228442132472992,-0.12455444037914276,0.3648987412452698,0.133886456489563,-0.1498047560453415,0.475708544254303,0.4526444375514984,-0.05339469760656357,0.44864219427108765,0.28525352478027344,-0.08914250880479813,0.43314263224601746,0.18171977996826172,-0.12350062280893326,0.4202648401260376,0.08223137259483337,-0.15019027888774872,0.5318227410316467,0.47360900044441223,-0.062203869223594666,0.5153242945671082,0.3247913718223572,-0.09939181059598923,0.5025206804275513,0.23333489894866943,-0.12891559302806854,0.4875046908855438,0.14796918630599976,-0.15092013776302338,0.5926411151885986,0.5192861557006836,-0.07594460994005203,0.5862937569618225,0.4118422269821167,-0.11082416027784348,0.5753369331359863,0.3411288857460022,-0.13125735521316528,0.5603017210960388,0.27200785279273987,-0.14644291996955872
0.469758540391922,0.7598931789398193,4.366386576748482e-07,0.3983951807022095,0.6836769580841064,-0.04132118821144104,0.3623363971710205,0.5631887912750244,-0.06220349669456482,0.37011921405792236,0.45412272214889526,-0.08008801937103271,0.3861546516418457,0.3598315417766571,-0.09655246883630753,0.4049275517463684,0.41844913363456726,-0.03183240815997124,0.3933200240135193,0.2811465859413147,-0.06325843930244446,0.38801807165145874,0.2010766863822937,-0.08981437236070633,0.3868902027606964,0.12522587180137634,-0.11049717664718628,0.455208420753479,0.41775819659233093,-0.03479558229446411,0.4443773925304413,0.2690316140651703,-0.0606633722782135,0.44012901186943054,0.1790199875831604,-0.08659204095602036,0.43744218349456787,0.09400603175163269,-0.10765072703361511,0.5023483037948608,0.4455060064792633,-0.04382855445146561,0.49820518493652344,0.31375133991241455,-0.07044047862291336,0.49342578649520874,0.23176883161067963,-0.09071701020002365,0.4855501055717468,0.15576401352882385,-0.10713890194892883,0.552161693572998,0.4940769076347351,-0.0573330856859684,0.5538028478622437,0.3979615271091461,-0.0825350433588028,0.5487267971038818,0.33253803849220276,-0.09634581208229065,0.539084792137146,0.26897168159484863,-0.10733823478221893
0.4624556303024292,0.7180657386779785,3.6717941043207247e-07,0.3949180841445923,0.6455371379852295,-0.03520660847425461,0.36116379499435425,0.5321553349494934,-0.05079064145684242,0.3694598078727722,0.42948734760284424,-0.06394066661596298,0.3862092196941376,0.3446098566055298,-0.07482217997312546,0.4027485251426697,0.3969251811504364,-0.0162118561565876,0.39182183146476746,0.27313417196273804,-0.04065346717834473,0.38722965121269226,0.20119541883468628,-0.06337615847587585,0.38675403594970703,0.13411086797714233,-0.08113806694746017,0.449337363243103,0.39597171545028687,-0.017883984372019768,0.43928757309913635,0.2607089877128601,-0.03645525872707367,0.4351913332939148,0.1795358955860138,-0.05737318843603134,0.4323446750640869,0.10483479499816895,-0.07441823929548264,0.49216076731681824,0.4212414026260376,-0.025531377643346786,0.48786643147468567,0.3004950284957886,-0.04469657689332962,0.4825497567653656,0.22648781538009644,-0.05964895337820053,0.47523388266563416,0.1605532467365265,-0.0721193328499794,0.5384774804115295,0.4661789536476135,-0.037556517869234085,0.5385662317276001,0.37849605083465576,-0.055323533713817596,0.5328091382980347,0.3193122148513794,-0.06429657340049744,0.5240927338600159,0.2630736827850342,-0.07156964391469955
0.46729448437690735,0.7033514976501465,3.829885031336744e-07,0.3985653519630432,0.6350393295288086,-0.037023965269327164,0.3650590479373932,0.5251948237419128,-0.05309323966503143,0.37158966064453125,0.4254765808582306,-0.06657413393259048,0.38862720131874084,0.3431154489517212,-0.07802296429872513,0.4050814211368561,0.3932095766067505,-0.01711578480899334,0.3927637040615082,0.27240508794784546,-0.042214106768369675,0.38694775104522705,0.2011060118675232,-0.06544895470142365,0.3855111598968506,0.13458794355392456,-0.08362206071615219,0.45113712549209595,0.3898578882217407,-0.018123380839824677,0.4386335611343384,0.2595359683036804,-0.03817197307944298,0.4329477846622467,0.17981380224227905,-0.06070142239332199,0.42949074506759644,0.10540202260017395,-0.07857654243707657,0.49445104598999023,0.4129355549812317,-0.025268899276852608,0.48852112889289856,0.2976251244544983,-0.04646462947130203,0.48309338092803955,0.2261049449443817,-0.06352677941322327,0.47615399956703186,0.16165697574615479,-0.07686494290828705,0.5410906672477722,0.4546261131763458,-0.036737192422151566,0.5405581593513489,0.36923277378082275,-0.055909015238285065,0.5345060229301453,0.31306248903274536,-0.06601859629154205,0.525567889213562,0.2593381404876709,-0.07385649532079697
0.4268062710762024,0.7171814441680908,2.9335072326830414e-07,0.3625853359699249,0.6403111219406128,-0.023519860580563545,0.3328612148761749,0.5209689736366272,-0.03473759442567825,0.337943971157074,0.4265192747116089,-0.04645943641662598,0.34378623962402344,0.3470935821533203,-0.057530052959918976,0.37485209107398987,0.40629059076309204,-0.009637363255023956,0.3651205897331238,0.28927671909332275,-0.03491795435547829,0.358487606048584,0.21725930273532867,-0.058114539831876755,0.354346364736557,0.1515299379825592,-0.07563287764787674,0.4110664129257202,0.40609967708587646,-0.017773984000086784,0.40006735920906067,0.28000980615615845,-0.039201777428388596,0.3906692862510681,0.19931000471115112,-0.06028783321380615,0.38242489099502563,0.12593293190002441,-0.07593540847301483,0.44802626967430115,0.4282503128051758,-0.030814239755272865,0.43930158019065857,0.30651044845581055,-0.05141414701938629,0.43295547366142273,0.23130349814891815,-0.06442762911319733,0.4245355427265167,0.1641649603843689,-0.07425367087125778,0.48832398653030396,0.470387727022171,-0.04733207821846008,0.4889548718929291,0.37907928228378296,-0.06633617728948593,0.48454150557518005,0.3170250654220581,-0.07383518666028976,0.4766455888748169,0.260867714881897,-0.07894489169120789
0.37622860074043274,0.7038267850875854,2.915066943387501e-07,0.31572771072387695,0.629706621170044,-0.01870778016746044,0.2919369339942932,0.5079776644706726,-0.028163962066173553,0.2986277639865875,0.41797497868537903,-0.03893517330288887,0.2975672483444214,0.3372322618961334,-0.04927786812186241,0.32352545857429504,0.3910291790962219,-0.01247659046202898,0.31383416056632996,0.27708423137664795,-0.03774750232696533,0.3065243363380432,0.20790734887123108,-0.059601083397865295,0.3025861084461212,0.14345893263816833,-0.07682178169488907,0.3579948842525482,0.3925808072090149,-0.023960046470165253,0.3437747359275818,0.2662334740161896,-0.0478145070374012,0.3366829454898834,0.18348678946495056,-0.07089598476886749,0.33145445585250854,0.1081211268901825,-0.08850263804197311,0.39278683066368103,0.4190000295639038,-0.03973623365163803,0.3833383619785309,0.2995842695236206,-0.06549440324306488,0.37789198756217957,0.223899245262146,-0.08472698926925659,0.370010107755661,0.1553773283958435,-0.09879934042692184,0.42949411273002625,0.4642002284526825,-0.057863667607307434,0.4282715916633606,0.374131977558136,-0.0834718868136406,0.4219120740890503,0.30905988812446594,-0.09816625714302063,0.4125445783138275,0.24752183258533478,-0.1089010164141655
0.4075583219528198,0.6967920064926147,3.7791195950376277e-07,0.3286120593547821,0.6395990252494812,-0.03810802474617958,0.28260910511016846,0.533176064491272,-0.05607447400689125,0.2855217158794403,0.4290412366390228,-0.07141845673322678,0.2957106828689575,0.337049275636673,-0.08510187268257141,0.31726011633872986,0.38788890838623047,-0.023887448012828827,0.29675155878067017,0.26407164335250854,-0.05198667570948601,0.28580808639526367,0.19057045876979828,-0.07648321986198425,0.27858635783195496,0.12159642577171326,-0.0956321507692337,0.3646300435066223,0.3796388506889343,-0.02649504877626896,0.3431066572666168,0.24589893221855164,-0.05081629380583763,0.3308880627155304,0.16403326392173767,-0.07537204772233963,0.3212406635284424,0.08819228410720825,-0.0943608433008194,0.411048024892807,0.3989614248275757,-0.035114940255880356,0.39650416374206543,0.27692127227783203,-0.06109821796417236,0.38447466492652893,0.20439285039901733,-0.0807257667183876,0.37110015749931335,0.13816297054290771,-0.09534341841936111,0.4616749882698059,0.4377833604812622,-0.047811705619096756,0.4553270637989044,0.34680208563804626,-0.0724991112947464,0.44350239634513855,0.28751909732818604,-0.08600560575723648,0.42838719487190247,0.23117953538894653,-0.09567126631736755
0.3969818651676178,0.6714206337928772,4.770331543113571e-07,0.3228050172328949,0.6115944981575012,-0.03833041340112686,0.2735773026943207,0.5126426219940186,-0.05941135063767433,0.27054569125175476,0.40948304533958435,-0.07729652523994446,0.2773440182209015,0.3176265060901642,-0.0933108702301979,0.30166780948638916,0.37073105573654175,-0.03281046077609062,0.2796025574207306,0.24436424672603607,-0.062376994639635086,0.2677229344844818,0.17060914635658264,-0.08668435364961624,0.2597982883453369,0.10012918710708618,-0.10540575534105301,0.35090771317481995,0.3621567487716675,-0.03569084033370018,0.32712048292160034,0.2270578145980835,-0.05984637513756752,0.3152320981025696,0.14397937059402466,-0.08245829492807388,0.305368572473526,0.06738480925559998,-0.10029271990060806,0.4001741409301758,0.38140997290611267,-0.0438753105700016,0.38428953289985657,0.2597477436065674,-0.06860215961933136,0.3727778196334839,0.1881832629442215,-0.08470048755407333,0.35945820808410645,0.12352025508880615,-0.09732422977685928,0.45328032970428467,0.4196140766143799,-0.0561249777674675,0.4442046284675598,0.332180380821228,-0.08002908527851105,0.4313351511955261,0.2752964496612549,-0.09108802676200867,0.41521692276000977,0.221718892455101,-0.0988798514008522
0.38980916142463684,0.6229385137557983,5.523416461983288e-07,0.32149454951286316,0.5676435828208923,-0.04754967987537384,0.27527329325675964,0.47668012976646423,-0.07875493913888931,0.2714977562427521,0.3870377540588379,-0.10530868917703629,0.2811026871204376,0.29554885625839233,-0.13192182779312134,0.30225393176078796,0.34249839186668396,-0.0652334913611412,0.2821870446205139,0.21331064403057098,-0.10760270059108734,0.27191925048828125,0.13630814850330353,-0.13833259046077728,0.2655297517776489,0.06323838233947754,-0.1611950844526291,0.3520616888999939,0.340451717376709,-0.06870662420988083,0.3316233456134796,0.2021053582429886,-0.10756469517946243,0.3222816586494446,0.11794522404670715,-0.1389966756105423,0.3138739764690399,0.035524457693099976,-0.16277192533016205,0.4010161757469177,0.36619052290916443,-0.07663311064243317,0.3875979781150818,0.24531400203704834,-0.1153978705406189,0.37967821955680847,0.16936172544956207,-0.1413181722164154,0.36935558915138245,0.09792381525039673,-0.16006645560264587,0.45181405544281006,0.4113958477973938,-0.08807279169559479,0.4488312602043152,0.32488033175468445,-0.1242600679397583,0.4401682913303375,0.26589205861091614,-0.14332698285579681,0.4269419312477112,0.20883040130138397,-0.15688642859458923
0.3856121897697449,0.6125085353851318,5.856022653460968e-07,0.320711225271225,0.5614414215087891,-0.0466366782784462,0.2743816077709198,0.4771270155906677,-0.07931839674711227,0.26612529158592224,0.396872878074646,-0.10752629488706589,0.2762605845928192,0.3116890490055084,-0.13655222952365875,0.29583486914634705,0.3525080978870392,-0.07140084356069565,0.27201735973358154,0.2279135286808014,-0.11650921404361725,0.2611461877822876,0.15201973915100098,-0.14895279705524445,0.25474226474761963,0.07972759008407593,-0.1729060262441635,0.3455857038497925,0.3502725064754486,-0.07614371925592422,0.32210642099380493,0.21907927095890045,-0.11804594844579697,0.3115179240703583,0.13715146481990814,-0.15110833942890167,0.3013904094696045,0.055615395307540894,-0.17582909762859344,0.3952103853225708,0.3759067952632904,-0.08474322408437729,0.38035979866981506,0.26214033365249634,-0.12598541378974915,0.37220698595046997,0.18820881843566895,-0.15314458310604095,0.3618299067020416,0.11926782131195068,-0.17243151366710663,0.44558119773864746,0.42114704847335815,-0.09645052999258041,0.4417624771595001,0.33914709091186523,-0.13438810408115387,0.43423041701316833,0.2824384570121765,-0.153891459107399,0.42230361700057983,0.22764137387275696,-0.16772346198558807
0.3851664662361145,0.627377986907959,5.590518412645906e-07,0.3189246952533722,0.5797056555747986,-0.04578833281993866,0.2713008522987366,0.4910057783126831,-0.07478141784667969,0.26460009813308716,0.403816282749176,-0.09906546026468277,0.27269938588142395,0.31478917598724365,-0.12332634627819061,0.2936456501483917,0.3582972288131714,-0.05997604504227638,0.2699541449546814,0.23613108694553375,-0.0999789610505104,0.258792519569397,0.16042397916316986,-0.12924136221408844,0.2510911822319031,0.08890321850776672,-0.1509464979171753,0.34152764081954956,0.35365670919418335,-0.06298856437206268,0.31875818967819214,0.22303961217403412,-0.09981729090213776,0.30703607201576233,0.14032524824142456,-0.12935230135917664,0.29584336280822754,0.061276137828826904,-0.15108473598957062,0.3895212411880493,0.3781215250492096,-0.07047285884618759,0.3750401735305786,0.2627078890800476,-0.10753053426742554,0.3663260042667389,0.18894292414188385,-0.13201817870140076,0.35571616888046265,0.12025004625320435,-0.1490841507911682,0.43856897950172424,0.4222198724746704,-0.08132605999708176,0.4342663288116455,0.33847370743751526,-0.11623486131429672,0.4268324077129364,0.2824029326438904,-0.13410285115242004,0.4156355857849121,0.22819791734218597,-0.14620855450630188
0.3952023983001709,0.6713019609451294,3.192756992120849e-07,0.32984256744384766,0.6098669767379761,-0.029824547469615936,0.2912750244140625,0.5152050852775574,-0.04733581095933914,0.2902572453022003,0.42701399326324463,-0.06330665946006775,0.2930689752101898,0.34851452708244324,-0.07884661853313446,0.318681925535202,0.3970450162887573,-0.02679571881890297,0.29989224672317505,0.2826055586338043,-0.054453231394290924,0.2899937331676483,0.21415439248085022,-0.07769011706113815,0.2844108045101166,0.15137197077274323,-0.09498836100101471,0.36183497309684753,0.39437413215637207,-0.03271929919719696,0.3450718820095062,0.26990172266960144,-0.05580409988760948,0.33609387278556824,0.1929549127817154,-0.07764115184545517,0.329041063785553,0.12260109186172485,-0.09436248987913132,0.4040859639644623,0.41391053795814514,-0.04292410612106323,0.3930896520614624,0.30037397146224976,-0.06566161662340164,0.38248521089553833,0.2334555685520172,-0.07989408820867538,0.36997339129447937,0.17200373113155365,-0.09099792689085007,0.44992828369140625,0.44922423362731934,-0.056421391665935516,0.4469525218009949,0.36741259694099426,-0.07711076736450195,0.4398725628852844,0.31369560956954956,-0.08491507172584534,0.42968183755874634,0.26285749673843384,-0.09060075879096985
0.40281590819358826,0.6751750707626343,3.6002478509544744e-07,0.3554118275642395,0.6203252077102661,-0.029689427465200424,0.32695677876472473,0.5507366061210632,-0.05108281970024109,0.33559685945510864,0.4885006844997406,-0.07027577608823776,0.35885751247406006,0.43450072407722473,-0.08918005973100662,0.3669329583644867,0.4504208266735077,-0.03660684451460838,0.36311426758766174,0.3623080551624298,-0.06616929918527603,0.36395835876464844,0.30997371673583984,-0.0892459899187088,0.3685545325279236,0.2608078122138977,-0.10612612217664719,0.4073619842529297,0.4563928544521332,-0.04153500497341156,0.40827804803848267,0.35721462965011597,-0.06680580228567123,0.40973880887031555,0.2983705997467041,-0.08723630756139755,0.41208258271217346,0.24186277389526367,-0.10246387124061584,0.4446706473827362,0.4820082485675812,-0.05005553737282753,0.44924429059028625,0.39074161648750305,-0.07485369592905045,0.44980478286743164,0.33724287152290344,-0.0883948877453804,0.44797074794769287,0.28510844707489014,-0.09820009022951126,0.4823673963546753,0.5227442383766174,-0.06126749888062477,0.49249643087387085,0.4589763581752777,-0.08371980488300323,0.4942697286605835,0.4171932637691498,-0.09201154857873917,0.4912981688976288,0.3750024139881134,-0.09734103083610535
0.41389065980911255,0.6715373992919922,4.067546512942499e-07,0.36963534355163574,0.6273409128189087,-0.03765164688229561,0.34534168243408203,0.5692779421806335,-0.06215643137693405,0.35841426253318787,0.5150593519210815,-0.08264311403036118,0.3857377767562866,0.47023069858551025,-0.10292210429906845,0.39059460163116455,0.4893938899040222,-0.04650180786848068,0.3928353488445282,0.41659462451934814,-0.07877126336097717,0.400980144739151,0.3731321394443512,-0.10372710973024368,0.41523006558418274,0.33058786392211914,-0.12214485555887222,0.43168148398399353,0.4941500723361969,-0.046267855912446976,0.43986624479293823,0.41602349281311035,-0.07528434693813324,0.4491215944290161,0.3671935200691223,-0.09806738793849945,0.4596780836582184,0.31640303134918213,-0.11523503065109253,0.4667152464389801,0.5165531039237976,-0.05008010193705559,0.477572500705719,0.4474307894706726,-0.07834403961896896,0.48369699716567993,0.40361860394477844,-0.09469527006149292,0.4878808259963989,0.3587847948074341,-0.1060710921883583,0.4979463219642639,0.5506646037101746,-0.05695868283510208,0.5101945400238037,0.500269889831543,-0.08227222412824631,0.5147800445556641,0.4656912088394165,-0.09420982748270035,0.5165119171142578,0.4292779564857483,-0.10223463177680969
0.41506218910217285,0.6962208151817322,3.786490765378403e-07,0.3661673367023468,0.6462782621383667,-0.027937810868024826,0.33929646015167236,0.569374680519104,-0.04373633861541748,0.34616899490356445,0.4971259832382202,-0.05717688798904419,0.3652966618537903,0.43709492683410645,-0.06976920366287231,0.3722185492515564,0.46931982040405273,-0.024772942066192627,0.36922791600227356,0.3765552043914795,-0.04815586283802986,0.370050847530365,0.3202592134475708,-0.06736526638269424,0.37360242009162903,0.269087016582489,-0.08146260678768158,0.40883827209472656,0.4686829745769501,-0.02689601667225361,0.4068642556667328,0.368228018283844,-0.04610079899430275,0.4067533612251282,0.30630552768707275,-0.0635225847363472,0.4070367217063904,0.24983742833137512,-0.0763077512383461,0.44333595037460327,0.48755714297294617,-0.03280007094144821,0.4440019726753235,0.3952120542526245,-0.051856692880392075,0.4432133734226227,0.34022843837738037,-0.06427181512117386,0.4404866099357605,0.28923648595809937,-0.07321901619434357,0.47843796014785767,0.5216168165206909,-0.041506052017211914,0.48342975974082947,0.455294668674469,-0.05928422883152962,0.48267924785614014,0.412542462348938,-0.06689134240150452,0.47858986258506775,0.37081632018089294,-0.07170750945806503
0.408422589302063,0.718192458152771,3.4433452356097405e-07,0.354557067155838,0.6657360792160034,-0.032690878957509995,0.32778945565223694,0.5817618370056152,-0.04862070828676224,0.3364868760108948,0.5038046836853027,-0.06178702414035797,0.354948490858078,0.4373275935649872,-0.07363371551036835,0.36455997824668884,0.47362786531448364,-0.021435588598251343,0.35906052589416504,0.3789008855819702,-0.04393012076616287,0.35792380571365356,0.3217322826385498,-0.06400545686483383,0.3603697121143341,0.2674674391746521,-0.07967762649059296,0.4024897813796997,0.4709135890007019,-0.021909121423959732,0.3974504768848419,0.3670281767845154,-0.040143661201000214,0.3953968286514282,0.3022935092449188,-0.05949254333972931,0.39463043212890625,0.241225928068161,-0.07487311959266663,0.4370869994163513,0.4905532896518707,-0.027258770540356636,0.4360361695289612,0.39703822135925293,-0.046619053930044174,0.43435993790626526,0.3399243652820587,-0.062363531440496445,0.43119940161705017,0.2870272397994995,-0.07445263117551804,0.47265860438346863,0.5260780453681946,-0.03605446591973305,0.4756612777709961,0.4577326774597168,-0.05433490499854088,0.47275587916374207,0.4126361608505249,-0.06475846469402313,0.46740737557411194,0.3687283396720886,-0.07261734455823898
0.4203764796257019,0.72816002368927,3.0570049602829386e-07,0.35946884751319885,0.6744105219841003,-0.025607237592339516,0.3312664031982422,0.5901007056236267,-0.0333998017013073,0.33928292989730835,0.507904589176178,-0.03950530290603638,0.3494737148284912,0.4405328035354614,-0.04319131374359131,0.36132970452308655,0.48660197854042053,0.00512603810057044,0.35030561685562134,0.39701318740844727,-0.006465080194175243,0.3462017774581909,0.3455156087875366,-0.021310094743967056,0.3452702462673187,0.29730236530303955,-0.03346418961882591,0.3977202773094177,0.4817579984664917,0.006254748906940222,0.3863881528377533,0.38694849610328674,-0.0009254897013306618,0.3803074061870575,0.329827219247818,-0.014862382784485817,0.37540745735168457,0.2787742018699646,-0.02672988548874855,0.4304622709751129,0.4958350360393524,0.0018809438915923238,0.4233062267303467,0.4092944860458374,-0.006955818273127079,0.4158211052417755,0.3574509620666504,-0.01618138886988163,0.4082103371620178,0.312802791595459,-0.0244181826710701,0.46693670749664307,0.5230164527893066,-0.006153595633804798,0.4634259343147278,0.45929667353630066,-0.0145017821341753,0.45618879795074463,0.41879206895828247,-0.018709441646933556,0.44794994592666626,0.3799527883529663,-0.022533569484949112
0.425701379776001,0.730209231376648,3.338878116210253e-07,0.3619551360607147,0.6787421703338623,-0.02647656574845314,0.3334214389324188,0.5943518877029419,-0.03153276816010475,0.34030815958976746,0.5125122666358948,-0.03430405631661415,0.3498540222644806,0.4466544985771179,-0.033942367881536484,0.3613120913505554,0.4949510991573334,0.014124051667749882,0.3493155837059021,0.406856894493103,0.008935367688536644,0.34474095702171326,0.35641080141067505,-0.0029401499778032303,0.34264087677001953,0.31012246012687683,-0.01334663387387991,0.3978444039821625,0.48875704407691956,0.0185079388320446,0.384816437959671,0.39635229110717773,0.018594184890389442,0.37761569023132324,0.3408101499080658,0.007946095429360867,0.3711450397968292,0.2934780716896057,-0.0021105287596583366,0.42943644523620605,0.5005096197128296,0.016930660232901573,0.42019882798194885,0.41697555780410767,0.015392258763313293,0.4106145203113556,0.36653637886047363,0.009689043276011944,0.4020427465438843,0.32451337575912476,0.0030259934719651937,0.46666091680526733,0.5240218043327332,0.011143040843307972,0.4604625701904297,0.46193045377731323,0.00996941328048706,0.4516627788543701,0.423578143119812,0.009640032425522804,0.4427466094493866,0.38688865303993225,0.007827438414096832
0.3898913860321045,0.7218987941741943,2.3232196610933897e-07,0.34905052185058594,0.6473274230957031,-0.007909389212727547,0.3482927680015564,0.5518769025802612,-0.01004388090223074,0.36256569623947144,0.48773688077926636,-0.014832773245871067,0.3711310029029846,0.43201661109924316,-0.019239723682403564,0.3837375044822693,0.47975942492485046,0.009643852710723877,0.3954823315143585,0.3974248170852661,-0.0037277727387845516,0.3999667465686798,0.3444034457206726,-0.01830263063311577,0.40428900718688965,0.2972433567047119,-0.030018197372555733,0.40534618496894836,0.482901930809021,0.00032516405917704105,0.4154629707336426,0.39142462611198425,-0.011361947283148766,0.42049622535705566,0.3307727873325348,-0.02605268359184265,0.42419958114624023,0.27602118253707886,-0.037491220980882645,0.4248020648956299,0.5023637413978577,-0.012644943781197071,0.4367530643939972,0.4123722314834595,-0.024565115571022034,0.4426063001155853,0.3570553660392761,-0.03546126186847687,0.4440467655658722,0.30698448419570923,-0.04423103854060173,0.4434370994567871,0.5349293351173401,-0.027630073949694633,0.45427191257476807,0.46801435947418213,-0.039409663528203964,0.4571796953678131,0.4204238951206207,-0.046190693974494934,0.45576608180999756,0.37638747692108154,-0.051717355847358704
0.3966042995452881,0.7236111760139465,-3.0874085155119246e-07,0.3976016044616699,0.6202528476715088,0.0598018504679203,0.4065832793712616,0.5512503981590271,0.07486162334680557,0.41108354926109314,0.49505072832107544,0.07750225812196732,0.41199991106987,0.4468291997909546,0.07541883736848831,0.4524058997631073,0.5098079442977905,0.01889534294605255,0.4362304210662842,0.4263695180416107,0.00833504181355238,0.41312411427497864,0.409777969121933,0.000624988111667335,0.402096152305603,0.4053211212158203,-0.006508697289973497,0.45434847474098206,0.524642288684845,-0.02295290119946003,0.45339569449424744,0.39890018105506897,-0.03501686453819275,0.454061895608902,0.3229715824127197,-0.04348757117986679,0.45677509903907776,0.2660011649131775,-0.05456998571753502,0.43591225147247314,0.5476614236831665,-0.05977223068475723,0.4495060443878174,0.42062488198280334,-0.07119046151638031,0.4538740813732147,0.3497813940048218,-0.07913044840097427,0.461654394865036,0.2942291498184204,-0.09082643687725067,0.40532487630844116,0.5649495720863342,-0.09028676152229309,0.41569235920906067,0.4910685420036316,-0.11203362792730331,0.4225245416164398,0.43884819746017456,-0.12521083652973175,0.4293754994869232,0.39064982533454895,-0.13750864565372467
0.3638947010040283,0.7162761688232422,1.3567877488185331e-07,0.3464551866054535,0.6099106073379517,0.03369195759296417,0.36111128330230713,0.5297761559486389,0.040530625730752945,0.3723411560058594,0.47598886489868164,0.039021193981170654,0.3792341649532318,0.4254666864871979,0.034486521035432816,0.4055079221725464,0.48929935693740845,0.018221301957964897,0.40918081998825073,0.3890756666660309,0.00817069597542286,0.4097377061843872,0.3204275369644165,-0.0005307231331244111,0.4139740467071533,0.26084697246551514,-0.008082547225058079,0.4115854501724243,0.49997478723526,-0.010055008344352245,0.4111804664134979,0.38023117184638977,-0.021032962948083878,0.4117337465286255,0.3015528917312622,-0.030209684744477272,0.41735705733299255,0.2365732491016388,-0.03895481303334236,0.40119415521621704,0.5141975283622742,-0.03642284497618675,0.4064396321773529,0.3977293074131012,-0.0459168404340744,0.4090530574321747,0.32402125000953674,-0.052731890231370926,0.41565921902656555,0.26451122760772705,-0.060575585812330246,0.37780556082725525,0.5275781154632568,-0.059978000819683075,0.3841993510723114,0.45221251249313354,-0.07090621441602707,0.387108713388443,0.4016147255897522,-0.07602448016405106,0.3918534815311432,0.3569837808609009,-0.08150140196084976
0.3043520748615265,0.7025914788246155,3.30550449234579e-07,0.24430982768535614,0.6500083208084106,-0.032363682985305786,0.21056434512138367,0.5563173294067383,-0.04942021891474724,0.21817970275878906,0.47404026985168457,-0.063995860517025,0.23707763850688934,0.40175360441207886,-0.07684195786714554,0.25050410628318787,0.43601566553115845,-0.021816089749336243,0.24332958459854126,0.3331599235534668,-0.04626954346895218,0.24168263375759125,0.27110832929611206,-0.06712966412305832,0.24304690957069397,0.2146729826927185,-0.08296609669923782,0.2910560667514801,0.43586641550064087,-0.023739611729979515,0.28245508670806885,0.3266936242580414,-0.04320436343550682,0.27917805314064026,0.257996529340744,-0.06062103807926178,0.2774297595024109,0.19603320956230164,-0.07390695810317993,0.32908394932746887,0.4594007730484009,-0.030941855162382126,0.3229561448097229,0.35868483781814575,-0.05087428167462349,0.31948500871658325,0.29691582918167114,-0.06333617866039276,0.31471124291419983,0.2384449690580368,-0.07287146896123886,0.3681424856185913,0.5019587278366089,-0.04175169765949249,0.36839959025382996,0.4273321330547333,-0.06140263378620148,0.3652860224246979,0.3775129020214081,-0.07015563547611237,0.36012494564056396,0.3281451463699341,-0.07600536197423935
0.29427897930145264,0.7105787992477417,4.146671415128367e-07,0.23121006786823273,0.6554298996925354,-0.03407773748040199,0.19576141238212585,0.5662887692451477,-0.05045275390148163,0.19998005032539368,0.4790847897529602,-0.06420032680034637,0.21727696061134338,0.4032975733280182,-0.07649904489517212,0.22763174772262573,0.45128077268600464,-0.01952800527215004,0.21731245517730713,0.3468834161758423,-0.04365238547325134,0.21352677047252655,0.28338950872421265,-0.0650709718465805,0.21306832134723663,0.22374874353408813,-0.08149152994155884,0.2706841826438904,0.4458658695220947,-0.02041115052998066,0.26151353120803833,0.33257097005844116,-0.03995289281010628,0.2567964494228363,0.2615172863006592,-0.06089626997709274,0.25264593958854675,0.1942131519317627,-0.07717279344797134,0.310737282037735,0.463778555393219,-0.026606174185872078,0.30558285117149353,0.3630930781364441,-0.047535382211208344,0.3016664981842041,0.29949823021888733,-0.06412301957607269,0.2961304187774658,0.24066032469272614,-0.07657952606678009,0.3527475893497467,0.49809810519218445,-0.03643060103058815,0.3531934320926666,0.42557668685913086,-0.05586741864681244,0.34856483340263367,0.3763093054294586,-0.06632175296545029,0.3413867652416229,0.3283270001411438,-0.07399757206439972
0.3023798167705536,0.7064125537872314,3.8546542668882466e-07,0.23742318153381348,0.6588858962059021,-0.03710995987057686,0.19882932305335999,0.5751723051071167,-0.05427354946732521,0.20291435718536377,0.4872216582298279,-0.06822354346513748,0.21949756145477295,0.4120819866657257,-0.08059533685445786,0.23227006196975708,0.45302078127861023,-0.02237049676477909,0.21906551718711853,0.3496053218841553,-0.04672842472791672,0.21329542994499207,0.2867651879787445,-0.06854051351547241,0.21116435527801514,0.2269744873046875,-0.08558231592178345,0.27413755655288696,0.44376659393310547,-0.02190577983856201,0.26181215047836304,0.3325616717338562,-0.04167785122990608,0.2546680271625519,0.26326513290405273,-0.06284024566411972,0.24847301840782166,0.19669467210769653,-0.0796857699751854,0.31294357776641846,0.4587138891220093,-0.02701786905527115,0.30677247047424316,0.3594459891319275,-0.047905340790748596,0.3012421727180481,0.29754209518432617,-0.06444791704416275,0.29373663663864136,0.23954613506793976,-0.07732465863227844,0.35413703322410583,0.49052196741104126,-0.036139994859695435,0.35351234674453735,0.41925495862960815,-0.05556841194629669,0.34737616777420044,0.37257125973701477,-0.06608887761831284,0.3380609452724457,0.32707154750823975,-0.07415632158517838
0.31038030982017517,0.7072070837020874,4.2037106595671503e-07,0.24510283768177032,0.6669794917106628,-0.04031175374984741,0.20741471648216248,0.5883463025093079,-0.05909144505858421,0.21291790902614594,0.5013325214385986,-0.07382695376873016,0.22624471783638,0.42619451880455017,-0.08699418604373932,0.23724237084388733,0.4617025852203369,-0.027340933680534363,0.22189056873321533,0.35958731174468994,-0.05233151838183403,0.21501493453979492,0.29623889923095703,-0.07485555112361908,0.21133147180080414,0.2360713630914688,-0.092293381690979,0.2781490385532379,0.44951820373535156,-0.02531673200428486,0.2642780840396881,0.338423490524292,-0.044953182339668274,0.25565335154533386,0.2694246172904968,-0.0664246529340744,0.24760235846042633,0.20338347554206848,-0.08376289904117584,0.3157225549221039,0.4613366723060608,-0.02885022759437561,0.30683982372283936,0.36292505264282227,-0.04874712973833084,0.2985130548477173,0.3014585077762604,-0.06538371741771698,0.2892088294029236,0.24489861726760864,-0.07875265181064606,0.3563631772994995,0.4895572066307068,-0.03672828897833824,0.3539193272590637,0.41885218024253845,-0.054999567568302155,0.3471751809120178,0.3725470006465912,-0.06545597314834595,0.3377262055873871,0.3274773955345154,-0.07380285114049911
0.3276338577270508,0.7108216881752014,3.751298152110394e-07,0.2670329213142395,0.6773287653923035,-0.04115580767393112,0.23138169944286346,0.6003924012184143,-0.05900123715400696,0.2372007817029953,0.5134962201118469,-0.07259995490312576,0.24410107731819153,0.44142770767211914,-0.08434175699949265,0.2515389919281006,0.4719516336917877,-0.024628691375255585,0.23581990599632263,0.3728759288787842,-0.04803693667054176,0.22933152318000793,0.31059250235557556,-0.07034382224082947,0.22545385360717773,0.2526136040687561,-0.08753706514835358,0.29004043340682983,0.45723873376846313,-0.020724931731820107,0.27588385343551636,0.3502201735973358,-0.038858942687511444,0.2663535177707672,0.2837672233581543,-0.059538792818784714,0.25701072812080383,0.22149619460105896,-0.07629066705703735,0.32566744089126587,0.4648999571800232,-0.022605910897254944,0.31491386890411377,0.36817866563796997,-0.04001627862453461,0.3032921850681305,0.3091754913330078,-0.05489137023687363,0.2909235656261444,0.25668996572494507,-0.06708287447690964,0.3651685118675232,0.4883117079734802,-0.029196131974458694,0.3594781458377838,0.4155082404613495,-0.044687919318675995,0.3497295081615448,0.3689616024494171,-0.05368427559733391,0.33750975131988525,0.32551461458206177,-0.06111599877476692
0.328300803899765,0.7146486043930054,4.3039833030888985e-07,0.26432058215141296,0.682571530342102,-0.04298337176442146,0.2285868525505066,0.6064630746841431,-0.059932686388492584,0.23687610030174255,0.520755410194397,-0.07184429466724396,0.24364696443080902,0.452216237783432,-0.08161605149507523,0.25004443526268005,0.47601526975631714,-0.024499714374542236,0.23414352536201477,0.3760249614715576,-0.04575652256608009,0.22765186429023743,0.3138325810432434,-0.06702151894569397,0.22375020384788513,0.25569045543670654,-0.08338327705860138,0.290162593126297,0.4623071551322937,-0.018180521205067635,0.2745135426521301,0.35562658309936523,-0.0329723097383976,0.2650405168533325,0.2896653115749359,-0.051822733134031296,0.25670698285102844,0.22810351848602295,-0.06752605736255646,0.32617923617362976,0.4706787168979645,-0.017769958823919296,0.31581875681877136,0.37692832946777344,-0.031701382249593735,0.3055756092071533,0.31909066438674927,-0.045112404972314835,0.2957482635974884,0.2682514786720276,-0.05663953348994255,0.3659110963344574,0.4941250681877136,-0.02241668663918972,0.36007845401763916,0.42399266362190247,-0.034642983227968216,0.3514748811721802,0.38056862354278564,-0.041804153472185135,0.34181949496269226,0.33941519260406494,-0.04811057448387146
0.28746679425239563,0.6687785387039185,4.632429977391439e-07,0.22736118733882904,0.6082804203033447,-0.031033050268888474,0.19876372814178467,0.5121682286262512,-0.04656798765063286,0.2060089409351349,0.4251570999622345,-0.05973635986447334,0.22644144296646118,0.35779938101768494,-0.07187531143426895,0.23914361000061035,0.40315043926239014,-0.02392224594950676,0.2394580841064453,0.2979615330696106,-0.04782858118414879,0.23883512616157532,0.23368656635284424,-0.06765387207269669,0.23981021344661713,0.1749119758605957,-0.08291267603635788,0.28266239166259766,0.40557020902633667,-0.026609379798173904,0.2837195098400116,0.2931300699710846,-0.04667099565267563,0.2834388315677643,0.22133320569992065,-0.06523697823286057,0.28300315141677856,0.15704470872879028,-0.07924532890319824,0.32259729504585266,0.430774986743927,-0.03384594991803169,0.3240776062011719,0.32753902673721313,-0.05484358221292496,0.32252827286720276,0.26508527994155884,-0.06844418495893478,0.3195304870605469,0.2074996829032898,-0.07848246395587921,0.36123132705688477,0.472561240196228,-0.044340312480926514,0.36585018038749695,0.39949342608451843,-0.06493910402059555,0.36409294605255127,0.3487325608730316,-0.0742417573928833,0.3602941036224365,0.29969877004623413,-0.08033587783575058
0.28240445256233215,0.639247477054596,5.325732104211056e-07,0.21533307433128357,0.5846025347709656,-0.03823916241526604,0.17739759385585785,0.4923161268234253,-0.059092383831739426,0.17890992760658264,0.40216970443725586,-0.07644037902355194,0.19694386422634125,0.32335230708122253,-0.09236808121204376,0.2156357318162918,0.37199416756629944,-0.03237927705049515,0.2067277431488037,0.26006197929382324,-0.06050783395767212,0.20267057418823242,0.19130343198776245,-0.08359137922525406,0.20267128944396973,0.12698188424110413,-0.1010703295469284,0.26132091879844666,0.36853381991386414,-0.03294858708977699,0.2521216869354248,0.2475837916135788,-0.056133925914764404,0.24742667376995087,0.1703212857246399,-0.07725827395915985,0.2435050755739212,0.10166668891906738,-0.09328851848840714,0.30368858575820923,0.3915611207485199,-0.03864465281367302,0.3006414473056793,0.28364676237106323,-0.06273246556520462,0.29355093836784363,0.2180209755897522,-0.0796397402882576,0.2846144139766693,0.1595269739627838,-0.09203492850065231,0.3463863134384155,0.43287912011146545,-0.04800444468855858,0.3478950262069702,0.3550369143486023,-0.07171408087015152,0.3419604003429413,0.3045809268951416,-0.08369334042072296,0.3317652642726898,0.2577071785926819,-0.091595359146595
0.28535860776901245,0.6255512833595276,5.139917220731149e-07,0.22152464091777802,0.5739288330078125,-0.04403473064303398,0.1784372329711914,0.49364668130874634,-0.07252725213766098,0.17439424991607666,0.41530388593673706,-0.09711391478776932,0.188482403755188,0.33516088128089905,-0.12195432931184769,0.2058229148387909,0.3775108754634857,-0.05687817931175232,0.18810640275478363,0.2649920880794525,-0.09616878628730774,0.180088609457016,0.19530124962329865,-0.12567272782325745,0.17602738738059998,0.1272459626197815,-0.14782096445560455,0.2539159655570984,0.37423667311668396,-0.059935808181762695,0.23667195439338684,0.2541842460632324,-0.09583917260169983,0.22831547260284424,0.1770869791507721,-0.12627756595611572,0.21967969834804535,0.09934192895889282,-0.14950016140937805,0.3001871109008789,0.39710965752601624,-0.06737549602985382,0.29138851165771484,0.2934335172176361,-0.10347209125757217,0.28435778617858887,0.2261345237493515,-0.1284969449043274,0.2741681933403015,0.16275742650032043,-0.1463634967803955,0.3467419743537903,0.43794935941696167,-0.07811451703310013,0.3465609848499298,0.36206987500190735,-0.11081882566213608,0.34033676981925964,0.3108913004398346,-0.12808425724506378,0.32870617508888245,0.2621225118637085,-0.1405629813671112
0.2939405143260956,0.6342284679412842,4.987715556126204e-07,0.22763727605342865,0.5897693037986755,-0.041336651891469955,0.18391455709934235,0.5025850534439087,-0.06401212513446808,0.1781005859375,0.4169304370880127,-0.0829220563173294,0.18942537903785706,0.333910197019577,-0.10099750012159348,0.20843768119812012,0.3780050575733185,-0.03968716040253639,0.18836618959903717,0.2663900852203369,-0.07197012007236481,0.17772752046585083,0.1967131644487381,-0.09720811247825623,0.17108440399169922,0.13095173239707947,-0.11627916246652603,0.25221070647239685,0.37010475993156433,-0.04066881537437439,0.2321363240480423,0.2523338198661804,-0.07007209956645966,0.22061452269554138,0.1735871285200119,-0.09595976769924164,0.21023201942443848,0.09970963001251221,-0.11485203355550766,0.29610174894332886,0.3891494870185852,-0.046831414103507996,0.28229305148124695,0.28132349252700806,-0.07816214114427567,0.2722555994987488,0.21604523062705994,-0.10119614005088806,0.2605108320713043,0.15585288405418396,-0.11666546761989594,0.34158796072006226,0.42570632696151733,-0.05636587738990784,0.33683037757873535,0.347907155752182,-0.08705294877290726,0.3275572955608368,0.2976802885532379,-0.10452231764793396,0.3149799704551697,0.25006693601608276,-0.11582519114017487
0.3014448881149292,0.6631897687911987,3.1727668670100684e-07,0.23693114519119263,0.6077013611793518,-0.02890724502503872,0.20300081372261047,0.5136072635650635,-0.04082080349326134,0.20639535784721375,0.4245622158050537,-0.05100974440574646,0.21330836415290833,0.3484291434288025,-0.059781961143016815,0.23332223296165466,0.39886048436164856,-0.009934165515005589,0.2190658152103424,0.29936033487319946,-0.030242228880524635,0.2117265909910202,0.2401769459247589,-0.04984087869524956,0.20752304792404175,0.18386828899383545,-0.0655101016163826,0.27358824014663696,0.3912472426891327,-0.012274686247110367,0.2595628798007965,0.28106462955474854,-0.028653616085648537,0.25078174471855164,0.2139136642217636,-0.04794543981552124,0.24263092875480652,0.1513611078262329,-0.06345538794994354,0.31132596731185913,0.4076060652732849,-0.019858911633491516,0.3005797266960144,0.30696672201156616,-0.03798653185367584,0.29160141944885254,0.2460051029920578,-0.0524241141974926,0.28186964988708496,0.19027577340602875,-0.06399816274642944,0.3524084687232971,0.4406667947769165,-0.030913719907402992,0.34952738881111145,0.3671918511390686,-0.04806792736053467,0.3424258828163147,0.31859833002090454,-0.057153522968292236,0.33299553394317627,0.27136844396591187,-0.06433679163455963
0.30141574144363403,0.6696526408195496,2.7924991741201666e-07,0.23537969589233398,0.6105641722679138,-0.02561686746776104,0.20344245433807373,0.5148581266403198,-0.03538837656378746,0.20832791924476624,0.426233172416687,-0.04428904876112938,0.21588242053985596,0.35172295570373535,-0.05197601765394211,0.23596161603927612,0.4076736271381378,-0.00420102896168828,0.222703218460083,0.3090522885322571,-0.023280147463083267,0.21506382524967194,0.25025302171707153,-0.04208042100071907,0.2106163203716278,0.1943507045507431,-0.05725359544157982,0.27553218603134155,0.4007556140422821,-0.007820464670658112,0.2623482942581177,0.2929665446281433,-0.023823661729693413,0.25378772616386414,0.22660033404827118,-0.042875878512859344,0.24585266411304474,0.16420066356658936,-0.05799167975783348,0.3126293122768402,0.4166165590286255,-0.016662346199154854,0.3031774163246155,0.31808459758758545,-0.03498629853129387,0.2950952649116516,0.2577721178531647,-0.04932587221264839,0.28563082218170166,0.20202629268169403,-0.060484934598207474,0.3528610169887543,0.4486640989780426,-0.02869410440325737,0.3503835201263428,0.37609347701072693,-0.04581752046942711,0.34325259923934937,0.32774806022644043,-0.054589349776506424,0.3336578905582428,0.2808116376399994,-0.061406202614307404
0.282744824886322,0.6725491285324097,1.9495055880724976e-07,0.23284967243671417,0.607221782207489,-0.010851268656551838,0.22119969129562378,0.5111868381500244,-0.014523313380777836,0.2321067601442337,0.4384188652038574,-0.020036673173308372,0.23887626826763153,0.3768143057823181,-0.02515900321304798,0.25588831305503845,0.4189791679382324,0.007231933064758778,0.2567789852619171,0.33057522773742676,-0.006399102974683046,0.25552499294281006,0.2756112217903137,-0.021884622052311897,0.2560284435749054,0.22571200132369995,-0.03469177335500717,0.28419071435928345,0.4197504222393036,-0.0013581231469288468,0.2824203670024872,0.32131874561309814,-0.01235173363238573,0.27949005365371704,0.2590086758136749,-0.027689987793564796,0.27650681138038635,0.20257923007011414,-0.04021434858441353,0.3104357123374939,0.43973663449287415,-0.013662459328770638,0.3109050691127777,0.3437817096710205,-0.025823256000876427,0.30879807472229004,0.28528857231140137,-0.036351945251226425,0.30382484197616577,0.2329840511083603,-0.04545785114169121,0.3374450206756592,0.475127249956131,-0.028147362172603607,0.34103646874427795,0.4016733467578888,-0.040449947118759155,0.3393019437789917,0.3524095416069031,-0.04633934423327446,0.3336053490638733,0.30609309673309326,-0.051389750093221664
0.30501788854599,0.6801984310150146,2.0823135571390594e-07,0.2475084662437439,0.6148447394371033,-0.015621761791408062,0.22389589250087738,0.5192746520042419,-0.019597921520471573,0.2306196093559265,0.4384152293205261,-0.02459246851503849,0.23999394476413727,0.3710024952888489,-0.0278741754591465,0.26197493076324463,0.41875386238098145,0.011412673629820347,0.254902720451355,0.3261798024177551,-0.0009609665139578283,0.25132036209106445,0.27077022194862366,-0.015662772580981255,0.25095075368881226,0.21941404044628143,-0.028139162808656693,0.2963910698890686,0.41791725158691406,0.005482903681695461,0.28837695717811584,0.3191628158092499,-0.004895431455224752,0.28455209732055664,0.2558859586715698,-0.019867826253175735,0.281627357006073,0.199064701795578,-0.03172476589679718,0.3289232552051544,0.43733587861061096,-0.005253696348518133,0.3246656060218811,0.34457626938819885,-0.018356509506702423,0.3202650547027588,0.2879578471183777,-0.029003413394093513,0.3137473464012146,0.23652271926403046,-0.03732886165380478,0.36361873149871826,0.47139742970466614,-0.018635939806699753,0.36380353569984436,0.3999900221824646,-0.03213200345635414,0.35905060172080994,0.3528890013694763,-0.038448505103588104,0.3521363139152527,0.3079839050769806,-0.04301450774073601
0.3710878789424896,0.687269926071167,4.073187085396057e-07,0.31060296297073364,0.633917510509491,-0.035941384732723236,0.2731233239173889,0.5460094809532166,-0.05250291898846626,0.26339292526245117,0.4639888107776642,-0.06533201038837433,0.2505202293395996,0.39239615201950073,-0.07642131298780441,0.32501909136772156,0.4294232428073883,-0.028731143102049828,0.3189554512500763,0.3222113847732544,-0.05341343954205513,0.31824058294296265,0.25653693079948425,-0.0732700377702713,0.320882648229599,0.1984739899635315,-0.08750791102647781,0.3659948408603668,0.4296692907810211,-0.027819648385047913,0.3626404106616974,0.3185122311115265,-0.04703019559383392,0.361057311296463,0.2487693578004837,-0.06341233849525452,0.360365629196167,0.18721291422843933,-0.07540056854486465,0.40443381667137146,0.4528888165950775,-0.031829096376895905,0.40558815002441406,0.3534718155860901,-0.05085279047489166,0.4026552140712738,0.29206299781799316,-0.06111438572406769,0.3984769880771637,0.2353818565607071,-0.06857600808143616,0.44439446926116943,0.49334806203842163,-0.039754774421453476,0.45330673456192017,0.42401206493377686,-0.057384416460990906,0.4541129767894745,0.3783861994743347,-0.0632515549659729,0.4523268938064575,0.3337007164955139,-0.0665583685040474
0.3866826593875885,0.6844750046730042,4.024862505502824e-07,0.32892829179763794,0.6349362134933472,-0.037790924310684204,0.28842243552207947,0.554174542427063,-0.05623907968401909,0.27263888716697693,0.47411128878593445,-0.07057192176580429,0.25115928053855896,0.4061811566352844,-0.08292537927627563,0.3328791856765747,0.432765930891037,-0.03183506056666374,0.32023972272872925,0.32885122299194336,-0.05763823539018631,0.3161408007144928,0.26714059710502625,-0.07823552936315536,0.31631430983543396,0.20986592769622803,-0.093019500374794,0.3729426860809326,0.4285922348499298,-0.030196867883205414,0.36258465051651,0.31981760263442993,-0.050625912845134735,0.35827499628067017,0.25208741426467896,-0.0670110359787941,0.3553573191165924,0.19000983238220215,-0.0791749656200409,0.4114217758178711,0.4484584629535675,-0.03364863991737366,0.4089527130126953,0.35339808464050293,-0.053924817591905594,0.40590134263038635,0.29495668411254883,-0.06420872360467911,0.4009471535682678,0.23960699141025543,-0.07161083817481995,0.4520329535007477,0.4861474633216858,-0.04122553765773773,0.4609639048576355,0.4184034764766693,-0.0593574121594429,0.4629725217819214,0.37322884798049927,-0.06584010273218155,0.4622475206851959,0.3278922736644745,-0.06979399919509888
0.43001750111579895,0.6586195826530457,2.8292384968153783e-07,0.3749716281890869,0.6134878993034363,-0.028181955218315125,0.337045282125473,0.5390411615371704,-0.03958660364151001,0.3270243704319,0.46344879269599915,-0.048422671854496,0.3197099268436432,0.3985455334186554,-0.05507980287075043,0.3673565685749054,0.433207631111145,-0.013620621524751186,0.3526446521282196,0.3436073362827301,-0.031294506043195724,0.3450393080711365,0.2916892468929291,-0.04701001197099686,0.3404770791530609,0.24251246452331543,-0.058635611087083817,0.40177035331726074,0.4255450665950775,-0.012780392542481422,0.3883017897605896,0.33042997121810913,-0.025833355262875557,0.37949854135513306,0.27166926860809326,-0.03851788491010666,0.3719811737537384,0.2174062281847,-0.0481514111161232,0.43564867973327637,0.4384912848472595,-0.016552472487092018,0.42662277817726135,0.35419633984565735,-0.029611948877573013,0.4179675281047821,0.30464300513267517,-0.036563560366630554,0.40848398208618164,0.2585340738296509,-0.041939929127693176,0.47280341386795044,0.4661444127559662,-0.023893913254141808,0.4724899232387543,0.4045903980731964,-0.03519659861922264,0.46874648332595825,0.3648882508277893,-0.038396988064050674,0.4642106294631958,0.32633963227272034,-0.04031907767057419
0.4470345377922058,0.6629521250724792,2.620718362322805e-07,0.3934189975261688,0.6235060095787048,-0.02682662568986416,0.35656023025512695,0.5518561005592346,-0.038669440895318985,0.3479336202144623,0.47914257645606995,-0.04835034906864166,0.34518423676490784,0.4141364097595215,-0.05625401809811592,0.379926472902298,0.44760069251060486,-0.014260361902415752,0.3620636463165283,0.3624281883239746,-0.03373707830905914,0.35412344336509705,0.31161442399024963,-0.05074207857251167,0.34997087717056274,0.2638121247291565,-0.0633191168308258,0.4125310480594635,0.43917039036750793,-0.014821876771748066,0.3951634466648102,0.3485405743122101,-0.030569691210985184,0.3853738009929657,0.2913914620876312,-0.045401133596897125,0.3774886429309845,0.23765671253204346,-0.056404054164886475,0.44570934772491455,0.45020797848701477,-0.019882867112755775,0.43335598707199097,0.36774641275405884,-0.035857826471328735,0.4237991273403168,0.31930848956108093,-0.044980861246585846,0.4135884642601013,0.2739434242248535,-0.05148087814450264,0.4827115535736084,0.4751627445220947,-0.02816244214773178,0.478119432926178,0.4138021469116211,-0.04207603260874748,0.47071564197540283,0.373854398727417,-0.04727143794298172,0.46207690238952637,0.33491891622543335,-0.050543930381536484
0.48002201318740845,0.6741144061088562,2.942319952126127e-07,0.4250258207321167,0.6340802907943726,-0.02714206837117672,0.3877485394477844,0.5605195760726929,-0.03882913291454315,0.3786988854408264,0.4842325747013092,-0.04823386296629906,0.3739641606807709,0.41757407784461975,-0.0557219572365284,0.4134698510169983,0.4543553590774536,-0.013547194190323353,0.39823803305625916,0.3650856018066406,-0.032502178102731705,0.39124152064323425,0.3114815950393677,-0.04934706538915634,0.38729327917099,0.2622773051261902,-0.06190818175673485,0.4470074772834778,0.4459574520587921,-0.013849959708750248,0.43129563331604004,0.35183796286582947,-0.028586238622665405,0.4223380386829376,0.29372870922088623,-0.04306871443986893,0.4145101010799408,0.24040484428405762,-0.05393356457352638,0.48017311096191406,0.4575042426586151,-0.018632808700203896,0.4689411520957947,0.3707757890224457,-0.03352877125144005,0.46042877435684204,0.3209598660469055,-0.04199220985174179,0.4504684805870056,0.27494800090789795,-0.04834264516830444,0.5174968838691711,0.4833694398403168,-0.026697896420955658,0.5130290985107422,0.4218107759952545,-0.040643319487571716,0.5058503746986389,0.38317233324050903,-0.04543048515915871,0.4963802695274353,0.3459443151950836,-0.04826012998819351
0.48651567101478577,0.6891549825668335,3.20225950645181e-07,0.429596871137619,0.6464943885803223,-0.029915520921349525,0.3936115503311157,0.5663585662841797,-0.041565317660570145,0.38765189051628113,0.487686425447464,-0.05040016397833824,0.3838852047920227,0.41877421736717224,-0.05736950784921646,0.42446666955947876,0.46100854873657227,-0.015153037384152412,0.41072195768356323,0.3701508939266205,-0.034479688853025436,0.4043988585472107,0.3150950074195862,-0.051728375256061554,0.4009341895580292,0.2632508873939514,-0.06472645699977875,0.45937371253967285,0.4540916383266449,-0.014210652559995651,0.4461252689361572,0.3588906526565552,-0.029529152438044548,0.43785977363586426,0.297568678855896,-0.045038752257823944,0.43063685297966003,0.24005356431007385,-0.0568232536315918,0.4935663938522339,0.46767228841781616,-0.018111757934093475,0.4845806956291199,0.3813987672328949,-0.03423450514674187,0.47613245248794556,0.3293328583240509,-0.044944703578948975,0.46638670563697815,0.2810577154159546,-0.05271109193563461,0.5309827327728271,0.49570798873901367,-0.025484399870038033,0.5294951796531677,0.43181750178337097,-0.040624115616083145,0.523486852645874,0.3898351192474365,-0.047612160444259644,0.5157781839370728,0.3485428988933563,-0.052169155329465866
0.4770536720752716,0.6896166205406189,3.0777351867072866e-07,0.4217470586299896,0.6459052562713623,-0.027746407315135002,0.3851105868816376,0.5689553618431091,-0.03974994644522667,0.37657955288887024,0.4927735924720764,-0.04955146461725235,0.3734390437602997,0.4261366128921509,-0.05739567056298256,0.414074182510376,0.46410807967185974,-0.013526600785553455,0.4015606641769409,0.3729575276374817,-0.033187780529260635,0.3954682946205139,0.31871166825294495,-0.050648342818021774,0.39159777760505676,0.26784881949424744,-0.06368108838796616,0.44907325506210327,0.45565885305404663,-0.013644097372889519,0.4367416203022003,0.36012476682662964,-0.028695113956928253,0.42906883358955383,0.30044448375701904,-0.04351549223065376,0.4218231439590454,0.24495521187782288,-0.05497589334845543,0.48304641246795654,0.4666483998298645,-0.018439987674355507,0.47442322969436646,0.3798699975013733,-0.03328713774681091,0.4675753116607666,0.3287161588668823,-0.04175661876797676,0.4586627781391144,0.28219693899154663,-0.04832284897565842,0.5203903913497925,0.49211612343788147,-0.02669612504541874,0.517491340637207,0.42859336733818054,-0.040058817714452744,0.5108850598335266,0.3883700370788574,-0.0448727086186409,0.5016995668411255,0.35016289353370667,-0.04806849732995033
0.4663867950439453,0.6673154830932617,3.2575405839452287e-07,0.41395339369773865,0.6308457255363464,-0.03377950191497803,0.3743909001350403,0.5622944831848145,-0.04858267679810524,0.36213207244873047,0.48810967803001404,-0.05964080989360809,0.35855937004089355,0.42160627245903015,-0.068296417593956,0.3979645371437073,0.45464399456977844,-0.01980484649538994,0.3785226345062256,0.36825352907180786,-0.04031816124916077,0.36921167373657227,0.3166912794113159,-0.05830429494380951,0.3637198209762573,0.26774752140045166,-0.07153451442718506,0.43117159605026245,0.4427330195903778,-0.016314605250954628,0.4139006733894348,0.3506133556365967,-0.03128555417060852,0.4030689001083374,0.2931755483150482,-0.04543951526284218,0.39388391375541687,0.2409721314907074,-0.056391641497612,0.464620441198349,0.4513784945011139,-0.01792224310338497,0.4525145888328552,0.36780640482902527,-0.03268449008464813,0.44216668605804443,0.3170827329158783,-0.041475191712379456,0.43111884593963623,0.27244120836257935,-0.04816321283578873,0.5023929476737976,0.47451791167259216,-0.02345759980380535,0.4972272217273712,0.4127159118652344,-0.03670665621757507,0.4886944591999054,0.3737570643424988,-0.04210161417722702,0.4782770276069641,0.3375127613544464,-0.04568042606115341
0.4796074330806732,0.6965451240539551,3.734445499503636e-07,0.4290458858013153,0.6618772149085999,-0.03793269768357277,0.38993242383003235,0.5934228301048279,-0.05641882121562958,0.3782441020011902,0.5169771313667297,-0.07101693004369736,0.38297104835510254,0.4504493772983551,-0.08362672477960587,0.41436150670051575,0.4777161478996277,-0.02880946174263954,0.39678943157196045,0.3832022547721863,-0.05406549572944641,0.3872282803058624,0.3251870572566986,-0.07476866990327835,0.3815740644931793,0.2707851529121399,-0.08988500386476517,0.44920140504837036,0.4643547236919403,-0.025440113618969917,0.434482216835022,0.36379486322402954,-0.04569403454661369,0.42520174384117126,0.29946935176849365,-0.0628635510802269,0.4172822833061218,0.24120068550109863,-0.07570703327655792,0.4844733774662018,0.47165924310684204,-0.027271894738078117,0.4738174080848694,0.38273632526397705,-0.046788670122623444,0.4659454822540283,0.3286457657814026,-0.05848079174757004,0.4565875828266144,0.2806265652179718,-0.0667305588722229,0.523225724697113,0.49358659982681274,-0.033218663185834885,0.5192315578460693,0.4281166195869446,-0.05067514628171921,0.511800229549408,0.38789188861846924,-0.05869067460298538,0.5020981431007385,0.35045498609542847,-0.06387098878622055
0.47211652994155884,0.7001204490661621,4.009351073364087e-07,0.4214918315410614,0.6620780229568481,-0.034294337034225464,0.38310617208480835,0.5903908014297485,-0.05283067002892494,0.3751792907714844,0.5155159831047058,-0.06829436123371124,0.38732245564460754,0.4517514407634735,-0.08240478485822678,0.40832772850990295,0.47555604577064514,-0.031037088483572006,0.39271360635757446,0.3766269087791443,-0.057491276413202286,0.3860548734664917,0.3165144920349121,-0.07821887731552124,0.38287851214408875,0.2618432641029358,-0.09309222549200058,0.4453240633010864,0.4657606780529022,-0.030668087303638458,0.43282443284988403,0.3600025177001953,-0.05213852971792221,0.42500174045562744,0.293540358543396,-0.06988965719938278,0.4182059168815613,0.23435300588607788,-0.08286015689373016,0.4827048182487488,0.4767242968082428,-0.034803926944732666,0.47402024269104004,0.3821614682674408,-0.05517975613474846,0.466060996055603,0.3240164816379547,-0.06755729019641876,0.45628684759140015,0.27277207374572754,-0.07627782225608826,0.5228101015090942,0.5034576058387756,-0.04252203181385994,0.520559549331665,0.4346214830875397,-0.06051691994071007,0.5135047435760498,0.3917205035686493,-0.06823108345270157,0.5035616159439087,0.3527316749095917,-0.07311578840017319
0.46063148975372314,0.6789084672927856,3.815611933077889e-07,0.40849971771240234,0.6359625458717346,-0.03346190229058266,0.37020227313041687,0.5621756315231323,-0.051027581095695496,0.3626854717731476,0.4865175783634186,-0.06568599492311478,0.3749271035194397,0.421497642993927,-0.07868189364671707,0.3979145884513855,0.4507877230644226,-0.026028569787740707,0.3829183280467987,0.354970246553421,-0.050473399460315704,0.3754163086414337,0.29743289947509766,-0.07069289684295654,0.3717409670352936,0.24389341473579407,-0.08587715774774551,0.4335295557975769,0.443823903799057,-0.025709114968776703,0.4195757210254669,0.34189265966415405,-0.04610433429479599,0.41182297468185425,0.27653273940086365,-0.06452314555644989,0.40572571754455566,0.21595394611358643,-0.07863936573266983,0.46921849250793457,0.45747607946395874,-0.030147390440106392,0.46118491888046265,0.365943968296051,-0.05053737387061119,0.4547715187072754,0.30971866846084595,-0.06423870474100113,0.44666314125061035,0.25958913564682007,-0.07420860230922699,0.5083834528923035,0.48546820878982544,-0.0380987673997879,0.505074143409729,0.41912227869033813,-0.056737590581178665,0.49669840931892395,0.37598928809165955,-0.06617852300405502,0.48589590191841125,0.33520030975341797,-0.07273763418197632
0.44692379236221313,0.6746442914009094,2.991171754729294e-07,0.3950819671154022,0.6251552104949951,-0.025780387222766876,0.362517774105072,0.5430282950401306,-0.039050474762916565,0.3605548143386841,0.46782010793685913,-0.05079979449510574,0.374927818775177,0.40545907616615295,-0.061159733682870865,0.3953663110733032,0.43977028131484985,-0.01669117622077465,0.3858703076839447,0.34700754284858704,-0.038057614117860794,0.3813380002975464,0.29210227727890015,-0.05648157373070717,0.3797674775123596,0.24093617498874664,-0.0706980749964714,0.42881304025650024,0.43709057569503784,-0.019403833895921707,0.41946640610694885,0.33718955516815186,-0.03778679668903351,0.4143657982349396,0.27470892667770386,-0.05503159761428833,0.41051754355430603,0.21594363451004028,-0.06814344972372055,0.4617690145969391,0.4546375870704651,-0.026333430781960487,0.4558206796646118,0.3624271750450134,-0.04513505846261978,0.45204591751098633,0.3075181543827057,-0.05745699629187584,0.4466533958911896,0.25684356689453125,-0.06648819148540497,0.4977542459964752,0.4872685670852661,-0.036157041788101196,0.4972141981124878,0.4205823838710785,-0.053662002086639404,0.4904934763908386,0.37631163001060486,-0.062013380229473114,0.481378436088562,0.3337804079055786,-0.06781863421201706
0.45569908618927,0.7128950953483582,2.408954458132939e-07,0.4120115041732788,0.6498467922210693,-0.02080213651061058,0.39647331833839417,0.5555006861686707,-0.032184019684791565,0.40531954169273376,0.48376551270484924,-0.043334461748600006,0.4206356108188629,0.4225664734840393,-0.05399236083030701,0.4407515823841095,0.4607340097427368,-0.015901057049632072,0.44273656606674194,0.3666509985923767,-0.03846209868788719,0.44409942626953125,0.3096102476119995,-0.05761668086051941,0.44781360030174255,0.25699812173843384,-0.07248499244451523,0.47077032923698425,0.4679839015007019,-0.022504054009914398,0.4718456268310547,0.36602771282196045,-0.042936522513628006,0.4734213352203369,0.3024667501449585,-0.06193910166621208,0.4755704402923584,0.24266484379768372,-0.07625196874141693,0.49869754910469055,0.49518924951553345,-0.03276588022708893,0.5022512674331665,0.39967554807662964,-0.05377804860472679,0.504170835018158,0.34226664900779724,-0.06785603612661362,0.5039681196212769,0.288169264793396,-0.07810747623443604,0.5274105668067932,0.5385526418685913,-0.045409783720970154,0.5334946513175964,0.4674795866012573,-0.06538612395524979,0.5323913097381592,0.4191257953643799,-0.07538779079914093,0.5284478664398193,0.3718445897102356,-0.08243688195943832
0.45479461550712585,0.675806999206543,2.4316665303558693e-07,0.407138466835022,0.6139066219329834,-0.019644275307655334,0.387102872133255,0.5256189107894897,-0.030655991286039352,0.3960299491882324,0.4563756585121155,-0.04152398556470871,0.4063913822174072,0.3975483477115631,-0.05160008743405342,0.4287075400352478,0.43307745456695557,-0.015347405336797237,0.42584049701690674,0.33949655294418335,-0.037407152354717255,0.4251725673675537,0.2848565876483917,-0.05577826499938965,0.4273125231266022,0.23505175113677979,-0.06935881078243256,0.46047288179397583,0.43712714314460754,-0.02173045463860035,0.4581035375595093,0.33566558361053467,-0.04105914384126663,0.45717838406562805,0.27295517921447754,-0.058131035417318344,0.4580163061618805,0.21637552976608276,-0.07066226750612259,0.4908306896686554,0.4595903754234314,-0.03167816996574402,0.4921380579471588,0.365749329328537,-0.0505487360060215,0.4916762113571167,0.31129199266433716,-0.06170882657170296,0.4902662932872772,0.2614319324493408,-0.06959901005029678,0.5226976275444031,0.4974845051765442,-0.04416155070066452,0.5272140502929688,0.42693743109703064,-0.061608705669641495,0.524018406867981,0.3795661926269531,-0.06913064420223236,0.5182623863220215,0.3350737690925598,-0.07395868748426437
0.4610067903995514,0.633495032787323,3.258345770973392e-07,0.40749967098236084,0.576566219329834,-0.03165769204497337,0.37239789962768555,0.4931725561618805,-0.050636935979127884,0.3716381788253784,0.4159441292285919,-0.06731433421373367,0.3905690610408783,0.346277117729187,-0.08304011821746826,0.40998727083206177,0.38728436827659607,-0.030448146164417267,0.40165290236473083,0.286760151386261,-0.05876963213086128,0.3965090215206146,0.22696523368358612,-0.0809965655207634,0.3940693438053131,0.16988176107406616,-0.0979197695851326,0.44714075326919556,0.38740646839141846,-0.03385435789823532,0.4386172592639923,0.2810856103897095,-0.059547215700149536,0.43330153822898865,0.2145669162273407,-0.08116019517183304,0.4285599887371063,0.14924830198287964,-0.09726355224847794,0.4829903542995453,0.40932968258857727,-0.0415901280939579,0.4788200259208679,0.31141197681427,-0.06808128207921982,0.47610121965408325,0.25185802578926086,-0.08419324457645416,0.47083356976509094,0.194291353225708,-0.09525518864393234,0.5211260318756104,0.4473516345024109,-0.052233386784791946,0.5233145952224731,0.37445178627967834,-0.0764327421784401,0.5185616612434387,0.3260934054851532,-0.08782899379730225,0.510257363319397,0.2785364091396332,-0.09538625180721283
0.45679739117622375,0.6564499139785767,3.9960193021215673e-07,0.40397965908050537,0.6001025438308716,-0.03487221524119377,0.37166324257850647,0.5191959738731384,-0.05487724021077156,0.3696853816509247,0.4444579780101776,-0.07209969311952591,0.3898710310459137,0.3808533549308777,-0.08845611661672592,0.4075254499912262,0.4178139269351959,-0.03194965422153473,0.4000905752182007,0.31851285696029663,-0.060777295380830765,0.3958568572998047,0.25793519616127014,-0.08426406979560852,0.39491400122642517,0.2007335126399994,-0.10202966630458832,0.4455856680870056,0.4184982478618622,-0.033206500113010406,0.43869680166244507,0.3148031234741211,-0.058946020901203156,0.43444889783859253,0.24791227281093597,-0.08150196820497513,0.43091416358947754,0.1829420030117035,-0.0983777865767479,0.4825657904148102,0.43971526622772217,-0.03907257318496704,0.4794096350669861,0.3447204530239105,-0.06509381532669067,0.4766956865787506,0.28421497344970703,-0.08244046568870544,0.4719635546207428,0.2284007966518402,-0.09439000487327576,0.5206331610679626,0.47629567980766296,-0.04818981885910034,0.522652268409729,0.4060455560684204,-0.07227156311273575,0.5186976790428162,0.3576342463493347,-0.08467718958854675,0.511886477470398,0.31088775396347046,-0.09298726171255112
0.4557006359100342,0.6664819717407227,3.5858246860698273e-07,0.40307751297950745,0.6164959669113159,-0.03158168867230415,0.3668305277824402,0.538749098777771,-0.048873137682676315,0.3642171621322632,0.4628126323223114,-0.06366929411888123,0.3836192190647125,0.3995603322982788,-0.07711855322122574,0.4006774127483368,0.43168866634368896,-0.023815510794520378,0.39184117317199707,0.3370814025402069,-0.04850864037871361,0.38787201046943665,0.2795848846435547,-0.06916418671607971,0.38700926303863525,0.2260129302740097,-0.08475568890571594,0.4371089041233063,0.42723971605300903,-0.02494826726615429,0.42880648374557495,0.3264453113079071,-0.04576015844941139,0.42417991161346436,0.2622150182723999,-0.06466402858495712,0.42049291729927063,0.202396959066391,-0.07896332442760468,0.4722678065299988,0.4436715841293335,-0.030716601759195328,0.4679329991340637,0.3512994647026062,-0.05166715756058693,0.4646267592906952,0.29388177394866943,-0.06578069180250168,0.45936039090156555,0.24213099479675293,-0.075919009745121,0.5090447664260864,0.4759964942932129,-0.039745256304740906,0.5092424154281616,0.4080085754394531,-0.05879020318388939,0.5042997598648071,0.3634788691997528,-0.0680871531367302,0.49648910760879517,0.3214409351348877,-0.07442795485258102
0.4571183919906616,0.706802487373352,2.3680189542574226e-07,0.40020322799682617,0.6591047048568726,-0.021163688972592354,0.3647395968437195,0.5798418521881104,-0.0288095660507679,0.3635256588459015,0.5011643171310425,-0.03598414361476898,0.3793661296367645,0.44356289505958557,-0.04143310338258743,0.39839744567871094,0.4834384322166443,0.0018661293433979154,0.38632792234420776,0.4006170928478241,-0.012947211042046547,0.3807070851325989,0.3521835207939148,-0.028512006625533104,0.37857136130332947,0.30787718296051025,-0.040641579777002335,0.43104398250579834,0.4764343202114105,5.4297273891279474e-05,0.4194195568561554,0.3867923617362976,-0.011105348356068134,0.4126010239124298,0.3325599431991577,-0.02448420040309429,0.4074017405509949,0.28325170278549194,-0.03476203605532646,0.4628279507160187,0.48699063062667847,-0.006550027523189783,0.4551997780799866,0.40455543994903564,-0.01839715987443924,0.4493104815483093,0.35503777861595154,-0.02577454037964344,0.44334477186203003,0.31203746795654297,-0.03145155310630798,0.49829569458961487,0.5115675926208496,-0.016340222209692,0.49422019720077515,0.44988003373146057,-0.026276469230651855,0.48754507303237915,0.4102412760257721,-0.029346276074647903,0.4798527956008911,0.37317192554473877,-0.03155212104320526
0.46665477752685547,0.71905118227005,2.43606450567313e-07,0.40716123580932617,0.6760555505752563,-0.02013302408158779,0.37091732025146484,0.5981146097183228,-0.024022085592150688,0.3661215305328369,0.519726037979126,-0.027595721185207367,0.38234743475914,0.4658353924751282,-0.028803789988160133,0.4011708199977875,0.5049971342086792,0.015533387660980225,0.387231707572937,0.4280334711074829,0.006908959709107876,0.38151100277900696,0.38275420665740967,-0.006281138863414526,0.37913385033607483,0.3407561182975769,-0.017186209559440613,0.4335020184516907,0.4955325722694397,0.015963304787874222,0.4192425608634949,0.41155239939689636,0.011764787137508392,0.41147878766059875,0.36090517044067383,0.0013660688418895006,0.4046602249145508,0.3149338364601135,-0.007360449526458979,0.46408259868621826,0.5034893751144409,0.010864430107176304,0.4546707570552826,0.42664453387260437,0.005461850669234991,0.44598618149757385,0.3813062906265259,0.0008332470897585154,0.4374866187572479,0.3433992564678192,-0.0035767857916653156,0.49977684020996094,0.5241135954856873,0.0021685014944523573,0.49200692772865295,0.46527278423309326,-0.001453707809560001,0.48236018419265747,0.42970412969589233,-0.0015174956060945988,0.47181811928749084,0.3965715169906616,-0.0022838134318590164
0.45432138442993164,0.7306414246559143,2.0957962476586545e-07,0.396140992641449,0.6852807402610779,-0.0179181806743145,0.36542168259620667,0.6041605472564697,-0.022419722750782967,0.3670133054256439,0.5293033123016357,-0.027213796973228455,0.3790852427482605,0.4744654595851898,-0.030374500900506973,0.3979669511318207,0.5091103911399841,0.008788170292973518,0.38529184460639954,0.42978036403656006,-0.00325748766772449,0.37951281666755676,0.3828706741333008,-0.017571961507201195,0.3768737316131592,0.3392518162727356,-0.029351526871323586,0.4288042485713959,0.4998009502887726,0.005731763318181038,0.4148847460746765,0.41274306178092957,-0.0040835002437233925,0.40729695558547974,0.35830026865005493,-0.01768757402896881,0.40106579661369324,0.30854299664497375,-0.028348147869110107,0.4590168595314026,0.5087808966636658,-0.002192612737417221,0.44995659589767456,0.4279015362262726,-0.013824640773236752,0.44271889328956604,0.37945401668548584,-0.023070422932505608,0.4346145987510681,0.3373490571975708,-0.03017132543027401,0.49399715662002563,0.5311904549598694,-0.013038243167102337,0.4889555871486664,0.4690679907798767,-0.02330790087580681,0.48091113567352295,0.43058663606643677,-0.027986956760287285,0.47102975845336914,0.39478611946105957,-0.03164912015199661
0.4432605803012848,0.7403382062911987,1.458919314245577e-07,0.3920845687389374,0.6841423511505127,-0.009162970818579197,0.3729977607727051,0.5984014868736267,-0.010014808736741543,0.3801886737346649,0.5282396078109741,-0.01313821505755186,0.3896068334579468,0.4750094711780548,-0.015408472158014774,0.40910249948501587,0.508122444152832,0.017666514962911606,0.4028683304786682,0.43100303411483765,0.0073754554614424706,0.39993539452552795,0.3839784264564514,-0.006743307691067457,0.4002124071121216,0.3396380841732025,-0.018726270645856857,0.43774184584617615,0.5024518370628357,0.01023275125771761,0.4296652376651764,0.4165891706943512,0.0023420134093612432,0.4249626100063324,0.36281830072402954,-0.010812466964125633,0.42082658410072327,0.31196165084838867,-0.02163706161081791,0.46489086747169495,0.5142716765403748,-0.0014957224484533072,0.46050453186035156,0.43106529116630554,-0.010720741003751755,0.45582371950149536,0.38263002038002014,-0.018153337761759758,0.4493774175643921,0.3388233780860901,-0.024698613211512566,0.4953434467315674,0.5403705835342407,-0.015738390386104584,0.4928719699382782,0.47581472992897034,-0.024185240268707275,0.4875178337097168,0.43493276834487915,-0.027223307639360428,0.47910696268081665,0.3962984085083008,-0.03015875443816185
0.4433431327342987,0.7422699928283691,9.595440531029453e-08,0.39146921038627625,0.6864669322967529,-0.010976893827319145,0.37280479073524475,0.6001760959625244,-0.012258845381438732,0.38268086314201355,0.5301489233970642,-0.015236874110996723,0.3930854797363281,0.4751540422439575,-0.016888845711946487,0.41172778606414795,0.5083844065666199,0.015961334109306335,0.4054079055786133,0.4291731119155884,0.0057871039025485516,0.40176674723625183,0.381416916847229,-0.008123117499053478,0.40057888627052307,0.3369911313056946,-0.020042020827531815,0.44118306040763855,0.5027254223823547,0.009358635172247887,0.43300139904022217,0.4145786166191101,0.0019068662077188492,0.4283529818058014,0.36093801259994507,-0.01047355867922306,0.4237526059150696,0.31050726771354675,-0.020862987264990807,0.4683661162853241,0.5149295330047607,-0.0017407115083187819,0.46395277976989746,0.4306739568710327,-0.01055616419762373,0.4598981738090515,0.3812178373336792,-0.017406592145562172,0.45411282777786255,0.3364644944667816,-0.023683257400989532,0.49916961789131165,0.5417014360427856,-0.015559920109808445,0.4975741505622864,0.47460582852363586,-0.023716803640127182,0.4932194948196411,0.4337018132209778,-0.026313476264476776,0.4859439730644226,0.39459919929504395,-0.02892632782459259
0.45993900299072266,0.7312681674957275,2.873508719858364e-07,0.4055774211883545,0.6739497184753418,-0.02796562947332859,0.38026878237724304,0.586788535118103,-0.039512865245342255,0.3871302604675293,0.5057688355445862,-0.04913461208343506,0.41003909707069397,0.4448378384113312,-0.05637654662132263,0.4256044328212738,0.48178917169570923,-0.0024670809507369995,0.4232817590236664,0.38892990350723267,-0.018446046859025955,0.42409223318099976,0.33504289388656616,-0.03577958047389984,0.42841094732284546,0.28555744886398315,-0.04945351928472519,0.4617478847503662,0.48297345638275146,-0.001286432147026062,0.45954814553260803,0.385293185710907,-0.012264542281627655,0.45864105224609375,0.32725095748901367,-0.027044281363487244,0.45874038338661194,0.2727622091770172,-0.03916052728891373,0.4929613471031189,0.5029101371765137,-0.005517805926501751,0.4941350817680359,0.41518402099609375,-0.0167037695646286,0.4913908541202545,0.3626914620399475,-0.0254684928804636,0.4878106713294983,0.3158884644508362,-0.03302833437919617,0.5261824131011963,0.5377792119979858,-0.013574245385825634,0.5278942584991455,0.4721241891384125,-0.023343520238995552,0.5237163305282593,0.4300072193145752,-0.027646124362945557,0.5182048678398132,0.3886640667915344,-0.031263548880815506
0.44837552309036255,0.7124258279800415,3.7864791124775365e-07,0.3987463414669037,0.6598170399665833,-0.03584648668766022,0.3733476400375366,0.5795335173606873,-0.05414610728621483,0.38180872797966003,0.5012936592102051,-0.06932132691144943,0.411104291677475,0.4412788152694702,-0.08265290409326553,0.4177056550979614,0.4743267595767975,-0.019960688427090645,0.42066827416419983,0.3809117078781128,-0.04328852519392967,0.42563962936401367,0.32433781027793884,-0.06511145085096359,0.43343693017959595,0.2712654173374176,-0.0817548930644989,0.45311835408210754,0.4726305305957794,-0.01758510060608387,0.45736807584762573,0.3720642924308777,-0.03512544184923172,0.46064630150794983,0.3107214868068695,-0.05357601121068001,0.463336318731308,0.2507641911506653,-0.068488709628582,0.4838462769985199,0.48951441049575806,-0.020661823451519012,0.49044445157051086,0.398891806602478,-0.03750496730208397,0.4919823110103607,0.34341344237327576,-0.04963427409529686,0.4909125566482544,0.292118638753891,-0.05945330858230591,0.5159464478492737,0.5215533971786499,-0.027932850643992424,0.5215826630592346,0.4547640383243561,-0.042515501379966736,0.520449697971344,0.4127017557621002,-0.04963906109333038,0.5156713724136353,0.37203484773635864,-0.05537719652056694
0.4307078719139099,0.6880987286567688,4.0587551097814867e-07,0.38682469725608826,0.6446855068206787,-0.03454877436161041,0.36446693539619446,0.5676153898239136,-0.05217565968632698,0.3754352331161499,0.4930597245693207,-0.06678607314825058,0.40313857793807983,0.4397645592689514,-0.07957260310649872,0.40128466486930847,0.4594241678714752,-0.022006463259458542,0.4082135558128357,0.3691086769104004,-0.04435021057724953,0.4161107540130615,0.3142356872558594,-0.06454449892044067,0.4254143238067627,0.26446613669395447,-0.0795929953455925,0.43304553627967834,0.45466071367263794,-0.01938837394118309,0.43832170963287354,0.3560992479324341,-0.037521447986364365,0.44305190443992615,0.29478639364242554,-0.05397746339440346,0.4471737742424011,0.2377801239490509,-0.06653983145952225,0.46195077896118164,0.4670819342136383,-0.021903863176703453,0.46716415882110596,0.3741391897201538,-0.03897440433502197,0.4697149991989136,0.3180122971534729,-0.04968647286295891,0.4709026515483856,0.26710522174835205,-0.05743797868490219,0.4921738803386688,0.4930717945098877,-0.02848498336970806,0.4943503737449646,0.4174719452857971,-0.04376508295536041,0.49187296628952026,0.36947500705718994,-0.05110011622309685,0.4868270456790924,0.3245319426059723,-0.05609967187047005
0.4297894835472107,0.6851375102996826,3.2921812476160994e-07,0.3863333761692047,0.6428752541542053,-0.03090525045990944,0.3622426986694336,0.5609562993049622,-0.043543536216020584,0.36896204948425293,0.4849187433719635,-0.053908586502075195,0.3894061744213104,0.4309562146663666,-0.06264098733663559,0.3930993676185608,0.45393800735473633,-0.013431617058813572,0.39522606134414673,0.36343061923980713,-0.032736886292696,0.3996298313140869,0.30619025230407715,-0.05127903074026108,0.40542709827423096,0.2559703588485718,-0.06508097052574158,0.42279908061027527,0.4479646682739258,-0.011848054826259613,0.42306190729141235,0.3498716354370117,-0.027041302993893623,0.4239816665649414,0.2883903980255127,-0.04310164228081703,0.42452260851860046,0.23231267929077148,-0.055378224700689316,0.4502047598361969,0.45880675315856934,-0.015336248092353344,0.4509706199169159,0.36704951524734497,-0.030035723000764847,0.4500153362751007,0.31076112389564514,-0.04087531939148903,0.4475499391555786,0.26151368021965027,-0.04878157749772072,0.47859251499176025,0.4828639030456543,-0.02273022197186947,0.47671082615852356,0.4072735011577606,-0.03533635288476944,0.47229915857315063,0.36229407787323,-0.04094066098332405,0.46598586440086365,0.32354116439819336,-0.04490609094500542
0.4438529312610626,0.6838316917419434,2.0311377113557683e-07,0.39529451727867126,0.6372002363204956,-0.025044802576303482,0.3657369911670685,0.5544553995132446,-0.033170413225889206,0.36784952878952026,0.4768330454826355,-0.04018254950642586,0.381757915019989,0.4178062081336975,-0.04495616257190704,0.39374586939811707,0.46096229553222656,0.0019344689790159464,0.3868725597858429,0.37827977538108826,-0.011367956176400185,0.383965402841568,0.32795238494873047,-0.02616659365594387,0.3824903070926666,0.2825610935688019,-0.037838224321603775,0.4221738278865814,0.45786771178245544,0.002922666259109974,0.41335052251815796,0.37109825015068054,-0.0070687816478312016,0.40664681792259216,0.31834903359413147,-0.01974361389875412,0.39953166246414185,0.27202826738357544,-0.029788274317979813,0.4481600224971771,0.4698716700077057,-0.0013785628834739327,0.4419974386692047,0.3890282213687897,-0.012297557666897774,0.43410757184028625,0.34194624423980713,-0.01933969557285309,0.42509013414382935,0.3034385144710541,-0.024695778265595436,0.47641903162002563,0.4934180676937103,-0.009350009262561798,0.46852734684944153,0.42781952023506165,-0.018901044502854347,0.45847538113594055,0.38951805233955383,-0.021939722821116447,0.44733133912086487,0.3578760027885437,-0.02407427690923214
0.44678887724876404,0.6913056373596191,2.982792182137928e-07,0.3948189914226532,0.6429222822189331,-0.025564365088939667,0.3667869567871094,0.5579501390457153,-0.031592607498168945,0.37144285440444946,0.4793162941932678,-0.03583608940243721,0.38639867305755615,0.42078012228012085,-0.03728204220533371,0.3965626358985901,0.4643019437789917,0.007902457378804684,0.3914763033390045,0.3822177052497864,-0.0010188519954681396,0.39062368869781494,0.3329958915710449,-0.013821220025420189,0.3911958634853363,0.28902769088745117,-0.024024182930588722,0.4279875159263611,0.4638909101486206,0.011413433589041233,0.4210764467716217,0.3798272907733917,0.008344855159521103,0.416450560092926,0.328485369682312,-0.0007470031268894672,0.4114242196083069,0.2846057116985321,-0.00867399387061596,0.45648473501205444,0.4787735342979431,0.009267345070838928,0.4520011246204376,0.4007527232170105,0.004681843798607588,0.4458836019039154,0.35530203580856323,0.0012480696896091104,0.4390109181404114,0.3178980350494385,-0.0023568174801766872,0.48844510316848755,0.5045892000198364,0.003109017387032509,0.48385050892829895,0.4434053599834442,-0.0006051997770555317,0.4758467674255371,0.4116286039352417,0.0004824587667826563,0.4668906331062317,0.385179340839386,0.0009306542342528701
0.4349663257598877,0.7106627821922302,2.620331542857457e-07,0.3765923082828522,0.6549637317657471,-0.017509156838059425,0.34785228967666626,0.573493242263794,-0.019382987171411514,0.35045409202575684,0.4965181052684784,-0.02118219994008541,0.3689177334308624,0.4456157386302948,-0.02076057717204094,0.38602349162101746,0.48536744713783264,0.022022711113095284,0.3805239200592041,0.4084801971912384,0.01723015308380127,0.38116756081581116,0.36482375860214233,0.005718056578189135,0.3831692337989807,0.32498899102211,-0.004625589121133089,0.41940099000930786,0.48382461071014404,0.021858500316739082,0.4150104522705078,0.4021223187446594,0.020822346210479736,0.41324955224990845,0.3559802770614624,0.010715491138398647,0.4100973606109619,0.31464385986328125,0.0015353336930274963,0.4482041001319885,0.49811026453971863,0.01626484841108322,0.44638973474502563,0.4216005802154541,0.012492814101278782,0.44162213802337646,0.37862610816955566,0.007801572326570749,0.4360111355781555,0.3435094654560089,0.0028052334673702717,0.4811462163925171,0.5252360701560974,0.00739844748750329,0.4791785478591919,0.4665651023387909,0.004453359171748161,0.4741060137748718,0.43495821952819824,0.004859257023781538,0.4673991799354553,0.40668994188308716,0.0040767802856862545
0.43074047565460205,0.7138499617576599,2.695924479212408e-07,0.3729619085788727,0.6543194651603699,-0.018190836533904076,0.351828008890152,0.5709975957870483,-0.019962729886174202,0.3609982430934906,0.4950314164161682,-0.02138226106762886,0.3757038116455078,0.4398944675922394,-0.020113741979002953,0.3971841335296631,0.480682909488678,0.023429572582244873,0.3969384431838989,0.40167558193206787,0.020267488434910774,0.4001157283782959,0.3580760955810547,0.00954440888017416,0.4048190116882324,0.31783509254455566,-9.189450065605342e-05,0.4306119382381439,0.48000049591064453,0.024235103279352188,0.43158844113349915,0.39547187089920044,0.025937967002391815,0.4324021339416504,0.34840333461761475,0.017279500141739845,0.4324535131454468,0.30627110600471497,0.009097864851355553,0.4579980969429016,0.49500200152397156,0.019542772322893143,0.46161746978759766,0.41765832901000977,0.019632095471024513,0.46052804589271545,0.37306177616119385,0.01674211397767067,0.45871520042419434,0.335435152053833,0.012369045056402683,0.48860272765159607,0.5233065485954285,0.0111826928332448,0.49092715978622437,0.46577978134155273,0.012042013928294182,0.4880550801753998,0.43227648735046387,0.01427975669503212,0.4840978980064392,0.4011886715888977,0.014559819363057613
0.4217529892921448,0.7192906737327576,2.8837075660703704e-07,0.36737754940986633,0.6632440090179443,-0.020761763677001,0.34505003690719604,0.5750090479850769,-0.0288687814027071,0.35312989354133606,0.5008481740951538,-0.03635235130786896,0.3655051290988922,0.4408840239048004,-0.04246380552649498,0.38308095932006836,0.4778269827365875,-0.003772998694330454,0.3800995647907257,0.38892510533332825,-0.020357171073555946,0.3808656930923462,0.33591026067733765,-0.03683202341198921,0.38406825065612793,0.2870563268661499,-0.04968104511499405,0.4167899489402771,0.4767354726791382,-0.007186293601989746,0.4137251675128937,0.3795263469219208,-0.020255854353308678,0.4130983352661133,0.3187914788722992,-0.0351807102560997,0.41309523582458496,0.26400119066238403,-0.046836916357278824,0.44744354486465454,0.49491122364997864,-0.015015702694654465,0.44755324721336365,0.4055253863334656,-0.02852947637438774,0.4466072618961334,0.3507246971130371,-0.03842730447649956,0.4448370337486267,0.3023112118244171,-0.04635440185666084,0.4798056185245514,0.5278067588806152,-0.02582583576440811,0.48193904757499695,0.46121859550476074,-0.038402628153562546,0.4793477952480316,0.416803240776062,-0.04410017281770706,0.47490331530570984,0.3746787905693054,-0.04842337593436241
0.4306793808937073,0.7272266149520874,2.675603809620952e-07,0.37946009635925293,0.6707298159599304,-0.02279851958155632,0.35302144289016724,0.5816996097564697,-0.03394237533211708,0.3561186194419861,0.5074300765991211,-0.04431387782096863,0.36505234241485596,0.4445418119430542,-0.053801074624061584,0.3874037563800812,0.4854152500629425,-0.015552776865661144,0.38106825947761536,0.3917672634124756,-0.037424325942993164,0.3787517249584198,0.3354523777961731,-0.05606073886156082,0.3793032467365265,0.28245818614959717,-0.07039082050323486,0.4205169379711151,0.4844512939453125,-0.020358216017484665,0.4136909544467926,0.3813779950141907,-0.0395992286503315,0.410914808511734,0.3169175982475281,-0.05753686651587486,0.4090663194656372,0.2562785744667053,-0.07106136530637741,0.45221203565597534,0.5042524933815002,-0.029116585850715637,0.44918522238731384,0.4092254936695099,-0.048848386853933334,0.4472673237323761,0.35188043117523193,-0.061985258013010025,0.4439880847930908,0.29963135719299316,-0.07145454734563828,0.48605403304100037,0.5397846102714539,-0.04055853560566902,0.48664891719818115,0.4695265591144562,-0.05893542245030403,0.48202526569366455,0.4213040769100189,-0.06800810992717743,0.47509440779685974,0.3758878707885742,-0.07434961199760437
0.4567842483520508,0.7159863114356995,3.272932360687264e-07,0.40475958585739136,0.6668311357498169,-0.028121711686253548,0.3670886754989624,0.5967334508895874,-0.04561861231923103,0.35692280530929565,0.5309902429580688,-0.06110189110040665,0.3670603036880493,0.4722738265991211,-0.07586755603551865,0.41801074147224426,0.4915771782398224,-0.026683898642659187,0.41420286893844604,0.4011104106903076,-0.0522032156586647,0.41277754306793213,0.34549856185913086,-0.07312712073326111,0.4148429036140442,0.29357096552848816,-0.08873618394136429,0.4544643461704254,0.4900661110877991,-0.029713789001107216,0.4531747102737427,0.3912781774997711,-0.05099993199110031,0.4518652558326721,0.3297855854034424,-0.06893596053123474,0.45041176676750183,0.27170658111572266,-0.08243231475353241,0.48862430453300476,0.5086572170257568,-0.036671701818704605,0.4897827208042145,0.4164390563964844,-0.05746757984161377,0.4874999523162842,0.3609289526939392,-0.06904096156358719,0.4827892780303955,0.30831360816955566,-0.07750093936920166,0.5237236022949219,0.543679416179657,-0.04653672128915787,0.5288588404655457,0.4783332943916321,-0.06636804342269897,0.5270911455154419,0.4356946349143982,-0.07410234212875366,0.5217267274856567,0.39378589391708374,-0.0789329931139946
0.45854872465133667,0.710762083530426,3.7086007864672865e-07,0.4084785580635071,0.6614409685134888,-0.031022261828184128,0.37130656838417053,0.593222975730896,-0.04868128523230553,0.35490530729293823,0.528219997882843,-0.06319274008274078,0.3431033492088318,0.4660423696041107,-0.07663579285144806,0.42311981320381165,0.48488563299179077,-0.030727120116353035,0.41696059703826904,0.39122310280799866,-0.055067334324121475,0.4127480387687683,0.3349637985229492,-0.07461372017860413,0.4116228222846985,0.2829741835594177,-0.08890926092863083,0.4607704281806946,0.4835725426673889,-0.03190794587135315,0.4596499502658844,0.38278913497924805,-0.05173729360103607,0.4586159586906433,0.320997416973114,-0.06804710626602173,0.4576409161090851,0.26529863476753235,-0.08033860474824905,0.49557599425315857,0.5037086606025696,-0.03709705173969269,0.500228762626648,0.41378071904182434,-0.05715983733534813,0.49977558851242065,0.35862481594085693,-0.06846590340137482,0.4970884919166565,0.3070319890975952,-0.0767798200249672,0.5303861498832703,0.5407688617706299,-0.04531661048531532,0.5427141785621643,0.47878021001815796,-0.06437677890062332,0.5470093488693237,0.4375757873058319,-0.07160855084657669,0.5484413504600525,0.39678311347961426,-0.07601643353700638
0.44393253326416016,0.6679192781448364,3.36091972030772e-07,0.39460626244544983,0.623674750328064,-0.028959184885025024,0.3560289144515991,0.5589339733123779,-0.04493527114391327,0.335956871509552,0.49732744693756104,-0.05806703120470047,0.31999731063842773,0.43872886896133423,-0.07030513137578964,0.40178024768829346,0.45507749915122986,-0.027192862704396248,0.38784751296043396,0.3664760887622833,-0.04950102046132088,0.37980249524116516,0.3126949667930603,-0.06723983585834503,0.3754437267780304,0.2643188536167145,-0.08015581220388412,0.4379042685031891,0.4504528045654297,-0.028644273057579994,0.43362870812416077,0.35385993123054504,-0.04690961167216301,0.42988741397857666,0.2944549322128296,-0.06199853867292404,0.42628830671310425,0.24382536113262177,-0.07326311618089676,0.47166240215301514,0.4669603407382965,-0.03407566621899605,0.47466811537742615,0.38049906492233276,-0.0530649796128273,0.47272470593452454,0.3271099328994751,-0.06436055898666382,0.4687519967556,0.27899056673049927,-0.07256236672401428,0.5055389404296875,0.4994170069694519,-0.042281437665224075,0.5199168920516968,0.4397660493850708,-0.059943463653326035,0.5257434248924255,0.3998956084251404,-0.06701960414648056,0.5279593467712402,0.3615528345108032,-0.07154709100723267
0.42535650730133057,0.6252810955047607,2.656546485013678e-07,0.37802234292030334,0.5874388217926025,-0.02699347771704197,0.34024474024772644,0.5298189520835876,-0.040420930832624435,0.3198152780532837,0.47238168120384216,-0.05119738727807999,0.31009021401405334,0.41816720366477966,-0.060206495225429535,0.3762893080711365,0.43067267537117004,-0.018179412931203842,0.35995984077453613,0.3539329171180725,-0.037563689053058624,0.349592387676239,0.3079153001308441,-0.054043959826231,0.34334972500801086,0.2651675045490265,-0.0656808465719223,0.4074428379535675,0.4223869740962982,-0.016813308000564575,0.39698484539985657,0.3392447233200073,-0.029835514724254608,0.38976430892944336,0.2884312570095062,-0.04053247720003128,0.38295650482177734,0.2430787980556488,-0.04857836291193962,0.4388126730918884,0.432940274477005,-0.019762912765145302,0.43441712856292725,0.35970285534858704,-0.0321093387901783,0.4301994740962982,0.31414365768432617,-0.03756687790155411,0.4241940379142761,0.272365003824234,-0.041718896478414536,0.4713932275772095,0.4579893946647644,-0.026003358885645866,0.47787871956825256,0.4038636088371277,-0.03609684482216835,0.4792252779006958,0.3688315749168396,-0.03830188512802124,0.47893601655960083,0.33497947454452515,-0.03949759900569916
0.43873029947280884,0.6381070017814636,2.2102288710357243e-07,0.39018580317497253,0.5995893478393555,-0.023319808766245842,0.3525967001914978,0.537695050239563,-0.0345039963722229,0.336483895778656,0.47774094343185425,-0.04359947144985199,0.32633495330810547,0.4247172474861145,-0.05157971382141113,0.39271193742752075,0.44291001558303833,-0.01765703782439232,0.3749167025089264,0.36520659923553467,-0.035861786454916,0.3645711839199066,0.3179667890071869,-0.050975501537323,0.3581538200378418,0.27573925256729126,-0.062134064733982086,0.4248885214328766,0.4350384473800659,-0.019151363521814346,0.4146841764450073,0.35110703110694885,-0.03314435854554176,0.40812116861343384,0.2989353537559509,-0.045363228768110275,0.40236523747444153,0.25391191244125366,-0.05448932200670242,0.4563976526260376,0.4467932879924774,-0.024265067651867867,0.4538561701774597,0.371067076921463,-0.038837213069200516,0.4506990909576416,0.32453668117523193,-0.046793133020401,0.44581741094589233,0.282650887966156,-0.05264611542224884,0.48870301246643066,0.47374171018600464,-0.0319388322532177,0.4958922266960144,0.4208013117313385,-0.045050572603940964,0.4969993829727173,0.38598012924194336,-0.04914699122309685,0.4957857131958008,0.3528505861759186,-0.05161886289715767
0.4527657926082611,0.6824096441268921,2.5836533268375206e-07,0.4090486764907837,0.6329329013824463,-0.024407224729657173,0.3776177167892456,0.5624998807907104,-0.03602457419037819,0.3683387041091919,0.4977969527244568,-0.045702435076236725,0.3630475401878357,0.43977105617523193,-0.05405713990330696,0.4198281168937683,0.46785423159599304,-0.015524789690971375,0.40263471007347107,0.3865687847137451,-0.03549693897366524,0.3925028443336487,0.33617448806762695,-0.05244378745555878,0.386217325925827,0.291002094745636,-0.06487497687339783,0.45461490750312805,0.46449294686317444,-0.017596855759620667,0.4496966302394867,0.375184565782547,-0.03309924528002739,0.4464883804321289,0.3186984062194824,-0.047141946852207184,0.44342535734176636,0.2705257534980774,-0.05754056200385094,0.48652103543281555,0.4823968708515167,-0.02384217083454132,0.49094122648239136,0.40327098965644836,-0.040196359157562256,0.4913683831691742,0.35379713773727417,-0.049634650349617004,0.4889985918998718,0.309223473072052,-0.056355081498622894,0.517665445804596,0.5166897773742676,-0.03284835442900658,0.5320427417755127,0.4624776244163513,-0.0476243793964386,0.536969006061554,0.42491433024406433,-0.052917659282684326,0.538132905960083,0.3887290358543396,-0.05617782101035118
0.4710325300693512,0.722270131111145,2.812462014389894e-07,0.4229864478111267,0.6704803705215454,-0.02686382085084915,0.3920389413833618,0.58958500623703,-0.038855791091918945,0.38413941860198975,0.5178363919258118,-0.04838323965668678,0.3803744912147522,0.4555884599685669,-0.05665891245007515,0.43454504013061523,0.49363887310028076,-0.018918555229902267,0.4163050353527069,0.40762650966644287,-0.039764437824487686,0.4054594337940216,0.35320720076560974,-0.057121001183986664,0.3991164267063141,0.3040476441383362,-0.0700111910700798,0.4724866449832916,0.4905671179294586,-0.020638545975089073,0.46962741017341614,0.3951156437397003,-0.036424968391656876,0.46790486574172974,0.33480530977249146,-0.050634630024433136,0.4665675461292267,0.2836262583732605,-0.06122143566608429,0.5072376728057861,0.5116156339645386,-0.026601074263453484,0.5137640237808228,0.42740774154663086,-0.04313679039478302,0.5147455930709839,0.37535232305526733,-0.05232766643166542,0.5133013129234314,0.3283972144126892,-0.059071026742458344,0.5401966571807861,0.5505809187889099,-0.03549649566411972,0.5548610687255859,0.49266254901885986,-0.05020326003432274,0.5606309771537781,0.4531545341014862,-0.05460566282272339,0.5630353093147278,0.41474831104278564,-0.05734146013855934
0.4849849343299866,0.7694634199142456,3.087535844770173e-07,0.4349982738494873,0.7039679288864136,-0.027053454890847206,0.4092880189418793,0.6135609745979309,-0.03911752998828888,0.4095361530780792,0.5365148186683655,-0.0493306927382946,0.4074224531650543,0.4692012667655945,-0.05837221443653107,0.4604356586933136,0.5219672918319702,-0.015941329300403595,0.4478859305381775,0.42753928899765015,-0.03785581514239311,0.4388235807418823,0.36980849504470825,-0.05627377703785896,0.4329630136489868,0.31723958253860474,-0.06996812671422958,0.5005770921707153,0.5260270237922668,-0.01953267678618431,0.5034107565879822,0.42194774746894836,-0.03715285286307335,0.504298746585846,0.35546308755874634,-0.053977880626916885,0.5056267976760864,0.29743415117263794,-0.06641004234552383,0.5353489518165588,0.5540872812271118,-0.027821192517876625,0.5463250875473022,0.4628453850746155,-0.046698588877916336,0.5510055422782898,0.40533363819122314,-0.058502037078142166,0.5536959767341614,0.3520224094390869,-0.06705184280872345,0.5678822994232178,0.5998501777648926,-0.03910185024142265,0.5860337018966675,0.5401503443717957,-0.05576841160655022,0.5948716998100281,0.4975987672805786,-0.061710283160209656,0.6007853150367737,0.45486214756965637,-0.06571590155363083
0.5543009638786316,0.7900924682617188,3.869953673074633e-07,0.4974935054779053,0.7216024994850159,-0.02853749319911003,0.4679816961288452,0.6223354339599609,-0.04279244318604469,0.4709702730178833,0.5332413911819458,-0.05492207035422325,0.48274901509284973,0.46276724338531494,-0.06609205156564713,0.5121698975563049,0.5176177620887756,-0.026962144300341606,0.495075523853302,0.4070585370063782,-0.051765527576208115,0.4842766225337982,0.3412354588508606,-0.07067473977804184,0.4755873680114746,0.2818070948123932,-0.08431093394756317,0.5612851977348328,0.5171505808830261,-0.03149452805519104,0.5637544393539429,0.3963027596473694,-0.05102159082889557,0.5632243752479553,0.32192760705947876,-0.06819166243076324,0.56093430519104,0.2569245994091034,-0.08033440262079239,0.6065959930419922,0.5444656014442444,-0.0399039126932621,0.620849609375,0.4401847720146179,-0.060747191309928894,0.6229033470153809,0.3748273551464081,-0.07276435196399689,0.6205024123191833,0.3140968382358551,-0.08113396167755127,0.6480322480201721,0.5935478210449219,-0.050991661846637726,0.669937252998352,0.523697018623352,-0.06967245042324066,0.6805877089500427,0.4760544002056122,-0.07439539581537247,0.6865142583847046,0.4306095540523529,-0.07663816213607788
0.6076787114143372,0.7894654273986816,4.4438118607104116e-07,0.5508610010147095,0.7209508419036865,-0.04571473225951195,0.5184022784233093,0.608062744140625,-0.06587259471416473,0.5267450213432312,0.5006831288337708,-0.08104277402162552,0.5475552678108215,0.40911048650741577,-0.09362292289733887,0.5663416385650635,0.4746835231781006,-0.02918681688606739,0.5515329837799072,0.3497058153152466,-0.05657085403800011,0.5422053337097168,0.27346381545066833,-0.07884712517261505,0.5373193621635437,0.2040172815322876,-0.09576720744371414,0.6200659871101379,0.47294408082962036,-0.027189794927835464,0.6208800673484802,0.3341878652572632,-0.049231983721256256,0.6217285394668579,0.2488510012626648,-0.07020065188407898,0.6227893829345703,0.17331191897392273,-0.08552022278308868,0.6672704815864563,0.5034907460212708,-0.031693607568740845,0.6763997077941895,0.3836834728717804,-0.05654209107160568,0.6800084114074707,0.310164213180542,-0.07255307585000992,0.6795536279678345,0.2409268021583557,-0.08372198790311813,0.7126336097717285,0.5557441711425781,-0.04061638563871384,0.7279349565505981,0.4730554223060608,-0.06313293427228928,0.7341821193695068,0.419665664434433,-0.07192597538232803,0.7359908223152161,0.36608439683914185,-0.07750153541564941
0.5885191559791565,0.7488076686859131,4.730856915102777e-07,0.524827241897583,0.6769088506698608,-0.04398566111922264,0.486723929643631,0.5564712882041931,-0.0641431212425232,0.4911324977874756,0.44243329763412476,-0.08026465773582458,0.5078731775283813,0.34681910276412964,-0.09412713348865509,0.5325554013252258,0.41927823424339294,-0.031217310577630997,0.5257452130317688,0.2806025743484497,-0.06082688644528389,0.5237709283828735,0.20002448558807373,-0.08532441407442093,0.5252462029457092,0.1254991590976715,-0.10375270247459412,0.5837191343307495,0.418687105178833,-0.030580412596464157,0.5791270732879639,0.27077412605285645,-0.053941596299409866,0.5784468650817871,0.17980211973190308,-0.0760510042309761,0.5784478783607483,0.09872761368751526,-0.09309523552656174,0.6313719749450684,0.44716671109199524,-0.0362708605825901,0.6329336762428284,0.3156076669692993,-0.06017160043120384,0.6318941712379456,0.23528370261192322,-0.07637117803096771,0.6268088817596436,0.16354364156723022,-0.08869270235300064,0.6807540655136108,0.49736207723617554,-0.04667089879512787,0.6841354370117188,0.4004932641983032,-0.06940896064043045,0.6800422072410583,0.3382517695426941,-0.07968377321958542,0.6714898347854614,0.2805263102054596,-0.08671460300683975
0.5714951753616333,0.7277727127075195,4.1747122736524034e-07,0.5091453194618225,0.6574101448059082,-0.044503435492515564,0.47073033452033997,0.5385903716087341,-0.06690844148397446,0.4731631278991699,0.42700591683387756,-0.08549550175666809,0.49571579694747925,0.3321315348148346,-0.10234984755516052,0.5145183205604553,0.39842140674591064,-0.034159380942583084,0.5060481429100037,0.26488977670669556,-0.0664869174361229,0.5015674829483032,0.18685686588287354,-0.09317835420370102,0.5014944672584534,0.11261367797851562,-0.11403927206993103,0.563938319683075,0.39779311418533325,-0.03499900549650192,0.5549507737159729,0.254658579826355,-0.06260641664266586,0.5521404147148132,0.16684767603874207,-0.08880625665187836,0.5511130690574646,0.08333301544189453,-0.1092991977930069,0.6103386282920837,0.4269337058067322,-0.042151112109422684,0.6090989708900452,0.29618221521377563,-0.07158472388982773,0.6073342561721802,0.21856746077537537,-0.0932135209441185,0.6020822525024414,0.14603754878044128,-0.10925324261188507,0.6586422324180603,0.47657689452171326,-0.05359737202525139,0.661682665348053,0.3812260329723358,-0.08196412771940231,0.657530665397644,0.31870973110198975,-0.09780257940292358,0.6492329835891724,0.2579469084739685,-0.1091991737484932
0.5587101578712463,0.704387366771698,4.121027075143502e-07,0.4922803044319153,0.6358203291893005,-0.040846262127161026,0.4509138762950897,0.5189655423164368,-0.06106787174940109,0.4546038508415222,0.4091182053089142,-0.07816394418478012,0.4819982945919037,0.3213639557361603,-0.09354066103696823,0.4930093586444855,0.3777022361755371,-0.028885044157505035,0.48008468747138977,0.24697095155715942,-0.059364527463912964,0.47331756353378296,0.16909071803092957,-0.08490624278783798,0.47060129046440125,0.09670296311378479,-0.10478188842535019,0.5407860279083252,0.3743698000907898,-0.030594907701015472,0.5291748642921448,0.2336711436510086,-0.056491509079933167,0.5236198306083679,0.1472809612751007,-0.08075615018606186,0.5194093585014343,0.06746956706047058,-0.09941503405570984,0.5866034626960754,0.4000273048877716,-0.03843681141734123,0.5820278525352478,0.2722490131855011,-0.0653788149356842,0.5764151215553284,0.1935274749994278,-0.08433028310537338,0.567780077457428,0.12179744243621826,-0.09842284023761749,0.6353791952133179,0.446539044380188,-0.05056076496839523,0.6353870630264282,0.35273560881614685,-0.0756426528096199,0.6290247440338135,0.2912798523902893,-0.08851262181997299,0.6187119483947754,0.23273053765296936,-0.09773214906454086
0.5525121092796326,0.6961803436279297,3.8914814126655983e-07,0.4852079451084137,0.6316736340522766,-0.04119624197483063,0.44355398416519165,0.5157849192619324,-0.06103102117776871,0.4463271200656891,0.4077184200286865,-0.07761546969413757,0.46760737895965576,0.31938838958740234,-0.0925753265619278,0.4845316410064697,0.37526407837867737,-0.030547108501195908,0.470278263092041,0.24452534317970276,-0.060961976647377014,0.4634775221347809,0.1675269603729248,-0.08634509146213531,0.46034952998161316,0.09565210342407227,-0.106090247631073,0.531806230545044,0.3715762495994568,-0.03206653892993927,0.5183696150779724,0.2308521568775177,-0.05777956172823906,0.5116367340087891,0.14632266759872437,-0.08219792693853378,0.5061609745025635,0.06735613942146301,-0.10121426731348038,0.5770047307014465,0.3964369297027588,-0.039575133472681046,0.5709854364395142,0.26992419362068176,-0.06605104357004166,0.5653172135353088,0.1924440860748291,-0.08482613414525986,0.5566186308860779,0.12169405817985535,-0.099070705473423,0.6250061392784119,0.4423213601112366,-0.05144553631544113,0.62264484167099,0.348285436630249,-0.076275534927845,0.6154248118400574,0.28694412112236023,-0.08912286162376404,0.604631781578064,0.22806032001972198,-0.09852225333452225
0.47779199481010437,0.6704045534133911,2.791973372495704e-07,0.4141842722892761,0.6060946583747864,-0.03042357973754406,0.3749600946903229,0.4937237799167633,-0.04334379732608795,0.3669077754020691,0.3961941599845886,-0.055661141872406006,0.3769203722476959,0.3152933418750763,-0.06674893200397491,0.40786170959472656,0.37184375524520874,-0.008934438228607178,0.3937360942363739,0.25942981243133545,-0.033290427178144455,0.38251933455467224,0.19058416783809662,-0.05646830424666405,0.37497884035110474,0.12766414880752563,-0.07483778148889542,0.44573667645454407,0.3649614751338959,-0.012078166007995605,0.43025630712509155,0.24624615907669067,-0.03223911300301552,0.4165782630443573,0.1736634075641632,-0.052631914615631104,0.40271157026290894,0.10487887263298035,-0.06847473978996277,0.48571911454200745,0.38029128313064575,-0.02130146324634552,0.4706883728504181,0.2643457353115082,-0.04203149676322937,0.4585007429122925,0.19630837440490723,-0.05571511387825012,0.44323351979255676,0.1336146593093872,-0.06625634431838989,0.5308711528778076,0.41475021839141846,-0.03457041084766388,0.5253742933273315,0.32655835151672363,-0.054442793130874634,0.516180157661438,0.27249810099601746,-0.06389470398426056,0.5021564960479736,0.2222934067249298,-0.07074398547410965
0.44044435024261475,0.6624889373779297,3.0507359838338743e-07,0.3735406994819641,0.6014581918716431,-0.029921038076281548,0.3327508568763733,0.5042834877967834,-0.0442378930747509,0.3262103497982025,0.4136195480823517,-0.05767013505101204,0.3338528275489807,0.33407390117645264,-0.06962070614099503,0.3626636564731598,0.38848164677619934,-0.009921840392053127,0.3409990966320038,0.2823667526245117,-0.03383374586701393,0.32730716466903687,0.21794679760932922,-0.05611072853207588,0.3175477385520935,0.15736404061317444,-0.0730886459350586,0.3999660313129425,0.3809705078601837,-0.012852037325501442,0.37877896428108215,0.26661205291748047,-0.031910356134176254,0.36525607109069824,0.19618141651153564,-0.0510835200548172,0.35463809967041016,0.13049283623695374,-0.06585349142551422,0.43840524554252625,0.3942892551422119,-0.0215478353202343,0.4226418137550354,0.28720539808273315,-0.03999415040016174,0.4118703007698059,0.22267161309719086,-0.05125001072883606,0.3999454081058502,0.16354745626449585,-0.06020404025912285,0.48087888956069946,0.42470523715019226,-0.03434241563081741,0.4729806184768677,0.34429025650024414,-0.050424009561538696,0.4642137885093689,0.29213178157806396,-0.05655645206570625,0.45349156856536865,0.2433003932237625,-0.061119962483644485
0.4195394515991211,0.6633090972900391,2.4658353936501953e-07,0.35643965005874634,0.6088106036186218,-0.025927403941750526,0.32169023156166077,0.5179867148399353,-0.036914657801389694,0.3212999701499939,0.43190231919288635,-0.04681336134672165,0.3276704251766205,0.35690048336982727,-0.05519119277596474,0.3488452434539795,0.408438503742218,-0.006986122578382492,0.3311384916305542,0.31280872225761414,-0.026790795847773552,0.3188549280166626,0.25597870349884033,-0.04567597433924675,0.30985307693481445,0.20169343054294586,-0.060808535665273666,0.3854356110095978,0.4017469584941864,-0.010166583582758904,0.36658790707588196,0.298956036567688,-0.026688627898693085,0.3553473651409149,0.2344582974910736,-0.04491782933473587,0.34554487466812134,0.1736374795436859,-0.05938625708222389,0.42141619324684143,0.41651651263237,-0.018451521173119545,0.4087805151939392,0.3214958906173706,-0.036727000027894974,0.3999093174934387,0.2638757526874542,-0.04969385266304016,0.3891644775867462,0.21028466522693634,-0.05970868095755577,0.4608114957809448,0.44640979170799255,-0.030004099011421204,0.45368388295173645,0.37506088614463806,-0.04739883169531822,0.4438314735889435,0.3279893100261688,-0.05600159615278244,0.431176096200943,0.28232109546661377,-0.06238443776965141
0.4052877128124237,0.6632499098777771,2.428257062092598e-07,0.346500962972641,0.6113725900650024,-0.02362259104847908,0.3127667307853699,0.5261343717575073,-0.03434676304459572,0.3097549378871918,0.4469625949859619,-0.04457249492406845,0.3176514804363251,0.3787710964679718,-0.05362516641616821,0.337671160697937,0.4257931411266327,-0.005962791386991739,0.3207092881202698,0.3367742896080017,-0.02541268989443779,0.3094622492790222,0.28344249725341797,-0.04365281015634537,0.30137449502944946,0.23280452191829681,-0.0580255426466465,0.37138915061950684,0.41862723231315613,-0.009451841935515404,0.3546963632106781,0.32200485467910767,-0.025959186255931854,0.3439657986164093,0.2619248032569885,-0.043587576597929,0.3348636031150818,0.20529428124427795,-0.057383086532354355,0.4049242436885834,0.4308597147464752,-0.01769503951072693,0.39409488439559937,0.3428163230419159,-0.03505709767341614,0.38611429929733276,0.28955763578414917,-0.04712963104248047,0.376201868057251,0.24158190190792084,-0.05638521537184715,0.44103866815567017,0.4578169286251068,-0.02898084744811058,0.4357282221317291,0.39176297187805176,-0.04448758810758591,0.4275631308555603,0.34772518277168274,-0.05203387886285782,0.41657012701034546,0.30591368675231934,-0.05775399133563042
0.38588571548461914,0.6682413816452026,2.1751681344994722e-07,0.32913562655448914,0.6188375949859619,-0.01942361332476139,0.29905903339385986,0.5347136855125427,-0.026361700147390366,0.2990286946296692,0.45736759901046753,-0.03325657919049263,0.3076997399330139,0.3938150405883789,-0.03895179182291031,0.3257654011249542,0.44388347864151,0.0008731131092645228,0.3117075562477112,0.3608391582965851,-0.01441002357751131,0.3018530607223511,0.310859352350235,-0.02993641421198845,0.29495882987976074,0.2630881667137146,-0.04277506098151207,0.3579646050930023,0.4364405572414398,-0.0029907068237662315,0.34328991174697876,0.34588873386383057,-0.015800058841705322,0.3344370126724243,0.28846052289009094,-0.03123835101723671,0.3265136778354645,0.23498062789440155,-0.04364892467856407,0.3893437385559082,0.44845783710479736,-0.011401022784411907,0.38058069348335266,0.3641220033168793,-0.026331830769777298,0.37398451566696167,0.3141000270843506,-0.037883590906858444,0.36532676219940186,0.2694801986217499,-0.04685300961136818,0.42304861545562744,0.4740043878555298,-0.022479793056845665,0.4184848666191101,0.41201674938201904,-0.036615584045648575,0.4106460213661194,0.37147650122642517,-0.04408334940671921,0.4002286493778229,0.33287110924720764,-0.04988539218902588
0.39911144971847534,0.6807628870010376,2.8562769216478046e-07,0.3441026508808136,0.6236415505409241,-0.019259624183177948,0.31611955165863037,0.536058783531189,-0.028208600357174873,0.31712064146995544,0.45886895060539246,-0.037495702505111694,0.3314984440803528,0.39688900113105774,-0.04550868645310402,0.3474266827106476,0.43943196535110474,-0.0012009699130430818,0.33915355801582336,0.3508825898170471,-0.019050316885113716,0.33509325981140137,0.29630905389785767,-0.036464668810367584,0.3341272473335266,0.24635078012943268,-0.04999789223074913,0.38066667318344116,0.43846893310546875,-0.006395080592483282,0.3724888265132904,0.3459677994251251,-0.021101664751768112,0.36714428663253784,0.28592097759246826,-0.03728235512971878,0.36298367381095886,0.23084068298339844,-0.049171555787324905,0.41399145126342773,0.4557490646839142,-0.01592968963086605,0.40848487615585327,0.3672383427619934,-0.03149911016225815,0.4030056595802307,0.31454065442085266,-0.04165169969201088,0.39594244956970215,0.26499539613723755,-0.04897216334939003,0.4500211179256439,0.4880187213420868,-0.02818421646952629,0.4496261477470398,0.42352065443992615,-0.04314709082245827,0.4445520341396332,0.381072461605072,-0.04876185953617096,0.436524897813797,0.34026414155960083,-0.05213606730103493
0.4174818992614746,0.6825684309005737,4.4479176608547277e-07,0.35469257831573486,0.6270322203636169,-0.030387677252292633,0.32236042618751526,0.5330486297607422,-0.04644674062728882,0.32559534907341003,0.4441375434398651,-0.05997064337134361,0.3443080484867096,0.370895653963089,-0.07206003367900848,0.36429065465927124,0.4229026734828949,-0.022291084751486778,0.3543801009654999,0.31486815214157104,-0.0451863631606102,0.34790244698524475,0.24948100745677948,-0.06449200212955475,0.3449738025665283,0.19023609161376953,-0.07885641604661942,0.4067479968070984,0.4188092350959778,-0.02387697994709015,0.3984375,0.30390238761901855,-0.042173296213150024,0.3928214907646179,0.22985711693763733,-0.06003345921635628,0.3876757323741913,0.1657421588897705,-0.07281506806612015,0.44738152623176575,0.4391370713710785,-0.02961261197924614,0.44295796751976013,0.3332900404930115,-0.047676123678684235,0.43733763694763184,0.26909345388412476,-0.05988940969109535,0.42989519238471985,0.2114403247833252,-0.06872229278087616,0.487560898065567,0.47700703144073486,-0.0384969636797905,0.48715490102767944,0.4014934003353119,-0.05588263273239136,0.481453001499176,0.3515254855155945,-0.06269548088312149,0.47382381558418274,0.30467677116394043,-0.06639629602432251
0.3587300479412079,0.6992622017860413,3.2360875934500655e-07,0.2887116074562073,0.6388734579086304,-0.024980390444397926,0.24505671858787537,0.5263075232505798,-0.03629212826490402,0.2451278120279312,0.42845529317855835,-0.04747450351715088,0.2536390423774719,0.3549984395503998,-0.05786943808197975,0.28121834993362427,0.39079993963241577,-0.011012399569153786,0.2661302089691162,0.27868491411209106,-0.03426831588149071,0.2520461678504944,0.20904164016246796,-0.05638260021805763,0.2392967939376831,0.14590471982955933,-0.07395711541175842,0.3273652493953705,0.3872058689594269,-0.018930083140730858,0.3143661618232727,0.26523053646087646,-0.037990301847457886,0.30254364013671875,0.1887672394514084,-0.05721112713217735,0.29057690501213074,0.12095034122467041,-0.07155782729387283,0.37480705976486206,0.40966203808784485,-0.031767766922712326,0.361407071352005,0.2936951518058777,-0.05188317224383354,0.3513261079788208,0.22444307804107666,-0.06325425952672958,0.3383737802505493,0.16100731492042542,-0.07185444235801697,0.42542484402656555,0.45394012331962585,-0.047988809645175934,0.42183631658554077,0.36587727069854736,-0.06791479885578156,0.41428419947624207,0.3091879189014435,-0.07386857271194458,0.40328842401504517,0.2564603090286255,-0.07734981179237366
0.23328888416290283,0.7070712447166443,2.2029495028164092e-07,0.15446484088897705,0.640626072883606,-0.019352253526449203,0.10979844629764557,0.5128433108329773,-0.02654438652098179,0.1093982607126236,0.41152092814445496,-0.035484977066516876,0.12147258967161179,0.3494645357131958,-0.043820712715387344,0.14915448427200317,0.391606867313385,-0.004281149245798588,0.13017994165420532,0.27626121044158936,-0.02778894454240799,0.11357448995113373,0.20654557645320892,-0.04997517168521881,0.09888860583305359,0.1425284445285797,-0.06829110532999039,0.1958768218755722,0.3850431442260742,-0.015797382220625877,0.18063566088676453,0.25917232036590576,-0.037554021924734116,0.1687561571598053,0.17828026413917542,-0.05953516066074371,0.1561189591884613,0.1054450273513794,-0.07660422474145889,0.24144472181797028,0.4045623540878296,-0.0324258916079998,0.2324410080909729,0.2827332019805908,-0.05757018178701401,0.22044385969638824,0.21408435702323914,-0.07572220265865326,0.20162039995193481,0.1578216552734375,-0.08853453397750854,0.28903263807296753,0.4436815679073334,-0.05179903283715248,0.287003755569458,0.34905552864074707,-0.07601208984851837,0.26905691623687744,0.29662638902664185,-0.08802662789821625,0.24260443449020386,0.2568224370479584,-0.09666232019662857
0.12967874109745026,0.6856167316436768,4.830411057810124e-07,0.0554090291261673,0.6221491694450378,-0.031100546941161156,0.007947370409965515,0.5016183257102966,-0.050227247178554535,-0.0026331618428230286,0.40118008852005005,-0.06868966668844223,0.015439286828041077,0.3274153172969818,-0.08660273998975754,0.0469529889523983,0.35773536562919617,-0.027625104412436485,0.028655551373958588,0.23057633638381958,-0.05846831575036049,0.015775330364704132,0.15537714958190918,-0.08260934799909592,0.007058247923851013,0.08565381169319153,-0.10110222548246384,0.09700298309326172,0.35459449887275696,-0.036340512335300446,0.08018939197063446,0.2160903364419937,-0.06479784101247787,0.06971696019172668,0.12563806772232056,-0.08759240061044693,0.05999565124511719,0.04407322406768799,-0.10341817885637283,0.146983802318573,0.3824397623538971,-0.05014389753341675,0.1374325454235077,0.2559749484062195,-0.08004319667816162,0.12970469892024994,0.1761912852525711,-0.09756453335285187,0.11993570625782013,0.10304379463195801,-0.10916975885629654,0.19582483172416687,0.4319959878921509,-0.06708795577287674,0.1922125518321991,0.3381941318511963,-0.09465162456035614,0.1841053068637848,0.27421778440475464,-0.10606067627668381,0.1731366366147995,0.21331638097763062,-0.11319214850664139
0.13545526564121246,0.6752251386642456,3.8314871630973357e-07,0.0577821247279644,0.6076276302337646,-0.02928677573800087,0.0029280930757522583,0.47057074308395386,-0.04443959891796112,-0.018207520246505737,0.36046701669692993,-0.060123201459646225,-0.021513715386390686,0.27691611647605896,-0.07492667436599731,0.044319186359643936,0.3298070728778839,-0.012053809128701687,0.01923540234565735,0.2068278193473816,-0.04102446138858795,-0.00012690573930740356,0.14070439338684082,-0.06418139487504959,-0.014953210949897766,0.07835257053375244,-0.08153244107961655,0.09370194375514984,0.32504090666770935,-0.02208605594933033,0.06797975301742554,0.18204417824745178,-0.04985226318240166,0.05134284123778343,0.08958706259727478,-0.07416662573814392,0.037236690521240234,0.0038221776485443115,-0.09032722562551498,0.14261046051979065,0.35236358642578125,-0.038534894585609436,0.13125959038734436,0.22188366949558258,-0.07156181335449219,0.11823061108589172,0.13823279738426208,-0.09348779916763306,0.10293450206518173,0.06005015969276428,-0.10704255849123001,0.19246694445610046,0.40102526545524597,-0.057737745344638824,0.18865996599197388,0.30405011773109436,-0.08798770606517792,0.17578178644180298,0.23798498511314392,-0.10199679434299469,0.158771350979805,0.17435763776302338,-0.1109338104724884
0.1444888561964035,0.6640620827674866,3.8179641137503495e-07,0.06408475339412689,0.5944656133651733,-0.030936433002352715,0.007909983396530151,0.46490541100502014,-0.04719829559326172,-0.015248693525791168,0.3557497262954712,-0.06292375177145004,-0.019333012402057648,0.26946571469306946,-0.07753506302833557,0.049538370221853256,0.32213836908340454,-0.017911864444613457,0.016743451356887817,0.19429956376552582,-0.04927084594964981,-0.007995285093784332,0.12497895956039429,-0.07379460334777832,-0.027718856930732727,0.06030258536338806,-0.09157215803861618,0.10035249590873718,0.31492429971694946,-0.026901036500930786,0.07125832140445709,0.16654713451862335,-0.055766090750694275,0.0528825968503952,0.07225582003593445,-0.08004114031791687,0.03698590025305748,-0.014185577630996704,-0.09600310772657394,0.15145188570022583,0.340187132358551,-0.041995905339717865,0.13813693821430206,0.20727327466011047,-0.07474853098392487,0.12591522932052612,0.1210673451423645,-0.09489279985427856,0.11196096241474152,0.04044196009635925,-0.10715972632169724,0.20410069823265076,0.3889618217945099,-0.05998534709215164,0.19867432117462158,0.2920910716056824,-0.08950775116682053,0.18782594799995422,0.22541654109954834,-0.10117752850055695,0.17399035394191742,0.16126951575279236,-0.10797415673732758
0.21276532113552094,0.6682418584823608,4.1446557474955625e-07,0.1267400085926056,0.5812023878097534,-0.032789744436740875,0.08177559077739716,0.44197607040405273,-0.04804762080311775,0.08102896064519882,0.3276938199996948,-0.06289990246295929,0.09305179864168167,0.23154853284358978,-0.07680258899927139,0.1270291656255722,0.3072928190231323,-0.018609104678034782,0.0993679016828537,0.16525393724441528,-0.05114235728979111,0.0791110023856163,0.07372787594795227,-0.07754256576299667,0.06504077464342117,-0.005460083484649658,-0.09733355790376663,0.18339186906814575,0.30265408754348755,-0.0273752398788929,0.16590330004692078,0.15351754426956177,-0.05716134235262871,0.1512918323278427,0.053169190883636475,-0.08381112664937973,0.1389818787574768,-0.03565782308578491,-0.10213358700275421,0.2374124974012375,0.3301798403263092,-0.04223296046257019,0.23009556531906128,0.19308912754058838,-0.07307010143995285,0.2185734510421753,0.10588109493255615,-0.0918738842010498,0.20535537600517273,0.027089059352874756,-0.10456718504428864,0.290621817111969,0.3822024166584015,-0.06082114204764366,0.2896636724472046,0.28612256050109863,-0.08935511112213135,0.2783835232257843,0.2185858190059662,-0.10076216608285904,0.26416993141174316,0.15479645133018494,-0.1076553538441658
0.23217061161994934,0.6790907382965088,3.7736910485364206e-07,0.14706289768218994,0.5990426540374756,-0.038586266338825226,0.10167267918586731,0.465655654668808,-0.05733337625861168,0.09900537878274918,0.35094723105430603,-0.07433616369962692,0.10756815969944,0.2480543553829193,-0.09016350656747818,0.14433690905570984,0.3203083276748657,-0.023163465782999992,0.11921387165784836,0.18258565664291382,-0.056163690984249115,0.09891701489686966,0.09738439321517944,-0.08420560508966446,0.08247234672307968,0.020426303148269653,-0.10614166408777237,0.198963463306427,0.3152572214603424,-0.029513821005821228,0.17752419412136078,0.1686273068189621,-0.06007428839802742,0.15901073813438416,0.07366430759429932,-0.0887291207909584,0.1412019431591034,-0.01283109188079834,-0.10973275452852249,0.2517729699611664,0.3430299758911133,-0.042484086006879807,0.2409076988697052,0.20721782743930817,-0.07542857527732849,0.22863556444644928,0.12104195356369019,-0.09830809384584427,0.2137106955051422,0.04135361313819885,-0.11460337787866592,0.30571311712265015,0.39466431736946106,-0.059393834322690964,0.3053480386734009,0.2980925142765045,-0.0901988223195076,0.2947949767112732,0.2314748764038086,-0.10552505403757095,0.2803022265434265,0.16692887246608734,-0.11614672839641571
