0.4694742262363434,0.6395039558410645,6.095667686167872e-07,0.5101916790008545,0.5940494537353516,-0.028476238250732422,0.5472790002822876,0.549610435962677,-0.03226242959499359,0.5832686424255371,0.5269602537155151,-0.032656315714120865,0.6118351817131042,0.4982362985610962,-0.03112814761698246,0.5146217346191406,0.4587247371673584,0.020792054012417793,0.5395005345344543,0.40075668692588806,0.025038033723831177,0.5672528743743896,0.3778057098388672,0.016087180003523827,0.5931980609893799,0.36597055196762085,0.008644378744065762,0.5049107074737549,0.4553712010383606,0.03432547301054001,0.5288214683532715,0.390545517206192,0.041218895465135574,0.5566835403442383,0.36615025997161865,0.026701347902417183,0.5860031247138977,0.35973435640335083,0.014188267290592194,0.4963299334049225,0.4582773745059967,0.04285188391804695,0.5185250639915466,0.3961343765258789,0.05005497857928276,0.5444916486740112,0.37179461121559143,0.03829415515065193,0.5721733570098877,0.3634713590145111,0.027535943314433098,0.4892727732658386,0.4676809012889862,0.04775596782565117,0.5086537599563599,0.41544145345687866,0.05466543138027191,0.5271923542022705,0.3923551142215729,0.05225599184632301,0.5461838245391846,0.3817445635795593,0.04863640293478966
0.4650924801826477,0.5269565582275391,7.328417268581688e-07,0.47708606719970703,0.4843141436576843,-0.05625878646969795,0.5058003067970276,0.4383428990840912,-0.07499399781227112,0.554429292678833,0.4120790660381317,-0.08338950574398041,0.5954288244247437,0.38453492522239685,-0.08843885362148285,0.46948736906051636,0.334850937128067,-0.021053487434983253,0.503521203994751,0.2800644040107727,-0.03504125028848648,0.5418712496757507,0.26115143299102783,-0.05700277164578438,0.5759795308113098,0.2542181611061096,-0.07456411421298981,0.4890720546245575,0.3392356038093567,0.0018067832570523024,0.5214160680770874,0.28140929341316223,-0.010924008674919605,0.5573933720588684,0.2619745135307312,-0.03786277025938034,0.590257465839386,0.2547706663608551,-0.05965603515505791,0.5070654153823853,0.3577531576156616,0.018540658056735992,0.5376105308532715,0.3047824800014496,0.0014889630256220698,0.5670868158340454,0.284008264541626,-0.024649903178215027,0.595689594745636,0.2792089581489563,-0.04393129423260689,0.5280535221099854,0.3854922950267792,0.03093251772224903,0.5520713329315186,0.3623834252357483,0.011764134280383587,0.5723021030426025,0.35336875915527344,-0.006140789482742548,0.5937862396240234,0.3503516912460327,-0.019014034420251846
0.3919677138328552,0.5798139572143555,8.019270012482593e-07,0.40325218439102173,0.5128749012947083,-0.06998302042484283,0.4445812404155731,0.4445136487483978,-0.08604039996862411,0.5083421468734741,0.40436214208602905,-0.0885874330997467,0.55946284532547,0.3585703670978546,-0.08728276938199997,0.40115585923194885,0.31676626205444336,-0.005396012216806412,0.43881672620773315,0.23755541443824768,-0.007435064297169447,0.4834955930709839,0.21630103886127472,-0.02840578183531761,0.5205170512199402,0.22073017060756683,-0.04655475541949272,0.4311521053314209,0.3396736979484558,0.02953668311238289,0.4638682007789612,0.2595382332801819,0.031400442123413086,0.5050013661384583,0.23981092870235443,0.0008025832939893007,0.5411537885665894,0.23910433053970337,-0.02616320364177227,0.45515337586402893,0.36949265003204346,0.05679137632250786,0.4845521152019501,0.2988628149032593,0.05827798321843147,0.5174473524093628,0.27721622586250305,0.030670948326587677,0.548568844795227,0.2735605537891388,0.0063270144164562225,0.47923511266708374,0.4077911972999573,0.07760219275951385,0.5072439312934875,0.35179007053375244,0.07316302508115768,0.528891384601593,0.3316999673843384,0.05628417059779167,0.5489209294319153,0.31897634267807007,0.04095904529094696
0.37976953387260437,0.5724154710769653,7.513631317124236e-07,0.38788098096847534,0.5064404606819153,-0.061994604766368866,0.4246668219566345,0.4383092522621155,-0.07696264982223511,0.48711442947387695,0.39086204767227173,-0.08074771612882614,0.5351271629333496,0.34347003698349,-0.08101043105125427,0.3913642466068268,0.30854591727256775,-0.0020684534683823586,0.42557084560394287,0.2279680222272873,-0.0003949391539208591,0.465575635433197,0.20553359389305115,-0.015076866373419762,0.4996546506881714,0.20227013528347015,-0.02878473699092865,0.42041143774986267,0.32914039492607117,0.028520813211798668,0.4496043920516968,0.2553116977214813,0.03500873222947121,0.48495376110076904,0.2329365611076355,0.011949804611504078,0.5195244550704956,0.22678883373737335,-0.010005111806094646,0.4437849819660187,0.3598477244377136,0.05208205059170723,0.470655620098114,0.2968091368675232,0.05777197703719139,0.49815404415130615,0.27250492572784424,0.0353168249130249,0.5255439281463623,0.2655729055404663,0.013837927021086216,0.46579912304878235,0.399821937084198,0.06951670348644257,0.49136388301849365,0.3552783727645874,0.07070519775152206,0.5110467076301575,0.3372800350189209,0.05848138779401779,0.5300894379615784,0.32700085639953613,0.046428192406892776
0.33398354053497314,0.5592904090881348,7.510810746680363e-07,0.34043920040130615,0.5138290524482727,-0.08255656808614731,0.37914639711380005,0.4668886661529541,-0.10704702883958817,0.44932129979133606,0.44499295949935913,-0.11511294543743134,0.5027393102645874,0.4214063882827759,-0.11863414943218231,0.37747907638549805,0.31831565499305725,-0.03564366698265076,0.4097941815853119,0.23265637457370758,-0.038169484585523605,0.448026180267334,0.21480180323123932,-0.050323985517024994,0.4766659140586853,0.22786812484264374,-0.0590999498963356,0.4005410075187683,0.33465081453323364,0.005613888148218393,0.4323534071445465,0.2512122392654419,0.010026381351053715,0.46912258863449097,0.23535862565040588,-0.008002836257219315,0.4974060654640198,0.2508280277252197,-0.023312199860811234,0.41976821422576904,0.3605650067329407,0.03905545547604561,0.447517454624176,0.29111719131469727,0.04381958022713661,0.4782174825668335,0.2734951078891754,0.021185334771871567,0.5030480027198792,0.27647578716278076,0.0016285431338474154,0.4357259273529053,0.3963578939437866,0.0649920329451561,0.46135392785072327,0.3497784435749054,0.06449323892593384,0.4804399609565735,0.34099090099334717,0.05013880878686905,0.49419599771499634,0.3468339443206787,0.038013096898794174
0.30069398880004883,0.5334416627883911,6.896525519550778e-07,0.3078858256340027,0.49383729696273804,-0.07427642494440079,0.349109947681427,0.45492738485336304,-0.09572192281484604,0.41773751378059387,0.44480061531066895,-0.10194408893585205,0.4677251875400543,0.4281434714794159,-0.10374794155359268,0.35981401801109314,0.3102748394012451,-0.03538717329502106,0.39458104968070984,0.23252084851264954,-0.04129442572593689,0.43221959471702576,0.22085489332675934,-0.05463210120797157,0.4619182348251343,0.2342599630355835,-0.06384862959384918,0.3823954164981842,0.3256906569004059,0.000502515584230423,0.4158300757408142,0.2476244419813156,0.0021262771915644407,0.44982051849365234,0.2333742082118988,-0.01405012421309948,0.4744282364845276,0.2508851885795593,-0.027630578726530075,0.3989488184452057,0.3536528944969177,0.02908385917544365,0.43030551075935364,0.28818148374557495,0.029797429218888283,0.4584146738052368,0.27122950553894043,0.008068019524216652,0.48092761635780334,0.2765427827835083,-0.009979438968002796,0.4124084711074829,0.39258885383605957,0.050904277712106705,0.43895724415779114,0.35979795455932617,0.04658260941505432,0.4556993246078491,0.3577648401260376,0.03208668902516365,0.46773943305015564,0.37036141753196716,0.02098163031041622
0.2936212122440338,0.5084395408630371,6.784964057260368e-07,0.3052380681037903,0.48058992624282837,-0.07054511457681656,0.34686070680618286,0.4481082558631897,-0.0944356843829155,0.4085644781589508,0.4430437982082367,-0.10498823970556259,0.4563668966293335,0.4329695403575897,-0.11118582636117935,0.3517189621925354,0.3050013482570648,-0.037631914019584656,0.389045387506485,0.23017100989818573,-0.04867507144808769,0.42822375893592834,0.22222992777824402,-0.06455506384372711,0.4556931257247925,0.23967790603637695,-0.07482048124074936,0.37240299582481384,0.31694644689559937,-0.005321288947016001,0.4076217710971832,0.2417152374982834,-0.011618555523455143,0.44310906529426575,0.23391251266002655,-0.031066231429576874,0.4661732614040375,0.25611788034439087,-0.045321475714445114,0.38969579339027405,0.3403601050376892,0.020355599001049995,0.42099225521087646,0.2750279903411865,0.014855807647109032,0.4504920244216919,0.2629358172416687,-0.006781295407563448,0.4715574383735657,0.273832768201828,-0.022844674065709114,0.4038219451904297,0.37379154562950134,0.039855726063251495,0.43168580532073975,0.33458593487739563,0.03222358226776123,0.45014363527297974,0.3277563452720642,0.01810452528297901,0.46309369802474976,0.3371439576148987,0.008246872574090958
0.29140689969062805,0.5002530813217163,6.243038228603837e-07,0.302157998085022,0.47101959586143494,-0.06956570595502853,0.34277501702308655,0.4394848644733429,-0.09120338410139084,0.4041985869407654,0.43451276421546936,-0.09914914518594742,0.45164984464645386,0.42633044719696045,-0.10246187448501587,0.3506903350353241,0.2991693317890167,-0.037574201822280884,0.3879244923591614,0.2249290496110916,-0.05058252811431885,0.4267377555370331,0.21817055344581604,-0.06730480492115021,0.45448803901672363,0.23701143264770508,-0.07765427976846695,0.3732297122478485,0.3123632073402405,-0.005748285911977291,0.40885642170906067,0.23894478380680084,-0.01264079101383686,0.44273996353149414,0.23242056369781494,-0.031036730855703354,0.46451297402381897,0.25406762957572937,-0.04435054957866669,0.39061030745506287,0.33753061294555664,0.01912812516093254,0.4226256310939789,0.27596306800842285,0.012345937080681324,0.45104628801345825,0.2655072510242462,-0.009285050444304943,0.4714319109916687,0.27584296464920044,-0.025069937109947205,0.40363913774490356,0.37309542298316956,0.037885572761297226,0.43077030777931213,0.3391495943069458,0.028474561870098114,0.4474818706512451,0.33608150482177734,0.013863992877304554,0.45813602209091187,0.34734317660331726,0.004014653619378805
0.3174206614494324,0.5144851803779602,4.1975292219831317e-07,0.30252981185913086,0.47373777627944946,-0.05049790441989899,0.3200877606868744,0.43093305826187134,-0.07681776583194733,0.36957257986068726,0.4282912611961365,-0.09660527855157852,0.41594165563583374,0.4351319968700409,-0.11278638988733292,0.3656187653541565,0.29834261536598206,-0.0359492264688015,0.4048275649547577,0.23196417093276978,-0.06509500741958618,0.43750205636024475,0.23919793963432312,-0.09164339303970337,0.4589110016822815,0.2707836329936981,-0.10676245391368866,0.39138713479042053,0.3135586380958557,-0.022316250950098038,0.4261801242828369,0.2382846176624298,-0.04521710425615311,0.45638757944107056,0.24007050693035126,-0.06687363982200623,0.47585466504096985,0.26631858944892883,-0.0795179083943367,0.41087979078292847,0.34173497557640076,-0.01466524787247181,0.44667598605155945,0.27740243077278137,-0.03169596567749977,0.4721605181694031,0.27237170934677124,-0.045095913112163544,0.49094563722610474,0.2836090326309204,-0.0524432510137558,0.42505571246147156,0.38114506006240845,-0.01216922514140606,0.4558417499065399,0.3330446779727936,-0.024152399972081184,0.4769936501979828,0.31670260429382324,-0.031471651047468185,0.4957321882247925,0.3087773025035858,-0.03510751202702522
0.32390478253364563,0.5108218193054199,4.7229517008418043e-07,0.3255547285079956,0.4697203040122986,-0.06000301614403725,0.3574170172214508,0.43067172169685364,-0.07607130706310272,0.4196459949016571,0.4252789616584778,-0.08076562732458115,0.4661146104335785,0.41432151198387146,-0.08086191117763519,0.3759467303752899,0.29641079902648926,-0.023889008909463882,0.4127524495124817,0.22767721116542816,-0.04068237170577049,0.4489833414554596,0.235528826713562,-0.06084092706441879,0.47377920150756836,0.26522374153137207,-0.07277221232652664,0.4013465344905853,0.31866931915283203,0.0018413745565339923,0.4363701343536377,0.2540956437587738,-0.006013897713273764,0.465872585773468,0.2602168917655945,-0.02259577251970768,0.48565372824668884,0.28266894817352295,-0.03390560671687126,0.4172177016735077,0.35296469926834106,0.019845783710479736,0.4497871994972229,0.31681543588638306,0.009715600870549679,0.46906718611717224,0.326614111661911,-0.007933041080832481,0.4839494228363037,0.34226223826408386,-0.0192716121673584,0.42539966106414795,0.39604800939559937,0.03232352063059807,0.450738787651062,0.37739798426628113,0.019591176882386208,0.45566675066947937,0.39205875992774963,0.008630244992673397,0.4559054970741272,0.40915578603744507,0.0030318584758788347
0.31500205397605896,0.485880970954895,5.023333642384387e-07,0.3289823830127716,0.46213340759277344,-0.06878175586462021,0.3743749260902405,0.43479740619659424,-0.09472893178462982,0.43611660599708557,0.43749889731407166,-0.1076119989156723,0.48419785499572754,0.4297078251838684,-0.11500067263841629,0.37477582693099976,0.28815582394599915,-0.040279775857925415,0.41576245427131653,0.21175885200500488,-0.05535556375980377,0.45278823375701904,0.23431167006492615,-0.07200421392917633,0.465943843126297,0.27904629707336426,-0.07965283840894699,0.3862764835357666,0.29666709899902344,-0.006283174268901348,0.42799314856529236,0.20951758325099945,-0.016872627660632133,0.46268776059150696,0.2374088615179062,-0.03590201959013939,0.47393566370010376,0.28346478939056396,-0.046608246862888336,0.39721205830574036,0.3140009045600891,0.021712515503168106,0.435728520154953,0.24704575538635254,0.013815484941005707,0.4624785780906677,0.2633659541606903,-0.00466714333742857,0.471113920211792,0.29669976234436035,-0.01532221119850874,0.40854787826538086,0.3405938744544983,0.04424533620476723,0.44184377789497375,0.2966889441013336,0.037930846214294434,0.4628121554851532,0.3062290847301483,0.026126060634851456,0.4696028232574463,0.32779619097709656,0.019287163391709328
0.3140557110309601,0.49064335227012634,3.9227106185535376e-07,0.3324033319950104,0.46800458431243896,-0.07184561342000961,0.3857417702674866,0.4460066556930542,-0.09496019780635834,0.4522518515586853,0.45599186420440674,-0.10272525995969772,0.49919360876083374,0.45149898529052734,-0.1035880595445633,0.3910314440727234,0.30047550797462463,-0.04565519466996193,0.44826751947402954,0.22940365970134735,-0.06139582395553589,0.4802611768245697,0.26452094316482544,-0.07483181357383728,0.48358869552612305,0.3156740665435791,-0.07838451862335205,0.3987988829612732,0.3084152936935425,-0.007855947129428387,0.45404329895973206,0.2272479385137558,-0.017403876408934593,0.4827903211116791,0.2667977213859558,-0.03178108111023903,0.4854588210582733,0.3178289234638214,-0.038278549909591675,0.4053138494491577,0.327199250459671,0.0234078262001276,0.45676618814468384,0.2706263065338135,0.013010111637413502,0.4790063500404358,0.29902973771095276,-0.007062642835080624,0.4814896583557129,0.33512914180755615,-0.01711323857307434,0.41315919160842896,0.35325857996940613,0.04960794001817703,0.45306044816970825,0.32183998823165894,0.03835834190249443,0.4732299745082855,0.3449357748031616,0.02311362884938717,0.476467490196228,0.3739266097545624,0.015377882868051529
0.31284409761428833,0.48214414715766907,4.462636127300357e-07,0.3366733193397522,0.46143215894699097,-0.06961795687675476,0.3875998556613922,0.441836953163147,-0.09338743984699249,0.44955044984817505,0.44961780309677124,-0.10261297225952148,0.4972788393497467,0.43740662932395935,-0.10471731424331665,0.393141508102417,0.2900671362876892,-0.04215950146317482,0.4454885721206665,0.22167213261127472,-0.05346667394042015,0.4792337119579315,0.25750693678855896,-0.06425482034683228,0.4826522767543793,0.3069741725921631,-0.06724198907613754,0.39892202615737915,0.30040186643600464,-0.004974233917891979,0.4540863037109375,0.22111913561820984,-0.012259794399142265,0.48311784863471985,0.2663864493370056,-0.02701219730079174,0.48436248302459717,0.3158804476261139,-0.03482571989297867,0.4043740928173065,0.31947654485702515,0.026453690603375435,0.4568665623664856,0.26919108629226685,0.019294241443276405,0.4804043769836426,0.3033265173435211,0.0006259192596189678,0.48077669739723206,0.3411718010902405,-0.010190543718636036,0.4102063775062561,0.3476139307022095,0.05284668132662773,0.4532322287559509,0.32553231716156006,0.04449784755706787,0.4738440215587616,0.35330596566200256,0.03032483533024788,0.4747335910797119,0.38281965255737305,0.02218688651919365
0.3119150996208191,0.4799514710903168,4.972466172148415e-07,0.3352668881416321,0.45150500535964966,-0.05874146521091461,0.3793988823890686,0.4159175157546997,-0.07916059345006943,0.4375205338001251,0.4023723304271698,-0.08794955164194107,0.48170340061187744,0.3798857629299164,-0.09033344686031342,0.36790579557418823,0.2651521563529968,-0.0277901329100132,0.4093650281429291,0.19597744941711426,-0.03708970919251442,0.44799482822418213,0.21938054263591766,-0.04946676269173622,0.46176594495773315,0.2624117136001587,-0.05553527921438217,0.3774315416812897,0.27289241552352905,0.0010084492387250066,0.41961434483528137,0.19366586208343506,-0.006151434499770403,0.4534665048122406,0.22569167613983154,-0.022182468324899673,0.46349039673805237,0.2711600661277771,-0.031803347170352936,0.388563334941864,0.29083842039108276,0.024554507806897163,0.42593055963516235,0.2307164967060089,0.020624730736017227,0.4533132314682007,0.25215643644332886,0.0070662531070411205,0.4612438976764679,0.28399857878685,-0.0019157020142301917,0.3988012671470642,0.31998392939567566,0.042955320328474045,0.43168210983276367,0.2820594310760498,0.040945425629615784,0.45251673460006714,0.2943401634693146,0.033710673451423645,0.45738640427589417,0.31405240297317505,0.02920239418745041
0.29101821780204773,0.4684585928916931,4.2575780412335007e-07,0.2885240316390991,0.4365249574184418,-0.05918137729167938,0.3204570710659027,0.38796570897102356,-0.08003545552492142,0.37868785858154297,0.362008661031723,-0.09030546993017197,0.42061910033226013,0.3282258212566376,-0.0950595885515213,0.30543649196624756,0.25066396594047546,-0.02618585154414177,0.3340889513492584,0.16346809267997742,-0.039386119693517685,0.36728596687316895,0.1730175018310547,-0.055029962211847305,0.3837251663208008,0.21284663677215576,-0.06247199326753616,0.32402586936950684,0.25498202443122864,0.0012770051835104823,0.349637508392334,0.1675035059452057,-0.005009148735553026,0.38114169239997864,0.17918533086776733,-0.022216683253645897,0.3967404067516327,0.21683475375175476,-0.03350909426808357,0.3395530581474304,0.2709302008152008,0.022382616996765137,0.36225661635398865,0.19739584624767303,0.01745971105992794,0.38571691513061523,0.20122839510440826,0.0015657260082662106,0.39858880639076233,0.22639784216880798,-0.009417206048965454,0.3545924127101898,0.2970590591430664,0.03842948377132416,0.37590596079826355,0.24359427392482758,0.03415951877832413,0.39414140582084656,0.2430955022573471,0.02516254037618637,0.4035198986530304,0.25795766711235046,0.019312430173158646
0.23708021640777588,0.4630173444747925,3.509898931497446e-07,0.22682255506515503,0.43440744280815125,-0.06318491697311401,0.24692398309707642,0.3859725296497345,-0.08686953783035278,0.29804694652557373,0.3508029580116272,-0.09963240474462509,0.33888211846351624,0.31757593154907227,-0.10774143785238266,0.2318035513162613,0.24827466905117035,-0.03906926512718201,0.25108498334884644,0.16324086487293243,-0.06484093517065048,0.2869221866130829,0.17261198163032532,-0.09068454056978226,0.3113366961479187,0.2075752317905426,-0.10590321570634842,0.2615903913974762,0.24925930798053741,-0.014158118516206741,0.2748679220676422,0.15987378358840942,-0.035554323345422745,0.30912625789642334,0.17488594353199005,-0.06116120517253876,0.33101314306259155,0.21318478882312775,-0.07657718658447266,0.2869285047054291,0.2664247751235962,0.004362557083368301,0.3000738322734833,0.19179977476596832,-0.01466639619320631,0.32563337683677673,0.1998208463191986,-0.03647918626666069,0.3404454290866852,0.22712016105651855,-0.049234770238399506,0.30637210607528687,0.29782697558403015,0.01774699054658413,0.3218091130256653,0.2481016218662262,-0.0016441554762423038,0.33923548460006714,0.25400108098983765,-0.01742490567266941,0.34838083386421204,0.27460193634033203,-0.026078596711158752
0.2078857123851776,0.47169259190559387,2.18180218780617e-07,0.18727397918701172,0.4391487240791321,-0.04854847863316536,0.19721627235412598,0.38934698700904846,-0.07371732592582703,0.2395249456167221,0.3573262691497803,-0.09314356744289398,0.27887579798698425,0.33048319816589355,-0.1090276837348938,0.19881203770637512,0.25254711508750916,-0.033313021063804626,0.22571970522403717,0.1652849316596985,-0.06557875871658325,0.25547856092453003,0.1701318323612213,-0.09485338628292084,0.2727408707141876,0.20960265398025513,-0.11031685024499893,0.2328232228755951,0.2574318051338196,-0.020322786644101143,0.2553703784942627,0.16834881901741028,-0.049348071217536926,0.2833206355571747,0.1811995804309845,-0.07786275446414948,0.29473817348480225,0.22407351434230804,-0.09369190037250519,0.2600387632846832,0.27453842759132385,-0.01288458053022623,0.28072062134742737,0.19809632003307343,-0.035572297871112823,0.3008215129375458,0.20436003804206848,-0.056289639323949814,0.308097243309021,0.23790474236011505,-0.06700854748487473,0.2804548740386963,0.30114391446113586,-0.00965805072337389,0.298159122467041,0.24398544430732727,-0.02649017423391342,0.3127964735031128,0.2372712641954422,-0.038737956434488297,0.31905049085617065,0.25253599882125854,-0.045073021203279495
0.20634372532367706,0.48102831840515137,2.3738799370676134e-07,0.19008052349090576,0.4467451870441437,-0.05741957947611809,0.2005414366722107,0.399888813495636,-0.08414563536643982,0.23960725963115692,0.3684989809989929,-0.10337525606155396,0.2777893543243408,0.34199079871177673,-0.1187925934791565,0.2002616971731186,0.2710030972957611,-0.03520510718226433,0.2271723747253418,0.18831971287727356,-0.06485766917467117,0.2593144178390503,0.1966707855463028,-0.0932508185505867,0.2808418571949005,0.23485839366912842,-0.10923159867525101,0.22908233106136322,0.2755347788333893,-0.016111940145492554,0.2524820864200592,0.19661778211593628,-0.04264361783862114,0.2823862135410309,0.2113403081893921,-0.07120773941278458,0.2985411286354065,0.2482883334159851,-0.08808522671461105,0.25325077772140503,0.2905350625514984,-0.0035445010289549828,0.27437230944633484,0.22346819937229156,-0.025180960074067116,0.296857625246048,0.22988426685333252,-0.04823656380176544,0.308417409658432,0.25883767008781433,-0.061184246093034744,0.27179649472236633,0.3144436776638031,0.004080769140273333,0.2875538170337677,0.26362067461013794,-0.012608243152499199,0.3026449680328369,0.26426687836647034,-0.02665984444320202,0.31111493706703186,0.28241997957229614,-0.03479023277759552
0.25456079840660095,0.49062657356262207,2.9197303774708416e-07,0.253591924905777,0.4530216455459595,-0.058849502354860306,0.2878405451774597,0.41818463802337646,-0.07514887303113937,0.34905651211738586,0.4107462167739868,-0.08028995245695114,0.38784995675086975,0.3999979496002197,-0.08122985064983368,0.2959691286087036,0.2931635081768036,-0.03084668517112732,0.3287193179130554,0.2195023000240326,-0.05155506357550621,0.3627747893333435,0.22659939527511597,-0.07215911149978638,0.38524362444877625,0.26000142097473145,-0.08219073712825775,0.313109815120697,0.3026752471923828,-0.004742927849292755,0.34290629625320435,0.22783219814300537,-0.01831210032105446,0.3741864562034607,0.2355603724718094,-0.037183087319135666,0.39453673362731934,0.2675771117210388,-0.047077763825654984,0.32711368799209595,0.326295405626297,0.014303593896329403,0.3578450679779053,0.2713870108127594,0.0006863594753667712,0.382703572511673,0.27735933661460876,-0.023204702883958817,0.3998744487762451,0.29548850655555725,-0.036596450954675674,0.3398575782775879,0.35963132977485657,0.02850537747144699,0.36165761947631836,0.3439033627510071,0.01305004395544529,0.3786677420139313,0.35460028052330017,-0.004667464178055525,0.3905341625213623,0.3721728026866913,-0.014285544864833355
0.31469354033470154,0.5125136375427246,6.571288508894213e-07,0.34130775928497314,0.4933781325817108,-0.06547889113426208,0.39143067598342896,0.4716474115848541,-0.0899423286318779,0.45309942960739136,0.476044625043869,-0.1014525517821312,0.5007407069206238,0.4620690643787384,-0.10831307619810104,0.3904237449169159,0.32622137665748596,-0.03701016306877136,0.4383893609046936,0.26463261246681213,-0.04435058683156967,0.4777980446815491,0.2811136245727539,-0.05550685152411461,0.49465084075927734,0.31968235969543457,-0.0602724514901638,0.39359769225120544,0.32782647013664246,-0.002844693837687373,0.4394305944442749,0.24216315150260925,-0.006204164586961269,0.4766538441181183,0.2595687806606293,-0.021112779155373573,0.48977598547935486,0.30616188049316406,-0.029758060351014137,0.3979739844799042,0.34149980545043945,0.026218879967927933,0.44115376472473145,0.27847766876220703,0.024702003225684166,0.47248148918151855,0.29066532850265503,0.007512545678764582,0.48453742265701294,0.3210628926753998,-0.003429834032431245,0.4038962721824646,0.36322155594825745,0.050215668976306915,0.4426749050617218,0.32435595989227295,0.048037152737379074,0.4670487642288208,0.33078598976135254,0.0375208742916584,0.4775404632091522,0.3480047583580017,0.03132575750350952
0.33565932512283325,0.5248556137084961,6.495804996120569e-07,0.3644689917564392,0.505502462387085,-0.06854936480522156,0.41617023944854736,0.48558536171913147,-0.09378821402788162,0.4771847724914551,0.49331507086753845,-0.10450718551874161,0.525512158870697,0.48858538269996643,-0.10986460000276566,0.4153786301612854,0.3311341404914856,-0.04481818899512291,0.47106629610061646,0.2686403691768646,-0.05327337235212326,0.5096748471260071,0.2945261597633362,-0.0631043016910553,0.5232408046722412,0.3384014070034027,-0.0657101720571518,0.416624516248703,0.3366938829421997,-0.0065849111415445805,0.4718647301197052,0.2571675181388855,-0.009279740042984486,0.5091001391410828,0.28296342492103577,-0.021421102806925774,0.5211061239242554,0.3310776948928833,-0.027668088674545288,0.4205956757068634,0.354343980550766,0.026770740747451782,0.46872180700302124,0.29456061124801636,0.0263814814388752,0.49948185682296753,0.3104555308818817,0.01051853783428669,0.5105015635490417,0.34323015809059143,0.0007439451874233782,0.42628973722457886,0.37814322113990784,0.05499919503927231,0.46623772382736206,0.34315723180770874,0.05297977477312088,0.49100038409233093,0.35427534580230713,0.0425167977809906,0.5012559294700623,0.3753412365913391,0.037028998136520386
0.3387903571128845,0.530876100063324,5.902162456550286e-07,0.3733800947666168,0.508392333984375,-0.06288895010948181,0.42301926016807556,0.4804322421550751,-0.08330706506967545,0.48082852363586426,0.4747282862663269,-0.09063693135976791,0.5246235132217407,0.4601932764053345,-0.09213238954544067,0.4167175590991974,0.3285956382751465,-0.031485725194215775,0.45885995030403137,0.2533090114593506,-0.03669920563697815,0.49761658906936646,0.2722037434577942,-0.04598386958241463,0.5154234170913696,0.3136158585548401,-0.049057554453611374,0.41334694623947144,0.3316771984100342,0.00404882850125432,0.45836666226387024,0.2469860464334488,0.0037817975971847773,0.4973599910736084,0.26773667335510254,-0.009386574849486351,0.5136680006980896,0.31387561559677124,-0.01734286919236183,0.41427358984947205,0.34469279646873474,0.034440845251083374,0.45531168580055237,0.280521422624588,0.036535654217004776,0.488160640001297,0.29078570008277893,0.019564833492040634,0.5030041933059692,0.32187628746032715,0.00779632618650794,0.4180908799171448,0.36578017473220825,0.0596388578414917,0.4536502957344055,0.3283306658267975,0.059462882578372955,0.47942182421684265,0.33679184317588806,0.048333942890167236,0.49164730310440063,0.3578232228755951,0.041397564113140106
0.3604264259338379,0.5090166926383972,5.81966389745503e-07,0.37667179107666016,0.45652300119400024,-0.05971379205584526,0.41087451577186584,0.40068909525871277,-0.07460832595825195,0.4576558768749237,0.3646851181983948,-0.0774318277835846,0.49505382776260376,0.32942265272140503,-0.07526948302984238,0.3773326873779297,0.29140353202819824,-0.011118934489786625,0.39643803238868713,0.2128601223230362,-0.005956029053777456,0.4332296550273895,0.20491142570972443,-0.011355943977832794,0.4576176404953003,0.22909575700759888,-0.014252797700464725,0.38858523964881897,0.3088373839855194,0.02487104944884777,0.40911781787872314,0.22984431684017181,0.03911331668496132,0.4427275061607361,0.2241544872522354,0.02826611138880253,0.4671919643878937,0.24346861243247986,0.01712827943265438,0.3999403417110443,0.32937657833099365,0.055055804550647736,0.41894257068634033,0.2731601595878601,0.07071507722139359,0.4447592794895172,0.2609688937664032,0.056616995483636856,0.4647999703884125,0.27245384454727173,0.041990213096141815,0.4149441123008728,0.35623568296432495,0.07949437201023102,0.43392282724380493,0.313059538602829,0.09199123084545135,0.45189452171325684,0.303344190120697,0.0857209712266922,0.46389085054397583,0.3079455494880676,0.07813996076583862
0.34282857179641724,0.5312941670417786,4.804570039596001e-07,0.3461858928203583,0.48135727643966675,-0.04782140627503395,0.3664812445640564,0.4256344437599182,-0.060375042259693146,0.4044839143753052,0.3836638629436493,-0.06465090066194534,0.4369233250617981,0.3489249050617218,-0.06586866080760956,0.3390439450740814,0.32747554779052734,-0.0017493033083155751,0.3494519591331482,0.25811341404914856,0.0023747170343995094,0.37342795729637146,0.23843875527381897,-0.004812905099242926,0.39446812868118286,0.24486106634140015,-0.011246141977608204,0.3585266172885895,0.34152349829673767,0.022969143465161324,0.36980196833610535,0.27695074677467346,0.03337859362363815,0.3917875289916992,0.26190876960754395,0.020359134301543236,0.41274309158325195,0.2616705000400543,0.007385945413261652,0.37539950013160706,0.3609341084957123,0.0423923060297966,0.38644683361053467,0.3094075918197632,0.0544544979929924,0.40398097038269043,0.2912593483924866,0.0421520359814167,0.42039865255355835,0.28647395968437195,0.028282564133405685,0.3909119665622711,0.3895699977874756,0.056669365614652634,0.4043280780315399,0.34706321358680725,0.06605634093284607,0.4150281548500061,0.3354039192199707,0.06193196773529053,0.42304104566574097,0.33260834217071533,0.05554475262761116
0.36910971999168396,0.5223590135574341,4.340293173754617e-07,0.3990921378135681,0.48811066150665283,-0.016656864434480667,0.4295857548713684,0.44773370027542114,-0.02066507376730442,0.46407750248908997,0.4269622564315796,-0.023296887055039406,0.4907183051109314,0.41019439697265625,-0.023590127006173134,0.39399367570877075,0.35478803515434265,0.014851377345621586,0.40185078978538513,0.2893432378768921,0.01790439523756504,0.42714160680770874,0.2737383544445038,0.014097519218921661,0.44739729166030884,0.2834516763687134,0.013442211784422398,0.3868851065635681,0.35408300161361694,0.022936144843697548,0.39512768387794495,0.28254345059394836,0.029469860717654228,0.4232148826122284,0.26868802309036255,0.023288695141673088,0.4445264935493469,0.2859249711036682,0.02026485651731491,0.38404756784439087,0.35822969675064087,0.027918238192796707,0.3923298120498657,0.29393818974494934,0.0359002985060215,0.4164876937866211,0.28013306856155396,0.0307359267026186,0.4349394142627716,0.2925941050052643,0.027387868613004684,0.3872993290424347,0.3663420081138611,0.030507944524288177,0.3960667848587036,0.3131367564201355,0.036487892270088196,0.4117089509963989,0.29640889167785645,0.03545628488063812,0.4252043068408966,0.2987220287322998,0.035823170095682144
0.3847837448120117,0.5583709478378296,7.238278953991539e-07,0.4118008315563202,0.519715428352356,-0.059336137026548386,0.448474258184433,0.4750894010066986,-0.0753951445221901,0.4967416524887085,0.4518967866897583,-0.07944507896900177,0.5313681960105896,0.41825398802757263,-0.0789232924580574,0.40723466873168945,0.3689861595630646,-0.016269207000732422,0.41473588347435,0.29681187868118286,-0.0049394723027944565,0.44465065002441406,0.27577847242355347,-0.0019510394195094705,0.46502095460891724,0.2846524119377136,0.0009735216153785586,0.4117986559867859,0.3832584619522095,0.020281989127397537,0.42324376106262207,0.3053601384162903,0.03705078735947609,0.4539014995098114,0.286519318819046,0.03284931555390358,0.47638261318206787,0.29649531841278076,0.028394607827067375,0.4194936752319336,0.3985907733440399,0.05204066261649132,0.4286104440689087,0.3355710804462433,0.06812449544668198,0.4520484507083893,0.3118858337402344,0.05973362550139427,0.4684698283672333,0.3141455352306366,0.051440224051475525,0.4309212565422058,0.41825029253959656,0.0783543586730957,0.4444265365600586,0.3689707815647125,0.08992724865674973,0.4589647948741913,0.3515115976333618,0.08655358105897903,0.4679930508136749,0.34883663058280945,0.083100825548172
0.3879363536834717,0.556794285774231,7.052139494589937e-07,0.41680121421813965,0.5168541669845581,-0.060844678431749344,0.4543231427669525,0.4721423089504242,-0.07615457475185394,0.5025697350502014,0.4500209093093872,-0.07866621017456055,0.537645697593689,0.4192606806755066,-0.07607348263263702,0.4147273898124695,0.3618806302547455,-0.01700730249285698,0.41971972584724426,0.2912272810935974,-0.005961643531918526,0.4512031078338623,0.2699778079986572,-0.003006018465384841,0.4743671119213104,0.2802177369594574,0.00012519526353571564,0.4181881546974182,0.3777547776699066,0.02112623304128647,0.42854422330856323,0.2994405925273895,0.038034405559301376,0.4603165090084076,0.28183478116989136,0.03476135432720184,0.48430514335632324,0.29349851608276367,0.03135741874575615,0.4255789816379547,0.39384958148002625,0.05428290367126465,0.43477487564086914,0.32933861017227173,0.07026859372854233,0.4600549340248108,0.3070255517959595,0.06276120245456696,0.47855091094970703,0.3111323416233063,0.05557270720601082,0.43734705448150635,0.4145650863647461,0.08178084343671799,0.45129555463790894,0.36494508385658264,0.09273689985275269,0.4672388434410095,0.34808844327926636,0.08903075009584427,0.47774752974510193,0.3461288809776306,0.08589186519384384
0.411576509475708,0.573038637638092,7.003785071901802e-07,0.44356298446655273,0.5330361127853394,-0.05278107151389122,0.48708575963974,0.49410897493362427,-0.06720791757106781,0.5373478531837463,0.4773407578468323,-0.07158186286687851,0.5753443837165833,0.45380911231040955,-0.07211970537900925,0.4626006782054901,0.3879033625125885,-0.006872657686471939,0.4799536466598511,0.31528493762016296,0.001575416885316372,0.5105413794517517,0.2959623336791992,4.8714788135839626e-05,0.5334360003471375,0.3043052852153778,6.184310041135177e-05,0.4614422917366028,0.39957505464553833,0.02593904733657837,0.48057958483695984,0.3203692138195038,0.04275833070278168,0.510921061038971,0.3043721914291382,0.0407114215195179,0.5344635248184204,0.3179474174976349,0.03837384656071663,0.46272480487823486,0.4151243567466736,0.05334313213825226,0.4830406606197357,0.3522186875343323,0.07050131261348724,0.5066216588020325,0.3322310447692871,0.06674902141094208,0.524818480014801,0.33693623542785645,0.06193777918815613,0.4692961871623993,0.43595924973487854,0.0751483216881752,0.4895973801612854,0.3919754922389984,0.08855073153972626,0.5049432516098022,0.37634941935539246,0.0890117660164833,0.5163867473602295,0.37275004386901855,0.08886352926492691
0.45689716935157776,0.5543440580368042,7.548416647296108e-07,0.4949312210083008,0.5252503156661987,-0.06286703795194626,0.5420020818710327,0.494808167219162,-0.07866448163986206,0.5953195095062256,0.48918378353118896,-0.08031218498945236,0.6394020915031433,0.4737600088119507,-0.07657158374786377,0.523938775062561,0.3668205738067627,-0.020337745547294617,0.5503942370414734,0.2990846633911133,-0.006956361699849367,0.5861573219299316,0.29316872358322144,-0.0013498814078047872,0.6088499426841736,0.31375622749328613,0.0037813682574778795,0.5226724147796631,0.38194990158081055,0.02101803384721279,0.553690493106842,0.30520033836364746,0.041833266615867615,0.5874040126800537,0.30084383487701416,0.04361734539270401,0.6101042032241821,0.3214573562145233,0.043647389858961105,0.5248332023620605,0.39884838461875916,0.05748336762189865,0.5510377883911133,0.3380703032016754,0.07698186486959457,0.5787166953086853,0.3268534541130066,0.07438542693853378,0.5966818928718567,0.33869054913520813,0.07029279321432114,0.5320343971252441,0.4224265217781067,0.08796856552362442,0.5557940602302551,0.378926157951355,0.10173729807138443,0.5736128687858582,0.3701225221157074,0.10131669044494629,0.5839134454727173,0.37199342250823975,0.10076260566711426
0.4674781560897827,0.5387243032455444,8.300921763293445e-07,0.504789412021637,0.509508490562439,-0.0718301460146904,0.5524590015411377,0.47432848811149597,-0.09121045470237732,0.6085978746414185,0.4691790044307709,-0.09525980800390244,0.65556401014328,0.44837743043899536,-0.09429938346147537,0.5306229591369629,0.33591562509536743,-0.028187474235892296,0.5584893822669983,0.26440101861953735,-0.01568780094385147,0.5965692400932312,0.2540927529335022,-0.011354202404618263,0.61784827709198,0.2735676169395447,-0.007362932898104191,0.5319530963897705,0.3576046824455261,0.016230382025241852,0.5648388862609863,0.2769969701766968,0.03438925743103027,0.6021342873573303,0.2701150178909302,0.03054499626159668,0.6261504292488098,0.2914203703403473,0.026501411572098732,0.5386086106300354,0.38012978434562683,0.05545677989721298,0.5654320120811462,0.31281137466430664,0.07333249598741531,0.5967955589294434,0.2972545623779297,0.06454208493232727,0.6159951090812683,0.30607500672340393,0.05560947209596634,0.5477131605148315,0.40798476338386536,0.0883190706372261,0.5748322010040283,0.35881227254867554,0.10064226388931274,0.594372570514679,0.3453669250011444,0.09650412946939468,0.6052122116088867,0.3448810577392578,0.09239592403173447
0.5018916726112366,0.5052485466003418,1.077681758943072e-06,0.5536965131759644,0.47484543919563293,-0.07262489944696426,0.6042649745941162,0.43596503138542175,-0.09494426846504211,0.6599787473678589,0.4210914075374603,-0.1009070947766304,0.7092280983924866,0.392564058303833,-0.10105317831039429,0.5684662461280823,0.2968848943710327,-0.029577085748314857,0.5934480428695679,0.21623778343200684,-0.015056740492582321,0.6345292925834656,0.20547713339328766,-0.01040157675743103,0.664110004901886,0.22009791433811188,-0.006056728772819042,0.5679945349693298,0.30932360887527466,0.020612845197319984,0.5958860516548157,0.2208942323923111,0.04038183391094208,0.6354093551635742,0.21127578616142273,0.03885767608880997,0.6661490201950073,0.23074263334274292,0.03666745126247406,0.5694781541824341,0.3221765458583832,0.06669159233570099,0.5938289165496826,0.25264933705329895,0.08826790750026703,0.6253248453140259,0.23691250383853912,0.08387389779090881,0.6495165228843689,0.247136190533638,0.07855196297168732,0.5755807757377625,0.34071916341781616,0.10660350322723389,0.6002777814865112,0.28783589601516724,0.12802082300186157,0.6211066842079163,0.270718514919281,0.13093361258506775,0.6380468010902405,0.26711276173591614,0.13149765133857727
0.5819473266601562,0.46979600191116333,1.2575410437420942e-06,0.6366870999336243,0.4426456689834595,-0.09268327802419662,0.6957538723945618,0.399728387594223,-0.12500464916229248,0.765533447265625,0.3800487518310547,-0.13836586475372314,0.8250864744186401,0.34389010071754456,-0.1460971087217331,0.6544010639190674,0.22427572309970856,-0.03715496137738228,0.6790177822113037,0.13993966579437256,-0.023842722177505493,0.730973482131958,0.12328051030635834,-0.023671047762036324,0.7682896256446838,0.1384945809841156,-0.023745547980070114,0.6549257636070251,0.2461029291152954,0.019878383725881577,0.6869146227836609,0.15192386507987976,0.03904753550887108,0.7343800663948059,0.1397673636674881,0.030831102281808853,0.7734901905059814,0.1555916965007782,0.021944694221019745,0.6595323085784912,0.2658967077732086,0.07072734832763672,0.6881276369094849,0.19002006947994232,0.09216315299272537,0.7257694005966187,0.17038244009017944,0.08264902234077454,0.7554968595504761,0.1775926947593689,0.07130195945501328,0.6708947420120239,0.289527952671051,0.11319433897733688,0.6989853978157043,0.22966055572032928,0.13172106444835663,0.7228555679321289,0.2088584452867508,0.12957926094532013,0.7428295612335205,0.20088523626327515,0.12503743171691895
0.588493824005127,0.4850931167602539,1.275749241358426e-06,0.651803195476532,0.462270587682724,-0.09880348294973373,0.7137807011604309,0.4183213710784912,-0.13308699429035187,0.7862793803215027,0.3998388946056366,-0.14827969670295715,0.8483734726905823,0.35987523198127747,-0.15739968419075012,0.6610230207443237,0.2321765422821045,-0.04266959801316261,0.6872404217720032,0.13573014736175537,-0.03409535437822342,0.7416481971740723,0.11359472572803497,-0.037653010338544846,0.7789124250411987,0.13104507327079773,-0.03895493224263191,0.6578596830368042,0.25182458758354187,0.015870116651058197,0.6935513615608215,0.1461997628211975,0.02959549054503441,0.7485645413398743,0.12886035442352295,0.01502075046300888,0.7896236777305603,0.15109309554100037,0.0029870502185076475,0.6652231216430664,0.2707502543926239,0.06765121221542358,0.6961265802383423,0.18348100781440735,0.08577537536621094,0.7421046495437622,0.16099366545677185,0.06948363035917282,0.773723304271698,0.17416658997535706,0.05478300154209137,0.6772216558456421,0.291890949010849,0.11060672998428345,0.7094759345054626,0.2278100550174713,0.12637574970722198,0.7392181158065796,0.20655390620231628,0.11898765712976456,0.7619907855987549,0.20614898204803467,0.11161724478006363
0.5803924798965454,0.4960167109966278,1.2803601521227392e-06,0.6429785490036011,0.46833187341690063,-0.10023167729377747,0.7061288952827454,0.4194926619529724,-0.1336973011493683,0.7809780836105347,0.3999521732330322,-0.14803174138069153,0.8452061414718628,0.3598615825176239,-0.15601228177547455,0.6507886648178101,0.22831511497497559,-0.039377205073833466,0.6779003739356995,0.12796753644943237,-0.029370658099651337,0.7305393218994141,0.1069047749042511,-0.032395634800195694,0.7659091353416443,0.12311851978302002,-0.033590588718652725,0.6499662399291992,0.2533571124076843,0.019944824278354645,0.6847957372665405,0.14451336860656738,0.03708707541227341,0.739229142665863,0.12550488114356995,0.023731691762804985,0.7798914909362793,0.14571289718151093,0.012001100927591324,0.6594733595848083,0.27710026502609253,0.07204857468605042,0.6885101199150085,0.18718650937080383,0.09344742447137833,0.7330567836761475,0.16397708654403687,0.07959619909524918,0.7631963491439819,0.17453381419181824,0.06598855555057526,0.6730630397796631,0.30354148149490356,0.1149015873670578,0.7040634155273438,0.23635435104370117,0.1342136114835739,0.7314034700393677,0.21380144357681274,0.1299104541540146,0.7507511377334595,0.2107609510421753,0.12427771091461182
0.4956490993499756,0.5461121201515198,1.0174343287872034e-06,0.5380754470825195,0.490226149559021,-0.0900399386882782,0.5889455676078796,0.42891907691955566,-0.11655526608228683,0.6533315181732178,0.3925982117652893,-0.12499596923589706,0.7029115557670593,0.34131920337677,-0.12669667601585388,0.5469846129417419,0.2727401852607727,-0.03115241788327694,0.571492075920105,0.1697223037481308,-0.02538660354912281,0.6223754286766052,0.1510646790266037,-0.029148539528250694,0.6588802337646484,0.17674842476844788,-0.029036514461040497,0.5517541170120239,0.2922333776950836,0.022378239780664444,0.5808074474334717,0.1762460172176361,0.03737036511301994,0.62721848487854,0.16064952313899994,0.030154999345541,0.6627378463745117,0.18848925828933716,0.025054650381207466,0.5597041249275208,0.3126624822616577,0.06783725321292877,0.5883761644363403,0.22440105676651,0.08536776900291443,0.6250773668289185,0.20133014023303986,0.07695707678794861,0.6534590721130371,0.2165410816669464,0.06933179497718811,0.5750452280044556,0.3436336815357208,0.10443578660488129,0.6041582822799683,0.2818913459777832,0.12039516866207123,0.6310682892799377,0.2603034973144531,0.11807470768690109,0.6505207419395447,0.26075422763824463,0.11587151885032654
0.4896804988384247,0.5521966814994812,8.539347504665784e-07,0.5176399350166321,0.5017846822738647,-0.08781617879867554,0.564811646938324,0.44304224848747253,-0.11337515711784363,0.6309502720832825,0.4090513288974762,-0.12160900235176086,0.684461236000061,0.36202454566955566,-0.12373676896095276,0.5310068130493164,0.2941974103450775,-0.02724566124379635,0.5523154139518738,0.19633619487285614,-0.017846154049038887,0.5978493094444275,0.18209201097488403,-0.021064024418592453,0.6285901069641113,0.20379827916622162,-0.023200392723083496,0.5421136617660522,0.31722700595855713,0.02316339872777462,0.5659444332122803,0.212110698223114,0.04133227467536926,0.608623206615448,0.20320795476436615,0.02926398441195488,0.6389591097831726,0.22684349119663239,0.01708756573498249,0.5552358031272888,0.3401060700416565,0.06580566614866257,0.575003981590271,0.25743019580841064,0.08616036176681519,0.6081852912902832,0.23857280611991882,0.07108856737613678,0.6326287388801575,0.24710163474082947,0.05471091717481613,0.5734272003173828,0.37211036682128906,0.09990150481462479,0.5967848300933838,0.3119775652885437,0.11720853298902512,0.6198443174362183,0.29549920558929443,0.11107218265533447,0.6341070532798767,0.29579663276672363,0.1023361086845398
0.4843774735927582,0.5392218232154846,8.879795814209501e-07,0.5144367814064026,0.49205198884010315,-0.08297425508499146,0.5592637062072754,0.4377266764640808,-0.10886965692043304,0.6214278340339661,0.40755951404571533,-0.11847735196352005,0.6706295013427734,0.364486426115036,-0.12243003398180008,0.5243809819221497,0.2975388765335083,-0.029773401096463203,0.5471236705780029,0.2085997611284256,-0.02174087055027485,0.589870035648346,0.18950407207012177,-0.023732932284474373,0.61785888671875,0.21021316945552826,-0.024124307557940483,0.5344318747520447,0.3187602758407593,0.017760492861270905,0.5610795617103577,0.22191423177719116,0.03305651620030403,0.6021055579185486,0.2097954899072647,0.022502120584249496,0.631341814994812,0.23083600401878357,0.012846536003053188,0.5478946566581726,0.33985936641693115,0.058442145586013794,0.569603443145752,0.2629375159740448,0.07549388706684113,0.602954089641571,0.24160143733024597,0.061643749475479126,0.6263106465339661,0.2509235739707947,0.04775562882423401,0.5648242831230164,0.3695882558822632,0.09128843247890472,0.5895063281059265,0.3129495084285736,0.10518387705087662,0.6124666333198547,0.2953934371471405,0.09894590824842453,0.62722247838974,0.29588213562965393,0.09173109382390976
0.4649219512939453,0.5610536932945251,8.193381972887437e-07,0.4802533686161041,0.5158004760742188,-0.08007422834634781,0.518257737159729,0.4603463411331177,-0.10299839079380035,0.5775297284126282,0.4277653992176056,-0.11002480983734131,0.6268624067306519,0.3883150815963745,-0.1121467724442482,0.49423640966415405,0.33041298389434814,-0.026544157415628433,0.516695499420166,0.24346104264259338,-0.022716835141181946,0.5569140315055847,0.22348693013191223,-0.030976535752415657,0.5863864421844482,0.23795323073863983,-0.03692255914211273,0.5106539726257324,0.3505800664424896,0.017275670543313026,0.5335516333580017,0.2573659420013428,0.029998887330293655,0.569821834564209,0.24136659502983093,0.015641191974282265,0.5985264778137207,0.2581617534160614,0.0016449564136564732,0.526372492313385,0.37372785806655884,0.05356047675013542,0.5465928316116333,0.30443525314331055,0.067342609167099,0.5752525925636292,0.2820048928260803,0.04915298521518707,0.5990989804267883,0.284361332654953,0.030779343098402023,0.5453835129737854,0.40623992681503296,0.08224514126777649,0.5680925250053406,0.35996681451797485,0.09296538680791855,0.5881257057189941,0.3461127281188965,0.08426767587661743,0.6017127633094788,0.3467443287372589,0.07399818301200867
0.5509432554244995,0.5460303425788879,-2.07780473715502e-07,0.5202524662017822,0.4993581175804138,-0.02048703096807003,0.4953490197658539,0.4425308406352997,-0.04430476576089859,0.46863603591918945,0.41112029552459717,-0.06979057937860489,0.45086273550987244,0.37843501567840576,-0.09340066462755203,0.5568987131118774,0.3509107530117035,-0.033650852739810944,0.5844046473503113,0.2579561173915863,-0.07495787739753723,0.5479952692985535,0.2495703101158142,-0.10341767221689224,0.5207008123397827,0.2697191536426544,-0.11753606051206589,0.5768628120422363,0.3655710220336914,-0.041771553456783295,0.6107721924781799,0.2626463770866394,-0.0804608091711998,0.5677603483200073,0.2521660029888153,-0.10171813517808914,0.5390244722366333,0.2729184627532959,-0.11080512404441833,0.5946020483970642,0.39018192887306213,-0.05376851186156273,0.6251989603042603,0.301623672246933,-0.08076552301645279,0.5855059623718262,0.2837233543395996,-0.09385107457637787,0.5559127926826477,0.2974081337451935,-0.09868815541267395,0.6124404668807983,0.4256513714790344,-0.06798194348812103,0.6280074119567871,0.3545859456062317,-0.0838126465678215,0.6041765809059143,0.32092729210853577,-0.09148428589105606,0.5833573341369629,0.31111064553260803,-0.09508655965328217
0.6109268069267273,0.5694350004196167,-2.84610592871104e-07,0.5594037175178528,0.5073211193084717,0.0032672095112502575,0.5150383114814758,0.44063934683799744,-0.011919124983251095,0.47636497020721436,0.4075494110584259,-0.029897818341851234,0.45282629132270813,0.38576817512512207,-0.04640135169029236,0.6104105710983276,0.3749319911003113,-0.01957843266427517,0.5828254222869873,0.2853204309940338,-0.04864155128598213,0.5366975665092468,0.2673853933811188,-0.06906691193580627,0.49440494179725647,0.272178053855896,-0.07979428023099899,0.6112034320831299,0.38915693759918213,-0.0350593663752079,0.5734634399414062,0.26855552196502686,-0.06448154151439667,0.5242295861244202,0.26301664113998413,-0.07948499917984009,0.4900086522102356,0.2857888340950012,-0.0862504169344902,0.6049792170524597,0.41090384125709534,-0.05030420050024986,0.5783800482749939,0.3088759183883667,-0.06684732437133789,0.5322118401527405,0.2875766158103943,-0.07186532020568848,0.49626412987709045,0.2929050326347351,-0.07350419461727142,0.5876069664955139,0.4363849461078644,-0.06515108048915863,0.5624237060546875,0.36464229226112366,-0.07228682190179825,0.5337262153625488,0.3310585618019104,-0.0729982852935791,0.5099419355392456,0.311848521232605,-0.07308558374643326
0.6508144736289978,0.5641789436340332,-3.3583259551051015e-07,0.6017701625823975,0.498262882232666,0.01666446402668953,0.5584762096405029,0.43328315019607544,0.009006129577755928,0.5195239782333374,0.40146899223327637,-0.00468218931928277,0.4935172200202942,0.37841930985450745,-0.018387241289019585,0.6422625780105591,0.3545803427696228,-0.0002862407127395272,0.6083031296730042,0.272488534450531,-0.02025989443063736,0.5686217546463013,0.257992148399353,-0.035811495035886765,0.5336634516716003,0.2634648084640503,-0.04424525797367096,0.643297016620636,0.36668527126312256,-0.020021412521600723,0.5986500978469849,0.2593953609466553,-0.04066067934036255,0.5551673173904419,0.2521890103816986,-0.053923625499010086,0.5234783291816711,0.27408450841903687,-0.061033546924591064,0.6343897581100464,0.38835614919662476,-0.03864361718297005,0.5957728028297424,0.29099249839782715,-0.04783071577548981,0.5551337599754333,0.27209895849227905,-0.05187789723277092,0.5231757760047913,0.2784954607486725,-0.05467885732650757,0.6149538159370422,0.41529175639152527,-0.05578397214412689,0.5825033187866211,0.3424006402492523,-0.058585237711668015,0.5563473701477051,0.31010377407073975,-0.05854163318872452,0.5344831347465515,0.29290616512298584,-0.059036072343587875
0.6463927626609802,0.557811975479126,-4.2046193016176403e-07,0.5936111211776733,0.49098071455955505,0.03466106578707695,0.5489314794540405,0.4305787980556488,0.03793690353631973,0.5096980929374695,0.40603217482566833,0.03167956322431564,0.47942566871643066,0.3865889310836792,0.023591510951519012,0.6156765818595886,0.3349651098251343,0.01752481237053871,0.5780336260795593,0.2556075155735016,0.00358497048728168,0.5411559343338013,0.2474319040775299,-0.0074641527608036995,0.5119902491569519,0.257749080657959,-0.013204592280089855,0.6168213486671448,0.34881213307380676,-0.009651737287640572,0.5640246868133545,0.25709787011146545,-0.023663781583309174,0.5204976201057434,0.2515043616294861,-0.032856035977602005,0.4904501736164093,0.2704666554927826,-0.038306623697280884,0.6080687046051025,0.3762502074241638,-0.035247694700956345,0.5581303834915161,0.2882443964481354,-0.042954638600349426,0.5160613656044006,0.2735935151576996,-0.047288164496421814,0.4846195876598358,0.2779090702533722,-0.05084529146552086,0.5907802581787109,0.41032424569129944,-0.0576721616089344,0.5501487255096436,0.340071439743042,-0.06490036845207214,0.5185089111328125,0.30850622057914734,-0.06888511031866074,0.49256211519241333,0.28882020711898804,-0.07212158292531967
0.569118320941925,0.5377418994903564,-2.533974452489929e-07,0.5262740850448608,0.4780685603618622,0.029624594375491142,0.4799081087112427,0.43244311213493347,0.03226806968450546,0.4412963390350342,0.42060035467147827,0.025042373687028885,0.41202273964881897,0.41062039136886597,0.016945211216807365,0.5256386995315552,0.33660706877708435,0.030231207609176636,0.4923776388168335,0.25599682331085205,0.015259821899235249,0.45348885655403137,0.248410165309906,0.001016908441670239,0.42279520630836487,0.2619916498661041,-0.0062596662901341915,0.5265347957611084,0.3435581922531128,0.004011581651866436,0.48437532782554626,0.24646228551864624,-0.00950999092310667,0.4402949810028076,0.243008553981781,-0.019900193437933922,0.4130188822746277,0.2692471146583557,-0.025044677779078484,0.5198459625244141,0.36193782091140747,-0.022815950214862823,0.47898972034454346,0.27479392290115356,-0.02713901363313198,0.438467800617218,0.2662559449672699,-0.030800998210906982,0.4103805422782898,0.27746933698654175,-0.03412957116961479,0.5067141652107239,0.3889389932155609,-0.04810525104403496,0.47034117579460144,0.32971522212028503,-0.05049850419163704,0.4413489103317261,0.3091995120048523,-0.05195378512144089,0.419046014547348,0.29928165674209595,-0.05385785549879074
0.5410845875740051,0.5296775102615356,-3.073046741519647e-07,0.48910200595855713,0.48796942830085754,0.021602673456072807,0.436043918132782,0.45258253812789917,0.01797209493815899,0.3959587812423706,0.44620972871780396,0.007907918654382229,0.36857539415359497,0.4393896758556366,-0.0024531343951821327,0.483677476644516,0.3524342477321625,0.007273510098457336,0.43939369916915894,0.2802045941352844,-0.008833615109324455,0.40110525488853455,0.28164318203926086,-0.021695207804441452,0.3729815185070038,0.3012833595275879,-0.02821888029575348,0.48410576581954956,0.3608151376247406,-0.013066512532532215,0.425910621881485,0.27766141295433044,-0.028618687763810158,0.3861120045185089,0.2871747314929962,-0.03904285654425621,0.3627876341342926,0.31751736998558044,-0.04481009766459465,0.47762539982795715,0.37956783175468445,-0.032447975128889084,0.42502737045288086,0.29784727096557617,-0.03542708232998848,0.3844856023788452,0.2943359613418579,-0.03814120963215828,0.35677850246429443,0.3090485632419586,-0.04158534109592438,0.4655824303627014,0.4058929979801178,-0.050211504101753235,0.41888874769210815,0.352613627910614,-0.0497979000210762,0.38666966557502747,0.33100181818008423,-0.050148461014032364,0.36166584491729736,0.31795820593833923,-0.051781900227069855
0.5407510995864868,0.5113021731376648,-2.8692051046164124e-07,0.488333523273468,0.4806438088417053,0.021595939993858337,0.43739354610443115,0.4520523250102997,0.01848643831908703,0.39984649419784546,0.44989103078842163,0.008510436862707138,0.3716580867767334,0.44511350989341736,-0.00198005442507565,0.47636809945106506,0.3502805829048157,0.00871358998119831,0.4297321140766144,0.28974205255508423,-0.006980175618082285,0.39228010177612305,0.2960405647754669,-0.019079266116023064,0.36794018745422363,0.3177637457847595,-0.02517535723745823,0.4797612130641937,0.35488656163215637,-0.012540810741484165,0.421598345041275,0.28311973810195923,-0.028885705396533012,0.3835913836956024,0.2952345609664917,-0.03927457705140114,0.3622667193412781,0.3250195384025574,-0.04466898366808891,0.4751901924610138,0.3729724884033203,-0.03299580514431,0.4223206341266632,0.29899945855140686,-0.03954777121543884,0.38310706615448,0.29792195558547974,-0.043093129992485046,0.3572600483894348,0.3136681318283081,-0.04586045816540718,0.4630410671234131,0.4001631736755371,-0.05156391113996506,0.4154503643512726,0.3508240878582001,-0.05399157106876373,0.3836679756641388,0.3318365514278412,-0.054455820471048355,0.3597342073917389,0.323078453540802,-0.055471014231443405
0.5440807342529297,0.48750460147857666,-2.5579126372576866e-07,0.4917454123497009,0.4576236605644226,0.019265254959464073,0.4442504644393921,0.4292273223400116,0.018674349412322044,0.40883883833885193,0.42468443512916565,0.011211201548576355,0.38066989183425903,0.4164210259914398,0.004291449207812548,0.481400728225708,0.325737327337265,0.020376937463879585,0.4450851380825043,0.2641791105270386,0.006159065756946802,0.41070064902305603,0.26577261090278625,-0.005416936241090298,0.38790613412857056,0.282018780708313,-0.01096059288829565,0.4848485291004181,0.3256381154060364,0.0006545779760926962,0.43916282057762146,0.24899041652679443,-0.011614619754254818,0.4020688235759735,0.25615394115448,-0.01828194037079811,0.3829992413520813,0.28261861205101013,-0.020936444401741028,0.47951510548591614,0.3398033380508423,-0.020116427913308144,0.43440353870391846,0.26759183406829834,-0.024923289194703102,0.3997355103492737,0.2679850161075592,-0.025439903140068054,0.3800077438354492,0.28336432576179504,-0.025873074308037758,0.4671076834201813,0.364225834608078,-0.04006745293736458,0.4270063042640686,0.3136290907859802,-0.04143480584025383,0.4007154107093811,0.29767581820487976,-0.04057786986231804,0.3823814392089844,0.2914161682128906,-0.04054060950875282
0.5416330695152283,0.48486825823783875,-2.1355619139740156e-07,0.4909893572330475,0.447660893201828,0.01704702153801918,0.44710615277290344,0.4086781442165375,0.012547367252409458,0.4119681715965271,0.39661478996276855,0.00027764055994339287,0.38377562165260315,0.38195353746414185,-0.011592254042625427,0.49955329298973083,0.31123030185699463,0.01881841942667961,0.473208487033844,0.24290943145751953,0.0023770371917635202,0.43869975209236145,0.23103177547454834,-0.011832404881715775,0.41337698698043823,0.24217888712882996,-0.018943630158901215,0.5073879957199097,0.3102569580078125,-0.0018027061596512794,0.476156085729599,0.22118136286735535,-0.01718232035636902,0.4357275664806366,0.21706733107566833,-0.026294520124793053,0.41149717569351196,0.24333077669143677,-0.03007487766444683,0.5056732892990112,0.3203088641166687,-0.023686233907938004,0.47648367285728455,0.2316146194934845,-0.030988257378339767,0.4377942681312561,0.22277501225471497,-0.031982097774744034,0.41452616453170776,0.24114903807640076,-0.03180311620235443,0.4940485954284668,0.33759811520576477,-0.045098818838596344,0.4647209942340851,0.2725546956062317,-0.04743790626525879,0.4380255937576294,0.24923425912857056,-0.04572940990328789,0.4188567101955414,0.2449827939271927,-0.04417605325579643
0.5393463969230652,0.49379026889801025,-2.1316935772119905e-07,0.48807400465011597,0.4522078037261963,0.019374320283532143,0.44501250982284546,0.40544354915618896,0.0168517604470253,0.40955662727355957,0.38759639859199524,0.005683239083737135,0.3817916810512543,0.36566033959388733,-0.0046711936593055725,0.5048664808273315,0.30729034543037415,0.025935612618923187,0.4923286736011505,0.2277657389640808,0.008738101460039616,0.4573361277580261,0.2101166844367981,-0.0057550519704818726,0.43083396553993225,0.2195468544960022,-0.013117111288011074,0.5131465792655945,0.30694645643234253,0.002943392377346754,0.4974152147769928,0.206952303647995,-0.013552564196288586,0.4557063579559326,0.1964942216873169,-0.022168248891830444,0.42930302023887634,0.22029873728752136,-0.02528608962893486,0.5115669369697571,0.3159995675086975,-0.022307340055704117,0.4958536624908447,0.2207842916250229,-0.030246762558817863,0.4558298885822296,0.20261774957180023,-0.03209401294589043,0.4292067289352417,0.2146150767803192,-0.032791558653116226,0.5003030300140381,0.3311200737953186,-0.04732475429773331,0.47913873195648193,0.2627955973148346,-0.05085280165076256,0.4531761407852173,0.23143967986106873,-0.05178726091980934,0.43310776352882385,0.2171308398246765,-0.05262751877307892
0.5477786064147949,0.5017715096473694,-2.700743380046333e-07,0.4972127377986908,0.4547872543334961,0.03539109230041504,0.4579160213470459,0.4103494882583618,0.042070236057043076,0.4244668483734131,0.39297372102737427,0.03853965550661087,0.400130033493042,0.37204891443252563,0.034707166254520416,0.5143204927444458,0.31471550464630127,0.03551923483610153,0.4955092668533325,0.23550251126289368,0.024789968505501747,0.4602504372596741,0.21786905825138092,0.01648733951151371,0.43308794498443604,0.22493651509284973,0.01334338914602995,0.5191716551780701,0.3154877722263336,0.007464026100933552,0.4959825873374939,0.21319745481014252,-0.004697611555457115,0.45643123984336853,0.2000858187675476,-0.010173614136874676,0.43097153306007385,0.22271642088890076,-0.01100418996065855,0.5111985206604004,0.3279992341995239,-0.020850494503974915,0.4836094081401825,0.23498716950416565,-0.02649402618408203,0.4451480209827423,0.21632954478263855,-0.027321143075823784,0.4187515377998352,0.2232930064201355,-0.027253808453679085,0.49288615584373474,0.3449886441230774,-0.04678801819682121,0.4631713628768921,0.2758326828479767,-0.05127257853746414,0.43816009163856506,0.24641793966293335,-0.05273174121975899,0.41906866431236267,0.23144885897636414,-0.053599949926137924
0.5482723712921143,0.5056335926055908,-4.0089139474730473e-07,0.506680428981781,0.45654237270355225,0.047585032880306244,0.4769110083580017,0.41369521617889404,0.062027327716350555,0.4467827379703522,0.3947280943393707,0.06564600765705109,0.42277395725250244,0.3765990436077118,0.06801396608352661,0.5274547338485718,0.32318583130836487,0.03819676488637924,0.50835120677948,0.24083808064460754,0.03334684669971466,0.47673651576042175,0.2230544090270996,0.031510129570961,0.45429378747940063,0.22894078493118286,0.03222646191716194,0.5283523797988892,0.32412153482437134,0.007939665578305721,0.5023393630981445,0.22170281410217285,0.0005368392448872328,0.46459484100341797,0.2116730958223343,-1.384736037834955e-06,0.4427110254764557,0.23198233544826508,0.0019351306837052107,0.515407383441925,0.3370310366153717,-0.020494190976023674,0.4880099296569824,0.23724153637886047,-0.022842423990368843,0.4519365429878235,0.22278738021850586,-0.019763251766562462,0.42821699380874634,0.22919347882270813,-0.01771329715847969,0.4915921688079834,0.35455217957496643,-0.04494953155517578,0.4630674123764038,0.27754679322242737,-0.05051729083061218,0.43865230679512024,0.25123417377471924,-0.05167612433433533,0.4200884699821472,0.23925071954727173,-0.052006032317876816
0.5433050990104675,0.5085524916648865,-2.6637499672688136e-07,0.49205636978149414,0.4626856744289398,0.02318928763270378,0.4510014057159424,0.41424649953842163,0.02240624465048313,0.41351309418678284,0.3939623236656189,0.014736139215528965,0.3854323923587799,0.3726021647453308,0.007231232710182667,0.5120564699172974,0.3239363729953766,0.012044946663081646,0.4870850145816803,0.23950722813606262,-0.006295213475823402,0.4494279623031616,0.22359734773635864,-0.017860621213912964,0.4217374324798584,0.2326182723045349,-0.0223570317029953,0.5177074670791626,0.3256474435329437,-0.010056205093860626,0.4917066693305969,0.2145490050315857,-0.02996337227523327,0.44877004623413086,0.20405244827270508,-0.03732866421341896,0.4211008846759796,0.22592464089393616,-0.03808271139860153,0.5108211040496826,0.3380551338195801,-0.03219267725944519,0.48212289810180664,0.23471836745738983,-0.043046239763498306,0.441706120967865,0.21792379021644592,-0.04492101073265076,0.41429752111434937,0.22537153959274292,-0.04430653527379036,0.49299898743629456,0.35503706336021423,-0.052438925951719284,0.4625089168548584,0.2807824909687042,-0.059792954474687576,0.43635401129722595,0.24991172552108765,-0.06234848499298096,0.4174899756908417,0.2317708432674408,-0.0632125586271286
0.5237200260162354,0.5013564825057983,-1.1949133238431386e-07,0.46959593892097473,0.46384891867637634,-0.0014851537998765707,0.4226936101913452,0.41380348801612854,-0.016132527962327003,0.38365408778190613,0.39994943141937256,-0.03594076260924339,0.35201334953308105,0.379181832075119,-0.05397423356771469,0.4699331223964691,0.30289050936698914,-0.002436651149764657,0.46987175941467285,0.21366748213768005,-0.034537654370069504,0.43422651290893555,0.20164969563484192,-0.05956059321761131,0.40478163957595825,0.21581487357616425,-0.07300983369350433,0.48648780584335327,0.3086899518966675,-0.019451839849352837,0.48510050773620605,0.19739122688770294,-0.05325005576014519,0.43979382514953613,0.19294269382953644,-0.07238627225160599,0.40943336486816406,0.223073348402977,-0.07972706109285355,0.5006727576255798,0.3233036696910858,-0.03980250656604767,0.49942028522491455,0.22466489672660828,-0.061343032866716385,0.45332834124565125,0.20952749252319336,-0.0713232159614563,0.4197516143321991,0.2234901636838913,-0.07421891391277313,0.5116832256317139,0.3472844362258911,-0.061355382204055786,0.5006930232048035,0.2767077088356018,-0.07331003248691559,0.4711504280567169,0.24441343545913696,-0.07912588864564896,0.44585907459259033,0.2299501895904541,-0.08143293112516403
0.5050646066665649,0.48901569843292236,-1.0329025457167518e-07,0.456072598695755,0.4540095925331116,-0.012364761903882027,0.41317328810691833,0.4094686210155487,-0.03384842351078987,0.37495046854019165,0.3961070477962494,-0.058256156742572784,0.34342384338378906,0.3756221532821655,-0.08112581074237823,0.45096275210380554,0.2898837924003601,-0.01973401941359043,0.45525166392326355,0.1966627836227417,-0.05950189381837845,0.4215591549873352,0.19216135144233704,-0.0900106206536293,0.39273014664649963,0.21509410440921783,-0.10583016276359558,0.47221124172210693,0.2943883538246155,-0.03213664889335632,0.4819418489933014,0.18214137852191925,-0.07216189801692963,0.4394417107105255,0.18040187656879425,-0.09556964039802551,0.4085577130317688,0.2148490846157074,-0.10514107346534729,0.4931771755218506,0.31037476658821106,-0.04820283502340317,0.5039804577827454,0.2073991298675537,-0.07375605404376984,0.46267253160476685,0.19271957874298096,-0.08733422309160233,0.43080878257751465,0.21042728424072266,-0.0922904759645462,0.5137907266616821,0.3387768268585205,-0.06606902182102203,0.5097684264183044,0.2672361731529236,-0.08083821088075638,0.4826858639717102,0.23274993896484375,-0.08916226029396057,0.4590774178504944,0.2175809144973755,-0.09293753653764725
0.5026189684867859,0.48699361085891724,-1.1368584296178597e-07,0.45416077971458435,0.4516679644584656,-0.011521409265697002,0.41036584973335266,0.4055057168006897,-0.031483136117458344,0.371818870306015,0.38955599069595337,-0.054492540657520294,0.33947914838790894,0.36794376373291016,-0.0755051001906395,0.44743701815605164,0.2880036234855652,-0.016276003792881966,0.45060622692108154,0.19547687470912933,-0.05514293164014816,0.41574573516845703,0.19132407009601593,-0.08423908799886703,0.38744279742240906,0.21281388401985168,-0.099076047539711,0.4673777222633362,0.2910439968109131,-0.028412319719791412,0.47532472014427185,0.17925907671451569,-0.06872599571943283,0.4303283393383026,0.17843106389045715,-0.09064489603042603,0.39876145124435425,0.21288445591926575,-0.09838894754648209,0.48728519678115845,0.3057790696620941,-0.04442083090543747,0.4972538948059082,0.20473411679267883,-0.07069457322359085,0.4550313949584961,0.19208352267742157,-0.08327876776456833,0.42237865924835205,0.21005858480930328,-0.08677077293395996,0.5074406862258911,0.33335432410240173,-0.06221579387784004,0.5052275657653809,0.2640320956707001,-0.07776856422424316,0.4782567024230957,0.23063567280769348,-0.08623294532299042,0.45337074995040894,0.2149360626935959,-0.0895809456706047
0.5024080276489258,0.47690659761428833,-1.3751615313140064e-07,0.4546048939228058,0.4508666396141052,-0.014321570284664631,0.4100072979927063,0.41281044483184814,-0.038452308624982834,0.3740799129009247,0.40542998909950256,-0.06479732692241669,0.34681951999664307,0.3838128447532654,-0.09020674973726273,0.44015005230903625,0.29355761408805847,-0.03210676833987236,0.4321461021900177,0.20312991738319397,-0.07559013366699219,0.39571529626846313,0.20834431052207947,-0.1082349568605423,0.3692725896835327,0.23744602501392365,-0.12583611905574799,0.4613274335861206,0.2981111705303192,-0.0453147329390049,0.46008527278900146,0.18592718243598938,-0.08854223042726517,0.41544821858406067,0.19480742514133453,-0.1146179661154747,0.3869788646697998,0.23233339190483093,-0.1269007921218872,0.4831441640853882,0.3152165710926056,-0.06159989908337593,0.48555904626846313,0.21288396418094635,-0.09051619470119476,0.441648006439209,0.2072291374206543,-0.107509084045887,0.411013662815094,0.22928661108016968,-0.11561896651983261,0.5045813322067261,0.34645235538482666,-0.07929177582263947,0.49327391386032104,0.2797723114490509,-0.09708666801452637,0.46462205052375793,0.25202426314353943,-0.10778360813856125,0.44224098324775696,0.2390245795249939,-0.11403774470090866
0.49909502267837524,0.47560930252075195,-2.3051451591982186e-07,0.4507007598876953,0.45430436730384827,-0.01755380630493164,0.4053952097892761,0.41486912965774536,-0.04153599590063095,0.36941006779670715,0.40433740615844727,-0.06707844138145447,0.3612443804740906,0.3747848570346832,-0.09055519849061966,0.44250401854515076,0.30100446939468384,-0.03164477273821831,0.42923200130462646,0.20857225358486176,-0.07329414039850235,0.39161765575408936,0.22484400868415833,-0.10341565310955048,0.37147587537765503,0.2625318467617035,-0.11895693093538284,0.4612787365913391,0.30524522066116333,-0.04039701819419861,0.45794424414634705,0.19316962361335754,-0.08118505030870438,0.41296517848968506,0.210830956697464,-0.10500457137823105,0.39027467370033264,0.25480538606643677,-0.11533734947443008,0.48310890793800354,0.32000645995140076,-0.05233343318104744,0.48505836725234985,0.22114461660385132,-0.07808440923690796,0.4385594427585602,0.22221671044826508,-0.09332717210054398,0.4108699560165405,0.2519354224205017,-0.09977499395608902,0.5019286870956421,0.3469352126121521,-0.06606853008270264,0.4881904721260071,0.2783101201057434,-0.08102008700370789,0.45353636145591736,0.2565971314907074,-0.09028972685337067,0.42953169345855713,0.25409379601478577,-0.09504929929971695
0.4942086935043335,0.4694750905036926,-2.8779268745893205e-07,0.4443950653076172,0.4474759101867676,-0.017665496096014977,0.39665424823760986,0.4058762192726135,-0.03967750817537308,0.35901618003845215,0.3883371949195862,-0.06361211836338043,0.3583913743495941,0.35141363739967346,-0.0846739187836647,0.43848729133605957,0.29271912574768066,-0.02364279329776764,0.4257809817790985,0.20129439234733582,-0.06313706189393997,0.38624680042266846,0.21714279055595398,-0.09158365428447723,0.365253746509552,0.25474801659584045,-0.10620170831680298,0.4557550847530365,0.2957649528980255,-0.03134044259786606,0.44548311829566956,0.18492186069488525,-0.07030022889375687,0.4004707634449005,0.20477531850337982,-0.09302422404289246,0.3796990215778351,0.2490035593509674,-0.10236051678657532,0.4756120443344116,0.30665886402130127,-0.042851291596889496,0.47134846448898315,0.2071165144443512,-0.06764369457960129,0.4246847629547119,0.2113555669784546,-0.08205275982618332,0.39846014976501465,0.24424755573272705,-0.08756323158740997,0.4935663938522339,0.3282760679721832,-0.05640849098563194,0.47840404510498047,0.2585015594959259,-0.07103705406188965,0.44270849227905273,0.2406083643436432,-0.08054421842098236,0.418028324842453,0.24421697854995728,-0.0851505845785141
0.48397213220596313,0.4716164469718933,-2.3463060472295183e-07,0.4347599446773529,0.4419456124305725,-0.010195679031312466,0.38817477226257324,0.4011267125606537,-0.02755580097436905,0.35169875621795654,0.3826095461845398,-0.048051852732896805,0.3398292064666748,0.3504925072193146,-0.06551218777894974,0.4286370873451233,0.28898802399635315,-0.012980849482119083,0.42122793197631836,0.19985166192054749,-0.0480838343501091,0.38473376631736755,0.210401713848114,-0.07280737906694412,0.3631824851036072,0.24091359972953796,-0.08503862470388412,0.44534721970558167,0.29202380776405334,-0.02346755750477314,0.4394858181476593,0.18562334775924683,-0.05833106487989426,0.39394649863243103,0.1983938217163086,-0.07556845247745514,0.37071117758750916,0.23727676272392273,-0.08112537860870361,0.46340999007225037,0.30384641885757446,-0.03774821013212204,0.46004846692085266,0.20918008685112,-0.06118081137537956,0.41378548741340637,0.21038547158241272,-0.07005024701356888,0.38560277223587036,0.23680397868156433,-0.0713496282696724,0.48042091727256775,0.3253924250602722,-0.05370335280895233,0.46842464804649353,0.25670307874679565,-0.06799043715000153,0.4350826144218445,0.23739942908287048,-0.07393169403076172,0.4100000262260437,0.23692774772644043,-0.07525652647018433
0.47425538301467896,0.47796833515167236,-2.6965088295582973e-07,0.42289772629737854,0.44595274329185486,0.00493817962706089,0.3803984522819519,0.40357834100723267,-0.002642311155796051,0.34576427936553955,0.382577508687973,-0.016324635595083237,0.31830254197120667,0.35830286145210266,-0.027553051710128784,0.4339296519756317,0.2937294840812683,0.013507140800356865,0.41897261142730713,0.2163727879524231,-0.008401090279221535,0.3804818093776703,0.21334423124790192,-0.02526601031422615,0.3584577441215515,0.23893024027347565,-0.033551573753356934,0.4421347975730896,0.29328808188438416,-0.0024074981920421124,0.4227677881717682,0.2011113464832306,-0.02064589597284794,0.3790958523750305,0.2025352120399475,-0.03047413006424904,0.3577398955821991,0.23324842751026154,-0.0346476249396801,0.4437876343727112,0.30239805579185486,-0.02189270220696926,0.4224701523780823,0.21549931168556213,-0.034179627895355225,0.3790343105792999,0.21185441315174103,-0.03874656930565834,0.35520264506340027,0.23515599966049194,-0.04064866155385971,0.4376410245895386,0.31919074058532715,-0.042190760374069214,0.41057389974594116,0.259306937456131,-0.050948094576597214,0.3790733218193054,0.2403644621372223,-0.05487062409520149,0.3577464818954468,0.24043910205364227,-0.05675061047077179
0.4770442545413971,0.47945642471313477,-2.0209196804898966e-07,0.42579036951065063,0.44771063327789307,0.00753758056089282,0.38213637471199036,0.40506234765052795,0.002456829883158207,0.34614455699920654,0.38641154766082764,-0.00880938209593296,0.31737661361694336,0.3644564151763916,-0.018650172278285027,0.43442007899284363,0.30054527521133423,0.01888863928616047,0.41765186190605164,0.22822988033294678,0.00044779153540730476,0.3836480677127838,0.21326377987861633,-0.01592256873846054,0.3584762513637543,0.22336062788963318,-0.02504153735935688,0.44265609979629517,0.2983434796333313,0.0023964853025972843,0.4200633764266968,0.2093239724636078,-0.01562688499689102,0.3810329735279083,0.20125654339790344,-0.027607329189777374,0.35621023178100586,0.22370147705078125,-0.03342685103416443,0.4439510107040405,0.30687400698661804,-0.017247898504137993,0.41995978355407715,0.2213594913482666,-0.028729263693094254,0.38150474429130554,0.20685702562332153,-0.03471187502145767,0.35564297437667847,0.2194262444972992,-0.03773053362965584,0.43706369400024414,0.3235974907875061,-0.03744902461767197,0.41009455919265747,0.2623688578605652,-0.045023027807474136,0.38247838616371155,0.23379114270210266,-0.04976637661457062,0.36046090722084045,0.22055572271347046,-0.05288456007838249
0.4776315987110138,0.4822930097579956,-1.7367463556183793e-07,0.4259486794471741,0.4525245726108551,0.009086869657039642,0.37926408648490906,0.4113912284374237,0.0036311764270067215,0.3405567407608032,0.3995566666126251,-0.008603938855230808,0.3076237440109253,0.3875911831855774,-0.02036183886229992,0.42254871129989624,0.30378273129463196,0.01913079433143139,0.3982734680175781,0.2344599962234497,0.0020373135339468718,0.36490511894226074,0.21922913193702698,-0.013371746987104416,0.33869367837905884,0.22184813022613525,-0.022701306268572807,0.4333136975765228,0.3016197979450226,0.0006934105767868459,0.4019002318382263,0.2146051973104477,-0.01755165122449398,0.3617497384548187,0.20772473514080048,-0.029955023899674416,0.3342655301094055,0.22668299078941345,-0.03613348305225372,0.43934494256973267,0.30954739451408386,-0.0205319095402956,0.40850332379341125,0.22631658613681793,-0.03259856253862381,0.368095725774765,0.21453632414340973,-0.03853710740804672,0.33941155672073364,0.22442053258419037,-0.04148618131875992,0.4388194978237152,0.32618725299835205,-0.042136672884225845,0.40949469804763794,0.2668074667453766,-0.0491114966571331,0.38213831186294556,0.2400922328233719,-0.052604760974645615,0.3596527576446533,0.2258017510175705,-0.05507207661867142
0.4828663170337677,0.48694688081741333,-1.754318503799368e-07,0.4281558096408844,0.4552082121372223,0.01001474168151617,0.38094550371170044,0.41762545704841614,0.0029644223395735025,0.34231996536254883,0.4074750542640686,-0.010780182667076588,0.3097062110900879,0.39481639862060547,-0.02398092858493328,0.4260817766189575,0.3069020211696625,0.015025611035525799,0.4002572000026703,0.23296254873275757,-0.005460122134536505,0.3645852208137512,0.22043630480766296,-0.023030027747154236,0.3362121880054474,0.22704148292541504,-0.03347809985280037,0.43662405014038086,0.3072670102119446,-0.004446989856660366,0.40263015031814575,0.21623095870018005,-0.02683260664343834,0.3607291281223297,0.21117940545082092,-0.04066392406821251,0.33265382051467896,0.23325088620185852,-0.047351736575365067,0.44127732515335083,0.3187447786331177,-0.02642715349793434,0.4081617593765259,0.23418186604976654,-0.04043913260102272,0.3671448826789856,0.22210270166397095,-0.04639827832579613,0.3376443684101105,0.23206830024719238,-0.049461256712675095,0.43897345662117004,0.33856964111328125,-0.04859939217567444,0.4099269509315491,0.2822093963623047,-0.05696038156747818,0.3828648328781128,0.2551535964012146,-0.06107347458600998,0.3599635362625122,0.23816923797130585,-0.06413666158914566
0.4856669008731842,0.48908597230911255,-1.565451270835183e-07,0.4310641288757324,0.45731568336486816,0.010818070732057095,0.3823128640651703,0.41901838779449463,0.0044312686659395695,0.3432477116584778,0.40973272919654846,-0.00885249674320221,0.310908704996109,0.39810633659362793,-0.02171260491013527,0.4285244643688202,0.31030404567718506,0.015023861080408096,0.40414872765541077,0.23635396361351013,-0.0038794639986008406,0.36981910467147827,0.22221998870372772,-0.019957540556788445,0.3424472510814667,0.22602874040603638,-0.029720401391386986,0.4396456778049469,0.31010645627975464,-0.004779465962201357,0.40819984674453735,0.2186000943183899,-0.025837449356913567,0.36605456471443176,0.2128642350435257,-0.03848990425467491,0.33806246519088745,0.23407527804374695,-0.044618379324674606,0.4449021518230438,0.3212162256240845,-0.026906032115221024,0.41388246417045593,0.2358171045780182,-0.040245410054922104,0.3720080256462097,0.22351998090744019,-0.04576423019170761,0.3427309989929199,0.23330694437026978,-0.04858912155032158,0.44240525364875793,0.34094420075416565,-0.04914725199341774,0.41399964690208435,0.2826664447784424,-0.057184360921382904,0.3859081566333771,0.25502973794937134,-0.06108437106013298,0.36286112666130066,0.23813983798027039,-0.06405746191740036
0.4871833324432373,0.4918355643749237,-1.2397958926158026e-07,0.4315774440765381,0.4611620604991913,0.010519721545279026,0.3819621205329895,0.4208660125732422,0.005697282962501049,0.3429695963859558,0.4108990430831909,-0.005899833515286446,0.31117427349090576,0.40153297781944275,-0.017438897863030434,0.4260391592979431,0.31010425090789795,0.016861500218510628,0.4041387736797333,0.2383292019367218,5.60139560548123e-05,0.3706051707267761,0.21718467772006989,-0.014828682877123356,0.3413369059562683,0.21268069744110107,-0.024719327688217163,0.43762725591659546,0.309588223695755,-0.003021682845428586,0.4077513813972473,0.21918514370918274,-0.02349776215851307,0.3666357398033142,0.20801271498203278,-0.03575165942311287,0.33554765582084656,0.22145603597164154,-0.04161541536450386,0.4439067542552948,0.32072603702545166,-0.02532489225268364,0.41311296820640564,0.23567047715187073,-0.03910135105252266,0.37277689576148987,0.2186002880334854,-0.04462880641222,0.34126535058021545,0.22082936763763428,-0.04744000360369682,0.4430740773677826,0.34144991636276245,-0.04783005267381668,0.41645193099975586,0.28369879722595215,-0.056835245341062546,0.3907894790172577,0.2537463903427124,-0.0612039677798748,0.36830130219459534,0.23203805088996887,-0.06458310037851334
0.48691117763519287,0.49277764558792114,-1.4731297426351375e-07,0.4305244982242584,0.4603227972984314,0.011319360695779324,0.3813748061656952,0.42031311988830566,0.005325080826878548,0.3423130214214325,0.40862226486206055,-0.007563134655356407,0.3094883859157562,0.3987199664115906,-0.020593175664544106,0.4248977601528168,0.3109421133995056,0.014181075617671013,0.3993985652923584,0.23786842823028564,-0.005769093055278063,0.3643604815006256,0.21936573088169098,-0.02285541594028473,0.3341015577316284,0.22000525891780853,-0.033487558364868164,0.43622687458992004,0.3117055892944336,-0.006469792686402798,0.4021904170513153,0.2211853712797165,-0.02933632954955101,0.35924890637397766,0.210172638297081,-0.04300009831786156,0.32644155621528625,0.2248302847146988,-0.04957757890224457,0.4424532949924469,0.3251340687274933,-0.029354805126786232,0.40789535641670227,0.24049219489097595,-0.04403343051671982,0.3672969341278076,0.22368788719177246,-0.04970073699951172,0.3350672125816345,0.22658319771289825,-0.052667759358882904,0.4418242573738098,0.34779903292655945,-0.05229993537068367,0.41425496339797974,0.2908661961555481,-0.06162715703248978,0.3886905312538147,0.2612335681915283,-0.06583601236343384,0.3654283285140991,0.23898932337760925,-0.06911489367485046
0.4866291880607605,0.4890984892845154,-1.502210977832874e-07,0.43041446805000305,0.4568594992160797,0.012299488298594952,0.38076847791671753,0.4182779788970947,0.005678112152963877,0.34093236923217773,0.4074403941631317,-0.008159017190337181,0.3072797954082489,0.3969666659832001,-0.022214848548173904,0.42469659447669983,0.3119136095046997,0.013765542767941952,0.39521390199661255,0.2391292005777359,-0.0066386014223098755,0.35906049609184265,0.22174012660980225,-0.02389782853424549,0.3284287452697754,0.22302348911762238,-0.034583963453769684,0.4350614547729492,0.31245866417884827,-0.00786793977022171,0.398091197013855,0.22099751234054565,-0.031320907175540924,0.35530802607536316,0.2118612676858902,-0.04516882821917534,0.32320672273635864,0.22828055918216705,-0.051881883293390274,0.43986502289772034,0.3256796896457672,-0.03153741732239723,0.4030451476573944,0.23939621448516846,-0.046256158500909805,0.36249664425849915,0.2243451178073883,-0.05123208463191986,0.3307270109653473,0.228521466255188,-0.053824055939912796,0.43715834617614746,0.3480243384838104,-0.05516849830746651,0.40727168321609497,0.290216326713562,-0.06414569169282913,0.3807956874370575,0.26012980937957764,-0.06765663623809814,0.35709741711616516,0.23708179593086243,-0.07061656564474106
0.4712957739830017,0.4801768958568573,3.3203004790038904e-08,0.4166388511657715,0.45190298557281494,0.010200303047895432,0.36634334921836853,0.41911762952804565,0.005665418226271868,0.3257597088813782,0.4185336232185364,-0.0060172295197844505,0.29264888167381287,0.41698095202445984,-0.018021682277321815,0.39472490549087524,0.306876540184021,0.019686484709382057,0.3745596706867218,0.23717860877513885,0.0067790900357067585,0.3445400893688202,0.21260303258895874,-0.0057486980222165585,0.3157227635383606,0.2021055370569229,-0.015017889440059662,0.4066130816936493,0.30474138259887695,-0.0005547352484427392,0.38109496235847473,0.21822425723075867,-0.015959754586219788,0.34203463792800903,0.1982799619436264,-0.026279646903276443,0.30867165327072144,0.20122280716896057,-0.03239040821790695,0.41646480560302734,0.31333860754966736,-0.023473648354411125,0.3901865780353546,0.22799597680568695,-0.03450613096356392,0.35154470801353455,0.20579692721366882,-0.03935835510492325,0.31903108954429626,0.20357200503349304,-0.04253978282213211,0.42145124077796936,0.33094578981399536,-0.04690498486161232,0.3982650339603424,0.2709193527698517,-0.05441535264253616,0.37302449345588684,0.2391231209039688,-0.05792778730392456,0.34918954968452454,0.2169426530599594,-0.060987234115600586
0.46815425157546997,0.4822884202003479,6.647233874446101e-08,0.41585710644721985,0.4554271697998047,0.005814456380903721,0.36680513620376587,0.419954776763916,-0.0003833423543255776,0.3274742066860199,0.4187024235725403,-0.012454802170395851,0.2936612367630005,0.4180814027786255,-0.025267940014600754,0.39009150862693787,0.3054974675178528,0.010736796073615551,0.37038618326187134,0.23362866044044495,-0.004090521950274706,0.34448593854904175,0.2038920372724533,-0.017903512343764305,0.3192315101623535,0.1896103322505951,-0.028199898079037666,0.4038695991039276,0.30432453751564026,-0.007728271652013063,0.38117462396621704,0.21788358688354492,-0.024867884814739227,0.34599757194519043,0.19099964201450348,-0.03708517923951149,0.31317147612571716,0.18618325889110565,-0.04467328265309334,0.4181617200374603,0.31343117356300354,-0.028706595301628113,0.39352449774742126,0.2291843444108963,-0.0420939140021801,0.3574678599834442,0.20365062355995178,-0.04998623579740524,0.3245874345302582,0.19607916474342346,-0.05534026771783829,0.4306055009365082,0.33226314187049866,-0.05027114599943161,0.4097713828086853,0.27407920360565186,-0.06092861667275429,0.3853243589401245,0.2419409453868866,-0.06677418202161789,0.36061015725135803,0.21905632317066193,-0.07130925357341766
0.4700910151004791,0.48432230949401855,8.659412742417771e-09,0.4163813889026642,0.45729127526283264,0.004014538135379553,0.3667803108692169,0.4213270843029022,-0.0035231364890933037,0.3268596827983856,0.41839802265167236,-0.0166033823043108,0.29282546043395996,0.4129665493965149,-0.029695581644773483,0.39290302991867065,0.3073044419288635,0.008500585332512856,0.37230023741722107,0.2358430176973343,-0.009378688409924507,0.34162890911102295,0.21068593859672546,-0.024954568594694138,0.3132806420326233,0.20141516625881195,-0.03572835028171539,0.40642836689949036,0.30548539757728577,-0.009146532975137234,0.383402019739151,0.21914000809192657,-0.027501020580530167,0.3448309302330017,0.19709140062332153,-0.03902258351445198,0.3115040063858032,0.19725248217582703,-0.04594951122999191,0.4200350046157837,0.3146292567253113,-0.029702598229050636,0.3961825966835022,0.23001524806022644,-0.043408818542957306,0.35690194368362427,0.20781417191028595,-0.04965746030211449,0.32310545444488525,0.204825758934021,-0.05353201553225517,0.43107640743255615,0.333858847618103,-0.051159657537937164,0.40692177414894104,0.2746219336986542,-0.06155923008918762,0.3783838450908661,0.24400876462459564,-0.0666012316942215,0.35079702734947205,0.22360949218273163,-0.07015451788902283
0.4714600145816803,0.4881751835346222,-6.165797117319016e-08,0.4170070290565491,0.4610327184200287,0.0038987218867987394,0.3661265969276428,0.4251120090484619,-0.004737344570457935,0.32587704062461853,0.4194473922252655,-0.01880553923547268,0.29174262285232544,0.4122997224330902,-0.03277984634041786,0.3963831067085266,0.31303009390830994,0.005299130454659462,0.3732088506221771,0.23974664509296417,-0.017003949731588364,0.3385803997516632,0.22002647817134857,-0.035657793283462524,0.3081357181072235,0.21857377886772156,-0.047555938363075256,0.40944215655326843,0.3123510181903839,-0.012379408814013004,0.3808920681476593,0.22278821468353271,-0.035993605852127075,0.3392922878265381,0.20946499705314636,-0.05015943571925163,0.3060232996940613,0.21879169344902039,-0.05755970999598503,0.4215531647205353,0.32301267981529236,-0.03279490768909454,0.39135971665382385,0.23830123245716095,-0.04949570447206497,0.35000360012054443,0.2217141091823578,-0.056724369525909424,0.31590911746025085,0.2234303057193756,-0.06049865484237671,0.4307999610900879,0.3440166711807251,-0.053909968584775925,0.40340232849121094,0.28722870349884033,-0.06541232764720917,0.3751823902130127,0.2597488760948181,-0.07083264738321304,0.3490592837333679,0.24086038768291473,-0.07447884231805801
0.37874025106430054,0.48623794317245483,3.617952586409956e-07,0.3554283380508423,0.46110427379608154,-0.02809513732790947,0.3399408757686615,0.4257764220237732,-0.04317770525813103,0.33844926953315735,0.3921913802623749,-0.05517323315143585,0.33035361766815186,0.36957401037216187,-0.06513029336929321,0.33096399903297424,0.32053741812705994,-0.017257293686270714,0.3269405663013458,0.26160481572151184,-0.03129401057958603,0.3322798013687134,0.22928228974342346,-0.04513659328222275,0.34061306715011597,0.20481105148792267,-0.054863836616277695,0.3566761910915375,0.3154855966567993,-0.013096824288368225,0.35235756635665894,0.2531238794326782,-0.023264816030859947,0.3574567437171936,0.21924227476119995,-0.03437228500843048,0.36459028720855713,0.1950916200876236,-0.04282022640109062,0.38169237971305847,0.32383695244789124,-0.012832208536565304,0.3817676305770874,0.2670145630836487,-0.021781083196401596,0.38578569889068604,0.2352982610464096,-0.02880139835178852,0.39057520031929016,0.2112198770046234,-0.03392965719103813,0.40898391604423523,0.3414202034473419,-0.015748871490359306,0.4116159677505493,0.29254889488220215,-0.022676395252346992,0.4127653241157532,0.2635105550289154,-0.02574113756418228,0.4133540391921997,0.23749646544456482,-0.02781500667333603
0.3430880606174469,0.5038375854492188,6.251032687032421e-07,0.34328389167785645,0.4829899072647095,-0.061439383774995804,0.35869044065475464,0.44399118423461914,-0.08675272762775421,0.38926467299461365,0.4184155762195587,-0.10176016390323639,0.42075785994529724,0.40023767948150635,-0.11406152695417404,0.36077964305877686,0.32399794459342957,-0.043844833970069885,0.37606796622276306,0.25769561529159546,-0.05670907720923424,0.39908161759376526,0.22775396704673767,-0.07061951607465744,0.42121991515159607,0.2143300175666809,-0.07974525541067123,0.3789387047290802,0.3319835066795349,-0.018485549837350845,0.3957715928554535,0.2670542001724243,-0.025150027126073837,0.41833439469337463,0.23604190349578857,-0.03750664368271828,0.43977320194244385,0.22477971017360687,-0.0467340350151062,0.39509668946266174,0.3481735587120056,0.0014767125248908997,0.41124144196510315,0.29714876413345337,-0.0005125980824232101,0.4298097491264343,0.2661444842815399,-0.00951593928039074,0.4487074017524719,0.24708634614944458,-0.01722843013703823,0.4075119197368622,0.3703121840953827,0.015207643620669842,0.42366594076156616,0.32950443029403687,0.015564018860459328,0.4363735616207123,0.3044714331626892,0.011955945752561092,0.44916635751724243,0.288443922996521,0.008498072624206543
0.3410038352012634,0.491931676864624,5.661199224960001e-07,0.34715306758880615,0.4681442677974701,-0.05886954441666603,0.3747178912162781,0.43201011419296265,-0.07841648161411285,0.4171411991119385,0.4123052954673767,-0.08644251525402069,0.45187151432037354,0.3990572392940521,-0.09116971492767334,0.3773166537284851,0.3239845633506775,-0.03740638121962547,0.3966207802295685,0.25913697481155396,-0.04654473811388016,0.4238632321357727,0.23767174780368805,-0.05794136971235275,0.44709333777427673,0.23631931841373444,-0.06485021114349365,0.39218494296073914,0.3300590217113495,-0.009976716712117195,0.41006237268447876,0.264446884393692,-0.013334016315639019,0.4350007176399231,0.24125820398330688,-0.024991260841488838,0.4552903175354004,0.24301335215568542,-0.03341643884778023,0.40580376982688904,0.3466273546218872,0.012205850332975388,0.42115190625190735,0.2929287254810333,0.010837827809154987,0.4411856532096863,0.26992958784103394,-0.002017774386331439,0.45929521322250366,0.2606526017189026,-0.012204908765852451,0.41647860407829285,0.37035730481147766,0.028961054980754852,0.43269553780555725,0.33670148253440857,0.0282093808054924,0.44505906105041504,0.3240291178226471,0.021700231358408928,0.4550544023513794,0.32157081365585327,0.01652567647397518
0.33964937925338745,0.49318429827690125,5.800146709589171e-07,0.35160988569259644,0.47274863719940186,-0.060052964836359024,0.3840377926826477,0.4419476091861725,-0.08040899783372879,0.4292391836643219,0.42706435918807983,-0.08912132680416107,0.46874797344207764,0.4179561138153076,-0.09453779458999634,0.3893370032310486,0.3296763598918915,-0.03591054305434227,0.4166187047958374,0.2726060152053833,-0.047132641077041626,0.44744041562080383,0.2577832341194153,-0.060931246727705,0.4713812470436096,0.26178836822509766,-0.06979338824748993,0.4037533104419708,0.33653759956359863,-0.008231515064835548,0.42816004157066345,0.27451008558273315,-0.015868034213781357,0.4578815698623657,0.258544385433197,-0.03052459843456745,0.47994300723075867,0.2673194706439972,-0.04084232449531555,0.4163401424884796,0.3549235463142395,0.013918870128691196,0.43788155913352966,0.2998589277267456,0.00709208007901907,0.46164339780807495,0.28251323103904724,-0.008097590878605843,0.4818419814109802,0.28055939078330994,-0.018937524408102036,0.42547607421875,0.38088008761405945,0.030839305371046066,0.4463273584842682,0.3467823266983032,0.02428569085896015,0.46199122071266174,0.33620887994766235,0.014501171186566353,0.4752364456653595,0.33558353781700134,0.00774040212854743
0.33878788352012634,0.49131765961647034,5.235143589743529e-07,0.3511730134487152,0.4721405506134033,-0.05808129534125328,0.38662195205688477,0.44670504331588745,-0.07593655586242676,0.43374955654144287,0.4394996762275696,-0.08192424476146698,0.4733400344848633,0.43331509828567505,-0.08441934734582901,0.39886146783828735,0.3355840742588043,-0.031920239329338074,0.4311176538467407,0.28483057022094727,-0.04033850133419037,0.46239057183265686,0.28066715598106384,-0.05245787650346756,0.4850326180458069,0.2934672236442566,-0.06042641028761864,0.41185513138771057,0.34484103322029114,-0.0038353963755071163,0.4416535198688507,0.28989464044570923,-0.008505389094352722,0.4712328612804413,0.2847977876663208,-0.022198257967829704,0.49152082204818726,0.30212533473968506,-0.03229622542858124,0.4218968451023102,0.36408841609954834,0.01881461590528488,0.44799497723579407,0.3158794343471527,0.013771291822195053,0.4724600911140442,0.30868881940841675,-0.0024905698373913765,0.49175316095352173,0.31622231006622314,-0.014435208402574062,0.4294406771659851,0.39008545875549316,0.03651776537299156,0.45171207189559937,0.36090463399887085,0.029604386538267136,0.4667147099971771,0.3578623831272125,0.01835729368031025,0.4782615005970001,0.36448177695274353,0.01054991316050291
0.33938664197921753,0.48485562205314636,5.216461431700736e-07,0.3549386262893677,0.4688592851161957,-0.05960956960916519,0.3923318684101105,0.4496901333332062,-0.07793745398521423,0.43815621733665466,0.4488677680492401,-0.08393546938896179,0.47687679529190063,0.4484902322292328,-0.08615077286958694,0.4090398848056793,0.3384077847003937,-0.034344952553510666,0.4437329173088074,0.2885850965976715,-0.043629005551338196,0.4751543402671814,0.28866198658943176,-0.05644582584500313,0.49636274576187134,0.30719566345214844,-0.06461124122142792,0.4211282730102539,0.34963715076446533,-0.0051827458664774895,0.4537956714630127,0.2954005300998688,-0.010889559984207153,0.48406049609184265,0.2944645583629608,-0.025998970493674278,0.5032510161399841,0.3161967396736145,-0.03704633563756943,0.4307284951210022,0.3694057762622833,0.018584389239549637,0.46003976464271545,0.3227929174900055,0.01372997835278511,0.4850676953792572,0.31857460737228394,-0.0036430952604860067,0.5038807988166809,0.33002108335494995,-0.016430310904979706,0.4372777044773102,0.3961823582649231,0.037286270409822464,0.4618300199508667,0.3682900071144104,0.03170051425695419,0.4789629578590393,0.36508768796920776,0.019820626825094223,0.49135521054267883,0.3726433515548706,0.011202163062989712
0.3356674909591675,0.4858238101005554,5.114925443194807e-07,0.34947046637535095,0.4709037244319916,-0.056382108479738235,0.3857971131801605,0.45838597416877747,-0.07501056790351868,0.43138936161994934,0.4678380489349365,-0.0821157917380333,0.4700447916984558,0.4713042080402374,-0.08551999926567078,0.41818004846572876,0.35032883286476135,-0.03580079972743988,0.4601074159145355,0.30547529458999634,-0.047662198543548584,0.492312490940094,0.3118221163749695,-0.06119322031736374,0.512727677822113,0.3332340121269226,-0.06951235979795456,0.4306827783584595,0.3629470467567444,-0.009480593726038933,0.4694812297821045,0.31433188915252686,-0.016573233529925346,0.4999731779098511,0.3189941644668579,-0.030457964166998863,0.5168098211288452,0.34298428893089294,-0.040488388389348984,0.43780896067619324,0.38561880588531494,0.011554901488125324,0.4719754159450531,0.35075733065605164,0.004231716506183147,0.4975004494190216,0.3520294725894928,-0.013372871093451977,0.5149338245391846,0.367012083530426,-0.026214847341179848,0.440601646900177,0.4162830114364624,0.02790386974811554,0.4643040597438812,0.40629613399505615,0.01848159357905388,0.4774749279022217,0.4152100086212158,0.005750924348831177,0.48460787534713745,0.4318104386329651,-0.0027306093834340572
0.3480030298233032,0.4858042597770691,5.195237804400676e-07,0.3552193343639374,0.4627031683921814,-0.05485166981816292,0.3823975622653961,0.42897483706474304,-0.07157246768474579,0.42329755425453186,0.4115138053894043,-0.07704068720340729,0.45747125148773193,0.39690667390823364,-0.07920174300670624,0.39730599522590637,0.32496917247772217,-0.03331174701452255,0.42567524313926697,0.2729816436767578,-0.041582949459552765,0.45296403765678406,0.2564907670021057,-0.05225140601396561,0.47458308935165405,0.25392991304397583,-0.05938158556818962,0.40981245040893555,0.3316611647605896,-0.008774911984801292,0.43502277135849,0.2764196991920471,-0.012292568571865559,0.4608188271522522,0.2576712369918823,-0.02233525924384594,0.4802922010421753,0.25996240973472595,-0.02941906452178955,0.4188867211341858,0.3517009913921356,0.01059004571288824,0.4403257668018341,0.3071647584438324,0.006654923316091299,0.4616049528121948,0.2870193123817444,-0.005994646809995174,0.4811708629131317,0.2779899537563324,-0.015820162370800972,0.42510849237442017,0.3810596466064453,0.024990104138851166,0.4411334693431854,0.36543264985084534,0.01931958645582199,0.45221561193466187,0.36390694975852966,0.011406409554183483,0.4620145559310913,0.368527889251709,0.006059444043785334
0.3361589312553406,0.49109429121017456,5.505489184542967e-07,0.34065479040145874,0.4575210213661194,-0.05206068605184555,0.3635249733924866,0.40835049748420715,-0.06731978058815002,0.403986394405365,0.37410932779312134,-0.07270444929599762,0.43890145421028137,0.34366080164909363,-0.07521863281726837,0.34952598810195923,0.30210891366004944,-0.01632101461291313,0.3666338324546814,0.23993048071861267,-0.018009807914495468,0.3932189345359802,0.21814219653606415,-0.028020672500133514,0.4165792167186737,0.2144908308982849,-0.036324627697467804,0.36999809741973877,0.3142089545726776,0.008918208070099354,0.38446497917175293,0.25316524505615234,0.013320260681211948,0.4068230986595154,0.23173528909683228,0.0019899054896086454,0.42880779504776,0.2276054471731186,-0.00861558597534895,0.38651320338249207,0.3351599872112274,0.028702640905976295,0.39875996112823486,0.28377383947372437,0.03376756235957146,0.4161323606967926,0.2583273947238922,0.022641358897089958,0.43367207050323486,0.2452464997768402,0.011199377477169037,0.4010855555534363,0.365253210067749,0.04325977712869644,0.41637060046195984,0.3280940353870392,0.045186448842287064,0.4256628155708313,0.31676965951919556,0.04009580612182617,0.433734655380249,0.3126850128173828,0.034678731113672256
0.33425435423851013,0.4935893714427948,5.605331239166844e-07,0.3397560715675354,0.4562701880931854,-0.05105408653616905,0.36652472615242004,0.40806007385253906,-0.06414404511451721,0.4117142856121063,0.3783794045448303,-0.06730936467647552,0.44605493545532227,0.3492931127548218,-0.06753052026033401,0.3526158928871155,0.30441829562187195,-0.01217516977339983,0.36946216225624084,0.2415270209312439,-0.010808194056153297,0.39624565839767456,0.21926848590373993,-0.01871853694319725,0.4198422431945801,0.21608315408229828,-0.02564745768904686,0.3707183599472046,0.3169066309928894,0.013510056771337986,0.3849872648715973,0.2546345591545105,0.020307647064328194,0.4080233573913574,0.23381966352462769,0.009353607892990112,0.43092823028564453,0.2316378951072693,-0.0011822578962892294,0.3852230906486511,0.33780282735824585,0.033781539648771286,0.39724278450012207,0.28617793321609497,0.040449585765600204,0.41598206758499146,0.2607567310333252,0.02834145724773407,0.43497881293296814,0.24940705299377441,0.016002420336008072,0.39832180738449097,0.3686574697494507,0.04892392084002495,0.4132227897644043,0.3329521417617798,0.051515720784664154,0.4239552319049835,0.32188862562179565,0.04541395604610443,0.43317878246307373,0.3185254633426666,0.03915086388587952
0.32680124044418335,0.4864836037158966,3.678393056816276e-07,0.32837533950805664,0.46179601550102234,-0.04762563854455948,0.3571009039878845,0.4333212375640869,-0.06479010730981827,0.40267372131347656,0.4288051724433899,-0.07347723096609116,0.4375454783439636,0.4284723103046417,-0.07945667952299118,0.38145220279693604,0.32921311259269714,-0.02984389290213585,0.40632641315460205,0.2704416811466217,-0.04460780322551727,0.4323562681674957,0.261140912771225,-0.060582663863897324,0.4523983299732208,0.27327269315719604,-0.07012270390987396,0.39680448174476624,0.33552512526512146,-0.011261917650699615,0.42299339175224304,0.27691277861595154,-0.019599657505750656,0.44791269302368164,0.2650159001350403,-0.03408208116889,0.4655604958534241,0.2756864130496979,-0.04408910870552063,0.40709805488586426,0.35383525490760803,0.002269771881401539,0.43164581060409546,0.3052857220172882,-0.004219949245452881,0.45158204436302185,0.291835218667984,-0.018922511488199234,0.4672357141971588,0.29345250129699707,-0.02945105731487274,0.41335585713386536,0.3818386197090149,0.011307024396955967,0.43270212411880493,0.3552635908126831,0.006135917268693447,0.44409289956092834,0.35076674818992615,-0.0015257039340212941,0.45173147320747375,0.3568647801876068,-0.006816511042416096
0.3306082487106323,0.4690515398979187,5.971212999611453e-07,0.34910550713539124,0.4627346992492676,-0.057928722351789474,0.38890397548675537,0.44875895977020264,-0.07850934565067291,0.4334293305873871,0.4533223509788513,-0.0870223343372345,0.4701170027256012,0.45410895347595215,-0.09150125086307526,0.4046691060066223,0.3356034755706787,-0.04551663622260094,0.44410377740859985,0.27763259410858154,-0.057966992259025574,0.47902578115463257,0.27607348561286926,-0.06947439908981323,0.5013948082923889,0.29397082328796387,-0.07556191086769104,0.4152909815311432,0.33969831466674805,-0.017841212451457977,0.45062726736068726,0.27119171619415283,-0.02619476430118084,0.48298180103302,0.2696492075920105,-0.03761576488614082,0.5001248121261597,0.29523494839668274,-0.04456401616334915,0.4233127236366272,0.3574793040752411,0.005368100944906473,0.4566759765148163,0.3046744465827942,-0.002193278633058071,0.4836084842681885,0.29962024092674255,-0.017235159873962402,0.5006402134895325,0.31342360377311707,-0.02724302001297474,0.4291008412837982,0.3853008449077606,0.023895546793937683,0.45561861991882324,0.3648837208747864,0.015410374850034714,0.47159111499786377,0.36674273014068604,0.0040717157535254955,0.47999516129493713,0.3793794512748718,-0.002757446374744177
0.3684072196483612,0.4543076753616333,7.000033974691178e-07,0.40545210242271423,0.4480399191379547,-0.026959281414747238,0.4519900679588318,0.43788942694664,-0.047134894877672195,0.4946214556694031,0.4487892985343933,-0.06495851278305054,0.5299428701400757,0.44794875383377075,-0.0819091871380806,0.4657176733016968,0.30863285064697266,-0.0273045152425766,0.5087687969207764,0.2575080394744873,-0.04842917621135712,0.5478862524032593,0.2586284577846527,-0.0678056851029396,0.5762927532196045,0.2762780785560608,-0.07950174063444138,0.46098893880844116,0.3081565201282501,-0.023964324966073036,0.5055264830589294,0.24544887244701385,-0.042344290763139725,0.5474942326545715,0.24488700926303864,-0.06124606356024742,0.5747306942939758,0.2703765630722046,-0.07370331138372421,0.457319974899292,0.3251178562641144,-0.022930238395929337,0.5001380443572998,0.2659783959388733,-0.036603450775146484,0.5407846570014954,0.2629591226577759,-0.05131208896636963,0.5688989162445068,0.28198128938674927,-0.06120826676487923,0.45119959115982056,0.3575880229473114,-0.02408149465918541,0.49017202854156494,0.32547470927238464,-0.03359690681099892,0.5234138369560242,0.31862202286720276,-0.040408238768577576,0.5484362244606018,0.3268011808395386,-0.04467080160975456
0.40321552753448486,0.4720698297023773,9.53837684392056e-07,0.4272139370441437,0.4660413861274719,-0.08811290562152863,0.47849178314208984,0.44814392924308777,-0.12293095141649246,0.5368265509605408,0.45249414443969727,-0.14037451148033142,0.5861988067626953,0.45030102133750916,-0.15407052636146545,0.5029640793800354,0.30397680401802063,-0.06493402272462845,0.5586516857147217,0.24507233500480652,-0.0774717703461647,0.6061683893203735,0.24725237488746643,-0.09432683885097504,0.6370551586151123,0.27074185013771057,-0.10485436767339706,0.5105453729629517,0.30780959129333496,-0.021367931738495827,0.5628708004951477,0.232455313205719,-0.03015291877090931,0.6074119210243225,0.2334226816892624,-0.05035432055592537,0.6335844397544861,0.26748013496398926,-0.06475072354078293,0.518929123878479,0.3234691023826599,0.016217658296227455,0.5651073455810547,0.25989359617233276,0.011881005018949509,0.6028985381126404,0.25682324171066284,-0.008794019930064678,0.629409670829773,0.27561450004577637,-0.024498963728547096,0.5279935598373413,0.3470074236392975,0.04661358520388603,0.5674126148223877,0.3038301467895508,0.04403301700949669,0.5945353507995605,0.29558485746383667,0.03137009218335152,0.6150040030479431,0.3005269169807434,0.021268127486109734
0.3818514347076416,0.4533470571041107,9.453777920498396e-07,0.408596932888031,0.4414597153663635,-0.08860662579536438,0.46715736389160156,0.42558297514915466,-0.12051744014024734,0.535592794418335,0.4405476450920105,-0.13469047844409943,0.5933731198310852,0.4429404139518738,-0.14432893693447113,0.5027336478233337,0.26219961047172546,-0.05545734986662865,0.5626327991485596,0.19297213852405548,-0.06400240212678909,0.6119617223739624,0.19472140073776245,-0.07970858365297318,0.6441474556922913,0.22006995975971222,-0.08977825939655304,0.5108932852745056,0.2719340920448303,-0.010254625231027603,0.5691236257553101,0.1910112202167511,-0.01324146892875433,0.6165828704833984,0.1925080120563507,-0.03321238234639168,0.6443654298782349,0.2239084243774414,-0.04854142293334007,0.5181536674499512,0.29292476177215576,0.028445420786738396,0.56816565990448,0.2250824123620987,0.030193230137228966,0.6080257892608643,0.21745134890079498,0.010794625617563725,0.6344453692436218,0.23218859732151031,-0.005163636989891529,0.5227428078651428,0.3255707621574402,0.05942544341087341,0.568314790725708,0.27631258964538574,0.0625813826918602,0.596150279045105,0.264384925365448,0.052406929433345795,0.6136060953140259,0.26605135202407837,0.04353785142302513
0.35737618803977966,0.45559900999069214,7.367840453298413e-07,0.3723433017730713,0.43233227729797363,-0.08066713809967041,0.4234638214111328,0.4054033160209656,-0.1091911643743515,0.48685312271118164,0.40560275316238403,-0.12175093591213226,0.5397376418113708,0.3964134454727173,-0.12931294739246368,0.4558292627334595,0.24397607147693634,-0.05337677523493767,0.5133192539215088,0.1707325130701065,-0.07050605863332748,0.5606620907783508,0.1662626713514328,-0.0906888097524643,0.5949800610542297,0.18556565046310425,-0.1035405769944191,0.47277671098709106,0.25142934918403625,-0.016663730144500732,0.5253393054008484,0.1641901433467865,-0.028993720188736916,0.5673103332519531,0.15948933362960815,-0.05149363726377487,0.5933935642242432,0.18819493055343628,-0.06769157201051712,0.48677578568458557,0.2730547785758972,0.012990087270736694,0.5339183807373047,0.1969524323940277,0.0031326496973633766,0.5694435834884644,0.1894497275352478,-0.020102445036172867,0.5964921116828918,0.20535045862197876,-0.03692992776632309,0.49812644720077515,0.3054371476173401,0.03575367480516434,0.5360713005065918,0.25559818744659424,0.027827180922031403,0.5612523555755615,0.24523302912712097,0.012816771864891052,0.5814240574836731,0.25022420287132263,0.0016728612827137113
0.35735058784484863,0.4763999581336975,6.627601010222861e-07,0.347700834274292,0.4476901590824127,-0.07455066591501236,0.37561482191085815,0.4071994423866272,-0.10839623212814331,0.4289553463459015,0.39166539907455444,-0.13015016913414001,0.4799290895462036,0.3841232657432556,-0.14793530106544495,0.41425713896751404,0.25146570801734924,-0.05852051079273224,0.4579293131828308,0.17465132474899292,-0.0867752730846405,0.5011120438575745,0.16381676495075226,-0.11345074325799942,0.5346185564994812,0.1805894672870636,-0.13022282719612122,0.44162294268608093,0.2640814483165741,-0.03106914833188057,0.48476266860961914,0.18530486524105072,-0.05526198819279671,0.5226212739944458,0.17406751215457916,-0.08137505501508713,0.5490751266479492,0.19290153682231903,-0.09903266280889511,0.4628596603870392,0.28795763850212097,-0.010354418307542801,0.5013407468795776,0.21680161356925964,-0.028557851910591125,0.5325189232826233,0.20109005272388458,-0.049079179763793945,0.5581661462783813,0.20899468660354614,-0.06294495612382889,0.4772026538848877,0.3205752372741699,0.0036523262970149517,0.5088382363319397,0.26596084237098694,-0.010256349109113216,0.5320407748222351,0.24653339385986328,-0.02367420867085457,0.5536720752716064,0.24304607510566711,-0.03270533308386803
0.3547307252883911,0.49807101488113403,5.340900202099874e-07,0.33604204654693604,0.46505647897720337,-0.05850870534777641,0.34270527958869934,0.4216757118701935,-0.08936212956905365,0.38366663455963135,0.4020543098449707,-0.11249249428510666,0.4272284209728241,0.3909628689289093,-0.1323283612728119,0.37302038073539734,0.2787390649318695,-0.043993547558784485,0.39745548367500305,0.20214258134365082,-0.0718853697180748,0.42981529235839844,0.1792849600315094,-0.09707847982645035,0.45861005783081055,0.18140988051891327,-0.1129528060555458,0.4021635949611664,0.287317156791687,-0.02703336998820305,0.42365068197250366,0.20938706398010254,-0.05088898539543152,0.45149967074394226,0.18824760615825653,-0.07262749969959259,0.4748210906982422,0.1914784163236618,-0.08663248270750046,0.42649006843566895,0.3079424798488617,-0.016444630920886993,0.4479495584964752,0.23688408732414246,-0.033638596534729004,0.46940934658050537,0.20840340852737427,-0.04772379621863365,0.4904825687408447,0.1974165290594101,-0.05681316554546356,0.4465267062187195,0.33904802799224854,-0.011885815300047398,0.464964896440506,0.28084492683410645,-0.023840874433517456,0.4806472063064575,0.2488023340702057,-0.03266387805342674,0.4987373650074005,0.2255644053220749,-0.03843245655298233
0.3544378876686096,0.491568386554718,7.588378707623633e-07,0.3591955006122589,0.47036463022232056,-0.08041142672300339,0.39514222741127014,0.43387937545776367,-0.1080552414059639,0.4520120322704315,0.42329156398773193,-0.12004950642585754,0.4991947114467621,0.4103255867958069,-0.1282934844493866,0.39258822798728943,0.2834426462650299,-0.05273658037185669,0.4150100350379944,0.1999017894268036,-0.06520910561084747,0.45119357109069824,0.178101047873497,-0.08202099055051804,0.48308518528938293,0.18286345899105072,-0.0925009697675705,0.41017138957977295,0.29053160548210144,-0.014191320165991783,0.4276570677757263,0.20342569053173065,-0.02139519341289997,0.4614400267601013,0.1794271171092987,-0.04109310731291771,0.48934972286224365,0.1916772425174713,-0.05543943867087364,0.4265419840812683,0.3083418607711792,0.017673641443252563,0.4405968487262726,0.23229369521141052,0.013188387267291546,0.46700990200042725,0.20625633001327515,-0.008652400225400925,0.4919614791870117,0.2029084861278534,-0.02477259747684002,0.4412059187889099,0.33386221528053284,0.04260529950261116,0.4564460515975952,0.27967360615730286,0.03879282996058464,0.47199583053588867,0.2579054534435272,0.025548860430717468,0.4877103865146637,0.251331627368927,0.015535568818449974
0.356232225894928,0.500309944152832,7.493071052522282e-07,0.36303097009658813,0.4652409553527832,-0.08402350544929504,0.402414470911026,0.4272499680519104,-0.10412829369306564,0.4675999879837036,0.42022818326950073,-0.10587051510810852,0.5189094543457031,0.408036470413208,-0.10225759446620941,0.40724658966064453,0.28409841656684875,-0.04727249592542648,0.4345392882823944,0.19718585908412933,-0.05772973597049713,0.4734700620174408,0.17406442761421204,-0.07120075821876526,0.506446897983551,0.17970581352710724,-0.0780244842171669,0.4241396486759186,0.29882878065109253,-0.004734845831990242,0.4491387605667114,0.20706357061862946,-0.006208362989127636,0.48355451226234436,0.1841789186000824,-0.021182885393500328,0.5091702938079834,0.201470747590065,-0.03143836557865143,0.4383194148540497,0.32831889390945435,0.02935773879289627,0.4663555920124054,0.2722950577735901,0.02199929766356945,0.49238187074661255,0.2596924602985382,-0.007714006584137678,0.5148120522499084,0.26386964321136475,-0.027438227087259293,0.452976793050766,0.36676597595214844,0.05684667080640793,0.47768765687942505,0.3530319929122925,0.043606024235486984,0.4928884506225586,0.36123916506767273,0.02128072828054428,0.5021654963493347,0.3788941204547882,0.007186728995293379
0.35229307413101196,0.49323415756225586,7.643658932465769e-07,0.361801415681839,0.4597629904747009,-0.0777725875377655,0.39748284220695496,0.4182058572769165,-0.0996921956539154,0.4578058421611786,0.40335097908973694,-0.10540129989385605,0.5058446526527405,0.38342246413230896,-0.10664694756269455,0.40182632207870483,0.27563580870628357,-0.04181135073304176,0.4279986619949341,0.19442284107208252,-0.04893578216433525,0.4655763506889343,0.17264626920223236,-0.061970435082912445,0.4969737231731415,0.17587587237358093,-0.07037478685379028,0.41845759749412537,0.2868349850177765,-0.003262528218328953,0.44105714559555054,0.20268942415714264,-0.002903745509684086,0.475668728351593,0.17716294527053833,-0.018155710771679878,0.5025372505187988,0.1886391043663025,-0.030160358175635338,0.4328702688217163,0.3147036135196686,0.027859898284077644,0.45632046461105347,0.2527150809764862,0.0259972233325243,0.4830925464630127,0.22737398743629456,0.001360568800009787,0.5063846111297607,0.22328367829322815,-0.017738109454512596,0.44673168659210205,0.35470667481422424,0.05236208066344261,0.46870091557502747,0.33538275957107544,0.04434296488761902,0.48310625553131104,0.33531105518341064,0.026470370590686798,0.4939265251159668,0.3466861844062805,0.01393326185643673
0.33871766924858093,0.46865811944007874,6.564109753526282e-07,0.3442623019218445,0.4416959583759308,-0.06870222836732864,0.37586382031440735,0.39921507239341736,-0.0919613167643547,0.43017807602882385,0.377544641494751,-0.10186851024627686,0.47410765290260315,0.3550334572792053,-0.1077248677611351,0.3762912452220917,0.2584691643714905,-0.0359310545027256,0.3980923891067505,0.18137776851654053,-0.041498590260744095,0.43236878514289856,0.16499848663806915,-0.05391337350010872,0.45797884464263916,0.17552320659160614,-0.06217900663614273,0.3915542662143707,0.26794809103012085,-0.0019164218101650476,0.41407135128974915,0.19200438261032104,-0.0030982312746345997,0.44713160395622253,0.17720964550971985,-0.0196040328592062,0.47059276700019836,0.19626663625240326,-0.03245208039879799,0.4059583246707916,0.2874338626861572,0.026215175166726112,0.42481446266174316,0.22405004501342773,0.028125934302806854,0.44990724325180054,0.20635291934013367,0.010623113252222538,0.4694094657897949,0.21219637989997864,-0.003919771406799555,0.41957977414131165,0.31584423780441284,0.04805119335651398,0.4383848309516907,0.2734873592853546,0.049144446849823,0.4527748227119446,0.2626900374889374,0.03897686302661896,0.46423959732055664,0.26742005348205566,0.03055303730070591
0.3343832492828369,0.45762526988983154,6.595859076696797e-07,0.3424072861671448,0.4351188540458679,-0.07059568911790848,0.3763783276081085,0.39510953426361084,-0.09201061725616455,0.427778422832489,0.37761756777763367,-0.09917619079351425,0.4688566327095032,0.3544484078884125,-0.10155986994504929,0.371070921421051,0.2565520107746124,-0.03403100371360779,0.3884844183921814,0.17989987134933472,-0.03640488162636757,0.4205980896949768,0.16013234853744507,-0.044393040239810944,0.4440089166164398,0.1689368337392807,-0.048834946006536484,0.38553398847579956,0.26633238792419434,0.0028825229965150356,0.4034460783004761,0.1902252584695816,0.0048673562705516815,0.43554824590682983,0.1732826679944992,-0.008310099132359028,0.4573937952518463,0.1910298615694046,-0.017964007332921028,0.3989274799823761,0.28333842754364014,0.0335371233522892,0.41571423411369324,0.21875008940696716,0.03539464995265007,0.44029414653778076,0.2016090452671051,0.018466858193278313,0.4565509557723999,0.2093837559223175,0.005985313560813665,0.4120490252971649,0.30629950761795044,0.058005157858133316,0.42818906903266907,0.2615824341773987,0.05588522180914879,0.44302302598953247,0.25092166662216187,0.04358258098363876,0.4528719484806061,0.2563401162624359,0.03529815003275871
0.3468589782714844,0.4615216851234436,6.462443593591161e-07,0.3563169836997986,0.4454028010368347,-0.07194183021783829,0.39090222120285034,0.41205233335494995,-0.09666670113801956,0.4410367012023926,0.4008747339248657,-0.10761609673500061,0.48100367188453674,0.38374823331832886,-0.11439560353755951,0.3894302546977997,0.2688542306423187,-0.042512014508247375,0.4052472412586212,0.19127997756004333,-0.05245497450232506,0.4367571771144867,0.176642045378685,-0.06679947674274445,0.4610211253166199,0.1902817040681839,-0.07505884766578674,0.4046231806278229,0.2769348919391632,-0.0074096000753343105,0.4216025173664093,0.2004823386669159,-0.01170852966606617,0.4530514180660248,0.18475794792175293,-0.028414148837327957,0.475219190120697,0.20483961701393127,-0.04024858772754669,0.41830044984817505,0.29366058111190796,0.021310171112418175,0.43462318181991577,0.2286006510257721,0.01895473338663578,0.4594559371471405,0.2131969928741455,0.0002880042011383921,0.4785205125808716,0.22252756357192993,-0.013201987370848656,0.42998433113098145,0.3168555498123169,0.04375210776925087,0.44720983505249023,0.27314943075180054,0.040421903133392334,0.46301841735839844,0.2619679868221283,0.028459029272198677,0.47535812854766846,0.26810622215270996,0.02021000348031521
0.3633280098438263,0.4771069288253784,6.208687182152062e-07,0.36898505687713623,0.4632769823074341,-0.07184889912605286,0.40438416600227356,0.435397744178772,-0.09791964292526245,0.454996258020401,0.43196094036102295,-0.11043435335159302,0.49834537506103516,0.42429661750793457,-0.11901696026325226,0.4162699580192566,0.2918442189693451,-0.04673607274889946,0.43945783376693726,0.2180417776107788,-0.06054586544632912,0.47102653980255127,0.20548926293849945,-0.0772821232676506,0.4963088035583496,0.21971949934959412,-0.0875268206000328,0.4329370856285095,0.2981078326702118,-0.013577490113675594,0.4537302255630493,0.22164063155651093,-0.022791028022766113,0.48476213216781616,0.2075415551662445,-0.041949015110731125,0.5063036680221558,0.2281729280948639,-0.055548835545778275,0.4467346668243408,0.3148478865623474,0.013254858553409576,0.4652022421360016,0.24695536494255066,0.006330345757305622,0.4900362491607666,0.2319919764995575,-0.014190121553838253,0.5104302763938904,0.24027951061725616,-0.02875600941479206,0.4579351246356964,0.3390675187110901,0.0339704230427742,0.4755517244338989,0.29287999868392944,0.028059478849172592,0.49117687344551086,0.27921438217163086,0.014759793877601624,0.5048640966415405,0.28186583518981934,0.005235636606812477
0.36928388476371765,0.47327905893325806,6.799314746785967e-07,0.3871817886829376,0.4593345820903778,-0.06280890852212906,0.4283643960952759,0.43505388498306274,-0.08671870827674866,0.4789252281188965,0.43525761365890503,-0.09900855273008347,0.5212022662162781,0.4313623309135437,-0.10781849920749664,0.4375160038471222,0.2907508909702301,-0.04028020054101944,0.4699014723300934,0.21721462905406952,-0.051523011177778244,0.504787266254425,0.20692838728427887,-0.06626527011394501,0.5314911007881165,0.22073602676391602,-0.07513859122991562,0.4473938047885895,0.29364868998527527,-0.010803659446537495,0.47614744305610657,0.21218138933181763,-0.01758672297000885,0.5096886157989502,0.1977686583995819,-0.03446236625313759,0.532681941986084,0.2192550152540207,-0.04651053994894028,0.4569953382015228,0.31015464663505554,0.013422218151390553,0.4850715100765228,0.23967456817626953,0.009267989546060562,0.513073742389679,0.22438651323318481,-0.009101059287786484,0.5345664024353027,0.23433005809783936,-0.022562794387340546,0.4660252630710602,0.33617207407951355,0.03221656382083893,0.49286091327667236,0.2944434881210327,0.028429236263036728,0.5119522213935852,0.28228434920310974,0.017010275274515152,0.526973307132721,0.2865723967552185,0.008871305733919144
0.3818168640136719,0.4781290590763092,6.922482498339377e-07,0.3970548212528229,0.4535510540008545,-0.06940736621618271,0.4362516403198242,0.4291912317276001,-0.09187186509370804,0.4910653531551361,0.4343973398208618,-0.10016541928052902,0.5360171794891357,0.4333818554878235,-0.10403493791818619,0.4532911479473114,0.28776922821998596,-0.042060691863298416,0.48542511463165283,0.2105947732925415,-0.05221808701753616,0.5225762128829956,0.2009289711713791,-0.06583457440137863,0.5497978329658508,0.2172476351261139,-0.07365840673446655,0.4648115038871765,0.2981131672859192,-0.008064686320722103,0.4963247776031494,0.2158423662185669,-0.010503485798835754,0.5323612689971924,0.2030518352985382,-0.024695850908756256,0.5540239810943604,0.22463370859622955,-0.035264331847429276,0.4734472632408142,0.32331666350364685,0.01934814453125,0.5043200254440308,0.2641773223876953,0.016291437670588493,0.5365130305290222,0.24696171283721924,-0.0059774951077997684,0.5593847632408142,0.25173860788345337,-0.02278149500489235,0.4806043207645416,0.36035746335983276,0.04091572389006615,0.5085272192955017,0.34225934743881226,0.034260377287864685,0.5266253352165222,0.34557875990867615,0.01843959093093872,0.5364916920661926,0.36131551861763,0.007379445713013411
0.388261616230011,0.4890516400337219,7.99550775809621e-07,0.4032028317451477,0.4633404016494751,-0.08000314235687256,0.44205814599990845,0.4356672465801239,-0.1074649840593338,0.49953562021255493,0.43671154975891113,-0.11877961456775665,0.5477314591407776,0.4275800585746765,-0.12579457461833954,0.4581576883792877,0.2941834330558777,-0.04761629179120064,0.4891904890537262,0.21339838206768036,-0.05409025028347969,0.5274815559387207,0.20215508341789246,-0.06670942157506943,0.5552381873130798,0.217464417219162,-0.07446493208408356,0.4695481061935425,0.3049492835998535,-0.0063512590713799,0.5006219744682312,0.2182719111442566,-0.0057373964227736,0.537021815776825,0.20450127124786377,-0.02129964530467987,0.5593878030776978,0.22762203216552734,-0.03349940851330757,0.47929203510284424,0.32768386602401733,0.028245242312550545,0.5070668458938599,0.25841575860977173,0.03094826266169548,0.5372641682624817,0.2398349642753601,0.010361524298787117,0.5590944290161133,0.24559259414672852,-0.006403539329767227,0.48836058378219604,0.36011290550231934,0.055902622640132904,0.5147667527198792,0.32369840145111084,0.05626952275633812,0.5340743064880371,0.3160443603992462,0.043180912733078,0.5463277101516724,0.3237459361553192,0.03266005218029022
0.40428653359413147,0.4964068531990051,5.657699375660741e-07,0.39003658294677734,0.4775811433792114,-0.07223030179738998,0.3950403928756714,0.4491576552391052,-0.11267818510532379,0.4282226860523224,0.445210337638855,-0.14333845674991608,0.4663185179233551,0.4521949291229248,-0.1708097606897354,0.4408271610736847,0.3094305992126465,-0.0669584721326828,0.4701416492462158,0.24176530539989471,-0.09984049201011658,0.5035739541053772,0.2310173511505127,-0.12673641741275787,0.5304080247879028,0.24376654624938965,-0.14351822435855865,0.4689613878726959,0.31422632932662964,-0.044223468750715256,0.4950258433818817,0.24043045938014984,-0.07362256199121475,0.5219895243644714,0.2285175621509552,-0.0959801897406578,0.5414486527442932,0.23954030871391296,-0.10960943251848221,0.4911060929298401,0.3321303725242615,-0.028039081022143364,0.5144894123077393,0.2662539482116699,-0.048484887927770615,0.5367950797080994,0.24878700077533722,-0.061868198215961456,0.5575372576713562,0.24694672226905823,-0.06996411830186844,0.5072333812713623,0.35887411236763,-0.01887253113090992,0.528987467288971,0.30831974744796753,-0.03173820301890373,0.5479859113693237,0.28266647458076477,-0.04074644669890404,0.5680597424507141,0.26724010705947876,-0.04688718542456627
0.42643439769744873,0.5198695659637451,3.9367242266052926e-07,0.4052203297615051,0.49869585037231445,-0.03948872536420822,0.39679229259490967,0.4689185619354248,-0.06601325422525406,0.40525877475738525,0.4498724341392517,-0.0886528342962265,0.40669623017311096,0.428985059261322,-0.10988263040781021,0.41229066252708435,0.32891198992729187,-0.03346136584877968,0.42257440090179443,0.26042765378952026,-0.06206034496426582,0.43943944573402405,0.23232832551002502,-0.08880026638507843,0.45356884598731995,0.23371060192584991,-0.10454054921865463,0.4423764944076538,0.3309144377708435,-0.02751237340271473,0.45454978942871094,0.25816938281059265,-0.05154741182923317,0.4689559042453766,0.2313244491815567,-0.07570365816354752,0.47946086525917053,0.23448261618614197,-0.09153322875499725,0.4670354723930359,0.34760916233062744,-0.026192866265773773,0.4833259582519531,0.283180296421051,-0.04273737221956253,0.49263811111450195,0.2539188861846924,-0.05934763327240944,0.49894052743911743,0.24945545196533203,-0.07043289393186569,0.4885944128036499,0.377179890871048,-0.028718549758195877,0.503130316734314,0.3266885578632355,-0.0401204414665699,0.5112412571907043,0.29353493452072144,-0.049565982073545456,0.5187488794326782,0.2721530497074127,-0.05609149485826492
0.42534375190734863,0.51776123046875,4.051498478929716e-07,0.4060685932636261,0.490062415599823,-0.041650786995887756,0.4018755555152893,0.45204824209213257,-0.06731556355953217,0.4250167906284332,0.4278293550014496,-0.08868369460105896,0.45498126745224,0.4173063337802887,-0.1079217940568924,0.40987876057624817,0.32866427302360535,-0.0338335782289505,0.41681089997291565,0.2594412565231323,-0.06038707494735718,0.4394948184490204,0.23406369984149933,-0.08389874547719955,0.46262478828430176,0.23074650764465332,-0.09829206019639969,0.43596431612968445,0.32895174622535706,-0.025407075881958008,0.44257983565330505,0.25859442353248596,-0.049097515642642975,0.4606742262840271,0.23620735108852386,-0.06879554688930511,0.4777650237083435,0.23560453951358795,-0.08017230778932571,0.459835946559906,0.341301828622818,-0.02179873362183571,0.46829503774642944,0.27559563517570496,-0.038104232400655746,0.48152124881744385,0.24849164485931396,-0.049469515681266785,0.49546271562576294,0.23591847717761993,-0.05574633181095123,0.482194721698761,0.3640942871570587,-0.02269158512353897,0.4899149537086487,0.31144124269485474,-0.03350891172885895,0.49717897176742554,0.28083741664886475,-0.039645470678806305,0.5071260929107666,0.2570248544216156,-0.04279245436191559
0.3991420567035675,0.49175184965133667,7.400404911095393e-07,0.4147765636444092,0.45337897539138794,-0.06209823116660118,0.4530077874660492,0.41123923659324646,-0.07803881168365479,0.5061946511268616,0.3928437829017639,-0.08122564107179642,0.5475307703018188,0.3722292482852936,-0.08094879239797592,0.43821537494659424,0.3019971251487732,-0.020566008985042572,0.4632995128631592,0.23361027240753174,-0.016465920954942703,0.497839093208313,0.21726109087467194,-0.022241486236453056,0.525968074798584,0.22292055189609528,-0.026604805141687393,0.4488624036312103,0.31691262125968933,0.014509797096252441,0.4725179672241211,0.24527177214622498,0.026256337761878967,0.5043390393257141,0.2257639318704605,0.017545688897371292,0.5308976769447327,0.23360061645507812,0.008848858997225761,0.45942434668540955,0.33888494968414307,0.04378201812505722,0.48036110401153564,0.283255934715271,0.05553237348794937,0.504412829875946,0.2597445249557495,0.04256080836057663,0.5264711380004883,0.255351722240448,0.029813364148139954,0.4729445278644562,0.3675006628036499,0.06712215393781662,0.4927225410938263,0.333799809217453,0.07408805191516876,0.5081092119216919,0.32255932688713074,0.06729501485824585,0.5216110348701477,0.3215845823287964,0.06069202721118927
0.42241278290748596,0.4497959613800049,8.01923874860222e-07,0.4397689402103424,0.41024523973464966,-0.06547097861766815,0.4763520658016205,0.3659335970878601,-0.086907759308815,0.5285161733627319,0.3456217646598816,-0.09614016115665436,0.5735076665878296,0.3208669424057007,-0.10248947888612747,0.4593571126461029,0.2512228190898895,-0.02262011356651783,0.486255943775177,0.17526447772979736,-0.018389564007520676,0.521719753742218,0.1612587869167328,-0.024652818217873573,0.5471148490905762,0.1737615466117859,-0.028810087591409683,0.4664079546928406,0.2644306421279907,0.014168580062687397,0.4947185516357422,0.18387717008590698,0.025561444461345673,0.5277648568153381,0.16937799751758575,0.014301741495728493,0.5535514950752258,0.18398353457450867,0.0040475549176335335,0.47587668895721436,0.2804310619831085,0.04526388272643089,0.4990955889225006,0.21152813732624054,0.05911385640501976,0.5244327783584595,0.19231002032756805,0.04575822874903679,0.5463467836380005,0.1947835236787796,0.03249803185462952,0.48672088980674744,0.2995971739292145,0.0702173188328743,0.5058099031448364,0.24722620844841003,0.08138003200292587,0.5226826667785645,0.22840383648872375,0.07586602866649628,0.538072943687439,0.22338464856147766,0.06944975256919861
0.4794737994670868,0.43458276987075806,8.63466937062185e-07,0.5059738755226135,0.40668511390686035,-0.07519222050905228,0.5582045912742615,0.36900606751441956,-0.10122154653072357,0.6179278492927551,0.3549165725708008,-0.11269642412662506,0.6665678024291992,0.33146798610687256,-0.12090497463941574,0.5377947688102722,0.23862195014953613,-0.03784295171499252,0.572479784488678,0.1617574244737625,-0.039758503437042236,0.6148572564125061,0.14663878083229065,-0.050706397742033005,0.646102249622345,0.15656977891921997,-0.05795367807149887,0.543258547782898,0.2489926517009735,0.0031553194858133793,0.5780589580535889,0.1632593274116516,0.007028346881270409,0.6179594993591309,0.15051481127738953,-0.008690555579960346,0.6488291025161743,0.166354238986969,-0.02139497920870781,0.5524799823760986,0.26401039958000183,0.0383322536945343,0.5823951363563538,0.19122067093849182,0.04590815305709839,0.614434003829956,0.17329618334770203,0.029276924207806587,0.6412157416343689,0.17848041653633118,0.014804668724536896,0.5647302865982056,0.28471705317497253,0.06682054698467255,0.5924018621444702,0.22831231355667114,0.07425957173109055,0.6135855913162231,0.20946334302425385,0.0662207156419754,0.6319650411605835,0.20443794131278992,0.05829998850822449
0.5039754509925842,0.43759432435035706,9.331246815236227e-07,0.5329405665397644,0.39836475253105164,-0.07992434501647949,0.5868655443191528,0.35977092385292053,-0.09946511685848236,0.6516951322555542,0.3527931869029999,-0.10126587748527527,0.7008082270622253,0.3329881727695465,-0.09831815958023071,0.5655694007873535,0.2196178436279297,-0.03152650594711304,0.602955162525177,0.14042481780052185,-0.027772556990385056,0.6476651430130005,0.12813326716423035,-0.03649827092885971,0.680496335029602,0.14327369630336761,-0.04230038821697235,0.5710736513137817,0.2390347421169281,0.01562734879553318,0.6094892024993896,0.14921505749225616,0.025004740804433823,0.652824342250824,0.13538062572479248,0.008351799100637436,0.6848406791687012,0.15879413485527039,-0.005784404929727316,0.5807250738143921,0.26308581233024597,0.05611926689743996,0.6173266768455505,0.19606423377990723,0.06537958979606628,0.652509868144989,0.17941804230213165,0.04116039350628853,0.6805710792541504,0.18748649954795837,0.021017681807279587,0.5943998098373413,0.2916671335697174,0.09002179652452469,0.6259143352508545,0.25015777349472046,0.09410915523767471,0.6490898132324219,0.2390468567609787,0.07893635332584381,0.6692270636558533,0.23930826783180237,0.06617361307144165
0.43293529748916626,0.3375932574272156,4.179868255960173e-07,0.4701661467552185,0.33414530754089355,-0.03581028804183006,0.5114161968231201,0.3129170835018158,-0.05005882307887077,0.549797773361206,0.2956656813621521,-0.059250056743621826,0.5804048180580139,0.2829941511154175,-0.06624485552310944,0.49842432141304016,0.2041129767894745,-0.016439519822597504,0.5235769152641296,0.14681273698806763,-0.02694258838891983,0.544966995716095,0.12550193071365356,-0.03909321501851082,0.561945915222168,0.11983153969049454,-0.046424802392721176,0.4823357164859772,0.19179488718509674,-0.0035974481143057346,0.508044421672821,0.13265398144721985,-0.011472310870885849,0.5309217572212219,0.1109437346458435,-0.023952487856149673,0.5491109490394592,0.10690298676490784,-0.03237735107541084,0.4692456126213074,0.18715058267116547,0.005268907640129328,0.49205392599105835,0.13153743743896484,-0.00045847040018998086,0.513775110244751,0.11044801771640778,-0.008831597864627838,0.533176064491272,0.10340341925621033,-0.014120591804385185,0.45812082290649414,0.18749482929706573,0.010491578839719296,0.47804349660873413,0.1408349573612213,0.007983009330928326,0.49448835849761963,0.11861010640859604,0.005637653172016144,0.5101343393325806,0.10788314044475555,0.004388656001538038
0.35886192321777344,0.3934240937232971,8.066806458373321e-07,0.3636327385902405,0.38084495067596436,-0.07688064128160477,0.3936847746372223,0.34324511885643005,-0.10965342074632645,0.4465502202510834,0.3144166171550751,-0.1293865293264389,0.4936949610710144,0.2850779592990875,-0.14585769176483154,0.3654223084449768,0.19096946716308594,-0.04916322976350784,0.39626169204711914,0.11856762319803238,-0.06379590183496475,0.4351387023925781,0.09950590133666992,-0.0827324315905571,0.4683828353881836,0.10567965358495712,-0.09635090082883835,0.3900744915008545,0.19453029334545135,-0.016930902376770973,0.41381052136421204,0.11650712788105011,-0.030873510986566544,0.44888222217559814,0.09636303782463074,-0.0541350394487381,0.4805493950843811,0.1060066744685173,-0.07068004459142685,0.41471171379089355,0.20690323412418365,0.008946324698626995,0.4320538640022278,0.1301877498626709,-0.001048558158800006,0.46042370796203613,0.10807754844427109,-0.020328406244516373,0.4873884320259094,0.11313086748123169,-0.0340883694589138,0.43594682216644287,0.22779802978038788,0.028150038793683052,0.4509665369987488,0.16347695887088776,0.01936071552336216,0.46839869022369385,0.13809409737586975,0.007330496795475483,0.48717600107192993,0.13427096605300903,-0.00126589834690094
0.3450244665145874,0.4688286781311035,5.206120476941578e-07,0.33901530504226685,0.42996639013290405,-0.07842501997947693,0.3697100281715393,0.366415798664093,-0.104257732629776,0.4325370192527771,0.32598283886909485,-0.11584069579839706,0.47857338190078735,0.28785592317581177,-0.12168974429368973,0.3486054837703705,0.20902299880981445,-0.03946475312113762,0.3733515739440918,0.11125147342681885,-0.06090664863586426,0.41215062141418457,0.1115988940000534,-0.08607657253742218,0.4393646717071533,0.15072482824325562,-0.10124422609806061,0.3814484477043152,0.21725501120090485,-0.005594876129180193,0.40029579401016235,0.1163841187953949,-0.019978350028395653,0.4384517967700958,0.11697295308113098,-0.04805693030357361,0.46681761741638184,0.15015839040279388,-0.06743369251489639,0.4078010022640228,0.2428244799375534,0.020264653488993645,0.4288386106491089,0.1565801203250885,0.006158364936709404,0.4587920606136322,0.15119901299476624,-0.020954612642526627,0.47987449169158936,0.1715548038482666,-0.03978557512164116,0.4301397204399109,0.2839440703392029,0.03963561728596687,0.45504578948020935,0.22826102375984192,0.022202087566256523,0.47423920035362244,0.2329373061656952,0.0030066005419939756,0.485268235206604,0.25299277901649475,-0.009609195403754711
0.354069322347641,0.467923641204834,3.7750547221548914e-07,0.3470131754875183,0.4368909001350403,-0.07040244340896606,0.37144410610198975,0.3790750503540039,-0.09827885031700134,0.4258419871330261,0.3378722667694092,-0.1140434518456459,0.47162163257598877,0.295157253742218,-0.12501457333564758,0.3555649220943451,0.2254316806793213,-0.045553598552942276,0.37689390778541565,0.13133060932159424,-0.07059843838214874,0.41243425011634827,0.1307182013988495,-0.09617681801319122,0.4351116716861725,0.17180034518241882,-0.11100956052541733,0.38590165972709656,0.22787895798683167,-0.016246354207396507,0.40387797355651855,0.12823234498500824,-0.035836104303598404,0.43711021542549133,0.13734379410743713,-0.06362472474575043,0.45760151743888855,0.17807820439338684,-0.08158179372549057,0.412037193775177,0.24590784311294556,0.006680573336780071,0.42875200510025024,0.16134050488471985,-0.00791305210441351,0.4530940651893616,0.1646108329296112,-0.03106992319226265,0.4670121669769287,0.19421403110027313,-0.046821366995573044,0.43151500821113586,0.27929559350013733,0.02394804172217846,0.4515875577926636,0.21553854644298553,0.008942637592554092,0.4691551625728607,0.21811765432357788,-0.007358698174357414,0.4774843454360962,0.2401328980922699,-0.018064871430397034
0.369739294052124,0.47589388489723206,2.6926173291030864e-07,0.36989423632621765,0.4418983459472656,-0.05810287967324257,0.3998594582080841,0.3882180452346802,-0.0799681767821312,0.45117390155792236,0.36256444454193115,-0.0927337035536766,0.4861270785331726,0.3389354944229126,-0.10046625882387161,0.38752657175064087,0.2558256685733795,-0.03696915879845619,0.40443870425224304,0.1635572910308838,-0.06261639297008514,0.43543893098831177,0.16875238716602325,-0.08684682846069336,0.45309141278266907,0.2104579508304596,-0.09912499785423279,0.408621221780777,0.26286792755126953,-0.015218818560242653,0.4225335419178009,0.1687728464603424,-0.03138252720236778,0.451244980096817,0.17585569620132446,-0.053114231675863266,0.46719855070114136,0.21228545904159546,-0.0663648247718811,0.4265758693218231,0.28575968742370605,-0.00010282931179972365,0.44422054290771484,0.21440476179122925,-0.012468162924051285,0.4656333327293396,0.21705791354179382,-0.03302667289972305,0.4753917455673218,0.24096213281154633,-0.046491753309965134,0.44220447540283203,0.3224589228630066,0.009761669673025608,0.4678676724433899,0.2937731444835663,-0.00012546731159090996,0.4838697910308838,0.2974192798137665,-0.013078087940812111,0.48897412419319153,0.31559738516807556,-0.021595215424895287
0.39059510827064514,0.4869335889816284,4.00860045601803e-07,0.3940114974975586,0.4622475504875183,-0.0672917515039444,0.42343151569366455,0.4187045693397522,-0.09063077718019485,0.4726218581199646,0.38683634996414185,-0.10128153860569,0.5129910111427307,0.35363563895225525,-0.10684385895729065,0.41049325466156006,0.2875259220600128,-0.04265840724110603,0.4295712113380432,0.20961993932724,-0.05998009443283081,0.46293190121650696,0.21549424529075623,-0.07763586193323135,0.4835866689682007,0.24689987301826477,-0.08745833486318588,0.42958417534828186,0.2919093370437622,-0.011410616338253021,0.44660356640815735,0.2078292965888977,-0.024853067472577095,0.4774482250213623,0.21527090668678284,-0.044547878205776215,0.4953749477863312,0.24918138980865479,-0.056988783180713654,0.44767192006111145,0.3082025349140167,0.013727226294577122,0.4654286503791809,0.2379208505153656,0.0016353889368474483,0.48861226439476013,0.23983150720596313,-0.018029864877462387,0.5018469095230103,0.2623152732849121,-0.03051692433655262,0.46237435936927795,0.3334214985370636,0.03353176638484001,0.4818553626537323,0.28616848587989807,0.021181005984544754,0.49852484464645386,0.28989312052726746,0.0066279517486691475,0.5073503255844116,0.3084409236907959,-0.0023897094652056694
0.38061001896858215,0.49700629711151123,3.142418165680283e-07,0.3849037289619446,0.4679107069969177,-0.05556483194231987,0.40923914313316345,0.4228619635105133,-0.07497495412826538,0.4519767165184021,0.3892989754676819,-0.08432939648628235,0.4889732003211975,0.35689595341682434,-0.08913268893957138,0.3967546224594116,0.3028426766395569,-0.029820214956998825,0.413433700799942,0.22788622975349426,-0.043339330703020096,0.44129908084869385,0.2246338129043579,-0.058628011494874954,0.4579513370990753,0.2526105046272278,-0.06730066984891891,0.41732358932495117,0.30845218896865845,-0.004801962524652481,0.4326019883155823,0.23242616653442383,-0.013461541384458542,0.45707547664642334,0.2342875599861145,-0.03102249838411808,0.4707629084587097,0.2620992660522461,-0.04351140931248665,0.43502143025398254,0.3268648087978363,0.014725817367434502,0.4505073130130768,0.26575976610183716,0.007821480743587017,0.4690408706665039,0.26042142510414124,-0.009873262606561184,0.4789045453071594,0.27577367424964905,-0.02335120551288128,0.4480062425136566,0.35593196749687195,0.029656914994120598,0.46737948060035706,0.3159942924976349,0.022847913205623627,0.4806404709815979,0.3157355785369873,0.01151946559548378,0.48643290996551514,0.32874006032943726,0.0029633084777742624
0.3818516135215759,0.5053818225860596,2.903632605466555e-07,0.38223734498023987,0.47393089532852173,-0.050265002995729446,0.4070293605327606,0.42936277389526367,-0.06442008912563324,0.44991159439086914,0.3972671329975128,-0.06862568855285645,0.4829476773738861,0.36852598190307617,-0.06851240247488022,0.39791208505630493,0.32132455706596375,-0.023740053176879883,0.41602492332458496,0.2551383674144745,-0.03490573167800903,0.4422686696052551,0.2551145851612091,-0.04894166439771652,0.4596363306045532,0.27954351902008057,-0.057130441069602966,0.4175661504268646,0.3284877836704254,-7.025904051261023e-05,0.43185973167419434,0.2605445086956024,-0.005744386930018663,0.4551430940628052,0.2602190375328064,-0.02106735296547413,0.46998247504234314,0.28299808502197266,-0.0318971648812294,0.4334774613380432,0.34714075922966003,0.01839749701321125,0.44847825169563293,0.2900313138961792,0.012725584208965302,0.46642130613327026,0.28658977150917053,-0.0030101798474788666,0.4773722290992737,0.3001273572444916,-0.014480054378509521,0.44597119092941284,0.3746059238910675,0.03264637291431427,0.4643566608428955,0.33606064319610596,0.024822484701871872,0.476806104183197,0.3358878791332245,0.013922711834311485,0.4822951555252075,0.3470798134803772,0.006587033625692129
0.37957537174224854,0.5001646280288696,3.6067038422515907e-07,0.37817156314849854,0.4708601236343384,-0.04938124865293503,0.39552849531173706,0.4256654977798462,-0.06577804684638977,0.4346671402454376,0.3931138515472412,-0.07324913144111633,0.46858668327331543,0.36876288056373596,-0.07687977701425552,0.3893710970878601,0.31742486357688904,-0.023392653092741966,0.4074207842350006,0.2518158257007599,-0.0377245657145977,0.4349725544452667,0.25050151348114014,-0.05455567315220833,0.45329615473747253,0.27501314878463745,-0.06414422392845154,0.40895602107048035,0.32532036304473877,-0.0016807221109047532,0.4242313504219055,0.2589721381664276,-0.008081196807324886,0.4474221467971802,0.2567715644836426,-0.02226121537387371,0.46320512890815735,0.2760449945926666,-0.03189545124769211,0.4249676465988159,0.34632423520088196,0.01454787515103817,0.44106951355934143,0.29455018043518066,0.009360069409012794,0.45819801092147827,0.2879699468612671,-0.003116643987596035,0.4699033796787262,0.2961021661758423,-0.012371963821351528,0.436939001083374,0.37745410203933716,0.026219680905342102,0.45454737544059753,0.34630805253982544,0.019671989604830742,0.4639299511909485,0.3477892279624939,0.012609206140041351,0.4681193232536316,0.3572244942188263,0.008290112018585205
0.37779176235198975,0.4996437430381775,5.040926680521807e-07,0.3716304898262024,0.4764605164527893,-0.05807116627693176,0.3795541226863861,0.43084341287612915,-0.08269648998975754,0.39802679419517517,0.3867996335029602,-0.09790551662445068,0.4102564752101898,0.34958428144454956,-0.10992326587438583,0.3711579740047455,0.31459471583366394,-0.036218274384737015,0.38554736971855164,0.24668079614639282,-0.050835881382226944,0.41084349155426025,0.2272956818342209,-0.06713727116584778,0.4322586953639984,0.23156896233558655,-0.07784932851791382,0.39065003395080566,0.3197069764137268,-0.012973393313586712,0.4066261649131775,0.253842294216156,-0.02385779470205307,0.4295080900192261,0.23717637360095978,-0.041264474391937256,0.44844141602516174,0.24036142230033875,-0.05398333817720413,0.4080491364002228,0.33188655972480774,0.004758560564368963,0.42259275913238525,0.2744560241699219,-0.0022002803161740303,0.441199392080307,0.2545749545097351,-0.015982327982783318,0.4582766592502594,0.25284573435783386,-0.026786310598254204,0.4230978190898895,0.35072535276412964,0.017038065940141678,0.4353773593902588,0.3035752773284912,0.012150440365076065,0.4478174149990082,0.28300416469573975,0.0037249804008752108,0.4606876075267792,0.27560269832611084,-0.003157547675073147
0.36835184693336487,0.5047187209129333,4.996356324227236e-07,0.3644205927848816,0.4746795892715454,-0.05491907149553299,0.38793089985847473,0.43131959438323975,-0.067835733294487,0.43469762802124023,0.4071239233016968,-0.06980790197849274,0.4702562987804413,0.3905136287212372,-0.06807247549295425,0.3863281011581421,0.32480889558792114,-0.026527533307671547,0.40090039372444153,0.2520925998687744,-0.035945162177085876,0.4277361035346985,0.22918084263801575,-0.04646755009889603,0.45033198595046997,0.2305414080619812,-0.05116340517997742,0.40548932552337646,0.3339904844760895,-0.0006136369775049388,0.42322927713394165,0.2668142020702362,-0.002707775915041566,0.44696155190467834,0.24231761693954468,-0.013278847560286522,0.4650910496711731,0.24350343644618988,-0.01994098536670208,0.4206327199935913,0.3561790883541107,0.01906748302280903,0.4408642053604126,0.3157433271408081,0.012748186476528645,0.4589306712150574,0.30365297198295593,-0.006228245794773102,0.47229698300361633,0.3038322925567627,-0.017865153029561043,0.43178436160087585,0.3851417303085327,0.03427847847342491,0.4518834948539734,0.36807382106781006,0.024489805102348328,0.46083536744117737,0.3719235956668854,0.011942042969167233,0.46419793367385864,0.38439568877220154,0.005278441589325666
0.36567360162734985,0.5014182329177856,6.20707055531966e-07,0.3845476806163788,0.4708797335624695,-0.058042578399181366,0.42353540658950806,0.4443233907222748,-0.0715685710310936,0.4738664925098419,0.44123589992523193,-0.07233840227127075,0.5086216330528259,0.43136951327323914,-0.0688280463218689,0.4161418378353119,0.33255264163017273,-0.024094562977552414,0.43499577045440674,0.2579982876777649,-0.024718821048736572,0.4675140976905823,0.24661844968795776,-0.031927693635225296,0.49286162853240967,0.25816941261291504,-0.03552746772766113,0.42125368118286133,0.34136542677879333,0.009586533531546593,0.4426916837692261,0.26476290822029114,0.015858037397265434,0.4743724465370178,0.25179797410964966,0.005753529258072376,0.49755072593688965,0.26796019077301025,-0.002153686247766018,0.4273465871810913,0.35797014832496643,0.03754233941435814,0.4510382115840912,0.3047887682914734,0.04240584000945091,0.4765734076499939,0.2920833230018616,0.021565984934568405,0.49737709760665894,0.2981911897659302,0.005787570960819721,0.43592146039009094,0.37964126467704773,0.06064463034272194,0.45663610100746155,0.3582783341407776,0.06028800085186958,0.4737972915172577,0.35805779695510864,0.045470479875802994,0.487117737531662,0.36843329668045044,0.03483850508928299
0.36964505910873413,0.5007191896438599,5.999944505674648e-07,0.4021639823913574,0.4825553894042969,-0.042751494795084,0.4464641213417053,0.46622729301452637,-0.06134168803691864,0.49496379494667053,0.4720522165298462,-0.0719834491610527,0.5292416214942932,0.4671967029571533,-0.07945843040943146,0.43691739439964294,0.3455294966697693,-0.027612056583166122,0.4634518325328827,0.2724936604499817,-0.03486364707350731,0.49862197041511536,0.2677723169326782,-0.044440578669309616,0.5228003859519958,0.28599005937576294,-0.04880697280168533,0.4357563555240631,0.3488715887069702,-0.005453248042613268,0.46630358695983887,0.2723439335823059,-0.005384749732911587,0.5001025795936584,0.26857560873031616,-0.015150061808526516,0.5213482975959778,0.291757732629776,-0.02215912565588951,0.43643999099731445,0.36106494069099426,0.013440165668725967,0.4656003415584564,0.3025464415550232,0.016916267573833466,0.4953851103782654,0.2959718108177185,0.0049098399467766285,0.5144411325454712,0.3117315173149109,-0.004788804799318314,0.4384826719760895,0.3821789026260376,0.028532149270176888,0.4658251702785492,0.352944016456604,0.030921485275030136,0.4879966676235199,0.35048675537109375,0.024451470002532005,0.5012325644493103,0.36208459734916687,0.019929463043808937
0.38726308941841125,0.5029624104499817,6.301061148406006e-07,0.4377131462097168,0.4781959056854248,-0.010200735181570053,0.4884616434574127,0.4662267863750458,-0.024189220741391182,0.5334165096282959,0.48386815190315247,-0.03803516551852226,0.5633280873298645,0.48054733872413635,-0.050108954310417175,0.47125548124313354,0.3475929796695709,-0.025279097259044647,0.505037784576416,0.2790759205818176,-0.04330187663435936,0.5446012020111084,0.28710272908210754,-0.05573813617229462,0.570306658744812,0.3122361898422241,-0.06221969425678253,0.4603320360183716,0.3602958023548126,-0.030490314587950706,0.4951840043067932,0.2778238356113434,-0.04236290603876114,0.5346704721450806,0.28037768602371216,-0.05006922036409378,0.5571244955062866,0.30966368317604065,-0.05501601845026016,0.45124247670173645,0.39185601472854614,-0.036623355001211166,0.4920620322227478,0.333889365196228,-0.04715567082166672,0.5299354195594788,0.3266400396823883,-0.056144990026950836,0.5511065721511841,0.3378199338912964,-0.06321082264184952,0.4452679753303528,0.4381197392940521,-0.04361479729413986,0.4915362000465393,0.4419404864311218,-0.0574636347591877,0.5291960835456848,0.44940680265426636,-0.06670176982879639,0.553109884262085,0.460222452878952,-0.07204226404428482
0.3975326418876648,0.5022078156471252,6.743326252944826e-07,0.44369935989379883,0.4960271418094635,-0.049335818737745285,0.492526113986969,0.48336344957351685,-0.07074177265167236,0.5397028923034668,0.49279195070266724,-0.08237659186124802,0.5748042464256287,0.4848598837852478,-0.08982431143522263,0.4856840670108795,0.35530444979667664,-0.03898162022233009,0.5203664898872375,0.2846089005470276,-0.0474223829805851,0.559928297996521,0.2929169535636902,-0.05544682592153549,0.5836206674575806,0.3213798701763153,-0.057456862181425095,0.47389233112335205,0.3543785512447357,-0.012374122627079487,0.5121724009513855,0.27353161573410034,-0.014525320380926132,0.5534191727638245,0.2860042154788971,-0.02209409698843956,0.5739210247993469,0.3225533366203308,-0.025703269988298416,0.46744072437286377,0.3656895160675049,0.011300908401608467,0.5044135451316833,0.30522140860557556,0.013123265467584133,0.5415188670158386,0.3119480609893799,0.0034471871331334114,0.5595691204071045,0.3345746099948883,-0.0029933496844023466,0.4638945758342743,0.3855215609073639,0.03103524260222912,0.4962550401687622,0.3531923294067383,0.03333611041307449,0.5228071808815002,0.3591553866863251,0.029160084202885628,0.5341651439666748,0.3754298686981201,0.027181537821888924
0.4167989194393158,0.5105971693992615,6.161677106319985e-07,0.4604126214981079,0.5112385153770447,-0.05123680457472801,0.5104100704193115,0.5026069283485413,-0.07214274257421494,0.5585716962814331,0.5159481763839722,-0.08196019381284714,0.5956946611404419,0.5128641128540039,-0.08695177733898163,0.5138030648231506,0.3706146776676178,-0.04350011423230171,0.5554990768432617,0.30154213309288025,-0.05161100998520851,0.5913649201393127,0.32064253091812134,-0.05776287987828255,0.6095343828201294,0.35477811098098755,-0.05806588754057884,0.501800537109375,0.3632078766822815,-0.014473735354840755,0.5488682985305786,0.28904908895492554,-0.016422225162386894,0.5864582061767578,0.31111910939216614,-0.022863930091261864,0.6016478538513184,0.35117530822753906,-0.025873158127069473,0.4940718114376068,0.36838507652282715,0.011881036683917046,0.5357711315155029,0.30974429845809937,0.01407615840435028,0.5697689652442932,0.32316553592681885,0.005594292189925909,0.5857598185539246,0.35117602348327637,4.884473673882894e-05,0.4902641773223877,0.38165587186813354,0.03427402675151825,0.5251652598381042,0.3423137068748474,0.03664763644337654,0.552256166934967,0.35021311044692993,0.03282413259148598,0.5658277869224548,0.3691228926181793,0.03116484172642231
0.43665215373039246,0.4938678741455078,6.219025294740277e-07,0.484800785779953,0.49239581823349,-0.0405726321041584,0.5370010733604431,0.47737473249435425,-0.0601256787776947,0.5857409834861755,0.4813580811023712,-0.0710386410355568,0.6224850416183472,0.47340214252471924,-0.0778132751584053,0.5210580825805664,0.3523768484592438,-0.04562800005078316,0.5647814869880676,0.2758494019508362,-0.05685107037425041,0.6042828559875488,0.28506630659103394,-0.06256181001663208,0.6248218417167664,0.31469306349754333,-0.061716243624687195,0.5096482038497925,0.3437359929084778,-0.024131888523697853,0.5574819445610046,0.26183217763900757,-0.029784053564071655,0.5979606509208679,0.27516791224479675,-0.034082941710948944,0.6153736114501953,0.3112213611602783,-0.034546997398138046,0.5046682953834534,0.34912216663360596,-0.004105566535145044,0.5477794408798218,0.282929003238678,-0.004727458581328392,0.5846360325813293,0.2903648316860199,-0.00976837333291769,0.6018838286399841,0.3163785934448242,-0.012139063328504562,0.504030704498291,0.36328616738319397,0.012960903346538544,0.5411167144775391,0.32149919867515564,0.013618621975183487,0.570986807346344,0.32208767533302307,0.01171167939901352,0.5860944390296936,0.3361050486564636,0.0121815986931324
0.48116105794906616,0.4923461079597473,7.776457096042577e-07,0.5350645184516907,0.49010932445526123,-0.06309234350919724,0.5880745649337769,0.47472459077835083,-0.08878893405199051,0.636692464351654,0.47413232922554016,-0.10103395581245422,0.6784275770187378,0.45697128772735596,-0.10851959884166718,0.5722664594650269,0.3331287205219269,-0.045467253774404526,0.6094444394111633,0.26024943590164185,-0.04644685238599777,0.6500715613365173,0.2683364450931549,-0.04990654066205025,0.6713707447052002,0.2950083613395691,-0.049418747425079346,0.5585203766822815,0.3287779986858368,-0.008362512104213238,0.5997867584228516,0.24509739875793457,-0.004473400302231312,0.6409250497817993,0.2592848837375641,-0.011846601963043213,0.6598822474479675,0.2973927855491638,-0.016202813014388084,0.5490752458572388,0.3319613039493561,0.025803137570619583,0.5837936997413635,0.2665863633155823,0.03319836035370827,0.6193206906318665,0.27133628726005554,0.024396996945142746,0.6369466185569763,0.29711297154426575,0.017942490056157112,0.5462325811386108,0.34221965074539185,0.05515001341700554,0.574882447719574,0.29169610142707825,0.062985360622406,0.6019894480705261,0.2866929769515991,0.060484521090984344,0.6179955005645752,0.2957333028316498,0.05866507813334465
0.5089831352233887,0.4900837540626526,8.607407266936207e-07,0.5701020956039429,0.49089860916137695,-0.0682486817240715,0.6248934864997864,0.4789924919605255,-0.09491181373596191,0.6759482026100159,0.4859634041786194,-0.10510341823101044,0.7217978835105896,0.46745580434799194,-0.10903270542621613,0.6131352186203003,0.33464837074279785,-0.054998088628053665,0.6498417854309082,0.26442164182662964,-0.04774094000458717,0.6935946345329285,0.2763509750366211,-0.03866288810968399,0.7158443927764893,0.3100680708885193,-0.028092708438634872,0.5980684757232666,0.33235448598861694,-0.007128406781703234,0.6427292823791504,0.2500970959663391,0.006155536975711584,0.6827123761177063,0.2681169807910919,0.011752360500395298,0.7053996324539185,0.3038320243358612,0.017129436135292053,0.5890945792198181,0.33518943190574646,0.03896632418036461,0.6254245042800903,0.2727237939834595,0.05437290295958519,0.6636462211608887,0.2786999046802521,0.054605089128017426,0.6828492283821106,0.30539149045944214,0.05469238758087158,0.5866466760635376,0.3456263542175293,0.0802977904677391,0.6175764799118042,0.29994770884513855,0.09548360109329224,0.6451305150985718,0.29891493916511536,0.09883145242929459,0.6603732109069824,0.31037622690200806,0.1016463190317154
0.511686384677887,0.4752488136291504,9.242315854862682e-07,0.5688353180885315,0.4826463758945465,-0.0767274796962738,0.624411404132843,0.46608585119247437,-0.11006753891706467,0.6787310242652893,0.4685298800468445,-0.1257830560207367,0.7255972623825073,0.4486105740070343,-0.1354893445968628,0.6126986145973206,0.31338009238243103,-0.07581712305545807,0.6525490880012512,0.23226261138916016,-0.07858231663703918,0.6979962587356567,0.24322772026062012,-0.07638753205537796,0.7195686101913452,0.27862975001335144,-0.06962862610816956,0.5992339253425598,0.3067290186882019,-0.028240717947483063,0.6459123492240906,0.21829591691493988,-0.025209687650203705,0.6926904320716858,0.23361068964004517,-0.026185492053627968,0.7149984836578369,0.2762705087661743,-0.02474069595336914,0.5920394062995911,0.3103385269641876,0.017453035339713097,0.6329522132873535,0.24427476525306702,0.023799113929271698,0.6758361458778381,0.2519710659980774,0.017459359019994736,0.695055365562439,0.283698171377182,0.013776848092675209,0.5906865000724792,0.32102227210998535,0.05810336768627167,0.627135694026947,0.27217191457748413,0.06467858701944351,0.6590242385864258,0.27418288588523865,0.06270337104797363,0.6754604578018188,0.29340100288391113,0.06264501810073853
0.5307973623275757,0.4958098828792572,9.248971082342905e-07,0.5933588147163391,0.48390406370162964,-0.06304334849119186,0.653081476688385,0.46811938285827637,-0.09293510019779205,0.7101801037788391,0.47330528497695923,-0.11067496240139008,0.756061315536499,0.4526381194591522,-0.12376810610294342,0.6371878385543823,0.301591157913208,-0.04966360703110695,0.6826228499412537,0.2243512123823166,-0.06107126548886299,0.7313548922538757,0.23458726704120636,-0.07406162470579147,0.7612823247909546,0.2693127393722534,-0.08039647340774536,0.6249796748161316,0.3089769184589386,-0.01883862540125847,0.6742061972618103,0.22240754961967468,-0.02426139824092388,0.7222508192062378,0.23084823787212372,-0.03823603689670563,0.7495228052139282,0.26973509788513184,-0.047884419560432434,0.6149428486824036,0.33016741275787354,0.008064765483140945,0.6613602638244629,0.2654101848602295,0.006071871146559715,0.7056463360786438,0.2629581391811371,-0.006567825097590685,0.731436550617218,0.28927236795425415,-0.016200577840209007,0.6108266115188599,0.36783990263938904,0.029948640614748,0.6528895497322083,0.3362411856651306,0.030181098729372025,0.6848742365837097,0.33341455459594727,0.025471974164247513,0.7029445767402649,0.34438619017601013,0.022102758288383484
0.5843520760536194,0.5029910802841187,9.4668610017834e-07,0.6552515625953674,0.5126863121986389,-0.07270406931638718,0.7218533754348755,0.49186477065086365,-0.10295653343200684,0.7822264432907104,0.49043509364128113,-0.1158260852098465,0.8319393396377563,0.4641469717025757,-0.12329382449388504,0.7038833498954773,0.32285597920417786,-0.07502902299165726,0.7514596581459045,0.2305421680212021,-0.07773524522781372,0.8026271462440491,0.24460621178150177,-0.07638169080018997,0.8279695510864258,0.2798774838447571,-0.07042183727025986,0.685549259185791,0.31468528509140015,-0.03008059598505497,0.7388586401939392,0.21254459023475647,-0.025638006627559662,0.7906793355941772,0.22825612127780914,-0.026952361688017845,0.8135136961936951,0.2764686644077301,-0.026655806228518486,0.6712038516998291,0.31901103258132935,0.013181501068174839,0.7184166312217712,0.23999382555484772,0.019590523093938828,0.7646692395210266,0.24693386256694794,0.011489921249449253,0.7854942083358765,0.28162679076194763,0.006122997030615807,0.664842963218689,0.332131564617157,0.052011966705322266,0.7070125937461853,0.2768873870372772,0.05771767720580101,0.7424082159996033,0.2765534520149231,0.05503502115607262,0.7620431780815125,0.2961999773979187,0.053939394652843475
0.6192852854728699,0.47293388843536377,1.030354837894265e-06,0.6922942399978638,0.4803793430328369,-0.09284966439008713,0.7592563033103943,0.4530511498451233,-0.1297815889120102,0.8263067603111267,0.4428756535053253,-0.1446417272090912,0.8829314112663269,0.41299521923065186,-0.1511635184288025,0.7249211668968201,0.2713943123817444,-0.08855785429477692,0.767482340335846,0.16658873856067657,-0.0859389379620552,0.8240196108818054,0.17564117908477783,-0.07400500774383545,0.8504950404167175,0.21775060892105103,-0.05940995737910271,0.708907961845398,0.2620108723640442,-0.02944279834628105,0.762664258480072,0.15319782495498657,-0.02261313982307911,0.8179061412811279,0.17242531478405,-0.017910346388816833,0.8444764018058777,0.22015050053596497,-0.011516382917761803,0.7020425200462341,0.2639279365539551,0.02726694382727146,0.7483198046684265,0.17873577773571014,0.035451509058475494,0.7969072461128235,0.1879536211490631,0.03093777410686016,0.8183038234710693,0.22333353757858276,0.02945500612258911,0.7027872800827026,0.2737903892993927,0.07797536253929138,0.7438837289810181,0.20588372647762299,0.08503168821334839,0.7829135656356812,0.20902174711227417,0.08291884511709213,0.803061842918396,0.23416826128959656,0.0835416167974472
0.6280348300933838,0.4598747491836548,1.2744054629365564e-06,0.710587739944458,0.46615070104599,-0.09301494061946869,0.7813663482666016,0.4373592734336853,-0.13044607639312744,0.8537955284118652,0.43063947558403015,-0.14537592232227325,0.9177955985069275,0.3986661434173584,-0.15241624414920807,0.7404203414916992,0.23716190457344055,-0.08036845922470093,0.782251238822937,0.14431940019130707,-0.06866420060396194,0.8422483205795288,0.1412942260503769,-0.05321495980024338,0.8750102519989014,0.17482194304466248,-0.03714466840028763,0.717965841293335,0.23432156443595886,-0.01677907444536686,0.7731180191040039,0.12580761313438416,-0.002801056718453765,0.830575704574585,0.13451220095157623,0.00616729399189353,0.8662706017494202,0.17910228669643402,0.016000954434275627,0.70852130651474,0.24036605656147003,0.04490473121404648,0.7566757202148438,0.15223798155784607,0.06106862425804138,0.8093840479850769,0.1549534797668457,0.06219230592250824,0.8382984399795532,0.18742704391479492,0.06429892778396606,0.7082225680351257,0.2511417865753174,0.10044710338115692,0.7515742778778076,0.18553070724010468,0.11584001034498215,0.790113627910614,0.18182598054409027,0.11947935074567795,0.8152908682823181,0.1990080177783966,0.12415725737810135
0.639413595199585,0.4795779287815094,1.276793454962899e-06,0.7236922979354858,0.48235201835632324,-0.10343895107507706,0.8004121780395508,0.45335668325424194,-0.14116844534873962,0.8779380321502686,0.447299063205719,-0.15411695837974548,0.9441229701042175,0.4145779013633728,-0.15843968093395233,0.7630277276039124,0.23582753539085388,-0.07583951950073242,0.8104273080825806,0.13745427131652832,-0.06735540926456451,0.8763054013252258,0.1430233120918274,-0.0612095445394516,0.9141414761543274,0.18836602568626404,-0.05260877683758736,0.7436245679855347,0.24402497708797455,-0.006795531138777733,0.8037070631980896,0.13223978877067566,0.010053498670458794,0.8644590973854065,0.14626018702983856,0.010939279571175575,0.9028701782226562,0.19136880338191986,0.011418808251619339,0.7333860993385315,0.25451603531837463,0.05833423137664795,0.7839230895042419,0.16839131712913513,0.07592419534921646,0.8371705412864685,0.16960223019123077,0.07091815769672394,0.8674944043159485,0.20464935898780823,0.06595441699028015,0.7349879741668701,0.2723534107208252,0.11591831594705582,0.7759395837783813,0.2085018754005432,0.13061264157295227,0.812419593334198,0.20932717621326447,0.1311160773038864,0.8347985148429871,0.22905409336090088,0.1317671686410904
0.6451215147972107,0.5025403499603271,1.2100156254746253e-06,0.7274410724639893,0.5070689916610718,-0.10684482008218765,0.8034254908561707,0.47467389702796936,-0.14751674234867096,0.8817239999771118,0.46486613154411316,-0.16324493288993835,0.9477425813674927,0.43502575159072876,-0.16995330154895782,0.7588649988174438,0.2610384225845337,-0.0891517847776413,0.8074830174446106,0.1468731015920639,-0.08455052971839905,0.8740136027336121,0.15413206815719604,-0.07644002139568329,0.9121697545051575,0.19710569083690643,-0.0659080222249031,0.7412750720977783,0.2584483027458191,-0.020579010248184204,0.8017750382423401,0.1413494050502777,-0.010970552451908588,0.8669586777687073,0.15713812410831451,-0.011355860158801079,0.9041509628295898,0.20634084939956665,-0.010458958335220814,0.7339966893196106,0.2644001543521881,0.044418953359127045,0.7849195599555969,0.17356371879577637,0.05630721151828766,0.8418520092964172,0.17682267725467682,0.04627971351146698,0.8730301856994629,0.21423855423927307,0.03915930166840553,0.7372927069664001,0.2782699763774872,0.10202436149120331,0.7819427251815796,0.20844246447086334,0.11148185282945633,0.8256595730781555,0.20785468816757202,0.10567861795425415,0.8533499836921692,0.23283106088638306,0.10248502343893051
0.6313302516937256,0.596460223197937,1.0570244057817035e-06,0.7185150384902954,0.5946997404098511,-0.09090433269739151,0.7955054044723511,0.5652068257331848,-0.12227571755647659,0.8689202666282654,0.5580671429634094,-0.13150478899478912,0.9232059717178345,0.5255258083343506,-0.1311514526605606,0.7550575733184814,0.3674526810646057,-0.0721045732498169,0.7980911731719971,0.2503373622894287,-0.06746737658977509,0.8598576784133911,0.2627197206020355,-0.059421710669994354,0.8954476118087769,0.3096328377723694,-0.047712236642837524,0.7334071397781372,0.35958558320999146,-0.011186031624674797,0.7861610651016235,0.23329731822013855,-0.0018703577807173133,0.8500945568084717,0.25614821910858154,0.0005625782650895417,0.8852542042732239,0.3129570484161377,0.005746735725551844,0.723346471786499,0.36364978551864624,0.04654422402381897,0.7713397145271301,0.26891374588012695,0.05936960130929947,0.8271136283874512,0.2799118161201477,0.05393023416399956,0.8557696342468262,0.32028496265411377,0.05161129683256149,0.7251096963882446,0.37847816944122314,0.09753922373056412,0.7666938304901123,0.31075894832611084,0.10716205090284348,0.8073102831840515,0.3168991208076477,0.10412997007369995,0.8305118680000305,0.3444764018058777,0.1045653447508812
0.5679469704627991,0.6331695914268494,8.213927458200487e-07,0.6347880959510803,0.613806426525116,-0.07439637184143066,0.6970685124397278,0.5783575773239136,-0.09807634353637695,0.7586302161216736,0.562322199344635,-0.10380011796951294,0.8071184158325195,0.5282455682754517,-0.10221455246210098,0.6637077331542969,0.42062467336654663,-0.045617394149303436,0.699946403503418,0.327119380235672,-0.03710988163948059,0.749345064163208,0.3334944248199463,-0.03087250329554081,0.7783124446868896,0.36716628074645996,-0.022912003099918365,0.6487679481506348,0.42137184739112854,0.005555887706577778,0.6922820210456848,0.3157956600189209,0.0204230397939682,0.7388864755630493,0.3274148106575012,0.0221234317868948,0.7645977735519409,0.3662456274032593,0.024031832814216614,0.640630841255188,0.42908135056495667,0.0533834733068943,0.6763816475868225,0.3495013117790222,0.07091629505157471,0.7159988284111023,0.34949785470962524,0.06805132329463959,0.7390366196632385,0.3762522339820862,0.06503567099571228,0.6419594883918762,0.4464835822582245,0.0952904149889946,0.6724129915237427,0.3862030506134033,0.1106276661157608,0.7026535272598267,0.3817623257637024,0.11156061291694641,0.722115695476532,0.39407896995544434,0.11253716796636581
0.5761991143226624,0.6396623849868774,6.561180043718196e-07,0.6394553780555725,0.6189359426498413,-0.057282861322164536,0.698714017868042,0.5930154919624329,-0.07532024383544922,0.7538623809814453,0.5814370512962341,-0.08036432415246964,0.7930769324302673,0.5541718006134033,-0.07891276478767395,0.6638309359550476,0.4513415992259979,-0.023768985643982887,0.6917716264724731,0.3636894226074219,-0.018959635868668556,0.7366626262664795,0.3689388036727905,-0.019167253747582436,0.7637973427772522,0.40010377764701843,-0.016569802537560463,0.6514685153961182,0.452629029750824,0.014525972306728363,0.6875888109207153,0.36145099997520447,0.02529028058052063,0.7308037281036377,0.37480494379997253,0.021621879190206528,0.7561303973197937,0.4098951518535614,0.01909203641116619,0.6434439420700073,0.4583691954612732,0.049144357442855835,0.677067756652832,0.39002278447151184,0.06208576261997223,0.713087260723114,0.39127206802368164,0.05585840344429016,0.7345948219299316,0.4164254665374756,0.05027848482131958,0.6441852450370789,0.47423404455184937,0.07878758758306503,0.6722078919410706,0.4226929843425751,0.08954139798879623,0.6989830732345581,0.4213283658027649,0.088345006108284,0.7150582671165466,0.43507617712020874,0.08760830014944077
0.5851191878318787,0.6837415099143982,6.627752213717031e-07,0.646572470664978,0.6917498111724854,-0.06580114364624023,0.7071399092674255,0.6719893217086792,-0.09453356266021729,0.7623738050460815,0.6638026237487793,-0.1074812039732933,0.8086861371994019,0.6446436643600464,-0.11409826576709747,0.6794760227203369,0.5300637483596802,-0.06889859586954117,0.7189844250679016,0.43901222944259644,-0.07627569139003754,0.7650246024131775,0.4518287181854248,-0.0757695734500885,0.7901638746261597,0.48530837893486023,-0.07025552541017532,0.664879560470581,0.5199993252754211,-0.02799074351787567,0.7077497243881226,0.4214093089103699,-0.03178567811846733,0.755544126033783,0.44034045934677124,-0.032419297844171524,0.7803800106048584,0.47944375872612,-0.02968856878578663,0.65431147813797,0.5187070369720459,0.011507975868880749,0.6932997703552246,0.446615606546402,0.012006345205008984,0.7356452345848083,0.45368510484695435,0.009633845649659634,0.7569451928138733,0.48330220580101013,0.010338149033486843,0.6518768668174744,0.5280349254608154,0.04670282080769539,0.6844164133071899,0.4726734161376953,0.050303611904382706,0.7169511914253235,0.47320660948753357,0.051105253398418427,0.7345544099807739,0.4905862808227539,0.05381407216191292
0.5422073006629944,0.7152308821678162,8.379588507523295e-07,0.6032884120941162,0.7013664245605469,-0.06287302821874619,0.6554373502731323,0.6829593181610107,-0.08323555439710617,0.7079212069511414,0.6748204231262207,-0.09024801105260849,0.7494444847106934,0.6480271220207214,-0.09085171669721603,0.6350441575050354,0.5406933426856995,-0.018302880227565765,0.6624671220779419,0.466896116733551,-0.007841147482395172,0.7062653303146362,0.47352564334869385,-0.0020531576592475176,0.7298867702484131,0.5074356198310852,0.005675575230270624,0.6252079606056213,0.5475728511810303,0.02617231011390686,0.6613864302635193,0.4620915651321411,0.042216863483190536,0.6997604370117188,0.4760456383228302,0.04580904170870781,0.7220534682273865,0.5083905458450317,0.0508602149784565,0.6180711388587952,0.5554309487342834,0.0663878470659256,0.6464022397994995,0.4968872368335724,0.08424984663724899,0.6788315176963806,0.4942559003829956,0.08946574479341507,0.6960153579711914,0.5187612175941467,0.09453538805246353,0.6176890134811401,0.5746024250984192,0.1007227748632431,0.6420458555221558,0.5283815264701843,0.11827830970287323,0.6651133894920349,0.5207114219665527,0.1255059540271759,0.6803904175758362,0.5273087024688721,0.1327073574066162
0.4879873991012573,0.7166288495063782,7.590845143568004e-07,0.5290951132774353,0.6953790187835693,-0.06361411511898041,0.5772391557693481,0.6728501319885254,-0.08645818382501602,0.6308622360229492,0.6638414859771729,-0.09655097872018814,0.6729776263237,0.6374914050102234,-0.1015910878777504,0.5584365725517273,0.5397132635116577,-0.025378063321113586,0.5860824584960938,0.46682947874069214,-0.022318841889500618,0.6280258893966675,0.46763160824775696,-0.02540017105638981,0.6522085070610046,0.49611198902130127,-0.025642171502113342,0.5606480240821838,0.5489891767501831,0.012758750468492508,0.5975254774093628,0.47038453817367554,0.0216860082000494,0.6343501806259155,0.47870293259620667,0.014386672526597977,0.6555207371711731,0.5053606033325195,0.008861160837113857,0.5632914900779724,0.5581488609313965,0.046162474900484085,0.5935487747192383,0.5000267028808594,0.05811353027820587,0.623642086982727,0.4953680634498596,0.05261052027344704,0.6408678889274597,0.5145260691642761,0.047028061002492905,0.5696000456809998,0.578845202922821,0.0736432746052742,0.595160722732544,0.5320179462432861,0.08502189069986343,0.6167752742767334,0.5233317017555237,0.08490705490112305,0.6294560432434082,0.5271486043930054,0.08427364379167557
0.46841588616371155,0.7186889052391052,5.554479685088154e-07,0.5136457681655884,0.7118107676506042,-0.056399520486593246,0.5603805184364319,0.6906116008758545,-0.08103328198194504,0.6050428152084351,0.6808111071586609,-0.09344234317541122,0.6412744522094727,0.6589533686637878,-0.10076714307069778,0.5350092649459839,0.5601204037666321,-0.051979910582304,0.5613469481468201,0.48175686597824097,-0.06096874549984932,0.6006382703781128,0.48557496070861816,-0.06532678753137589,0.6226073503494263,0.5183843374252319,-0.06364782899618149,0.5283482074737549,0.5543566346168518,-0.020229240879416466,0.5614726543426514,0.47110462188720703,-0.024800587445497513,0.5995234847068787,0.48245128989219666,-0.03140028566122055,0.6178644299507141,0.5173457264900208,-0.03368674963712692,0.5260510444641113,0.5563808083534241,0.00896590668708086,0.5557156801223755,0.48995766043663025,0.007660261355340481,0.5878612995147705,0.4926186800003052,-0.0009142658091150224,0.604058563709259,0.5180102586746216,-0.0054229022935032845,0.5278077125549316,0.5678578019142151,0.03417941927909851,0.5537259578704834,0.5177558660507202,0.03418998792767525,0.5793492197990417,0.5130852460861206,0.029280103743076324,0.5942367315292358,0.5242776870727539,0.027339555323123932
0.43777570128440857,0.7394213676452637,4.673417492995213e-07,0.43763867020606995,0.7216919660568237,-0.06883658468723297,0.4620005190372467,0.6910338401794434,-0.09662650525569916,0.5104167461395264,0.6826455593109131,-0.11227346956729889,0.5551384091377258,0.6747770309448242,-0.12397806346416473,0.4804415702819824,0.5625065565109253,-0.05543223395943642,0.5058580040931702,0.48681503534317017,-0.07964667677879333,0.539621889591217,0.4912157654762268,-0.10118326544761658,0.5623249411582947,0.5184518098831177,-0.11410163342952728,0.5034688115119934,0.5693723559379578,-0.02764074318110943,0.5254778861999512,0.48631829023361206,-0.04533936083316803,0.5579149127006531,0.4880647659301758,-0.06476535648107529,0.577731728553772,0.5158589482307434,-0.0776204988360405,0.5203948616981506,0.5912907123565674,-0.006120787002146244,0.5418636202812195,0.5269314646720886,-0.021778596565127373,0.5668467283248901,0.5220698714256287,-0.04221438243985176,0.5837805271148682,0.5347282886505127,-0.05592872202396393,0.531324028968811,0.6243813633918762,0.009642517194151878,0.5517810583114624,0.5920454263687134,-0.006496819667518139,0.5662646293640137,0.5973469614982605,-0.021967655047774315,0.5749630928039551,0.6137301921844482,-0.03199738264083862
0.4477338194847107,0.6903535723686218,4.2273873646081483e-07,0.45675867795944214,0.6865156292915344,-0.0494886115193367,0.4846901595592499,0.6748248934745789,-0.07489770650863647,0.5206770300865173,0.6836981773376465,-0.09339625388383865,0.5560200214385986,0.6901978850364685,-0.10949251055717468,0.5045068860054016,0.5468118190765381,-0.0436905138194561,0.5336026549339294,0.488538533449173,-0.06436587870121002,0.5638082027435303,0.4948393404483795,-0.0829581469297409,0.5831763744354248,0.5183486342430115,-0.09464039653539658,0.5170145034790039,0.5427655577659607,-0.02747141756117344,0.5457791686058044,0.46909868717193604,-0.0493042916059494,0.5771024227142334,0.4786953032016754,-0.07059282064437866,0.5925592184066772,0.511218786239624,-0.08363775163888931,0.5271959900856018,0.5511419773101807,-0.015109620057046413,0.5539570450782776,0.48466023802757263,-0.03289021924138069,0.5803924202919006,0.49207085371017456,-0.05185595154762268,0.5944541096687317,0.5168575048446655,-0.0628744587302208,0.5332772135734558,0.5699737668037415,-0.00663649570196867,0.5586022138595581,0.52447110414505,-0.019558383151888847,0.5781712532043457,0.5199030637741089,-0.031998615711927414,0.5916715860366821,0.5307626724243164,-0.04000313952565193
0.43109217286109924,0.6167476177215576,5.777596925327089e-07,0.44856545329093933,0.6353491544723511,-0.05687972530722618,0.4905731678009033,0.6521944999694824,-0.08483003824949265,0.5332199931144714,0.6866854429244995,-0.10219716280698776,0.5706182718276978,0.7042420506477356,-0.11507811397314072,0.5237518548965454,0.521773099899292,-0.056122008711099625,0.569544792175293,0.47116759419441223,-0.07306908816099167,0.6033610105514526,0.5028831362724304,-0.08317477256059647,0.6140617728233337,0.5439521074295044,-0.08650574088096619,0.5297619104385376,0.5145666599273682,-0.031253766268491745,0.5801437497138977,0.45429864525794983,-0.04826675355434418,0.614229142665863,0.4945046305656433,-0.06152559071779251,0.6187333464622498,0.5426832437515259,-0.06687314063310623,0.5334904193878174,0.5176076292991638,-0.009473331272602081,0.5777013301849365,0.4758811295032501,-0.021302230656147003,0.6065065264701843,0.5068515539169312,-0.032144755125045776,0.6115689277648926,0.5426365733146667,-0.036411385983228683,0.5336640477180481,0.5322257280349731,0.007972342893481255,0.5705463886260986,0.5123597383499146,-0.0002748914121184498,0.5929248332977295,0.531383216381073,-0.00817117840051651,0.598578691482544,0.5542123317718506,-0.011190208606421947
0.43149226903915405,0.5973223447799683,6.219087254066835e-07,0.44580134749412537,0.6206268072128296,-0.06413374841213226,0.4870142936706543,0.6429993510246277,-0.09314970672130585,0.5291051864624023,0.684749186038971,-0.10896318405866623,0.5655010342597961,0.7029185891151428,-0.11977784335613251,0.5246094465255737,0.5154900550842285,-0.06534197181463242,0.5763229131698608,0.4753630459308624,-0.08110316097736359,0.6080994009971619,0.510508120059967,-0.08923731744289398,0.6155091524124146,0.5512990355491638,-0.09068702161312103,0.5311129689216614,0.50399249792099,-0.03407976031303406,0.5894566178321838,0.45893624424934387,-0.049482353031635284,0.6208581328392029,0.5045446157455444,-0.06089082360267639,0.6212042570114136,0.553843080997467,-0.06498676538467407,0.5361186861991882,0.503994882106781,-0.005849617067724466,0.5850111842155457,0.47166314721107483,-0.015832222998142242,0.610812246799469,0.5079296827316284,-0.026790723204612732,0.613075315952301,0.5439091920852661,-0.03160543367266655,0.5376735925674438,0.511893630027771,0.017775312066078186,0.5763731002807617,0.4935789704322815,0.010407975874841213,0.5963031053543091,0.5173153877258301,0.0024037580005824566,0.5993761420249939,0.5429134964942932,-0.0008020582026802003
0.42569249868392944,0.609056830406189,7.41530811865232e-07,0.46562230587005615,0.5970869064331055,-0.06459806859493256,0.5115372538566589,0.5776020288467407,-0.08701033145189285,0.5604087114334106,0.576463520526886,-0.09425138682126999,0.5977458953857422,0.5541188716888428,-0.09538840502500534,0.495428204536438,0.4464976489543915,-0.0422685444355011,0.5254233479499817,0.37252622842788696,-0.04053711146116257,0.5653784275054932,0.37829214334487915,-0.04061378911137581,0.5855762362480164,0.40828704833984375,-0.03702752664685249,0.49267011880874634,0.4498032033443451,-0.0005508881295099854,0.5298417210578918,0.37095052003860474,0.008445339277386665,0.5667436718940735,0.38152435421943665,0.005595384631305933,0.5844441652297974,0.4124675393104553,0.003954992163926363,0.49127426743507385,0.45313188433647156,0.037733059376478195,0.5208063125610352,0.39405113458633423,0.048189327120780945,0.5509865880012512,0.39578962326049805,0.043827854096889496,0.5661650896072388,0.41995149850845337,0.04038581624627113,0.49483591318130493,0.46504756808280945,0.07091518491506577,0.5193725824356079,0.4185459613800049,0.08060452342033386,0.5417792201042175,0.4149658977985382,0.08022642880678177,0.5542163848876953,0.42415377497673035,0.0803915485739708
0.43161505460739136,0.6113865375518799,6.644610834882769e-07,0.4677942395210266,0.5917455554008484,-0.06200059875845909,0.5096771717071533,0.5628395080566406,-0.08664803951978683,0.5575639605522156,0.547785758972168,-0.09796062111854553,0.594882607460022,0.523688793182373,-0.10385799407958984,0.48004740476608276,0.43445226550102234,-0.04684704914689064,0.4992718994617462,0.35024839639663696,-0.05192756652832031,0.5378379821777344,0.34630340337753296,-0.05609884858131409,0.562923789024353,0.3721011281013489,-0.05525688827037811,0.4767812192440033,0.4350246787071228,-0.010598957538604736,0.5007392168045044,0.3451688885688782,-0.009773539379239082,0.5381988286972046,0.3458247184753418,-0.01618260145187378,0.5611233711242676,0.37237468361854553,-0.019635744392871857,0.47925877571105957,0.4406821131706238,0.02210342325270176,0.49981066584587097,0.36885762214660645,0.02551153302192688,0.5303322076797485,0.3642188608646393,0.01630125567317009,0.549504280090332,0.3829318881034851,0.009977193549275398,0.4852781891822815,0.45181238651275635,0.04999547079205513,0.5044572353363037,0.3961870074272156,0.05298050120472908,0.5269783735275269,0.3876045048236847,0.04772326722741127,0.54180908203125,0.3948892056941986,0.044872067868709564
0.44849473237991333,0.6312041282653809,7.772302978992229e-07,0.4709779620170593,0.5909871459007263,-0.06569003313779831,0.49835699796676636,0.5410920977592468,-0.08496775478124619,0.5417834520339966,0.5044623613357544,-0.09118209779262543,0.57374107837677,0.46050965785980225,-0.09280972927808762,0.4489026367664337,0.4293369948863983,-0.02543863281607628,0.43979230523109436,0.3518751859664917,-0.01959451287984848,0.46789899468421936,0.3233489394187927,-0.02108220010995865,0.4933369755744934,0.32439956068992615,-0.0209778044372797,0.4580445885658264,0.4398168623447418,0.012622415088117123,0.4530554413795471,0.3546123504638672,0.024851806461811066,0.47901928424835205,0.3275972604751587,0.02011336199939251,0.5033430457115173,0.3345664143562317,0.015941385179758072,0.46957990527153015,0.45589974522590637,0.04500732198357582,0.46794435381889343,0.38890573382377625,0.0591740757226944,0.48736754059791565,0.3594505190849304,0.05126034840941429,0.5043118000030518,0.35671573877334595,0.043212343007326126,0.4835675358772278,0.4794009029865265,0.07086651027202606,0.4904540181159973,0.43743789196014404,0.08171235024929047,0.5013981461524963,0.42202144861221313,0.07810736447572708,0.5088334679603577,0.42134496569633484,0.07465232163667679
0.46141335368156433,0.6294797658920288,6.998257049417589e-07,0.4767231345176697,0.5946522355079651,-0.06962724030017853,0.49706166982650757,0.5378572940826416,-0.09118945151567459,0.5329923629760742,0.491288959980011,-0.09871850162744522,0.5630367994308472,0.4418465495109558,-0.1016450822353363,0.4391767680644989,0.44115570187568665,-0.033576302230358124,0.4227779805660248,0.36898913979530334,-0.03547555208206177,0.4477851092815399,0.33443522453308105,-0.04511990025639534,0.4756987690925598,0.3285936713218689,-0.05159970745444298,0.451491117477417,0.44650998711586,0.0035717389546334743,0.4372599124908447,0.36989468336105347,0.007157577201724052,0.4615687429904938,0.336495041847229,-0.0075119128450751305,0.48905783891677856,0.33353251218795776,-0.019860094413161278,0.46653541922569275,0.45607227087020874,0.034882597625255585,0.455658882856369,0.3894926905632019,0.04052584245800972,0.4728095829486847,0.3556007146835327,0.023848220705986023,0.49303263425827026,0.34457480907440186,0.009262826293706894,0.48524951934814453,0.4720916748046875,0.05987626314163208,0.4863167107105255,0.42263928055763245,0.06329905241727829,0.4975854158401489,0.40448012948036194,0.05368407070636749,0.5090163350105286,0.40101996064186096,0.0450773611664772
0.46728384494781494,0.6462812423706055,6.198014830260945e-07,0.4770891070365906,0.6062662601470947,-0.06289657950401306,0.49016258120536804,0.5463778376579285,-0.08200262486934662,0.516610324382782,0.49085384607315063,-0.08881320059299469,0.5407871603965759,0.4341886043548584,-0.09125412255525589,0.44075798988342285,0.4450712203979492,-0.020224638283252716,0.43095725774765015,0.37576594948768616,-0.019423507153987885,0.4537390470504761,0.3418522775173187,-0.026399118825793266,0.47832322120666504,0.33869773149490356,-0.031539224088191986,0.45959603786468506,0.44858211278915405,0.01346480380743742,0.44880005717277527,0.37797337770462036,0.020509181544184685,0.4703699052333832,0.35077965259552,0.010289283469319344,0.4939466118812561,0.3465174436569214,0.0008858139626681805,0.47859615087509155,0.45885077118873596,0.04089468717575073,0.47036829590797424,0.39768198132514954,0.04865477606654167,0.4846842586994171,0.3691213130950928,0.03844357654452324,0.5016151666641235,0.3572233319282532,0.02777521312236786,0.4996984302997589,0.4812275767326355,0.062219467014074326,0.501815915107727,0.4292277693748474,0.06702686846256256,0.5106008648872375,0.412433922290802,0.06152486056089401,0.5193708539009094,0.4064543545246124,0.055647313594818115
0.4573673903942108,0.6525234580039978,6.17451462403551e-07,0.46721363067626953,0.6256260871887207,-0.06681190431118011,0.4979894161224365,0.5809974074363708,-0.08551031351089478,0.5483317375183105,0.5556488633155823,-0.09065662324428558,0.5922598838806152,0.5285959839820862,-0.09146253019571304,0.4882289171218872,0.4626000225543976,-0.03164074942469597,0.5034594535827637,0.38237500190734863,-0.03595859929919243,0.5339680910110474,0.36200442910194397,-0.046097368001937866,0.558760941028595,0.37113887071609497,-0.05228601023554802,0.5056807398796082,0.47449126839637756,0.002038088394328952,0.5185309052467346,0.394554078578949,0.005208512768149376,0.5473190546035767,0.3739924728870392,-0.007788433693349361,0.5705316662788391,0.3864434063434601,-0.018660981208086014,0.5201516151428223,0.4972850978374481,0.029240217059850693,0.5360901951789856,0.4395209848880768,0.03076348826289177,0.5582467317581177,0.4228006601333618,0.012123098596930504,0.5765864849090576,0.42553579807281494,-0.0030843582935631275,0.5341033935546875,0.5303500294685364,0.05068846419453621,0.5543704032897949,0.4967001974582672,0.048165809363126755,0.5681277513504028,0.49527907371520996,0.03676905483007431,0.5757972002029419,0.5056635737419128,0.027967112138867378
0.4519693851470947,0.6568964719772339,5.569292511609092e-07,0.4501934349536896,0.6289058923721313,-0.06431284546852112,0.4692443907260895,0.5814505219459534,-0.08912621438503265,0.5055812001228333,0.5447312593460083,-0.10276709496974945,0.5435711741447449,0.5183374285697937,-0.11322028934955597,0.4788385033607483,0.4557967782020569,-0.03874875605106354,0.5013226866722107,0.387883722782135,-0.051451098173856735,0.5291801691055298,0.36820757389068604,-0.06723615527153015,0.5516548752784729,0.374683141708374,-0.07813778519630432,0.5017814636230469,0.467291921377182,-0.011069567874073982,0.5239232778549194,0.40013885498046875,-0.019908707588911057,0.5500175356864929,0.3844495117664337,-0.03873392939567566,0.5719625353813171,0.39184054732322693,-0.05317147821187973,0.5196977257728577,0.4870205819606781,0.010778365656733513,0.5399026870727539,0.4270969331264496,0.0044630286283791065,0.5625430345535278,0.40891438722610474,-0.013280275277793407,0.5830298066139221,0.41047266125679016,-0.027276305481791496,0.5317080020904541,0.5145408511161804,0.02690822444856167,0.5527014136314392,0.4633108973503113,0.02085348591208458,0.5687972903251648,0.44600483775138855,0.009228082373738289,0.583228588104248,0.44223225116729736,-6.977827433729544e-05
0.4524960219860077,0.6481227278709412,5.395147582021309e-07,0.46244752407073975,0.6230887770652771,-0.06579606980085373,0.4961754083633423,0.5898402333259583,-0.08435556292533875,0.5490320920944214,0.5798570513725281,-0.08922336995601654,0.5909458994865417,0.5702023506164551,-0.08975853770971298,0.5056851506233215,0.4742082953453064,-0.03789081797003746,0.5320395827293396,0.4034665822982788,-0.04468972608447075,0.5643019676208496,0.396249920129776,-0.0549585297703743,0.5880696773529053,0.4133588373661041,-0.0607253760099411,0.5144360065460205,0.4794479012489319,-0.005201428662985563,0.5370290279388428,0.40150192379951477,-0.004148986656218767,0.567445695400238,0.39212432503700256,-0.015002936124801636,0.5890522599220276,0.4156091511249542,-0.02282894402742386,0.5231840014457703,0.4992610514163971,0.021314827725291252,0.5441782474517822,0.43808525800704956,0.020609477534890175,0.5695850849151611,0.4259052276611328,0.0009958887239918113,0.5899819731712341,0.4342306852340698,-0.013577465899288654,0.5338011980056763,0.5275618433952332,0.04220729321241379,0.5531303286552429,0.5021265745162964,0.03685980290174484,0.5692006349563599,0.5036987662315369,0.022928008809685707,0.580056369304657,0.519385576248169,0.013479083776473999
0.4439854621887207,0.6393747925758362,7.08506206592574e-07,0.4876596927642822,0.6464642286300659,-0.06057685986161232,0.5391309261322021,0.6419253349304199,-0.085239477455616,0.5892464518547058,0.6578603982925415,-0.09610887616872787,0.6300327777862549,0.6560190916061401,-0.10179087519645691,0.5432708859443665,0.5036333203315735,-0.05068722367286682,0.5912490487098694,0.43919438123703003,-0.0565243661403656,0.6303603053092957,0.4607864320278168,-0.06132403016090393,0.6479227542877197,0.496967077255249,-0.060516878962516785,0.535491943359375,0.4991104304790497,-0.01345570757985115,0.5904299020767212,0.4329530894756317,-0.013086636550724506,0.6282965540885925,0.45846307277679443,-0.0191810242831707,0.6414997577667236,0.49881860613822937,-0.02200658805668354,0.5306922197341919,0.5024377107620239,0.021152352914214134,0.5759067535400391,0.45075327157974243,0.02493075281381607,0.6103600263595581,0.4648171663284302,0.015932423993945122,0.6239839792251587,0.49489569664001465,0.010132424533367157,0.5303143858909607,0.5149706602096558,0.05151708051562309,0.5676389932632446,0.4799193739891052,0.05624024197459221,0.5936219692230225,0.4883136451244354,0.05277823656797409,0.6046851873397827,0.5067859292030334,0.05124129727482796
0.4456629157066345,0.6435220837593079,7.027277320048597e-07,0.48984986543655396,0.6487496495246887,-0.06594251096248627,0.5395357608795166,0.6428177356719971,-0.09065703302621841,0.5900348424911499,0.6543022394180298,-0.09987134486436844,0.6299868822097778,0.6456817388534546,-0.10316058993339539,0.5431904792785645,0.5023043155670166,-0.05146147683262825,0.5887738466262817,0.43735629320144653,-0.054621271789073944,0.6282727718353271,0.45864251255989075,-0.05714794993400574,0.6460156440734863,0.4955020248889923,-0.05484701693058014,0.5350339412689209,0.49918287992477417,-0.009257130324840546,0.5883259177207947,0.4312262535095215,-0.006479975301772356,0.6256574392318726,0.4575112462043762,-0.010971484705805779,0.6405144333839417,0.49720489978790283,-0.012815435416996479,0.5301922559738159,0.5018740892410278,0.029962213709950447,0.5735122561454773,0.45070576667785645,0.03599131107330322,0.6068823337554932,0.4635699987411499,0.02806265652179718,0.6209301948547363,0.4929855465888977,0.022779671475291252,0.5310333967208862,0.5141004323959351,0.06442282348871231,0.5664380788803101,0.47725361585617065,0.07072895765304565,0.5924647450447083,0.4849153459072113,0.06729594618082047,0.6046757102012634,0.5031485557556152,0.06553720682859421
0.4410232603549957,0.6354342699050903,6.609188289985468e-07,0.4819606840610504,0.6369122266769409,-0.06359095126390457,0.5303007364273071,0.6246855854988098,-0.08958124369382858,0.5803347826004028,0.6267755031585693,-0.1016937866806984,0.621073842048645,0.6131569147109985,-0.10865034908056259,0.5234766006469727,0.48462438583374023,-0.050247740000486374,0.5601633191108704,0.41278642416000366,-0.05745157599449158,0.5984370112419128,0.4237250089645386,-0.06440186500549316,0.6189937591552734,0.4546887278556824,-0.06597136706113815,0.5192707180976868,0.48288705945014954,-0.013231649063527584,0.5618743300437927,0.4079676866531372,-0.015037468634545803,0.5987619757652283,0.424770712852478,-0.023655258119106293,0.6168456673622131,0.45875221490859985,-0.028830133378505707,0.5181501507759094,0.48671460151672363,0.02042616344988346,0.5539093613624573,0.42779064178466797,0.022455161437392235,0.585254430770874,0.4340503513813019,0.013044226914644241,0.6017049551010132,0.4585365056991577,0.006588732358068228,0.5203454494476318,0.4981369972229004,0.04930692911148071,0.5504326820373535,0.4521196484565735,0.05327741801738739,0.5741401314735413,0.4504324793815613,0.049193572252988815,0.5872325897216797,0.46130406856536865,0.046611055731773376
0.43744224309921265,0.6440073847770691,6.720928240611102e-07,0.4791746437549591,0.6451972126960754,-0.06503310799598694,0.528420090675354,0.6390749216079712,-0.08975359797477722,0.58089280128479,0.6533316373825073,-0.0999513790011406,0.6232070922851562,0.6492221355438232,-0.10466673970222473,0.5350516438484192,0.4970650374889374,-0.048687051981687546,0.5828019976615906,0.4319291114807129,-0.05454922467470169,0.6207787394523621,0.4552440345287323,-0.06092685088515282,0.6376423835754395,0.4942103624343872,-0.06156178191304207,0.5274055004119873,0.4940200448036194,-0.009205368347465992,0.5815402865409851,0.42432141304016113,-0.008364414796233177,0.6174851655960083,0.45148712396621704,-0.016434310004115105,0.6306243538856506,0.4934610426425934,-0.02120089717209339,0.5230962634086609,0.4986039698123932,0.02672196365892887,0.5675737261772156,0.4453445076942444,0.03187525272369385,0.5998388528823853,0.45917895436286926,0.021174542605876923,0.6131696105003357,0.4895898401737213,0.013310231268405914,0.5232410430908203,0.5122383832931519,0.057613201439380646,0.5592487454414368,0.4764934778213501,0.06220194324851036,0.5847450494766235,0.48544469475746155,0.0564986988902092,0.5966573357582092,0.504621684551239,0.052830230444669724
0.43050193786621094,0.6366984844207764,7.175679570536886e-07,0.4592524766921997,0.6274299621582031,-0.06954901665449142,0.5027812123298645,0.613103985786438,-0.09648353606462479,0.5554628968238831,0.6184475421905518,-0.10926227271556854,0.5984789133071899,0.608923614025116,-0.11765318363904953,0.5059524774551392,0.47778192162513733,-0.04893960803747177,0.5408015251159668,0.40153244137763977,-0.05598780885338783,0.5791048407554626,0.40160560607910156,-0.06575404852628708,0.6040108799934387,0.42613351345062256,-0.07033190876245499,0.5078791975975037,0.4787466526031494,-0.010960937477648258,0.5455018281936646,0.397178590297699,-0.012445704080164433,0.58192378282547,0.40036654472351074,-0.024929970502853394,0.6041398048400879,0.428253173828125,-0.03387641906738281,0.5116572380065918,0.48697489500045776,0.02240133285522461,0.5431913733482361,0.42170602083206177,0.025338158011436462,0.5730130076408386,0.4180581569671631,0.011350927874445915,0.5927066802978516,0.4360533654689789,0.0003718896477948874,0.5166530013084412,0.5024267435073853,0.04991891235113144,0.5446034669876099,0.4549151062965393,0.053193606436252594,0.5665359497070312,0.4468896687030792,0.045221175998449326,0.5811861157417297,0.4530254304409027,0.03900787979364395
0.43254804611206055,0.6307390928268433,6.463479280682805e-07,0.4591755270957947,0.619776725769043,-0.07432897388935089,0.502741813659668,0.6070005893707275,-0.10417383909225464,0.5545816421508789,0.6109811663627625,-0.11996177583932877,0.5976583957672119,0.5911847352981567,-0.13047435879707336,0.5038838982582092,0.4685313105583191,-0.04610380902886391,0.5372374653816223,0.39990514516830444,-0.05467388033866882,0.5741111040115356,0.4190259575843811,-0.06635607033967972,0.5864269733428955,0.4626246988773346,-0.0717235878109932,0.507920503616333,0.477361798286438,-0.0061677806079387665,0.5468802452087402,0.39706751704216003,-0.010913281701505184,0.5805903077125549,0.4253499507904053,-0.028953054919838905,0.592486560344696,0.4670560359954834,-0.04131215065717697,0.5137434601783752,0.4885247051715851,0.028672005981206894,0.5486182570457458,0.4282330274581909,0.02918550744652748,0.5760152339935303,0.44117942452430725,0.012968763709068298,0.5836417078971863,0.47235429286956787,0.0005580313154496253,0.5200093984603882,0.5076818466186523,0.05734580382704735,0.5489348769187927,0.46845129132270813,0.05773022025823593,0.5694714784622192,0.47455015778541565,0.04706249386072159,0.5763262510299683,0.49112650752067566,0.038602959364652634
0.4335418939590454,0.626716673374176,5.488270176101651e-07,0.4607831537723541,0.6192647218704224,-0.07281816750764847,0.5053664445877075,0.6068778038024902,-0.09969551861286163,0.5567262172698975,0.6077305674552917,-0.11181479692459106,0.599048376083374,0.5841501355171204,-0.11786186695098877,0.5063239336013794,0.4686849117279053,-0.04548930749297142,0.5414816737174988,0.3993919789791107,-0.05245775729417801,0.5775525569915771,0.42022430896759033,-0.061226166784763336,0.586966335773468,0.46525171399116516,-0.06397327035665512,0.5103528499603271,0.4770950376987457,-0.005018286406993866,0.5520474910736084,0.3980821669101715,-0.008157945238053799,0.5822346210479736,0.4285431504249573,-0.023683760315179825,0.5889086723327637,0.47036027908325195,-0.03395998477935791,0.5156113505363464,0.48709288239479065,0.030432231724262238,0.5529727935791016,0.42934030294418335,0.03044765628874302,0.5768504738807678,0.44542601704597473,0.014225313439965248,0.5804044604301453,0.47833311557769775,0.0025371911469846964,0.5218778848648071,0.5052337050437927,0.06020156666636467,0.5514088869094849,0.46635714173316956,0.05934759974479675,0.5709032416343689,0.4744616448879242,0.047955721616744995,0.57504802942276,0.4923425316810608,0.03955717384815216
0.43643391132354736,0.6208561658859253,5.956048880761955e-07,0.4641502797603607,0.613176703453064,-0.06942487508058548,0.5075189471244812,0.5989282727241516,-0.0973709225654602,0.5571169257164001,0.5983852744102478,-0.11177366971969604,0.5992112159729004,0.5765558481216431,-0.12080433964729309,0.5082974433898926,0.4628713130950928,-0.04697247967123985,0.5432637929916382,0.39488208293914795,-0.05478068068623543,0.5786505937576294,0.4125189781188965,-0.06364975869655609,0.5902436375617981,0.45189011096954346,-0.06706154346466064,0.5122805833816528,0.4680130183696747,-0.009803530760109425,0.5508638024330139,0.3924124836921692,-0.012974781915545464,0.5839163661003113,0.41609495878219604,-0.027314750477671623,0.5951833128929138,0.4532880485057831,-0.03748464584350586,0.517726480960846,0.4779589772224426,0.022757451981306076,0.5506473183631897,0.42136654257774353,0.02355060540139675,0.578235387802124,0.43203774094581604,0.009767364710569382,0.5869500637054443,0.45954251289367676,-0.0012449870118871331,0.522990345954895,0.49603158235549927,0.049704983830451965,0.5512188673019409,0.45696520805358887,0.05036309361457825,0.5717639327049255,0.4630320072174072,0.04164260998368263,0.5782291293144226,0.47976747155189514,0.034699127078056335
0.4266400933265686,0.6239486932754517,8.611440307504381e-07,0.46427249908447266,0.6175475716590881,-0.07283175736665726,0.5079249739646912,0.6040511131286621,-0.10420694947242737,0.5556226372718811,0.6115580797195435,-0.12089810520410538,0.5953439474105835,0.6016761064529419,-0.13327457010746002,0.5043138861656189,0.4633455276489258,-0.058560632169246674,0.5292802453041077,0.38191187381744385,-0.06549026817083359,0.5694698691368103,0.37871208786964417,-0.073905810713768,0.5958243012428284,0.4025231897830963,-0.07671929150819778,0.5004507899284363,0.46559959650039673,-0.01748345047235489,0.5289822816848755,0.3773094713687897,-0.017634689807891846,0.5682981014251709,0.375571608543396,-0.02761540561914444,0.5945470333099365,0.40305978059768677,-0.03433309867978096,0.5000259876251221,0.47325989603996277,0.01966799795627594,0.5247503519058228,0.4034339189529419,0.02450195699930191,0.558408260345459,0.39585715532302856,0.012458537705242634,0.5803590416908264,0.4141656160354614,0.00334452698007226,0.5024128556251526,0.4871688485145569,0.05098317936062813,0.5264419317245483,0.4375651180744171,0.05692259594798088,0.54939866065979,0.42722582817077637,0.051455412060022354,0.5640109181404114,0.43406015634536743,0.04734407737851143
0.4220924377441406,0.6272693872451782,8.323538054355595e-07,0.46500933170318604,0.6221641898155212,-0.0723005160689354,0.5106299519538879,0.6087378859519958,-0.10183855146169662,0.5585777759552002,0.6162589192390442,-0.11546746641397476,0.5975527167320251,0.6125468611717224,-0.12436904013156891,0.5017579793930054,0.4699701964855194,-0.0625750944018364,0.5284010171890259,0.3881738781929016,-0.07067257910966873,0.5698203444480896,0.3799431324005127,-0.07820897549390793,0.6002338528633118,0.39762452244758606,-0.07949484139680862,0.4945162832736969,0.46868160367012024,-0.019651448354125023,0.5268023014068604,0.3817160129547119,-0.01922433078289032,0.5671259760856628,0.37847697734832764,-0.02557152323424816,0.5950332880020142,0.4020051062107086,-0.02899540588259697,0.4919111430644989,0.4727298617362976,0.01959674432873726,0.5201821327209473,0.4026148319244385,0.024229438975453377,0.55452960729599,0.3963078558444977,0.013626329600811005,0.578339695930481,0.4106907546520233,0.006665660999715328,0.4933598041534424,0.48260021209716797,0.053318992257118225,0.5184663534164429,0.43077516555786133,0.06023433804512024,0.5441599488258362,0.42061081528663635,0.05600791424512863,0.5614835619926453,0.4255004823207855,0.05333584174513817
0.4217299818992615,0.6187328696250916,9.99270469037583e-07,0.4654081165790558,0.6211607456207275,-0.07343146950006485,0.5098822116851807,0.6124563813209534,-0.10608077794313431,0.5563445687294006,0.6258745193481445,-0.12284068763256073,0.5967519879341125,0.6232861280441284,-0.13603384792804718,0.5065656304359436,0.4669005274772644,-0.06501485407352448,0.5383402705192566,0.39657604694366455,-0.06837352365255356,0.5791966915130615,0.3823789954185486,-0.07363251596689224,0.6107937097549438,0.3904765844345093,-0.07462911307811737,0.4982548654079437,0.4670984745025635,-0.019366858527064323,0.5307348370552063,0.38681745529174805,-0.014761662110686302,0.5720245242118835,0.37527552247047424,-0.018244894221425056,0.605732262134552,0.3894198536872864,-0.020767519250512123,0.4952344298362732,0.47327104210853577,0.023518560454249382,0.5240476131439209,0.41006454825401306,0.03298479691147804,0.5603628754615784,0.3944680690765381,0.027277173474431038,0.5869242548942566,0.4007692337036133,0.02253752388060093,0.4965684711933136,0.4842282831668854,0.06078434735536575,0.525119960308075,0.43898022174835205,0.07299300283193588,0.5494758486747742,0.42120492458343506,0.07305770367383957,0.5679613351821899,0.41554951667785645,0.07242965698242188
0.41515254974365234,0.6252691745758057,8.873950605448044e-07,0.4526256024837494,0.6320793032646179,-0.0677495002746582,0.5009874701499939,0.6268622875213623,-0.09654346853494644,0.5488582253456116,0.6431456804275513,-0.1107267215847969,0.5900263786315918,0.6526812314987183,-0.12182416766881943,0.5094640254974365,0.4875252842903137,-0.05911688134074211,0.5564906001091003,0.4306860566139221,-0.06427974253892899,0.5960043668746948,0.4181237816810608,-0.07051753997802734,0.6272424459457397,0.4210091233253479,-0.07304298132658005,0.5031943321228027,0.48253053426742554,-0.020300425589084625,0.55010986328125,0.41863054037094116,-0.020388232544064522,0.5913934707641602,0.40782713890075684,-0.025883177295327187,0.6224719285964966,0.4207928478717804,-0.029833471402525902,0.5002369284629822,0.48887887597084045,0.015350460074841976,0.541470468044281,0.4369298219680786,0.018601248040795326,0.5763711929321289,0.42582839727401733,0.01056593842804432,0.6031776070594788,0.4326320290565491,0.004699876997619867,0.5010477304458618,0.5008804202079773,0.04574036970734596,0.5381568074226379,0.4616677165031433,0.05224977806210518,0.5642120242118835,0.44902288913726807,0.04977220296859741,0.5844770669937134,0.4480803310871124,0.04755611717700958
0.41365379095077515,0.6225765347480774,8.900753414309293e-07,0.44973117113113403,0.625318169593811,-0.06719882786273956,0.4967445731163025,0.6199653744697571,-0.09625406563282013,0.5453474521636963,0.6358034014701843,-0.11081274598836899,0.5856660604476929,0.6425883769989014,-0.12207221984863281,0.5021729469299316,0.47910746932029724,-0.05766885355114937,0.5507140159606934,0.42110878229141235,-0.06385423988103867,0.5942382216453552,0.4138725697994232,-0.07065790891647339,0.6261605620384216,0.4239124655723572,-0.07299412786960602,0.4975247383117676,0.4758176803588867,-0.01876651495695114,0.5479686856269836,0.41028302907943726,-0.019573064520955086,0.5888370871543884,0.4077974557876587,-0.02565988525748253,0.6165267825126648,0.427561491727829,-0.029298949986696243,0.49636754393577576,0.4818386435508728,0.016981355845928192,0.5380047559738159,0.42746391892433167,0.020806442946195602,0.5730800032615662,0.4209069609642029,0.013194693252444267,0.5983396768569946,0.43291959166526794,0.007661801762878895,0.4992137551307678,0.49486178159713745,0.04742953181266785,0.5341765880584717,0.4538583755493164,0.0537126325070858,0.5608248710632324,0.44335654377937317,0.05095440894365311,0.581254780292511,0.44472798705101013,0.04890727251768112
0.403023362159729,0.6319015026092529,7.702487323513196e-07,0.43848827481269836,0.6245583295822144,-0.04639881104230881,0.4852783679962158,0.6148777604103088,-0.07077545672655106,0.5335918068885803,0.6292455196380615,-0.08682253211736679,0.5716873407363892,0.6341780424118042,-0.10091688483953476,0.4921395182609558,0.47793325781822205,-0.04220253974199295,0.5399454236030579,0.41703832149505615,-0.05411668121814728,0.5807744264602661,0.4064632058143616,-0.06613170355558395,0.6127530932426453,0.4125770628452301,-0.0727129653096199,0.48599937558174133,0.4781230092048645,-0.02105664648115635,0.5335899591445923,0.40860772132873535,-0.028674326837062836,0.5743943452835083,0.39909568428993225,-0.03935932740569115,0.6036777496337891,0.4163079857826233,-0.04645451158285141,0.4827331602573395,0.4909270107746124,-0.00252031278796494,0.5259352922439575,0.4320259988307953,-0.00452773179858923,0.5618771314620972,0.41899406909942627,-0.01387695036828518,0.5896584987640381,0.4268798232078552,-0.0208590105175972,0.48130762577056885,0.5136897563934326,0.012004433199763298,0.5194435715675354,0.474372535943985,0.013886405155062675,0.5475139021873474,0.45914411544799805,0.01092083565890789,0.5689060688018799,0.45752739906311035,0.00857737846672535
0.34287989139556885,0.6124451160430908,7.484114235012385e-07,0.3613651394844055,0.6006627678871155,-0.06466387957334518,0.3948577642440796,0.5780255794525146,-0.09294737875461578,0.4386657774448395,0.5713685154914856,-0.10940484702587128,0.473045289516449,0.5625748038291931,-0.12345307320356369,0.4010790288448334,0.44779717922210693,-0.0516328364610672,0.4337346851825714,0.3814713954925537,-0.06413654237985611,0.4692046642303467,0.36019277572631836,-0.07804401218891144,0.4991791844367981,0.35944756865501404,-0.08660750091075897,0.4045924246311188,0.448398619890213,-0.021370362490415573,0.435890793800354,0.3755825161933899,-0.028976328670978546,0.4683859646320343,0.3540818393230438,-0.04331837594509125,0.4968663454055786,0.3591805100440979,-0.0542755052447319,0.41013991832733154,0.45651787519454956,0.004442007280886173,0.43600204586982727,0.39194807410240173,0.0021772522013634443,0.46289029717445374,0.37147849798202515,-0.010505867190659046,0.4884127676486969,0.37206047773361206,-0.020994432270526886,0.41415154933929443,0.4715798497200012,0.02445553056895733,0.4366264343261719,0.42153090238571167,0.025303000584244728,0.4565836787223816,0.3985680639743805,0.01833343133330345,0.47452276945114136,0.3897998332977295,0.01196557842195034
0.31510722637176514,0.5944856405258179,6.396796266017191e-07,0.3201059401035309,0.5819628238677979,-0.06356650590896606,0.34599989652633667,0.5526244044303894,-0.09262222796678543,0.38662511110305786,0.5406572222709656,-0.11106012016534805,0.42478740215301514,0.5354863405227661,-0.12714938819408417,0.3547382652759552,0.42823025584220886,-0.05119338259100914,0.3840261995792389,0.36275798082351685,-0.06876197457313538,0.4167937934398651,0.3406901955604553,-0.08669556677341461,0.44538286328315735,0.33632439374923706,-0.09905644506216049,0.3682582676410675,0.4275820553302765,-0.026162130758166313,0.39373910427093506,0.35665470361709595,-0.04196000099182129,0.4258725047111511,0.33496201038360596,-0.0616946741938591,0.4528818130493164,0.3375956118106842,-0.0757988840341568,0.38105127215385437,0.43746715784072876,-0.005998365581035614,0.4024510979652405,0.3722788393497467,-0.01706708036363125,0.42821645736694336,0.3509567081928253,-0.034171655774116516,0.452876478433609,0.3462618291378021,-0.0465291328728199,0.3908413350582123,0.4555763006210327,0.008616935461759567,0.410207062959671,0.40427422523498535,0.0015670289285480976,0.4280000925064087,0.3810553252696991,-0.00921474676579237,0.4460678994655609,0.3694303631782532,-0.017682461068034172
0.29447290301322937,0.5823225378990173,5.443259283310908e-07,0.29097285866737366,0.5727326273918152,-0.05822361633181572,0.3098565340042114,0.5435020327568054,-0.08641445636749268,0.3469003736972809,0.531055748462677,-0.10500789433717728,0.3849541246891022,0.523812472820282,-0.12117405980825424,0.32489848136901855,0.42376136779785156,-0.05431602522730827,0.35238116979599,0.36530447006225586,-0.07706917077302933,0.3842200040817261,0.34060579538345337,-0.09650266170501709,0.4131790101528168,0.3332592248916626,-0.10915029048919678,0.34111133217811584,0.41881492733955383,-0.0336386077105999,0.3622121214866638,0.3530147075653076,-0.05391215905547142,0.39165908098220825,0.32971814274787903,-0.07126837223768234,0.4182775020599365,0.3274710178375244,-0.08296433091163635,0.35576552152633667,0.4264868199825287,-0.01770254597067833,0.3728894889354706,0.36254817247390747,-0.03428082913160324,0.39627769589424133,0.3392906188964844,-0.04871293529868126,0.4204520583152771,0.33249151706695557,-0.057961463928222656,0.3667382299900055,0.4434567093849182,-0.006857549771666527,0.38204246759414673,0.38947635889053345,-0.01918220892548561,0.3978464603424072,0.36534059047698975,-0.02944928966462612,0.4154662489891052,0.35375213623046875,-0.03629307076334953
0.287761390209198,0.5737788081169128,5.224660526437219e-07,0.2798691987991333,0.5641611814498901,-0.052624814212322235,0.2914888262748718,0.533881664276123,-0.08012978732585907,0.327792227268219,0.516181468963623,-0.09979981929063797,0.3650383949279785,0.5023329257965088,-0.11751867830753326,0.30663812160491943,0.4100300967693329,-0.04883430525660515,0.3325488269329071,0.3481501638889313,-0.0719287097454071,0.3608397841453552,0.3213545083999634,-0.09155155718326569,0.387569785118103,0.31004488468170166,-0.10449628531932831,0.3272670805454254,0.4052049219608307,-0.0326116643846035,0.351836621761322,0.3413282632827759,-0.053580932319164276,0.37871062755584717,0.314689576625824,-0.07193807512521744,0.4034825563430786,0.3084031939506531,-0.0842430591583252,0.3445480465888977,0.41300883889198303,-0.02094198204576969,0.3656172752380371,0.3502931594848633,-0.03791755437850952,0.3865656554698944,0.32487571239471436,-0.05199398100376129,0.4084734618663788,0.3156423270702362,-0.06107360124588013,0.3570899963378906,0.4297912120819092,-0.013951987959444523,0.37327447533607483,0.37932437658309937,-0.02819610759615898,0.3886837661266327,0.3538331985473633,-0.03812228515744209,0.4066197872161865,0.3408733308315277,-0.044199779629707336
0.3042868375778198,0.5543786883354187,6.106801606620138e-07,0.3014940321445465,0.5461587905883789,-0.05937311425805092,0.3208887279033661,0.5182161331176758,-0.08906975388526917,0.3585394024848938,0.5040340423583984,-0.1092643067240715,0.3965553641319275,0.49040305614471436,-0.12731032073497772,0.3290802836418152,0.38851091265678406,-0.0552230030298233,0.35887596011161804,0.3252767026424408,-0.07736006379127502,0.38991203904151917,0.3002123236656189,-0.09684419631958008,0.41986536979675293,0.2920210659503937,-0.10966197401285172,0.34853416681289673,0.3831912577152252,-0.03381546214222908,0.3726125657558441,0.3166922330856323,-0.053631287068128586,0.4019513726234436,0.29078832268714905,-0.07218153774738312,0.4294028878211975,0.28717201948165894,-0.08479035645723343,0.36708879470825195,0.39110836386680603,-0.016887957230210304,0.38762176036834717,0.32744210958480835,-0.03163385018706322,0.41092658042907715,0.3046748638153076,-0.04545784369111061,0.43518802523612976,0.2975219488143921,-0.05485342815518379,0.38252824544906616,0.4084777235984802,-0.00520074088126421,0.39969658851623535,0.3573637902736664,-0.01561115961521864,0.41578125953674316,0.33262383937835693,-0.024177493527531624,0.4336223602294922,0.3189672529697418,-0.02999037504196167
0.329874187707901,0.5443551540374756,6.952868147891422e-07,0.3340967893600464,0.5301316976547241,-0.06973174214363098,0.3631226718425751,0.5025355815887451,-0.10151531547307968,0.40779921412467957,0.49580541253089905,-0.12169645726680756,0.447703093290329,0.4945758581161499,-0.13946159183979034,0.3717171847820282,0.3723055124282837,-0.059575166553258896,0.4060719609260559,0.30587634444236755,-0.08194107562303543,0.44417986273765564,0.2848685383796692,-0.10296068340539932,0.47795093059539795,0.28216463327407837,-0.11701877415180206,0.3870743215084076,0.3720070421695709,-0.03223446011543274,0.415506511926651,0.29988449811935425,-0.05247978866100311,0.4512595534324646,0.2786659598350525,-0.07385823130607605,0.4821191132068634,0.2819807231426239,-0.08860263228416443,0.4019979238510132,0.38438329100608826,-0.010300632566213608,0.42525622248649597,0.31553494930267334,-0.02619311958551407,0.4553520679473877,0.29342541098594666,-0.04514915868639946,0.4845408797264099,0.2898831069469452,-0.05793236941099167,0.41385433077812195,0.40431222319602966,0.005686217453330755,0.43484580516815186,0.35053396224975586,-0.0058677480556070805,0.455130934715271,0.3271971344947815,-0.018465913832187653,0.4764491617679596,0.31710097193717957,-0.027574483305215836
0.35439935326576233,0.5557971000671387,8.064602639024088e-07,0.3493759334087372,0.5486043095588684,-0.0786072388291359,0.3770676553249359,0.5239524245262146,-0.11609534919261932,0.42520585656166077,0.5245749950408936,-0.14044331014156342,0.4732140302658081,0.5320762395858765,-0.16199800372123718,0.41026097536087036,0.37706562876701355,-0.07290126383304596,0.4548948109149933,0.3112344741821289,-0.10107898712158203,0.49894559383392334,0.293326199054718,-0.12533116340637207,0.5361649990081787,0.2970188856124878,-0.14097003638744354,0.4339025020599365,0.38044866919517517,-0.04287088289856911,0.4724041819572449,0.30725473165512085,-0.06856587529182434,0.5140774250030518,0.2885366678237915,-0.09229845553636551,0.5469266176223755,0.29754582047462463,-0.10825184732675552,0.45214778184890747,0.3972744643688202,-0.018830133602023125,0.4866246283054352,0.32608646154403687,-0.038994938135147095,0.5210961699485779,0.3061193823814392,-0.05915950983762741,0.5528910756111145,0.30757030844688416,-0.07236286252737045,0.4641188383102417,0.42176154255867004,-0.0013515871251001954,0.4945937991142273,0.3669600784778595,-0.016508936882019043,0.5200067162513733,0.34375911951065063,-0.03061394765973091,0.5450986623764038,0.3364025354385376,-0.0402408130466938
0.3743878901004791,0.5711408257484436,7.198290745691338e-07,0.3561774790287018,0.5639168620109558,-0.08554786443710327,0.37255918979644775,0.5375163555145264,-0.12691256403923035,0.42085832357406616,0.5556277632713318,-0.1536005288362503,0.468505322933197,0.5749108791351318,-0.17875903844833374,0.4280492067337036,0.39974111318588257,-0.0915512964129448,0.46899136900901794,0.3301812708377838,-0.12404118478298187,0.509372889995575,0.3132459819316864,-0.1517048180103302,0.5442367792129517,0.31814825534820557,-0.1697823405265808,0.4549137055873871,0.40472742915153503,-0.06027873978018761,0.4937802255153656,0.33183711767196655,-0.09009236842393875,0.5345674753189087,0.3158807158470154,-0.11898516863584518,0.56883704662323,0.3256085216999054,-0.1393599659204483,0.4737098515033722,0.420908123254776,-0.03483399376273155,0.5107119083404541,0.35427626967430115,-0.058134883642196655,0.5441131591796875,0.33334097266197205,-0.08732664585113525,0.5757722854614258,0.3341248035430908,-0.10766547173261642,0.4859461486339569,0.4448292851448059,-0.016227854415774345,0.5158289074897766,0.39342427253723145,-0.03538665920495987,0.5399143695831299,0.36838942766189575,-0.05686424300074577,0.5644952654838562,0.359783411026001,-0.07291114330291748
0.3576052486896515,0.5622913837432861,9.274679655391083e-07,0.38369137048721313,0.5694164037704468,-0.06745805591344833,0.43490734696388245,0.5666576027870178,-0.09854502975940704,0.48991659283638,0.591117262840271,-0.11618566513061523,0.5351320505142212,0.6056024432182312,-0.13056550920009613,0.45547348260879517,0.41076210141181946,-0.0627557784318924,0.5129612684249878,0.3440304100513458,-0.07787934690713882,0.5634454488754272,0.3408149778842926,-0.09169385582208633,0.6012901067733765,0.3548849821090698,-0.09878809005022049,0.4571918547153473,0.4039379954338074,-0.029826683923602104,0.5150001049041748,0.328088641166687,-0.04107549041509628,0.5640707015991211,0.32795047760009766,-0.054892078042030334,0.5954598188400269,0.35698366165161133,-0.06304395198822021,0.45978960394859314,0.41126516461372375,-0.0002636464196257293,0.5088353753089905,0.34874874353408813,-0.004619504325091839,0.5505568385124207,0.34312567114830017,-0.016912197694182396,0.5818092823028564,0.3593386709690094,-0.02474079839885235,0.46319127082824707,0.4306254982948303,0.023827221244573593,0.5073233246803284,0.38395196199417114,0.024588337168097496,0.5400770902633667,0.3713942766189575,0.019578272476792336,0.565957248210907,0.3734935522079468,0.0165522750467062
0.349782794713974,0.5503288507461548,9.284789257435477e-07,0.3983173966407776,0.5611521601676941,-0.06027670577168465,0.45661112666130066,0.5527505874633789,-0.08621595054864883,0.5150516033172607,0.5710638165473938,-0.09726756066083908,0.560173511505127,0.5798720121383667,-0.10400748997926712,0.4603903293609619,0.4021358788013458,-0.06635414808988571,0.5204679369926453,0.3296518921852112,-0.07584511488676071,0.5706464052200317,0.3256019353866577,-0.08093970268964767,0.6084100008010864,0.33876705169677734,-0.08025547116994858,0.4471867084503174,0.38828137516975403,-0.02922964096069336,0.5087546706199646,0.3152294158935547,-0.03275176137685776,0.5587864518165588,0.31552594900131226,-0.03367280587553978,0.5916582942008972,0.3421105146408081,-0.03217293322086334,0.4389612078666687,0.3918200731277466,0.006179452408105135,0.4928116798400879,0.3367490768432617,0.006291152443736792,0.5375908613204956,0.3337649405002594,-2.4871489586075768e-05,0.5690475106239319,0.3499971926212311,-0.002780152251943946,0.4371330142021179,0.4080282151699066,0.03756078705191612,0.4841574430465698,0.37778180837631226,0.04213996231555939,0.5180556774139404,0.37899619340896606,0.04133991152048111,0.5415778160095215,0.39206331968307495,0.04223336651921272
0.3585144281387329,0.5379272103309631,8.590599236413254e-07,0.41618627309799194,0.5336636304855347,-0.03581949695944786,0.4796687364578247,0.5239322781562805,-0.05452759563922882,0.5387380123138428,0.5473337173461914,-0.06404281407594681,0.5820980668067932,0.5516929030418396,-0.06941124051809311,0.4755306541919708,0.3819456696510315,-0.05503984913229942,0.5339642763137817,0.3064488172531128,-0.06819313764572144,0.5856133699417114,0.31185483932495117,-0.0731937438249588,0.6207674145698547,0.33480221033096313,-0.07229198515415192,0.4597354531288147,0.383028507232666,-0.036384884268045425,0.5227980613708496,0.2976883053779602,-0.04156317561864853,0.5748096108436584,0.30221039056777954,-0.0409390926361084,0.6030463576316833,0.33451390266418457,-0.03838115185499191,0.44661417603492737,0.40483543276786804,-0.018239125609397888,0.5035281181335449,0.3428207337856293,-0.0216443482786417,0.5501558184623718,0.33798694610595703,-0.027311690151691437,0.575187623500824,0.35596781969070435,-0.02985321171581745,0.4391242265701294,0.44404035806655884,-0.0022528995759785175,0.49290427565574646,0.43855586647987366,-0.004810235928744078,0.5337251424789429,0.4484807848930359,-0.008644706569612026,0.5562360286712646,0.4672646224498749,-0.00900255423039198
0.3676513433456421,0.49429985880851746,7.732294875495427e-07,0.41746655106544495,0.5181159377098083,-0.059099990874528885,0.48105552792549133,0.5149173736572266,-0.08300630748271942,0.541289210319519,0.5329937934875488,-0.0921298936009407,0.5888097286224365,0.5393180251121521,-0.09604837745428085,0.49120229482650757,0.37496426701545715,-0.06430839747190475,0.5564311742782593,0.3047257661819458,-0.07393480092287064,0.6017732620239258,0.31376945972442627,-0.0761105939745903,0.62961345911026,0.3387690782546997,-0.07213946431875229,0.47703981399536133,0.3483392596244812,-0.02764764241874218,0.5472771525382996,0.27907174825668335,-0.03165263310074806,0.5921311378479004,0.29892927408218384,-0.030010709539055824,0.6122535467147827,0.3405022919178009,-0.0249324943870306,0.4669071435928345,0.34105896949768066,0.007175914011895657,0.5263386964797974,0.28686535358428955,0.006241750903427601,0.5651078224182129,0.3025552034378052,0.00332254427485168,0.5861591696739197,0.3325005769729614,0.004653263371437788,0.46313419938087463,0.3466316759586334,0.03818926215171814,0.5126365423202515,0.3084830939769745,0.04198692366480827,0.5447347164154053,0.3156024217605591,0.043059732764959335,0.5634476542472839,0.33456575870513916,0.04658520594239235
0.3635680675506592,0.4719792902469635,7.093623821674555e-07,0.4187600016593933,0.4874546527862549,-0.032447073608636856,0.47990989685058594,0.48701396584510803,-0.04710908606648445,0.5356652736663818,0.5051866769790649,-0.05247189477086067,0.5750599503517151,0.5086199045181274,-0.0532490499317646,0.4845083951950073,0.3552394509315491,-0.04850344359874725,0.5463119745254517,0.2857983410358429,-0.056148722767829895,0.5896623134613037,0.2936791777610779,-0.055544428527355194,0.6167125105857849,0.3186485171318054,-0.05011359974741936,0.4647042751312256,0.3360608220100403,-0.027535248547792435,0.5332926511764526,0.26511913537979126,-0.028414320200681686,0.5765592455863953,0.27871665358543396,-0.022695088759064674,0.5974018573760986,0.3149971067905426,-0.01603415608406067,0.4493063986301422,0.33894482254981995,-0.006529126316308975,0.5107645988464355,0.286933571100235,-0.005391139071434736,0.5489577651023865,0.29877233505249023,-0.005159542430192232,0.5666223764419556,0.32737231254577637,-0.0031416851561516523,0.43933552503585815,0.35792067646980286,0.012582938186824322,0.49105915427207947,0.3457677364349365,0.016126379370689392,0.5254157781600952,0.36144840717315674,0.01741628721356392,0.54344242811203,0.3861856460571289,0.02073504589498043
0.35799896717071533,0.44863206148147583,6.297914296737872e-07,0.4032074511051178,0.38264718651771545,0.0031383077148348093,0.4620993137359619,0.3500535786151886,-0.009080443531274796,0.5116335153579712,0.3579493463039398,-0.022305702790617943,0.548753559589386,0.3607620894908905,-0.03542829677462578,0.4588701128959656,0.29663407802581787,-0.04595831409096718,0.5264703631401062,0.2366401106119156,-0.07133162766695023,0.5723515152931213,0.2513582706451416,-0.08672114461660385,0.6037578582763672,0.2750697135925293,-0.09596864879131317,0.44609659910202026,0.32433873414993286,-0.059591762721538544,0.5092121958732605,0.2611101269721985,-0.08098690956830978,0.5515626668930054,0.2584485709667206,-0.09227565675973892,0.5784249305725098,0.2681152820587158,-0.10208342969417572,0.4355756640434265,0.3691504895687103,-0.07109545916318893,0.4927196204662323,0.3236417770385742,-0.08975296467542648,0.5263312458992004,0.30389291048049927,-0.10182324796915054,0.5457684397697449,0.29596036672592163,-0.11268312484025955,0.4298241138458252,0.4244396686553955,-0.08137883245944977,0.4914436340332031,0.4355233907699585,-0.09806123375892639,0.5331802368164062,0.4434974193572998,-0.10818495601415634,0.5645428895950317,0.45087772607803345,-0.1167692020535469
0.357793927192688,0.4266703128814697,6.68509755996638e-07,0.40742769837379456,0.3968562185764313,-0.01172531396150589,0.4644453227519989,0.3828074634075165,-0.02538229338824749,0.5156950950622559,0.4040710926055908,-0.03784151002764702,0.5525805354118347,0.40963971614837646,-0.04916125163435936,0.4624878764152527,0.26009711623191833,-0.028691979125142097,0.5172781348228455,0.20571370422840118,-0.04408896341919899,0.5586435794830322,0.21473440527915955,-0.056505974382162094,0.5901082158088684,0.23488318920135498,-0.06472475826740265,0.44626325368881226,0.2759779095649719,-0.03173137083649635,0.504910945892334,0.2188083976507187,-0.0423218309879303,0.5437908172607422,0.222068190574646,-0.05176851153373718,0.5684796571731567,0.24188852310180664,-0.06027674674987793,0.43237000703811646,0.3115588128566742,-0.03506564348936081,0.4905743896961212,0.28366267681121826,-0.04443053901195526,0.5270212888717651,0.28335893154144287,-0.054337192326784134,0.5503366589546204,0.29326069355010986,-0.06362774968147278,0.4226229190826416,0.3598273694515228,-0.03922928497195244,0.48007503151893616,0.3726496994495392,-0.048662520945072174,0.5215309858322144,0.3855782151222229,-0.055820465087890625,0.5530763268470764,0.399018257856369,-0.06153000891208649
0.3294565677642822,0.45272505283355713,7.140578190956148e-07,0.36995840072631836,0.4202917814254761,-0.015554805286228657,0.42109712958335876,0.3969769775867462,-0.03165940195322037,0.4708859622478485,0.40750616788864136,-0.04669869318604469,0.5071299076080322,0.41125959157943726,-0.06084289401769638,0.40906670689582825,0.2741064131259918,-0.03166111186146736,0.4531707167625427,0.19910040497779846,-0.05088268965482712,0.4969649314880371,0.1871718168258667,-0.06372128427028656,0.5315033197402954,0.19628216326236725,-0.07013531774282455,0.40110960602760315,0.28656354546546936,-0.033388569951057434,0.4443016052246094,0.20079945027828217,-0.04360424354672432,0.48667728900909424,0.18405646085739136,-0.050089411437511444,0.5180452466011047,0.19793376326560974,-0.054187338799238205,0.3950178921222687,0.32052433490753174,-0.036158062517642975,0.43868234753608704,0.25288867950439453,-0.0442311055958271,0.4778475761413574,0.22896495461463928,-0.05341869965195656,0.5059247016906738,0.22953227162361145,-0.06083112955093384,0.38984471559524536,0.36991003155708313,-0.040441468358039856,0.43661877512931824,0.36814746260643005,-0.05029277503490448,0.47584185004234314,0.36886492371559143,-0.05799178406596184,0.504062294960022,0.3782668709754944,-0.06240300089120865
0.32749807834625244,0.49111223220825195,6.448962039939943e-07,0.33061426877975464,0.4737040400505066,-0.07075582444667816,0.3591688871383667,0.43583375215530396,-0.09843666106462479,0.4042559862136841,0.41468238830566406,-0.11273419111967087,0.445911169052124,0.3940311670303345,-0.12351712584495544,0.3601909279823303,0.2969934940338135,-0.05517062917351723,0.3837376832962036,0.21672290563583374,-0.07262622565031052,0.4193403422832489,0.1924176812171936,-0.0906587541103363,0.45137539505958557,0.18951284885406494,-0.10230761021375656,0.37543985247612,0.29624688625335693,-0.02394438162446022,0.3951353430747986,0.21107305586338043,-0.03798321634531021,0.4302932918071747,0.18610204756259918,-0.05779905989766121,0.46043434739112854,0.191171795129776,-0.07213947176933289,0.39018645882606506,0.3068719506263733,0.0017515920335426927,0.4067108631134033,0.23208335041999817,-0.008348766714334488,0.4340439438819885,0.20718702673912048,-0.028162270784378052,0.4613145589828491,0.202504500746727,-0.042557377368211746,0.402922660112381,0.3266521990299225,0.021431585773825645,0.4182347059249878,0.2705957293510437,0.01372797042131424,0.435808002948761,0.24869337677955627,0.0004999705124646425,0.4544127881526947,0.2406153380870819,-0.009483947418630123
0.3270604908466339,0.5074501633644104,6.427044922929781e-07,0.32659608125686646,0.49132490158081055,-0.0711115151643753,0.3538784384727478,0.45148763060569763,-0.09994900971651077,0.40053677558898926,0.4324032664299011,-0.11573342233896255,0.44573020935058594,0.419613778591156,-0.12812791764736176,0.3592216968536377,0.3152906000614166,-0.05367135629057884,0.38577261567115784,0.23603084683418274,-0.07142923027276993,0.42110878229141235,0.21267619729042053,-0.08947443217039108,0.4525609016418457,0.21230222284793854,-0.10123399645090103,0.3760659396648407,0.3139417767524719,-0.022396013140678406,0.4001408517360687,0.23005320131778717,-0.03661650791764259,0.434965044260025,0.20690464973449707,-0.055798307061195374,0.4652661085128784,0.21224801242351532,-0.06953908503055573,0.39067786931991577,0.3248623311519623,0.0030378811061382294,0.4099849760532379,0.2503812313079834,-0.00794801115989685,0.4376924932003021,0.22792771458625793,-0.027493152767419815,0.46495744585990906,0.22559529542922974,-0.041390080004930496,0.40295884013175964,0.34333494305610657,0.02246091328561306,0.421030730009079,0.2878774404525757,0.013226832263171673,0.43906182050704956,0.2671273946762085,-0.0003763341810554266,0.45839935541152954,0.2602747082710266,-0.010372795164585114
0.30928656458854675,0.5418477654457092,4.2900293806269474e-07,0.294860303401947,0.5134099721908569,-0.046813495457172394,0.3008042573928833,0.4628109037876129,-0.07040692120790482,0.32945266366004944,0.42595750093460083,-0.08747605234384537,0.35476207733154297,0.40199780464172363,-0.10196790844202042,0.29878586530685425,0.3482963442802429,-0.03651977330446243,0.33021944761276245,0.28207188844680786,-0.06060736998915672,0.3633219003677368,0.2730160653591156,-0.08276502043008804,0.39159879088401794,0.27987152338027954,-0.097040556371212,0.3218905031681061,0.3479948043823242,-0.02329523302614689,0.3536461293697357,0.28744933009147644,-0.04456597939133644,0.38535916805267334,0.27963730692863464,-0.06575144827365875,0.4113370180130005,0.28121230006217957,-0.08008133620023727,0.34322407841682434,0.3594682514667511,-0.014808723703026772,0.3698204755783081,0.30335718393325806,-0.03142423927783966,0.3951680362224579,0.29105955362319946,-0.045412588864564896,0.4182127118110657,0.2909321188926697,-0.0546005517244339,0.362329363822937,0.37915709614753723,-0.010776674374938011,0.3816344141960144,0.33184438943862915,-0.021699195727705956,0.39834845066070557,0.3143463432788849,-0.028496384620666504,0.4141836166381836,0.30489107966423035,-0.032976485788822174
0.29990696907043457,0.582076907157898,3.7917007489340904e-07,0.2714621126651764,0.5499696731567383,-0.036165494471788406,0.25691187381744385,0.49382829666137695,-0.05251473933458328,0.2591666579246521,0.4375845789909363,-0.06475018709897995,0.26059970259666443,0.3918225169181824,-0.0740828737616539,0.23639917373657227,0.3939642608165741,-0.01744326390326023,0.2370128631591797,0.3210940957069397,-0.0403091162443161,0.2593977749347687,0.28913289308547974,-0.0630560964345932,0.2861481010913849,0.2775302529335022,-0.07760404795408249,0.26783454418182373,0.3870006799697876,-0.009212327189743519,0.2698296308517456,0.3145076632499695,-0.030064379796385765,0.2902916371822357,0.2896873652935028,-0.05244353041052818,0.3119276165962219,0.28093376755714417,-0.06702683120965958,0.29593589901924133,0.39260581135749817,-0.005893174093216658,0.3006451427936554,0.3264830708503723,-0.02237667515873909,0.3153563439846039,0.2985067069530487,-0.037605080753564835,0.3337550163269043,0.2880767285823822,-0.0471106618642807,0.32499468326568604,0.4093725383281708,-0.0063979350961744785,0.32968243956565857,0.3536392152309418,-0.018484443426132202,0.33751797676086426,0.3223966658115387,-0.027731075882911682,0.3486306369304657,0.3006053566932678,-0.033633820712566376
0.3049177825450897,0.5870681405067444,3.894439544183115e-07,0.2742830812931061,0.5589007139205933,-0.038473084568977356,0.2573542594909668,0.5061886310577393,-0.05717118829488754,0.25836774706840515,0.4519117474555969,-0.07134895026683807,0.25762224197387695,0.4052898585796356,-0.08239796757698059,0.23781552910804749,0.39717522263526917,-0.020529771223664284,0.2375481277704239,0.3257524073123932,-0.04446898400783539,0.25944939255714417,0.29568105936050415,-0.06801141053438187,0.2854480445384979,0.28834769129753113,-0.08258973062038422,0.2708432376384735,0.3897649645805359,-0.011444258503615856,0.27251842617988586,0.31826579570770264,-0.0318819060921669,0.29131579399108887,0.29469209909439087,-0.053413450717926025,0.31108471751213074,0.2879686951637268,-0.06747487187385559,0.29951101541519165,0.39586782455444336,-0.007564504165202379,0.3042123019695282,0.3314718008041382,-0.02336299419403076,0.31695207953453064,0.30477026104927063,-0.0372123047709465,0.3337389826774597,0.2964668869972229,-0.04593699425458908,0.329328328371048,0.41347384452819824,-0.007775902282446623,0.3324699401855469,0.359191358089447,-0.019569827243685722,0.3384643495082855,0.32858806848526,-0.02801256626844406,0.34824034571647644,0.3069855272769928,-0.0332474559545517
0.3067401945590973,0.5837675333023071,3.4026021467070677e-07,0.27380624413490295,0.5568070411682129,-0.03235945478081703,0.257211297750473,0.5059400200843811,-0.04815353453159332,0.2639146149158478,0.4526718854904175,-0.06042461469769478,0.26884549856185913,0.4127140939235687,-0.06972278654575348,0.241182342171669,0.3932778537273407,-0.01800616830587387,0.24249579012393951,0.32242855429649353,-0.04175807163119316,0.26611214876174927,0.29634830355644226,-0.06492548435926437,0.29243603348731995,0.290596067905426,-0.07921275496482849,0.27442821860313416,0.38510188460350037,-0.011881892569363117,0.27538689970970154,0.31453022360801697,-0.030798519030213356,0.2952326238155365,0.29205596446990967,-0.05065936967730522,0.31592410802841187,0.2850164771080017,-0.0637931153178215,0.3037634491920471,0.39013421535491943,-0.010415306314826012,0.3083477318286896,0.326244592666626,-0.02471735142171383,0.3216773271560669,0.3015553057193756,-0.036777667701244354,0.3383582830429077,0.2919232249259949,-0.04451852664351463,0.33372762799263,0.40763989090919495,-0.01267176028341055,0.3366975784301758,0.35395821928977966,-0.023233717307448387,0.3428283631801605,0.325176864862442,-0.030010925605893135,0.35225710272789,0.30291563272476196,-0.03404395654797554
0.3161007761955261,0.5894368886947632,3.9366332771351153e-07,0.2872297465801239,0.5671502351760864,-0.043275538831949234,0.2750713527202606,0.5199946761131287,-0.06612889468669891,0.28837093710899353,0.47051212191581726,-0.08367614448070526,0.29896196722984314,0.43177950382232666,-0.09837622940540314,0.2516058087348938,0.40123674273490906,-0.031082801520824432,0.25571906566619873,0.32859426736831665,-0.05855264142155647,0.2812357544898987,0.30557069182395935,-0.08456724137067795,0.30835670232772827,0.30311357975006104,-0.10101910680532455,0.28511226177215576,0.39320582151412964,-0.021113291382789612,0.2877243757247925,0.32089507579803467,-0.04410699009895325,0.30953291058540344,0.29942792654037476,-0.06727034598588943,0.3311602473258972,0.29388636350631714,-0.08275267481803894,0.31462201476097107,0.39948001503944397,-0.016336508095264435,0.3204014301300049,0.3346892297267914,-0.033275995403528214,0.33517053723335266,0.31097450852394104,-0.047806140035390854,0.35166066884994507,0.3023304045200348,-0.057372186332941055,0.3427707254886627,0.4181244373321533,-0.016022711992263794,0.3475918769836426,0.36277806758880615,-0.02823364920914173,0.3536294102668762,0.33377334475517273,-0.03678352013230324,0.361733615398407,0.3121180534362793,-0.04256921261548996
0.3153192698955536,0.5934574604034424,4.4022692691214615e-07,0.28790149092674255,0.5702172517776489,-0.0461883507668972,0.276095986366272,0.5264188647270203,-0.07172980904579163,0.29067283868789673,0.4792032837867737,-0.09201320260763168,0.3060276210308075,0.43640199303627014,-0.1096569374203682,0.25551679730415344,0.4014570116996765,-0.03275614231824875,0.260248601436615,0.32940828800201416,-0.06158847734332085,0.286370187997818,0.305563747882843,-0.08935661613941193,0.31511014699935913,0.30366650223731995,-0.10715983808040619,0.2886303961277008,0.39450642466545105,-0.02172272279858589,0.2925707697868347,0.3221484422683716,-0.0453057661652565,0.3149314224720001,0.3011881113052368,-0.06945598125457764,0.3372914791107178,0.2950921058654785,-0.08577180653810501,0.31791168451309204,0.40110912919044495,-0.016271186992526054,0.32550784945487976,0.3366389870643616,-0.032908447086811066,0.3405991494655609,0.3117128610610962,-0.04792417958378792,0.3575287461280823,0.3022257089614868,-0.05820779874920845,0.346158891916275,0.4211161136627197,-0.01573197729885578,0.3523373007774353,0.3661991357803345,-0.028169844299554825,0.35952699184417725,0.33687448501586914,-0.03765444830060005,0.36860182881355286,0.3150087594985962,-0.04426101967692375
0.3254479169845581,0.5955184698104858,1.991918878729848e-07,0.28086450695991516,0.556850016117096,-0.024370841681957245,0.24416330456733704,0.5038923621177673,-0.03830895200371742,0.21711474657058716,0.4559040367603302,-0.05057602375745773,0.1937466561794281,0.41190728545188904,-0.06079857423901558,0.2683675289154053,0.3931596279144287,-0.0061674281023442745,0.2644684314727783,0.3275529146194458,-0.024311935529112816,0.260256826877594,0.29660525918006897,-0.04356122761964798,0.2545635998249054,0.28141188621520996,-0.056627389043569565,0.2987872064113617,0.39356157183647156,-0.005979850422590971,0.29746878147125244,0.3213370740413666,-0.024498894810676575,0.29259857535362244,0.2948506474494934,-0.04253098741173744,0.28301721811294556,0.29087990522384644,-0.053709227591753006,0.32793179154396057,0.4059338867664337,-0.010237488895654678,0.32974374294281006,0.33641159534454346,-0.025865457952022552,0.3226609528064728,0.30722296237945557,-0.036640241742134094,0.31294575333595276,0.3003667891025543,-0.04266519099473953,0.35788971185684204,0.42998406291007996,-0.017148729413747787,0.3592246174812317,0.37164944410324097,-0.03008597157895565,0.3566522002220154,0.33311522006988525,-0.03745807707309723,0.3527046740055084,0.30590498447418213,-0.04138942062854767
0.368166446685791,0.6196087002754211,4.563331046369967e-08,0.3275558054447174,0.55805903673172,-0.013195413164794445,0.2939801514148712,0.4855816662311554,-0.027399800717830658,0.2610686123371124,0.43735408782958984,-0.043982136994600296,0.2324465662240982,0.39183294773101807,-0.05941515415906906,0.3553875684738159,0.4014235734939575,-0.0011740666814148426,0.37155258655548096,0.32893574237823486,-0.025413917377591133,0.3572036325931549,0.2958095669746399,-0.04718422517180443,0.33334895968437195,0.27754950523376465,-0.06154128909111023,0.37624168395996094,0.41175204515457153,-0.010864182375371456,0.3909853398799896,0.3296378552913666,-0.04039512574672699,0.3665196895599365,0.297692209482193,-0.06082926318049431,0.3334461748600006,0.28752201795578003,-0.0710892602801323,0.3948596715927124,0.43439942598342896,-0.024505427107214928,0.40489834547042847,0.3537597358226776,-0.04804049804806709,0.3838871717453003,0.3174031376838684,-0.057996612042188644,0.3577219545841217,0.2991523742675781,-0.06139279529452324,0.4115945100784302,0.46793094277381897,-0.039990950375795364,0.41960620880126953,0.4047064483165741,-0.055716775357723236,0.41337260603904724,0.36153358221054077,-0.061698418110609055,0.40323197841644287,0.32783952355384827,-0.06426206231117249
0.3756839334964752,0.6158807277679443,8.774481585760441e-08,0.3325921297073364,0.5645889043807983,-0.01785746030509472,0.3004091680049896,0.4941456615924835,-0.0359412245452404,0.2704615890979767,0.44714784622192383,-0.055166758596897125,0.24418233335018158,0.3987179696559906,-0.07416236400604248,0.36025941371917725,0.40458354353904724,-0.014029644429683685,0.3699353337287903,0.33167925477027893,-0.04200293868780136,0.3566751778125763,0.2971450090408325,-0.06695930659770966,0.33303889632225037,0.27774518728256226,-0.08276055753231049,0.3833047151565552,0.41773664951324463,-0.022982100024819374,0.3967083990573883,0.3344358801841736,-0.055493857711553574,0.37432435154914856,0.30255982279777527,-0.07923966646194458,0.3412036895751953,0.29459452629089355,-0.09153111279010773,0.40352684259414673,0.4424247443675995,-0.03565266728401184,0.41378799080848694,0.3640895485877991,-0.06112340837717056,0.39399009943008423,0.3273249864578247,-0.0753600224852562,0.367043673992157,0.3105613589286804,-0.08175007998943329,0.42077183723449707,0.4781675338745117,-0.05025480315089226,0.4282662868499756,0.4139725863933563,-0.06831595301628113,0.42402175068855286,0.3691428303718567,-0.07777446508407593,0.4147566854953766,0.33562034368515015,-0.08281746506690979
0.3804130256175995,0.6163690090179443,8.088094460845241e-08,0.3346238434314728,0.5687084794044495,-0.020019130781292915,0.30033767223358154,0.49836915731430054,-0.039964400231838226,0.2682614326477051,0.4549880027770996,-0.06092853844165802,0.2401001900434494,0.40799081325531006,-0.08177869021892548,0.3561660349369049,0.404928982257843,-0.018681537359952927,0.3613739609718323,0.328779399394989,-0.05136776715517044,0.3447244465351105,0.2947498559951782,-0.08027620613574982,0.3187379837036133,0.282856822013855,-0.09766855835914612,0.38047608733177185,0.41700297594070435,-0.027267932891845703,0.392863929271698,0.32929161190986633,-0.06396958231925964,0.36751288175582886,0.2994347810745239,-0.09129833430051804,0.3316210210323334,0.30110400915145874,-0.10523717850446701,0.4021211564540863,0.4416029751300812,-0.03966624289751053,0.4130781888961792,0.36056119203567505,-0.06750985980033875,0.3904753625392914,0.32712411880493164,-0.08443914353847504,0.3609866201877594,0.3216974139213562,-0.09192460030317307,0.42045408487319946,0.47900116443634033,-0.05406198650598526,0.42559561133384705,0.41348764300346375,-0.07336369156837463,0.4182741940021515,0.36834174394607544,-0.08455097675323486,0.4055205285549164,0.3391537666320801,-0.09050776809453964
0.38019222021102905,0.6224918961524963,-1.137932503780803e-08,0.3362617492675781,0.5744741559028625,-0.016633881255984306,0.30013126134872437,0.506547212600708,-0.037319716066122055,0.26303207874298096,0.4679868817329407,-0.059624649584293365,0.22851091623306274,0.4283958077430725,-0.08178208023309708,0.35165438055992126,0.41568437218666077,-0.02147105522453785,0.35314425826072693,0.3332299292087555,-0.058862678706645966,0.3279695212841034,0.30742964148521423,-0.0891951322555542,0.2977425456047058,0.3060474991798401,-0.10642179101705551,0.3740203380584717,0.42716991901397705,-0.03160081431269646,0.37708166241645813,0.3355882465839386,-0.07060544937849045,0.343016654253006,0.3113987445831299,-0.09627792984247208,0.30525362491607666,0.3152388334274292,-0.10899395495653152,0.3957032561302185,0.45127367973327637,-0.04543831944465637,0.39918091893196106,0.36529427766799927,-0.0758349671959877,0.36895090341567993,0.33766964077949524,-0.09061665087938309,0.3359221816062927,0.3336299955844879,-0.09626114368438721,0.4160075783729553,0.487537682056427,-0.06076304242014885,0.41611433029174805,0.4213660955429077,-0.08172725886106491,0.4032668173313141,0.3800910711288452,-0.09135431051254272,0.38611578941345215,0.3515649735927582,-0.09574014693498611
0.37731605768203735,0.6419796943664551,2.2043340663913114e-07,0.33297815918922424,0.6019105315208435,-0.022702353075146675,0.3030441105365753,0.5511256456375122,-0.03570691868662834,0.2804330587387085,0.503187358379364,-0.04743466526269913,0.2712421417236328,0.4574059844017029,-0.05800841376185417,0.30000075697898865,0.4337772727012634,0.0096946582198143,0.29148146510124207,0.37224268913269043,0.001800502766855061,0.2887371778488159,0.3426181674003601,-0.01825776696205139,0.2875826954841614,0.3103097677230835,-0.037924524396657944,0.33700138330459595,0.42472970485687256,0.010345877148211002,0.3275056481361389,0.35850149393081665,0.006692655850201845,0.3283812701702118,0.3345407247543335,-0.014234733767807484,0.3259480893611908,0.30321499705314636,-0.03494557738304138,0.36703261733055115,0.4300740361213684,0.0069977217353880405,0.36229583621025085,0.3693852424621582,0.0054089841432869434,0.3603214621543884,0.3377208709716797,-0.004206658806651831,0.3597891926765442,0.3154354691505432,-0.015885090455412865,0.40530240535736084,0.45463815331459045,0.00026717776199802756,0.39794808626174927,0.39274272322654724,-0.0006673555471934378,0.39440682530403137,0.3582117259502411,-0.0028301302809268236,0.3903704881668091,0.32755881547927856,-0.008010996505618095
0.34532812237739563,0.63606196641922,3.5874731452167907e-07,0.3089039623737335,0.6189716458320618,-0.035418592393398285,0.28414270281791687,0.5774872303009033,-0.05719199776649475,0.27357766032218933,0.5369070768356323,-0.07566282898187637,0.2582414150238037,0.5026795268058777,-0.0924527570605278,0.2667703926563263,0.44498902559280396,-0.02423621341586113,0.2538437247276306,0.37339431047439575,-0.04980848357081413,0.2594150900840759,0.3333039879798889,-0.07430452108383179,0.2727065682411194,0.3132588267326355,-0.09021838009357452,0.30113697052001953,0.429762065410614,-0.02084137313067913,0.29020726680755615,0.3521896004676819,-0.041708994656801224,0.295725554227829,0.3167058825492859,-0.06417905539274216,0.30493372678756714,0.30027782917022705,-0.08013860136270523,0.333080917596817,0.4309495687484741,-0.022365421056747437,0.3248932957649231,0.35843425989151,-0.037923380732536316,0.32391536235809326,0.32058700919151306,-0.05340562015771866,0.32874372601509094,0.3003433346748352,-0.06475365161895752,0.368738055229187,0.4458358883857727,-0.02771598845720291,0.35851940512657166,0.38456612825393677,-0.03952432796359062,0.3514881432056427,0.34623298048973083,-0.04885631054639816,0.3477892279624939,0.31473293900489807,-0.05592067539691925
0.33939096331596375,0.631899356842041,3.353521549342986e-07,0.30299583077430725,0.6160852313041687,-0.041374679654836655,0.27894696593284607,0.5752665400505066,-0.06550779938697815,0.2673189043998718,0.5391380786895752,-0.08510785549879074,0.25343334674835205,0.5080751776695251,-0.10336951911449432,0.2618941068649292,0.4381983280181885,-0.026951737701892853,0.252613365650177,0.3701236844062805,-0.050178688019514084,0.2564152777194977,0.333674818277359,-0.0763242244720459,0.2667059004306793,0.3149307370185852,-0.09569953382015228,0.3000395894050598,0.42539528012275696,-0.02102404646575451,0.29008615016937256,0.3487960696220398,-0.040812816470861435,0.2946614921092987,0.31829333305358887,-0.07017988711595535,0.3003791272640228,0.3007330596446991,-0.09389243274927139,0.33214905858039856,0.4282034635543823,-0.01981240138411522,0.3266147971153259,0.35769522190093994,-0.03567230701446533,0.32357466220855713,0.3221181035041809,-0.05941246822476387,0.3274788558483124,0.31017959117889404,-0.07839901745319366,0.3686264753341675,0.4466680586338043,-0.02248455584049225,0.35925108194351196,0.3852284252643585,-0.034771401435136795,0.35292500257492065,0.34572669863700867,-0.04957496374845505,0.34981444478034973,0.3160751760005951,-0.06278905272483826
0.3420114815235138,0.6303272247314453,3.3671037158455874e-07,0.3057701885700226,0.6144471764564514,-0.04037592187523842,0.28077054023742676,0.5769574046134949,-0.06435000151395798,0.27148324251174927,0.5423253178596497,-0.08406861126422882,0.2594055235385895,0.508239209651947,-0.1021403893828392,0.2643622159957886,0.43683651089668274,-0.026888282969594002,0.25551262497901917,0.3696788251399994,-0.051767025142908096,0.26121625304222107,0.33239179849624634,-0.07798661291599274,0.2729173004627228,0.3163178861141205,-0.09592664986848831,0.3014921545982361,0.42457258701324463,-0.02103964425623417,0.2925634980201721,0.3489021360874176,-0.04214964807033539,0.2972627282142639,0.3174223303794861,-0.06944968551397324,0.30404046177864075,0.3055095076560974,-0.09007474035024643,0.33433473110198975,0.42716169357299805,-0.020139412954449654,0.33076316118240356,0.3571699857711792,-0.036629173904657364,0.3275454342365265,0.3219784200191498,-0.057756684720516205,0.32999566197395325,0.3120138645172119,-0.07361818104982376,0.37013620138168335,0.4451131224632263,-0.023113641887903214,0.36288779973983765,0.38423341512680054,-0.03610483184456825,0.3571457266807556,0.34547942876815796,-0.049262892454862595,0.35398954153060913,0.3176248073577881,-0.05989496037364006
0.3508896827697754,0.6201633214950562,4.3911637703786255e-07,0.32538750767707825,0.5920323729515076,-0.04385417327284813,0.3194105327129364,0.5438529253005981,-0.06918656080961227,0.3460637927055359,0.5036872029304504,-0.08975381404161453,0.38098666071891785,0.4832422137260437,-0.10764367133378983,0.3099905550479889,0.4202667772769928,-0.03256002813577652,0.3142321705818176,0.34764334559440613,-0.060045599937438965,0.33736658096313477,0.3155682682991028,-0.08500232547521591,0.36318668723106384,0.30336642265319824,-0.10110187530517578,0.338425874710083,0.41438978910446167,-0.023678328841924667,0.3420901596546173,0.33955615758895874,-0.04728645458817482,0.36203163862228394,0.3117601275444031,-0.0679149180650711,0.3824130892753601,0.30028825998306274,-0.08083176612854004,0.36588525772094727,0.42152267694473267,-0.020031243562698364,0.37037593126296997,0.3501265048980713,-0.03693114593625069,0.3835012912750244,0.3194982409477234,-0.0483631007373333,0.3992369771003723,0.3013305068016052,-0.05512227863073349,0.3933308720588684,0.44094428420066833,-0.021288005635142326,0.3955049514770508,0.38255569338798523,-0.03240182250738144,0.4009717106819153,0.3473658263683319,-0.03849158063530922,0.4097018539905548,0.3179630935192108,-0.04202961176633835
0.34403887391090393,0.6055163145065308,5.789544843537442e-07,0.3322821259498596,0.5848235487937927,-0.060073867440223694,0.33769354224205017,0.5430628061294556,-0.08999158442020416,0.36795365810394287,0.5083560347557068,-0.11138318479061127,0.4017092287540436,0.48286908864974976,-0.13027799129486084,0.3190115690231323,0.4101599454879761,-0.04823609068989754,0.3279186487197876,0.33614441752433777,-0.07534006983041763,0.35442158579826355,0.3033113181591034,-0.10023143142461777,0.3830600380897522,0.2897263467311859,-0.1166737899184227,0.3468395471572876,0.4054059088230133,-0.029587913304567337,0.35783833265304565,0.3315233886241913,-0.05351264774799347,0.3823767304420471,0.3012528419494629,-0.07721277326345444,0.4081721901893616,0.28927886486053467,-0.093446284532547,0.3720947802066803,0.413591206073761,-0.016819516196846962,0.382478803396225,0.344743937253952,-0.03530658781528473,0.4005328416824341,0.31297042965888977,-0.05343323573470116,0.42225903272628784,0.2967137098312378,-0.0654895231127739,0.39379557967185974,0.43198448419570923,-0.009782586246728897,0.402376651763916,0.37388595938682556,-0.024132907390594482,0.4126851558685303,0.34121501445770264,-0.036577656865119934,0.4275893568992615,0.3172917664051056,-0.045211564749479294
0.33623361587524414,0.5973771214485168,6.595112722607155e-07,0.329137921333313,0.5763392448425293,-0.06713715195655823,0.34502914547920227,0.530762791633606,-0.09768170118331909,0.3844186067581177,0.49464425444602966,-0.11787303537130356,0.4247278571128845,0.4673222303390503,-0.13588130474090576,0.32968175411224365,0.39842721819877625,-0.051522474735975266,0.3466057777404785,0.32087016105651855,-0.073785200715065,0.37806564569473267,0.28860923647880554,-0.09665574878454208,0.40942156314849854,0.2790164351463318,-0.11221670359373093,0.35210078954696655,0.3972478210926056,-0.026780499145388603,0.3650834262371063,0.319252610206604,-0.04606444388628006,0.39321470260620117,0.28900519013404846,-0.07096996158361435,0.4222260117530823,0.28210529685020447,-0.0887952595949173,0.37377041578292847,0.40699270367622375,-0.007619817741215229,0.3841392695903778,0.33485084772109985,-0.021283017471432686,0.40588152408599854,0.3028055429458618,-0.04199879616498947,0.4302835166454315,0.28916704654693604,-0.05710901692509651,0.3923827111721039,0.4267890751361847,0.00554260890930891,0.4028192162513733,0.36528053879737854,-0.004414266441017389,0.4154997766017914,0.3335105776786804,-0.017337290570139885,0.4311222434043884,0.3132660686969757,-0.027311043813824654
0.3265540599822998,0.5827600955963135,6.754616492798959e-07,0.3309645652770996,0.5657669305801392,-0.07730647921562195,0.3669700622558594,0.5333325266838074,-0.10491356253623962,0.41998881101608276,0.5252333879470825,-0.11716215312480927,0.4662681818008423,0.5196859240531921,-0.12587353587150574,0.37773096561431885,0.3995155096054077,-0.05627940967679024,0.4098159074783325,0.32337939739227295,-0.07189466059207916,0.44700878858566284,0.30776262283325195,-0.08945726603269577,0.47853249311447144,0.3152396082878113,-0.10064450651407242,0.39173388481140137,0.40421971678733826,-0.01974612846970558,0.41895756125450134,0.3235587775707245,-0.03049588017165661,0.45413538813591003,0.3086126744747162,-0.049822643399238586,0.4829303026199341,0.32197707891464233,-0.0639159306883812,0.4042603373527527,0.41937145590782166,0.010541379451751709,0.4281604290008545,0.3493333160877228,0.0022228159941732883,0.45694223046302795,0.3322213292121887,-0.019695520401000977,0.48349255323410034,0.3347521424293518,-0.035577185451984406,0.4158436059951782,0.442066490650177,0.034390270709991455,0.43701812624931335,0.3938346803188324,0.027063898742198944,0.4564192295074463,0.37938782572746277,0.012165120802819729,0.4743388891220093,0.37777480483055115,0.0009588997927494347
0.3160941004753113,0.5705282092094421,6.371410563588142e-07,0.336560994386673,0.5591291189193726,-0.05797888711094856,0.3821941614151001,0.5430963039398193,-0.08308092504739761,0.43438419699668884,0.5520273447036743,-0.09649188816547394,0.47724223136901855,0.5591275095939636,-0.10627074539661407,0.3881351351737976,0.4089209735393524,-0.05234117805957794,0.4353947341442108,0.3385932743549347,-0.07123176753520966,0.47972264885902405,0.3398136794567108,-0.08785819262266159,0.512291669845581,0.35918134450912476,-0.0967925414443016,0.3937048316001892,0.40762490034103394,-0.025335857644677162,0.4405140280723572,0.328290194272995,-0.0398978553712368,0.4826354682445526,0.3335159718990326,-0.05474112182855606,0.5106194615364075,0.36085256934165955,-0.06309925764799118,0.4003840386867523,0.41873911023139954,-0.0022067197132855654,0.44249650835990906,0.35646817088127136,-0.0110019501298666,0.47838640213012695,0.3543391823768616,-0.02392037957906723,0.5053393840789795,0.3673970699310303,-0.03165261074900627,0.4077727198600769,0.4420863389968872,0.016062896698713303,0.44215163588523865,0.4023233950138092,0.011838197708129883,0.46778830885887146,0.39448273181915283,0.004561906680464745,0.4855016767978668,0.3956344723701477,0.0002832930185832083
0.3214687705039978,0.5728965401649475,7.678149813727941e-07,0.3584820032119751,0.5571637153625488,-0.0469864122569561,0.41014614701271057,0.5514561533927917,-0.06875880062580109,0.46591007709503174,0.5758212804794312,-0.08091986179351807,0.5072858929634094,0.5885412693023682,-0.08973553031682968,0.4210992157459259,0.405256450176239,-0.04130278155207634,0.47544756531715393,0.34644845128059387,-0.05295664817094803,0.5202191472053528,0.35969483852386475,-0.0648389682173729,0.5504995584487915,0.3894602358341217,-0.07096293568611145,0.41447746753692627,0.4116608202457428,-0.01797136850655079,0.4722554087638855,0.34202665090560913,-0.022659745067358017,0.5162748694419861,0.35585135221481323,-0.0324447862803936,0.5412288904190063,0.39105528593063354,-0.039257001131772995,0.4079970419406891,0.4337438941001892,0.0022880907636135817,0.4606741964817047,0.38269278407096863,-0.0004849093675147742,0.5030801892280579,0.38870739936828613,-0.016022317111492157,0.5303525924682617,0.4118128716945648,-0.027519937604665756,0.40420737862586975,0.46967002749443054,0.019051039591431618,0.4478076696395874,0.45948678255081177,0.015830254182219505,0.48034852743148804,0.47211921215057373,0.005471028853207827,0.500537633895874,0.49205106496810913,-0.0014552571810781956
0.31827521324157715,0.5538141131401062,8.033433687160141e-07,0.3582889139652252,0.545108437538147,-0.04653027281165123,0.4130364656448364,0.5450128316879272,-0.06975556164979935,0.46871042251586914,0.5779837369918823,-0.08335895836353302,0.5070884823799133,0.5950644612312317,-0.09349559992551804,0.4318246841430664,0.4046383500099182,-0.04985756799578667,0.4989861845970154,0.36554309725761414,-0.06500229239463806,0.5417245626449585,0.395486980676651,-0.07727464288473129,0.5664156079292297,0.4330727159976959,-0.08335328102111816,0.42080157995224,0.4083322286605835,-0.02862008847296238,0.49203723669052124,0.35800492763519287,-0.037810783833265305,0.5352461934089661,0.3858073353767395,-0.048080042004585266,0.5541989207267761,0.4289596676826477,-0.05481048673391342,0.4090880751609802,0.43113967776298523,-0.009850827045738697,0.47228485345840454,0.39916467666625977,-0.018002687022089958,0.515347421169281,0.41694357991218567,-0.035127755254507065,0.5381560325622559,0.4460826516151428,-0.0468522273004055,0.400325208902359,0.47131314873695374,0.005898203235119581,0.4521864056587219,0.48418816924095154,-0.002387810731306672,0.4865153133869171,0.5089403390884399,-0.014708775095641613,0.5048224925994873,0.5356942415237427,-0.022476494312286377
0.3229447901248932,0.5362088084220886,7.481172588086338e-07,0.34880220890045166,0.5380709171295166,-0.06746280938386917,0.3984554409980774,0.5330825448036194,-0.09277430921792984,0.454992413520813,0.5522252917289734,-0.10290491580963135,0.4995757043361664,0.5567900538444519,-0.10860142856836319,0.42143112421035767,0.38887888193130493,-0.053333837538957596,0.481017142534256,0.3430529534816742,-0.06104101240634918,0.5220377445220947,0.359890341758728,-0.06971931457519531,0.5473381876945496,0.3900355100631714,-0.0739598274230957,0.4214807450771332,0.38227957487106323,-0.016511404886841774,0.4855695962905884,0.33073121309280396,-0.020587073639035225,0.5227466821670532,0.35456573963165283,-0.03041389398276806,0.5423480868339539,0.39383363723754883,-0.037016257643699646,0.42178472876548767,0.3875996470451355,0.016341326758265495,0.4760124981403351,0.3470451235771179,0.015010407194495201,0.5088111162185669,0.3628089725971222,0.002227791352197528,0.5303394198417664,0.3911712169647217,-0.007169887889176607,0.42331844568252563,0.40486449003219604,0.044048573821783066,0.4659920632839203,0.37515053153038025,0.04374835267663002,0.49295586347579956,0.38276779651641846,0.036124423146247864,0.5118258595466614,0.39830321073532104,0.030741870403289795
0.3218247890472412,0.5484809875488281,6.464103989856085e-07,0.34009599685668945,0.522685170173645,-0.05792564898729324,0.3826127052307129,0.49249041080474854,-0.07586932182312012,0.4352805018424988,0.48590803146362305,-0.08138984441757202,0.47698429226875305,0.4812294840812683,-0.083013616502285,0.3849933445453644,0.36258605122566223,-0.03633066266775131,0.42981165647506714,0.29452040791511536,-0.04563210904598236,0.470615953207016,0.2889817953109741,-0.0584455281496048,0.501220166683197,0.3048700988292694,-0.06608254462480545,0.3927454352378845,0.36523205041885376,-0.006532389670610428,0.43425512313842773,0.2880428433418274,-0.01065822597593069,0.47340649366378784,0.2832545340061188,-0.025280646979808807,0.5005922913551331,0.3075870871543884,-0.035982705652713776,0.4004618525505066,0.3799177408218384,0.018480341881513596,0.43710070848464966,0.3172125816345215,0.016757672652602196,0.46998634934425354,0.3098996877670288,-0.0022187496069818735,0.4957287013530731,0.3240378499031067,-0.016853900626301765,0.40809300541877747,0.40516337752342224,0.038556523621082306,0.435207337141037,0.3729044497013092,0.03554743528366089,0.45700395107269287,0.36784547567367554,0.022357648238539696,0.47376659512519836,0.37574467062950134,0.012598895467817783
0.3380458354949951,0.5464869737625122,7.725433874838927e-07,0.3302552103996277,0.5276705026626587,-0.08289868384599686,0.3417181074619293,0.4768415689468384,-0.11936447769403458,0.37196218967437744,0.4366381764411926,-0.14184018969535828,0.4063641130924225,0.407439261674881,-0.1618872731924057,0.33115366101264954,0.343637615442276,-0.06618795543909073,0.348600834608078,0.2713700830936432,-0.0877557024359703,0.3811298906803131,0.24291665852069855,-0.11030197888612747,0.41291147470474243,0.23985537886619568,-0.12548969686031342,0.3515194356441498,0.34296754002571106,-0.03212171047925949,0.3675406873226166,0.2625952363014221,-0.051102977246046066,0.3992306590080261,0.2349766343832016,-0.0770760253071785,0.4304513931274414,0.233756422996521,-0.09579282999038696,0.37132078409194946,0.35068440437316895,-0.004297745879739523,0.38353386521339417,0.2742825448513031,-0.01785285584628582,0.40901488065719604,0.24891528487205505,-0.0416434183716774,0.43537771701812744,0.24502073228359222,-0.05914277210831642,0.3874131739139557,0.3643478453159332,0.016616657376289368,0.398110032081604,0.3030054271221161,0.007456345017999411,0.4154643714427948,0.27313584089279175,-0.008061275817453861,0.43541252613067627,0.25735020637512207,-0.020661164075136185
0.3584143817424774,0.5794374942779541,3.405323809602123e-07,0.32554543018341064,0.5638588666915894,-0.044204387813806534,0.3009859025478363,0.5295754075050354,-0.07140670716762543,0.28893598914146423,0.5026817321777344,-0.09347132593393326,0.2741754353046417,0.47147509455680847,-0.114504873752594,0.2882773280143738,0.3799286484718323,-0.03660673275589943,0.2800719141960144,0.31221282482147217,-0.061498649418354034,0.28363698720932007,0.2748774588108063,-0.08865012973546982,0.2918190062046051,0.2539423406124115,-0.10859234631061554,0.325737327337265,0.3694813847541809,-0.029796263203024864,0.319568932056427,0.2920140027999878,-0.051940999925136566,0.32296010851860046,0.26342132687568665,-0.08117593824863434,0.32726913690567017,0.2512080669403076,-0.10405400395393372,0.35847246646881104,0.3769703209400177,-0.0273276474326849,0.35810768604278564,0.3055761754512787,-0.0449625663459301,0.35587039589881897,0.2730830907821655,-0.06813608109951019,0.35861876606941223,0.26817774772644043,-0.08596909791231155,0.39379677176475525,0.4001729190349579,-0.02879427559673786,0.3906877040863037,0.3387303054332733,-0.042832307517528534,0.3873153030872345,0.3017292022705078,-0.057344380766153336,0.3862415552139282,0.278253972530365,-0.06959586590528488
0.358956903219223,0.5733329653739929,4.130750994590926e-07,0.3258064091205597,0.5601068735122681,-0.04735734313726425,0.30080446600914,0.5258011221885681,-0.07600019127130508,0.2917068600654602,0.4942801892757416,-0.09910108894109726,0.27834948897361755,0.4662070870399475,-0.12099970132112503,0.2908947467803955,0.3799581825733185,-0.04029799997806549,0.2820250391960144,0.3128674626350403,-0.06648626178503036,0.28760790824890137,0.27345430850982666,-0.09250033646821976,0.29885831475257874,0.24878603219985962,-0.11124905943870544,0.32740533351898193,0.3691983222961426,-0.0326896607875824,0.3202654719352722,0.2956462800502777,-0.055844660848379135,0.32553011178970337,0.26385337114334106,-0.08316896855831146,0.33449700474739075,0.2473648339509964,-0.10436034947633743,0.3603961169719696,0.3745850622653961,-0.030113132670521736,0.3582466244697571,0.3055364489555359,-0.049419913440942764,0.35818031430244446,0.27158012986183167,-0.07247713208198547,0.36385807394981384,0.2612265348434448,-0.08984968811273575,0.3955424129962921,0.39439359307289124,-0.03181631863117218,0.39090120792388916,0.33256253600120544,-0.047511182725429535,0.38802996277809143,0.2952882647514343,-0.0629783570766449,0.3875257968902588,0.26963165402412415,-0.0756126195192337
0.36902040243148804,0.5711854100227356,4.3299397134433093e-07,0.34245187044143677,0.5490407943725586,-0.04051588103175163,0.3261938989162445,0.5070825219154358,-0.06536202132701874,0.3297324776649475,0.4704487919807434,-0.08649501949548721,0.33407893776893616,0.4499778747558594,-0.10561833530664444,0.30594536662101746,0.37522298097610474,-0.028911035507917404,0.3009679615497589,0.3029572367668152,-0.05668279156088829,0.3179488778114319,0.2661818265914917,-0.08306794613599777,0.33991312980651855,0.2501089870929718,-0.10022515803575516,0.33895474672317505,0.3655499815940857,-0.02340518683195114,0.33409833908081055,0.2859225869178772,-0.049094509333372116,0.3488117754459381,0.2538638114929199,-0.07440555095672607,0.36539140343666077,0.242823988199234,-0.09075289219617844,0.36989903450012207,0.3714612126350403,-0.022872403264045715,0.3680572509765625,0.2959676682949066,-0.04194488003849983,0.37582048773765564,0.2604004144668579,-0.059079427272081375,0.3871940076351166,0.24536025524139404,-0.0699051171541214,0.4023949205875397,0.39027559757232666,-0.026555638760328293,0.39976999163627625,0.329812228679657,-0.03957648202776909,0.4012496769428253,0.29304641485214233,-0.04908623546361923,0.40616175532341003,0.2661188244819641,-0.0556611493229866
0.3605145514011383,0.5639578700065613,6.316045642051904e-07,0.3548068106174469,0.5577645897865295,-0.07217985391616821,0.3628900945186615,0.5203678607940674,-0.10950479656457901,0.3942408263683319,0.48312684893608093,-0.13613323867321014,0.4295501112937927,0.44805827736854553,-0.16076140105724335,0.33088594675064087,0.38708049058914185,-0.07096000015735626,0.33122530579566956,0.30380669236183167,-0.10301419347524643,0.3561915159225464,0.26422742009162903,-0.12996792793273926,0.38558119535446167,0.24737103283405304,-0.14733971655368805,0.35338085889816284,0.372791588306427,-0.046675775200128555,0.353900671005249,0.29034891724586487,-0.07759907841682434,0.38041967153549194,0.25434383749961853,-0.1069098711013794,0.41069573163986206,0.24386702477931976,-0.1265459656715393,0.37601807713508606,0.3713929057121277,-0.02778076007962227,0.3752521872520447,0.2953310012817383,-0.0516824796795845,0.3957066535949707,0.25907814502716064,-0.07761920988559723,0.42205214500427246,0.24546568095684052,-0.09488261491060257,0.3961535692214966,0.38150984048843384,-0.014798494055867195,0.39747536182403564,0.32013124227523804,-0.0334291011095047,0.40827643871307373,0.28526121377944946,-0.05198489874601364,0.42507249116897583,0.2662053108215332,-0.06514199823141098
0.35710835456848145,0.5706943869590759,6.580949047929607e-07,0.3501846492290497,0.5621171593666077,-0.0734940618276596,0.35965055227279663,0.5203106999397278,-0.10895805060863495,0.3913373053073883,0.48007553815841675,-0.13310036063194275,0.4256354570388794,0.4438987374305725,-0.15490832924842834,0.3294946849346161,0.383019357919693,-0.06549904495477676,0.33290597796440125,0.29959797859191895,-0.09365108609199524,0.3594805896282196,0.25994348526000977,-0.11883177608251572,0.3894593119621277,0.24322929978370667,-0.1353040337562561,0.35255134105682373,0.37119534611701965,-0.03900045529007912,0.3569154441356659,0.28776228427886963,-0.06552759557962418,0.3837384581565857,0.25198841094970703,-0.09361444413661957,0.4133593738079071,0.24183997511863708,-0.11295080184936523,0.37534523010253906,0.37188318371772766,-0.018192389979958534,0.37740418314933777,0.2964046597480774,-0.03810824081301689,0.39861956238746643,0.26091039180755615,-0.0631464347243309,0.4247324466705322,0.24680651724338531,-0.08043260127305984,0.39541181921958923,0.38355788588523865,-0.0035760444588959217,0.3989061713218689,0.3217507600784302,-0.01890224777162075,0.4106055200099945,0.28773823380470276,-0.03649086505174637,0.42757490277290344,0.26804205775260925,-0.04941834136843681
0.35976120829582214,0.5750167369842529,6.275431587710045e-07,0.34901657700538635,0.5654516220092773,-0.0696878507733345,0.3526647686958313,0.5271083116531372,-0.10593511164188385,0.3792811334133148,0.49093204736709595,-0.1324235051870346,0.4126189649105072,0.45761534571647644,-0.15663933753967285,0.33023801445961,0.3850376307964325,-0.06332772970199585,0.3318043649196625,0.30372536182403564,-0.09567221999168396,0.3577004671096802,0.2652320861816406,-0.12408173829317093,0.3879610598087311,0.2478937953710556,-0.14266903698444366,0.35519421100616455,0.3738671839237213,-0.04141226038336754,0.35767680406570435,0.2918397784233093,-0.07218711078166962,0.3832504451274872,0.25752976536750793,-0.10197170078754425,0.41217485070228577,0.24687591195106506,-0.12215521186590195,0.3796041011810303,0.3758285343647003,-0.02541443333029747,0.38174593448638916,0.2997777760028839,-0.049455076456069946,0.401984840631485,0.2654992341995239,-0.07458367198705673,0.42739495635032654,0.2535894513130188,-0.0912695974111557,0.4011523127555847,0.3892746865749359,-0.015493166632950306,0.4051879048347473,0.32810544967651367,-0.03435440734028816,0.4170081317424774,0.2931385338306427,-0.05243704468011856,0.4341205060482025,0.27261364459991455,-0.06522317230701447
0.3522334396839142,0.5696958303451538,5.882537834622781e-07,0.35130512714385986,0.5551575422286987,-0.06373480707406998,0.37245458364486694,0.5171411037445068,-0.0927526131272316,0.4149099588394165,0.49131450057029724,-0.11174781620502472,0.4550432562828064,0.47365862131118774,-0.1280035525560379,0.35765013098716736,0.38194817304611206,-0.04934415966272354,0.37343141436576843,0.3065589964389801,-0.07097158581018448,0.4046683609485626,0.2781214714050293,-0.09227423369884491,0.4346296787261963,0.27191418409347534,-0.10627640038728714,0.37289342284202576,0.37387192249298096,-0.025340111926198006,0.38068029284477234,0.2941462993621826,-0.045071620494127274,0.41072189807891846,0.2681339383125305,-0.06685162335634232,0.4405718445777893,0.2718215584754944,-0.08151502162218094,0.3895756006240845,0.3795761168003082,-0.006829970516264439,0.39478522539138794,0.3032377362251282,-0.022621994838118553,0.4185226857662201,0.27841490507125854,-0.041699592024087906,0.44424888491630554,0.2752099633216858,-0.05410884693264961,0.40398967266082764,0.39428210258483887,0.006122871767729521,0.4106208086013794,0.33386752009391785,-0.006297470536082983,0.42451006174087524,0.3083801567554474,-0.01911814697086811,0.44239047169685364,0.29903510212898254,-0.027643514797091484
0.32595357298851013,0.5756528377532959,7.001323751865129e-07,0.3450738191604614,0.5721946954727173,-0.06425705552101135,0.3937638998031616,0.5653109550476074,-0.09116008132696152,0.45114296674728394,0.5857558846473694,-0.1051219031214714,0.4982333183288574,0.5980575084686279,-0.11612210422754288,0.4223841428756714,0.42741626501083374,-0.0522519052028656,0.48051467537879944,0.3797816336154938,-0.06607832759618759,0.5217413902282715,0.3987498879432678,-0.0813320204615593,0.5489821434020996,0.4310246407985687,-0.09044109284877777,0.42522525787353516,0.42334219813346863,-0.021412143483757973,0.4876153767108917,0.36599457263946533,-0.033698778599500656,0.5268364548683167,0.3912908434867859,-0.05131794139742851,0.5460184216499329,0.4358610510826111,-0.062448181211948395,0.4271741509437561,0.4307232201099396,0.005448153242468834,0.481910765171051,0.3839976191520691,-0.001897415961138904,0.5158872008323669,0.40022850036621094,-0.019398199394345284,0.5367536544799805,0.4306160807609558,-0.031090471893548965,0.42861899733543396,0.4494365155696869,0.027318697422742844,0.4730823040008545,0.4178581237792969,0.02311846986413002,0.5008187294006348,0.4221530556678772,0.012774793431162834,0.5191342830657959,0.43613359332084656,0.005614920053631067
0.32937511801719666,0.5644454956054688,6.853366585346521e-07,0.3451233208179474,0.560693621635437,-0.06656750291585922,0.3927443027496338,0.5502379536628723,-0.09333617985248566,0.45070821046829224,0.5639178156852722,-0.10585740208625793,0.4990038573741913,0.5747581720352173,-0.11489150673151016,0.41533219814300537,0.4132203459739685,-0.05696327984333038,0.4737502932548523,0.361930787563324,-0.07212095707654953,0.5178484320640564,0.37545517086982727,-0.08681902289390564,0.5487651228904724,0.4023491144180298,-0.09536659717559814,0.42255890369415283,0.40808773040771484,-0.024860771372914314,0.4838593304157257,0.34487205743789673,-0.0382380448281765,0.5245070457458496,0.3658083975315094,-0.05451859161257744,0.5468140244483948,0.40673214197158813,-0.06431511789560318,0.42920738458633423,0.4146897792816162,0.0031015733256936073,0.48157304525375366,0.36391937732696533,-0.005658112931996584,0.5158401727676392,0.3780372142791748,-0.022210655733942986,0.5384216904640198,0.40532857179641724,-0.032863862812519073,0.4346524775028229,0.4331580698490143,0.02590348571538925,0.47586116194725037,0.3979833722114563,0.02005912736058235,0.503479540348053,0.4011703431606293,0.009127490222454071,0.5221869349479675,0.4137879014015198,0.001955506857484579
0.32099083065986633,0.548926055431366,6.79648337609251e-07,0.3400714099407196,0.5502957105636597,-0.06223924085497856,0.38985204696655273,0.5466808080673218,-0.08873054385185242,0.4471175968647003,0.5646789073944092,-0.10210440307855606,0.49475425481796265,0.5751651525497437,-0.11212442815303802,0.414686381816864,0.4070296287536621,-0.05400208756327629,0.4754761755466461,0.36315155029296875,-0.06901350617408752,0.5185313820838928,0.3816866874694824,-0.08373339474201202,0.547390878200531,0.41215312480926514,-0.0925513505935669,0.4205431044101715,0.40084612369537354,-0.02432074025273323,0.48625850677490234,0.3438567817211151,-0.03869438171386719,0.5261940360069275,0.3715643286705017,-0.05524903163313866,0.5459774732589722,0.41598838567733765,-0.06514760851860046,0.42495742440223694,0.40794602036476135,0.0017016803612932563,0.48170796036720276,0.36350634694099426,-0.00825878418982029,0.5166053175926208,0.3814142644405365,-0.024688152596354485,0.5372157692909241,0.41141510009765625,-0.035003215074539185,0.42824700474739075,0.4300532937049866,0.02312910370528698,0.47399890422821045,0.40162286162376404,0.01669199764728546,0.5019344687461853,0.40770772099494934,0.005970084108412266,0.5192978978157043,0.4213036894798279,-0.0010239121038466692
0.34049132466316223,0.5394945740699768,7.843147500352643e-07,0.38202425837516785,0.5373864769935608,-0.06315059214830399,0.4365360736846924,0.5173503756523132,-0.08550173044204712,0.49117934703826904,0.5173207521438599,-0.0928587093949318,0.5387892723083496,0.5104373097419739,-0.09605453908443451,0.42666175961494446,0.3771360516548157,-0.04880579188466072,0.48615434765815735,0.32399266958236694,-0.05205051973462105,0.5293619632720947,0.3358924984931946,-0.05738329887390137,0.556715190410614,0.35957568883895874,-0.0587402805685997,0.4186778664588928,0.368940532207489,-0.010828380472958088,0.4800375998020172,0.30497902631759644,-0.010258740745484829,0.5215026140213013,0.320009708404541,-0.0167581494897604,0.5436795949935913,0.3555496335029602,-0.020460279658436775,0.4143834412097931,0.3737662434577942,0.024080872535705566,0.46455109119415283,0.321328729391098,0.026857346296310425,0.49929171800613403,0.3297860026359558,0.017229294404387474,0.5215780735015869,0.3521551787853241,0.01087037194520235,0.4164297580718994,0.3865339756011963,0.05447983369231224,0.4575553834438324,0.34285563230514526,0.05876477435231209,0.4854211211204529,0.3429940342903137,0.05516967922449112,0.5047022700309753,0.3537335991859436,0.05307096987962723
0.36482423543930054,0.527434766292572,6.658797246927861e-07,0.4154856503009796,0.5244579315185547,-0.049400173127651215,0.47140946984291077,0.5016986727714539,-0.0659080222249031,0.5253331065177917,0.4951750636100769,-0.07079506665468216,0.5667934417724609,0.48559895157814026,-0.07133045047521591,0.4564707279205322,0.3650169372558594,-0.032994091510772705,0.5066367983818054,0.30115264654159546,-0.03572315722703934,0.5455191135406494,0.30784088373184204,-0.04061204567551613,0.5723332166671753,0.328607439994812,-0.041409000754356384,0.4407634139060974,0.3569871187210083,-0.0020059312228113413,0.49581870436668396,0.29176050424575806,0.001223632600158453,0.534605085849762,0.3030995726585388,-0.0032302585896104574,0.5594804286956787,0.33243292570114136,-0.006117776036262512,0.4313053786754608,0.36201852560043335,0.02616710402071476,0.47989359498023987,0.3109181523323059,0.03057906962931156,0.5138451457023621,0.31648990511894226,0.022341225296258926,0.5372348427772522,0.33683785796165466,0.01641027256846428,0.4292822480201721,0.3742842972278595,0.05060935020446777,0.46948307752609253,0.3353421688079834,0.055527687072753906,0.4973495602607727,0.3383631110191345,0.053045060485601425,0.5169118642807007,0.3515207767486572,0.05190117284655571
0.3729102611541748,0.5264143347740173,7.079291322042991e-07,0.41559913754463196,0.4942980408668518,-0.054327771067619324,0.46534788608551025,0.4533306658267975,-0.0682041198015213,0.5174936652183533,0.4335630238056183,-0.06998271495103836,0.5568941235542297,0.4083111584186554,-0.06740561127662659,0.4328532814979553,0.3322030305862427,-0.013410567305982113,0.4705857038497925,0.26724863052368164,-0.003459543688222766,0.508385956287384,0.2593425512313843,-0.0034022738691419363,0.53410804271698,0.27258598804473877,-0.0027364895213395357,0.42530176043510437,0.33933138847351074,0.021751757711172104,0.46499091386795044,0.26672524213790894,0.037346046417951584,0.5011999607086182,0.2643510699272156,0.033596064895391464,0.5279944539070129,0.2850034236907959,0.029518973082304,0.42298921942710876,0.34942567348480225,0.052554965019226074,0.4563102722167969,0.28769877552986145,0.06802314519882202,0.48563069105148315,0.2813021242618561,0.06044707074761391,0.5092368125915527,0.2936089336872101,0.052628062665462494,0.42745447158813477,0.362807959318161,0.07837194949388504,0.4546626806259155,0.31115061044692993,0.08984081447124481,0.47716835141181946,0.3011142611503601,0.08721800893545151,0.49593695998191833,0.30206429958343506,0.08453751355409622
0.37266966700553894,0.5266322493553162,7.538795898653916e-07,0.40820297598838806,0.48752713203430176,-0.06360869109630585,0.45254817605018616,0.4413391351699829,-0.0785851776599884,0.5047379732131958,0.41896581649780273,-0.0793391689658165,0.5439220070838928,0.38816598057746887,-0.075262650847435,0.41867566108703613,0.32263725996017456,-0.019211355596780777,0.4455112814903259,0.25110137462615967,-0.010270454920828342,0.4837116301059723,0.23927707970142365,-0.01119838934391737,0.5108389854431152,0.252785861492157,-0.011069224216043949,0.41929182410240173,0.3344309329986572,0.02116452343761921,0.4494498074054718,0.25375956296920776,0.03559113293886185,0.48654016852378845,0.2427872270345688,0.028845494613051414,0.5147209763526917,0.2601180076599121,0.022392991930246353,0.42295438051223755,0.34829187393188477,0.05627982318401337,0.44813305139541626,0.2853414714336395,0.07097453624010086,0.47705408930778503,0.27082300186157227,0.05854189395904541,0.49989914894104004,0.27977854013442993,0.04709479585289955,0.4307377338409424,0.3673912286758423,0.08560794591903687,0.4540691375732422,0.32286861538887024,0.0957108736038208,0.4749895930290222,0.3110678791999817,0.08855675160884857,0.4912874698638916,0.311988890171051,0.08221171051263809
0.37248659133911133,0.5272167921066284,7.632517053934862e-07,0.4062844216823578,0.4872073531150818,-0.06520959734916687,0.45016488432884216,0.4423425495624542,-0.08161977678537369,0.5023828744888306,0.42068415880203247,-0.08380312472581863,0.5421678423881531,0.3884463608264923,-0.08136450499296188,0.41649338603019714,0.3239997327327728,-0.02064964920282364,0.4432492256164551,0.25213783979415894,-0.012547969818115234,0.48166805505752563,0.23993344604969025,-0.015373471193015575,0.5095570683479309,0.251953661441803,-0.017103003337979317,0.41868072748184204,0.33601170778274536,0.01973666436970234,0.4483444392681122,0.2557748258113861,0.03296739608049393,0.48555833101272583,0.24399924278259277,0.023816268891096115,0.5139673352241516,0.26035231351852417,0.015165012329816818,0.42392659187316895,0.34997400641441345,0.054745856672525406,0.44865286350250244,0.2855704426765442,0.06846319139003754,0.4775386154651642,0.2701680660247803,0.054524436593055725,0.5004473328590393,0.2781420052051544,0.04168233647942543,0.4329173266887665,0.3685285747051239,0.0838712677359581,0.4561314284801483,0.32131773233413696,0.09330417215824127,0.47654402256011963,0.30782657861709595,0.08534052222967148,0.49254199862480164,0.3070484399795532,0.07800590246915817
0.33165040612220764,0.5294374227523804,7.2717375587672e-07,0.35146158933639526,0.49176889657974243,-0.06523502618074417,0.39261266589164734,0.4453848898410797,-0.08284028619527817,0.44743072986602783,0.4215873181819916,-0.08686148375272751,0.48841196298599243,0.3901592791080475,-0.08702441304922104,0.3678010404109955,0.32205790281295776,-0.022277425974607468,0.39516985416412354,0.2479199916124344,-0.018435964360833168,0.4322770833969116,0.23460929095745087,-0.025058727711439133,0.46019095182418823,0.24880897998809814,-0.02950790524482727,0.37665897607803345,0.3337184488773346,0.014870446175336838,0.4045675992965698,0.25292131304740906,0.024003567174077034,0.44007036089897156,0.24084831774234772,0.010620059445500374,0.46825799345970154,0.25781846046447754,-0.0010001525515690446,0.3867400586605072,0.3491615951061249,0.046378809958696365,0.40990903973579407,0.2833264172077179,0.056456346064805984,0.4371282756328583,0.26607033610343933,0.03959577530622482,0.45951494574546814,0.27111631631851196,0.024521952494978905,0.39881888031959534,0.3720493018627167,0.07203061878681183,0.42089393734931946,0.3220497965812683,0.07901410758495331,0.4391963481903076,0.3085728883743286,0.07012739777565002,0.45198357105255127,0.30905890464782715,0.06190486252307892
0.3418290913105011,0.5305876731872559,7.271574418155069e-07,0.35811248421669006,0.4973761737346649,-0.06709197163581848,0.39988356828689575,0.45287439227104187,-0.08758600056171417,0.4557119309902191,0.42881232500076294,-0.0946994349360466,0.49971380829811096,0.40177032351493835,-0.09835295379161835,0.37784141302108765,0.3260848820209503,-0.025069158524274826,0.40687400102615356,0.2532089948654175,-0.02366718091070652,0.4455329179763794,0.24190562963485718,-0.0335460901260376,0.47479623556137085,0.25563517212867737,-0.040769558399915695,0.3863876760005951,0.33618950843811035,0.011811342090368271,0.4155012369155884,0.2556880712509155,0.01734316721558571,0.452187180519104,0.24564756453037262,0.0005891209584660828,0.48142415285110474,0.2653316259384155,-0.013480526395142078,0.3965667188167572,0.3502815365791321,0.04313947260379791,0.42118334770202637,0.282065212726593,0.05104702711105347,0.4495314359664917,0.2688637971878052,0.032843902707099915,0.4738616645336151,0.2788047790527344,0.01691633276641369,0.40922313928604126,0.37060195207595825,0.06848710775375366,0.4300679862499237,0.31793564558029175,0.07468419522047043,0.4478769302368164,0.30333051085472107,0.06507471203804016,0.46293848752975464,0.3026385009288788,0.056053344160318375
0.3411698639392853,0.5392351150512695,6.574595090569346e-07,0.3723975121974945,0.519723653793335,-0.06118230149149895,0.4243684411048889,0.49214601516723633,-0.08058024942874908,0.48316147923469543,0.48583388328552246,-0.08682841062545776,0.5282438397407532,0.47794109582901,-0.08921445161104202,0.4158383011817932,0.3596305251121521,-0.03420698642730713,0.4676584303379059,0.29888442158699036,-0.03661929443478584,0.508072555065155,0.30456385016441345,-0.043786004185676575,0.5351602435112,0.32736510038375854,-0.047314226627349854,0.41433072090148926,0.3587479293346405,-6.525927892653272e-05,0.4648728668689728,0.28497976064682007,0.0008370644063688815,0.5035596489906311,0.29253506660461426,-0.00959772989153862,0.5270727276802063,0.3265145421028137,-0.01645999401807785,0.4166523218154907,0.36886489391326904,0.029661182314157486,0.4598628878593445,0.3079453110694885,0.03175477311015129,0.4919966459274292,0.3122422993183136,0.017668157815933228,0.5131981372833252,0.3327977955341339,0.007707252632826567,0.422110378742218,0.385047972202301,0.05440804734826088,0.4585171043872833,0.34063494205474854,0.05534816533327103,0.4841153919696808,0.33984893560409546,0.04711829498410225,0.5019128322601318,0.3504590392112732,0.0417778305709362
0.3390721380710602,0.5420340895652771,6.807038062106585e-07,0.3820023536682129,0.525418221950531,-0.052856530994176865,0.4355062246322632,0.5008074045181274,-0.07086774706840515,0.49190235137939453,0.49594753980636597,-0.07650347799062729,0.5353454351425171,0.48823440074920654,-0.07777160406112671,0.42147713899612427,0.3602570593357086,-0.03458230197429657,0.47417232394218445,0.29725366830825806,-0.03661225736141205,0.5150905251502991,0.30568647384643555,-0.04139676317572594,0.5426619052886963,0.3316440284252167,-0.04241311922669411,0.41183358430862427,0.36013609170913696,-0.002419081050902605,0.46611055731773376,0.2867403030395508,0.0004760428564622998,0.5064548850059509,0.2967752516269684,-0.005232506897300482,0.5315824747085571,0.3300460875034332,-0.00876725371927023,0.4070965349674225,0.371829628944397,0.02655719593167305,0.4549471139907837,0.31363165378570557,0.031266551464796066,0.4899370074272156,0.3171972334384918,0.02139020338654518,0.512535810470581,0.3384954631328583,0.0140989376232028,0.40837016701698303,0.3926192820072174,0.0513601191341877,0.4482324421405792,0.3550746440887451,0.05507389083504677,0.4769052565097809,0.3561578691005707,0.04961593821644783,0.49577513337135315,0.3680052161216736,0.04638093709945679
0.33478012681007385,0.5455272197723389,7.095309797477967e-07,0.37383148074150085,0.5236484408378601,-0.05988908186554909,0.42622363567352295,0.4978639483451843,-0.07915806770324707,0.4829982817173004,0.49258291721343994,-0.08548903465270996,0.5262975692749023,0.4805545508861542,-0.0874270498752594,0.4118514060974121,0.3562462329864502,-0.029850540682673454,0.46027541160583496,0.2923349142074585,-0.03075166419148445,0.5009886026382446,0.2993668019771576,-0.03743172809481621,0.5271231532096863,0.3263176679611206,-0.04031837731599808,0.40740761160850525,0.3612310290336609,0.005259059835225344,0.46026095747947693,0.288696825504303,0.00938176829367876,0.5000589489936829,0.2972661256790161,-0.0009363651042804122,0.5245910882949829,0.32867980003356934,-0.00870542973279953,0.4062145948410034,0.3737804889678955,0.03584188222885132,0.45122984051704407,0.31509923934936523,0.041660554707050323,0.48500049114227295,0.3165169656276703,0.027633007615804672,0.5073041319847107,0.33753859996795654,0.016484400257468224,0.4089837074279785,0.3940560519695282,0.06140950694680214,0.44587281346321106,0.3533029854297638,0.06506767868995667,0.4726494550704956,0.35184958577156067,0.05669505521655083,0.4906494915485382,0.361971914768219,0.050513628870248795
0.33497780561447144,0.542957603931427,6.319032763713039e-07,0.37453702092170715,0.5247830152511597,-0.06459618359804153,0.4262668490409851,0.49772971868515015,-0.08363363146781921,0.4811386466026306,0.490334689617157,-0.08775760978460312,0.5243219137191772,0.477924108505249,-0.08655370771884918,0.41136473417282104,0.3585794270038605,-0.03874592110514641,0.4583158791065216,0.2901611328125,-0.04037696495652199,0.49782595038414,0.299661248922348,-0.04568080976605415,0.5217220783233643,0.3277488350868225,-0.04737866297364235,0.40739959478378296,0.36069291830062866,-0.0006028048228472471,0.45899340510368347,0.2849929928779602,0.0024723997339606285,0.49773722887039185,0.2967017590999603,-0.007602277677506208,0.5187054872512817,0.33072230219841003,-0.015274547040462494,0.4068969488143921,0.3704366981983185,0.033085018396377563,0.4496695399284363,0.3087640404701233,0.03716306388378143,0.4822347164154053,0.3138858675956726,0.021364403888583183,0.5018768310546875,0.3375212848186493,0.009215583093464375,0.41025370359420776,0.3867138922214508,0.06169382482767105,0.4453820586204529,0.34210172295570374,0.06340157985687256,0.47192105650901794,0.3433912992477417,0.052859529852867126,0.48753631114959717,0.357912540435791,0.045138098299503326
0.33706334233283997,0.5440843105316162,6.385417350429634e-07,0.3717169761657715,0.524719774723053,-0.06803635507822037,0.4227178692817688,0.49975258111953735,-0.08858724683523178,0.4793749749660492,0.494528204202652,-0.09376029670238495,0.5245097875595093,0.4835816025733948,-0.0938238650560379,0.4127423167228699,0.3622725009918213,-0.040480393916368484,0.46225032210350037,0.2982485294342041,-0.04323500394821167,0.5011826753616333,0.3097832202911377,-0.050516676157712936,0.5243634581565857,0.33965277671813965,-0.053921833634376526,0.4109687805175781,0.36550670862197876,-0.0012201943900436163,0.4629901051521301,0.2916520833969116,0.0011527570895850658,0.5006906390190125,0.3042646050453186,-0.010591478087008,0.5217124819755554,0.3382398784160614,-0.019929522648453712,0.41187626123428345,0.37713539600372314,0.03309665992856026,0.45541125535964966,0.31835389137268066,0.0359952375292778,0.4873937964439392,0.32338324189186096,0.018056845292448997,0.5074447393417358,0.34663861989974976,0.00398200424388051,0.41592103242874146,0.39583614468574524,0.062077753245830536,0.4515273869037628,0.3554563820362091,0.06248154491186142,0.47714459896087646,0.3570958971977234,0.05016558989882469,0.492982417345047,0.3702359199523926,0.040700070559978485
0.3637986183166504,0.5495599508285522,6.711572382300801e-07,0.39824023842811584,0.5355347990989685,-0.06557971239089966,0.44976484775543213,0.5145735144615173,-0.08745050430297852,0.5084834098815918,0.5104656219482422,-0.09495324641466141,0.5548317432403564,0.49513259530067444,-0.09772761166095734,0.44096627831459045,0.3759543001651764,-0.03729762136936188,0.49137797951698303,0.31913504004478455,-0.04004919156432152,0.5329610109329224,0.3320804238319397,-0.04799560829997063,0.5601982474327087,0.36028456687927246,-0.05214795470237732,0.4401073753833771,0.37354210019111633,-0.00017110854969359934,0.4917970597743988,0.3038897216320038,0.0011014282936230302,0.5305818319320679,0.31798407435417175,-0.009461364708840847,0.55250084400177,0.35327431559562683,-0.016981277614831924,0.4419916272163391,0.3800336718559265,0.03211507201194763,0.48588672280311584,0.3252347409725189,0.034487269818782806,0.5176829099655151,0.3333505094051361,0.020646490156650543,0.5380699038505554,0.3556267023086548,0.010478544048964977,0.4479336142539978,0.39326411485671997,0.05911298468708992,0.48361802101135254,0.3517318367958069,0.060876794159412384,0.5087095499038696,0.3527105748653412,0.052879273891448975,0.5261517763137817,0.36280280351638794,0.04729664698243141
0.3607794940471649,0.5413411855697632,6.414206268345879e-07,0.40221846103668213,0.523897111415863,-0.05964205414056778,0.4518837034702301,0.5001959800720215,-0.07531969994306564,0.5017244219779968,0.4885628819465637,-0.077022023499012,0.543321967124939,0.47045716643333435,-0.07356619089841843,0.43660610914230347,0.3679868280887604,-0.026171641424298286,0.48105067014694214,0.31088829040527344,-0.024040985852479935,0.5194981098175049,0.31985220313072205,-0.029350996017456055,0.5438623428344727,0.3456922769546509,-0.03105778805911541,0.43197691440582275,0.37010759115219116,0.011397644877433777,0.4774065911769867,0.300076961517334,0.019517578184604645,0.5155007839202881,0.3090861439704895,0.011773432604968548,0.5380725860595703,0.3395082950592041,0.005952821578830481,0.4304370582103729,0.3770211935043335,0.04454478994011879,0.4696398973464966,0.32015717029571533,0.054212816059589386,0.4998430609703064,0.32315272092819214,0.04530846327543259,0.5194522738456726,0.34285110235214233,0.03825753927230835,0.4335322380065918,0.3897460401058197,0.0725235790014267,0.4652661681175232,0.3448050320148468,0.08137727528810501,0.4903605878353119,0.33966565132141113,0.0777243822813034,0.5078506469726562,0.3453518748283386,0.07499435544013977
0.28562480211257935,0.5384368896484375,4.6100632289380883e-07,0.2902257740497589,0.5028009414672852,-0.05208791792392731,0.3187825679779053,0.4564765393733978,-0.06833605468273163,0.36721137166023254,0.427029013633728,-0.07484131306409836,0.3999824821949005,0.39512383937835693,-0.07744207978248596,0.31216317415237427,0.34018799662590027,-0.024649234488606453,0.3389803469181061,0.2712353765964508,-0.03766745701432228,0.3727191388607025,0.26995354890823364,-0.055037278681993484,0.39936941862106323,0.2888723909854889,-0.06667358428239822,0.33011162281036377,0.34702181816101074,-0.0025703979190438986,0.3533559739589691,0.27846598625183105,-0.010287869721651077,0.3830215036869049,0.2721672058105469,-0.028333498165011406,0.40660709142684937,0.28808367252349854,-0.0422464981675148,0.34296372532844543,0.3667292594909668,0.013942352496087551,0.3640426993370056,0.31062954664230347,0.007486316841095686,0.3884618580341339,0.2991819381713867,-0.009273828007280827,0.41058775782585144,0.3071419596672058,-0.022870434448122978,0.3552916347980499,0.3982159495353699,0.025499999523162842,0.3741791546344757,0.37081173062324524,0.018657851964235306,0.38963571190834045,0.3690562844276428,0.008814353495836258,0.40259850025177,0.3778175711631775,0.0013690278865396976
0.2637970745563507,0.5169020891189575,4.986175667909265e-07,0.25941574573516846,0.4874877631664276,-0.054765988141298294,0.279355525970459,0.44105127453804016,-0.07409364730119705,0.3224697709083557,0.40809473395347595,-0.0835137888789177,0.3580450415611267,0.3814665377140045,-0.08931318670511246,0.26925772428512573,0.3252648711204529,-0.030119001865386963,0.29459235072135925,0.2616235017776489,-0.04381229728460312,0.3266311585903168,0.2500215172767639,-0.059611521661281586,0.35391727089881897,0.2571879029273987,-0.07031566649675369,0.2923811078071594,0.3277645409107208,-0.007590762339532375,0.31324058771133423,0.2639828324317932,-0.01932390034198761,0.342502623796463,0.2525210380554199,-0.03632725402712822,0.3673449158668518,0.2622198462486267,-0.047930944710969925,0.31201493740081787,0.3423922657966614,0.009410055354237556,0.3301561176776886,0.28460028767585754,-0.001551360823214054,0.35324105620384216,0.272617906332016,-0.01611352153122425,0.37418654561042786,0.2757725119590759,-0.02604774571955204,0.3286530673503876,0.3661779463291168,0.021437788382172585,0.3449586033821106,0.3241569697856903,0.010516499169170856,0.35899966955184937,0.3146704435348511,0.0009973094565793872,0.37223783135414124,0.31479737162590027,-0.004785733763128519
0.25059518218040466,0.5099114775657654,4.858531497120566e-07,0.2451377511024475,0.4812067747116089,-0.05511925369501114,0.2628825902938843,0.4354238510131836,-0.07596476376056671,0.30359742045402527,0.4002145230770111,-0.08702926337718964,0.3415106236934662,0.373695969581604,-0.09480976313352585,0.24918407201766968,0.3208957016468048,-0.03029942885041237,0.2707408666610718,0.25564059615135193,-0.04328848421573639,0.3011642396450043,0.24038150906562805,-0.05942859500646591,0.32747650146484375,0.24403756856918335,-0.07110737264156342,0.274283230304718,0.32316774129867554,-0.007756165694445372,0.2937983572483063,0.2601865231990814,-0.017755713313817978,0.3211905360221863,0.2471398413181305,-0.03536573052406311,0.344544380903244,0.25037869811058044,-0.048698633909225464,0.2947062849998474,0.33545660972595215,0.009344235993921757,0.31226611137390137,0.2780929207801819,0.0008726469241082668,0.33355727791786194,0.2632368206977844,-0.01359031442552805,0.3536674380302429,0.2618020176887512,-0.024616960436105728,0.3127494156360626,0.35694509744644165,0.021362237632274628,0.3284819722175598,0.3072536885738373,0.013360459357500076,0.34294772148132324,0.29200345277786255,0.004315732046961784,0.3566431701183319,0.2850891649723053,-0.0024235802702605724
0.27329689264297485,0.5113009214401245,5.648548153658339e-07,0.3028041422367096,0.4972741901874542,-0.03474729135632515,0.34479421377182007,0.4765440821647644,-0.05006156861782074,0.38882535696029663,0.4732535183429718,-0.060290634632110596,0.42186039686203003,0.468854695558548,-0.06834711879491806,0.3435615003108978,0.3479776084423065,-0.014207256957888603,0.3726820647716522,0.2914636433124542,-0.022062553092837334,0.40303197503089905,0.2831282317638397,-0.03496355563402176,0.42754411697387695,0.2919570505619049,-0.04345051571726799,0.3375471532344818,0.3454859256744385,-0.0009398756083101034,0.365811824798584,0.2775692343711853,-0.004867976531386375,0.3956509232521057,0.2691704332828522,-0.018293820321559906,0.41881656646728516,0.2874167859554291,-0.028165144845843315,0.33403611183166504,0.35545408725738525,0.008778532966971397,0.36282455921173096,0.2975410223007202,0.007653795648366213,0.3904731571674347,0.2869408428668976,-0.004377877339720726,0.4132900536060333,0.296877920627594,-0.013858352787792683,0.33238518238067627,0.3777122497558594,0.0149628184735775,0.36142975091934204,0.3450974225997925,0.015582784079015255,0.38252854347229004,0.33457526564598083,0.010533103719353676,0.39945098757743835,0.33654356002807617,0.006468788255006075
0.34322839975357056,0.5518931746482849,7.712877732046763e-07,0.3878980875015259,0.5514036417007446,-0.04318578913807869,0.44400039315223694,0.5459092259407043,-0.0690365731716156,0.4942774772644043,0.5630829334259033,-0.08788439631462097,0.5332702398300171,0.5590122938156128,-0.10475270450115204,0.44018831849098206,0.40253350138664246,-0.04698611795902252,0.48937684297561646,0.34295910596847534,-0.06783841550350189,0.5333672761917114,0.3506038188934326,-0.08572416752576828,0.5616018772125244,0.37416577339172363,-0.09489954262971878,0.4290770888328552,0.4004119038581848,-0.030939411371946335,0.47752702236175537,0.3255341947078705,-0.0471356026828289,0.523341715335846,0.33158835768699646,-0.06308919191360474,0.5469260215759277,0.36661794781684875,-0.07259680330753326,0.4197846055030823,0.4133621156215668,-0.017251204699277878,0.4653102457523346,0.3539450764656067,-0.028499439358711243,0.5076112747192383,0.3550322651863098,-0.04163768142461777,0.5316951870918274,0.37664735317230225,-0.04931845888495445,0.4131266474723816,0.43971508741378784,-0.006539896596223116,0.45633625984191895,0.4058237671852112,-0.012654026970267296,0.4893145263195038,0.4026452898979187,-0.01789025589823723,0.508125364780426,0.4120430648326874,-0.020481450483202934
0.3843849301338196,0.5708972811698914,8.52273615237209e-07,0.4231989085674286,0.5652252435684204,-0.06868050247430801,0.4762266278266907,0.5476962327957153,-0.09912668913602829,0.5295737385749817,0.5493539571762085,-0.11593949049711227,0.5762854814529419,0.535243570804596,-0.129209503531456,0.4656901955604553,0.3941643238067627,-0.054715998470783234,0.5086706876754761,0.3222041726112366,-0.06470957398414612,0.5531121492385864,0.32437440752983093,-0.07821745425462723,0.5814468860626221,0.347812682390213,-0.08550016582012177,0.4654808044433594,0.39361459016799927,-0.018459096550941467,0.5104331970214844,0.31003862619400024,-0.02296493947505951,0.553038477897644,0.3134893774986267,-0.038453999906778336,0.5770758390426636,0.3458627760410309,-0.049789994955062866,0.466709703207016,0.40261390805244446,0.014076178893446922,0.5060454607009888,0.3339502811431885,0.014983654022216797,0.5423957705497742,0.33145374059677124,-0.00023877216153778136,0.5651078820228577,0.35455232858657837,-0.01226460188627243,0.4704338312149048,0.42089906334877014,0.04123033583164215,0.5058071613311768,0.3717612624168396,0.044532570987939835,0.5330305099487305,0.35886985063552856,0.03704795613884926,0.5518715977668762,0.3620274066925049,0.030461367219686508
0.431855708360672,0.5902465581893921,9.973263104257057e-07,0.46527495980262756,0.5753803253173828,-0.08736552298069,0.5120541453361511,0.5502558350563049,-0.12278425693511963,0.5724797248840332,0.5486161708831787,-0.14072713255882263,0.62596195936203,0.5328282117843628,-0.1543685346841812,0.4981318414211273,0.3938804566860199,-0.05981658026576042,0.5335860848426819,0.31299468874931335,-0.06337901949882507,0.581097424030304,0.3051586449146271,-0.07273668050765991,0.614361584186554,0.32601991295814514,-0.07788776606321335,0.5003485679626465,0.39988774061203003,-0.011213710531592369,0.538840115070343,0.30663830041885376,-0.008198519237339497,0.5820550918579102,0.3042338192462921,-0.021502716466784477,0.6133317947387695,0.32993173599243164,-0.03233842924237251,0.5056563019752502,0.410854697227478,0.032047536224126816,0.5374980568885803,0.33514851331710815,0.039309702813625336,0.5723501443862915,0.3265475034713745,0.024350322782993317,0.5973166823387146,0.3438802659511566,0.011279910802841187,0.5143537521362305,0.42939117550849915,0.06807946413755417,0.5420632362365723,0.3711642026901245,0.0760246217250824,0.5661842823028564,0.35711178183555603,0.06883647292852402,0.5841333866119385,0.35901734232902527,0.061702847480773926
0.49154698848724365,0.6117250919342041,1.219592263623781e-06,0.5299667716026306,0.6069073677062988,-0.10830041021108627,0.5823491811752319,0.5754290223121643,-0.1548120528459549,0.6468148827552795,0.565048098564148,-0.18116596341133118,0.7062492370605469,0.5407510995864868,-0.2031174749135971,0.5519878268241882,0.3984564542770386,-0.08174651116132736,0.5896880030632019,0.3030089735984802,-0.09414511173963547,0.6437238454818726,0.2899233400821686,-0.11127985268831253,0.6826087832450867,0.3122917413711548,-0.12132477015256882,0.5553778409957886,0.4053046405315399,-0.026276148855686188,0.5955770015716553,0.2972412109375,-0.0325608067214489,0.6467366218566895,0.2865445613861084,-0.05549115315079689,0.6844009160995483,0.3118462562561035,-0.0725652277469635,0.5645130276679993,0.41758179664611816,0.022571498528122902,0.5965263247489929,0.32367944717407227,0.022636720910668373,0.6382454633712769,0.3088054656982422,-0.001404451671987772,0.6694326996803284,0.325039803981781,-0.020505966618657112,0.5774975419044495,0.43369999527931213,0.06263119727373123,0.605030357837677,0.3631894290447235,0.06324563920497894,0.6315164566040039,0.34364748001098633,0.04859942942857742,0.6532419919967651,0.3443145751953125,0.03614629805088043
0.44473394751548767,0.6100890636444092,1.077815340977395e-06,0.4751543402671814,0.5924484729766846,-0.10092639923095703,0.5286954045295715,0.5552898645401001,-0.14235596358776093,0.5992032885551453,0.5390432476997375,-0.1640796959400177,0.6580691337585449,0.5052239298820496,-0.18107597529888153,0.5054078698158264,0.37251579761505127,-0.07026448100805283,0.5505399107933044,0.28080862760543823,-0.08154924213886261,0.6055530309677124,0.2707855999469757,-0.09937787055969238,0.6464566588401794,0.29068636894226074,-0.11079060286283493,0.5126360654830933,0.3752935826778412,-0.01875293254852295,0.5523055195808411,0.267778605222702,-0.024938244372606277,0.6045173406600952,0.2582955062389374,-0.047567956149578094,0.643357515335083,0.28557896614074707,-0.06471344083547592,0.5219812989234924,0.38678091764450073,0.0260824766010046,0.5572594404220581,0.29604512453079224,0.02600678615272045,0.5986171960830688,0.28378167748451233,0.0049371179193258286,0.6305765509605408,0.3013336658477783,-0.012143556959927082,0.5351249575614929,0.4084628224372864,0.06249992921948433,0.5661625862121582,0.33842232823371887,0.0643974095582962,0.594413161277771,0.3181074559688568,0.05257291719317436,0.6168966293334961,0.3172806203365326,0.04231547191739082
0.347591757774353,0.5398345589637756,1.0403746273368597e-06,0.36452460289001465,0.5222557187080383,-0.10476362705230713,0.4112972915172577,0.4791482090950012,-0.14836321771144867,0.481204628944397,0.45885804295539856,-0.17223049700260162,0.5420740246772766,0.42814600467681885,-0.19165630638599396,0.39631983637809753,0.2775682210922241,-0.07955379039049149,0.43707025051116943,0.18408353626728058,-0.09828176349401474,0.48853006958961487,0.16691820323467255,-0.12188392877578735,0.5283136963844299,0.17973007261753082,-0.13785617053508759,0.41708287596702576,0.28151488304138184,-0.031646519899368286,0.45592984557151794,0.18307209014892578,-0.0461321584880352,0.505952000617981,0.1643284112215042,-0.07480896264314651,0.5423487424850464,0.18448010087013245,-0.09664919972419739,0.4382249712944031,0.2987450063228607,0.009017232805490494,0.4696126878261566,0.20762032270431519,0.0003531835100147873,0.5081235766410828,0.1857188194990158,-0.02602483332157135,0.5398601293563843,0.19407585263252258,-0.04641551524400711,0.4572266936302185,0.3253043293952942,0.04093240574002266,0.4854885935783386,0.24954771995544434,0.03470975160598755,0.511207103729248,0.2224951684474945,0.01831473782658577,0.5342577695846558,0.22021616995334625,0.005134386941790581
0.30921822786331177,0.5398094654083252,1.0664524552339572e-06,0.3160998523235321,0.5187389850616455,-0.10763130336999893,0.3591083586215973,0.468062162399292,-0.15485529601573944,0.43206870555877686,0.44421762228012085,-0.18351146578788757,0.499545156955719,0.4160279631614685,-0.20723579823970795,0.34430059790611267,0.2555710971355438,-0.08253224194049835,0.39572975039482117,0.1529628485441208,-0.1136743351817131,0.45416274666786194,0.1300751268863678,-0.1456357091665268,0.5033459067344666,0.1399780809879303,-0.16663697361946106,0.36857008934020996,0.2537645697593689,-0.0381023995578289,0.40583938360214233,0.13825570046901703,-0.06719084084033966,0.4607497453689575,0.11504577100276947,-0.10113169997930527,0.5054546594619751,0.13847558200359344,-0.12399418652057648,0.3938696086406708,0.27189239859580994,-0.002445847261697054,0.42565739154815674,0.1611337810754776,-0.02697242610156536,0.47064530849456787,0.13685175776481628,-0.05706409737467766,0.5107316374778748,0.14999234676361084,-0.07634932547807693,0.4178723692893982,0.3025590777397156,0.024443263188004494,0.44940242171287537,0.21868613362312317,0.004239990375936031,0.4794826805591583,0.19097355008125305,-0.01620403863489628,0.5098962783813477,0.18959654867649078,-0.029483523219823837
0.24652722477912903,0.556158185005188,9.428920293430565e-07,0.23217886686325073,0.5167425870895386,-0.10100642591714859,0.2515086233615875,0.45554131269454956,-0.14593306183815002,0.31454282999038696,0.41184449195861816,-0.1744663268327713,0.37843847274780273,0.3781857490539551,-0.19699729979038239,0.23394036293029785,0.24293780326843262,-0.06760317832231522,0.27283817529678345,0.1305062472820282,-0.10129604488611221,0.33002403378486633,0.11393976211547852,-0.13576439023017883,0.38153257966041565,0.13222168385982513,-0.15788865089416504,0.2747558355331421,0.2460370510816574,-0.028086373582482338,0.30813834071159363,0.1348254382610321,-0.05604870244860649,0.35935622453689575,0.11891758441925049,-0.08915990591049194,0.40322166681289673,0.13813862204551697,-0.11141370236873627,0.310569167137146,0.2660773992538452,0.0016049266560003161,0.3403191864490509,0.1653328537940979,-0.020678648725152016,0.38069456815719604,0.1435752958059311,-0.04623435065150261,0.4188690483570099,0.15133407711982727,-0.06284972280263901,0.3414645195007324,0.29946404695510864,0.022052127867937088,0.3652479648590088,0.22169840335845947,0.0035589179024100304,0.39022061228752136,0.19699454307556152,-0.012991017661988735,0.41726386547088623,0.19066084921360016,-0.02317681722342968
0.2526806592941284,0.5526219606399536,7.56191695927555e-07,0.2376013696193695,0.5307534337043762,-0.10238976776599884,0.2545972168445587,0.476479172706604,-0.1518988013267517,0.3087671101093292,0.4383915364742279,-0.18468794226646423,0.3601275086402893,0.40981125831604004,-0.2119905948638916,0.23630782961845398,0.27817302942276,-0.08811837434768677,0.26710963249206543,0.16435402631759644,-0.1286245435476303,0.317926287651062,0.16153807938098907,-0.16439662873744965,0.35868823528289795,0.1936016082763672,-0.1851242184638977,0.27104997634887695,0.2763228118419647,-0.04848994314670563,0.2979697585105896,0.16452835500240326,-0.08084512501955032,0.3478391468524933,0.1567886471748352,-0.11416523903608322,0.385773241519928,0.18243886530399323,-0.13615268468856812,0.3034053146839142,0.2904356122016907,-0.017678579315543175,0.3244408071041107,0.19119013845920563,-0.043130338191986084,0.3640555739402771,0.17601153254508972,-0.07109342515468597,0.3978928327560425,0.18860876560211182,-0.08917442709207535,0.33059367537498474,0.3151872754096985,0.004605533555150032,0.3476593494415283,0.2324298620223999,-0.014964631758630276,0.37427565455436707,0.21336957812309265,-0.03296515718102455,0.3989529609680176,0.2156766951084137,-0.04508079215884209
0.26016509532928467,0.5683681964874268,4.802664648195787e-07,0.2560713589191437,0.5403481125831604,-0.06947136670351028,0.2970966100692749,0.500794529914856,-0.09724459052085876,0.3718799948692322,0.4927365779876709,-0.11295636743307114,0.42884406447410583,0.4848554730415344,-0.1245856061577797,0.3117334246635437,0.34088143706321716,-0.0516638346016407,0.35418468713760376,0.2520483732223511,-0.08132904022932053,0.4002153277397156,0.2476237416267395,-0.10921577364206314,0.43862876296043396,0.27346107363700867,-0.12600259482860565,0.33692488074302673,0.33666667342185974,-0.02605079859495163,0.37351587414741516,0.23654738068580627,-0.051777586340904236,0.41763871908187866,0.23915153741836548,-0.07906721532344818,0.4517347514629364,0.27224165201187134,-0.09527021646499634,0.35843411087989807,0.3524063527584076,-0.0071266526356339455,0.39417746663093567,0.2654363214969635,-0.028636721894145012,0.4283348321914673,0.26146820187568665,-0.05416318029165268,0.4556308388710022,0.2797997295856476,-0.06947225332260132,0.37617504596710205,0.3867245316505432,0.005857845768332481,0.40676796436309814,0.333133727312088,-0.01247916929423809,0.4330625534057617,0.32422617077827454,-0.030035462230443954,0.45510631799697876,0.33045920729637146,-0.04064089059829712
0.29665589332580566,0.5439317226409912,8.605298376096471e-07,0.32591670751571655,0.550530195236206,-0.08374355733394623,0.3874785602092743,0.5373263955116272,-0.11983487010002136,0.4623448848724365,0.5478265881538391,-0.13816611468791962,0.5253810286521912,0.5443365573883057,-0.15215463936328888,0.39012837409973145,0.35502874851226807,-0.07568643242120743,0.45560139417648315,0.28705736994743347,-0.09165284782648087,0.5085609555244446,0.30247512459754944,-0.10636357218027115,0.5426338315010071,0.33727145195007324,-0.11419008672237396,0.3951876759529114,0.33977752923965454,-0.03420444577932358,0.465404748916626,0.2553964853286743,-0.05020075663924217,0.5187609195709229,0.2800596356391907,-0.06929687410593033,0.5431047677993774,0.33321499824523926,-0.08043382316827774,0.39998698234558105,0.3414154052734375,0.002973622176796198,0.45907849073410034,0.2711437940597534,-0.008572799153625965,0.5041070580482483,0.2890357971191406,-0.029640262946486473,0.5285125970840454,0.3265824019908905,-0.04235515743494034,0.4062044322490692,0.3590557873249054,0.03455455228686333,0.45609983801841736,0.3074478805065155,0.028416240587830544,0.4912048578262329,0.30988988280296326,0.01603185571730137,0.5126577615737915,0.3274118900299072,0.008028349839150906
0.34073007106781006,0.5433618426322937,7.802881896168401e-07,0.39211371541023254,0.5564672350883484,-0.06832489371299744,0.4589866101741791,0.5384165048599243,-0.09504149854183197,0.5287354588508606,0.543032169342041,-0.1043715551495552,0.5818554162979126,0.5387079119682312,-0.1076638251543045,0.4615750312805176,0.3716607987880707,-0.07761623710393906,0.531733512878418,0.2860589623451233,-0.09061820805072784,0.5811732411384583,0.31347841024398804,-0.09603849053382874,0.6101455688476562,0.3538986146450043,-0.09425561130046844,0.44516608119010925,0.3505948781967163,-0.03606245666742325,0.5216090083122253,0.26514148712158203,-0.042268380522727966,0.5718787908554077,0.2982410788536072,-0.0447339303791523,0.5952863693237305,0.34984293580055237,-0.04394261911511421,0.4342622756958008,0.35011357069015503,0.0035173045471310616,0.4997612237930298,0.2834034860134125,0.0007926499820314348,0.5438517928123474,0.30695343017578125,-0.007940404117107391,0.567343533039093,0.3444414734840393,-0.012151255272328854,0.43000441789627075,0.36167556047439575,0.03898375481367111,0.48421287536621094,0.3167840838432312,0.040090762078762054,0.5201144218444824,0.33421415090560913,0.037182848900556564,0.5394118428230286,0.36480778455734253,0.036963775753974915
0.35954463481903076,0.5423783659934998,8.003498805919662e-07,0.4055008590221405,0.49350816011428833,-0.058463651686906815,0.4603988230228424,0.4517938792705536,-0.06790666282176971,0.5192508697509766,0.4329829514026642,-0.06479337811470032,0.5633031725883484,0.40134841203689575,-0.05594569817185402,0.43512213230133057,0.3142537474632263,0.004064064938575029,0.4803122878074646,0.24750852584838867,0.013571674935519695,0.5237206816673279,0.2487110197544098,0.007161261513829231,0.5530558824539185,0.2709060311317444,0.002982993610203266,0.43763473629951477,0.32708683609962463,0.04061800241470337,0.48366808891296387,0.24752220511436462,0.056731462478637695,0.5221357345581055,0.2474517673254013,0.045903321355581284,0.5473790764808655,0.2771211266517639,0.035899266600608826,0.44109249114990234,0.34510311484336853,0.07031916826963425,0.48226070404052734,0.2853699326515198,0.08634636551141739,0.5133504271507263,0.27950161695480347,0.07441557198762894,0.5375582575798035,0.2957051396369934,0.06295860558748245,0.44912785291671753,0.3714338541030884,0.09386812150478363,0.48390695452690125,0.329507052898407,0.1079215556383133,0.5072222948074341,0.32246026396751404,0.10469691455364227,0.5256004333496094,0.3251585364341736,0.10081721842288971
0.37233030796051025,0.5561378002166748,6.995676358201308e-07,0.4101817011833191,0.4943985939025879,-0.0503360778093338,0.45108503103256226,0.4416710436344147,-0.05897669866681099,0.5011814832687378,0.41216641664505005,-0.05729226768016815,0.5400616526603699,0.3783784508705139,-0.05041290819644928,0.41484877467155457,0.33525407314300537,0.0058090356178581715,0.4310063123703003,0.2594556212425232,0.022556131705641747,0.46570512652397156,0.24650338292121887,0.026888815686106682,0.49083763360977173,0.25728195905685425,0.029637429863214493,0.416134238243103,0.35511159896850586,0.04002721607685089,0.435273677110672,0.2760505676269531,0.06270115822553635,0.46904435753822327,0.2617536187171936,0.06177710369229317,0.49509984254837036,0.272039532661438,0.05839436873793602,0.42011702060699463,0.3770034611225128,0.06873149424791336,0.43811991810798645,0.31822121143341064,0.09131255000829697,0.4639679491519928,0.29570716619491577,0.08691292256116867,0.4846203625202179,0.29435181617736816,0.07954036444425583,0.4287813901901245,0.4045335352420807,0.09178906679153442,0.44919660687446594,0.3648269772529602,0.11097653210163116,0.4661918878555298,0.3513058125972748,0.11265452206134796,0.4785422384738922,0.348228394985199,0.11153487116098404
0.37619590759277344,0.5552754998207092,7.1508645760332e-07,0.4101547300815582,0.5005184412002563,-0.05606723949313164,0.44988375902175903,0.44936129450798035,-0.06721226125955582,0.4981783926486969,0.42046889662742615,-0.06709033250808716,0.5356764793395996,0.38636866211891174,-0.062131624668836594,0.41448062658309937,0.35021325945854187,0.0007445088704116642,0.4310421943664551,0.28091341257095337,0.01615479402244091,0.4627913534641266,0.26175597310066223,0.020512668415904045,0.4849269390106201,0.27025455236434937,0.024258840829133987,0.4184870421886444,0.3685206174850464,0.03753214702010155,0.43850240111351013,0.2927493453025818,0.06096009537577629,0.46992728114128113,0.27626046538352966,0.06171252578496933,0.4931085407733917,0.28572797775268555,0.060757383704185486,0.4246399998664856,0.3875128924846649,0.06836041063070297,0.44075021147727966,0.32812246680259705,0.08991720527410507,0.46539321541786194,0.30464866757392883,0.08731787651777267,0.48361262679100037,0.3057158887386322,0.08301223814487457,0.43516355752944946,0.41140565276145935,0.09323209524154663,0.45409849286079407,0.36582934856414795,0.11011173576116562,0.4709996283054352,0.3491569757461548,0.11135277152061462,0.482114315032959,0.34600386023521423,0.11136090010404587
0.37822458148002625,0.5509670376777649,6.130673568804923e-07,0.4140241742134094,0.5116759538650513,-0.054241809993982315,0.45929601788520813,0.4700905978679657,-0.06684430688619614,0.509350597858429,0.4486793577671051,-0.06801183521747589,0.5464492440223694,0.42249736189842224,-0.06463215500116348,0.43137285113334656,0.36152204871177673,-0.009354603476822376,0.4565006196498871,0.29265350103378296,0.00036340736551210284,0.49034401774406433,0.28450629115104675,0.0002807182027027011,0.5117019414901733,0.2988334000110626,0.0009165256633423269,0.4301905035972595,0.3730736970901489,0.025522736832499504,0.45719167590141296,0.2981466054916382,0.04151168465614319,0.489793062210083,0.29062262177467346,0.036869823932647705,0.511889636516571,0.3079037070274353,0.031826652586460114,0.4326489567756653,0.38677000999450684,0.055486422032117844,0.4566837251186371,0.32806578278541565,0.07114746421575546,0.48228752613067627,0.31703370809555054,0.062448300421237946,0.5005508065223694,0.32623377442359924,0.053713392466306686,0.44011858105659485,0.40404343605041504,0.08030767738819122,0.4633982479572296,0.3588351011276245,0.09245463460683823,0.4819073975086212,0.3474951982498169,0.08896327018737793,0.49524712562561035,0.34794285893440247,0.08516482263803482
0.3783681094646454,0.5642164349555969,6.661526299467369e-07,0.41531574726104736,0.5258891582489014,-0.05704350396990776,0.4634895920753479,0.49077630043029785,-0.06821627914905548,0.5166230201721191,0.4828961491584778,-0.06673192977905273,0.5560691356658936,0.4636722207069397,-0.06017116829752922,0.4446185529232025,0.3737756311893463,-0.009059827774763107,0.4765627086162567,0.31104224920272827,0.0016155523480847478,0.5129380822181702,0.3102197051048279,0.002401389181613922,0.5340015292167664,0.3331170082092285,0.004003732465207577,0.44538697600364685,0.39100441336631775,0.02819894813001156,0.48187240958213806,0.3234456777572632,0.04566550254821777,0.5164838433265686,0.3245108127593994,0.04121290519833565,0.5384855270385742,0.34827423095703125,0.03628797084093094,0.44886863231658936,0.40923649072647095,0.06015601009130478,0.4792557954788208,0.35748642683029175,0.0766877830028534,0.5074743032455444,0.3511512875556946,0.06705125421285629,0.5258607864379883,0.3655787408351898,0.05758855864405632,0.4556541442871094,0.4338889718055725,0.08663971722126007,0.48354411125183105,0.39705827832221985,0.09805241972208023,0.5041347742080688,0.3917744755744934,0.09319794923067093,0.5169558525085449,0.39741307497024536,0.08869325369596481
0.39741772413253784,0.5785360932350159,7.194000204435724e-07,0.43198785185813904,0.5497524738311768,-0.06389953196048737,0.4798055589199066,0.5184631943702698,-0.08130808919668198,0.5346512794494629,0.5084785223007202,-0.08487077802419662,0.5785937309265137,0.4867573082447052,-0.08347858488559723,0.46417850255966187,0.39187294244766235,-0.019411681219935417,0.49856269359588623,0.3302763104438782,-0.010816643014550209,0.5357567667961121,0.33142098784446716,-0.012679645791649818,0.5575449466705322,0.35428333282470703,-0.013771604746580124,0.46551695466041565,0.4051714241504669,0.019752392545342445,0.503439724445343,0.33759263157844543,0.033730775117874146,0.5379018783569336,0.3402007818222046,0.025768548250198364,0.5591524839401245,0.3661945164203644,0.01788817159831524,0.469399631023407,0.4206168055534363,0.053690679371356964,0.5011447072029114,0.3655729293823242,0.06791330873966217,0.5288472175598145,0.3615087866783142,0.057139914482831955,0.5473127961158752,0.37866759300231934,0.0463390126824379,0.47665950655937195,0.4427213668823242,0.08175400644540787,0.5047462582588196,0.4017845392227173,0.09200960397720337,0.5251179933547974,0.3961210548877716,0.08668069541454315,0.538989782333374,0.4019259214401245,0.08127517998218536
0.4777108132839203,0.592824399471283,8.410972895944724e-07,0.5254647135734558,0.5820478796958923,-0.06753359735012054,0.5740722417831421,0.5545936822891235,-0.0901562049984932,0.6247047781944275,0.5429151654243469,-0.09738228470087051,0.6697545051574707,0.5142199993133545,-0.09905505925416946,0.5442896485328674,0.4200442433357239,-0.03749262914061546,0.5748375654220581,0.35387855768203735,-0.02825724147260189,0.6169014573097229,0.35359781980514526,-0.023791499435901642,0.6419340372085571,0.37700921297073364,-0.01859024353325367,0.5400963425636292,0.42859408259391785,0.0073361764661967754,0.5758993029594421,0.3498572111129761,0.021973036229610443,0.6141770482063293,0.35479074716567993,0.022537892684340477,0.6387120485305786,0.37964102625846863,0.023016078397631645,0.5377313494682312,0.4377097487449646,0.04860661178827286,0.5683921575546265,0.37649551033973694,0.0644017681479454,0.5997126698493958,0.37200239300727844,0.0629507303237915,0.6186029314994812,0.39103031158447266,0.060835983604192734,0.5418431162834167,0.45205745100975037,0.08430103957653046,0.5682320594787598,0.4035324454307556,0.09782540053129196,0.5897235870361328,0.39391928911209106,0.09906347095966339,0.6041404604911804,0.3971875011920929,0.09990210831165314
0.5485012531280518,0.5909335613250732,1.0738298215073883e-06,0.6072189211845398,0.5817632675170898,-0.07647644728422165,0.6618843674659729,0.5470626950263977,-0.10504080355167389,0.7166385054588318,0.5302549004554749,-0.11513185501098633,0.7677388191223145,0.498876690864563,-0.11877603828907013,0.6121625304222107,0.4023650288581848,-0.053198836743831635,0.643511176109314,0.3248998522758484,-0.04146340861916542,0.6892561912536621,0.32032591104507446,-0.030545635148882866,0.7170096039772034,0.34211182594299316,-0.02015267312526703,0.60532546043396,0.4059050977230072,-0.0015154527500271797,0.6397228837013245,0.32128024101257324,0.012265998870134354,0.6824637055397034,0.32123813033103943,0.016950542107224464,0.7111722230911255,0.34627747535705566,0.02147897332906723,0.6010839343070984,0.41252273321151733,0.04741958528757095,0.6313335299491882,0.3455226719379425,0.06111687794327736,0.6664656400680542,0.33735668659210205,0.06068626046180725,0.6900767683982849,0.35462328791618347,0.060455627739429474,0.6062899231910706,0.42585891485214233,0.09093095362186432,0.6357525587081909,0.3712990880012512,0.10366655886173248,0.6619865894317627,0.3597782254219055,0.10630082339048386,0.6805675029754639,0.3626439571380615,0.10884501039981842
0.5719512104988098,0.5700139999389648,9.959403541870415e-07,0.6424536108970642,0.5576915144920349,-0.07691994309425354,0.7001664042472839,0.5198736190795898,-0.10276530683040619,0.7570485472679138,0.5000306367874146,-0.10986173897981644,0.805781900882721,0.4642448425292969,-0.11009557545185089,0.6391136050224304,0.3691919147968292,-0.053209807723760605,0.6681979894638062,0.2849080562591553,-0.04278959706425667,0.7154908776283264,0.27463841438293457,-0.03442393243312836,0.7463909983634949,0.29614609479904175,-0.025628037750720978,0.6251492500305176,0.3760383129119873,-9.522784239379689e-06,0.6623072624206543,0.28521138429641724,0.014270160347223282,0.7082668542861938,0.2813972532749176,0.016395818442106247,0.7418234944343567,0.30519744753837585,0.018281767144799232,0.6215393543243408,0.38633397221565247,0.05042167752981186,0.6544734239578247,0.31353819370269775,0.0663646012544632,0.6942961812019348,0.30444878339767456,0.06312404572963715,0.7210327386856079,0.3223988711833954,0.06004544720053673,0.6259806752204895,0.3997446894645691,0.09507513791322708,0.6570560336112976,0.34627267718315125,0.10776186734437943,0.6850805282592773,0.33787432312965393,0.10692305862903595,0.7055466175079346,0.34545469284057617,0.10691609233617783
0.5715745687484741,0.507460355758667,1.1843866332128528e-06,0.6445375084877014,0.44742831587791443,-0.05940792337059975,0.7014056444168091,0.3918011486530304,-0.06902219355106354,0.7620826363563538,0.36442455649375916,-0.06602691859006882,0.8065584301948547,0.3246499300003052,-0.05706269294023514,0.6311990022659302,0.24682773649692535,0.013505110517144203,0.6610199213027954,0.1694665402173996,0.0402907095849514,0.7028923034667969,0.15562276542186737,0.04698594659566879,0.7339046597480774,0.16196374595165253,0.05134434625506401,0.6241342425346375,0.2692975401878357,0.05804722011089325,0.6604591608047485,0.18651634454727173,0.09239473193883896,0.7032878398895264,0.1697174608707428,0.09228641539812088,0.739223301410675,0.17945851385593414,0.08958917111158371,0.6261177659034729,0.2929726243019104,0.09705577790737152,0.6573056578636169,0.22042080760002136,0.12973886728286743,0.6906583905220032,0.1998593956232071,0.12859408557415009,0.7155547142028809,0.2056800276041031,0.1245417594909668,0.6357139945030212,0.3181881308555603,0.12973326444625854,0.6620205640792847,0.2631579339504242,0.15753230452537537,0.6815225481987,0.24608580768108368,0.16393417119979858,0.6967207789421082,0.24353179335594177,0.1676466166973114
0.5483049154281616,0.47668522596359253,1.119208036470809e-06,0.6147487759590149,0.4097844362258911,-0.07832817733287811,0.670706570148468,0.34155768156051636,-0.09576752036809921,0.7332427501678467,0.2923075258731842,-0.09787840396165848,0.7850596308708191,0.23429067432880402,-0.09260682016611099,0.5949645638465881,0.19725851714611053,0.0038334771525114775,0.6193793416023254,0.10624589025974274,0.028529781848192215,0.6645941138267517,0.08351126313209534,0.037204790860414505,0.6948952078819275,0.09160555899143219,0.043436359614133835,0.5965067148208618,0.22503866255283356,0.05537625029683113,0.6272079348564148,0.13107019662857056,0.08879943192005157,0.6747742295265198,0.10831677913665771,0.09026221930980682,0.7110337615013123,0.11416620016098022,0.08886893093585968,0.6036832928657532,0.2513674795627594,0.09902055561542511,0.6314412951469421,0.17441913485527039,0.13051262497901917,0.6695112586021423,0.14508897066116333,0.1321212351322174,0.6987121105194092,0.14508850872516632,0.12974528968334198,0.6169595122337341,0.2798035442829132,0.1341456025838852,0.6442624926567078,0.219789057970047,0.16019825637340546,0.6686118245124817,0.19628331065177917,0.16654832661151886,0.6873877048492432,0.18779829144477844,0.17023076117038727
0.513569712638855,0.5027663707733154,9.802924978430383e-07,0.570494532585144,0.43430984020233154,-0.08290276676416397,0.629104495048523,0.3686715364456177,-0.10212036222219467,0.6964386701583862,0.32446950674057007,-0.10518404096364975,0.7497612833976746,0.27196162939071655,-0.10115105658769608,0.5696981549263,0.21797418594360352,-0.004437527619302273,0.6019195318222046,0.12115919589996338,0.013780484907329082,0.6511225700378418,0.10138928890228271,0.01632162742316723,0.6834538578987122,0.11829519271850586,0.017625076696276665,0.581440269947052,0.24247388541698456,0.046179868280887604,0.6156371235847473,0.1447129249572754,0.07011473178863525,0.6634316444396973,0.13153217732906342,0.06119499355554581,0.6983541250228882,0.1508905291557312,0.05211356282234192,0.5961506962776184,0.26793208718299866,0.08864977955818176,0.6258038282394409,0.19105815887451172,0.11301423609256744,0.6638084053993225,0.16916801035404205,0.10236375778913498,0.6915941834449768,0.1784491240978241,0.0904293805360794,0.6149507164955139,0.3042207956314087,0.12249404937028885,0.6480667591094971,0.24568518996238708,0.14292012155056,0.6735608577728271,0.22639089822769165,0.1399763822555542,0.6907667517662048,0.22368064522743225,0.13525065779685974
0.46931368112564087,0.4995172619819641,9.376801131111279e-07,0.5088809728622437,0.4333930015563965,-0.07965601235628128,0.5559027194976807,0.36276480555534363,-0.10248906910419464,0.6160531044006348,0.30635443329811096,-0.110382579267025,0.6662107110023499,0.24413001537322998,-0.11199605464935303,0.5062209367752075,0.2211553454399109,-0.014560478739440441,0.5376341342926025,0.11775806546211243,-0.009602000936865807,0.5867814421653748,0.10035023093223572,-0.016724765300750732,0.6220600605010986,0.12286791205406189,-0.020760145038366318,0.5186910629272461,0.2369200885295868,0.031239580363035202,0.5510503053665161,0.1327660232782364,0.04485425725579262,0.5964598655700684,0.11815749108791351,0.03273297846317291,0.6318463087081909,0.13963522017002106,0.022103779017925262,0.5325608253479004,0.257922887802124,0.06899441033601761,0.5622255802154541,0.1718139946460724,0.0849686712026596,0.5971649885177612,0.15155066549777985,0.07517322152853012,0.626171350479126,0.16258862614631653,0.06463199108839035,0.5510342717170715,0.2881770730018616,0.09851212799549103,0.5800296068191528,0.22281663119792938,0.1127551794052124,0.6055206656455994,0.20435404777526855,0.11030159145593643,0.6247687339782715,0.2053353190422058,0.10694736242294312
0.42049047350883484,0.5659274458885193,8.09450739325257e-07,0.4400472939014435,0.5020838975906372,-0.07944025099277496,0.48116838932037354,0.4246167242527008,-0.10074444115161896,0.5386165976524353,0.3744891583919525,-0.10741333663463593,0.5897285342216492,0.32189232110977173,-0.10949784517288208,0.44976866245269775,0.28162938356399536,-0.013808432966470718,0.48549631237983704,0.1816716194152832,-0.007821651175618172,0.528594434261322,0.16690903902053833,-0.018934832885861397,0.5599784255027771,0.18378014862537384,-0.02891838550567627,0.4709523916244507,0.30707770586013794,0.028143426403403282,0.5022226572036743,0.20973457396030426,0.04266546666622162,0.5439509749412537,0.193573996424675,0.021669041365385056,0.5785861611366272,0.20385970175266266,0.0009021789883263409,0.4883536994457245,0.3390277624130249,0.062166597694158554,0.5156737565994263,0.2611817419528961,0.07859060913324356,0.5493991374969482,0.2333080768585205,0.05686987191438675,0.5799247622489929,0.23177435994148254,0.03385186567902565,0.510066032409668,0.38126620650291443,0.08828195929527283,0.5380656123161316,0.3267509937286377,0.10144998133182526,0.5619573593139648,0.30561256408691406,0.09194286912679672,0.5819963812828064,0.2996309995651245,0.07928880304098129
0.40738680958747864,0.5466877222061157,4.982925361218804e-07,0.4202384054660797,0.5064805150032043,-0.07700539380311966,0.4695628583431244,0.472048282623291,-0.09604426473379135,0.5438819527626038,0.469535231590271,-0.09891735017299652,0.6022967100143433,0.4584684371948242,-0.09574072808027267,0.4916609823703766,0.3211250305175781,-0.03509973734617233,0.5426384210586548,0.243658185005188,-0.04698336869478226,0.5859326124191284,0.258050799369812,-0.06289399415254593,0.6099246740341187,0.29765287041664124,-0.07117219269275665,0.5096712112426758,0.34047800302505493,0.00347206462174654,0.5567220449447632,0.2636398375034332,5.5945609346963465e-05,0.5956599712371826,0.27799779176712036,-0.0175310168415308,0.616267204284668,0.3165096342563629,-0.02975161001086235,0.5211554765701294,0.3724020719528198,0.033682916313409805,0.564037024974823,0.3297952115535736,0.026222916319966316,0.5938476920127869,0.3457981050014496,-0.0009480893495492637,0.612147331237793,0.3712652027606964,-0.019017137587070465,0.5299693942070007,0.414126992225647,0.057603321969509125,0.5641331076622009,0.39681845903396606,0.04492158070206642,0.5808249711990356,0.41671857237815857,0.025108911097049713,0.5856270790100098,0.44347524642944336,0.012659032829105854
0.41784417629241943,0.5270344018936157,7.800455250617233e-07,0.4315805435180664,0.5036690831184387,-0.09576049447059631,0.4791882336139679,0.47362855076789856,-0.12513244152069092,0.5452175140380859,0.47125378251075745,-0.13439151644706726,0.6022483706474304,0.45806339383125305,-0.13736112415790558,0.49083665013313293,0.3184862434864044,-0.05712451785802841,0.5430671572685242,0.24548280239105225,-0.07170173525810242,0.588698148727417,0.26303791999816895,-0.09197840094566345,0.6149222254753113,0.30467116832733154,-0.10413858294487,0.5055748820304871,0.3367308974266052,-0.008906223811209202,0.5571598410606384,0.25562113523483276,-0.016626527532935143,0.5994465947151184,0.2704015374183655,-0.04136829078197479,0.6213640570640564,0.3120783865451813,-0.05947355926036835,0.51884526014328,0.36094924807548523,0.031038658693432808,0.5624353885650635,0.2988264858722687,0.02468760870397091,0.5965594053268433,0.30591854453086853,-0.003229347290471196,0.6174055337905884,0.3302193582057953,-0.023770133033394814,0.5312989354133606,0.39276549220085144,0.06307856738567352,0.5653738975524902,0.3564113676548004,0.05470562353730202,0.5857025980949402,0.36368152499198914,0.035921551287174225,0.5946487188339233,0.38314589858055115,0.022015484049916267
0.41755837202072144,0.5246999859809875,7.876392373873387e-07,0.4324512481689453,0.501006007194519,-0.0960271880030632,0.4805830121040344,0.47090041637420654,-0.1251697838306427,0.5466419458389282,0.46953731775283813,-0.13419519364833832,0.6039333939552307,0.4549226760864258,-0.136991485953331,0.490837961435318,0.31761160492897034,-0.05615678057074547,0.5423685312271118,0.24418525397777557,-0.06946586072444916,0.5873607397079468,0.2607671320438385,-0.08901230990886688,0.6132350564002991,0.30103790760040283,-0.10082104802131653,0.5049881935119629,0.3366912603378296,-0.007657427806407213,0.5562806725502014,0.25670957565307617,-0.014478619210422039,0.5988816022872925,0.2699473798274994,-0.03958958759903908,0.6218529939651489,0.31050044298171997,-0.05818658322095871,0.5181357860565186,0.3600117266178131,0.03253289684653282,0.5608841776847839,0.2957792580127716,0.027655072510242462,0.5954170227050781,0.3011135160923004,-0.0002844743721652776,0.6177656650543213,0.32371604442596436,-0.021162623539566994,0.5306800603866577,0.39028435945510864,0.06469517201185226,0.5643799304962158,0.34972673654556274,0.05819910392165184,0.5859676003456116,0.3530760109424591,0.039968106895685196,0.5968955159187317,0.36909419298171997,0.026008473709225655
0.41049253940582275,0.560875415802002,7.362085057138756e-07,0.42766761779785156,0.5110297203063965,-0.07039973139762878,0.4632214903831482,0.44992929697036743,-0.08831559121608734,0.5159685611724854,0.4066827893257141,-0.0924924910068512,0.5608326196670532,0.36370208859443665,-0.09226901084184647,0.43603450059890747,0.31977176666259766,-0.01976977474987507,0.46655017137527466,0.2386813759803772,-0.02099762298166752,0.5071117281913757,0.22793234884738922,-0.03321550041437149,0.5381633043289185,0.24368900060653687,-0.04271528869867325,0.4578516185283661,0.33756184577941895,0.016696235164999962,0.4844832420349121,0.25619208812713623,0.021013792604207993,0.5195197463035583,0.24383509159088135,0.0030830465257167816,0.5498177409172058,0.2560809254646301,-0.012814057059586048,0.47717127203941345,0.36299559473991394,0.04609335958957672,0.49787503480911255,0.2941132187843323,0.05156083032488823,0.5269167423248291,0.27383798360824585,0.033951666206121445,0.5538649559020996,0.2733636200428009,0.017179572954773903,0.493913859128952,0.39745160937309265,0.06867178529500961,0.5166376829147339,0.34980905055999756,0.07075759023427963,0.5351994037628174,0.33861032128334045,0.06162523478269577,0.5513702034950256,0.3388137221336365,0.0526663102209568
0.4242315888404846,0.5552642345428467,5.857506266693235e-07,0.4306497871875763,0.5062850117683411,-0.05928274989128113,0.4583945870399475,0.44094163179397583,-0.07751213014125824,0.499629944562912,0.3883298635482788,-0.08554500341415405,0.5375719666481018,0.3411627411842346,-0.09031537920236588,0.4317978024482727,0.3171961307525635,-0.011042383499443531,0.4572843015193939,0.23960062861442566,-0.01526310108602047,0.4925772547721863,0.22101786732673645,-0.03137015178799629,0.5214577913284302,0.23043100535869598,-0.044436533004045486,0.45721080899238586,0.33105435967445374,0.017490683123469353,0.4807327389717102,0.25528162717819214,0.021247146651148796,0.5109592080116272,0.24563220143318176,0.0014826562255620956,0.5381395220756531,0.24753910303115845,-0.016895122826099396,0.4776303172111511,0.35225608944892883,0.03953441232442856,0.4971582591533661,0.2876206636428833,0.045063745230436325,0.5210739970207214,0.2724713087081909,0.02905312366783619,0.5435999631881714,0.2750411629676819,0.012598034925758839,0.4965963661670685,0.3849351406097412,0.05559239536523819,0.5150976777076721,0.32577797770500183,0.059248603880405426,0.529486894607544,0.31121718883514404,0.05204523727297783,0.5413139462471008,0.30849844217300415,0.04347033053636551
0.4614991247653961,0.572594940662384,2.0640491982248932e-07,0.44767552614212036,0.511711835861206,-0.024499235674738884,0.4576554000377655,0.435616672039032,-0.035106319934129715,0.481345534324646,0.37742334604263306,-0.04461778700351715,0.5031343102455139,0.32731738686561584,-0.051622215658426285,0.4702048897743225,0.3310660719871521,0.006023181602358818,0.4854428172111511,0.2619081437587738,-0.011836739256978035,0.5068745017051697,0.23566780984401703,-0.03295723348855972,0.5262191295623779,0.23516249656677246,-0.04657436162233353,0.501201331615448,0.34437114000320435,0.008209338411688805,0.5197351574897766,0.27195823192596436,-0.006120793055742979,0.5376725196838379,0.24951782822608948,-0.02752092108130455,0.5503770112991333,0.2490820586681366,-0.04188230261206627,0.5259541869163513,0.3669949173927307,0.005523890256881714,0.5474924445152283,0.30076390504837036,-0.0049578845500946045,0.5606293082237244,0.27269071340560913,-0.016575157642364502,0.569891631603241,0.26651233434677124,-0.024303408339619637,0.5483306050300598,0.4047677218914032,-0.0004402577178552747,0.5652118921279907,0.34708961844444275,-0.006667773239314556,0.5773975849151611,0.3136448264122009,-0.011256363242864609,0.5879192352294922,0.2908896505832672,-0.01437263935804367
0.47954580187797546,0.5779545307159424,3.9168605781014776e-07,0.4620242118835449,0.5312882661819458,-0.04519360139966011,0.47294360399246216,0.4639908969402313,-0.06462446600198746,0.5077720284461975,0.4124131202697754,-0.07834971696138382,0.5410863161087036,0.3742181658744812,-0.08868343383073807,0.48260581493377686,0.3493237793445587,-0.019605891779065132,0.5023576021194458,0.2743801474571228,-0.04309958592057228,0.5294215679168701,0.2484462410211563,-0.06788334250450134,0.5506887435913086,0.2556775212287903,-0.08322671055793762,0.5165829062461853,0.3611135482788086,-0.007158250547945499,0.5372781157493591,0.2803249657154083,-0.028556499630212784,0.5604963898658752,0.26040902733802795,-0.05566832050681114,0.5762450695037842,0.2717512249946594,-0.07341978698968887,0.5424266457557678,0.3851590156555176,-0.0003920700983144343,0.5641031861305237,0.3109302222728729,-0.017194855958223343,0.5811145305633545,0.28349071741104126,-0.038997042924165726,0.5931897759437561,0.2886751592159271,-0.05321941897273064,0.5646535754203796,0.4202272891998291,0.002204722026363015,0.5797522068023682,0.3625871539115906,-0.011125410906970501,0.5932763814926147,0.3309728503227234,-0.025278927758336067,0.6064223647117615,0.3174857497215271,-0.034978561103343964
0.46233421564102173,0.5753602981567383,5.780384526588023e-07,0.4707992374897003,0.5346638560295105,-0.06941279768943787,0.5042214393615723,0.48374223709106445,-0.0914599597454071,0.5561156272888184,0.4491800367832184,-0.10060080140829086,0.6007890105247498,0.41791465878486633,-0.10526354610919952,0.5065910816192627,0.3476758301258087,-0.03231426328420639,0.5404186844825745,0.2725920081138611,-0.04797133430838585,0.578823447227478,0.2638377249240875,-0.06830767542123795,0.6087544560432434,0.28057730197906494,-0.08152257651090622,0.5332613587379456,0.3649972975254059,-0.0012064125621691346,0.564228892326355,0.2930349111557007,-0.008736822754144669,0.5972442030906677,0.2830330431461334,-0.02769406884908676,0.6230647563934326,0.2925499379634857,-0.0419713519513607,0.5522838830947876,0.3941999077796936,0.022210735827684402,0.5817844867706299,0.33437293767929077,0.015488604083657265,0.6082563400268555,0.3199593722820282,-0.0011136921821162105,0.6305105686187744,0.3208024501800537,-0.014119116589426994,0.5656822919845581,0.4312499463558197,0.039059847593307495,0.5894222855567932,0.38981884717941284,0.031529463827610016,0.6016080975532532,0.38371726870536804,0.02228812500834465,0.6111684441566467,0.3869320750236511,0.01568988896906376
0.445022314786911,0.5594102144241333,8.433331686319434e-07,0.46148598194122314,0.5348544716835022,-0.0889480710029602,0.5062626004219055,0.4913167357444763,-0.11953773349523544,0.5679402351379395,0.46787261962890625,-0.13271328806877136,0.622732937335968,0.43473777174949646,-0.14164385199546814,0.5002180337905884,0.34502890706062317,-0.05109763517975807,0.5400095582008362,0.26415693759918213,-0.0607900470495224,0.5857734680175781,0.26345372200012207,-0.07910463213920593,0.6167281866073608,0.28885605931282043,-0.09181959182024002,0.5160433650016785,0.35950347781181335,-0.006455967202782631,0.5532557368278503,0.27153295278549194,-0.009976054541766644,0.5951769351959229,0.27033841609954834,-0.0337064228951931,0.6241769790649414,0.2984142601490021,-0.053063761442899704,0.5309455394744873,0.3807680904865265,0.03107273019850254,0.5628088116645813,0.3104285001754761,0.031121589243412018,0.5966356992721558,0.3019864559173584,0.007794632576406002,0.6226214170455933,0.31509578227996826,-0.01237413752824068,0.5450966954231262,0.4101981222629547,0.06094339117407799,0.5741455554962158,0.36391910910606384,0.06028945371508598,0.5956403613090515,0.3577152192592621,0.046829767525196075,0.6102596521377563,0.3648712635040283,0.034482259303331375
0.43120044469833374,0.50750732421875,6.748308578607976e-07,0.45212650299072266,0.5019543766975403,-0.08807511627674103,0.5115174651145935,0.5044935941696167,-0.11730662733316422,0.5770028233528137,0.5384194850921631,-0.1276599019765854,0.6312194466590881,0.5472731590270996,-0.1322953850030899,0.5556151270866394,0.36712944507598877,-0.058908767998218536,0.6283745765686035,0.32464703917503357,-0.07185293734073639,0.6714490652084351,0.35649654269218445,-0.08640722185373306,0.6870393753051758,0.4055185317993164,-0.09304311126470566,0.5629122853279114,0.37643590569496155,-0.012321571819484234,0.6369322538375854,0.3210841417312622,-0.01813850924372673,0.6754231452941895,0.35950616002082825,-0.03501010313630104,0.687504231929779,0.40914660692214966,-0.045726094394922256,0.5659248232841492,0.39018714427948,0.027235327288508415,0.6297505497932434,0.35296761989593506,0.02373555675148964,0.662956714630127,0.37680429220199585,0.004030830226838589,0.6765885949134827,0.4117307960987091,-0.009443736635148525,0.5683215260505676,0.4179677665233612,0.05953230336308479,0.6134739518165588,0.4020148813724518,0.05466696247458458,0.6398617029190063,0.418099582195282,0.03994186222553253,0.6497631072998047,0.4388777017593384,0.029881346970796585
0.4340514540672302,0.509513258934021,8.02805971034104e-07,0.4679872989654541,0.524627685546875,-0.08416368067264557,0.5268669128417969,0.546755313873291,-0.11528489738702774,0.5852778553962708,0.5969880819320679,-0.12835972011089325,0.6396027207374573,0.6178525686264038,-0.13548606634140015,0.5936788320541382,0.40080344676971436,-0.0579431876540184,0.6695547103881836,0.3853328824043274,-0.06535062938928604,0.7022743225097656,0.437520831823349,-0.07470379769802094,0.7043689489364624,0.49208757281303406,-0.07785101234912872,0.5924075841903687,0.3981269598007202,-0.011851894669234753,0.6804346442222595,0.3700634241104126,-0.015463289804756641,0.7086960077285767,0.42414391040802,-0.030905282124876976,0.701901376247406,0.4832853376865387,-0.04025942087173462,0.5880150198936462,0.40736156702041626,0.02894897758960724,0.6610400676727295,0.39155176281929016,0.02783932350575924,0.6868178248405457,0.43413975834846497,0.008209196850657463,0.6855054497718811,0.4790489077568054,-0.004855852108448744,0.5815695524215698,0.4301550090312958,0.06350646167993546,0.6371024250984192,0.4271397292613983,0.061644069850444794,0.6609712839126587,0.45817145705223083,0.048529744148254395,0.665706992149353,0.48949331045150757,0.03999147564172745
0.4578872323036194,0.5269379615783691,8.987509545477224e-07,0.5212907195091248,0.5241435170173645,-0.06489033252000809,0.5876626968383789,0.5077955722808838,-0.07996495813131332,0.6475769877433777,0.5130846500396729,-0.07917018234729767,0.6952512264251709,0.49585235118865967,-0.07078321278095245,0.5817036032676697,0.3570100963115692,-0.024221887812018394,0.64068603515625,0.2966584861278534,-0.011133677326142788,0.6843053102493286,0.31565970182418823,-0.002538319444283843,0.7003663778305054,0.35318252444267273,0.007137467619031668,0.5703206062316895,0.3569246232509613,0.021167011931538582,0.6363067030906677,0.29497307538986206,0.04172244668006897,0.6780950427055359,0.3163753151893616,0.047109879553318024,0.6934947967529297,0.3569991886615753,0.051932353526353836,0.5612859725952148,0.36414459347724915,0.0620674267411232,0.6159560680389404,0.3211319148540497,0.08197221159934998,0.6527913808822632,0.3341423273086548,0.08483339101076126,0.6680493950843811,0.36578473448753357,0.08629822731018066,0.557337760925293,0.3830831050872803,0.09700966626405716,0.6013448238372803,0.3549957275390625,0.11207327991724014,0.6277962923049927,0.3661930561065674,0.11643006652593613,0.6403650045394897,0.38560381531715393,0.12127062678337097
0.4830175042152405,0.5342109203338623,7.204582175290852e-07,0.5453919768333435,0.5154411792755127,-0.06733089685440063,0.6027439832687378,0.4744442105293274,-0.08355074375867844,0.6587656140327454,0.45585283637046814,-0.08191410452127457,0.704338788986206,0.42723289132118225,-0.07244369387626648,0.5638396143913269,0.32505959272384644,-0.04149394854903221,0.5996939539909363,0.2410155087709427,-0.03129751235246658,0.6433984637260437,0.24411141872406006,-0.022598372772336006,0.6673523187637329,0.27440589666366577,-0.013035162352025509,0.5521472096443176,0.33165475726127625,0.006804962642490864,0.598892867565155,0.24549038708209991,0.02281339094042778,0.6430219411849976,0.2531526982784271,0.025723854079842567,0.6675108075141907,0.28622543811798096,0.028014402836561203,0.5472987294197083,0.3444783687591553,0.05197063460946083,0.5900487303733826,0.2779610753059387,0.06666048616170883,0.6283090710639954,0.2790394425392151,0.06121683120727539,0.6499283909797668,0.3046051859855652,0.05695565789937973,0.5498714447021484,0.3617064356803894,0.09232063591480255,0.5871012210845947,0.3144611418247223,0.10242040455341339,0.6157341003417969,0.31476619839668274,0.0990520566701889,0.6325588822364807,0.3309052288532257,0.09778902679681778
0.49654823541641235,0.5688801407814026,8.588172590862087e-07,0.5531966090202332,0.5090965032577515,-0.06588003784418106,0.5972487330436707,0.4492006003856659,-0.08088013529777527,0.6449230313301086,0.4027928411960602,-0.08125210553407669,0.6787007451057434,0.3499530255794525,-0.07384489476680756,0.5237130522727966,0.3268091082572937,-0.007608750369399786,0.5331243872642517,0.2389531135559082,0.006811981555074453,0.5784716606140137,0.22338438034057617,0.010800568386912346,0.6110741496086121,0.24187114834785461,0.015316035598516464,0.522513747215271,0.3485149145126343,0.03853532671928406,0.5397791266441345,0.2585848569869995,0.0604420080780983,0.583770751953125,0.24895602464675903,0.059828754514455795,0.6165725588798523,0.26436638832092285,0.05823785439133644,0.5256533622741699,0.3676702380180359,0.07900791615247726,0.5442392230033875,0.30077990889549255,0.10226047039031982,0.5783623456954956,0.2814047634601593,0.10241173207759857,0.6053125262260437,0.29118072986602783,0.10005087405443192,0.5374607443809509,0.39181992411613464,0.1126026138663292,0.5573001503944397,0.34123340249061584,0.13233809173107147,0.5801459550857544,0.32822084426879883,0.13587582111358643,0.597377359867096,0.32896584272384644,0.13820545375347137
0.4917493462562561,0.6049320697784424,8.373511946047074e-07,0.5345433950424194,0.5290417075157166,-0.06974955648183823,0.5723751187324524,0.45567235350608826,-0.08454134315252304,0.6187000870704651,0.4038219451904297,-0.0851186141371727,0.6549145579338074,0.3448750972747803,-0.07900016754865646,0.5055885910987854,0.34802526235580444,-0.0010333368554711342,0.5146161317825317,0.2588497996330261,0.013331587426364422,0.5568733811378479,0.2359074354171753,0.013508251868188381,0.5904528498649597,0.24738799035549164,0.013966288417577744,0.5162577033042908,0.3690539002418518,0.04380038008093834,0.5266767144203186,0.2742772698402405,0.06731270253658295,0.5665031671524048,0.25905486941337585,0.061675213277339935,0.5987660884857178,0.2699187994003296,0.05518094450235367,0.5287883877754211,0.39001768827438354,0.08158161491155624,0.5382992625236511,0.3146001696586609,0.10602480918169022,0.5679561495780945,0.29077062010765076,0.10067617148160934,0.5932149291038513,0.2950742542743683,0.0927884504199028,0.5473260879516602,0.4198683500289917,0.11182235181331635,0.5625128746032715,0.359976589679718,0.13284653425216675,0.5812420845031738,0.3387337625026703,0.13361871242523193,0.5947375297546387,0.3334483802318573,0.13183742761611938
0.49894511699676514,0.6041898727416992,6.01889666995703e-07,0.5222090482711792,0.5302077531814575,-0.05759619548916817,0.5511355996131897,0.4575372040271759,-0.06875143200159073,0.5898499488830566,0.4031396210193634,-0.07012248784303665,0.6274198293685913,0.34912335872650146,-0.06762930005788803,0.5022882223129272,0.3539591133594513,0.014063453301787376,0.5225260853767395,0.276681125164032,0.02060171216726303,0.556430459022522,0.25275516510009766,0.009037884883582592,0.5833081603050232,0.25695258378982544,-0.0024785110726952553,0.5262243747711182,0.37211665511131287,0.045186493545770645,0.545220673084259,0.29326939582824707,0.05730699375271797,0.5758856534957886,0.28460466861724854,0.03730158880352974,0.6008158326148987,0.2870670258998871,0.01812484674155712,0.5465273857116699,0.39316481351852417,0.06875631958246231,0.5641717910766602,0.3269205391407013,0.08042269200086594,0.5890390872955322,0.3122340440750122,0.06234723702073097,0.6088489294052124,0.31645336747169495,0.04408891126513481,0.5671132206916809,0.4273785352706909,0.08618047833442688,0.5873661637306213,0.36452516913414,0.09338415414094925,0.6011050343513489,0.3497053384780884,0.08440771698951721,0.608849287033081,0.345788836479187,0.0737675204873085
0.500275731086731,0.5971745252609253,4.7623865384593955e-07,0.5083801746368408,0.5477049350738525,-0.055149685591459274,0.5330302119255066,0.4822677969932556,-0.07624651491641998,0.5686510801315308,0.4239587187767029,-0.08926096558570862,0.6050178408622742,0.36793196201324463,-0.0989135131239891,0.5231300592422485,0.35350653529167175,-0.01360706239938736,0.5553295612335205,0.2796783447265625,-0.026053529232740402,0.5920954346656799,0.27094534039497375,-0.0466393306851387,0.6187914609909058,0.2930799424648285,-0.061359953135252,0.5508847832679749,0.3687097728252411,0.008533689193427563,0.5830723643302917,0.29572123289108276,0.00017579270934220403,0.6135483980178833,0.2974729537963867,-0.02733461931347847,0.6344934701919556,0.3153403401374817,-0.048770830035209656,0.5724979043006897,0.3915202021598816,0.024698402732610703,0.6003509163856506,0.32627689838409424,0.01997220143675804,0.6256645917892456,0.31850960850715637,-0.0012810771586373448,0.6430361270904541,0.3342825472354889,-0.019062291830778122,0.5889366865158081,0.42659687995910645,0.035648878663778305,0.6118245124816895,0.36639437079429626,0.032486483454704285,0.6286676526069641,0.3540620505809784,0.022320976480841637,0.6394460201263428,0.3590834140777588,0.013032246381044388
0.4246959686279297,0.5430121421813965,5.144682404534251e-07,0.4483206570148468,0.5252736210823059,-0.05491333082318306,0.48333048820495605,0.49253708124160767,-0.07870081812143326,0.524245023727417,0.46612852811813354,-0.09404062479734421,0.5587043762207031,0.4357946217060089,-0.10572869330644608,0.45386937260627747,0.3489726781845093,-0.03257657587528229,0.4799489974975586,0.27799296379089355,-0.05039044842123985,0.5166659355163574,0.27635741233825684,-0.0707390308380127,0.5439345836639404,0.29805129766464233,-0.08305108547210693,0.4595431685447693,0.3469889163970947,-0.010914134792983532,0.48176658153533936,0.26697778701782227,-0.027301974594593048,0.5185976624488831,0.26132163405418396,-0.0497872419655323,0.5451897978782654,0.28891584277153015,-0.06433164328336716,0.46897560358047485,0.3544204831123352,0.0056001124903559685,0.4904814064502716,0.2809963822364807,-0.006943422369658947,0.5216540694236755,0.2753356099128723,-0.024558333680033684,0.54448002576828,0.2956710755825043,-0.03545556217432022,0.47873836755752563,0.36959943175315857,0.01726161129772663,0.5012935400009155,0.3150414526462555,0.008181712590157986,0.5224411487579346,0.30422160029411316,-0.0017919775564223528,0.5387847423553467,0.31281718611717224,-0.007801881060004234
0.32817235589027405,0.5210909247398376,8.06341347470152e-07,0.34520965814590454,0.5279561281204224,-0.09196148067712784,0.3940833508968353,0.5124014019966125,-0.13351422548294067,0.4565385580062866,0.5147815346717834,-0.15755178034305573,0.5133329629898071,0.49804574251174927,-0.1762264370918274,0.39804819226264954,0.3341045677661896,-0.08049218356609344,0.45217591524124146,0.2559446692466736,-0.10279862582683563,0.5021310448646545,0.27634766697883606,-0.12222220003604889,0.5295161008834839,0.3179577589035034,-0.13286952674388885,0.41078633069992065,0.3317071795463562,-0.038197293877601624,0.46377894282341003,0.238692969083786,-0.058636631816625595,0.512198805809021,0.26466360688209534,-0.08146946877241135,0.5345311760902405,0.3117842674255371,-0.09550761431455612,0.4229296147823334,0.3412500023841858,-0.0016570239095017314,0.46931877732276917,0.2667733430862427,-0.016374019905924797,0.5084258317947388,0.2819494903087616,-0.035698581486940384,0.5276753306388855,0.3157222270965576,-0.047716520726680756,0.4349536597728729,0.3619723320007324,0.02782520093023777,0.474655419588089,0.30712926387786865,0.016782473772764206,0.5041015148162842,0.31088000535964966,0.0031881413888186216,0.5191546678543091,0.32839149236679077,-0.005525620188564062
0.2289731204509735,0.514391303062439,9.662959428169415e-07,0.24346819519996643,0.5301021337509155,-0.10962625592947006,0.3048103153705597,0.5138535499572754,-0.15188835561275482,0.3818526864051819,0.5252410173416138,-0.1721116304397583,0.4502853751182556,0.5247461795806885,-0.18507766723632812,0.3193850517272949,0.30410510301589966,-0.08956646919250488,0.3865659236907959,0.21248744428157806,-0.11605679988861084,0.4477052390575409,0.23683206737041473,-0.13891977071762085,0.48643094301223755,0.284477561712265,-0.15196047723293304,0.3385418653488159,0.3012610375881195,-0.03887486830353737,0.40280354022979736,0.19743628799915314,-0.06348725408315659,0.4626074731349945,0.23131099343299866,-0.08935901522636414,0.4944846034049988,0.28851988911628723,-0.10496468842029572,0.3533877432346344,0.3138866722583771,0.003936935216188431,0.4098029136657715,0.23305144906044006,-0.016539182513952255,0.4597715139389038,0.2507426142692566,-0.04063154384493828,0.4911435842514038,0.2890147864818573,-0.054677076637744904,0.3680514693260193,0.342930406332016,0.0380435585975647,0.41509220004081726,0.28681957721710205,0.021221065893769264,0.45093539357185364,0.29274988174438477,0.003553487593308091,0.47344833612442017,0.31187373399734497,-0.006907374132424593
0.22580218315124512,0.5404284000396729,9.827846270127338e-07,0.24161286652088165,0.5519770383834839,-0.12123945355415344,0.308805376291275,0.5299152135848999,-0.16988719999790192,0.39366617798805237,0.5362049341201782,-0.19432729482650757,0.470429003238678,0.5313260555267334,-0.21113383769989014,0.31011682748794556,0.29447418451309204,-0.10628212988376617,0.3790772259235382,0.1810685247182846,-0.13705144822597504,0.44627270102500916,0.20578688383102417,-0.1622174084186554,0.48733749985694885,0.2573271095752716,-0.17615914344787598,0.3333801329135895,0.2860066592693329,-0.05059688165783882,0.3993698060512543,0.16098624467849731,-0.08157148212194443,0.4672676622867584,0.19851237535476685,-0.11293160915374756,0.5030356645584106,0.26635414361953735,-0.1314466893672943,0.35419386625289917,0.29540011286735535,-0.0028072181157767773,0.4115930497646332,0.19382016360759735,-0.028256280347704887,0.46826279163360596,0.21798549592494965,-0.059619586914777756,0.5027936100959778,0.2648611068725586,-0.078057661652565,0.3729623854160309,0.3217855989933014,0.03587653487920761,0.42107856273651123,0.24742232263088226,0.01377059705555439,0.4614506959915161,0.25897181034088135,-0.00995710864663124,0.4870716631412506,0.2879227101802826,-0.0243601705878973
0.22905081510543823,0.5400461554527283,9.224236805494002e-07,0.2506353557109833,0.547132134437561,-0.11822623759508133,0.32149192690849304,0.5201656818389893,-0.16574639081954956,0.4094627797603607,0.5240762829780579,-0.19031482934951782,0.4870176613330841,0.5151159167289734,-0.20775188505649567,0.31664612889289856,0.2840217649936676,-0.10169649869203568,0.38347867131233215,0.16389334201812744,-0.13327646255493164,0.4522375762462616,0.18090005218982697,-0.16077427566051483,0.4958493113517761,0.2283722162246704,-0.17657513916492462,0.33863958716392517,0.2773078978061676,-0.049178943037986755,0.4040410816669464,0.14356224238872528,-0.08230222761631012,0.47291290760040283,0.1797725409269333,-0.11737146973609924,0.5093349814414978,0.2502012550830841,-0.13786254823207855,0.359243243932724,0.2886910140514374,-0.004373432602733374,0.41909080743789673,0.18175481259822845,-0.029479576274752617,0.4765791594982147,0.2065483033657074,-0.062431760132312775,0.5097507238388062,0.25556039810180664,-0.08182410150766373,0.3769669830799103,0.3182182312011719,0.031205732375383377,0.42961350083351135,0.24240323901176453,0.011552237905561924,0.470753937959671,0.24876219034194946,-0.012396888807415962,0.49449610710144043,0.2745993137359619,-0.02757999673485756
0.2736610174179077,0.5313385725021362,1.0477706382516772e-06,0.3038020133972168,0.543219804763794,-0.12790755927562714,0.3868187963962555,0.5191486477851868,-0.1802597939968109,0.4845229387283325,0.5227690935134888,-0.2058679163455963,0.5677880048751831,0.5116249322891235,-0.22381891310214996,0.37995100021362305,0.2655431628227234,-0.11338213831186295,0.46883830428123474,0.15967433154582977,-0.14282742142677307,0.5417218208312988,0.18529503047466278,-0.1677701324224472,0.5834517478942871,0.2423246204853058,-0.18056389689445496,0.39401841163635254,0.2528740167617798,-0.05177304893732071,0.48416370153427124,0.123207226395607,-0.08014543354511261,0.5537254214286804,0.16471543908119202,-0.11047503352165222,0.5861466526985168,0.24006938934326172,-0.12765111029148102,0.4094623327255249,0.2588239014148712,0.0021551528479903936,0.487322598695755,0.15346898138523102,-0.020237959921360016,0.5459905862808228,0.1843784600496292,-0.05137786641716957,0.5781095623970032,0.23998728394508362,-0.0697692409157753,0.42673107981681824,0.2824156880378723,0.04686809331178665,0.488100528717041,0.2071250081062317,0.029202936217188835,0.532775342464447,0.22203195095062256,0.006824308540672064,0.5592964291572571,0.25597071647644043,-0.007044537458568811
0.2786277234554291,0.5446946620941162,1.0458036285854178e-06,0.3009117841720581,0.5547096133232117,-0.13791979849338531,0.37777000665664673,0.5264277458190918,-0.19520045816898346,0.4780855178833008,0.5277919173240662,-0.22446081042289734,0.5696443319320679,0.5155580043792725,-0.2449692338705063,0.38032767176628113,0.2638098895549774,-0.12356729060411453,0.4654390513896942,0.14044055342674255,-0.159002885222435,0.54292231798172,0.16889113187789917,-0.188058003783226,0.5865952372550964,0.23265939950942993,-0.20342037081718445,0.40408772230148315,0.2533021569252014,-0.06003547087311745,0.48947158455848694,0.10734541714191437,-0.09456846863031387,0.5615487694740295,0.15582574903964996,-0.12949976325035095,0.5927712321281433,0.23870332539081573,-0.14907462894916534,0.4261983335018158,0.2625705897808075,-0.005239330697804689,0.5006661415100098,0.14881911873817444,-0.03170488774776459,0.5600435733795166,0.1836494356393814,-0.06544971466064453,0.5893665552139282,0.24394351243972778,-0.0849451869726181,0.447171151638031,0.2920721173286438,0.03914519026875496,0.5073021054267883,0.21255239844322205,0.01780455932021141,0.5525398254394531,0.225602924823761,-0.008139178156852722,0.5761029720306396,0.25856804847717285,-0.02419014275074005
0.2813408076763153,0.551026463508606,1.2346029052423546e-06,0.2978947162628174,0.5643516182899475,-0.17389295995235443,0.37269073724746704,0.5346822142601013,-0.24077649414539337,0.47411635518074036,0.5409834980964661,-0.2723611295223236,0.5723971724510193,0.5267213582992554,-0.2931118905544281,0.38019925355911255,0.2446538507938385,-0.14593900740146637,0.46194222569465637,0.1113678514957428,-0.18903952836990356,0.5403934717178345,0.1470814347267151,-0.22930453717708588,0.5842804908752441,0.22211147844791412,-0.2514590620994568,0.40796589851379395,0.24990060925483704,-0.06447627395391464,0.49085623025894165,0.09665043652057648,-0.10144639760255814,0.5646597743034363,0.14247968792915344,-0.14859896898269653,0.5981888771057129,0.22721466422080994,-0.17847146093845367,0.43284881114959717,0.26558929681777954,0.004702132195234299,0.504138171672821,0.13960576057434082,-0.02261272817850113,0.5619151592254639,0.1714031994342804,-0.06751548498868942,0.5943436622619629,0.2291577011346817,-0.09591922163963318,0.45954108238220215,0.29677441716194153,0.06027387082576752,0.5150376558303833,0.20468232035636902,0.04063323885202408,0.5582608580589294,0.21152770519256592,0.009997129440307617,0.5815300345420837,0.24057969450950623,-0.011403387412428856
0.2501043677330017,0.5658190846443176,1.3775475053989794e-06,0.2684810161590576,0.5911986827850342,-0.1878691464662552,0.35379523038864136,0.5599581003189087,-0.25988274812698364,0.46653544902801514,0.5676989555358887,-0.29378336668014526,0.5740368962287903,0.5481976866722107,-0.3162534534931183,0.3602660894393921,0.23963519930839539,-0.16264471411705017,0.44483116269111633,0.09408167004585266,-0.20751695334911346,0.535206139087677,0.1288941502571106,-0.24840417504310608,0.5844590663909912,0.2074497640132904,-0.27117621898651123,0.3899035155773163,0.24106422066688538,-0.07595459371805191,0.47343334555625916,0.06655272841453552,-0.11918438971042633,0.5600758790969849,0.11798760294914246,-0.17267057299613953,0.5977527499198914,0.21751222014427185,-0.2062731385231018,0.4157479405403137,0.25700849294662476,-0.0013614898780360818,0.49404698610305786,0.1152692586183548,-0.03518686816096306,0.5619155764579773,0.15144026279449463,-0.0881362333893776,0.5947169661521912,0.2187322974205017,-0.1211550161242485,0.4405626356601715,0.29071012139320374,0.059327367693185806,0.5088754296302795,0.1890653371810913,0.03271312639117241,0.5591440796852112,0.20027877390384674,-0.003578895702958107,0.5821712017059326,0.23825091123580933,-0.028248989954590797
0.26806095242500305,0.5842085480690002,1.308347464146209e-06,0.2824772000312805,0.6092546582221985,-0.1949533224105835,0.3655858039855957,0.584654688835144,-0.2747317850589752,0.47918087244033813,0.5975863337516785,-0.3160953223705292,0.5929559469223022,0.5843771696090698,-0.3457212746143341,0.37057721614837646,0.26016178727149963,-0.17721647024154663,0.4690572917461395,0.09906594455242157,-0.22847548127174377,0.5594115257263184,0.13990524411201477,-0.268958181142807,0.6006244421005249,0.2273986041545868,-0.28972578048706055,0.40674322843551636,0.2639144957065582,-0.08788996189832687,0.50294029712677,0.08449843525886536,-0.1344171017408371,0.5889631509780884,0.1495477706193924,-0.18630890548229218,0.6225882768630981,0.2500280737876892,-0.2186354547739029,0.43772539496421814,0.2798335552215576,-0.011202101595699787,0.5232256054878235,0.13836675882339478,-0.04866049811244011,0.5893535017967224,0.18332013487815857,-0.10007038712501526,0.6211550235748291,0.2521827518939972,-0.1322062462568283,0.4672646224498749,0.31002384424209595,0.05119122564792633,0.5361120104789734,0.21847563982009888,0.019291743636131287,0.5855681300163269,0.2450377494096756,-0.01863841898739338,0.606383204460144,0.2929486036300659,-0.04423414170742035
0.27539151906967163,0.5939629673957825,1.4561834404958063e-06,0.299587607383728,0.6232024431228638,-0.1998424232006073,0.3870420753955841,0.5993518829345703,-0.281422883272171,0.49815666675567627,0.6082826852798462,-0.32379356026649475,0.6106165051460266,0.5882181525230408,-0.3543543815612793,0.38601207733154297,0.2666371166706085,-0.17621755599975586,0.47792595624923706,0.11247406899929047,-0.2260255664587021,0.5713188052177429,0.15170568227767944,-0.2704388201236725,0.6151924729347229,0.24292120337486267,-0.29429611563682556,0.4174264073371887,0.2766636610031128,-0.08477586507797241,0.515535831451416,0.0944845974445343,-0.1303470879793167,0.6036624312400818,0.15782277286052704,-0.1895395666360855,0.6379297971725464,0.26336193084716797,-0.227556973695755,0.44818249344825745,0.2942958176136017,-0.005888584069907665,0.5336703658103943,0.14713256061077118,-0.039301298558712006,0.6038514375686646,0.18896032869815826,-0.09650477021932602,0.63493812084198,0.259988933801651,-0.13397900760173798,0.4783667325973511,0.32478708028793335,0.058260127902030945,0.5495244264602661,0.21982166171073914,0.03337903693318367,0.6020895838737488,0.2358618825674057,-0.004328841809183359,0.62413489818573,0.2774505615234375,-0.03176042065024376
0.2673250436782837,0.6186951398849487,9.35854984618345e-07,0.28272199630737305,0.6381546258926392,-0.1695384830236435,0.36469537019729614,0.6083848476409912,-0.23580403625965118,0.47026315331459045,0.6125812530517578,-0.26872244477272034,0.5736758708953857,0.5890522003173828,-0.29123765230178833,0.3775389790534973,0.306606650352478,-0.15261469781398773,0.4663681089878082,0.15393851697444916,-0.197749525308609,0.5462180376052856,0.1821809858083725,-0.2354966253042221,0.5828549265861511,0.25899648666381836,-0.2570071518421173,0.4151669144630432,0.3083690404891968,-0.0790463462471962,0.5023771524429321,0.13132715225219727,-0.12361977249383926,0.5739380121231079,0.18656878173351288,-0.17602165043354034,0.5977146625518799,0.2818032205104828,-0.2103700041770935,0.44524165987968445,0.3272566795349121,-0.0165945366024971,0.5257601141929626,0.19285687804222107,-0.053108446300029755,0.5863847732543945,0.2304917573928833,-0.10764673352241516,0.6109542846679688,0.29829731583595276,-0.1437387764453888,0.4672307074069977,0.3655892610549927,0.03343088552355766,0.5369114875793457,0.27262863516807556,0.0012286837445572019,0.5848628878593445,0.2893165349960327,-0.039968930184841156,0.6014690399169922,0.332217276096344,-0.06966429948806763
0.2979801893234253,0.6641364097595215,8.353502494173881e-07,0.3283848166465759,0.676184892654419,-0.13346630334854126,0.4096132814884186,0.6565214991569519,-0.1895597279071808,0.5102137923240662,0.6723513603210449,-0.2208501398563385,0.6003111600875854,0.662635087966919,-0.24323835968971252,0.4300421476364136,0.3799009919166565,-0.10967570543289185,0.5156043767929077,0.2497481405735016,-0.14638109505176544,0.5908145904541016,0.2937839925289154,-0.1771768033504486,0.6246598958969116,0.37409132719039917,-0.19168151915073395,0.4502408504486084,0.3754633665084839,-0.04762149602174759,0.5362803936004639,0.24155643582344055,-0.07819259166717529,0.6016930341720581,0.299049973487854,-0.11272049695253372,0.6233079433441162,0.3836396634578705,-0.1321648806333542,0.4660061299800873,0.385701447725296,0.004551272373646498,0.5442075729370117,0.28447455167770386,-0.017761940136551857,0.5949211120605469,0.3236924707889557,-0.051566604524850845,0.6168726682662964,0.38438326120376587,-0.07079052180051804,0.47921621799468994,0.4128558039665222,0.04616323485970497,0.5420527458190918,0.34342506527900696,0.02757745236158371,0.5834074020385742,0.36064985394477844,0.0030822190456092358,0.601898193359375,0.3962911367416382,-0.011223348788917065
0.32939037680625916,0.7103278040885925,1.086469751498953e-06,0.343311071395874,0.7076970338821411,-0.12958142161369324,0.4144224524497986,0.6863663196563721,-0.18583007156848907,0.5152020454406738,0.7146852016448975,-0.21636474132537842,0.60520339012146,0.7165868282318115,-0.2381938397884369,0.4455415904521942,0.43864187598228455,-0.11098337918519974,0.5264636278152466,0.3281187415122986,-0.14055439829826355,0.6016538143157959,0.3708808124065399,-0.16313113272190094,0.6363617181777954,0.44746720790863037,-0.17290866374969482,0.4658033847808838,0.43311622738838196,-0.048670172691345215,0.5534848570823669,0.3012954592704773,-0.07441678643226624,0.6206860542297363,0.3623981475830078,-0.10185441374778748,0.6436073184013367,0.4468972384929657,-0.11593642085790634,0.4818684458732605,0.4424259066581726,0.005399707704782486,0.5543425679206848,0.3440079689025879,-0.012487073428928852,0.6085556745529175,0.3831577003002167,-0.03776388242840767,0.6300358772277832,0.4445880353450775,-0.05137539654970169,0.49584105610847473,0.47149091958999634,0.04944654554128647,0.5530933737754822,0.40049657225608826,0.033127110451459885,0.5945096611976624,0.41772082448005676,0.013310006819665432,0.6132188439369202,0.45259082317352295,0.0027946282643824816
0.3359580636024475,0.7097724080085754,8.897721386347257e-07,0.35225343704223633,0.7084539532661438,-0.12005484849214554,0.4209252595901489,0.6869681477546692,-0.17156869173049927,0.5201717615127563,0.70276939868927,-0.19968105852603912,0.6076714396476746,0.6931056976318359,-0.21976663172245026,0.44808822870254517,0.4499758780002594,-0.10007619112730026,0.5319308042526245,0.34624794125556946,-0.13090945780277252,0.60105299949646,0.3809274435043335,-0.15553012490272522,0.6324765682220459,0.453066349029541,-0.16667203605175018,0.4707344174385071,0.44266659021377563,-0.04368602856993675,0.5580500364303589,0.31815963983535767,-0.06975031644105911,0.6191860437393188,0.36816781759262085,-0.0993574932217598,0.6382068991661072,0.4468318223953247,-0.11597225069999695,0.48752361536026,0.4508524239063263,0.004410676192492247,0.5593571662902832,0.3547064960002899,-0.015586626715958118,0.6068896651268005,0.3878278136253357,-0.04437017813324928,0.6250663995742798,0.44629815220832825,-0.060663171112537384,0.5019120573997498,0.4793894588947296,0.043461110442876816,0.5586917400360107,0.4087604880332947,0.025892486795783043,0.5975290536880493,0.41944098472595215,0.00381377711892128,0.6146180629730225,0.450742244720459,-0.009008461609482765
0.2523648142814636,0.7022562623023987,6.639643856942712e-07,0.27153974771499634,0.7090802192687988,-0.09244406223297119,0.3349906802177429,0.6775234937667847,-0.1356307715177536,0.41597726941108704,0.6711241006851196,-0.16361004114151,0.49166831374168396,0.6542012095451355,-0.18549786508083344,0.3507366180419922,0.4495534300804138,-0.08185985684394836,0.42785415053367615,0.33917707204818726,-0.12165391445159912,0.4877927303314209,0.36657634377479553,-0.1551406979560852,0.5177214741706848,0.4233148694038391,-0.1736866980791092,0.3706133961677551,0.44147664308547974,-0.04719263315200806,0.44635361433029175,0.3163791298866272,-0.08456932008266449,0.5026021003723145,0.3555803894996643,-0.11974002420902252,0.5241780877113342,0.42270591855049133,-0.14063334465026855,0.38701990246772766,0.4528856873512268,-0.01981387659907341,0.4567805230617523,0.34874194860458374,-0.049274906516075134,0.5031482577323914,0.3751057982444763,-0.07789131999015808,0.5229249000549316,0.4269189238548279,-0.09421484917402267,0.3994749188423157,0.48196616768836975,0.00031617734930478036,0.4592406451702118,0.41579943895339966,-0.021502841264009476,0.49867814779281616,0.42139673233032227,-0.04114057868719101,0.5180026888847351,0.44710710644721985,-0.053088705986738205
0.19179028272628784,0.7248185873031616,4.1612560153225786e-07,0.21562692523002625,0.7519702911376953,-0.07889217138290405,0.2790583372116089,0.7320631146430969,-0.11381819099187851,0.35203447937965393,0.7288452386856079,-0.13645270466804504,0.4196820855140686,0.7155987620353699,-0.15304115414619446,0.2842405438423157,0.5116954445838928,-0.07533431053161621,0.34377002716064453,0.3899625837802887,-0.10952959209680557,0.40233272314071655,0.41903603076934814,-0.1338375061750412,0.43231937289237976,0.47337090969085693,-0.14830432832241058,0.31005144119262695,0.4942696988582611,-0.051270872354507446,0.36398589611053467,0.3543277382850647,-0.09108766168355942,0.4250860810279846,0.4049385190010071,-0.12575757503509521,0.4528723955154419,0.4713655710220337,-0.14624150097370148,0.3332858681678772,0.4984521269798279,-0.03268361836671829,0.3871656060218811,0.3836264908313751,-0.06911946833133698,0.44098204374313354,0.41977888345718384,-0.100401870906353,0.4631613492965698,0.47051939368247986,-0.11801360547542572,0.3503898084163666,0.530369222164154,-0.01980031467974186,0.4031502902507782,0.4543602466583252,-0.050771020352840424,0.4420819580554962,0.4736269414424896,-0.0735243707895279,0.4559161365032196,0.5063111186027527,-0.08731219172477722
0.12529036402702332,0.589755654335022,8.200010483960796e-07,0.08977039158344269,0.6149975061416626,-0.11869008839130402,0.10045991837978363,0.5972411036491394,-0.18454618752002716,0.18127432465553284,0.5833404660224915,-0.23147083818912506,0.25704410672187805,0.5698121786117554,-0.2713233232498169,0.10855068266391754,0.349433034658432,-0.1389787346124649,0.1590849757194519,0.21823184192180634,-0.20899651944637299,0.22257369756698608,0.2452564686536789,-0.2568667531013489,0.26985377073287964,0.30136826634407043,-0.28376373648643494,0.1655815690755844,0.32666075229644775,-0.10356998443603516,0.19709119200706482,0.19269531965255737,-0.17170661687850952,0.2691557705402374,0.2349720299243927,-0.21315892040729523,0.3163301348686218,0.29375872015953064,-0.23581500351428986,0.21544259786605835,0.3348785638809204,-0.07742892950773239,0.24684417247772217,0.22187520563602448,-0.13768194615840912,0.3078036308288574,0.2545079290866852,-0.167596235871315,0.34712880849838257,0.3011505603790283,-0.18105918169021606,0.2559186816215515,0.3680284321308136,-0.06046285480260849,0.2882618010044098,0.29226309061050415,-0.11143671721220016,0.32735899090766907,0.3118007183074951,-0.13628150522708893,0.35104092955589294,0.3462846875190735,-0.1479341685771942
0.024393759667873383,0.6018379926681519,1.109794879994297e-06,0.022199593484401703,0.6534681916236877,-0.17336226999759674,0.04730682075023651,0.6477024555206299,-0.2733527421951294,0.11319020390510559,0.6358099579811096,-0.34401625394821167,0.1945946216583252,0.6002607345581055,-0.4072117507457733,0.04772089421749115,0.35265687108039856,-0.23030728101730347,0.08769599348306656,0.1980314552783966,-0.31228095293045044,0.1623714566230774,0.22372165322303772,-0.3617466390132904,0.2114725410938263,0.28813594579696655,-0.3910565674304962,0.10719536244869232,0.3300478458404541,-0.17316104471683502,0.13802605867385864,0.16764576733112335,-0.259556382894516,0.22272996604442596,0.20996280014514923,-0.3166901469230652,0.2707643508911133,0.2801239788532257,-0.35303765535354614,0.16019223630428314,0.34079572558403015,-0.12463413178920746,0.19156117737293243,0.19943656027317047,-0.20072399079799652,0.26585352420806885,0.23023350536823273,-0.25045984983444214,0.3037480115890503,0.2961203455924988,-0.2806895077228546,0.20162242650985718,0.3795391023159027,-0.08755049109458923,0.24189919233322144,0.2976852059364319,-0.15453819930553436,0.2861559987068176,0.32626205682754517,-0.19637712836265564,0.30440908670425415,0.38243842124938965,-0.22316080331802368
-0.0006977692246437073,0.5547785758972168,1.3058024705969729e-06,0.03739912062883377,0.6130889058113098,-0.14273880422115326,0.09426047652959824,0.6013376116752625,-0.21272513270378113,0.1756727397441864,0.5772209763526917,-0.2574639320373535,0.26152369379997253,0.5345238447189331,-0.2938062846660614,0.07067207992076874,0.2845287621021271,-0.16320715844631195,0.12183689326047897,0.14273032546043396,-0.2258402705192566,0.20776332914829254,0.14479294419288635,-0.2666533887386322,0.2665698528289795,0.18887966871261597,-0.29169464111328125,0.11325769126415253,0.27151215076446533,-0.11870284378528595,0.15001368522644043,0.1068505048751831,-0.18366792798042297,0.22982576489448547,0.11531168222427368,-0.22608183324337006,0.27761736512184143,0.17144174873828888,-0.25223061442375183,0.15246404707431793,0.3028029501438141,-0.08418154716491699,0.2113899439573288,0.1760053187608719,-0.1576704978942871,0.26964256167411804,0.1967431753873825,-0.206062912940979,0.29462140798568726,0.24903570115566254,-0.23314209282398224,0.1863509863615036,0.36668461561203003,-0.058588333427906036,0.2420380562543869,0.33229365944862366,-0.1388038992881775,0.2597157657146454,0.37757608294487,-0.18384447693824768,0.2579672336578369,0.4406404197216034,-0.20736661553382874
0.2008221596479416,0.6105678081512451,9.22450681173359e-07,0.21425959467887878,0.6147918105125427,-0.14214207231998444,0.27686241269111633,0.5639603137969971,-0.2130250185728073,0.39307624101638794,0.5373376607894897,-0.2620874345302582,0.4941723942756653,0.49929529428482056,-0.3035050332546234,0.2526131868362427,0.2603904604911804,-0.13453789055347443,0.33224228024482727,0.10163629055023193,-0.20626302063465118,0.41782495379447937,0.11297304928302765,-0.26238134503364563,0.479131281375885,0.17730697989463806,-0.2922951877117157,0.289955198764801,0.2330288589000702,-0.08406823873519897,0.3574289381504059,0.0627313107252121,-0.15251649916172028,0.4468141794204712,0.0906141847372055,-0.20693455636501312,0.5038716793060303,0.1737615317106247,-0.23510633409023285,0.32639724016189575,0.23787689208984375,-0.04542406275868416,0.3926143944263458,0.08737701177597046,-0.10598284006118774,0.46735358238220215,0.11494943499565125,-0.1520223468542099,0.5141491889953613,0.18094831705093384,-0.17255960404872894,0.3563460111618042,0.26992976665496826,-0.0173665601760149,0.4159989058971405,0.16224519908428192,-0.06442300975322723,0.4700976014137268,0.17065152525901794,-0.09542806446552277,0.5034769773483276,0.21691152453422546,-0.10994160920381546
0.28728562593460083,0.5936568975448608,1.0061123703053454e-06,0.30007901787757874,0.606501579284668,-0.15733227133750916,0.3781331181526184,0.5615764856338501,-0.22364987432956696,0.4911685883998871,0.5548150539398193,-0.2606325149536133,0.5911323428153992,0.5214364528656006,-0.28819724917411804,0.37269327044487,0.2536788582801819,-0.1484096497297287,0.4494680166244507,0.10357308387756348,-0.20392122864723206,0.5372371673583984,0.13168494403362274,-0.24731071293354034,0.5880929231643677,0.20753991603851318,-0.2699100971221924,0.40678250789642334,0.24172675609588623,-0.08267413824796677,0.4714098274707794,0.057948946952819824,-0.13592629134655,0.5586302280426025,0.10190820693969727,-0.18501347303390503,0.6010187864303589,0.20003725588321686,-0.21214088797569275,0.4369736909866333,0.2553631067276001,-0.02758457139134407,0.5032435655593872,0.11107873916625977,-0.07497847080230713,0.5718443393707275,0.1457592099905014,-0.12280850857496262,0.6038081645965576,0.21627622842788696,-0.14754663407802582,0.4623587727546692,0.2932380735874176,0.016280796378850937,0.5242170095443726,0.19422093033790588,-0.025387190282344818,0.5739492177963257,0.20945945382118225,-0.06165963411331177,0.5952564477920532,0.2555418610572815,-0.08187978714704514
