0.6129417419433594,0.7419800758361816,-3.7948379372210184e-07,0.556407630443573,0.6609769463539124,-0.004730621352791786,0.520545482635498,0.5641946792602539,-0.017975235357880592,0.49711623787879944,0.5072304010391235,-0.03728266432881355,0.49208804965019226,0.45193296670913696,-0.05610903725028038,0.601119339466095,0.46952149271965027,-0.009204918518662453,0.5722209215164185,0.3664179742336273,-0.04562282934784889,0.5243478417396545,0.30628716945648193,-0.07270035892724991,0.486847847700119,0.2648853063583374,-0.08951964229345322,0.628727912902832,0.4828014671802521,-0.02862955629825592,0.6103793382644653,0.36455345153808594,-0.07254313677549362,0.5571439862251282,0.37880799174308777,-0.08987079560756683,0.5321135520935059,0.4233129024505615,-0.09304492175579071,0.6476444005966187,0.5130350589752197,-0.051406800746917725,0.6309546232223511,0.3948732316493988,-0.08660072833299637,0.5723813772201538,0.40669357776641846,-0.08567989617586136,0.5462390780448914,0.44897839426994324,-0.07586508244276047,0.6588119268417358,0.5571008324623108,-0.07595093548297882,0.6468725800514221,0.45524105429649353,-0.09782674908638,0.6034704446792603,0.4358479976654053,-0.09522207081317902,0.576758861541748,0.4528396725654602,-0.08755148947238922
0.5780746936798096,0.6427375674247742,-2.762020585578284e-07,0.5183875560760498,0.5365011692047119,0.042955245822668076,0.4919397830963135,0.4479902684688568,0.05572729557752609,0.469024658203125,0.38518595695495605,0.04914884269237518,0.45336657762527466,0.3214145004749298,0.04048867151141167,0.5664741396903992,0.36946097016334534,0.0821336880326271,0.5377515554428101,0.2855883240699768,0.08273747563362122,0.5110100507736206,0.2369881421327591,0.0753374770283699,0.4906347393989563,0.1898062527179718,0.06681017577648163,0.5872164368629456,0.37077778577804565,0.042180053889751434,0.5537362694740295,0.26895713806152344,0.02763349376618862,0.5087080001831055,0.27197733521461487,0.013348913751542568,0.47956937551498413,0.29033082723617554,0.007247598376125097,0.5977429151535034,0.3822804093360901,0.00013604132982436568,0.5594121217727661,0.27910536527633667,-0.016640113666653633,0.5044572353363037,0.30753448605537415,-0.019022760912775993,0.472989022731781,0.34926220774650574,-0.015855278819799423,0.59837806224823,0.39828038215637207,-0.04013862460851669,0.5612232685089111,0.3110198974609375,-0.047941990196704865,0.5136469006538391,0.3118142783641815,-0.043850671499967575,0.48077356815338135,0.3346158266067505,-0.039312127977609634
0.5346667170524597,0.5995620489120483,-3.8066016827542626e-07,0.4736151695251465,0.5142878890037537,0.026905136182904243,0.4443156123161316,0.4297390282154083,0.029937932267785072,0.4150537848472595,0.37465059757232666,0.019216354936361313,0.3955393135547638,0.31711462140083313,0.007643138524144888,0.5368616580963135,0.3546362519264221,0.052664585411548615,0.5016050934791565,0.26716360449790955,0.04721691831946373,0.47081393003463745,0.2200888693332672,0.037491343915462494,0.4437658190727234,0.18036405742168427,0.028464924544095993,0.5534542202949524,0.35653752088546753,0.022831879556179047,0.49592605233192444,0.2605946660041809,0.0045228819362819195,0.44353926181793213,0.2708166837692261,-0.010232996195554733,0.4137784540653229,0.2989579439163208,-0.01695038191974163,0.5542766451835632,0.36506229639053345,-0.008758832700550556,0.5049511790275574,0.2580670118331909,-0.02577240951359272,0.45063915848731995,0.2725307047367096,-0.030170582234859467,0.4205482602119446,0.30806735157966614,-0.02929704822599888,0.5413458943367004,0.3768448531627655,-0.03940200433135033,0.5091630220413208,0.28868788480758667,-0.04961339011788368,0.4671998620033264,0.27669721841812134,-0.049416299909353256,0.43570640683174133,0.294048011302948,-0.04734063521027565
0.528826117515564,0.6091869473457336,-4.721667892226833e-07,0.46366000175476074,0.5213518142700195,0.03663016855716705,0.43400973081588745,0.43496331572532654,0.04005473479628563,0.40355148911476135,0.3825802803039551,0.027247190475463867,0.3818996548652649,0.3250891864299774,0.01266900822520256,0.5326119661331177,0.35933294892311096,0.054248228669166565,0.49558451771736145,0.2614232301712036,0.04928724467754364,0.4636008143424988,0.211244598031044,0.04213811457157135,0.4373086094856262,0.16929221153259277,0.034791190177202225,0.551271915435791,0.3638934791088104,0.01745409518480301,0.48157256841659546,0.2641889452934265,-0.0038066767156124115,0.423833429813385,0.2878810465335846,-0.0169808492064476,0.3953308165073395,0.327996164560318,-0.0216290932148695,0.5509786605834961,0.3746410608291626,-0.020023731514811516,0.4928053617477417,0.26502323150634766,-0.03843587636947632,0.43727272748947144,0.28456911444664,-0.03904525935649872,0.4092317521572113,0.3219882845878601,-0.035537708550691605,0.5351073741912842,0.38708415627479553,-0.05567900836467743,0.5043907761573792,0.29422181844711304,-0.0666775107383728,0.46459758281707764,0.2759532630443573,-0.06483878940343857,0.4350522756576538,0.2850744426250458,-0.06165758892893791
0.5423004031181335,0.6179141998291016,-3.074124208524154e-07,0.47476327419281006,0.5303963422775269,0.030376339331269264,0.44233012199401855,0.44208279252052307,0.033968839794397354,0.4113749563694,0.38774845004081726,0.022084875032305717,0.3896770477294922,0.32796967029571533,0.00932357832789421,0.532839834690094,0.3534965515136719,0.06126157566905022,0.504362165927887,0.25581684708595276,0.05908503010869026,0.47935524582862854,0.20401543378829956,0.051456913352012634,0.45641547441482544,0.15879404544830322,0.04293037950992584,0.5497486591339111,0.3589220345020294,0.02806609682738781,0.48700594902038574,0.2625617980957031,0.0065179867669939995,0.43653297424316406,0.2847469747066498,-0.011714203283190727,0.4118737280368805,0.32243144512176514,-0.019352031871676445,0.5518773794174194,0.3715553283691406,-0.0065866149961948395,0.4965110123157501,0.2714577913284302,-0.02335933968424797,0.445612370967865,0.2911075949668884,-0.027881568297743797,0.41995328664779663,0.32797539234161377,-0.026842286810278893,0.5429564714431763,0.387950599193573,-0.040320832282304764,0.5124087929725647,0.30093270540237427,-0.04681391268968582,0.4740957021713257,0.2755495309829712,-0.04592091962695122,0.44609689712524414,0.27579885721206665,-0.04421708360314369
0.5506876707077026,0.6296432614326477,-1.7040744637597527e-07,0.48590168356895447,0.5342725515365601,0.01337829977273941,0.45439061522483826,0.4555717408657074,-0.0004211122577544302,0.4254980683326721,0.4033375084400177,-0.023636050522327423,0.412637859582901,0.34852927923202515,-0.04812304303050041,0.5757147669792175,0.3725086748600006,-0.001738939667120576,0.5679262280464172,0.2538055181503296,-0.01853678748011589,0.5669081211090088,0.19018004834651947,-0.029870426282286644,0.5678244233131409,0.13492143154144287,-0.03942766785621643,0.589073896408081,0.3907596170902252,-0.027227871119976044,0.5218116641044617,0.2628137171268463,-0.05412079393863678,0.4646921157836914,0.2877337336540222,-0.06029961630702019,0.44313836097717285,0.33175283670425415,-0.060986462980508804,0.5811270475387573,0.41633903980255127,-0.05267108976840973,0.5234997272491455,0.2917669415473938,-0.07459995150566101,0.4700269103050232,0.3105606734752655,-0.06638006865978241,0.44907692074775696,0.3533882796764374,-0.05705226957798004,0.5589556097984314,0.44261860847473145,-0.07788283377885818,0.5256876945495605,0.3409572243690491,-0.09364672005176544,0.4874373972415924,0.32840803265571594,-0.08892789483070374,0.4627944827079773,0.34885603189468384,-0.0822371393442154
0.5700426697731018,0.6503263115882874,-1.4613924292916636e-07,0.4994833767414093,0.5554001927375793,0.0032704039476811886,0.4668746590614319,0.47493433952331543,-0.013216393068432808,0.43924805521965027,0.4214916229248047,-0.03685100004076958,0.41909995675086975,0.3863898515701294,-0.06130153685808182,0.583421528339386,0.3777182102203369,-0.015215981751680374,0.5777186155319214,0.25771862268447876,-0.03725104033946991,0.573627769947052,0.18931306898593903,-0.050869863480329514,0.5729604959487915,0.13069415092468262,-0.061502765864133835,0.59833824634552,0.40094655752182007,-0.035953227430582047,0.5259414911270142,0.29040515422821045,-0.06938644498586655,0.4688669741153717,0.32237130403518677,-0.07535712420940399,0.44970932602882385,0.3654942810535431,-0.07466330379247665,0.592428982257843,0.4334593713283539,-0.05745917931199074,0.5299057960510254,0.32736995816230774,-0.08633793145418167,0.4779246747493744,0.3523596227169037,-0.0785781741142273,0.46032828092575073,0.3957578241825104,-0.06753242760896683,0.5722907781600952,0.46788179874420166,-0.07952002435922623,0.5333971381187439,0.37699609994888306,-0.09776125848293304,0.49273228645324707,0.37014633417129517,-0.09282898157835007,0.46917471289634705,0.392485648393631,-0.08522467315196991
0.5810258984565735,0.6602798700332642,-1.6611920727882534e-07,0.5106509327888489,0.5674700140953064,0.008596696890890598,0.4782787561416626,0.49209141731262207,-0.01000144425779581,0.4501152038574219,0.4431256353855133,-0.03679370880126953,0.42281609773635864,0.4115128219127655,-0.06534197926521301,0.5853154063224792,0.3874646723270416,-0.02474222332239151,0.5727134943008423,0.26553356647491455,-0.05370897799730301,0.5667449235916138,0.19400054216384888,-0.07271913439035416,0.5638249516487122,0.13126009702682495,-0.08719228208065033,0.6007386445999146,0.41406238079071045,-0.050534289330244064,0.5269201397895813,0.3061569929122925,-0.08854899555444717,0.46884986758232117,0.3421119451522827,-0.09452079981565475,0.44886916875839233,0.38618770241737366,-0.09455809742212296,0.594802737236023,0.45248037576675415,-0.07646136730909348,0.5344328880310059,0.34830427169799805,-0.10750232636928558,0.47974443435668945,0.37374982237815857,-0.09871804714202881,0.4598231017589569,0.41711753606796265,-0.08804801851511002,0.575495183467865,0.4928085207939148,-0.10258693993091583,0.5393654108047485,0.4106106758117676,-0.1225491389632225,0.4940829575061798,0.40165022015571594,-0.11885451525449753,0.4659824073314667,0.41924408078193665,-0.11312390118837357
0.5589077472686768,0.653914749622345,-1.2035776819629973e-07,0.5007409453392029,0.5926979780197144,-0.011615762487053871,0.46502265334129333,0.514889121055603,-0.025945255532860756,0.4363662004470825,0.46588289737701416,-0.0463206022977829,0.4342043101787567,0.4226682782173157,-0.06539266556501389,0.5112427473068237,0.41099217534065247,-0.0014739998150616884,0.502923309803009,0.30284595489501953,-0.025477319955825806,0.48713162541389465,0.2459024339914322,-0.04279858246445656,0.4792901277542114,0.19507867097854614,-0.05591944605112076,0.5365013480186462,0.4188343584537506,-0.014979423023760319,0.5113502740859985,0.31300127506256104,-0.05895841866731644,0.468437135219574,0.35153400897979736,-0.07662658393383026,0.45184627175331116,0.40270277857780457,-0.0785270482301712,0.5575882196426392,0.4369000196456909,-0.03206590563058853,0.5381826758384705,0.3355804979801178,-0.06580749154090881,0.494933545589447,0.3602006137371063,-0.0699392706155777,0.4750922620296478,0.4026963710784912,-0.0638556256890297,0.5772988796234131,0.46540844440460205,-0.05146420747041702,0.5678386688232422,0.3855215013027191,-0.07020802050828934,0.5304293632507324,0.3693128824234009,-0.07363628596067429,0.502419114112854,0.38052085041999817,-0.07203865796327591
0.5466923117637634,0.6243957281112671,-4.10737932554639e-08,0.4907059073448181,0.5801831483840942,-0.010555947199463844,0.44890132546424866,0.508962094783783,-0.021637659519910812,0.4181162416934967,0.4617549777030945,-0.0394565723836422,0.40877339243888855,0.4060748517513275,-0.05659894645214081,0.48205506801605225,0.41487690806388855,0.01420148741453886,0.46245312690734863,0.3283911347389221,-0.002982477890327573,0.44234585762023926,0.2809407711029053,-0.01831013709306717,0.42834144830703735,0.2402896285057068,-0.030374441295862198,0.506400465965271,0.41325798630714417,0.0009839260019361973,0.47524672746658325,0.317355215549469,-0.03660114109516144,0.4387633502483368,0.3438360095024109,-0.05838773772120476,0.4225651025772095,0.38851985335350037,-0.06367018073797226,0.5285348296165466,0.4208156168460846,-0.015979934483766556,0.5002397298812866,0.3310844898223877,-0.04612979665398598,0.46043527126312256,0.357525497674942,-0.05500034987926483,0.44149941205978394,0.40048056840896606,-0.05198274925351143,0.551676869392395,0.4387522041797638,-0.03493005782365799,0.5322376489639282,0.36161473393440247,-0.05121397227048874,0.4936976730823517,0.3501264750957489,-0.055744368582963943,0.46451711654663086,0.36446356773376465,-0.05506294593214989
0.5441494584083557,0.6256898641586304,-1.0982461162711843e-07,0.49028947949409485,0.5776474475860596,-0.008388957008719444,0.4515620172023773,0.5060539841651917,-0.019673334434628487,0.42191433906555176,0.4636038839817047,-0.036618053913116455,0.4088231921195984,0.4156566262245178,-0.05223697051405907,0.499858558177948,0.4025932848453522,0.003087199293076992,0.4864226281642914,0.30886247754096985,-0.01793738454580307,0.46936309337615967,0.25957512855529785,-0.0334467738866806,0.4582734704017639,0.21800248324871063,-0.045183874666690826,0.5199324488639832,0.40718111395835876,-0.011356675997376442,0.48510122299194336,0.3116968870162964,-0.05283923074603081,0.44416919350624084,0.3482144773006439,-0.07129918038845062,0.4285186231136322,0.39717355370521545,-0.07362901419401169,0.5379317402839661,0.4228762090206146,-0.029095998033881187,0.5084194540977478,0.33317238092422485,-0.06340698152780533,0.46242281794548035,0.3577347695827484,-0.07105949521064758,0.44078734517097473,0.3959317207336426,-0.0666135773062706,0.5551608204841614,0.4484694004058838,-0.04826098680496216,0.5376443862915039,0.3763216733932495,-0.06994403153657913,0.4982875883579254,0.3648453950881958,-0.07631589472293854,0.4696594476699829,0.37605249881744385,-0.07583287358283997
0.5766939520835876,0.6349934935569763,-1.6403936342612724e-07,0.5134804248809814,0.5514023900032043,0.0034509249962866306,0.47859859466552734,0.4814344346523285,-0.012541658245027065,0.4511359930038452,0.43409132957458496,-0.03699460253119469,0.4380411207675934,0.3981250822544098,-0.061980344355106354,0.5784280896186829,0.3771497905254364,-0.005831614136695862,0.566616952419281,0.2703862488269806,-0.027962902560830116,0.5583701729774475,0.20882701873779297,-0.04243564233183861,0.5541457533836365,0.1561107635498047,-0.053486790508031845,0.5970097184181213,0.3944189250469208,-0.027684135362505913,0.530838668346405,0.30383867025375366,-0.06264197826385498,0.4761076867580414,0.33980026841163635,-0.07111413776874542,0.45756644010543823,0.3831245005130768,-0.07093872129917145,0.5984038710594177,0.4212660789489746,-0.05124527961015701,0.5396178364753723,0.33308690786361694,-0.08125004172325134,0.4869980216026306,0.3632298707962036,-0.07617177069187164,0.46885526180267334,0.40816882252693176,-0.06622610241174698,0.5870904326438904,0.4524018168449402,-0.07565833628177643,0.5490278005599976,0.37699782848358154,-0.09510407596826553,0.5060832500457764,0.3750636577606201,-0.09242468327283859,0.48078304529190063,0.3997522294521332,-0.08597221225500107
0.5844139456748962,0.6383345127105713,-1.5970879019278073e-07,0.5175511240959167,0.5486020445823669,0.012308566831052303,0.4847356081008911,0.4813878834247589,-0.0042047989554703236,0.4575916528701782,0.43606558442115784,-0.03213329613208771,0.4405743479728699,0.40227028727531433,-0.061640284955501556,0.5775675773620605,0.37547430396080017,-0.0019353308016434312,0.5700638890266418,0.2702063322067261,-0.02477242611348629,0.5644704699516296,0.20798908174037933,-0.04001753032207489,0.5625966787338257,0.1530282199382782,-0.05239303037524223,0.5968050360679626,0.3966194987297058,-0.03180185705423355,0.5329630374908447,0.30524009466171265,-0.06757516413927078,0.47881388664245605,0.34421148896217346,-0.075348399579525,0.46193647384643555,0.39020803570747375,-0.07546579837799072,0.5986993312835693,0.4266695976257324,-0.06299134343862534,0.5428757667541504,0.34242546558380127,-0.09173642098903656,0.4907604455947876,0.37446510791778564,-0.08421565592288971,0.47452640533447266,0.42086437344551086,-0.07413295656442642,0.5889350771903992,0.4595518410205841,-0.09485097974538803,0.552973747253418,0.3850298821926117,-0.11236967891454697,0.5069036483764648,0.38437584042549133,-0.10797300934791565,0.47956210374832153,0.41044488549232483,-0.10186240822076797
0.5764708518981934,0.6375783085823059,-1.1327465898602895e-07,0.5081583261489868,0.5536144971847534,0.004220074974000454,0.472890168428421,0.4843003451824188,-0.015546845272183418,0.4447711408138275,0.4406178295612335,-0.04374869912862778,0.42539945244789124,0.4062323272228241,-0.07293381541967392,0.5678926706314087,0.37689733505249023,-0.01898765005171299,0.5612608194351196,0.2651122212409973,-0.04581620544195175,0.5579738616943359,0.2010175734758377,-0.06328243762254715,0.556943953037262,0.1437234878540039,-0.07696175575256348,0.5880645513534546,0.4003921449184418,-0.04349746182560921,0.5165809988975525,0.308359831571579,-0.0814739391207695,0.4646575450897217,0.3501848578453064,-0.08817093819379807,0.44929689168930054,0.3955472707748413,-0.08800097554922104,0.5892523527145386,0.434156596660614,-0.06915732473134995,0.5271467566490173,0.3466747999191284,-0.09971580654382706,0.47812527418136597,0.37963178753852844,-0.08995943516492844,0.46359825134277344,0.42560872435569763,-0.07834827899932861,0.5780596733093262,0.4705350399017334,-0.09589481353759766,0.5405594706535339,0.39365479350090027,-0.11627661436796188,0.4950963258743286,0.39104411005973816,-0.11205767840147018,0.4678685963153839,0.41390785574913025,-0.10556153953075409
0.49883928894996643,0.6288890242576599,-1.519610322020526e-07,0.4219149351119995,0.5452004075050354,0.008991815149784088,0.3812674880027771,0.46912798285484314,-0.00300956959836185,0.34307777881622314,0.4246617257595062,-0.024302229285240173,0.31128203868865967,0.3799101412296295,-0.04638759419322014,0.47598564624786377,0.3566017746925354,-0.00031141607905738056,0.4562240242958069,0.23849846422672272,-0.0194937102496624,0.4472716450691223,0.17407551407814026,-0.03267276659607887,0.43900248408317566,0.11538657546043396,-0.043587226420640945,0.49540242552757263,0.37007737159729004,-0.02408241666853428,0.4149569272994995,0.2727551758289337,-0.058031659573316574,0.36231762170791626,0.31182608008384705,-0.06944123655557632,0.3439671993255615,0.35697662830352783,-0.07202785462141037,0.495453417301178,0.3968367278575897,-0.04857490956783295,0.423293799161911,0.304704874753952,-0.07631673663854599,0.3704511523246765,0.3351130783557892,-0.07400544732809067,0.35030627250671387,0.37690049409866333,-0.06674762815237045,0.48121580481529236,0.4291747212409973,-0.0731906145811081,0.4330456554889679,0.3520461916923523,-0.0898795947432518,0.3877166509628296,0.34496796131134033,-0.08820345997810364,0.35962221026420593,0.36205342411994934,-0.08335787057876587
0.44169408082962036,0.5701495409011841,-1.2346758637704625e-07,0.35447072982788086,0.49293696880340576,0.011843536980450153,0.30106469988822937,0.41035422682762146,0.0019151309970766306,0.2566411793231964,0.36667487025260925,-0.018106086179614067,0.23297996819019318,0.3193635642528534,-0.03824704512953758,0.4047496020793915,0.2903954088687897,0.011441728100180626,0.37577152252197266,0.17214682698249817,-0.003303480800241232,0.3601716458797455,0.10948993265628815,-0.016441449522972107,0.34480658173561096,0.05585658550262451,-0.0285359974950552,0.4194296896457672,0.3024049401283264,-0.014147006906569004,0.33663469552993774,0.19240015745162964,-0.0443146750330925,0.2847992777824402,0.228254035115242,-0.05970698595046997,0.26636236906051636,0.27515798807144165,-0.0656936839222908,0.42142313718795776,0.32845839858055115,-0.040209636092185974,0.34966325759887695,0.22071093320846558,-0.06293507665395737,0.29497939348220825,0.24760758876800537,-0.06343118846416473,0.27288007736206055,0.29161322116851807,-0.05923159047961235,0.41223013401031494,0.36268138885498047,-0.06635748594999313,0.3619283139705658,0.2754257917404175,-0.07977765053510666,0.3155546188354492,0.2683665156364441,-0.07876940071582794,0.2874568700790405,0.29111719131469727,-0.07515924423933029
0.3098907470703125,0.5507941246032715,-1.2394521320402418e-07,0.20534324645996094,0.4624243974685669,0.03772012144327164,0.13526780903339386,0.3782041072845459,0.025480015203356743,0.0778125524520874,0.3287563920021057,-0.008715007454156876,0.03461654484272003,0.25437691807746887,-0.0468745231628418,0.2486429214477539,0.23348313570022583,0.03689030930399895,0.22315867245197296,0.09309856593608856,0.011559181846678257,0.20606623589992523,0.020189732313156128,-0.012875142507255077,0.18503855168819427,-0.03625324368476868,-0.03389574959874153,0.27342820167541504,0.24967943131923676,-0.01897711679339409,0.17770712077617645,0.12640321254730225,-0.06885617226362228,0.10213550925254822,0.16725319623947144,-0.10309845209121704,0.06556906551122665,0.2254382222890854,-0.12093260884284973,0.28261303901672363,0.2785603702068329,-0.07561536878347397,0.19406849145889282,0.16389493644237518,-0.11873234063386917,0.11530103534460068,0.20332369208335876,-0.13049055635929108,0.07427961379289627,0.25554460287094116,-0.13192066550254822,0.27892765402793884,0.31594595313072205,-0.13034194707870483,0.21858541667461395,0.2143838107585907,-0.1602553129196167,0.15303155779838562,0.20657266676425934,-0.16602613031864166,0.10492345690727234,0.230007603764534,-0.16673679649829865
0.34028613567352295,0.5489178895950317,-1.3784280383788428e-07,0.2469310164451599,0.4870912432670593,-0.0061676702462136745,0.17728526890277863,0.41375428438186646,-0.030816756188869476,0.12373358756303787,0.3760785460472107,-0.0644882395863533,0.09746833890676498,0.3243354260921478,-0.0981624573469162,0.2561996281147003,0.23723770678043365,-0.022055018693208694,0.22959983348846436,0.08908446133136749,-0.06167738139629364,0.20655615627765656,0.008161693811416626,-0.09055665880441666,0.19055955111980438,-0.05959853529930115,-0.11147717386484146,0.2865232527256012,0.2543647289276123,-0.04666942358016968,0.2057880461215973,0.1463823765516281,-0.10652326792478561,0.13943368196487427,0.21416789293289185,-0.12564080953598022,0.1199251189827919,0.2847690284252167,-0.12814761698246002,0.308538019657135,0.2915869355201721,-0.07439114153385162,0.23979172110557556,0.18876412510871887,-0.1222100555896759,0.1706017106771469,0.24373993277549744,-0.11962925642728806,0.1476430594921112,0.30827149748802185,-0.10727761685848236,0.32223013043403625,0.34143152832984924,-0.10394171625375748,0.27377164363861084,0.25871121883392334,-0.13543178141117096,0.21451444923877716,0.275760293006897,-0.13428416848182678,0.18321451544761658,0.31548014283180237,-0.12636858224868774
0.40804991126060486,0.5599347352981567,-2.4489230554536334e-07,0.3281698226928711,0.4809305667877197,-0.0026074685156345367,0.2728806436061859,0.38736531138420105,-0.01920609176158905,0.22519341111183167,0.33370891213417053,-0.04496964439749718,0.19722744822502136,0.28430449962615967,-0.0704365149140358,0.3589363694190979,0.25345897674560547,-0.008096184581518173,0.34055620431900024,0.10595078766345978,-0.03919724375009537,0.3229403793811798,0.026004046201705933,-0.061566513031721115,0.3108741044998169,-0.03732892870903015,-0.07786442339420319,0.38137492537498474,0.2679100036621094,-0.030719028785824776,0.3166728913784027,0.1456015408039093,-0.08220174163579941,0.24910643696784973,0.1918516755104065,-0.1006961539387703,0.22219499945640564,0.2529512345790863,-0.1036645770072937,0.3949739933013916,0.2965778410434723,-0.05625373497605324,0.3420642912387848,0.178960382938385,-0.09657667577266693,0.27159208059310913,0.21438652276992798,-0.09688036888837814,0.2422695755958557,0.2696473300457001,-0.0878751277923584,0.40155819058418274,0.33358392119407654,-0.08345190435647964,0.3666437864303589,0.23673778772354126,-0.10799993574619293,0.3108763098716736,0.23745395243167877,-0.10815850645303726,0.27627065777778625,0.2712278664112091,-0.10271021723747253
0.46445566415786743,0.6160639524459839,-1.4318332830498548e-07,0.38646596670150757,0.5191150307655334,0.030640607699751854,0.34343841671943665,0.42626968026161194,0.033805787563323975,0.30487218499183655,0.37032294273376465,0.02071954682469368,0.2781505286693573,0.30907130241394043,0.006757746450603008,0.4356136918067932,0.32980597019195557,0.06610497832298279,0.4229640066623688,0.22325439751148224,0.06536856293678284,0.41086968779563904,0.16991250216960907,0.05820367485284805,0.39755454659461975,0.12309977412223816,0.04973357170820236,0.45509064197540283,0.3375292420387268,0.031717292964458466,0.39500147104263306,0.2302428036928177,0.01107205543667078,0.34107130765914917,0.2507925033569336,-0.009071527048945427,0.31216296553611755,0.2921093702316284,-0.01796714961528778,0.459920734167099,0.35408902168273926,-0.0043372358195483685,0.40368732810020447,0.25179845094680786,-0.019714513793587685,0.34632882475852966,0.2650582492351532,-0.026648296043276787,0.3137957453727722,0.2999771535396576,-0.027495991438627243,0.4515029788017273,0.37667107582092285,-0.039428744465112686,0.4151339530944824,0.29544520378112793,-0.04452599957585335,0.3735118806362152,0.2675471603870392,-0.04504632577300072,0.3418940007686615,0.26549232006073,-0.04460258409380913
0.5201257467269897,0.6100099682807922,-2.1943328931683936e-07,0.44569912552833557,0.5086069703102112,0.044758863747119904,0.4128679037094116,0.4253900945186615,0.049664322286844254,0.3791932761669159,0.3756208121776581,0.03658050298690796,0.3560897707939148,0.32335716485977173,0.020438045263290405,0.5223536491394043,0.34252631664276123,0.06082339212298393,0.5054240822792053,0.24092739820480347,0.06368234008550644,0.49684271216392517,0.19258281588554382,0.0611550509929657,0.4887889623641968,0.1455167680978775,0.05541420727968216,0.5363931655883789,0.3491660952568054,0.020998794585466385,0.46508845686912537,0.24319009482860565,0.008410504087805748,0.40589016675949097,0.26962605118751526,-0.003866343991830945,0.3798680603504181,0.3101338744163513,-0.010027214884757996,0.5293680429458618,0.366802453994751,-0.017824869602918625,0.4654352068901062,0.2581104636192322,-0.026838727295398712,0.4082295298576355,0.28307655453681946,-0.026823105290532112,0.3829425573348999,0.3243781328201294,-0.025118252262473106,0.506446361541748,0.388924777507782,-0.05409039184451103,0.4680387079715729,0.2929442822933197,-0.05658318102359772,0.4311008155345917,0.27726516127586365,-0.052207931876182556,0.4087820053100586,0.29092708230018616,-0.048732586205005646
0.5221010446548462,0.6001923084259033,-2.1901151114889217e-07,0.4622619152069092,0.5189751386642456,0.024036839604377747,0.4313940703868866,0.4291848838329315,0.02918420359492302,0.4033394753932953,0.3756332993507385,0.017972590401768684,0.3886362612247467,0.3163864314556122,0.005750776268541813,0.4957157075405121,0.33763808012008667,0.06300606578588486,0.49286866188049316,0.23865443468093872,0.05914952978491783,0.4793482720851898,0.18535873293876648,0.05319003015756607,0.4712721109390259,0.13929854333400726,0.04636482894420624,0.5151994824409485,0.3423338234424591,0.02984234318137169,0.48613324761390686,0.23198507726192474,0.002268844982609153,0.4334595203399658,0.2587738335132599,-0.015236700884997845,0.4081057012081146,0.30468305945396423,-0.017781570553779602,0.5284881591796875,0.35502684116363525,-0.006299587432295084,0.5014954209327698,0.24940679967403412,-0.02964036725461483,0.44571852684020996,0.2741377353668213,-0.03558065742254257,0.4186617136001587,0.3160977065563202,-0.031373728066682816,0.5377303957939148,0.3745361268520355,-0.04225901886820793,0.5166530013084412,0.2823742628097534,-0.05384800583124161,0.47144949436187744,0.2678212523460388,-0.05447496473789215,0.43997859954833984,0.2827570140361786,-0.05143901705741882
0.12421227991580963,0.7302365899085999,1.7620432402054576e-07,0.20131194591522217,0.65558260679245,0.06672762334346771,0.24083192646503448,0.5966401100158691,0.07535009831190109,0.2791520357131958,0.5629611015319824,0.0644950196146965,0.31437933444976807,0.5389966368675232,0.04932071641087532,0.15044982731342316,0.4754936099052429,0.029468106105923653,0.17763268947601318,0.3733571767807007,0.01737147383391857,0.20106981694698334,0.30725806951522827,0.008621025830507278,0.2143753319978714,0.25255081057548523,-0.0002639233716763556,0.12484107911586761,0.4927884340286255,-0.024229146540164948,0.21895338594913483,0.4051082730293274,-0.04948846250772476,0.26548853516578674,0.44892483949661255,-0.05081775411963463,0.2687762677669525,0.4920090436935425,-0.04631517082452774,0.12543000280857086,0.5372812747955322,-0.07273393124341965,0.21474826335906982,0.4337840676307678,-0.09201207756996155,0.264171302318573,0.4755452871322632,-0.07014399766921997,0.2642101049423218,0.5160084366798401,-0.05116727575659752,0.14297716319561005,0.5852938294410706,-0.11661069095134735,0.2158748358488083,0.5010038018226624,-0.1305161714553833,0.261812686920166,0.5045185089111328,-0.11487944424152374,0.27306854724884033,0.5184363722801208,-0.1010940670967102
0.24571213126182556,0.6553916931152344,5.206105058164212e-08,0.3169628083705902,0.570695698261261,0.06238280609250069,0.35285142064094543,0.5055692195892334,0.07034798711538315,0.39280372858047485,0.46319910883903503,0.05877028778195381,0.4355698227882385,0.4267538785934448,0.042959339916706085,0.2544054687023163,0.3905792832374573,0.035586532205343246,0.2786117494106293,0.286922812461853,0.027890734374523163,0.3013090193271637,0.2246195375919342,0.019641568884253502,0.3141934871673584,0.17150548100471497,0.010282118804752827,0.242852121591568,0.4061002731323242,-0.01577565260231495,0.32881680130958557,0.30286434292793274,-0.03436488285660744,0.382801353931427,0.33792394399642944,-0.03947071731090546,0.3942003846168518,0.38688963651657104,-0.0396316722035408,0.2595551609992981,0.4420100450515747,-0.06219503656029701,0.3324923813343048,0.33350875973701477,-0.0774875059723854,0.3889695703983307,0.366889089345932,-0.062231820076704025,0.39735889434814453,0.4109323024749756,-0.04922780022025108,0.2901986241340637,0.4758789539337158,-0.10427414625883102,0.34566688537597656,0.3840256333351135,-0.11409694701433182,0.38899755477905273,0.3858756422996521,-0.09949824959039688,0.40220627188682556,0.40641894936561584,-0.08727665990591049
0.280678391456604,0.6055871248245239,1.0065074462772827e-07,0.34882453083992004,0.5303612947463989,0.04726032912731171,0.3890383243560791,0.46600064635276794,0.05083183944225311,0.43456947803497314,0.4248504340648651,0.03914201259613037,0.4793170690536499,0.39265841245651245,0.024206465110182762,0.2944043278694153,0.34726211428642273,0.02155805379152298,0.31729060411453247,0.24284453690052032,0.014499393291771412,0.33861225843429565,0.17962388694286346,0.007377451751381159,0.3498907685279846,0.12579286098480225,-0.0005689189420081675,0.2860100269317627,0.3594651222229004,-0.019430506974458694,0.3666611313819885,0.26394033432006836,-0.033290475606918335,0.41853636503219604,0.2923608720302582,-0.036740683019161224,0.43091705441474915,0.3356419801712036,-0.03695555403828621,0.3040030300617218,0.3950479030609131,-0.05598802492022514,0.3765692412853241,0.2952871024608612,-0.06870664656162262,0.42973750829696655,0.3235585689544678,-0.05601055920124054,0.439236044883728,0.3635707199573517,-0.045175500214099884,0.3367100954055786,0.43336206674575806,-0.08902835100889206,0.3958221673965454,0.347533643245697,-0.0948207676410675,0.4383382201194763,0.3537646532058716,-0.07902880012989044,0.45180368423461914,0.3795623779296875,-0.06636666506528854
0.30352628231048584,0.5891135931015015,9.815661172751788e-08,0.3861483931541443,0.5198238492012024,0.035506464540958405,0.4248012900352478,0.4557589292526245,0.03272241726517677,0.4664304554462433,0.40919435024261475,0.017031684517860413,0.511721134185791,0.3848220109939575,-0.00046132682473398745,0.3367302715778351,0.314517080783844,0.001564096543006599,0.3568926751613617,0.20787106454372406,-0.015325827524065971,0.37454622983932495,0.13796542584896088,-0.030005497857928276,0.3820250928401947,0.07621145248413086,-0.0431525819003582,0.31908419728279114,0.32936251163482666,-0.03357364609837532,0.4149898886680603,0.23832252621650696,-0.05554337427020073,0.46585166454315186,0.2800007462501526,-0.05894065275788307,0.4739566445350647,0.32799032330513,-0.05830482020974159,0.33327534794807434,0.37254852056503296,-0.0645858570933342,0.42188164591789246,0.2773277163505554,-0.08370695263147354,0.47360625863075256,0.3190077841281891,-0.06707348674535751,0.4783337712287903,0.3676731586456299,-0.05204813927412033,0.3633324205875397,0.41979971528053284,-0.09320813417434692,0.4356730878353119,0.3426682651042938,-0.10093272477388382,0.4815957844257355,0.35296911001205444,-0.0824531763792038,0.49803462624549866,0.3793771266937256,-0.06726185977458954
0.2904185950756073,0.5847545862197876,1.897214190194063e-07,0.3893622159957886,0.5396457314491272,0.0317087359726429,0.4469187259674072,0.49380436539649963,0.029845476150512695,0.49337896704673767,0.47698110342025757,0.013753321021795273,0.5348063111305237,0.4595627188682556,-0.004641656763851643,0.37812715768814087,0.33715230226516724,0.018898755311965942,0.3954671621322632,0.2451181560754776,0.005170546937733889,0.40555980801582336,0.18247631192207336,-0.008869221433997154,0.41089141368865967,0.12877416610717773,-0.02226700633764267,0.35787433385849,0.3400121331214905,-0.018454819917678833,0.46923667192459106,0.2979732155799866,-0.048768263310194016,0.5120155215263367,0.35581472516059875,-0.06549715250730515,0.5171145796775818,0.41104570031166077,-0.07112613320350647,0.3547056019306183,0.37089550495147705,-0.05338827893137932,0.4572601914405823,0.32558274269104004,-0.07800623774528503,0.5049225687980652,0.3826014995574951,-0.07563881576061249,0.5163992643356323,0.4323351979255676,-0.06871055066585541,0.3670808672904968,0.41835910081863403,-0.08654852956533432,0.4452420175075531,0.3743678629398346,-0.10022994130849838,0.4877372980117798,0.39645683765411377,-0.09202805161476135,0.5065516233444214,0.4220859408378601,-0.08311904966831207
0.2856293022632599,0.6002629995346069,2.652066370956163e-07,0.38003599643707275,0.5487099885940552,0.04519110918045044,0.4376552402973175,0.49586158990859985,0.05543145909905434,0.4901411533355713,0.4701005518436432,0.04707435518503189,0.51650470495224,0.4289068281650543,0.0368494875729084,0.35574740171432495,0.3638250529766083,0.08211297541856766,0.3786390423774719,0.2852063775062561,0.08559143543243408,0.405450701713562,0.25122493505477905,0.07483448088169098,0.42114269733428955,0.23490408062934875,0.0644286572933197,0.343797892332077,0.35627833008766174,0.04169738292694092,0.4274163544178009,0.28751498460769653,0.02624097466468811,0.477794885635376,0.3259488046169281,0.001070791739039123,0.4904293715953827,0.3868716359138489,-0.010124571621418,0.3407434821128845,0.3649406433105469,0.0018550730310380459,0.41952940821647644,0.3023897409439087,-0.008073183707892895,0.47340890765190125,0.34154683351516724,-0.01813296414911747,0.4934707581996918,0.3932553231716156,-0.02074532024562359,0.35174453258514404,0.39381274580955505,-0.03568132221698761,0.4162757396697998,0.336091011762619,-0.03776045888662338,0.46016860008239746,0.3512817621231079,-0.034322790801525116,0.4818333387374878,0.382259726524353,-0.029976459220051765
0.2800828516483307,0.5958924889564514,2.674778158961999e-07,0.3733322322368622,0.5457810759544373,0.044719427824020386,0.4326905608177185,0.4961526393890381,0.053370632231235504,0.487000048160553,0.4689658284187317,0.04324154928326607,0.5128629207611084,0.42254629731178284,0.03191966563463211,0.3486313819885254,0.3620462715625763,0.08520089089870453,0.3791062533855438,0.27866488695144653,0.0840115174651146,0.4172743558883667,0.2595714330673218,0.06920897960662842,0.439813494682312,0.26364588737487793,0.05829142779111862,0.33809420466423035,0.3546809256076813,0.045485854148864746,0.4204145669937134,0.2788845896720886,0.030411094427108765,0.4709838330745697,0.3210541009902954,0.004306391347199678,0.48255857825279236,0.3855026364326477,-0.00786944292485714,0.33666637539863586,0.3614006042480469,0.005539450328797102,0.41456249356269836,0.2946890592575073,-0.002586366841569543,0.4682304263114929,0.335521399974823,-0.012202853336930275,0.4866733253002167,0.3917374908924103,-0.0150306960567832,0.349220871925354,0.3892139792442322,-0.0324065126478672,0.4137585759162903,0.32711970806121826,-0.03164926543831825,0.4600048065185547,0.3449373245239258,-0.026804108172655106,0.48171672224998474,0.38158687949180603,-0.021856658160686493
0.28554701805114746,0.5999091863632202,2.472517905971472e-07,0.3819883465766907,0.5501804351806641,0.051641106605529785,0.4353766143321991,0.4975401759147644,0.06416580080986023,0.48581910133361816,0.4697585105895996,0.0553707517683506,0.5203211307525635,0.423562616109848,0.044189076870679855,0.36020752787590027,0.37048593163490295,0.0974726676940918,0.3790287971496582,0.29061177372932434,0.10651654005050659,0.4015423655509949,0.2560403347015381,0.10086686164140701,0.4123207926750183,0.23932793736457825,0.09425870329141617,0.3468168377876282,0.3603614568710327,0.054081276059150696,0.42148557305336,0.28716474771499634,0.04735376313328743,0.4712071418762207,0.3212607204914093,0.029184764251112938,0.4842996299266815,0.3796602785587311,0.022002248093485832,0.3438780903816223,0.3655833899974823,0.010431011207401752,0.4241819381713867,0.2967250943183899,0.006074538454413414,0.47586631774902344,0.3383377492427826,0.00257929228246212,0.49273136258125305,0.3928138017654419,0.0038747638463974,0.3549741804599762,0.3905690312385559,-0.03090265765786171,0.4211319088935852,0.3310660123825073,-0.031068967655301094,0.4634420573711395,0.3480865955352783,-0.024769295006990433,0.4817444980144501,0.38116899132728577,-0.017979880794882774
0.30605149269104004,0.5816656351089478,6.236411564941591e-08,0.39344316720962524,0.5536022782325745,0.028605030849575996,0.43901702761650085,0.5106393694877625,0.02254495397210121,0.4863124191761017,0.48983341455459595,0.005092051345854998,0.5308966040611267,0.47080284357070923,-0.013495726510882378,0.38518431782722473,0.33848336338996887,-0.009180604480206966,0.3961370289325714,0.2312498539686203,-0.03201957419514656,0.40105965733528137,0.15533459186553955,-0.053348880261182785,0.3991422653198242,0.09000447392463684,-0.07054424285888672,0.36682578921318054,0.34823036193847656,-0.040907252579927444,0.4698048532009125,0.30924564599990845,-0.06720837205648422,0.5164204239845276,0.3639935851097107,-0.07600155472755432,0.522863507270813,0.4154241979122162,-0.07936413586139679,0.3700021207332611,0.3897079825401306,-0.06891801208257675,0.4717603325843811,0.3382836878299713,-0.09115529805421829,0.5146030187606812,0.39304253458976746,-0.07815272361040115,0.5160844922065735,0.4441946744918823,-0.06585695594549179,0.3901351988315582,0.43813398480415344,-0.0952497199177742,0.4660070538520813,0.399547815322876,-0.1075485423207283,0.5065146684646606,0.4237878918647766,-0.09212106466293335,0.5218360424041748,0.453689843416214,-0.0780416876077652
0.30762138962745667,0.5543363094329834,4.231402428445108e-08,0.394612193107605,0.528566837310791,0.02871030755341053,0.44102588295936584,0.49298107624053955,0.021991480141878128,0.488093763589859,0.47977739572525024,0.004297355655580759,0.520965039730072,0.4624042510986328,-0.014415502548217773,0.39374595880508423,0.31822988390922546,-0.014660198241472244,0.3967863917350769,0.2116062045097351,-0.04025432839989662,0.40126463770866394,0.13583213090896606,-0.06476227939128876,0.3972896933555603,0.06952539086341858,-0.08310531824827194,0.37440016865730286,0.3302804231643677,-0.04544447734951973,0.4790671467781067,0.3007237911224365,-0.06780700385570526,0.51932692527771,0.359048992395401,-0.0743451714515686,0.5164073705673218,0.4060725271701813,-0.07689028978347778,0.3755015730857849,0.37989509105682373,-0.07221323996782303,0.47531187534332275,0.3357722759246826,-0.09096802771091461,0.5131062269210815,0.3891298770904541,-0.07589956372976303,0.5071805715560913,0.434523344039917,-0.06276880949735641,0.39558669924736023,0.4344864785671234,-0.097263403236866,0.4707169532775879,0.39687448740005493,-0.10593932121992111,0.5075875520706177,0.4230058789253235,-0.08670727163553238,0.5171610116958618,0.4541704058647156,-0.07021178305149078
0.3103204369544983,0.5697579979896545,1.0056830745952539e-07,0.39266958832740784,0.5400822162628174,0.03170786798000336,0.44868403673171997,0.5010766983032227,0.024573011323809624,0.5030359625816345,0.49028635025024414,0.006236235145479441,0.543659508228302,0.48569953441619873,-0.013448324985802174,0.4105469882488251,0.3384469747543335,-0.013948855921626091,0.42006033658981323,0.2275874763727188,-0.038489896804094315,0.4271371364593506,0.15210813283920288,-0.057774629443883896,0.4249427020549774,0.0879526138305664,-0.07088401913642883,0.3941836953163147,0.3516934812068939,-0.04571495205163956,0.49713578820228577,0.3166811168193817,-0.06636378914117813,0.5352945327758789,0.37147414684295654,-0.06560265272855759,0.5303173065185547,0.41722387075424194,-0.061229508370161057,0.39422300457954407,0.40244144201278687,-0.07342933118343353,0.4956871569156647,0.3551841080188751,-0.09036741405725479,0.5334776043891907,0.4035320281982422,-0.06915900111198425,0.5275787711143494,0.4462117850780487,-0.05037558451294899,0.411901593208313,0.46032166481018066,-0.0991283655166626,0.49174052476882935,0.4235001504421234,-0.10688956826925278,0.5298377871513367,0.4468179941177368,-0.0850720927119255,0.537990927696228,0.4732988476753235,-0.0653253123164177
0.3495182394981384,0.5717485547065735,1.376940161890161e-07,0.435214102268219,0.5483097434043884,0.024242835119366646,0.4910396337509155,0.51218181848526,0.017867721617221832,0.5400883555412292,0.5036036372184753,0.0011739199981093407,0.5777614116668701,0.500159740447998,-0.016518229618668556,0.4492895305156708,0.35196006298065186,-0.005877018440514803,0.45597487688064575,0.25110307335853577,-0.02272019162774086,0.4651707410812378,0.1820027381181717,-0.03976516053080559,0.4657494127750397,0.12059995532035828,-0.053780268877744675,0.4316932260990143,0.3615577220916748,-0.03399926796555519,0.5370832085609436,0.3349817395210266,-0.05331181362271309,0.5719074606895447,0.3955847918987274,-0.060184624046087265,0.5642654895782471,0.439348965883255,-0.06174499914050102,0.43311724066734314,0.4094173312187195,-0.058503780514001846,0.5336406230926514,0.3677591383457184,-0.07235832512378693,0.5692083239555359,0.42395031452178955,-0.05816403403878212,0.5607221126556396,0.4670896828174591,-0.045495010912418365,0.45008134841918945,0.4641469717025757,-0.08205090463161469,0.5279304385185242,0.4344113767147064,-0.08799953013658524,0.5640184879302979,0.46351534128189087,-0.0710209384560585,0.5695598125457764,0.4931018650531769,-0.05605654418468475
0.3678527772426605,0.5819108486175537,1.1843665959077043e-07,0.4512460231781006,0.5586413145065308,0.02637450024485588,0.5062522888183594,0.52613365650177,0.02019437402486801,0.5559226870536804,0.5204154253005981,0.00317282322794199,0.596225380897522,0.5173694491386414,-0.015211435966193676,0.47203654050827026,0.37276288866996765,-0.006281419191509485,0.48249614238739014,0.27395495772361755,-0.024473067373037338,0.4933026432991028,0.20577320456504822,-0.04044817388057709,0.4945542514324188,0.1455734670162201,-0.05259479582309723,0.45687612891197205,0.3788546323776245,-0.0357847660779953,0.5593307018280029,0.3559495210647583,-0.0563630647957325,0.5904275178909302,0.41653648018836975,-0.06046387180685997,0.5789355039596558,0.4605523943901062,-0.05862481892108917,0.4570533037185669,0.42412590980529785,-0.06167507916688919,0.5566400289535522,0.3871306777000427,-0.0780511274933815,0.5879325866699219,0.444589763879776,-0.061396729201078415,0.5751349925994873,0.48526111245155334,-0.045168112963438034,0.4721315801143646,0.4804840683937073,-0.08611737191677094,0.5500956773757935,0.4469626545906067,-0.0921405777335167,0.5816159844398499,0.4777434468269348,-0.07165064662694931,0.5806986093521118,0.5092713832855225,-0.053095508366823196
0.36960577964782715,0.5788465738296509,1.1560111801145467e-07,0.45068177580833435,0.5567585229873657,0.030405480414628983,0.5021053552627563,0.5259993076324463,0.025002025067806244,0.5510076284408569,0.519330620765686,0.008258543908596039,0.5913943648338318,0.513282060623169,-0.01003685500472784,0.46735042333602905,0.374065637588501,-0.0063271294347941875,0.4797874391078949,0.27593350410461426,-0.025247566401958466,0.49237021803855896,0.20850220322608948,-0.04049840569496155,0.49561306834220886,0.14926880598068237,-0.05192844197154045,0.45364755392074585,0.3806520402431488,-0.03723520413041115,0.5563487410545349,0.3534482419490814,-0.05770659074187279,0.5886886119842529,0.41405317187309265,-0.059816524386405945,0.5788711905479431,0.4592287540435791,-0.05685693770647049,0.45511728525161743,0.4234713017940521,-0.06431791931390762,0.5539442300796509,0.3850610852241516,-0.08081105351448059,0.5854732990264893,0.44098812341690063,-0.06337151676416397,0.5745312571525574,0.4818721413612366,-0.046943504363298416,0.47091928124427795,0.4768606126308441,-0.08943595737218857,0.5473212003707886,0.44545862078666687,-0.09531156718730927,0.5787417888641357,0.4745854139328003,-0.07495269179344177,0.5794205665588379,0.5045753121376038,-0.056906808167696
0.36513009667396545,0.5764859914779663,9.034281589492821e-08,0.4266344904899597,0.5334379076957703,0.02699623815715313,0.4829132556915283,0.5000802874565125,0.019680412486195564,0.5396877527236938,0.5008915662765503,0.003262808546423912,0.5814712047576904,0.5098626613616943,-0.014429094269871712,0.4598173499107361,0.38098546862602234,-0.01569889858365059,0.47807228565216064,0.27657032012939453,-0.035056471824645996,0.4918743669986725,0.20600004494190216,-0.048855703324079514,0.4974556863307953,0.14810454845428467,-0.059119705110788345,0.455994576215744,0.39543744921684265,-0.04391211271286011,0.5557383894920349,0.3654932677745819,-0.063881054520607,0.5801479816436768,0.41856619715690613,-0.06388269364833832,0.5686102509498596,0.456086665391922,-0.060618411749601364,0.46116095781326294,0.44095245003700256,-0.06793078035116196,0.5582242608070374,0.40143680572509766,-0.08202261477708817,0.57881760597229,0.44800838828086853,-0.06265150755643845,0.5655911564826965,0.48106610774993896,-0.04657537862658501,0.47678643465042114,0.49540451169013977,-0.0901544988155365,0.5515009760856628,0.46265628933906555,-0.09315808117389679,0.5757755041122437,0.4865194261074066,-0.07140548527240753,0.5754737257957458,0.5077565908432007,-0.05372489616274834
0.37576907873153687,0.5675806403160095,-3.97079098490849e-08,0.4102996587753296,0.47446465492248535,0.040183957666158676,0.45031431317329407,0.4201410114765167,0.039102084934711456,0.49273014068603516,0.403971403837204,0.030169786885380745,0.5288995504379272,0.40923139452934265,0.019146136939525604,0.46249330043792725,0.3773125410079956,-0.028442252427339554,0.49394652247428894,0.27090954780578613,-0.05614862218499184,0.5140750408172607,0.20054194331169128,-0.07157302647829056,0.5260571241378784,0.1463276743888855,-0.07825178653001785,0.4725002646446228,0.4083561301231384,-0.055752940475940704,0.5662473440170288,0.37961769104003906,-0.07329455763101578,0.5845003724098206,0.4241487383842468,-0.06063364818692207,0.5700032114982605,0.4601971507072449,-0.0461261160671711,0.48362064361572266,0.4627324938774109,-0.07696862518787384,0.572199285030365,0.4318389594554901,-0.08621352165937424,0.5828033685684204,0.46633973717689514,-0.05483810976147652,0.5676304697990417,0.4914800226688385,-0.028235016390681267,0.49757835268974304,0.5228217244148254,-0.09440543502569199,0.5700654983520508,0.48673108220100403,-0.089818075299263,0.5815088748931885,0.499155730009079,-0.05691741406917572,0.5741994976997375,0.5121552348136902,-0.028395161032676697
0.39860057830810547,0.5518703460693359,-1.0391542737409054e-08,0.43098095059394836,0.4618086814880371,0.030935226008296013,0.4717291593551636,0.4142877459526062,0.024901924654841423,0.5135578513145447,0.40576377511024475,0.012907964177429676,0.5484541654586792,0.4178324043750763,-0.0005564269958995283,0.47850680351257324,0.37806200981140137,-0.03788686543703079,0.5075526237487793,0.27644458413124084,-0.06870059669017792,0.5283356308937073,0.21069449186325073,-0.08784091472625732,0.5399229526519775,0.1593773066997528,-0.0978776291012764,0.48754560947418213,0.4110468924045563,-0.06202612444758415,0.5785201787948608,0.38687729835510254,-0.08159178495407104,0.5914350748062134,0.43196040391921997,-0.07220783829689026,0.5744005441665649,0.46237611770629883,-0.06230128929018974,0.4972427189350128,0.46465638279914856,-0.08083561807870865,0.5824752449989319,0.4415074288845062,-0.09068167209625244,0.5847920179367065,0.47520244121551514,-0.06341937184333801,0.5660443305969238,0.4946664869785309,-0.04214484617114067,0.5100429654121399,0.523271381855011,-0.09668736904859543,0.5799033045768738,0.4938105046749115,-0.09077378362417221,0.5805717706680298,0.5069881081581116,-0.059383783489465714,0.5647822022438049,0.5182832479476929,-0.03488975763320923
0.44963014125823975,0.6066775321960449,4.430366118413076e-08,0.4805016815662384,0.5230048894882202,0.02147294022142887,0.5227115750312805,0.4783577024936676,0.014305212534964085,0.5626090168952942,0.46973007917404175,0.001179104670882225,0.5977759957313538,0.4818403124809265,-0.013097880408167839,0.5290143489837646,0.44271957874298096,-0.024706853553652763,0.5539245009422302,0.35202330350875854,-0.0499204583466053,0.5703412294387817,0.28943580389022827,-0.0658382996916771,0.5793371796607971,0.24018260836601257,-0.07521164417266846,0.5418595671653748,0.46649447083473206,-0.04536576196551323,0.6181170344352722,0.43977198004722595,-0.0629483237862587,0.6351107954978943,0.4851346015930176,-0.06010528653860092,0.6236134171485901,0.518305778503418,-0.05452074110507965,0.553179144859314,0.5124706029891968,-0.06231522932648659,0.6261457800865173,0.48952504992485046,-0.07231846451759338,0.6385684013366699,0.5261846780776978,-0.05329219996929169,0.6256006360054016,0.5485694408416748,-0.037496134638786316,0.5644227266311646,0.5647897720336914,-0.0776805579662323,0.6226316690444946,0.5446851253509521,-0.07822909951210022,0.6333786845207214,0.560550332069397,-0.05760280787944794,0.624890148639679,0.5718976259231567,-0.03993149474263191
0.369148850440979,0.5775968432426453,4.6022726962746674e-08,0.39437997341156006,0.5058006048202515,0.024954181164503098,0.4387601912021637,0.4593687355518341,0.022314297035336494,0.4791419804096222,0.4442287087440491,0.012713979929685593,0.516200602054596,0.4411202371120453,0.001955439569428563,0.43883514404296875,0.39181214570999146,-0.01170726865530014,0.44909682869911194,0.30148011445999146,-0.03230660781264305,0.4524884521961212,0.23464304208755493,-0.04475199058651924,0.4523463249206543,0.18991059064865112,-0.050894029438495636,0.45350518822669983,0.408899188041687,-0.033652640879154205,0.5206938982009888,0.3781164288520813,-0.047499220818281174,0.5498114824295044,0.40990710258483887,-0.04517357423901558,0.5494446158409119,0.4466242492198944,-0.04036834463477135,0.4671894311904907,0.45015811920166016,-0.05251885578036308,0.5392011404037476,0.42168426513671875,-0.06304319202899933,0.5611869096755981,0.45376795530319214,-0.04802978038787842,0.5576468706130981,0.48374995589256287,-0.03468654677271843,0.4830833077430725,0.5040866732597351,-0.06935010105371475,0.5402473211288452,0.486208975315094,-0.07289194315671921,0.5595099925994873,0.5024952292442322,-0.05644704028964043,0.5593233108520508,0.5214184522628784,-0.04092464968562126
0.2831934094429016,0.6337905526161194,1.5362688543518743e-07,0.31870561838150024,0.6021713614463806,-0.04880283772945404,0.37082305550575256,0.5451679825782776,-0.06327252835035324,0.42788267135620117,0.5065187215805054,-0.06881925463676453,0.46930694580078125,0.47710981965065,-0.07028863579034805,0.3633541762828827,0.4110366404056549,-0.03737577050924301,0.3685346245765686,0.29078513383865356,-0.05836924910545349,0.37412384152412415,0.20909741520881653,-0.0758337453007698,0.3730345368385315,0.14802280068397522,-0.08724378794431686,0.38264772295951843,0.427229642868042,-0.017718276008963585,0.4513258635997772,0.3799017369747162,-0.04449665546417236,0.47603079676628113,0.4390544593334198,-0.061702895909547806,0.475691556930542,0.48928001523017883,-0.0665593072772026,0.395957887172699,0.4642558991909027,-0.0014747051754966378,0.46101728081703186,0.42859166860580444,-0.031785715371370316,0.48272427916526794,0.48035380244255066,-0.045083850622177124,0.48167917132377625,0.5204206109046936,-0.045636218041181564,0.40651774406433105,0.5141055583953857,0.012416558340191841,0.4586998224258423,0.4890366494655609,-0.009300732053816319,0.48336565494537354,0.5154796242713928,-0.014680979773402214,0.48407942056655884,0.5406813621520996,-0.012599713169038296
0.5282395482063293,0.9462903738021851,3.1797171118341794e-08,0.5105876922607422,0.8912935853004456,-0.019354600459337234,0.48216548562049866,0.840276300907135,-0.03770972043275833,0.44500666856765747,0.8085504174232483,-0.05603489279747009,0.41447147727012634,0.7789549827575684,-0.07534303516149521,0.5114336609840393,0.7641335129737854,-0.03730813041329384,0.501334011554718,0.6796602010726929,-0.06532426178455353,0.4917554259300232,0.6197035312652588,-0.08591563999652863,0.48285630345344543,0.5729357600212097,-0.09999880939722061,0.5051803588867188,0.7820425629615784,-0.04133379086852074,0.4533011317253113,0.7280354499816895,-0.08131173253059387,0.41532155871391296,0.754173994064331,-0.09850365668535233,0.3984198272228241,0.7902361154556274,-0.10348468273878098,0.4925992786884308,0.8096544146537781,-0.04675988480448723,0.44380414485931396,0.759468138217926,-0.08147245645523071,0.40996789932250977,0.7812452912330627,-0.08887863904237747,0.3956800103187561,0.8115538954734802,-0.08602721244096756,0.47921469807624817,0.8411800265312195,-0.053173769265413284,0.4369651675224304,0.8080056309700012,-0.07936514168977737,0.40935346484184265,0.8079963326454163,-0.08598081022500992,0.3953470289707184,0.8179799318313599,-0.08475133776664734
0.5402535200119019,0.7369562387466431,-3.823454619578115e-08,0.4705623984336853,0.6709442734718323,0.01744561456143856,0.4313574731349945,0.6042335629463196,0.005230950657278299,0.39433011412620544,0.5675744414329529,-0.014355039224028587,0.35537242889404297,0.5379886627197266,-0.036946047097444534,0.5156682133674622,0.5179159641265869,-0.028400423005223274,0.48842307925224304,0.4062442183494568,-0.05681818351149559,0.47693976759910583,0.3388008177280426,-0.0766233280301094,0.46464282274246216,0.2817096412181854,-0.09111787378787994,0.5248006582260132,0.5421429872512817,-0.05293521657586098,0.43557295203208923,0.46269214153289795,-0.08736750483512878,0.38809674978256226,0.49904686212539673,-0.09520656615495682,0.37000539898872375,0.5368489027023315,-0.09833218902349472,0.5171025395393372,0.5792631506919861,-0.07538072764873505,0.433437705039978,0.49913740158081055,-0.10276377946138382,0.38812530040740967,0.5257197618484497,-0.0960528552532196,0.3726532459259033,0.5599136352539062,-0.08800408244132996,0.4979616105556488,0.6173561215400696,-0.0962129607796669,0.44317054748535156,0.5422554016113281,-0.1167265847325325,0.404373437166214,0.5378800630569458,-0.11423394083976746,0.3835394084453583,0.5511577129364014,-0.10934966802597046
0.5039038062095642,0.6337384581565857,2.025718544018673e-07,0.4607367515563965,0.5837395787239075,-0.03577516973018646,0.44951164722442627,0.5003547072410583,-0.056269753724336624,0.49591654539108276,0.43822455406188965,-0.07628284394741058,0.5492909550666809,0.41179215908050537,-0.09469860792160034,0.45064613223075867,0.37702417373657227,-0.029040895402431488,0.4348222613334656,0.2661833167076111,-0.05516830459237099,0.4252203106880188,0.19340780377388,-0.07486904412508011,0.4188646972179413,0.1324196755886078,-0.08964903652667999,0.49623703956604004,0.3792804181575775,-0.029689887538552284,0.517815351486206,0.2898414731025696,-0.0684107318520546,0.5088062286376953,0.32810258865356445,-0.08392305672168732,0.4999535381793976,0.36676865816116333,-0.0849149227142334,0.5350159406661987,0.4021027684211731,-0.03425302356481552,0.5529724359512329,0.34084832668304443,-0.06740687787532806,0.5375158786773682,0.38075751066207886,-0.06835556030273438,0.5309800505638123,0.4185234010219574,-0.058768004179000854,0.5671194791793823,0.4383079409599304,-0.04276157543063164,0.5874593257904053,0.3693316578865051,-0.06037648394703865,0.5735937356948853,0.38175225257873535,-0.0560152530670166,0.5644559860229492,0.40891996026039124,-0.047285296022892
0.5313800573348999,0.5930376052856445,4.831012461181672e-07,0.5355748534202576,0.5514270067214966,-0.0847657099366188,0.5633698105812073,0.48190566897392273,-0.10716263204813004,0.6249841451644897,0.42019373178482056,-0.11329047381877899,0.6656575202941895,0.3609946370124817,-0.11375662684440613,0.4972088634967804,0.34693413972854614,-0.05610515922307968,0.4864199757575989,0.21936725080013275,-0.07642106711864471,0.4883336126804352,0.134651318192482,-0.09285922348499298,0.4925526976585388,0.06927749514579773,-0.10444125533103943,0.5332466959953308,0.34813162684440613,-0.021991029381752014,0.5671736001968384,0.2594441771507263,-0.05499632656574249,0.6062619090080261,0.2964740991592407,-0.07438875734806061,0.6240454316139221,0.3423638641834259,-0.07836874574422836,0.5647220611572266,0.3673239052295685,0.004376212600618601,0.6037020683288574,0.30041104555130005,-0.030928462743759155,0.6319613456726074,0.33926981687545776,-0.04900163784623146,0.6337187886238098,0.3737645745277405,-0.050858303904533386,0.5863837003707886,0.3991619348526001,0.024555301293730736,0.6236650943756104,0.34371188282966614,-0.002186911180615425,0.6429107189178467,0.3706112504005432,-0.013848334550857544,0.6365677118301392,0.40621834993362427,-0.015386276878416538
0.55794757604599,0.5878220200538635,4.839041594095761e-07,0.5998473167419434,0.563303530216217,-0.0968531146645546,0.6552978157997131,0.5028519630432129,-0.1269429624080658,0.713525116443634,0.44979679584503174,-0.13199664652347565,0.7540952563285828,0.3840964138507843,-0.12971828877925873,0.589057207107544,0.35373547673225403,-0.11109235882759094,0.6256622076034546,0.21299295127391815,-0.13538920879364014,0.6475186944007874,0.12843057513237,-0.14858819544315338,0.6601690649986267,0.062123775482177734,-0.15524031221866608,0.5925505757331848,0.3458317220211029,-0.0582875981926918,0.6663037538528442,0.2549068331718445,-0.08192393183708191,0.715011477470398,0.30369308590888977,-0.08722091466188431,0.7246049642562866,0.36504125595092773,-0.08503374457359314,0.6028891801834106,0.35009774565696716,-0.010350465774536133,0.6708065271377563,0.2797147035598755,-0.03602418676018715,0.7134401798248291,0.3286816477775574,-0.04947061464190483,0.7219645380973816,0.3766120970249176,-0.05137310549616814,0.612764835357666,0.3638736605644226,0.03150235116481781,0.6697509288787842,0.32542741298675537,0.007695118896663189,0.7054793238639832,0.3505273461341858,-0.009863590821623802,0.7092192769050598,0.3845691978931427,-0.01689988374710083
0.5529626607894897,0.5591400861740112,3.84085780069654e-07,0.6033664345741272,0.5344647765159607,-0.08533162623643875,0.6550986766815186,0.4870937466621399,-0.11049795895814896,0.7133294939994812,0.44609156250953674,-0.11228703707456589,0.7594600319862366,0.3941713869571686,-0.10642380267381668,0.6144635081291199,0.33129799365997314,-0.10219555348157883,0.6635121703147888,0.20230332016944885,-0.12547776103019714,0.6901270151138306,0.12916776537895203,-0.13927747309207916,0.7086880207061768,0.06854483485221863,-0.14601042866706848,0.6095908284187317,0.3239862024784088,-0.051958829164505005,0.687104344367981,0.255029559135437,-0.06498919427394867,0.7273777723312378,0.3092941641807556,-0.06453875452280045,0.7352828979492188,0.369500070810318,-0.06208464503288269,0.6122426986694336,0.3322449028491974,-0.006044726353138685,0.6825737357139587,0.2759421467781067,-0.020907016471028328,0.7179176807403564,0.32741600275039673,-0.03118676133453846,0.7235572934150696,0.3769072890281677,-0.034382108598947525,0.6149998307228088,0.3483196496963501,0.0344066247344017,0.6717535853385925,0.3182521462440491,0.021201815456151962,0.7043538093566895,0.34399113059043884,0.008143577724695206,0.7088980078697205,0.378292053937912,0.0016066246898844838
0.5354411602020264,0.5747455358505249,4.406152811498032e-07,0.5878388285636902,0.562922477722168,-0.08529289066791534,0.6478065848350525,0.5259636640548706,-0.1090731993317604,0.7089667320251465,0.49741145968437195,-0.10909570008516312,0.7517149448394775,0.44728800654411316,-0.10179899632930756,0.6214381456375122,0.3655993938446045,-0.09975297003984451,0.683174729347229,0.25422438979148865,-0.11823033541440964,0.718368411064148,0.19050757586956024,-0.12840066850185394,0.7447425723075867,0.1381569504737854,-0.13242630660533905,0.6130576729774475,0.35577392578125,-0.047342412173748016,0.697284996509552,0.3052138686180115,-0.057551391422748566,0.7319412231445312,0.3627980053424835,-0.05749836936593056,0.7336724996566772,0.4229276776313782,-0.055266328155994415,0.6108713746070862,0.3603166341781616,0.0012994064018130302,0.6866288781166077,0.3195500075817108,-0.01243498083204031,0.7163068652153015,0.37661972641944885,-0.025279689580202103,0.7175463438034058,0.4258623719215393,-0.030149955302476883,0.6100955009460449,0.3707389235496521,0.0449146069586277,0.6690791249275208,0.3543451428413391,0.031061189249157906,0.698414146900177,0.386493980884552,0.01551409438252449,0.7010916471481323,0.4185852110385895,0.007279122248291969
0.5080630779266357,0.5838284492492676,2.4649810370647174e-07,0.5546196103096008,0.5637024641036987,-0.08172602206468582,0.6084190011024475,0.5168730020523071,-0.10724352300167084,0.6652972102165222,0.47814303636550903,-0.11208012700080872,0.7124059200286865,0.4381796717643738,-0.10914424061775208,0.564099133014679,0.37353724241256714,-0.08499728888273239,0.6348435282707214,0.2803806960582733,-0.10488929599523544,0.6723969578742981,0.30348625779151917,-0.11626298725605011,0.685296893119812,0.33296889066696167,-0.11891943961381912,0.565453290939331,0.364632248878479,-0.03829529136419296,0.642397403717041,0.28918036818504333,-0.05398479104042053,0.6798151135444641,0.34359776973724365,-0.06359429657459259,0.6842988133430481,0.4053858518600464,-0.06586450338363647,0.5733613967895508,0.3726114332675934,0.004012630321085453,0.6412657499313354,0.32361072301864624,-0.010237069800496101,0.6713584065437317,0.3705833852291107,-0.027147041633725166,0.6752390265464783,0.42186662554740906,-0.03380267694592476,0.5802476406097412,0.38903337717056274,0.04104528948664665,0.6321198344230652,0.36628228425979614,0.025814304128289223,0.6583702564239502,0.391568124294281,0.007871554233133793,0.6611249446868896,0.4243742525577545,-0.0006166875828057528
0.4636406898498535,0.5816460847854614,4.2659405607992085e-07,0.487434983253479,0.5602904558181763,-0.08147257566452026,0.5318508148193359,0.5187527537345886,-0.10517080128192902,0.5857784152030945,0.478249728679657,-0.1103985607624054,0.6242409944534302,0.43057602643966675,-0.10920535027980804,0.4861352741718292,0.3874342143535614,-0.0755995586514473,0.5093909502029419,0.2804783582687378,-0.09351985901594162,0.5292219519615173,0.2169627547264099,-0.10177022218704224,0.5432865023612976,0.16577383875846863,-0.1061844602227211,0.5039572715759277,0.388698548078537,-0.037356697022914886,0.5480132699012756,0.31589290499687195,-0.06320168823003769,0.5822879672050476,0.3599560856819153,-0.0727272480726242,0.5915818810462952,0.40904700756073,-0.07163858413696289,0.5193473100662231,0.40133586525917053,-0.004796505440026522,0.5626543164253235,0.3579152822494507,-0.033369969576597214,0.5902243852615356,0.4011702537536621,-0.048415813595056534,0.5920719504356384,0.43495243787765503,-0.04997151345014572,0.5277189016342163,0.42049306631088257,0.022232597693800926,0.5640323758125305,0.3989635109901428,-0.0014814118621870875,0.5832929015159607,0.42567047476768494,-0.017055273056030273,0.5775705575942993,0.45175760984420776,-0.02243136242032051
0.43988239765167236,0.5805232524871826,4.217835396502778e-07,0.45897775888442993,0.5576342344284058,-0.07907936722040176,0.5000641345977783,0.5108672380447388,-0.10263507813215256,0.5529575347900391,0.46443429589271545,-0.10692983120679855,0.5871402621269226,0.4162212610244751,-0.10451754927635193,0.43972140550613403,0.3884328603744507,-0.0843769907951355,0.4578419029712677,0.27228811383247375,-0.10761220008134842,0.471958726644516,0.2020971179008484,-0.11905524879693985,0.4824259579181671,0.14644885063171387,-0.12472933530807495,0.45722174644470215,0.3835586905479431,-0.047198448330163956,0.5027745366096497,0.3124263882637024,-0.07482702285051346,0.5424801707267761,0.34524500370025635,-0.08339806646108627,0.5596153736114502,0.3861514925956726,-0.08253893256187439,0.47452354431152344,0.38879063725471497,-0.015154365450143814,0.521456778049469,0.33775943517684937,-0.04731026291847229,0.5562888979911804,0.37590160965919495,-0.061597175896167755,0.5665045380592346,0.41017022728919983,-0.06257554888725281,0.487293004989624,0.4024949073791504,0.011814943514764309,0.5239709615707397,0.37783193588256836,-0.016338396817445755,0.5488755106925964,0.4049825370311737,-0.031680043786764145,0.550349235534668,0.4362674653530121,-0.035986367613077164
0.35963860154151917,0.5587249994277954,3.48966210594881e-07,0.36268097162246704,0.5407028198242188,-0.06456708163022995,0.38745301961898804,0.4971420466899872,-0.08769361674785614,0.4358913004398346,0.44635385274887085,-0.10006685554981232,0.4671691656112671,0.39613544940948486,-0.10713028162717819,0.33853986859321594,0.35866478085517883,-0.050234586000442505,0.3348589241504669,0.2558983862400055,-0.07233761250972748,0.3407911956310272,0.1870191991329193,-0.08771974593400955,0.3473014533519745,0.1332005113363266,-0.09913308173418045,0.3719981610774994,0.35150718688964844,-0.02846628613770008,0.3883518874645233,0.28809767961502075,-0.06484183669090271,0.41941073536872864,0.31880491971969604,-0.08339384943246841,0.4342501163482666,0.3573903441429138,-0.08855918049812317,0.40187641978263855,0.3614690601825714,-0.012259479612112045,0.42867061495780945,0.31543129682540894,-0.04679214954376221,0.44788098335266113,0.3499601483345032,-0.056767627596855164,0.44771379232406616,0.3812989592552185,-0.05534642934799194,0.42363739013671875,0.3859991729259491,-0.001323905773460865,0.45323416590690613,0.3525943458080292,-0.025629553943872452,0.46662217378616333,0.37087270617485046,-0.034415047615766525,0.4628477692604065,0.39615675806999207,-0.03529072552919388
0.2950168550014496,0.5458705425262451,4.5270743953551573e-07,0.2890926003456116,0.5314030647277832,-0.07582427561283112,0.30272576212882996,0.48442894220352173,-0.10844443738460541,0.34716707468032837,0.42730122804641724,-0.1285582333803177,0.37464335560798645,0.36804455518722534,-0.144180029630661,0.22575083374977112,0.3431285619735718,-0.07569253444671631,0.20790888369083405,0.22310955822467804,-0.11330561339855194,0.20343032479286194,0.14040260016918182,-0.1388358324766159,0.20180632174015045,0.0708068311214447,-0.1557426005601883,0.2639211416244507,0.33093661069869995,-0.05297483503818512,0.28625011444091797,0.2538589835166931,-0.10319817811250687,0.32812973856925964,0.2933063805103302,-0.12126324325799942,0.3479483127593994,0.3379354476928711,-0.12239161878824234,0.30052274465560913,0.3394162654876709,-0.0366172231733799,0.3290035128593445,0.2842925488948822,-0.08243459463119507,0.35762789845466614,0.3247711956501007,-0.0868823304772377,0.3620840013027191,0.360894113779068,-0.07781218737363815,0.3273191452026367,0.3633902072906494,-0.0264606736600399,0.3554612100124359,0.31913304328918457,-0.05857337638735771,0.37212732434272766,0.34612512588500977,-0.06123477965593338,0.36931946873664856,0.3801431357860565,-0.05458168685436249
0.3626136779785156,0.5118723511695862,4.2107629383281164e-07,0.36481237411499023,0.4954146146774292,-0.07721482217311859,0.38727879524230957,0.44468072056770325,-0.10730751603841782,0.4368665814399719,0.3907458484172821,-0.12444712221622467,0.4692118167877197,0.33569854497909546,-0.13631705939769745,0.3189389705657959,0.29996103048324585,-0.06997975707054138,0.31099557876586914,0.18209333717823029,-0.10029031336307526,0.3154323101043701,0.10186624526977539,-0.1184544637799263,0.32213106751441956,0.03853064775466919,-0.12938597798347473,0.3520950675010681,0.29329386353492737,-0.04383712634444237,0.3891378939151764,0.22173291444778442,-0.09023836255073547,0.42598819732666016,0.26137542724609375,-0.10851378738880157,0.44063159823417664,0.30519840121269226,-0.10916431248188019,0.382923424243927,0.30432072281837463,-0.02374718338251114,0.4222639799118042,0.25793105363845825,-0.06921521574258804,0.44631093740463257,0.3012922704219818,-0.07909619808197021,0.44606009125709534,0.3374880850315094,-0.07234840840101242,0.4037171006202698,0.3283858895301819,-0.00928680133074522,0.43973875045776367,0.29023173451423645,-0.04041096940636635,0.4559008479118347,0.31747835874557495,-0.04633944481611252,0.44892847537994385,0.3517013192176819,-0.04159197956323624
0.41306272149086,0.5107760429382324,4.1311162135571067e-07,0.4252053499221802,0.48587459325790405,-0.08219756931066513,0.4583495557308197,0.436393141746521,-0.10903018712997437,0.5110847353935242,0.3859446048736572,-0.11924971640110016,0.5418071150779724,0.32994943857192993,-0.12362532317638397,0.40022140741348267,0.29856112599372864,-0.07486287504434586,0.4003378748893738,0.18473032116889954,-0.09962714463472366,0.4080312252044678,0.11179576814174652,-0.11499715596437454,0.4163910746574402,0.052090734243392944,-0.1250351518392563,0.42628151178359985,0.2977820038795471,-0.04189818724989891,0.45984238386154175,0.22336401045322418,-0.07641471922397614,0.4957345724105835,0.26560360193252563,-0.08965426683425903,0.509648859500885,0.3113957941532135,-0.09005854278802872,0.449036568403244,0.31196507811546326,-0.01541410107165575,0.4851199984550476,0.2594238817691803,-0.04916832596063614,0.5096948742866516,0.3014666438102722,-0.060092926025390625,0.5100008845329285,0.335130512714386,-0.05826737731695175,0.46395519375801086,0.3363664448261261,0.004722393583506346,0.49570217728614807,0.30459460616111755,-0.021399205550551414,0.5132569074630737,0.3302346169948578,-0.03230246901512146,0.5076627731323242,0.35907047986984253,-0.033643580973148346
0.4336891770362854,0.5469704270362854,3.6896719279866375e-07,0.4421839416027069,0.5168787240982056,-0.07703029364347458,0.4690606892108917,0.4678269028663635,-0.1007026806473732,0.518619954586029,0.42020314931869507,-0.10887502133846283,0.5530523657798767,0.36986255645751953,-0.11150966584682465,0.4229142367839813,0.34057673811912537,-0.06199905648827553,0.42668625712394714,0.23821111023426056,-0.08284854143857956,0.4339570999145508,0.17227277159690857,-0.0971386730670929,0.4420880377292633,0.1185101717710495,-0.10697761178016663,0.448443204164505,0.34379348158836365,-0.030550753697752953,0.47641679644584656,0.2747498154640198,-0.06230258569121361,0.5087146162986755,0.3135339915752411,-0.07798568904399872,0.5244696736335754,0.3560906648635864,-0.08068913966417313,0.4704224765300751,0.3588283061981201,-0.005591563880443573,0.500698983669281,0.30876588821411133,-0.03751637414097786,0.5250054001808167,0.3446718454360962,-0.05248427018523216,0.5300952792167664,0.3748660981655121,-0.05380483344197273,0.48504263162612915,0.3829720616340637,0.01364508830010891,0.5126216411590576,0.3472464680671692,-0.010264862328767776,0.5307650566101074,0.3676919639110565,-0.022908704355359077,0.5299527645111084,0.3934163749217987,-0.02633042447268963
0.47857245802879333,0.5418432354927063,5.562401383940596e-07,0.4984443783760071,0.5202987194061279,-0.08463466912508011,0.5376197695732117,0.46906933188438416,-0.1112222820520401,0.5915765762329102,0.4166763126850128,-0.12099222838878632,0.6274255514144897,0.3589572310447693,-0.12419791519641876,0.4730212390422821,0.32978928089141846,-0.06533302366733551,0.4754558503627777,0.22217941284179688,-0.08573824912309647,0.48737862706184387,0.1495957374572754,-0.0988117977976799,0.497385710477829,0.09398970007896423,-0.10695407539606094,0.49774169921875,0.3299979567527771,-0.02966122142970562,0.5368667840957642,0.2551349699497223,-0.0642847791314125,0.5734659433364868,0.2902868092060089,-0.08102221041917801,0.5861780643463135,0.3387831747531891,-0.08194427937269211,0.5201925039291382,0.34628647565841675,-0.000842495821416378,0.5627515912055969,0.2986428141593933,-0.03986762836575508,0.591900646686554,0.33936020731925964,-0.056273289024829865,0.5941303968429565,0.3765113055706024,-0.05475301295518875,0.5352560877799988,0.37101683020591736,0.022388264536857605,0.5727449655532837,0.33638232946395874,-0.007799650076776743,0.5923640131950378,0.36272597312927246,-0.02041863463819027,0.5870444178581238,0.39491909742355347,-0.020746856927871704
0.6094465851783752,0.5992952585220337,5.093208983453223e-07,0.6521634459495544,0.560051679611206,-0.08877396583557129,0.6996490955352783,0.4785706102848053,-0.10728827863931656,0.74688321352005,0.4099624454975128,-0.10380137711763382,0.7676751017570496,0.33926743268966675,-0.0919216051697731,0.5997212529182434,0.34071341156959534,-0.07360286265611649,0.5992541909217834,0.19255471229553223,-0.08566471934318542,0.611815333366394,0.10342955589294434,-0.09152589738368988,0.6194750070571899,0.03770643472671509,-0.09424316138029099,0.6088979840278625,0.3396000564098358,-0.0275273360311985,0.653766393661499,0.2268306463956833,-0.047432612627744675,0.710342288017273,0.2563272714614868,-0.056711308658123016,0.7352538108825684,0.30881813168525696,-0.05509021133184433,0.623164713382721,0.35022643208503723,0.012373636476695538,0.677344560623169,0.2696622908115387,-0.012152538634836674,0.727904736995697,0.30455029010772705,-0.030608294531702995,0.7431376576423645,0.34544557332992554,-0.03415217995643616,0.6382552981376648,0.3685121536254883,0.0463155172765255,0.688653826713562,0.3164518475532532,0.02188009023666382,0.7289285063743591,0.3344769775867462,0.002192707499489188,0.7369976043701172,0.3690533936023712,-0.004789587575942278
0.6643584966659546,0.6312956809997559,6.158099381536886e-07,0.7193461656570435,0.572792649269104,-0.11773727834224701,0.7807849645614624,0.4958726465702057,-0.14671730995178223,0.8499149084091187,0.4243195950984955,-0.1449669450521469,0.8899305462837219,0.34209465980529785,-0.1322851926088333,0.6863964200019836,0.32448458671569824,-0.11774610728025436,0.7085115313529968,0.14641661942005157,-0.14751379191875458,0.7203208208084106,0.03485327959060669,-0.1685222089290619,0.7278175950050354,-0.05215698480606079,-0.18040533363819122,0.6923291683197021,0.33003202080726624,-0.04988700523972511,0.7615897059440613,0.2114226520061493,-0.06956200301647186,0.8219974637031555,0.2613008916378021,-0.0766957625746727,0.8465633988380432,0.3272169828414917,-0.07825165241956711,0.706066370010376,0.34807825088500977,0.010057404637336731,0.7739768028259277,0.2534443736076355,-0.012406200170516968,0.8247003555297852,0.30444541573524475,-0.031696196645498276,0.8361465334892273,0.36139747500419617,-0.03915940225124359,0.7187374830245972,0.37055182456970215,0.06158680096268654,0.780554473400116,0.3206614851951599,0.039124105125665665,0.8223390579223633,0.3473671078681946,0.015713196247816086,0.8297929763793945,0.3876526951789856,0.003417355939745903
0.6647852659225464,0.6205596327781677,5.255598125586403e-07,0.720070481300354,0.5568393468856812,-0.11467231065034866,0.7822585105895996,0.4677620828151703,-0.13923518359661102,0.8491775989532471,0.3945111036300659,-0.13328754901885986,0.8880343437194824,0.3116339147090912,-0.11671718209981918,0.6930651068687439,0.29669877886772156,-0.10384970903396606,0.7117077708244324,0.12896014750003815,-0.12752002477645874,0.722284734249115,0.01978689432144165,-0.1475011557340622,0.7303460836410522,-0.06522619724273682,-0.15982531011104584,0.6981465816497803,0.3048517405986786,-0.03529734909534454,0.7634738087654114,0.1860528290271759,-0.04947686195373535,0.8226855993270874,0.23690278828144073,-0.05848899111151695,0.8475492596626282,0.30451053380966187,-0.06159636005759239,0.7106263041496277,0.32284459471702576,0.025171713903546333,0.7758164405822754,0.2261642962694168,0.009847326204180717,0.8266540765762329,0.2753770649433136,-0.012509164400398731,0.8404343724250793,0.32929477095603943,-0.023526649922132492,0.723086953163147,0.3458307683467865,0.07721079885959625,0.7842338681221008,0.29680198431015015,0.060321271419525146,0.824140191078186,0.3215363025665283,0.034458402544260025,0.8322969079017639,0.3568960428237915,0.01885800063610077
0.6629008650779724,0.5611376762390137,1.9071318035912554e-07,0.6731517910957336,0.5038837790489197,-0.08431000262498856,0.7001031041145325,0.41767361760139465,-0.10258886218070984,0.7555014491081238,0.3473105728626251,-0.105509914457798,0.805429995059967,0.2914915978908539,-0.10146711766719818,0.636684000492096,0.2729063034057617,-0.05108179524540901,0.6426732540130615,0.14610479772090912,-0.07962147891521454,0.6543441414833069,0.062317341566085815,-0.10154729336500168,0.6661090850830078,-0.007065176963806152,-0.11750438064336777,0.6818743348121643,0.27706146240234375,-0.01915285922586918,0.7215063571929932,0.1967109739780426,-0.06078290939331055,0.7432689070701599,0.2587621510028839,-0.08066467940807343,0.7417536973953247,0.3052128255367279,-0.08415424823760986,0.7200058102607727,0.29593467712402344,0.0035725783091038465,0.7633569240570068,0.23553219437599182,-0.03555697947740555,0.7729032635688782,0.29408183693885803,-0.046866536140441895,0.755401611328125,0.32582831382751465,-0.04439602419734001,0.743791937828064,0.33329907059669495,0.018763815984129906,0.7926600575447083,0.28211742639541626,-0.00794290378689766,0.7971824407577515,0.32025474309921265,-0.017115959897637367,0.770243763923645,0.35303419828414917,-0.018234601244330406
0.6348978877067566,0.5919190049171448,-1.524776962469332e-07,0.5822206139564514,0.527898371219635,-0.014187546446919441,0.5487315058708191,0.4533597528934479,-0.0319051519036293,0.5230763554573059,0.4069770574569702,-0.05540063977241516,0.5232301950454712,0.3570844829082489,-0.07787478715181351,0.6096948981285095,0.3436847925186157,-0.010980519466102123,0.6018710732460022,0.2381671816110611,-0.04031863063573837,0.5812727212905884,0.17858988046646118,-0.06007442995905876,0.5704733729362488,0.12818488478660583,-0.07350580394268036,0.634675920009613,0.35540300607681274,-0.02439381182193756,0.61968994140625,0.25551003217697144,-0.07066360116004944,0.5680979490280151,0.29272496700286865,-0.08603401482105255,0.5446512699127197,0.3418591022491455,-0.08591950684785843,0.6540724039077759,0.3801053762435913,-0.04178933799266815,0.6418057084083557,0.2876342236995697,-0.07992687821388245,0.5870639681816101,0.31820282340049744,-0.08127110451459885,0.5619029998779297,0.362771213054657,-0.07165355980396271,0.669181227684021,0.4148566424846649,-0.06148429960012436,0.6678101420402527,0.3303367793560028,-0.0841713473200798,0.625476062297821,0.32200703024864197,-0.08532391488552094,0.5955682992935181,0.3407708406448364,-0.08032756298780441
0.6470464468002319,0.6302353143692017,-2.8782028493878897e-07,0.5866792798042297,0.5436375737190247,0.02406151592731476,0.554917573928833,0.47072187066078186,0.018243499100208282,0.5266515612602234,0.42521610856056213,0.0005235631251707673,0.5028684735298157,0.38277098536491394,-0.019472423940896988,0.6488646864891052,0.38157594203948975,0.010221803560853004,0.6444153189659119,0.2789788842201233,-0.002919528167694807,0.6332283020019531,0.2265201359987259,-0.011118842288851738,0.6230211853981018,0.17797096073627472,-0.01896374113857746,0.6638137698173523,0.39836564660072327,-0.019330039620399475,0.5951414704322815,0.30138882994651794,-0.04294935241341591,0.542533278465271,0.3332063555717468,-0.04758690670132637,0.5241100788116455,0.3720266819000244,-0.048121873289346695,0.6586328148841858,0.4264650344848633,-0.04832542687654495,0.5951661467552185,0.3253338932991028,-0.06829947978258133,0.5483095645904541,0.3554920554161072,-0.05925704538822174,0.5332075953483582,0.39566823840141296,-0.050122953951358795,0.6404827833175659,0.4554978609085083,-0.076143778860569,0.5989660620689392,0.36638590693473816,-0.08977650105953217,0.5615297555923462,0.36631739139556885,-0.08368486166000366,0.5421589612960815,0.3900681436061859,-0.07676974684000015
0.6574824452400208,0.6125771403312683,-1.6912696310100728e-07,0.6052104234695435,0.5335885882377625,0.014016159810125828,0.5735224485397339,0.4703647196292877,0.004419708624482155,0.5412613749504089,0.4319615662097931,-0.012662249617278576,0.5153029561042786,0.39354580640792847,-0.03103877417743206,0.6600008606910706,0.38771188259124756,-0.005044413264840841,0.654339611530304,0.28988856077194214,-0.021927250549197197,0.6441312432289124,0.23970039188861847,-0.033385489135980606,0.6320177912712097,0.19412770867347717,-0.04254109039902687,0.6655982136726379,0.4034954011440277,-0.025774190202355385,0.595905065536499,0.3082949221134186,-0.05125131458044052,0.5512428879737854,0.3382193148136139,-0.05830957740545273,0.5358192920684814,0.3769901394844055,-0.06045876815915108,0.6542700529098511,0.43044084310531616,-0.045477837324142456,0.5917869210243225,0.3324357867240906,-0.06631802022457123,0.5537368655204773,0.3580036461353302,-0.06031761318445206,0.5425122380256653,0.3943594694137573,-0.052771445363759995,0.6323626041412354,0.45826205611228943,-0.06410646438598633,0.5918786525726318,0.3758196234703064,-0.07861693948507309,0.5625928044319153,0.37524768710136414,-0.07438056170940399,0.5507886409759521,0.3960474133491516,-0.06835751980543137
0.670002281665802,0.5937625169754028,-1.559102003056978e-07,0.616149365901947,0.5206702947616577,0.012305435724556446,0.585336446762085,0.46016669273376465,0.0027381654363125563,0.5557234883308411,0.4238915741443634,-0.013989956118166447,0.5319830179214478,0.387780100107193,-0.03194839134812355,0.6702505946159363,0.3797990083694458,-0.006107758730649948,0.6623632311820984,0.28466135263442993,-0.02282032184302807,0.6530463099479675,0.2370113730430603,-0.034264013171195984,0.6411183476448059,0.19375185668468475,-0.04341767355799675,0.6776475310325623,0.3935951292514801,-0.025770137086510658,0.6078311800956726,0.3039364516735077,-0.050331659615039825,0.5644614100456238,0.3354845643043518,-0.05770518630743027,0.5487853288650513,0.3723292350769043,-0.06049074977636337,0.6678145527839661,0.41809573769569397,-0.044582802802324295,0.6051462888717651,0.3242902457714081,-0.06520577520132065,0.56694096326828,0.352521151304245,-0.0604044646024704,0.5538328289985657,0.3901178538799286,-0.05389942228794098,0.6466912031173706,0.4450460374355316,-0.062487661838531494,0.607489287853241,0.36567869782447815,-0.07750990986824036,0.5798492431640625,0.36449965834617615,-0.07487710565328598,0.5672702789306641,0.38444021344184875,-0.07021884620189667
0.6592344045639038,0.5929810404777527,-2.0986568927128246e-07,0.600507915019989,0.5254052877426147,0.018116945400834084,0.5699041485786438,0.4685381054878235,0.014883249998092651,0.5425307750701904,0.438465416431427,0.002564491704106331,0.5233994126319885,0.4061167240142822,-0.011259227991104126,0.642357349395752,0.38220375776290894,0.01417840737849474,0.6308006644248962,0.30347418785095215,0.004805603995919228,0.6186000108718872,0.26335829496383667,-0.0032144321594387293,0.6056709885597229,0.22670596837997437,-0.010628045536577702,0.6520056128501892,0.3896741569042206,-0.007548768073320389,0.5880954265594482,0.3209769129753113,-0.025163400918245316,0.5496394634246826,0.35483354330062866,-0.03212234005331993,0.5378996133804321,0.3921823799610138,-0.0351121760904789,0.646507203578949,0.41009894013404846,-0.02909662574529648,0.5862285494804382,0.3358649015426636,-0.04499934986233711,0.5514211654663086,0.36781105399131775,-0.042368218302726746,0.5414273142814636,0.4062555134296417,-0.038205236196517944,0.6300630569458008,0.4359903633594513,-0.04954339563846588,0.587241530418396,0.3692220151424408,-0.06084253638982773,0.5591678619384766,0.3775876462459564,-0.05781136453151703,0.5463366508483887,0.4057023525238037,-0.0536140576004982
0.6502042412757874,0.5807652473449707,-1.5953425247516861e-07,0.5894559621810913,0.5322249531745911,0.015901684761047363,0.5562856793403625,0.4851369559764862,0.011816808022558689,0.5286889672279358,0.4612088203430176,-0.0004854017752222717,0.5071311593055725,0.4341348111629486,-0.01426826510578394,0.6134363412857056,0.3971605598926544,0.009362942539155483,0.593422532081604,0.32559096813201904,-0.0004832396807614714,0.5794832110404968,0.29046905040740967,-0.008203535340726376,0.5650866627693176,0.2583693265914917,-0.015170508064329624,0.6244866847991943,0.4018723964691162,-0.010798582807183266,0.5591639280319214,0.35134539008140564,-0.028617415577173233,0.5273580551147461,0.389165997505188,-0.03525125980377197,0.5200396180152893,0.42404526472091675,-0.038312606513500214,0.6219261884689331,0.420830100774765,-0.03074655309319496,0.5588022470474243,0.3628455102443695,-0.04560398682951927,0.5290722250938416,0.39578357338905334,-0.042759012430906296,0.5228786468505859,0.43064257502555847,-0.03908004239201546,0.6091453433036804,0.4464081823825836,-0.04982413351535797,0.5662286281585693,0.3913195729255676,-0.05975537747144699,0.5425471663475037,0.39334505796432495,-0.05751342326402664,0.5341970920562744,0.4107441306114197,-0.05460052564740181
0.6468141078948975,0.5866550207138062,-1.7641224303588388e-07,0.5894237160682678,0.5437785387039185,0.01721295714378357,0.5546658039093018,0.5007364749908447,0.013866371475160122,0.5260984301567078,0.4800618886947632,0.0029117485973984003,0.5032030940055847,0.4576503336429596,-0.009581534191966057,0.6079972982406616,0.4126781225204468,0.009973658248782158,0.5845552086830139,0.3447030484676361,0.0024132842663675547,0.5681383013725281,0.3138754963874817,-0.0037177838385105133,0.5516477227210999,0.28682053089141846,-0.0095089515671134,0.6163609027862549,0.4178066849708557,-0.009334351867437363,0.5503066182136536,0.3740634620189667,-0.024018405005335808,0.5226056575775146,0.4117775559425354,-0.0293626356869936,0.518345832824707,0.4446132779121399,-0.031947340816259384,0.6129686236381531,0.4370249807834625,-0.02789461240172386,0.5500484108924866,0.38371071219444275,-0.03970881178975105,0.5262055397033691,0.4171206057071686,-0.03528650477528572,0.5246613621711731,0.4493463635444641,-0.03110836073756218,0.6012687683105469,0.4614749252796173,-0.04537689685821533,0.5567243099212646,0.41060295701026917,-0.05336171016097069,0.5377715229988098,0.41730013489723206,-0.04936862364411354,0.5351436138153076,0.4357820451259613,-0.04530879482626915
0.65275639295578,0.622114896774292,-1.3737276560732425e-07,0.606603741645813,0.5720085501670837,0.018741728737950325,0.5809295177459717,0.5262879729270935,0.018525606021285057,0.55549556016922,0.5011366605758667,0.010252919979393482,0.5345628261566162,0.47361376881599426,0.0007975657354108989,0.6333736777305603,0.45473378896713257,0.01731553114950657,0.6277800798416138,0.3849794268608093,0.010002974420785904,0.6169383525848389,0.35162967443466187,0.004378882236778736,0.6054225564002991,0.3223062753677368,-0.00044803202035836875,0.6364991068840027,0.45780062675476074,-0.0019071113783866167,0.5889358520507812,0.3920198082923889,-0.016064640134572983,0.5555165410041809,0.4160322844982147,-0.022851798683404922,0.5436810851097107,0.444783091545105,-0.025480058044195175,0.6290245652198792,0.4704260528087616,-0.02069365419447422,0.5835914015769958,0.40309616923332214,-0.03331643342971802,0.552553117275238,0.42679107189178467,-0.03370439261198044,0.5417584180831909,0.45712897181510925,-0.03149552270770073,0.6128674149513245,0.48724400997161865,-0.03808039426803589,0.5769376158714294,0.4301850497722626,-0.04573908820748329,0.5527451634407043,0.4360193610191345,-0.04369642958045006,0.5429111123085022,0.45607516169548035,-0.04059409350156784
0.637506365776062,0.6293400526046753,-6.648937045383718e-08,0.6007667779922485,0.5824800133705139,0.01198714878410101,0.5759334564208984,0.5398565530776978,0.012216448783874512,0.550836980342865,0.5160214900970459,0.006130622699856758,0.5345449447631836,0.4923895299434662,0.00010706982720876113,0.6298727989196777,0.4755275249481201,0.019834881648421288,0.6319706439971924,0.4120391011238098,0.014205853454768658,0.6208221912384033,0.3802325427532196,0.010612884536385536,0.6101300120353699,0.3571518063545227,0.007948863320052624,0.6280394196510315,0.47450196743011475,0.006162479054182768,0.5910196900367737,0.41593125462532043,-0.0045103710144758224,0.5598379969596863,0.4382128119468689,-0.00839179940521717,0.5511376261711121,0.4649316668510437,-0.008441622368991375,0.6164356470108032,0.4804445505142212,-0.008413583971560001,0.580396831035614,0.42339831590652466,-0.019658533856272697,0.5504305362701416,0.44830408692359924,-0.020255230367183685,0.5419954657554626,0.47877103090286255,-0.017289873212575912,0.5964950919151306,0.49066469073295593,-0.022157983854413033,0.5660666823387146,0.44000235199928284,-0.027937691658735275,0.5435263514518738,0.44795528054237366,-0.025689123198390007,0.5361419916152954,0.4687173068523407,-0.022084278985857964
0.6190098524093628,0.6326611042022705,-8.165940101889646e-08,0.5970795750617981,0.5687223076820374,0.030032068490982056,0.5822662115097046,0.5198537111282349,0.03868960961699486,0.5587005019187927,0.4939754903316498,0.03772405534982681,0.5398700833320618,0.4681134521961212,0.03524388372898102,0.6345412135124207,0.4741857945919037,0.03372655436396599,0.6487770080566406,0.40920984745025635,0.03353648632764816,0.6491882801055908,0.3748570680618286,0.034546829760074615,0.648496687412262,0.3463651239871979,0.03449857234954834,0.6302828192710876,0.47101345658302307,0.012068678624927998,0.5975202322006226,0.40361154079437256,0.006830522324889898,0.5646039843559265,0.4208671450614929,0.006829708814620972,0.5543321371078491,0.4466841518878937,0.0083705373108387,0.613903820514679,0.47645264863967896,-0.009011744521558285,0.5818705558776855,0.4084474444389343,-0.014374867081642151,0.5515310764312744,0.4275507926940918,-0.011344331316649914,0.5413780808448792,0.4536786675453186,-0.007739574648439884,0.5893224477767944,0.48436883091926575,-0.02793171815574169,0.5709578394889832,0.42120760679244995,-0.03243096545338631,0.5509568452835083,0.4173834025859833,-0.03018924593925476,0.5422124862670898,0.42989233136177063,-0.027298571541905403
0.6206113696098328,0.6220800876617432,-1.4795967118175213e-08,0.5917689800262451,0.5645328760147095,0.024749750271439552,0.5743967890739441,0.5133318305015564,0.029362378641963005,0.5511243939399719,0.48540589213371277,0.02537074312567711,0.5346347093582153,0.4576387405395508,0.020070012658834457,0.6327101588249207,0.4591458737850189,0.026050155982375145,0.6436475515365601,0.3889153003692627,0.024676859378814697,0.6454322338104248,0.34780287742614746,0.023508451879024506,0.6462119817733765,0.31428390741348267,0.021555906161665916,0.6290550231933594,0.4596538543701172,0.006043289788067341,0.5976020097732544,0.38541772961616516,0.00015825903392396867,0.5639457106590271,0.39630717039108276,-0.0016675256192684174,0.5517270565032959,0.4220871925354004,-0.001602055854164064,0.6139033436775208,0.4667418897151947,-0.013207748532295227,0.5829021334648132,0.39453887939453125,-0.01906532421708107,0.550666093826294,0.4073999226093292,-0.017142388969659805,0.5383081436157227,0.43280285596847534,-0.014440973289310932,0.5918440818786621,0.47585541009902954,-0.030772032216191292,0.5702065229415894,0.412223219871521,-0.03448439761996269,0.547990083694458,0.4119647741317749,-0.03114510513842106,0.537351667881012,0.4301592707633972,-0.027454160153865814
0.6272923350334167,0.6139941215515137,-5.8100063426991255e-08,0.5780965089797974,0.5683678984642029,0.008234051987528801,0.5543941259384155,0.5177876353263855,0.003783533815294504,0.5306867361068726,0.4868747889995575,-0.00654127961024642,0.5119947791099548,0.45583775639533997,-0.017667612060904503,0.6167305111885071,0.44223007559776306,0.005375035107135773,0.6133678555488586,0.37022414803504944,-0.004183052573353052,0.6088697910308838,0.3289091885089874,-0.010785847902297974,0.6051395535469055,0.29354262351989746,-0.015911197289824486,0.6245348453521729,0.44687172770500183,-0.009353269822895527,0.5756425857543945,0.3808020353317261,-0.024946944788098335,0.5409839749336243,0.40264207124710083,-0.030455030500888824,0.5291016101837158,0.4309665262699127,-0.03165753185749054,0.619319498538971,0.4612314701080322,-0.024381056427955627,0.5721222758293152,0.3929704427719116,-0.03953969106078148,0.5377476215362549,0.4133586585521698,-0.03863303363323212,0.5250171422958374,0.44292786717414856,-0.03470854461193085,0.6041272282600403,0.48012101650238037,-0.03891536965966225,0.5706762075424194,0.4166199862957001,-0.04917379841208458,0.5451840162277222,0.41702598333358765,-0.04711310565471649,0.5322487354278564,0.43725258111953735,-0.043115608394145966
0.6463065147399902,0.5998620986938477,-9.127158762112231e-08,0.5911970138549805,0.5407356023788452,0.006633805111050606,0.5637012720108032,0.4932178258895874,-0.0022776189725846052,0.5418444275856018,0.4629347324371338,-0.018501291051506996,0.5292251706123352,0.43412595987319946,-0.0352044403553009,0.6316273212432861,0.40867626667022705,0.005068896804004908,0.6271770000457764,0.3324706256389618,-0.007027102634310722,0.6232495307922363,0.2902340292930603,-0.014808670617640018,0.6196309328079224,0.2534613013267517,-0.020949529483914375,0.6465834975242615,0.41653090715408325,-0.011215239763259888,0.587445855140686,0.35711437463760376,-0.03272335231304169,0.5521762371063232,0.39114558696746826,-0.03824453800916672,0.543125569820404,0.4266321361064911,-0.037976108491420746,0.6472386121749878,0.43474483489990234,-0.028487348929047585,0.5901219844818115,0.3732472360134125,-0.04793466255068779,0.5579833388328552,0.40386122465133667,-0.04351247847080231,0.5503407716751099,0.4409380853176117,-0.035694316029548645,0.6368082761764526,0.45746979117393494,-0.04586174711585045,0.6036811470985413,0.3969973921775818,-0.058793336153030396,0.5750851035118103,0.3963748812675476,-0.05564379692077637,0.55899578332901,0.415481835603714,-0.04981260001659393
0.6662036776542664,0.5679099559783936,-8.214895075298045e-08,0.624545693397522,0.5241687297821045,-0.011654406785964966,0.5955960750579834,0.4845494031906128,-0.02705840952694416,0.572887122631073,0.46181291341781616,-0.045739490538835526,0.5700176954269409,0.4311448931694031,-0.06426699459552765,0.6495862603187561,0.3807184100151062,-0.01756148599088192,0.6573208570480347,0.303814560174942,-0.04182367026805878,0.6594101190567017,0.2535558342933655,-0.059261471033096313,0.662873387336731,0.21384495496749878,-0.07064224779605865,0.6690632700920105,0.3947210907936096,-0.025493651628494263,0.6343224048614502,0.352902889251709,-0.060004595667123795,0.5957869291305542,0.3843918442726135,-0.07161279767751694,0.579524040222168,0.41862037777900696,-0.07277239114046097,0.6797396540641785,0.4185464084148407,-0.035792820155620575,0.6472820043563843,0.38081055879592896,-0.06501180678606033,0.6095139384269714,0.40420839190483093,-0.0654020607471466,0.5921739935874939,0.434914767742157,-0.05787762627005577,0.6835153102874756,0.4492553770542145,-0.04758321866393089,0.6612756252288818,0.41134971380233765,-0.06611835211515427,0.6306450366973877,0.4125097393989563,-0.06535957753658295,0.6111419796943665,0.4278143048286438,-0.05892645940184593
0.6449809670448303,0.5615723133087158,1.7165950438879918e-08,0.6093695163726807,0.5209188461303711,-0.016700023785233498,0.5837263464927673,0.47736355662345886,-0.03524884954094887,0.5637691617012024,0.4493277668952942,-0.05683608725667,0.5704048871994019,0.42674583196640015,-0.07772902399301529,0.6247366070747375,0.38371068239212036,-0.02109110727906227,0.639380931854248,0.29809167981147766,-0.04735459387302399,0.6403638124465942,0.2469651997089386,-0.06438978761434555,0.6447524428367615,0.20657695829868317,-0.0753425732254982,0.6421636939048767,0.3983423411846161,-0.028118258342146873,0.631005585193634,0.3368167281150818,-0.06745292246341705,0.5943557024002075,0.3684234321117401,-0.07812546193599701,0.5792815685272217,0.4045157730579376,-0.07642970234155655,0.6564594507217407,0.41997721791267395,-0.03826466202735901,0.6495953798294067,0.3607705235481262,-0.07022324949502945,0.6126893162727356,0.38200831413269043,-0.07006783038377762,0.5952677130699158,0.41266345977783203,-0.060847990214824677,0.6692220568656921,0.4487914741039276,-0.05052442476153374,0.668087363243103,0.394652783870697,-0.06975340098142624,0.6400445699691772,0.39251843094825745,-0.0696193054318428,0.6208652853965759,0.4079822301864624,-0.0636637955904007
0.5737804174423218,0.5716201663017273,3.4326365749848264e-08,0.5363998413085938,0.5330907106399536,-0.01664334163069725,0.5150981545448303,0.48099586367607117,-0.02916336990892887,0.5047134160995483,0.4403804838657379,-0.04415882006287575,0.5138188004493713,0.41944149136543274,-0.05802074819803238,0.5268882513046265,0.40009593963623047,-0.005707925651222467,0.5245087146759033,0.3201221823692322,-0.02374662645161152,0.5221444964408875,0.2714962363243103,-0.037953734397888184,0.5242413282394409,0.23183311522006989,-0.04814288020133972,0.5496593117713928,0.4021610915660858,-0.009940101765096188,0.5442430973052979,0.3378177285194397,-0.03912844508886337,0.5285285711288452,0.35522666573524475,-0.05245366320014,0.5204115509986877,0.3887639343738556,-0.05498791113495827,0.5721359252929688,0.41109466552734375,-0.017425011843442917,0.5702356100082397,0.3499741554260254,-0.039894718676805496,0.5516244769096375,0.3561122715473175,-0.04465346783399582,0.5402153134346008,0.38236579298973083,-0.04212171584367752,0.5946025252342224,0.4281359314918518,-0.027284173294901848,0.5971859097480774,0.37461063265800476,-0.03989484906196594,0.579322338104248,0.36341774463653564,-0.042464468628168106,0.5625531673431396,0.3749069571495056,-0.04141291230916977
0.5390873551368713,0.5550191402435303,1.1317264636545588e-07,0.501132071018219,0.5284368991851807,-0.018762746825814247,0.4716506600379944,0.48134177923202515,-0.03299608454108238,0.456277996301651,0.4412461519241333,-0.04862209036946297,0.46987879276275635,0.4136887490749359,-0.06330743432044983,0.48105475306510925,0.403310090303421,-0.01319584995508194,0.4723800718784332,0.32861292362213135,-0.03256192430853844,0.46613162755966187,0.28149425983428955,-0.04813165217638016,0.46397146582603455,0.2412562072277069,-0.05970412865281105,0.5035585165023804,0.39917322993278503,-0.015749359503388405,0.49335533380508423,0.3340858817100525,-0.044909972697496414,0.48189836740493774,0.35063743591308594,-0.05810151621699333,0.47865843772888184,0.3804819583892822,-0.06102534383535385,0.5253217816352844,0.40458983182907104,-0.021013254299759865,0.5180327296257019,0.3438984453678131,-0.043225616216659546,0.5019482374191284,0.354279100894928,-0.04731530696153641,0.4943283498287201,0.38262325525283813,-0.04469630867242813,0.5473339557647705,0.41987496614456177,-0.02863939478993416,0.5433482527732849,0.36945247650146484,-0.04241303727030754,0.52494877576828,0.3599834442138672,-0.04595467820763588,0.5092654824256897,0.3712586760520935,-0.04559943452477455
0.49664196372032166,0.5380898118019104,1.0360943747400597e-07,0.45960384607315063,0.5224127173423767,-0.02192576788365841,0.42982420325279236,0.4793236255645752,-0.037042129784822464,0.4090028405189514,0.44457462430000305,-0.052862778306007385,0.4122718572616577,0.40983206033706665,-0.06784681975841522,0.42799729108810425,0.3962762951850891,-0.01574469357728958,0.41178828477859497,0.324358195066452,-0.03564156964421272,0.3994135558605194,0.27963000535964966,-0.05188502371311188,0.3940677046775818,0.24169515073299408,-0.06375683099031448,0.4497685432434082,0.388928085565567,-0.017556343227624893,0.43382149934768677,0.317257821559906,-0.04742066189646721,0.4207981824874878,0.33580300211906433,-0.06313008815050125,0.4189732074737549,0.36951693892478943,-0.06748730689287186,0.47256726026535034,0.39083853363990784,-0.022171571850776672,0.4618968665599823,0.3280284106731415,-0.04467542842030525,0.4443979859352112,0.3377927839756012,-0.052581217139959335,0.4381527006626129,0.36604219675064087,-0.052631136029958725,0.4975001811981201,0.402151882648468,-0.029187936335802078,0.4898931682109833,0.350153386592865,-0.04273688420653343,0.47145387530326843,0.34135112166404724,-0.0480421744287014,0.4581480920314789,0.3535148501396179,-0.049191709607839584
0.4523368179798126,0.5221347808837891,8.197611833793417e-08,0.4148421585559845,0.5049428939819336,-0.01573270559310913,0.38618677854537964,0.46125495433807373,-0.025460682809352875,0.37129348516464233,0.4208848178386688,-0.03593049943447113,0.36352241039276123,0.38649803400039673,-0.045600760728120804,0.3738166391849518,0.3904401361942291,-0.0033741258084774017,0.35368016362190247,0.33203548192977905,-0.01718209683895111,0.3417813181877136,0.29440250992774963,-0.030629850924015045,0.33407121896743774,0.2638382911682129,-0.040702976286411285,0.39677897095680237,0.37940412759780884,-0.005429368000477552,0.3775004744529724,0.3214000165462494,-0.02775457873940468,0.3724779486656189,0.32247745990753174,-0.04430835694074631,0.372623473405838,0.34099435806274414,-0.05163011699914932,0.4193265438079834,0.37536677718162537,-0.009951935149729252,0.404055655002594,0.3224089741706848,-0.026446564123034477,0.3947133421897888,0.3194718360900879,-0.03561294078826904,0.390537828207016,0.335686594247818,-0.038711514323949814,0.44521889090538025,0.3790401518344879,-0.016355622559785843,0.43293139338493347,0.3345317542552948,-0.02585437335073948,0.41841214895248413,0.31405991315841675,-0.031702201813459396,0.40432167053222656,0.31010910868644714,-0.03487022593617439
0.4057694375514984,0.5200609564781189,6.952468112331189e-08,0.36614978313446045,0.49745550751686096,-0.004459071438759565,0.3321642279624939,0.4399294853210449,-0.005855755414813757,0.31289222836494446,0.39001527428627014,-0.011187287978827953,0.307301789522171,0.3488007187843323,-0.01570531167089939,0.3377136290073395,0.3912561535835266,0.03053075447678566,0.32597121596336365,0.3504350781440735,0.02614819072186947,0.31876203417778015,0.3308475911617279,0.01666346564888954,0.31424975395202637,0.31376126408576965,0.008457382209599018,0.35533037781715393,0.37890350818634033,0.024598464369773865,0.33498644828796387,0.33631861209869385,0.012596717104315758,0.3208898603916168,0.3290741443634033,-0.0010369913652539253,0.3143242299556732,0.3346152603626251,-0.007279925048351288,0.374957799911499,0.3723061978816986,0.014750373549759388,0.35604777932167053,0.32418882846832275,0.005430277902632952,0.33643096685409546,0.30305245518684387,-0.0032191702630370855,0.32118913531303406,0.2942836284637451,-0.007324994541704655,0.40022918581962585,0.37059691548347473,0.003459752770140767,0.3878459334373474,0.32983264327049255,-0.0009807879105210304,0.36998802423477173,0.31150954961776733,-0.004501047544181347,0.35244694352149963,0.30354705452919006,-0.006946142762899399
0.38638103008270264,0.5246357917785645,1.791355259683769e-07,0.33507418632507324,0.49643784761428833,0.0121565330773592,0.29711461067199707,0.4409911036491394,0.014743460342288017,0.26867979764938354,0.401336133480072,0.006848777644336224,0.2596544921398163,0.3564145267009735,-0.0008584677707403898,0.3382405638694763,0.3617314100265503,0.05578069016337395,0.33563947677612305,0.2989591956138611,0.06281598657369614,0.3303636312484741,0.2606023848056793,0.06269396096467972,0.3262094259262085,0.2284199297428131,0.06051819398999214,0.35142236948013306,0.35811668634414673,0.037998586893081665,0.32899078726768494,0.29835987091064453,0.03143562376499176,0.29653894901275635,0.30753251910209656,0.021680472418665886,0.27800074219703674,0.33107829093933105,0.02023814059793949,0.3622720241546631,0.3590376079082489,0.01738825999200344,0.337666779756546,0.3027116656303406,0.011553558520972729,0.3017515242099762,0.31518858671188354,0.007176021113991737,0.28167837858200073,0.34048324823379517,0.008786150254309177,0.37058505415916443,0.36580562591552734,-0.003724009031429887,0.35203540325164795,0.307492196559906,-0.00318401912227273,0.3257595896720886,0.28917330503463745,-0.002442306373268366,0.3076654374599457,0.2894441485404968,-0.0004231472557876259
0.38478001952171326,0.5347294211387634,4.7636802946726675e-07,0.3224372863769531,0.503601610660553,0.027082374319434166,0.2784994840621948,0.45970046520233154,0.03154390677809715,0.2433232069015503,0.43211668729782104,0.020779989659786224,0.22207599878311157,0.3922348618507385,0.010327613912522793,0.31991875171661377,0.3633216321468353,0.07344235479831696,0.30816081166267395,0.2971305251121521,0.08564324676990509,0.3011063039302826,0.25553804636001587,0.09041298180818558,0.2946717441082001,0.220407173037529,0.09087295085191727,0.33305150270462036,0.3562510907649994,0.0451476089656353,0.31415677070617676,0.28930988907814026,0.050856832414865494,0.295270174741745,0.2659420371055603,0.048113297671079636,0.28394126892089844,0.25427699089050293,0.046298883855342865,0.3420315384864807,0.3599337041378021,0.013109128922224045,0.3020518124103546,0.30655282735824585,0.008017928339540958,0.2556562125682831,0.3270359933376312,0.0016199782257899642,0.2284572720527649,0.3580326437950134,-0.00036000090767629445,0.34327858686447144,0.37173160910606384,-0.018282949924468994,0.30697932839393616,0.3204149603843689,-0.02258799411356449,0.27243468165397644,0.3207561671733856,-0.025958791375160217,0.24876107275485992,0.3362088203430176,-0.028366992250084877
0.3765786290168762,0.547619640827179,6.637512228735432e-08,0.3046596348285675,0.5114964246749878,0.039798349142074585,0.2605132758617401,0.4667584002017975,0.04704864323139191,0.22530168294906616,0.4414272606372833,0.03644540160894394,0.19444230198860168,0.40959790349006653,0.023154862225055695,0.31297728419303894,0.3605092167854309,0.07375511527061462,0.30048707127571106,0.28536009788513184,0.0852615013718605,0.29054656624794006,0.24066151678562164,0.08921356499195099,0.2810964286327362,0.2021690160036087,0.08761364221572876,0.3288305997848511,0.35735413432121277,0.03735177963972092,0.2710748016834259,0.31438592076301575,0.037268925458192825,0.23243758082389832,0.3399066925048828,0.03303191810846329,0.21630772948265076,0.3621571958065033,0.03036128357052803,0.33136895298957825,0.3664650321006775,-0.0007788757793605328,0.274259090423584,0.3147602677345276,-0.0071541862562298775,0.2304387241601944,0.34140297770500183,-0.010016147047281265,0.21047168970108032,0.3732120394706726,-0.011234334670007229,0.3192935883998871,0.3831135034561157,-0.0372275710105896,0.26910075545310974,0.33476337790489197,-0.04412958025932312,0.23205462098121643,0.344003826379776,-0.04568839445710182,0.2108071893453598,0.3668271005153656,-0.046845242381095886
0.3726450502872467,0.5837541818618774,-4.7997346541706065e-08,0.30337584018707275,0.5489105582237244,0.025519995018839836,0.2637755870819092,0.5094941258430481,0.024489514529705048,0.22989213466644287,0.48641514778137207,0.011972318403422832,0.2032281756401062,0.4565415382385254,-0.0024530054070055485,0.3152504861354828,0.41005048155784607,0.028189895674586296,0.29931342601776123,0.3308015465736389,0.024875352159142494,0.2902011275291443,0.2879117727279663,0.0216359943151474,0.2820796072483063,0.25028836727142334,0.017094647511839867,0.32653599977493286,0.41084206104278564,0.0016251991037279367,0.260268896818161,0.3706077039241791,-0.010845480486750603,0.22500361502170563,0.39993661642074585,-0.018444441258907318,0.2129170298576355,0.4262738525867462,-0.02328425459563732,0.3259851634502411,0.4270161986351013,-0.024839945137500763,0.2625873386859894,0.37698689103126526,-0.03809048980474472,0.22665663063526154,0.40488454699516296,-0.03940467908978462,0.21407654881477356,0.4371078908443451,-0.039179183542728424,0.3143901824951172,0.44887956976890564,-0.0496329739689827,0.2652646005153656,0.3971112072467804,-0.06056595966219902,0.23520112037658691,0.4017542004585266,-0.06101303547620773,0.2210385948419571,0.4200532138347626,-0.060225557535886765
0.37743887305259705,0.6331528425216675,-4.1177379728196684e-08,0.32515862584114075,0.604333221912384,0.012002832256257534,0.29380619525909424,0.5741594433784485,0.007871085777878761,0.2648012936115265,0.5571999549865723,-0.0033427102025598288,0.2418496310710907,0.5377586483955383,-0.015763752162456512,0.3361072540283203,0.48549142479896545,0.013759144581854343,0.32070988416671753,0.42289403080940247,0.00867721252143383,0.30961161851882935,0.3891037106513977,0.0037794827949255705,0.29955965280532837,0.360454797744751,-0.0010590224992483854,0.3416717052459717,0.48816978931427,-0.0025627603754401207,0.2884746789932251,0.44929933547973633,-0.014763623476028442,0.26031288504600525,0.47448816895484924,-0.021296700462698936,0.2515075206756592,0.5001281499862671,-0.024611184373497963,0.33837252855300903,0.5020751953125,-0.01915307156741619,0.28894299268722534,0.4527856111526489,-0.029630621895194054,0.2599503695964813,0.4745523929595947,-0.029048578813672066,0.24988126754760742,0.5014528632164001,-0.0272411797195673,0.32704952359199524,0.5220832824707031,-0.03519940748810768,0.2901293635368347,0.4732900559902191,-0.042245786637067795,0.26877686381340027,0.4718587398529053,-0.04047117754817009,0.2599952220916748,0.4837384819984436,-0.037940941751003265
0.37909919023513794,0.6444159746170044,1.4430990802338783e-07,0.3308877944946289,0.6239100098609924,0.018339117988944054,0.3018457889556885,0.5965234041213989,0.01988922618329525,0.27587276697158813,0.5813315510749817,0.013178350403904915,0.25380104780197144,0.5615336298942566,0.005915616173297167,0.34187743067741394,0.5208772420883179,0.02496463619172573,0.32593783736228943,0.46731412410736084,0.02546216920018196,0.3164989650249481,0.4376005530357361,0.025034043937921524,0.3080098330974579,0.4097699522972107,0.023285599425435066,0.34789222478866577,0.5165829658508301,0.0069289603270590305,0.31808122992515564,0.46663036942481995,0.0053601134568452835,0.29663601517677307,0.4559561610221863,0.003280676668509841,0.2871498763561249,0.449262797832489,0.0002855931525118649,0.3454219400882721,0.5251913666725159,-0.011624732986092567,0.30114397406578064,0.47813260555267334,-0.019682221114635468,0.27021166682243347,0.5021817088127136,-0.02060071937739849,0.2582608461380005,0.5304949879646301,-0.020016107708215714,0.33303388953208923,0.5409543514251709,-0.028857840225100517,0.29487931728363037,0.4964768886566162,-0.03588136285543442,0.2738068401813507,0.5066224336624146,-0.03469780460000038,0.26626330614089966,0.5285840630531311,-0.03322762995958328
0.38954442739486694,0.6509323120117188,1.5595355762343388e-07,0.34471356868743896,0.6378397941589355,0.023881884291768074,0.3164377808570862,0.6111863255500793,0.02828904427587986,0.29020455479621887,0.5941862463951111,0.022611360996961594,0.2657201588153839,0.576214611530304,0.015804627910256386,0.3496992290019989,0.5341355204582214,0.041930168867111206,0.33371397852897644,0.4850672483444214,0.048581451177597046,0.3225477337837219,0.45582315325737,0.05076217278838158,0.3119233548641205,0.4312366247177124,0.050014790147542953,0.3546275198459625,0.529420018196106,0.02125808224081993,0.3264220356941223,0.48510295152664185,0.0263306125998497,0.30378907918930054,0.4756162762641907,0.025875559076666832,0.2919590175151825,0.4696704149246216,0.02320915460586548,0.3518214821815491,0.5369261503219604,-0.000361597107257694,0.31338030099868774,0.49859392642974854,-0.00166955660097301,0.2845408618450165,0.5191552042961121,-0.0021535358391702175,0.27193400263786316,0.5431040525436401,-0.0030418834649026394,0.33980241417884827,0.5513208508491516,-0.020824598148465157,0.3082868456840515,0.5135874152183533,-0.022139087319374084,0.28726014494895935,0.5192105770111084,-0.02056693844497204,0.2768942713737488,0.5351809859275818,-0.020400069653987885
0.3936883807182312,0.6492262482643127,-3.288293015657473e-08,0.35198816657066345,0.6377321481704712,0.008650494739413261,0.32423135638237,0.6094093918800354,0.007166677620261908,0.2988475263118744,0.594572901725769,-7.391020335489884e-05,0.2754085958003998,0.5780624747276306,-0.007678926456719637,0.35757213830947876,0.5330565571784973,0.016618115827441216,0.3421527147293091,0.48166245222091675,0.015166564844548702,0.32980650663375854,0.45387041568756104,0.013484897091984749,0.3181101679801941,0.43186190724372864,0.011030218563973904,0.36360976099967957,0.5310102105140686,0.0041090999729931355,0.3211904764175415,0.5032010674476624,-0.002570153446868062,0.2959434390068054,0.5246213674545288,-0.006530935876071453,0.2871319353580475,0.5453703999519348,-0.00839866790920496,0.36099880933761597,0.5390976071357727,-0.00911939051002264,0.31963372230529785,0.507064700126648,-0.016665082424879074,0.2938726842403412,0.5283163189888,-0.017225293442606926,0.2843592166900635,0.5515600442886353,-0.016211796551942825,0.35031166672706604,0.5528146624565125,-0.022097574546933174,0.31900668144226074,0.5181388258934021,-0.02744889259338379,0.2979893982410431,0.5198960304260254,-0.0268295519053936,0.2878403067588806,0.5325748324394226,-0.025299422442913055
0.4100310802459717,0.6535912156105042,1.1014835266109912e-08,0.3672877252101898,0.6364120244979858,0.0067633697763085365,0.3407108187675476,0.6088240146636963,0.003255396382883191,0.31727877259254456,0.5934741497039795,-0.005851322319358587,0.29572054743766785,0.5767186284065247,-0.015373339876532555,0.37503111362457275,0.5354866981506348,0.012335380539298058,0.3646289110183716,0.4840748906135559,0.007012153510004282,0.3570718467235565,0.4539763927459717,0.002096573356539011,0.3503141403198242,0.4286215901374817,-0.002265955088660121,0.3825642466545105,0.5348794460296631,-7.254423690028489e-05,0.34173324704170227,0.5022685527801514,-0.009994813241064548,0.31650057435035706,0.521209180355072,-0.015574843622744083,0.30846691131591797,0.5398669838905334,-0.018328972160816193,0.3817634880542755,0.5440385937690735,-0.01337441522628069,0.3427864611148834,0.5069149732589722,-0.02292599156498909,0.31614598631858826,0.5255008935928345,-0.023409493267536163,0.30674439668655396,0.547728419303894,-0.021966470405459404,0.37294504046440125,0.5592249035835266,-0.026656635105609894,0.34432220458984375,0.5206363797187805,-0.03291800245642662,0.3235350549221039,0.5196197032928467,-0.032201532274484634,0.3135426342487335,0.5308205485343933,-0.030433736741542816
0.42214435338974,0.6472992300987244,1.9641548831828004e-08,0.38207074999809265,0.6281132102012634,0.010700110346078873,0.35792937874794006,0.5994403958320618,0.009914198890328407,0.33663326501846313,0.5845235586166382,0.002326288027688861,0.3155069351196289,0.5689169764518738,-0.0056885345838963985,0.3886052966117859,0.5276721715927124,0.021804286167025566,0.3837699294090271,0.4789167046546936,0.01944420300424099,0.37751325964927673,0.44867074489593506,0.01658584363758564,0.3725772202014923,0.42522382736206055,0.013898268342018127,0.3940761983394623,0.5260816216468811,0.007899153977632523,0.3594287037849426,0.49200862646102905,0.0015457732370123267,0.3334614634513855,0.5085111260414124,-0.0016122653614729643,0.32375863194465637,0.5275623202323914,-0.0023087961599230766,0.39275166392326355,0.5320971608161926,-0.00724354712292552,0.3594053089618683,0.49659234285354614,-0.013886178843677044,0.3321394920349121,0.5136308073997498,-0.013466146774590015,0.32156190276145935,0.5360386967658997,-0.01138214860111475,0.3843841850757599,0.5430132150650024,-0.02235601469874382,0.36002811789512634,0.5077319741249084,-0.02615777961909771,0.3392845690250397,0.5078731179237366,-0.024592554196715355,0.32841694355010986,0.5196813344955444,-0.022297369316220284
0.45303794741630554,0.635956883430481,2.4996774428132085e-08,0.41420063376426697,0.6092885732650757,0.008524811826646328,0.3890250623226166,0.5774251222610474,0.006870684213936329,0.3667892515659332,0.5625299215316772,-0.0011006267741322517,0.3478187322616577,0.544217586517334,-0.00925439316779375,0.4224644899368286,0.5162307024002075,0.01703433319926262,0.4178209900856018,0.4616791605949402,0.011398479342460632,0.4132547080516815,0.42929381132125854,0.006716051138937473,0.40985167026519775,0.4026767313480377,0.0030814174097031355,0.4288215637207031,0.5158939361572266,0.0037109889090061188,0.3973532021045685,0.47478240728378296,-0.00818685907870531,0.3706674575805664,0.49175167083740234,-0.013893690891563892,0.36044469475746155,0.5134502053260803,-0.015135573223233223,0.4291625916957855,0.521618664264679,-0.010853973217308521,0.3988736569881439,0.47621625661849976,-0.021685153245925903,0.3707345426082611,0.4930184483528137,-0.022583041340112686,0.3598531186580658,0.5174558758735657,-0.020146258175373077,0.42335259914398193,0.5310866832733154,-0.025337817147374153,0.40121227502822876,0.48783522844314575,-0.03154728189110756,0.37977108359336853,0.4868744909763336,-0.0308623556047678,0.3686360716819763,0.5000200271606445,-0.02861715294420719
0.48962080478668213,0.6229467988014221,2.2540858068964553e-08,0.4542475938796997,0.5951096415519714,0.0057720099575817585,0.42864954471588135,0.5629652142524719,0.004160221666097641,0.40830180048942566,0.5444148778915405,-0.0029915475752204657,0.39266958832740784,0.5224113464355469,-0.00974954478442669,0.46050265431404114,0.5033140778541565,0.017657846212387085,0.4586041569709778,0.45301616191864014,0.012963884510099888,0.45417410135269165,0.4247756004333496,0.00842670351266861,0.4505566656589508,0.40163755416870117,0.00487902807071805,0.46521803736686707,0.5042458772659302,0.006403428502380848,0.442675918340683,0.4641215205192566,-0.004875694867223501,0.4192417860031128,0.4772181808948517,-0.010853991843760014,0.4088572561740875,0.4967450797557831,-0.011986788362264633,0.46647751331329346,0.5095000863075256,-0.006374758202582598,0.44493091106414795,0.4681288003921509,-0.0159270279109478,0.4193016290664673,0.48037001490592957,-0.017252113670110703,0.40774643421173096,0.5009968280792236,-0.015128063969314098,0.46448957920074463,0.5188586115837097,-0.01943935640156269,0.44936326146125793,0.47995805740356445,-0.02448192611336708,0.4292140007019043,0.4729125499725342,-0.0244835764169693,0.4167846739292145,0.4780625104904175,-0.022824468091130257
0.5400254726409912,0.625324010848999,-7.005307622875989e-08,0.5013447999954224,0.6021761894226074,0.0036935696844011545,0.4747714698314667,0.5766207575798035,-0.0024091871455311775,0.4528474807739258,0.5624405145645142,-0.013276919722557068,0.43557608127593994,0.5422440767288208,-0.02427872270345688,0.5042585730552673,0.5059014558792114,0.004288968164473772,0.48525339365005493,0.45484864711761475,-0.004361139610409737,0.47563090920448303,0.4270596206188202,-0.01069205068051815,0.4679027199745178,0.40257731080055237,-0.015478676185011864,0.5139391422271729,0.5071499347686768,-0.006710744928568602,0.46919673681259155,0.4748711884021759,-0.022146236151456833,0.4488719403743744,0.49985387921333313,-0.028468791395425797,0.445356160402298,0.5259356498718262,-0.029951130971312523,0.5172253251075745,0.5169509649276733,-0.0184406079351902,0.47557586431503296,0.4848597049713135,-0.03136623650789261,0.4538370370864868,0.5063841342926025,-0.030749863013625145,0.44932177662849426,0.5308917164802551,-0.02725166827440262,0.5154144167900085,0.5310905575752258,-0.030310003086924553,0.48870372772216797,0.49707087874412537,-0.03825030103325844,0.4684145748615265,0.4975653886795044,-0.03712422028183937,0.4579662084579468,0.5097151398658752,-0.03421486169099808
0.563744843006134,0.6309551000595093,-8.351546654239428e-08,0.5262699127197266,0.6052629947662354,0.001578622031956911,0.5007182955741882,0.5778574347496033,-0.004043783526867628,0.4805482029914856,0.5621947646141052,-0.013833521865308285,0.46346497535705566,0.5432258248329163,-0.023463234305381775,0.5280014276504517,0.5101485252380371,0.0025465351063758135,0.5113421678543091,0.4590550363063812,-0.0078099993988871574,0.5014236569404602,0.43166792392730713,-0.014381222426891327,0.4945054054260254,0.4069056212902069,-0.018730534240603447,0.5382555723190308,0.5106913447380066,-0.006941286381334066,0.4957270622253418,0.4790448844432831,-0.024136478081345558,0.47574979066848755,0.5069223642349243,-0.02977932244539261,0.47299158573150635,0.5343510508537292,-0.029720565304160118,0.5425190925598145,0.5199609398841858,-0.017524221912026405,0.5018382668495178,0.4912611246109009,-0.03294706717133522,0.48119932413101196,0.5151727199554443,-0.03248560056090355,0.47841668128967285,0.5401987433433533,-0.02774195186793804,0.5415412783622742,0.5337987542152405,-0.028280487284064293,0.5128692388534546,0.504551112651825,-0.037615012377500534,0.49282434582710266,0.5094794034957886,-0.03660224378108978,0.484345942735672,0.5242264270782471,-0.03293664753437042
0.6042114496231079,0.6394226551055908,-8.048535704574533e-08,0.5698147416114807,0.6090015172958374,-1.327399422734743e-05,0.5452826619148254,0.5800687670707703,-0.0067681982181966305,0.5263272523880005,0.5621248483657837,-0.01719740591943264,0.5127280950546265,0.540026068687439,-0.02728651463985443,0.5777857303619385,0.5111748576164246,-0.0004188455350231379,0.5643466711044312,0.45889371633529663,-0.011658625677227974,0.5563022494316101,0.4294332265853882,-0.019216736778616905,0.5507953763008118,0.4035796821117401,-0.024301620200276375,0.58754563331604,0.5127854347229004,-0.00919690728187561,0.5479021072387695,0.47749221324920654,-0.02613385207951069,0.5267128348350525,0.5022010803222656,-0.03116346336901188,0.5227949619293213,0.5277449488639832,-0.03103100322186947,0.5912147760391235,0.5225648880004883,-0.019123317673802376,0.5544658303260803,0.4897554814815521,-0.03343350440263748,0.5334638953208923,0.5102936625480652,-0.0315207801759243,0.530029833316803,0.5341060161590576,-0.026331674307584763,0.5899750590324402,0.5371389389038086,-0.02956913411617279,0.5637596249580383,0.5071134567260742,-0.03799070417881012,0.5442748069763184,0.5121719241142273,-0.03588217496871948,0.5361186861991882,0.528186559677124,-0.03156869485974312
0.6172138452529907,0.6349937319755554,-5.97172657990086e-08,0.5821966528892517,0.6043029427528381,-0.00020943892013747245,0.5590437054634094,0.5737097859382629,-0.006795960944145918,0.539469301700592,0.556100070476532,-0.01752297580242157,0.5298532247543335,0.5320133566856384,-0.02783927135169506,0.5941206216812134,0.5046002864837646,0.0035794591531157494,0.58310866355896,0.452250599861145,-0.006285663694143295,0.5762926340103149,0.42296871542930603,-0.013453062623739243,0.571410059928894,0.3968767523765564,-0.018789807334542274,0.6034035682678223,0.5071624517440796,-0.005545377731323242,0.5644258856773376,0.46887096762657166,-0.022609015926718712,0.544248640537262,0.494451642036438,-0.028750184923410416,0.541254997253418,0.5196446180343628,-0.029109057039022446,0.6067222356796265,0.5173565149307251,-0.015930337831377983,0.5691622495651245,0.4804961085319519,-0.031015165150165558,0.5495436191558838,0.5033237934112549,-0.02961466647684574,0.547747015953064,0.5279954671859741,-0.024429917335510254,0.6043243408203125,0.5323894619941711,-0.02683878131210804,0.5767037272453308,0.49837738275527954,-0.03630170598626137,0.5573957562446594,0.5061395168304443,-0.034390904009342194,0.5506601929664612,0.5250880718231201,-0.029991403222084045
0.6262437105178833,0.618869960308075,-7.695256698525554e-08,0.5885523557662964,0.5838682055473328,0.004126477520912886,0.5637136697769165,0.5512644052505493,0.00017436506459489465,0.5444084405899048,0.5317891240119934,-0.009437148459255695,0.5351842045783997,0.5098910331726074,-0.019280750304460526,0.5987478494644165,0.48686927556991577,0.011244376190006733,0.5910841822624207,0.4342629015445709,0.0019158803625032306,0.5839651226997375,0.4044201374053955,-0.005569481290876865,0.5782573223114014,0.3786422610282898,-0.011009727604687214,0.6083494424819946,0.4885614514350891,-0.0005093140061944723,0.5727608799934387,0.4539540112018585,-0.019231580197811127,0.5487089157104492,0.4789585769176483,-0.028649067506194115,0.5406213998794556,0.5062093138694763,-0.030563848093152046,0.6124926805496216,0.4977205693721771,-0.013449978083372116,0.5784540772438049,0.46485570073127747,-0.029958201572299004,0.5544426441192627,0.4877970814704895,-0.03224041312932968,0.5467085242271423,0.5141170024871826,-0.028699617832899094,0.6122963428497314,0.5112854242324829,-0.026434900239109993,0.5882827639579773,0.4773314893245697,-0.03569590672850609,0.5670294165611267,0.4798213243484497,-0.03519154712557793,0.5556681752204895,0.494080513715744,-0.03167872503399849
0.6516079306602478,0.5849182605743408,-7.813981994786445e-08,0.6136334538459778,0.5492104887962341,0.000930215057451278,0.5884473323822021,0.5155029296875,-0.004570056218653917,0.5685579180717468,0.493513286113739,-0.01524953544139862,0.5593721270561218,0.4669206440448761,-0.02575835958123207,0.6267470121383667,0.4478120505809784,0.008890588767826557,0.6195152401924133,0.39237043261528015,-0.0009958251612260938,0.6123743057250977,0.36120033264160156,-0.007562102749943733,0.6070920825004578,0.33454906940460205,-0.012166731059551239,0.6373273134231567,0.44878771901130676,-0.0015095522394403815,0.5975207686424255,0.4096662998199463,-0.02113756537437439,0.5738369226455688,0.44021791219711304,-0.028662653639912605,0.5686765909194946,0.4696778655052185,-0.028567703440785408,0.6412143707275391,0.45705047249794006,-0.013575943186879158,0.6028580665588379,0.421805739402771,-0.03222887963056564,0.5803552269935608,0.4484458565711975,-0.033225804567337036,0.5758848190307617,0.47737935185432434,-0.02792544849216938,0.6396142840385437,0.4699101746082306,-0.02589302882552147,0.6129834055900574,0.4343356490135193,-0.0370936281979084,0.5925673842430115,0.4400990903377533,-0.03640854358673096,0.5832935571670532,0.45850351452827454,-0.03214101865887642
0.6558138728141785,0.5777739882469177,-8.374854587600566e-08,0.6180347204208374,0.542163610458374,0.0011645054910331964,0.5933793783187866,0.510015606880188,-0.005405024159699678,0.5726275444030762,0.49014022946357727,-0.017168845981359482,0.5622575283050537,0.4627414047718048,-0.028734879568219185,0.6322473883628845,0.43663710355758667,0.007304830010980368,0.6228393912315369,0.38050323724746704,-0.002299058251082897,0.6148607134819031,0.34950265288352966,-0.00917245727032423,0.6081056594848633,0.32249629497528076,-0.014427878893911839,0.642947256565094,0.4384138286113739,-0.0032550205942243338,0.5999301671981812,0.4006635248661041,-0.02108689583837986,0.5763251185417175,0.42882898449897766,-0.02801189012825489,0.5718027353286743,0.4555955231189728,-0.028849050402641296,0.6462785005569458,0.44786137342453003,-0.015251325443387032,0.6049960255622864,0.408703476190567,-0.031511981040239334,0.5814881324768066,0.433519184589386,-0.030877895653247833,0.5769889950752258,0.46157291531562805,-0.02605561539530754,0.6431857943534851,0.4625210464000702,-0.02769576944410801,0.6149103045463562,0.4246821999549866,-0.03824181854724884,0.593316912651062,0.43214917182922363,-0.03691648319363594,0.5834711790084839,0.4529911279678345,-0.03277403861284256
0.6360371708869934,0.5604791045188904,-9.270833345453866e-08,0.5908003449440002,0.5284785628318787,0.003919871523976326,0.5626576542854309,0.4950140118598938,-0.0023160073906183243,0.5406504273414612,0.47809329628944397,-0.013792745769023895,0.5244956612586975,0.4551457464694977,-0.02553536929190159,0.6013821959495544,0.41641712188720703,0.0033867363817989826,0.5830874443054199,0.36033934354782104,-0.00711163692176342,0.5726280212402344,0.32996025681495667,-0.014656662940979004,0.5636680126190186,0.30290117859840393,-0.020199691876769066,0.6119025349617004,0.4193342626094818,-0.008830437436699867,0.5610538721084595,0.38534682989120483,-0.02726101689040661,0.539219856262207,0.416377454996109,-0.033989161252975464,0.5362696051597595,0.44328320026397705,-0.03517046198248863,0.6146385669708252,0.43151214718818665,-0.021850883960723877,0.565082311630249,0.39223891496658325,-0.03868868947029114,0.5435846447944641,0.42039012908935547,-0.03727918863296509,0.5416619777679443,0.44787532091140747,-0.03224537894129753,0.610466718673706,0.44926950335502625,-0.03484950587153435,0.5739792585372925,0.40896880626678467,-0.045715656131505966,0.5523501038551331,0.4187319874763489,-0.04325971379876137,0.5448645949363708,0.4400516152381897,-0.038445912301540375
0.600792646408081,0.5075142979621887,-3.115183133672872e-08,0.5508521199226379,0.47606924176216125,0.011633330956101418,0.520533561706543,0.4436250329017639,0.006879912223666906,0.49604955315589905,0.430116206407547,-0.004368026740849018,0.47400525212287903,0.40908312797546387,-0.016598699614405632,0.5563361048698425,0.3594873547554016,0.006922168657183647,0.5348365902900696,0.3003462553024292,-0.0017160896677523851,0.523533821105957,0.26794904470443726,-0.0075382329523563385,0.5132427215576172,0.2386399805545807,-0.01243242621421814,0.5658667683601379,0.3637002408504486,-0.009768997319042683,0.5098294019699097,0.3300209641456604,-0.026756273582577705,0.4892371892929077,0.36382147669792175,-0.03281097114086151,0.4874945282936096,0.39298760890960693,-0.03431622311472893,0.5677648186683655,0.37995851039886475,-0.026448912918567657,0.5135182738304138,0.34029388427734375,-0.04069733992218971,0.4917042553424835,0.3678859770298004,-0.038091786205768585,0.4885118007659912,0.3943285346031189,-0.0336613655090332,0.5623216032981873,0.40293067693710327,-0.04255480319261551,0.5320672988891602,0.3559466004371643,-0.051940321922302246,0.5153102278709412,0.34610122442245483,-0.05073460191488266,0.5098117589950562,0.3470194339752197,-0.048232369124889374
0.5838463306427002,0.47669726610183716,-1.4899507050358807e-07,0.5296008586883545,0.4452861249446869,0.019504103809595108,0.49540483951568604,0.4111388027667999,0.017601849511265755,0.4675562381744385,0.3980349004268646,0.006621391512453556,0.44610464572906494,0.37643977999687195,-0.0063382782973349094,0.5355679392814636,0.31824037432670593,0.01428280770778656,0.5080395340919495,0.2535778284072876,0.007247888948768377,0.4931374192237854,0.220103919506073,0.002604314824566245,0.47844192385673523,0.190161794424057,-0.001800180529244244,0.5456398725509644,0.3210761845111847,-0.007501786109060049,0.4801647365093231,0.2884748578071594,-0.02379560098052025,0.45771753787994385,0.3274168074131012,-0.02945745550096035,0.45644399523735046,0.35998058319091797,-0.03083871863782406,0.5461504459381104,0.33719754219055176,-0.02880208194255829,0.48252928256988525,0.2953502833843231,-0.04401295632123947,0.46072837710380554,0.33147111535072327,-0.04094114899635315,0.4600258469581604,0.3638728857040405,-0.03582655265927315,0.5388025045394897,0.3595151901245117,-0.048710279166698456,0.49559804797172546,0.31002703309059143,-0.05901347100734711,0.4760183095932007,0.31659847497940063,-0.05565935745835304,0.471469908952713,0.3351246118545532,-0.051031287759542465
0.5407643914222717,0.4238973557949066,-1.1010566680624834e-07,0.48270082473754883,0.38998302817344666,0.015639672055840492,0.44416719675064087,0.3499835133552551,0.010115283541381359,0.4112766683101654,0.33275091648101807,-0.003301014192402363,0.38399457931518555,0.3078407943248749,-0.018793534487485886,0.4963892698287964,0.24733811616897583,0.0035012466832995415,0.46456193923950195,0.1710827648639679,-0.006057362537831068,0.44891273975372314,0.13324639201164246,-0.012384345754981041,0.43356379866600037,0.09914886951446533,-0.01796199195086956,0.5060852766036987,0.2525380849838257,-0.017015887424349785,0.4341526925563812,0.20966699719429016,-0.035798728466033936,0.402776837348938,0.24904879927635193,-0.042890943586826324,0.3962991237640381,0.28281453251838684,-0.045529235154390335,0.5049071907997131,0.27168095111846924,-0.036605410277843475,0.43565186858177185,0.21446770429611206,-0.05237945541739464,0.4037342071533203,0.24991504848003387,-0.04964851215481758,0.39697107672691345,0.2843424677848816,-0.04506785050034523,0.4956345558166504,0.29783961176872253,-0.05492246150970459,0.44940364360809326,0.23477695882320404,-0.06590445339679718,0.42723530530929565,0.23508253693580627,-0.06282762438058853,0.42230796813964844,0.25148892402648926,-0.058145202696323395
0.42898479104042053,0.36257490515708923,-1.30103884998789e-07,0.3665519058704376,0.34080758690834045,0.01132567971944809,0.3281494677066803,0.3001824915409088,0.00688847666606307,0.2931901514530182,0.283195823431015,-0.004486530553549528,0.2605651915073395,0.26487892866134644,-0.016925068572163582,0.37381044030189514,0.18007244169712067,0.007167086936533451,0.3382573127746582,0.09910781681537628,-0.0016352598322555423,0.3145189881324768,0.058724045753479004,-0.007130867335945368,0.2938109040260315,0.025718912482261658,-0.011822936125099659,0.37882310152053833,0.1793706715106964,-0.009489627555012703,0.3014301657676697,0.13894593715667725,-0.026594948023557663,0.27047446370124817,0.18164144456386566,-0.03402518481016159,0.2650315463542938,0.21714958548545837,-0.03693022578954697,0.37193793058395386,0.1928565949201584,-0.026064233854413033,0.295732706785202,0.14376775920391083,-0.04317515715956688,0.26450854539871216,0.19151201844215393,-0.04457373544573784,0.26043885946273804,0.23506851494312286,-0.042341362684965134,0.3532503545284271,0.21479466557502747,-0.041573479771614075,0.29190880060195923,0.17006531357765198,-0.05312861129641533,0.2644570469856262,0.19160491228103638,-0.05194137617945671,0.2581186294555664,0.22425617277622223,-0.04856117442250252
0.3857995867729187,0.3582710027694702,-1.5611084336342174e-07,0.32329684495925903,0.3378303050994873,0.01638149656355381,0.28186097741127014,0.30048805475234985,0.014309925027191639,0.2454664707183838,0.2844837009906769,0.0031208693981170654,0.21267014741897583,0.2673984169960022,-0.009020108729600906,0.31116408109664917,0.17459499835968018,0.016357241198420525,0.2730126678943634,0.09215652942657471,0.007400570437312126,0.24836750328540802,0.05220833420753479,0.001648867386393249,0.2245451956987381,0.017543494701385498,-0.0038033665623515844,0.3148047924041748,0.17414182424545288,-0.004456206690520048,0.23581761121749878,0.15553554892539978,-0.022597244009375572,0.21096739172935486,0.20682287216186523,-0.029657354578375816,0.2103409469127655,0.2405594140291214,-0.032518185675144196,0.3081687092781067,0.19317160546779633,-0.02551816962659359,0.22735507786273956,0.16115427017211914,-0.04472573846578598,0.204696923494339,0.217843696475029,-0.04360247030854225,0.20744317770004272,0.26055946946144104,-0.03935891017317772,0.2910412847995758,0.22248505055904388,-0.045540791004896164,0.22907662391662598,0.18359877169132233,-0.059845514595508575,0.20385931432247162,0.20627093315124512,-0.05817696079611778,0.20006316900253296,0.23295137286186218,-0.054067254066467285
0.3427359461784363,0.38962504267692566,-2.030175636491549e-07,0.2703302502632141,0.3663865029811859,0.02190006896853447,0.2198166698217392,0.3350321054458618,0.02099657990038395,0.1806347519159317,0.3164593577384949,0.01045725867152214,0.1529834270477295,0.2960924506187439,-0.0015557477017864585,0.260358601808548,0.20477212965488434,0.01503861602395773,0.21948672831058502,0.11975058913230896,0.0044143181294202805,0.19217297434806824,0.07662628591060638,-0.0031879807356745005,0.16709986329078674,0.03946992754936218,-0.010368818417191505,0.26612064242362976,0.20578217506408691,-0.008214648813009262,0.17803283035755157,0.19014215469360352,-0.02657981589436531,0.15897883474826813,0.24612627923488617,-0.031458187848329544,0.16818645596504211,0.27842602133750916,-0.033428896218538284,0.25933152437210083,0.22699826955795288,-0.03118242509663105,0.1706811785697937,0.2008884847164154,-0.049591708928346634,0.1527804136276245,0.2578394412994385,-0.04475477337837219,0.16302645206451416,0.2958652377128601,-0.038669947534799576,0.244131937623024,0.25831636786460876,-0.05266900360584259,0.17076313495635986,0.2193876951932907,-0.06641563028097153,0.15206795930862427,0.24976156651973724,-0.06151990592479706,0.159124493598938,0.27959689497947693,-0.05525301769375801
0.3541375696659088,0.428909569978714,-2.851137708148599e-07,0.3081836700439453,0.39335471391677856,0.03656713292002678,0.2706212103366852,0.3677250146865845,0.0434684082865715,0.23844625055789948,0.3593654930591583,0.04023041948676109,0.21165505051612854,0.34911394119262695,0.034193411469459534,0.28467097878456116,0.27277374267578125,0.01417433563619852,0.23903648555278778,0.1907833218574524,0.005868339911103249,0.21257424354553223,0.14925387501716614,0.0002216735010733828,0.1897825300693512,0.11319556832313538,-0.0048744650557637215,0.28748080134391785,0.2763510048389435,-0.011433757841587067,0.20647332072257996,0.2600790858268738,-0.02173597179353237,0.1868036985397339,0.3106086552143097,-0.021453572437167168,0.19477427005767822,0.3422706425189972,-0.022205660119652748,0.2778795659542084,0.2985115945339203,-0.034420035779476166,0.19598478078842163,0.2662241756916046,-0.04431473836302757,0.1784525215625763,0.318678081035614,-0.037732530385255814,0.1878611296415329,0.35730910301208496,-0.03333123028278351,0.25893673300743103,0.3283662796020508,-0.054140251129865646,0.19309638440608978,0.284961462020874,-0.06470372527837753,0.1743619292974472,0.307282954454422,-0.06051649525761604,0.17796871066093445,0.33258721232414246,-0.056201085448265076
0.3526571989059448,0.43949538469314575,-1.5122220986540924e-07,0.3194354772567749,0.40480804443359375,0.023403560742735863,0.2863871455192566,0.382648766040802,0.026728104799985886,0.255876749753952,0.3781285583972931,0.02233254164457321,0.23066788911819458,0.3726426959037781,0.015914103016257286,0.2939663827419281,0.30100345611572266,0.013052355498075485,0.2575346529483795,0.23853996396064758,0.008162232115864754,0.23625370860099792,0.20503363013267517,0.004949439316987991,0.21825839579105377,0.17509840428829193,0.0014121069107204676,0.29214924573898315,0.30611392855644226,-0.005399037152528763,0.22764861583709717,0.2979477345943451,-0.013603790663182735,0.21079984307289124,0.33835369348526,-0.014737527817487717,0.21605928242206573,0.36310848593711853,-0.01615006849169731,0.28134453296661377,0.32570505142211914,-0.02241862565279007,0.21529915928840637,0.3061833679676056,-0.031511757522821426,0.20092462003231049,0.34914353489875793,-0.027555285021662712,0.20867478847503662,0.3828124701976776,-0.024312186986207962,0.2639101445674896,0.35286226868629456,-0.03738384321331978,0.2106720358133316,0.31947726011276245,-0.04548415169119835,0.19561278820037842,0.33777013421058655,-0.04155458137392998,0.198833629488945,0.36026352643966675,-0.037479422986507416
0.35418570041656494,0.459908127784729,6.697168686287114e-08,0.3210809826850891,0.42901337146759033,0.018348991870880127,0.287536084651947,0.40968382358551025,0.021319804713129997,0.2575699985027313,0.41067925095558167,0.017214786261320114,0.2321043610572815,0.40942835807800293,0.011896847747266293,0.2950350046157837,0.3321693539619446,0.012824567966163158,0.26086464524269104,0.27513569593429565,0.007706499192863703,0.23934876918792725,0.2421465367078781,0.005126740783452988,0.22039660811424255,0.21524016559123993,0.003108847187831998,0.2883499562740326,0.33360424637794495,-0.0024696714244782925,0.2384473979473114,0.3064437508583069,-0.006928835995495319,0.22018305957317352,0.3166385591030121,-0.006869693752378225,0.21651092171669006,0.31962311267852783,-0.008087358437478542,0.2766643762588501,0.3496344983577728,-0.017413698136806488,0.21584604680538177,0.33327579498291016,-0.02767639048397541,0.20524489879608154,0.37732255458831787,-0.026121102273464203,0.2141028344631195,0.410129189491272,-0.02307414822280407,0.2604582905769348,0.37665456533432007,-0.030519265681505203,0.20991064608097076,0.3471655249595642,-0.03869529440999031,0.19681331515312195,0.3710184097290039,-0.03521512448787689,0.2005315124988556,0.39795374870300293,-0.031171809881925583
0.3386203348636627,0.499374121427536,-4.8202632996208195e-08,0.3088357448577881,0.476421058177948,0.005679028108716011,0.27586638927459717,0.4587593376636505,0.0025975434109568596,0.2445933222770691,0.4588579535484314,-0.004022379405796528,0.21881064772605896,0.4584396481513977,-0.010875730775296688,0.2846142649650574,0.37224292755126953,-0.001632215455174446,0.25513607263565063,0.3158971071243286,-0.009527107700705528,0.23495741188526154,0.28485628962516785,-0.013819107785820961,0.2177399843931198,0.26148414611816406,-0.017279965803027153,0.2785255014896393,0.37756145000457764,-0.010656352154910564,0.2240099012851715,0.369690477848053,-0.02260386385023594,0.21226686239242554,0.4070858359336853,-0.02477923035621643,0.21753108501434326,0.43166184425354004,-0.025037357583642006,0.2671477794647217,0.3973284959793091,-0.019412899389863014,0.21230918169021606,0.38329076766967773,-0.031750213354825974,0.2034013569355011,0.4216133952140808,-0.029676545411348343,0.2107160985469818,0.4501076340675354,-0.02595488727092743,0.25271371006965637,0.4245815575122833,-0.027495719492435455,0.20912432670593262,0.40060916543006897,-0.0371343269944191,0.19006943702697754,0.4153393507003784,-0.03568476811051369,0.1847807765007019,0.43231144547462463,-0.03239765018224716
0.3169209361076355,0.5937044620513916,1.1836522872954447e-08,0.2751317024230957,0.5716677904129028,0.005307669285684824,0.23427587747573853,0.549052357673645,0.003053987165912986,0.19737058877944946,0.5506346225738525,-0.004115614108741283,0.1648581624031067,0.5536757707595825,-0.012035965919494629,0.2574763298034668,0.4574892520904541,0.005420963279902935,0.2298050969839096,0.3939947187900543,-0.0025871535763144493,0.20794105529785156,0.3594091832637787,-0.00654878094792366,0.18801067769527435,0.334274560213089,-0.009702317416667938,0.25369855761528015,0.45856204628944397,-0.0055585457012057304,0.1967831403017044,0.4369606077671051,-0.019865738227963448,0.17665719985961914,0.47242942452430725,-0.025501539930701256,0.1737471967935562,0.49984270334243774,-0.02701588161289692,0.24376985430717468,0.4739132523536682,-0.01714273914694786,0.18273983895778656,0.45245233178138733,-0.032667625695466995,0.1660761833190918,0.4973635971546173,-0.03621077537536621,0.16734007000923157,0.5329564809799194,-0.03452572599053383,0.22960565984249115,0.4988584518432617,-0.028046999126672745,0.17932099103927612,0.4699946641921997,-0.03993912413716316,0.16046060621738434,0.48991039395332336,-0.041583169251680374,0.15777331590652466,0.5135912895202637,-0.03979026898741722
0.2973160445690155,0.6248548626899719,-9.318692661963723e-08,0.25021275877952576,0.6111663579940796,0.01173551194369793,0.21404710412025452,0.5890416502952576,0.010812532156705856,0.18233346939086914,0.5823196172714233,0.0032157518435269594,0.1547640860080719,0.5762050151824951,-0.0054560089483857155,0.24230998754501343,0.48160964250564575,0.009510444477200508,0.2122754454612732,0.4164937436580658,0.0018744708504527807,0.19196173548698425,0.37923741340637207,-0.00293970899656415,0.1735081523656845,0.3503413796424866,-0.007157585583627224,0.23973822593688965,0.48437705636024475,-0.00496627576649189,0.17757780849933624,0.4736892580986023,-0.01868406869471073,0.15732111036777496,0.514924943447113,-0.023861141875386238,0.15770003199577332,0.5439282655715942,-0.026121241971850395,0.22866347432136536,0.5017271637916565,-0.019563186913728714,0.16609051823616028,0.48078471422195435,-0.03606264665722847,0.14690838754177094,0.5279629230499268,-0.03751087561249733,0.1489216387271881,0.5646920204162598,-0.03530479222536087,0.21046032011508942,0.5267965793609619,-0.03297058120369911,0.1605672836303711,0.4949955344200134,-0.04618166387081146,0.13989374041557312,0.5187047123908997,-0.04598639905452728,0.1371428668498993,0.5466243028640747,-0.04312233254313469
0.30977821350097656,0.6676594614982605,-2.580172520083579e-07,0.25469326972961426,0.6474980115890503,0.03545409068465233,0.21715791523456573,0.6195645928382874,0.044798027724027634,0.18469750881195068,0.6131167411804199,0.04311596602201462,0.15531423687934875,0.6057863831520081,0.039265770465135574,0.23480238020420074,0.5166652798652649,0.029805609956383705,0.20654241740703583,0.4445434808731079,0.025538811460137367,0.1853073239326477,0.4136701226234436,0.023758523166179657,0.16621150076389313,0.38751858472824097,0.021876562386751175,0.23657894134521484,0.5178835391998291,0.004023173823952675,0.16890621185302734,0.4992682933807373,-0.004444216378033161,0.15250051021575928,0.5515472292900085,-0.0038183724973350763,0.15839232504367828,0.5825281143188477,-0.002019045874476433,0.22987067699432373,0.5395663976669312,-0.02057511731982231,0.15979641675949097,0.5161042213439941,-0.031086595728993416,0.14733457565307617,0.568822979927063,-0.026250537484884262,0.1547023206949234,0.6007523536682129,-0.02090776152908802,0.2151842713356018,0.5696293115615845,-0.042221736162900925,0.15657766163349152,0.5360148549079895,-0.05085534229874611,0.13992491364479065,0.5600242614746094,-0.04670136421918869,0.14206932485103607,0.5815278887748718,-0.04187219217419624
0.3165728747844696,0.6795493364334106,-2.557027585226024e-07,0.2568843364715576,0.6628294587135315,0.039839256554841995,0.21891477704048157,0.635880172252655,0.05225575342774391,0.18643629550933838,0.6262521743774414,0.05268269032239914,0.15713943541049957,0.6166394352912903,0.05064518004655838,0.24035793542861938,0.5265394449234009,0.038898319005966187,0.2096143364906311,0.45963555574417114,0.03778283670544624,0.18613024055957794,0.42578738927841187,0.035508476197719574,0.1654091775417328,0.3964533805847168,0.03203186020255089,0.24101456999778748,0.5265582203865051,0.011090422980487347,0.17108438909053802,0.5115939378738403,0.00506784999743104,0.15147504210472107,0.5602560043334961,0.002827315591275692,0.15693308413028717,0.592872679233551,0.0014883403200656176,0.23314450681209564,0.5458285808563232,-0.015288964845240116,0.16259920597076416,0.5264867544174194,-0.023888029158115387,0.1459382027387619,0.5782298445701599,-0.022306891158223152,0.15321031212806702,0.6123663187026978,-0.020176082849502563,0.2174365222454071,0.5727970600128174,-0.038493551313877106,0.15710747241973877,0.544023871421814,-0.04565918818116188,0.14052878320217133,0.5728563070297241,-0.042528294026851654,0.14582398533821106,0.5998120307922363,-0.03918704390525818
0.30705899000167847,0.7089157700538635,-6.07196071200633e-08,0.2431594282388687,0.6865874528884888,0.024821601808071136,0.20138591527938843,0.6573766469955444,0.02885488234460354,0.1701766550540924,0.654066801071167,0.02321416512131691,0.14105930924415588,0.6495357155799866,0.01595642976462841,0.2306550294160843,0.5553429126739502,0.024858202785253525,0.20360195636749268,0.4871302843093872,0.018125075846910477,0.18112018704414368,0.45139575004577637,0.01378547865897417,0.16064469516277313,0.42170608043670654,0.009927482344210148,0.23073522746562958,0.557828426361084,0.0027113009709864855,0.16255991160869598,0.536409854888916,-0.009919899515807629,0.13931182026863098,0.5841012597084045,-0.014119722880423069,0.1400154083967209,0.6169065237045288,-0.015077185817062855,0.22169765830039978,0.5775976181030273,-0.019220657646656036,0.1510777771472931,0.5493197441101074,-0.03355325385928154,0.13148155808448792,0.5999543070793152,-0.03292455896735191,0.13632884621620178,0.6377770304679871,-0.02895311638712883,0.20485010743141174,0.6073676347732544,-0.039260134100914,0.1460416615009308,0.5742009282112122,-0.049341242760419846,0.12602382898330688,0.6010622382164001,-0.04700535163283348,0.12826064229011536,0.6304223537445068,-0.04277481511235237
0.2608669102191925,0.7356429696083069,-3.1223672181113216e-07,0.22906631231307983,0.6767721772193909,0.05650428310036659,0.19829832017421722,0.6384272575378418,0.07779145985841751,0.16829617321491241,0.6228183507919312,0.08552083373069763,0.14077059924602509,0.6169434785842896,0.08959659188985825,0.18860779702663422,0.5776460766792297,0.044528622180223465,0.15259695053100586,0.5072131752967834,0.046346355229616165,0.1297903060913086,0.470925897359848,0.04706341773271561,0.10954447090625763,0.44107505679130554,0.04642222449183464,0.18320025503635406,0.5858766436576843,0.013820367865264416,0.1142880767583847,0.5699735283851624,0.01589929312467575,0.09686891734600067,0.6139114499092102,0.020124275237321854,0.10082343220710754,0.6430485844612122,0.021963369101285934,0.17143823206424713,0.6101646423339844,-0.01332089677453041,0.10140084475278854,0.5883265733718872,-0.012497399002313614,0.08687257021665573,0.635039210319519,-0.005676839500665665,0.09315484762191772,0.6663826107978821,-0.002040046965703368,0.15497946739196777,0.6394672393798828,-0.035678278654813766,0.09669728577136993,0.6073556542396545,-0.03706414997577667,0.0771666094660759,0.6289365887641907,-0.031758520752191544,0.07520081847906113,0.6499906778335571,-0.02736782468855381
0.30026257038116455,0.6924087405204773,-6.928264184580257e-08,0.25293686985969543,0.6786460280418396,0.0057489946484565735,0.21554838120937347,0.6567586064338684,0.001262308331206441,0.18255138397216797,0.6513675451278687,-0.007721586152911186,0.15343330800533295,0.6470329165458679,-0.017212752252817154,0.24081164598464966,0.5471314191818237,0.0014574348460882902,0.20500947535037994,0.4856245219707489,-0.009051063098013401,0.1830349713563919,0.44941169023513794,-0.016370845958590508,0.1641400009393692,0.418499618768692,-0.02191091515123844,0.23766008019447327,0.5499505996704102,-0.009686668403446674,0.1745087206363678,0.5248686671257019,-0.026133835315704346,0.15341386198997498,0.5647105574607849,-0.03269863501191139,0.15170389413833618,0.5951071381568909,-0.03444833308458328,0.22738412022590637,0.5681685209274292,-0.02073097974061966,0.16665607690811157,0.5420960783958435,-0.03552689775824547,0.14771398901939392,0.5832695960998535,-0.03612413629889488,0.14723536372184753,0.6156325340270996,-0.03295234218239784,0.21225224435329437,0.596175491809845,-0.031183751299977303,0.16377060115337372,0.56595778465271,-0.040449246764183044,0.14301037788391113,0.5813788175582886,-0.03856585547327995,0.1376238763332367,0.5997543931007385,-0.03457210958003998
0.34062659740448,0.6667157411575317,-8.546555818611523e-08,0.31320348381996155,0.6317716836929321,0.010382414795458317,0.2832403779029846,0.6012876033782959,0.01173817366361618,0.25713127851486206,0.5888888835906982,0.007537669036537409,0.23393291234970093,0.5816081762313843,0.0025049052201211452,0.28779417276382446,0.5278435945510864,0.010453611612319946,0.2539885342121124,0.46756625175476074,0.0031981398351490498,0.2316131591796875,0.43321508169174194,-0.0012855135137215257,0.21337266266345978,0.40420234203338623,-0.004795835819095373,0.28116267919540405,0.5299522876739502,-0.001298511284403503,0.22232308983802795,0.50785231590271,-0.01442316360771656,0.2012772411108017,0.5457747578620911,-0.019607335329055786,0.20002739131450653,0.5762344598770142,-0.020417077466845512,0.2684645652770996,0.5451709628105164,-0.012957533821463585,0.21110209822654724,0.5247119069099426,-0.026527700945734978,0.19314660131931305,0.5674766302108765,-0.02801513671875,0.19456222653388977,0.6008002161979675,-0.025441328063607216,0.2508368194103241,0.5698509812355042,-0.023581326007843018,0.20463725924491882,0.5455808639526367,-0.03291953355073929,0.1875201314687729,0.567447304725647,-0.03157030791044235,0.18570342659950256,0.591564953327179,-0.02781299315392971
0.3911920189857483,0.6359354257583618,3.08318988118117e-07,0.36115413904190063,0.6143908500671387,0.0024070437066257,0.32849767804145813,0.5877726078033447,0.0004974282346665859,0.29761675000190735,0.578126072883606,-0.006520144175738096,0.2707800567150116,0.5724416375160217,-0.012701327912509441,0.34938186407089233,0.4908221662044525,0.013325253501534462,0.31864798069000244,0.4363963007926941,0.007164978422224522,0.29714083671569824,0.4050282835960388,0.002026482718065381,0.27877819538116455,0.3833097517490387,-0.0011333890724927187,0.33853328227996826,0.4890037775039673,0.0036342842504382133,0.30824172496795654,0.4192664921283722,-0.00456837797537446,0.28368037939071655,0.3879615068435669,-0.010874643921852112,0.2645602822303772,0.3673122227191925,-0.013908479362726212,0.32458505034446716,0.5000788569450378,-0.007696706801652908,0.27127960324287415,0.4644637703895569,-0.022677434608340263,0.24953916668891907,0.5042929649353027,-0.02920622192323208,0.24290388822555542,0.5390453934669495,-0.028688684105873108,0.3055835962295532,0.5233181715011597,-0.018663981929421425,0.263427734375,0.4923163652420044,-0.02953423373401165,0.24604983627796173,0.5191694498062134,-0.03012554906308651,0.2400074601173401,0.5479060411453247,-0.02768292836844921
0.4218093752861023,0.5869027972221375,2.3203460841614287e-07,0.3707854747772217,0.579753577709198,0.010775784961879253,0.3330306112766266,0.5526037812232971,0.011660112999379635,0.30029404163360596,0.5422274470329285,0.004634188488125801,0.2704911530017853,0.5324907898902893,-0.0015036730328574777,0.36058509349823,0.4428025484085083,0.027866218239068985,0.3312303423881531,0.39803487062454224,0.025979967787861824,0.31330054998397827,0.369110643863678,0.022565597668290138,0.2992650270462036,0.3448929786682129,0.01932292804121971,0.36120927333831787,0.43707048892974854,0.0119701586663723,0.32680851221084595,0.38937294483184814,0.008724524639546871,0.30503544211387634,0.3734557628631592,0.004254855215549469,0.292706698179245,0.3605279326438904,0.0004822743940167129,0.35718676447868347,0.4464474618434906,-0.006127009633928537,0.30201584100723267,0.41696831583976746,-0.019053326919674873,0.2732356786727905,0.45998087525367737,-0.024001330137252808,0.2652626633644104,0.4984185993671417,-0.024087421596050262,0.3436174690723419,0.46950551867485046,-0.023802902549505234,0.29793134331703186,0.43750447034835815,-0.034241534769535065,0.2716013491153717,0.4600535035133362,-0.03570499271154404,0.26138144731521606,0.4906748831272125,-0.035236045718193054
0.44113439321517944,0.5468651056289673,2.8952496222700574e-07,0.3851778507232666,0.5361603498458862,0.027862515300512314,0.34882810711860657,0.5136566162109375,0.03583613038063049,0.3173206150531769,0.5030122995376587,0.03174678608775139,0.2886362373828888,0.486034095287323,0.027211347594857216,0.3864504396915436,0.41376224160194397,0.05667220056056976,0.35830774903297424,0.3676433563232422,0.06665830314159393,0.3429165184497833,0.3415864109992981,0.07039769738912582,0.3293764293193817,0.31868425011634827,0.07087747752666473,0.3885385990142822,0.4033343195915222,0.03298627957701683,0.35706695914268494,0.3469628691673279,0.04091300815343857,0.33734452724456787,0.322293221950531,0.0402073971927166,0.3251756727695465,0.3030717968940735,0.03753170371055603,0.3828863799571991,0.4113379120826721,0.007402133662253618,0.328848659992218,0.3759724795818329,0.0046052332036197186,0.29755470156669617,0.4127667248249054,0.0007160541135817766,0.2831447124481201,0.4472370743751526,-0.0011483938433229923,0.36585357785224915,0.4329394996166229,-0.016651926562190056,0.3200111985206604,0.39469826221466064,-0.019843099638819695,0.2975306212902069,0.41376426815986633,-0.019570188596844673,0.28584012389183044,0.4411359131336212,-0.019836412742733955
0.4348025918006897,0.5494667887687683,-2.4875669524249133e-08,0.3832520544528961,0.5452502965927124,0.01772725209593773,0.3458678424358368,0.5215160846710205,0.02095799893140793,0.31330743432044983,0.5083466172218323,0.015612701885402203,0.2849700152873993,0.4900525212287903,0.00952724926173687,0.3833865523338318,0.41912010312080383,0.03518383577466011,0.3556162416934967,0.36817121505737305,0.04125017672777176,0.33804020285606384,0.33638542890548706,0.043937552720308304,0.3228038549423218,0.31047114729881287,0.04346393793821335,0.38724279403686523,0.40989047288894653,0.01811135932803154,0.3334169387817383,0.38541179895401,0.021596651524305344,0.30467623472213745,0.4051702618598938,0.022140199318528175,0.29367414116859436,0.42319703102111816,0.02082658000290394,0.3811330497264862,0.41527390480041504,-0.000243056783801876,0.32503220438957214,0.38698679208755493,-0.002195817418396473,0.29403388500213623,0.4217866361141205,-0.0016861566109582782,0.28388261795043945,0.45684814453125,-0.0018881362630054355,0.36432403326034546,0.4300376772880554,-0.017870282754302025,0.31889376044273376,0.39955756068229675,-0.020188571885228157,0.2937691807746887,0.41546401381492615,-0.018512321636080742,0.28378942608833313,0.4398537278175354,-0.017633002251386642
0.4448211193084717,0.5802114009857178,-9.974652925848204e-08,0.39430683851242065,0.5784258246421814,0.010657522827386856,0.3553794026374817,0.551910400390625,0.01037251204252243,0.32170701026916504,0.5395652055740356,0.0034632161259651184,0.2946237325668335,0.5204719305038452,-0.003849383909255266,0.3893510699272156,0.4434751868247986,0.022287368774414062,0.3620435893535614,0.38998645544052124,0.02196011133491993,0.3430754244327545,0.36015936732292175,0.020226862281560898,0.3276309370994568,0.3365896940231323,0.01706007309257984,0.39220213890075684,0.4393104910850525,0.007793573662638664,0.33376792073249817,0.415173202753067,0.0027392765041440725,0.3023127019405365,0.4436700940132141,-0.0007856611046008766,0.2912673056125641,0.4690987467765808,-0.003019719384610653,0.38631966710090637,0.44956880807876587,-0.007775846868753433,0.3278491795063019,0.4145771861076355,-0.01557618286460638,0.29846104979515076,0.44677913188934326,-0.015574204735457897,0.29016098380088806,0.4774843752384186,-0.014454490505158901,0.372667133808136,0.4690186381340027,-0.02302507683634758,0.32511597871780396,0.43400612473487854,-0.03009035252034664,0.3012903928756714,0.4493087828159332,-0.02892201766371727,0.2942286729812622,0.4723309874534607,-0.02672858163714409
0.48398303985595703,0.6310134530067444,-1.9568112463730358e-08,0.42625200748443604,0.6177655458450317,0.025865228846669197,0.38565826416015625,0.5918561816215515,0.02968628704547882,0.3555278182029724,0.5872547030448914,0.024222485721111298,0.33654123544692993,0.5761849880218506,0.017421914264559746,0.4194544553756714,0.488722026348114,0.0303401630371809,0.38506433367729187,0.4295498728752136,0.03482425585389137,0.3669458329677582,0.399912565946579,0.036380767822265625,0.35038942098617554,0.37394970655441284,0.03483099490404129,0.42242780327796936,0.4850132465362549,0.009574933908879757,0.366457462310791,0.45078015327453613,0.012187118642032146,0.33985811471939087,0.46214866638183594,0.011530568823218346,0.3290909230709076,0.47192803025245667,0.007736087776720524,0.4166277348995209,0.4964253306388855,-0.010790732689201832,0.35614731907844543,0.4620129466056824,-0.011330578476190567,0.33156469464302063,0.5001271963119507,-0.010664067231118679,0.32711759209632874,0.5359132885932922,-0.01242365874350071,0.4023107886314392,0.5164979696273804,-0.02943737432360649,0.35491296648979187,0.48310840129852295,-0.030534952878952026,0.33694469928741455,0.5020563006401062,-0.028069229796528816,0.33339574933052063,0.5270943641662598,-0.027655716985464096
0.5054602026939392,0.648695707321167,-7.470365659401068e-08,0.44610896706581116,0.6333031058311462,0.01413016114383936,0.4051479399204254,0.6023344993591309,0.013469386845827103,0.372652530670166,0.5912148952484131,0.005510659422725439,0.34388574957847595,0.5790013074874878,-0.003231792477890849,0.43594419956207275,0.5010340213775635,0.0188551377505064,0.40677088499069214,0.4417927861213684,0.015034676529467106,0.3868846893310547,0.4094220995903015,0.010916796512901783,0.36902451515197754,0.38161927461624146,0.006442780140787363,0.44072869420051575,0.49862387776374817,0.002483835443854332,0.3797118067741394,0.47565484046936035,-0.00725175254046917,0.352579265832901,0.5085022449493408,-0.013034699484705925,0.34543728828430176,0.5340309143066406,-0.016418760642409325,0.43642792105674744,0.5110901594161987,-0.014072319492697716,0.3753604590892792,0.47754454612731934,-0.024372810497879982,0.3514142632484436,0.5154751539230347,-0.024246124550700188,0.3497680723667145,0.5503212809562683,-0.0225342009216547,0.4235309660434723,0.5327820777893066,-0.029839668422937393,0.37466782331466675,0.49837952852249146,-0.03648630529642105,0.35446953773498535,0.5160126686096191,-0.03373745083808899,0.35230132937431335,0.5427799820899963,-0.030355991795659065
0.5575639605522156,0.654495120048523,-1.6564619897962984e-07,0.4917847812175751,0.6388764977455139,0.01271128561347723,0.4481949210166931,0.6072342991828918,0.011136481538414955,0.4163709878921509,0.5951955318450928,0.0018343599513173103,0.38825342059135437,0.582028329372406,-0.008272681385278702,0.4835197329521179,0.49740052223205566,0.014301066286861897,0.45056039094924927,0.4367508888244629,0.0059966882690787315,0.4303562641143799,0.4047031104564667,0.0007735154358670115,0.413296103477478,0.37645095586776733,-0.0037652035243809223,0.49266892671585083,0.4948093295097351,-0.0028789371717721224,0.42243847250938416,0.4732435941696167,-0.01980733685195446,0.39974740147590637,0.519242525100708,-0.025195995345711708,0.40087026357650757,0.5522331595420837,-0.02580847218632698,0.4927680194377899,0.5073855519294739,-0.020719559863209724,0.42084062099456787,0.47719770669937134,-0.039594754576683044,0.39906272292137146,0.5233562588691711,-0.03900165110826492,0.40286850929260254,0.5599322319030762,-0.034059397876262665,0.4833140969276428,0.5302431583404541,-0.037549395114183426,0.4254457950592041,0.4951047897338867,-0.050911080092191696,0.40622711181640625,0.522881805896759,-0.04853875935077667,0.40920501947402954,0.5575180053710938,-0.043479058891534805
0.6782518029212952,0.6678673624992371,-1.9646081739210786e-07,0.6161646842956543,0.6385565996170044,0.008591757155954838,0.5742229223251343,0.6012886762619019,0.004892721306532621,0.5409959554672241,0.5814763307571411,-0.006439437624067068,0.5096957683563232,0.5609700679779053,-0.018160443753004074,0.6061422824859619,0.494779497385025,0.013112225569784641,0.575433075428009,0.42809078097343445,0.0013658589450642467,0.5550047755241394,0.3908737897872925,-0.0067991591058671474,0.537670910358429,0.35924476385116577,-0.013030031695961952,0.6205859184265137,0.4920862019062042,-0.0037835859693586826,0.550075888633728,0.4658989906311035,-0.025272561237215996,0.5251559019088745,0.5084973573684692,-0.033579930663108826,0.5222822427749634,0.5463974475860596,-0.03502243384718895,0.6263152956962585,0.5047789812088013,-0.02195729687809944,0.5569073557853699,0.4756309390068054,-0.04258834570646286,0.5324922800064087,0.5150914788246155,-0.041850607842206955,0.5309934616088867,0.55267733335495,-0.03597532585263252,0.6239867806434631,0.5264497995376587,-0.03995569050312042,0.5710030198097229,0.49161291122436523,-0.05388208478689194,0.5433832406997681,0.5058287382125854,-0.0524132177233696,0.5332245230674744,0.5319234728813171,-0.047399602830410004
0.7565115094184875,0.6635688543319702,-1.084196199485632e-07,0.7023192048072815,0.6336811780929565,-0.0014235667185857892,0.6603561639785767,0.5945748686790466,-0.010706925764679909,0.6287011504173279,0.5730100274085999,-0.025518881157040596,0.6062804460525513,0.5466464161872864,-0.03971586748957634,0.6935591101646423,0.49067187309265137,-0.0018770989263430238,0.6749770045280457,0.4076046943664551,-0.019483456388115883,0.6550111174583435,0.36742764711380005,-0.029829394072294235,0.6383456587791443,0.33580607175827026,-0.03646361827850342,0.7088448405265808,0.4932793378829956,-0.014445723034441471,0.6573445796966553,0.44277524948120117,-0.043077509850263596,0.6275643706321716,0.4855070412158966,-0.05073849484324455,0.6216128468513489,0.5246462225914001,-0.04916108399629593,0.7185564041137695,0.5077442526817322,-0.028971370309591293,0.6699881553649902,0.46115684509277344,-0.05294385924935341,0.6379092335700989,0.4977472722530365,-0.05169575661420822,0.6306062936782837,0.5336956977844238,-0.04386881738901138,0.7242386937141418,0.5297806859016418,-0.04423054680228233,0.688643217086792,0.48739340901374817,-0.05823027342557907,0.6569358110427856,0.49759936332702637,-0.05700398609042168,0.6424199938774109,0.5190781354904175,-0.051551587879657745
0.8230679631233215,0.6634817719459534,-8.034337639628575e-08,0.7742066979408264,0.6292334794998169,-0.0034307343885302544,0.7362591028213501,0.585788369178772,-0.013365278951823711,0.7042255401611328,0.5625495314598083,-0.02958625927567482,0.6818913221359253,0.5280249118804932,-0.04545331746339798,0.766588032245636,0.48711568117141724,0.0007489539566449821,0.7551118731498718,0.40179261565208435,-0.016762379556894302,0.742235541343689,0.35786980390548706,-0.0277871023863554,0.7321664690971375,0.3204096555709839,-0.03563638776540756,0.7829008102416992,0.4899890720844269,-0.01281052641570568,0.7388716340065002,0.43044668436050415,-0.04392007738351822,0.7073278427124023,0.4686667323112488,-0.05563356727361679,0.6985308527946472,0.507159948348999,-0.05689997225999832,0.7954232096672058,0.5026771426200867,-0.028773657977581024,0.754118025302887,0.4456852376461029,-0.056108251214027405,0.7215929627418518,0.48108115792274475,-0.05855070799589157,0.7127076387405396,0.5188118815422058,-0.052932705730199814,0.8061570525169373,0.5209141969680786,-0.04567825049161911,0.7747798562049866,0.46852582693099976,-0.06327708065509796,0.743881106376648,0.4769158959388733,-0.06507490575313568,0.7286973595619202,0.5013731122016907,-0.061858512461185455
0.8389299511909485,0.6548804044723511,-7.442045557581878e-08,0.7875743508338928,0.6220794916152954,-0.0027219755575060844,0.7485423684120178,0.5764064192771912,-0.012049484997987747,0.7195508480072021,0.549318253993988,-0.027560049667954445,0.7026343941688538,0.5144888162612915,-0.04267517849802971,0.7824088335037231,0.4804529547691345,-0.0009414248052053154,0.7720139026641846,0.39146101474761963,-0.01747649535536766,0.7609837651252747,0.3458714783191681,-0.02717798389494419,0.7518906593322754,0.3074204921722412,-0.034127864986658096,0.7998334169387817,0.4841485619544983,-0.014174806885421276,0.7550798058509827,0.42647817730903625,-0.04422173649072647,0.723788857460022,0.46345090866088867,-0.054195426404476166,0.7144344449043274,0.5007043480873108,-0.05454467982053757,0.813543975353241,0.49641332030296326,-0.0295712947845459,0.7714175581932068,0.43789559602737427,-0.056488584727048874,0.738139808177948,0.47163525223731995,-0.057799044996500015,0.7274155020713806,0.5087425708770752,-0.05167953297495842,0.8251150846481323,0.5128567218780518,-0.04576928913593292,0.7947420477867126,0.4573543071746826,-0.06352028250694275,0.7637662291526794,0.465383380651474,-0.0646999254822731,0.7472130656242371,0.490070104598999,-0.06105620414018631
0.8635455369949341,0.6491570472717285,-7.693675030395752e-08,0.814666211605072,0.6174259781837463,-0.00432927068322897,0.775550365447998,0.5657290816307068,-0.013934162445366383,0.7472056746482849,0.5353162288665771,-0.02889375016093254,0.7273367047309875,0.5133857727050781,-0.043424807488918304,0.8099443316459656,0.47007808089256287,-0.005541110876947641,0.80247563123703,0.3770456612110138,-0.024548087269067764,0.7913497686386108,0.3279942572116852,-0.036153774708509445,0.7828248143196106,0.2873041331768036,-0.04437244310975075,0.8279629945755005,0.47471073269844055,-0.018579768016934395,0.793211042881012,0.40353840589523315,-0.05276525765657425,0.7583510279655457,0.44136831164360046,-0.06243664026260376,0.7469065189361572,0.48473596572875977,-0.06101778894662857,0.843416154384613,0.4898301959037781,-0.033891696482896805,0.8124399185180664,0.42297467589378357,-0.06261655688285828,0.7757970094680786,0.4539659321308136,-0.06363403052091599,0.7627873420715332,0.49071887135505676,-0.056512631475925446,0.8587279915809631,0.510124921798706,-0.05030645802617073,0.838856041431427,0.44941624999046326,-0.06830927729606628,0.8040355443954468,0.45018061995506287,-0.07015879452228546,0.7829024791717529,0.4681040942668915,-0.06713477522134781
0.8493554592132568,0.6377891898155212,-5.167050076693158e-08,0.7928387522697449,0.6057893633842468,-0.004630465060472488,0.7502232193946838,0.5571771264076233,-0.014191252179443836,0.7195143103599548,0.5287553071975708,-0.029442787170410156,0.6981682777404785,0.49794742465019226,-0.04387466236948967,0.7823450565338135,0.45665669441223145,-0.001021079020574689,0.772487461566925,0.3689554035663605,-0.01938510686159134,0.7600288987159729,0.32198959589004517,-0.030851388350129128,0.7507105469703674,0.28182029724121094,-0.039035242050886154,0.7992998957633972,0.4603562355041504,-0.013672430999577045,0.758028507232666,0.39864853024482727,-0.04464208707213402,0.7269482016563416,0.4392464756965637,-0.054142020642757416,0.719406008720398,0.4801137149333954,-0.05358995497226715,0.8137273192405701,0.4749452471733093,-0.028949005529284477,0.774315595626831,0.41561827063560486,-0.05646444857120514,0.7426748275756836,0.4512539803981781,-0.05683246627449989,0.7347095012664795,0.4889965355396271,-0.04950857535004616,0.8264585733413696,0.49653151631355286,-0.04543507844209671,0.797467052936554,0.44087427854537964,-0.06388596445322037,0.7650928497314453,0.44767022132873535,-0.06534749269485474,0.7491492033004761,0.47173261642456055,-0.06154220178723335
0.7554537057876587,0.6164959669113159,-9.166821968165095e-08,0.7010388374328613,0.5852642059326172,0.0007209350587800145,0.6609607934951782,0.5466378331184387,-0.005594703834503889,0.6296796202659607,0.5289477109909058,-0.018126407638192177,0.60474693775177,0.503807544708252,-0.030254166573286057,0.6868888735771179,0.44903871417045593,0.005429859738796949,0.6655099987983704,0.3733953833580017,-0.008360323496162891,0.6481069922447205,0.3361608386039734,-0.01691059209406376,0.6333219408988953,0.3035663962364197,-0.02332804538309574,0.7010598182678223,0.45067277550697327,-0.008403675630688667,0.6497178673744202,0.39871180057525635,-0.03469878062605858,0.6229540109634399,0.44090741872787476,-0.044075001031160355,0.6182867884635925,0.4803525507450104,-0.04441910609602928,0.7117747068405151,0.4636366367340088,-0.02423207275569439,0.6622183918952942,0.4127820134162903,-0.04829321801662445,0.6335136890411377,0.4501437246799469,-0.050389986485242844,0.6288436055183411,0.48688197135925293,-0.04518033564090729,0.7188476324081421,0.4838481843471527,-0.040576010942459106,0.6834771037101746,0.43602660298347473,-0.05689654126763344,0.6516932845115662,0.44564950466156006,-0.059322550892829895,0.6374180316925049,0.4691970646381378,-0.05690229311585426
0.7318779230117798,0.6182557344436646,-1.2666218651702366e-07,0.6813348531723022,0.5893234014511108,-0.0005980264395475388,0.6417361497879028,0.5523636937141418,-0.008080987259745598,0.6113386154174805,0.5329294204711914,-0.021317875012755394,0.588898777961731,0.5036225914955139,-0.03411582484841347,0.6699535846710205,0.45540162920951843,0.0018721576780080795,0.6484245657920837,0.38087886571884155,-0.012513318099081516,0.6293903589248657,0.34618520736694336,-0.021087119355797768,0.6136204600334167,0.3168877363204956,-0.027050010859966278,0.6841643452644348,0.45697319507598877,-0.010753353126347065,0.6358363628387451,0.4075838625431061,-0.035800330340862274,0.6096819043159485,0.4478103220462799,-0.0442458800971508,0.6047868728637695,0.48519566655158997,-0.04449271783232689,0.6940811276435852,0.4688747823238373,-0.025255724787712097,0.6477681398391724,0.41900327801704407,-0.04808707535266876,0.6185885667800903,0.4553546607494354,-0.04917805269360542,0.6124252080917358,0.49177584052085876,-0.04384998232126236,0.6999139189720154,0.4874294698238373,-0.04025678336620331,0.6661378145217896,0.43843570351600647,-0.05519593507051468,0.6365498304367065,0.4503975510597229,-0.05591614916920662,0.6226591467857361,0.4774829149246216,-0.052505671977996826
0.12171036750078201,0.745733380317688,3.9521856365354324e-07,0.16488458216190338,0.7336947321891785,-0.013003289699554443,0.198792964220047,0.6926338076591492,-0.021201463416218758,0.22675703465938568,0.6577637195587158,-0.02838190086185932,0.2508261203765869,0.628040075302124,-0.034170325845479965,0.1517913043498993,0.6078641414642334,-0.011151733808219433,0.19716981053352356,0.5805521607398987,-0.027983592823147774,0.22891080379486084,0.5674816966056824,-0.04142593964934349,0.2504621148109436,0.5625777244567871,-0.04901624470949173,0.1359982192516327,0.5912128686904907,-0.012287646532058716,0.18224340677261353,0.548083484172821,-0.025526832789182663,0.2109382152557373,0.526220440864563,-0.033443883061409,0.23212799429893494,0.5103753209114075,-0.03767106682062149,0.12815415859222412,0.5896146297454834,-0.015659580007195473,0.1764807105064392,0.5471389889717102,-0.028973981738090515,0.20410999655723572,0.5247135162353516,-0.03230797499418259,0.2249835580587387,0.507562518119812,-0.032968681305646896,0.12769488990306854,0.601855456829071,-0.02016524039208889,0.16769827902317047,0.5747488141059875,-0.02960117720067501,0.19081400334835052,0.5613630414009094,-0.028960881754755974,0.20831535756587982,0.5529875755310059,-0.026679975911974907
0.2567389905452728,0.6394550204277039,1.9227812231292774e-07,0.318572074174881,0.5992841124534607,0.017972353845834732,0.3542695641517639,0.5470909476280212,0.01598171889781952,0.38877230882644653,0.515118420124054,0.005508319940418005,0.4180089831352234,0.4910891354084015,-0.005325235892087221,0.2974337935447693,0.4367327392101288,0.006655675824731588,0.31004494428634644,0.3564320206642151,-0.00028931148699484766,0.3237708508968353,0.304542601108551,-0.0074882665649056435,0.3275304138660431,0.25843024253845215,-0.015018405392765999,0.28394025564193726,0.440000981092453,-0.013922224752604961,0.36688733100891113,0.3957318663597107,-0.028226377442479134,0.3933050334453583,0.4426235854625702,-0.031297169625759125,0.38611510396003723,0.4778946042060852,-0.029847631230950356,0.28881800174713135,0.46747034788131714,-0.03253088518977165,0.36741775274276733,0.4247382581233978,-0.042268313467502594,0.38769420981407166,0.46778711676597595,-0.03100809082388878,0.37572750449180603,0.5010842084884644,-0.02116759680211544,0.3058486580848694,0.5031858086585999,-0.050714556127786636,0.3748338222503662,0.4835398197174072,-0.05395599454641342,0.3927710950374603,0.5079643726348877,-0.04235720634460449,0.3869592547416687,0.5295418500900269,-0.03263774886727333
0.32660233974456787,0.5928188562393188,1.1101016639258887e-07,0.3872700035572052,0.5547943711280823,0.02988615073263645,0.4254920184612274,0.5204865336418152,0.03273370489478111,0.4615299701690674,0.502112627029419,0.024759313091635704,0.49073100090026855,0.47697749733924866,0.01423041895031929,0.3670395016670227,0.40693023800849915,0.02899213694036007,0.3852311670780182,0.34051769971847534,0.032311223447322845,0.39864060282707214,0.3012593388557434,0.029185641556978226,0.40378671884536743,0.26444655656814575,0.022847715765237808,0.3632298707962036,0.4092022776603699,0.0026520343963056803,0.4356362223625183,0.3623957335948944,-0.0037541338242590427,0.46891486644744873,0.39914077520370483,-0.011760680936276913,0.4717959463596344,0.4401933550834656,-0.016409659758210182,0.37103259563446045,0.43206140398979187,-0.02088143676519394,0.43845659494400024,0.3836143910884857,-0.024904323741793633,0.46948084235191345,0.4227163791656494,-0.019127534702420235,0.4699265956878662,0.4598098397254944,-0.015042196027934551,0.3866073191165924,0.4649984538555145,-0.042653393000364304,0.4353941082954407,0.4184735119342804,-0.043274879455566406,0.4602014422416687,0.43103089928627014,-0.033601753413677216,0.46339377760887146,0.45237627625465393,-0.02674693986773491
0.38690072298049927,0.5367956161499023,1.3952147526197223e-07,0.4477219581604004,0.5195392370223999,0.0144879762083292,0.4867868721485138,0.49297451972961426,0.009711461141705513,0.522844135761261,0.4816704988479614,-0.002234735991805792,0.5485605597496033,0.472936749458313,-0.014903566800057888,0.43942463397979736,0.3662681579589844,0.0022540909703820944,0.45327985286712646,0.3000771999359131,-0.005590096581727266,0.4630540609359741,0.2516867518424988,-0.014828204177320004,0.46702858805656433,0.21025370061397552,-0.02375156432390213,0.43434056639671326,0.369318425655365,-0.016657844185829163,0.5050787925720215,0.3415908217430115,-0.028766566887497902,0.5352262258529663,0.3794462978839874,-0.03578193113207817,0.538033127784729,0.415631502866745,-0.03891424462199211,0.4414346516132355,0.39553046226501465,-0.03346170857548714,0.5107495784759521,0.3643260598182678,-0.04245536029338837,0.538438081741333,0.4022553861141205,-0.03676338866353035,0.5394719839096069,0.4376212954521179,-0.0314713716506958,0.4582236111164093,0.43116214871406555,-0.049775488674640656,0.5115382671356201,0.40752407908439636,-0.05303950980305672,0.5367080569267273,0.4257655739784241,-0.0438106507062912,0.5441280603408813,0.4498531222343445,-0.03605392947793007
0.4351544976234436,0.540658712387085,1.7499442606094817e-07,0.5001031160354614,0.5277740359306335,0.013711713254451752,0.5420055985450745,0.5028036832809448,0.0052506024949252605,0.5801058411598206,0.49735960364341736,-0.00950451660901308,0.606820285320282,0.5006077289581299,-0.024910153821110725,0.510136604309082,0.3736206889152527,-0.017112789675593376,0.5261340737342834,0.29431217908859253,-0.033359915018081665,0.538153886795044,0.24021469056606293,-0.04732316732406616,0.5417519211769104,0.19184380769729614,-0.058434825390577316,0.4985278248786926,0.38603824377059937,-0.03687690198421478,0.5796092748641968,0.36575889587402344,-0.05408836156129837,0.6067823767662048,0.4120468497276306,-0.05782731622457504,0.6012185215950012,0.44532501697540283,-0.058076366782188416,0.5001739859580994,0.42612409591674805,-0.053857989609241486,0.5763640403747559,0.3948540985584259,-0.06535030901432037,0.6037946939468384,0.4353538751602173,-0.05321064591407776,0.5960496664047241,0.4664034843444824,-0.04310453683137894,0.5132744312286377,0.4719402492046356,-0.07037703692913055,0.5750880837440491,0.44776129722595215,-0.07316964864730835,0.5957416296005249,0.46927282214164734,-0.057384561747312546,0.5908154845237732,0.4908103942871094,-0.04479428380727768
0.4488784968852997,0.542201042175293,9.530565847626349e-08,0.5123868584632874,0.5203238129615784,0.024103425443172455,0.5542676448822021,0.4961838126182556,0.01934824511408806,0.5978307127952576,0.49306759238243103,0.0062795658595860004,0.6279922723770142,0.49258095026016235,-0.007032499182969332,0.5260945558547974,0.3696005642414093,-0.010859201662242413,0.5390763282775879,0.2863905429840088,-0.029282214120030403,0.5509606599807739,0.22904150187969208,-0.04415842145681381,0.5548436641693115,0.1777309775352478,-0.05514363572001457,0.5142228603363037,0.37974950671195984,-0.03549119457602501,0.5958741903305054,0.35861799120903015,-0.05534752458333969,0.6241223216056824,0.4091280698776245,-0.057396844029426575,0.6179314851760864,0.446768581867218,-0.05499706789851189,0.5155523419380188,0.4195176661014557,-0.05671241134405136,0.5955628156661987,0.39402493834495544,-0.07103282958269119,0.6195194125175476,0.43950650095939636,-0.05465065315365791,0.6091833710670471,0.47123652696609497,-0.03952588513493538,0.5295518040657043,0.4650105834007263,-0.07646691799163818,0.5936142802238464,0.4443528950214386,-0.07872089743614197,0.61489337682724,0.4674836993217468,-0.05894685909152031,0.6123429536819458,0.48826363682746887,-0.04218350350856781
0.43309319019317627,0.5893272161483765,1.2563634754769737e-07,0.5131321549415588,0.5679529905319214,0.0500563383102417,0.554654598236084,0.5423787832260132,0.06437509506940842,0.5915674567222595,0.5321632027626038,0.06178237870335579,0.621802806854248,0.5045842528343201,0.05627636983990669,0.5072690844535828,0.4147276282310486,0.07163656502962112,0.5196874737739563,0.3596409857273102,0.08282551169395447,0.5274908542633057,0.31954365968704224,0.0789349377155304,0.5286105871200562,0.2789677679538727,0.07106974720954895,0.4979599714279175,0.4116153419017792,0.03613749518990517,0.5743411779403687,0.3903101086616516,0.037935588508844376,0.606171727180481,0.4340948164463043,0.02619866654276848,0.6067509651184082,0.4787422716617584,0.0188829954713583,0.5011935234069824,0.4294356405735016,0.0032075331546366215,0.5783668160438538,0.4042183756828308,0.008004835806787014,0.6091439127922058,0.4515891373157501,0.011781560257077217,0.6085098385810852,0.4930591285228729,0.014035101048648357,0.5160554647445679,0.458030641078949,-0.02729819528758526,0.5762239098548889,0.43200552463531494,-0.02016901597380638,0.6012551188468933,0.45585379004478455,-0.009166507981717587,0.6053007245063782,0.4843127727508545,-0.0014613138046115637
0.42344191670417786,0.5926456451416016,1.839223671140644e-07,0.49829551577568054,0.5808898210525513,0.05330943688750267,0.5400271415710449,0.5527666807174683,0.07068794965744019,0.5797078013420105,0.5398069620132446,0.0697435736656189,0.6128233075141907,0.5095054507255554,0.06556782871484756,0.49723654985427856,0.42864444851875305,0.09103500843048096,0.509968638420105,0.37424948811531067,0.1094089224934578,0.5168806910514832,0.3373008370399475,0.10960031300783157,0.5163435339927673,0.2998247444629669,0.1048397496342659,0.4928746819496155,0.4172401428222656,0.05492216721177101,0.566154420375824,0.3956168293952942,0.0641646534204483,0.598402738571167,0.43973225355148315,0.05294618010520935,0.5985704660415649,0.48625442385673523,0.0458022840321064,0.4964521825313568,0.42662692070007324,0.0204739011824131,0.5711396932601929,0.40887051820755005,0.03159996122121811,0.6005138158798218,0.45982757210731506,0.032132796943187714,0.5995509624481201,0.5027819275856018,0.031432051211595535,0.509448230266571,0.4488440752029419,-0.011437450535595417,0.5647686719894409,0.42370861768722534,0.0010880439076572657,0.5864914655685425,0.44384250044822693,0.010832065716385841,0.5867642760276794,0.4675672948360443,0.016852067783474922
0.42894044518470764,0.5916037559509277,1.637493625139541e-07,0.49928605556488037,0.5768851637840271,0.06237012520432472,0.5389676690101624,0.5506426692008972,0.07793991267681122,0.5791455507278442,0.5375921726226807,0.07370640337467194,0.6154301166534424,0.5091241002082825,0.06542476266622543,0.5020178556442261,0.42267483472824097,0.07946178317070007,0.5139868855476379,0.3577449321746826,0.09428132325410843,0.5191357731819153,0.31232354044914246,0.09452022612094879,0.5210148692131042,0.26977866888046265,0.08971817791461945,0.4954298734664917,0.4192486107349396,0.03801237791776657,0.5658681988716125,0.3958895206451416,0.04929758980870247,0.5988751649856567,0.43802762031555176,0.04522303119301796,0.6014474630355835,0.4803902804851532,0.041853874921798706,0.4991869032382965,0.4370388686656952,-4.683665611082688e-05,0.5701166391372681,0.40826767683029175,0.012978097423911095,0.6005966067314148,0.45664387941360474,0.022536566480994225,0.6002314686775208,0.4984458386898041,0.026642687618732452,0.515535831451416,0.4607784152030945,-0.03486049920320511,0.5726832747459412,0.4388934075832367,-0.022757157683372498,0.59697425365448,0.4686325788497925,-0.008435774594545364,0.5996103286743164,0.499605268239975,0.0010226421291008592
0.4466502368450165,0.5847088098526001,3.457605757262172e-09,0.5157800316810608,0.5624716281890869,0.0370415635406971,0.550481379032135,0.5329978466033936,0.042409442365169525,0.5876986980438232,0.5191426277160645,0.03622431680560112,0.6216841340065002,0.5098316669464111,0.029777463525533676,0.5150173902511597,0.4005070924758911,0.0173708014190197,0.5287010669708252,0.32823655009269714,0.00514061888679862,0.5397413969039917,0.2745209336280823,-0.008108094334602356,0.5442569255828857,0.2244144082069397,-0.01903068833053112,0.5025962591171265,0.40630027651786804,-0.011447497643530369,0.5790514349937439,0.3776790499687195,-0.023904550820589066,0.6124075651168823,0.42479240894317627,-0.02690781094133854,0.6108682751655579,0.4612990617752075,-0.026393020525574684,0.5075035095214844,0.43867027759552,-0.03707979992032051,0.5836732387542725,0.398586630821228,-0.04688800871372223,0.6138041019439697,0.44607311487197876,-0.0332079753279686,0.6077137589454651,0.48307186365127563,-0.020901929587125778,0.5244733691215515,0.47367146611213684,-0.06049583852291107,0.5864123702049255,0.4547612965106964,-0.06234440207481384,0.6092305183410645,0.4797499179840088,-0.04685715585947037,0.6091272830963135,0.5042515993118286,-0.03353423997759819
0.5113712549209595,0.572264552116394,1.3858041825187684e-07,0.5693809390068054,0.5685855150222778,0.014065852388739586,0.6142673492431641,0.552948534488678,0.009157045744359493,0.6547577977180481,0.5541488528251648,-0.002368058543652296,0.6813901662826538,0.5454716086387634,-0.014350480400025845,0.585383951663971,0.41875195503234863,-0.002171056345105171,0.608008086681366,0.35217416286468506,-0.013125522062182426,0.6231507658958435,0.30114710330963135,-0.024342810735106468,0.631033182144165,0.2566700577735901,-0.03385455906391144,0.5812679529190063,0.4206593632698059,-0.020160838961601257,0.658761739730835,0.4098179340362549,-0.033236317336559296,0.6848915219306946,0.455635130405426,-0.03889591991901398,0.6825862526893616,0.49259114265441895,-0.04092143476009369,0.5852333903312683,0.44766831398010254,-0.03604099899530411,0.6621963381767273,0.4351353943347931,-0.044592536985874176,0.683452308177948,0.479130357503891,-0.03590858355164528,0.6788750886917114,0.5135159492492676,-0.02845171093940735,0.5976151823997498,0.4850432276725769,-0.05160946398973465,0.6553756594657898,0.4727219045162201,-0.05309513211250305,0.6744574904441833,0.49773454666137695,-0.04061833769083023,0.6754936575889587,0.524770200252533,-0.030258383601903915
0.5461771488189697,0.5726995468139648,2.2259870036123175e-07,0.6144405007362366,0.5889356732368469,0.011276647448539734,0.659228503704071,0.572806715965271,0.008275363594293594,0.6960585117340088,0.5740088224411011,-0.0021365119609981775,0.7274366617202759,0.5729491710662842,-0.012962661683559418,0.6355023384094238,0.433594673871994,0.01430533453822136,0.6600253582000732,0.38179463148117065,0.007571687456220388,0.6775583624839783,0.3416123390197754,-0.0025885857176035643,0.6842772960662842,0.30630481243133545,-0.012421386316418648,0.6283925175666809,0.43043285608291626,-0.0028337074909359217,0.7026172280311584,0.42475518584251404,-0.019024048000574112,0.7315945029258728,0.47354257106781006,-0.03158210590481758,0.731747031211853,0.5143511891365051,-0.03689558804035187,0.6295964121818542,0.4521554112434387,-0.01921301893889904,0.7049159407615662,0.4388958811759949,-0.03291066735982895,0.7338060736656189,0.4860061705112457,-0.03243514522910118,0.7335014939308167,0.5246216654777527,-0.02876252867281437,0.6378749012947083,0.48808974027633667,-0.03539641574025154,0.6947968006134033,0.4819174110889435,-0.04526247829198837,0.719489574432373,0.5065489411354065,-0.041915956884622574,0.7242485880851746,0.5317896008491516,-0.036836814135313034
0.5564009547233582,0.5433815717697144,2.6695241217566945e-07,0.6256735324859619,0.5557706356048584,0.03059772588312626,0.6711758375167847,0.5453063249588013,0.04287797585129738,0.7073990702629089,0.5477399826049805,0.042446739971637726,0.7388126850128174,0.5321833491325378,0.040174875408411026,0.6524584293365479,0.4242629408836365,0.07101506739854813,0.6666953563690186,0.38567018508911133,0.08308437466621399,0.6780463457107544,0.36126062273979187,0.08053447306156158,0.6850797533988953,0.3365190029144287,0.07510777562856674,0.6490036845207214,0.41066429018974304,0.04695262759923935,0.7053449153900146,0.4137480556964874,0.04749903082847595,0.7310014963150024,0.4572031497955322,0.03305515646934509,0.7323800325393677,0.5009459853172302,0.025046339258551598,0.6466598510742188,0.41412970423698425,0.022485259920358658,0.7089618444442749,0.4243433475494385,0.020682603120803833,0.73163241147995,0.4732290804386139,0.013436133041977882,0.7331521511077881,0.5156097412109375,0.01059624645859003,0.6475353837013245,0.4332909882068634,-0.0005236784345470369,0.6972350478172302,0.435111403465271,-0.00019869874813593924,0.7172517776489258,0.4621458649635315,0.001939919893629849,0.7230156660079956,0.49030405282974243,0.004741606768220663
0.5752156376838684,0.5367518067359924,1.9107636717308196e-07,0.6301161646842957,0.5512056350708008,0.012390424497425556,0.6761209964752197,0.5375531911849976,0.017704632133245468,0.7132213115692139,0.5330898761749268,0.015276182442903519,0.740737795829773,0.5117761492729187,0.013760381378233433,0.6615774631500244,0.44561848044395447,0.04854508489370346,0.6988399624824524,0.4219246208667755,0.04511598125100136,0.7215590476989746,0.44854235649108887,0.03371655195951462,0.7262553572654724,0.4793209433555603,0.027309207245707512,0.6545215249061584,0.43141666054725647,0.03493567556142807,0.6987354159355164,0.409293532371521,0.028651481494307518,0.7247042059898376,0.44196122884750366,0.012784364633262157,0.7252987027168274,0.48241326212882996,0.004470036830753088,0.647730827331543,0.4233664274215698,0.018639151006937027,0.6970914602279663,0.40521422028541565,0.013870126567780972,0.722974956035614,0.43870145082473755,0.004996343981474638,0.7251875400543213,0.47637131810188293,0.0012983848573639989,0.6423594355583191,0.4255220890045166,0.0022576251067221165,0.6861320734024048,0.41610604524612427,-0.00015834058285690844,0.7114148736000061,0.43625810742378235,-0.001533950911834836,0.7200289964675903,0.4637041985988617,-0.0007175159407779574
0.5886875987052917,0.5427553653717041,3.2652778259034676e-07,0.638569176197052,0.5560995936393738,0.017343908548355103,0.6746594905853271,0.5428544878959656,0.03122316673398018,0.7068769335746765,0.5276901721954346,0.03598147630691528,0.717841625213623,0.4995783567428589,0.04060741513967514,0.6339783668518066,0.47214171290397644,0.07737213373184204,0.6626487970352173,0.4597109854221344,0.08996032923460007,0.6869065761566162,0.4706496298313141,0.0867471843957901,0.6983687281608582,0.4861413538455963,0.08407070487737656,0.6298813819885254,0.4506184458732605,0.06681189686059952,0.665747344493866,0.43802011013031006,0.07729136943817139,0.6923479437828064,0.4571392834186554,0.0650496780872345,0.7076032161712646,0.4836546778678894,0.05665566027164459,0.6298171877861023,0.43480584025382996,0.0531584769487381,0.6712121367454529,0.4262091815471649,0.06079849600791931,0.6978639960289001,0.4500257670879364,0.05047426000237465,0.7088364958763123,0.481528103351593,0.043451663106679916,0.6345335245132446,0.42609527707099915,0.039411988109350204,0.6747413873672485,0.42172443866729736,0.04694648087024689,0.6973678469657898,0.4421234726905823,0.0465828999876976,0.7083308100700378,0.4708186686038971,0.0461808517575264
0.5762744545936584,0.5416818857192993,1.7147524999927555e-07,0.6233247518539429,0.5478224754333496,0.01771862432360649,0.6550257205963135,0.5248987078666687,0.032292451709508896,0.6781941056251526,0.5084336996078491,0.038926612585783005,0.6887109279632568,0.4855325520038605,0.046070586889982224,0.6033202409744263,0.4541138708591461,0.0656275674700737,0.6325116157531738,0.44830644130706787,0.07553348690271378,0.6565884351730347,0.46590304374694824,0.07322622835636139,0.6667109727859497,0.4848302900791168,0.07124615460634232,0.6025058031082153,0.43588683009147644,0.05473202466964722,0.6400988101959229,0.43762221932411194,0.06112726405262947,0.6683173179626465,0.4601614475250244,0.05129193887114525,0.6798486113548279,0.48423466086387634,0.04525689408183098,0.6064973473548889,0.4230700135231018,0.041227515786886215,0.6501790881156921,0.4292681813240051,0.04190210998058319,0.6768438220024109,0.4599124789237976,0.030828140676021576,0.6848301291465759,0.49011489748954773,0.025226540863513947,0.6155739426612854,0.41439786553382874,0.028318997472524643,0.6579179763793945,0.4212494194507599,0.029083367437124252,0.6762224435806274,0.44777461886405945,0.02570665441453457,0.6807194352149963,0.47602546215057373,0.02454625442624092
0.553053617477417,0.5738780498504639,-1.545193661911526e-08,0.56983482837677,0.5406320095062256,0.026041902601718903,0.588159441947937,0.5033395290374756,0.03131159022450447,0.6104017496109009,0.4835851788520813,0.027391748502850533,0.628792405128479,0.46350744366645813,0.022094380110502243,0.5416154861450195,0.4556397497653961,0.037514179944992065,0.5461103916168213,0.44611695408821106,0.037732962518930435,0.5465670824050903,0.4421592652797699,0.032016221433877945,0.5407090187072754,0.4337937533855438,0.0270326379686594,0.5545699596405029,0.4385034739971161,0.01792350597679615,0.5909945964813232,0.42674505710601807,0.01714046485722065,0.6135645508766174,0.44598251581192017,0.009397115558385849,0.6204854249954224,0.4723378121852875,0.004842867609113455,0.5765000581741333,0.43204835057258606,-0.0008220199961215258,0.6297353506088257,0.44039440155029297,-0.004099105950444937,0.651831328868866,0.472350150346756,-0.00839676707983017,0.6554443836212158,0.4989203214645386,-0.010132523253560066,0.60594242811203,0.4318586587905884,-0.01772724837064743,0.6503952145576477,0.44186437129974365,-0.016511820256710052,0.6640770435333252,0.4637794494628906,-0.013061262667179108,0.6634933948516846,0.48518505692481995,-0.010129090398550034
0.5553574562072754,0.5732181072235107,6.925970552629224e-08,0.5325199961662292,0.5301388502120972,0.016936510801315308,0.536166787147522,0.4857507050037384,0.014051796868443489,0.5509658455848694,0.4556468427181244,0.006326067727059126,0.5703427791595459,0.435461163520813,-0.003006520215421915,0.5167355537414551,0.4614124894142151,-0.002865141723304987,0.49614426493644714,0.40489432215690613,-0.009302548132836819,0.48750069737434387,0.36677026748657227,-0.014475375413894653,0.4820463955402374,0.3377060294151306,-0.01889856345951557,0.5380147099494934,0.4481380879878998,-0.017596641555428505,0.5636526346206665,0.3955567479133606,-0.022570816799998283,0.5869130492210388,0.4095498025417328,-0.02207653969526291,0.5939998626708984,0.4340793788433075,-0.02057994343340397,0.5661759972572327,0.4470895528793335,-0.0297613013535738,0.5952135920524597,0.40454378724098206,-0.03311787545681,0.6127866506576538,0.430880606174469,-0.0260700061917305,0.6152843832969666,0.4605409801006317,-0.02137065678834915,0.5992597341537476,0.4513891637325287,-0.04064880684018135,0.6295419931411743,0.43714988231658936,-0.04338708892464638,0.6390263438224792,0.46453291177749634,-0.03606967628002167,0.6375454664230347,0.49428144097328186,-0.029603498056530952
0.5528205037117004,0.5863017439842224,8.960050479345227e-08,0.5327091217041016,0.5260629653930664,0.018153024837374687,0.5400185585021973,0.47182169556617737,0.015672631561756134,0.5614187717437744,0.43960389494895935,0.00826262217015028,0.5855807662010193,0.4232890009880066,-0.0008244173950515687,0.5209526419639587,0.4491127133369446,-0.006397097837179899,0.5001676678657532,0.3779217302799225,-0.014465920627117157,0.49288374185562134,0.3313625156879425,-0.020811406895518303,0.48758465051651,0.2956550419330597,-0.02631574496626854,0.5440912246704102,0.441983163356781,-0.02265620231628418,0.578539252281189,0.3739820122718811,-0.03002140484750271,0.6037399768829346,0.3923746943473816,-0.029832404106855392,0.6077437996864319,0.4196551740169525,-0.02810986340045929,0.5741071701049805,0.44801193475723267,-0.03579073026776314,0.6078268885612488,0.3896496593952179,-0.03762488439679146,0.6248087286949158,0.41597825288772583,-0.027182647958397865,0.6235358119010925,0.442322701215744,-0.020603036507964134,0.606606125831604,0.46133023500442505,-0.0478130504488945,0.6360026597976685,0.42949599027633667,-0.04627010598778725,0.6441403031349182,0.45351287722587585,-0.03426279500126839,0.6401735544204712,0.4780592918395996,-0.025193363428115845
0.5513942837715149,0.5927615165710449,-1.012676609235541e-09,0.532658040523529,0.5187757611274719,0.026506837457418442,0.5385448336601257,0.45852920413017273,0.0284099318087101,0.5607109665870667,0.42044806480407715,0.02491382323205471,0.5880075097084045,0.4039779007434845,0.01960216648876667,0.5258938670158386,0.4358792304992676,-0.007884488441050053,0.5129165649414062,0.3463883697986603,-0.020720751956105232,0.5076348185539246,0.28914114832878113,-0.030095411464571953,0.50233393907547,0.2470262497663498,-0.036339886486530304,0.5514262914657593,0.4381537139415741,-0.024963032454252243,0.5901182293891907,0.3580501973628998,-0.03156523406505585,0.6181646585464478,0.376270055770874,-0.02810269594192505,0.6218368411064148,0.4061495363712311,-0.024174343794584274,0.5841321349143982,0.4545578360557556,-0.03784357011318207,0.6168768405914307,0.38522234559059143,-0.03510395810008049,0.6334640979766846,0.4070422649383545,-0.018701007589697838,0.630683958530426,0.432832807302475,-0.008345244452357292,0.6162500381469727,0.4781376123428345,-0.048810675740242004,0.64051753282547,0.42643100023269653,-0.03851121664047241,0.6452226638793945,0.4413786232471466,-0.018822483718395233,0.6392938494682312,0.46129336953163147,-0.004863233771175146
0.5453778505325317,0.597003161907196,4.956153176749467e-08,0.5392062067985535,0.5092636942863464,0.017125288024544716,0.5537079572677612,0.4469287097454071,0.01230364665389061,0.5820310115814209,0.417354941368103,0.002844585571438074,0.6123246550559998,0.4124678075313568,-0.008330348879098892,0.5420398712158203,0.42053693532943726,-0.018184568732976913,0.5395534634590149,0.32110530138015747,-0.03563863784074783,0.5407899022102356,0.2592882513999939,-0.04703296720981598,0.5394204258918762,0.2125038057565689,-0.054593440145254135,0.5702674388885498,0.4313148856163025,-0.035242706537246704,0.6148403286933899,0.35267403721809387,-0.050469595938920975,0.6377009153366089,0.3758206367492676,-0.05043274909257889,0.6367266178131104,0.4065760374069214,-0.047179870307445526,0.6024286150932312,0.4575382471084595,-0.048852600157260895,0.6398434638977051,0.3875012993812561,-0.053594399243593216,0.6519908905029297,0.4099412262439728,-0.038474228233098984,0.6447516083717346,0.43350285291671753,-0.026920391246676445,0.6324657797813416,0.4905751347541809,-0.06140878051519394,0.6576676368713379,0.4315255284309387,-0.05576994642615318,0.6601319909095764,0.44138312339782715,-0.03630903363227844,0.6524247527122498,0.45704561471939087,-0.021505480632185936
0.5566603541374207,0.5992297530174255,8.878630808339949e-08,0.5565723180770874,0.5101913809776306,0.012978496961295605,0.5778122544288635,0.44885000586509705,0.006126077380031347,0.6111241579055786,0.4252575635910034,-0.004693062510341406,0.6427338123321533,0.4262126684188843,-0.017051776871085167,0.5686272382736206,0.4222447872161865,-0.023198934271931648,0.5803125500679016,0.3220413029193878,-0.041930098086595535,0.5876578688621521,0.2592777609825134,-0.05352749302983284,0.5904911756515503,0.2113117128610611,-0.061176713556051254,0.5968829393386841,0.43999606370925903,-0.039037395268678665,0.6498556733131409,0.36578434705734253,-0.05630039423704147,0.6713277101516724,0.3896283507347107,-0.05751049891114235,0.6695210337638855,0.41946539282798767,-0.054781023412942886,0.6267880201339722,0.47371917963027954,-0.05161723122000694,0.6715307831764221,0.4061797559261322,-0.05884602665901184,0.682262659072876,0.42765292525291443,-0.04483695700764656,0.6743671894073486,0.4503040611743927,-0.033410340547561646,0.6539245247840881,0.5128294825553894,-0.06341161578893661,0.6841688752174377,0.4549996256828308,-0.060530826449394226,0.6859270334243774,0.4628795385360718,-0.04255596920847893,0.6777759194374084,0.4767518639564514,-0.028339605778455734
0.5769953727722168,0.6124724745750427,6.825370491014837e-08,0.5888493061065674,0.5247868299484253,0.015017217956483364,0.616218626499176,0.46949806809425354,0.00993675459176302,0.6515755653381348,0.4491649866104126,0.0009748773882165551,0.682806670665741,0.45551803708076477,-0.00928534660488367,0.615310549736023,0.4386446475982666,-0.020755518227815628,0.6425338983535767,0.34544238448143005,-0.03894549980759621,0.6610216498374939,0.28595757484436035,-0.0500328429043293,0.6733751893043518,0.24178166687488556,-0.05694523826241493,0.6389669179916382,0.4628967046737671,-0.03575758635997772,0.7047873735427856,0.41453635692596436,-0.05084545910358429,0.7213992476463318,0.4426299035549164,-0.049832023680210114,0.7159212231636047,0.46954309940338135,-0.04568858817219734,0.6628007292747498,0.5025432705879211,-0.04753569886088371,0.7195901870727539,0.45966580510139465,-0.052623406052589417,0.727973997592926,0.48065173625946045,-0.03756653144955635,0.7179038524627686,0.4991549849510193,-0.025542106479406357,0.6829434633255005,0.5471206903457642,-0.0584312379360199,0.7248309254646301,0.5074042677879333,-0.05418958142399788,0.7296096086502075,0.5113816261291504,-0.036376647651195526,0.7229962348937988,0.5182600021362305,-0.02192177064716816
0.5772286653518677,0.6273479461669922,2.8823288644730383e-08,0.6014694571495056,0.5618045926094055,0.03278592973947525,0.6397454142570496,0.526616632938385,0.035754669457674026,0.6823551058769226,0.5244215726852417,0.02966092713177204,0.7164953351020813,0.5310770869255066,0.021692557260394096,0.6288872361183167,0.46070414781570435,0.007284111808985472,0.6471612453460693,0.3764473795890808,0.0007849092362448573,0.6591303944587708,0.31949031352996826,-0.00552406208589673,0.6670100688934326,0.27448365092277527,-0.010946530848741531,0.6422728896141052,0.4726705849170685,-0.01611127331852913,0.7104737758636475,0.44303494691848755,-0.021199263632297516,0.7368572354316711,0.4790784418582916,-0.020867036655545235,0.7360413670539856,0.5152586698532104,-0.019507234916090965,0.6594370603561401,0.505980372428894,-0.03538106754422188,0.7248217463493347,0.4766468107700348,-0.03461172804236412,0.7445428967475891,0.5139158368110657,-0.022931605577468872,0.740034282207489,0.5478689074516296,-0.015559742227196693,0.6813099980354309,0.5458804368972778,-0.05263315513730049,0.7344673275947571,0.5248849391937256,-0.048168543726205826,0.7461929321289062,0.5511924624443054,-0.033393748104572296,0.74168860912323,0.5796282291412354,-0.022077253088355064
0.5726709365844727,0.6032131910324097,9.468526229738927e-08,0.6224836111068726,0.5765045285224915,0.029679477214813232,0.6668041944503784,0.5640487670898438,0.03006155788898468,0.7104571461677551,0.5756036639213562,0.021556269377470016,0.7382407188415527,0.5778456330299377,0.011973600834608078,0.6542457342147827,0.453843891620636,0.002379783196374774,0.6765157580375671,0.37294071912765503,-0.008800105191767216,0.6967741250991821,0.3212483823299408,-0.01947805844247341,0.7085528373718262,0.27773261070251465,-0.026942091062664986,0.6547396183013916,0.4619382321834564,-0.021379556506872177,0.7318562269210815,0.4514322280883789,-0.02951054833829403,0.7529486417770386,0.4971955418586731,-0.028357036411762238,0.7410655617713928,0.5312010049819946,-0.025001544505357742,0.6611591577529907,0.49744126200675964,-0.04163576290011406,0.7373979091644287,0.4789009392261505,-0.0460364930331707,0.7555773854255676,0.5242380499839783,-0.03108370304107666,0.74290931224823,0.5547974705696106,-0.019073203206062317,0.6762139797210693,0.5421386361122131,-0.05999559536576271,0.7380925416946411,0.5346180200576782,-0.059319548308849335,0.7514503002166748,0.5648271441459656,-0.04163358360528946,0.7415552735328674,0.5900073051452637,-0.026579439640045166
0.5647881627082825,0.5797553062438965,7.353472852855703e-08,0.5980651378631592,0.5022999048233032,0.023931214585900307,0.6391726136207581,0.4598858654499054,0.01983208768069744,0.6783301830291748,0.4511736035346985,0.00893387757241726,0.7110407948493958,0.45865434408187866,-0.0034503601491451263,0.644707441329956,0.4169445037841797,-0.016634134575724602,0.6792118549346924,0.33508729934692383,-0.03346817567944527,0.7024052143096924,0.2824668288230896,-0.04369352385401726,0.7179113626480103,0.2390349805355072,-0.05054958909749985,0.6517507433891296,0.43930500745773315,-0.03934125974774361,0.7319855690002441,0.4251329302787781,-0.055225856602191925,0.7500697374343872,0.4735511541366577,-0.05471651256084442,0.7405281066894531,0.507321834564209,-0.05123277008533478,0.6606467366218567,0.48246443271636963,-0.058099087327718735,0.7372055053710938,0.4669736921787262,-0.06757232546806335,0.7513328790664673,0.5108593106269836,-0.05363166704773903,0.7410852313041687,0.5388063192367554,-0.04222187399864197,0.6720823049545288,0.5327883958816528,-0.07511407881975174,0.7346465587615967,0.5199887752532959,-0.07623111456632614,0.7437172532081604,0.5480678677558899,-0.05944447219371796,0.7340600490570068,0.5687992572784424,-0.04545007273554802
0.531171441078186,0.5473624467849731,1.6699590332791558e-07,0.5779370069503784,0.5110187530517578,0.016870146617293358,0.6258617639541626,0.4940544664859772,0.00850122980773449,0.6722177863121033,0.5046090483665466,-0.006657132413238287,0.7077771425247192,0.5098807215690613,-0.021981431171298027,0.6153177618980408,0.3830684721469879,-0.013014675118029118,0.6463767886161804,0.3014369010925293,-0.03057944029569626,0.6690459251403809,0.2468048334121704,-0.04442291334271431,0.6838032007217407,0.20023903250694275,-0.05476188287138939,0.6159020662307739,0.39796650409698486,-0.0353001244366169,0.6946370005607605,0.3791598677635193,-0.05379472300410271,0.721062421798706,0.4266538918018341,-0.05826398730278015,0.7168954014778137,0.4644522964954376,-0.05863988772034645,0.6202206611633301,0.4376433193683624,-0.05493469536304474,0.7013136148452759,0.41720086336135864,-0.06639335304498672,0.7229698896408081,0.4604779779911041,-0.05339496582746506,0.7152523994445801,0.4912436604499817,-0.042797382920980453,0.6321213245391846,0.4877839982509613,-0.07395301014184952,0.6977736353874207,0.475283145904541,-0.07588450610637665,0.7122258543968201,0.5017580389976501,-0.059006061404943466,0.7053963541984558,0.5230703353881836,-0.045390911400318146
0.513299286365509,0.5653119683265686,2.8657149542254956e-08,0.5749679803848267,0.5502873659133911,0.025941476225852966,0.6149166226387024,0.5292608141899109,0.026953523978590965,0.6544221639633179,0.524132251739502,0.01888263411819935,0.683760404586792,0.514068067073822,0.010307546705007553,0.5850923657417297,0.40002647042274475,0.011445574462413788,0.6006330251693726,0.32233595848083496,0.0036128428764641285,0.6158968806266785,0.2711275517940521,-0.006527502089738846,0.6240525245666504,0.22467152774333954,-0.016020452603697777,0.5821887850761414,0.40585872530937195,-0.011453141458332539,0.6549198031425476,0.38008129596710205,-0.022805456072092056,0.683172345161438,0.4291929602622986,-0.028475435450673103,0.680889904499054,0.467832088470459,-0.03022175095975399,0.5906458497047424,0.43624189496040344,-0.031391654163599014,0.6609562635421753,0.40959829092025757,-0.03684382513165474,0.6845176219940186,0.4545319080352783,-0.02665056847035885,0.6796802282333374,0.4884960651397705,-0.01855504885315895,0.6076486110687256,0.4748101234436035,-0.05019536241889,0.663602888584137,0.46052393317222595,-0.048521969467401505,0.6818689107894897,0.4855279326438904,-0.034683167934417725,0.6809440851211548,0.5088157057762146,-0.023781348019838333
0.5132259130477905,0.565906822681427,1.0095315872149513e-07,0.5694364309310913,0.5464327931404114,0.02156301774084568,0.6102443337440491,0.5289298295974731,0.019301090389490128,0.6488390564918518,0.5267597436904907,0.009530588053166866,0.6751978397369385,0.5153160691261292,-0.00038631880306638777,0.5788674354553223,0.40225252509117126,0.002331162104383111,0.5935842990875244,0.32756468653678894,-0.008117119781672955,0.608437180519104,0.27715781331062317,-0.02047400362789631,0.6169531941413879,0.2321559637784958,-0.03092954307794571,0.5762524604797363,0.4086589813232422,-0.01848878338932991,0.6478270292282104,0.38571664690971375,-0.03002147562801838,0.6750566959381104,0.43226805329322815,-0.035731784999370575,0.6712298393249512,0.46944424510002136,-0.03796837106347084,0.5838862657546997,0.44035375118255615,-0.036419544368982315,0.6532758474349976,0.4144844710826874,-0.04272398352622986,0.676569938659668,0.45888519287109375,-0.03388926386833191,0.6705909371376038,0.4917452931404114,-0.026945697143673897,0.6003220081329346,0.4805402159690857,-0.05321594700217247,0.6556850075721741,0.46697744727134705,-0.05192258581519127,0.6726126074790955,0.4921179413795471,-0.037923794239759445,0.6691076159477234,0.5151292085647583,-0.027174100279808044
0.49833711981773376,0.5486135482788086,1.2701742946319428e-07,0.5542469024658203,0.5287937521934509,0.01972576044499874,0.5960802435874939,0.5114337801933289,0.01595117338001728,0.6373776197433472,0.5110520720481873,0.004817357752472162,0.6636676788330078,0.502335250377655,-0.006518716923892498,0.5647221803665161,0.388675719499588,-0.0014556585811078548,0.5802885890007019,0.31097567081451416,-0.013111455366015434,0.5958552360534668,0.25972336530685425,-0.024861600250005722,0.6041407585144043,0.21487975120544434,-0.03456643596291542,0.5610008239746094,0.3958209753036499,-0.022310350090265274,0.6342840790748596,0.3686075210571289,-0.03621723875403404,0.6618744134902954,0.415410578250885,-0.04103844240307808,0.6582046151161194,0.45350420475006104,-0.04179428890347481,0.5677376985549927,0.4276776611804962,-0.04043266549706459,0.638498067855835,0.3978918194770813,-0.049518074840307236,0.6627826690673828,0.4427071809768677,-0.03945270553231239,0.6575429439544678,0.47646206617355347,-0.030591316521167755,0.5835002660751343,0.46865546703338623,-0.057526543736457825,0.6409832835197449,0.4507317841053009,-0.05879325047135353,0.6614837050437927,0.4758554697036743,-0.04468923807144165,0.6609517335891724,0.4994145929813385,-0.03305923938751221
0.5075811743736267,0.5542070269584656,1.5681814602430677e-07,0.535279393196106,0.47090110182762146,0.021854067221283913,0.5781114101409912,0.42486268281936646,0.014955682680010796,0.6223618984222412,0.4170834720134735,0.0032363529317080975,0.6592011451721191,0.42874765396118164,-0.01009413879364729,0.5769774317741394,0.38481390476226807,-0.03389490023255348,0.6132103800773621,0.2924307584762573,-0.05866621062159538,0.6331572532653809,0.2335125207901001,-0.07394998520612717,0.6463549137115479,0.18498343229293823,-0.08366566896438599,0.5830667614936829,0.4104645848274231,-0.055463675409555435,0.6729004383087158,0.38254621624946594,-0.07869876176118851,0.695982813835144,0.428252249956131,-0.0781317800283432,0.6908840537071228,0.4661615788936615,-0.07324379682540894,0.5927534103393555,0.45776623487472534,-0.07255055755376816,0.6765971183776855,0.4335007965564728,-0.08624538779258728,0.6947715878486633,0.46901455521583557,-0.07036063820123672,0.6885690689086914,0.4963431656360626,-0.05618986859917641,0.6065844297409058,0.5116050839424133,-0.08762025833129883,0.6738206744194031,0.49268776178359985,-0.09042376279830933,0.6911468505859375,0.5055721998214722,-0.07280035316944122,0.6913402676582336,0.5159703493118286,-0.057737141847610474
0.48843589425086975,0.5400943756103516,1.6155095750036708e-07,0.5360952615737915,0.49321848154067993,0.018686769530177116,0.5850421786308289,0.46822476387023926,0.012066405266523361,0.6336752772331238,0.47377657890319824,-0.002550442237406969,0.6724291443824768,0.48314642906188965,-0.018149694427847862,0.5658817291259766,0.36820167303085327,-0.004580260254442692,0.5881778001785278,0.2857697308063507,-0.017145665362477303,0.6047172546386719,0.22917163372039795,-0.026911623775959015,0.6164650321006775,0.18291914463043213,-0.03551065921783447,0.5724996328353882,0.3812335729598999,-0.027639610692858696,0.6446448564529419,0.3540955185890198,-0.043823860585689545,0.6716258525848389,0.40199077129364014,-0.04910631477832794,0.6702407002449036,0.4437437653541565,-0.05030452460050583,0.5811669826507568,0.419853538274765,-0.04790504276752472,0.6532872915267944,0.4023142457008362,-0.05739863961935043,0.6736483573913574,0.4458642303943634,-0.04710235074162483,0.666371762752533,0.47819557785987854,-0.03901022672653198,0.5943986773490906,0.46884286403656006,-0.0675526112318039,0.6522843241691589,0.4552486836910248,-0.06895198673009872,0.6706898212432861,0.47760745882987976,-0.055208902806043625,0.6684313416481018,0.49805349111557007,-0.044563669711351395
0.42977774143218994,0.4720109701156616,1.573673671373399e-07,0.4743325114250183,0.4461863040924072,0.005597902927547693,0.5119170546531677,0.42491015791893005,-0.0012071358505636454,0.5485596060752869,0.4196609854698181,-0.012646861374378204,0.5749642252922058,0.40864697098731995,-0.023905131965875626,0.4839986562728882,0.3147978186607361,-0.0013548091519623995,0.4908248782157898,0.24334588646888733,-0.01144038513302803,0.49820810556411743,0.1944601833820343,-0.02172071859240532,0.5031164288520813,0.1555786430835724,-0.03086298145353794,0.48909980058670044,0.3173854351043701,-0.014432922936975956,0.5419440269470215,0.2890971899032593,-0.029177896678447723,0.5678947567939758,0.33029815554618835,-0.03756053000688553,0.5710225701332092,0.368154376745224,-0.04144318401813507,0.49799466133117676,0.340895414352417,-0.026681020855903625,0.5541477799415588,0.31246331334114075,-0.037809956818819046,0.5718266367912292,0.34903454780578613,-0.03406552970409393,0.5716713070869446,0.3796650171279907,-0.0301711056381464,0.5117440223693848,0.3751934766769409,-0.038995709270238876,0.5552676320075989,0.3684384822845459,-0.043886344879865646,0.5663567185401917,0.38737502694129944,-0.0373864471912384,0.5655547380447388,0.40504324436187744,-0.031691260635852814
0.3541465997695923,0.4245743751525879,2.5501333311694907e-07,0.3967960476875305,0.4250985383987427,-0.0023778367321938276,0.43363097310066223,0.4086351990699768,-0.009084666147828102,0.4695843756198883,0.40490758419036865,-0.01830291748046875,0.4961979389190674,0.39188352227211,-0.026311244815587997,0.40380796790122986,0.29964011907577515,-0.0030369784217327833,0.41580453515052795,0.24067988991737366,-0.009845010936260223,0.4253501296043396,0.19707955420017242,-0.015652688220143318,0.4308502674102783,0.1648568958044052,-0.020400194451212883,0.404511421918869,0.29678577184677124,-0.009609212167561054,0.45696717500686646,0.27795061469078064,-0.021166639402508736,0.4843531847000122,0.30651941895484924,-0.02652314491569996,0.4921906888484955,0.3379686772823334,-0.027204154059290886,0.4103151559829712,0.3129989206790924,-0.01613295078277588,0.4641391634941101,0.2961159944534302,-0.027496332302689552,0.48688915371894836,0.3249245285987854,-0.025509657338261604,0.49119049310684204,0.3529929220676422,-0.020908942446112633,0.4226871132850647,0.3390099108219147,-0.02309415489435196,0.46857118606567383,0.33191969990730286,-0.030710911378264427,0.48713815212249756,0.3506278395652771,-0.026583950966596603,0.49207860231399536,0.3724997043609619,-0.020491154864430428
0.30304858088493347,0.40036827325820923,2.126440534766516e-07,0.35769131779670715,0.4027129113674164,0.009537256322801113,0.3937564790248871,0.3838362693786621,0.006197551265358925,0.42403340339660645,0.38113152980804443,-0.003579888492822647,0.4508213698863983,0.3736168444156647,-0.013801269233226776,0.366455078125,0.27372145652770996,0.011320330202579498,0.38318902254104614,0.22654840350151062,0.006224046926945448,0.3938879370689392,0.18679095804691315,-0.0009682581876404583,0.4011691212654114,0.15658573806285858,-0.008206122554838657,0.35982850193977356,0.27115398645401,-0.004420136101543903,0.4173746109008789,0.2641969919204712,-0.018381267786026,0.44315630197525024,0.2986690402030945,-0.02831495739519596,0.44926705956459045,0.33374008536338806,-0.03255471587181091,0.35937970876693726,0.2857857942581177,-0.019623031839728355,0.42041105031967163,0.27845853567123413,-0.03175092488527298,0.44545796513557434,0.3141670525074005,-0.032687630504369736,0.45114046335220337,0.3467721939086914,-0.030882246792316437,0.36600667238235474,0.3122129738330841,-0.034514568746089935,0.4147535562515259,0.30752667784690857,-0.04185172915458679,0.43756264448165894,0.3277224600315094,-0.03885950893163681,0.44686928391456604,0.35010671615600586,-0.03498891741037369
0.2799205482006073,0.38909682631492615,2.164771188972736e-07,0.3519122302532196,0.3889968991279602,0.015531007200479507,0.3955552279949188,0.3633681833744049,0.01017262414097786,0.4329087734222412,0.3559582531452179,-0.004301460459828377,0.4693237543106079,0.3457205891609192,-0.01950594037771225,0.35957497358322144,0.22366484999656677,0.007343502249568701,0.37884533405303955,0.1533687263727188,-0.003535141469910741,0.39057600498199463,0.0985863208770752,-0.015526561066508293,0.39892104268074036,0.05549211800098419,-0.026686320081353188,0.34604108333587646,0.22039580345153809,-0.01557848509401083,0.41819044947624207,0.20509925484657288,-0.03650350123643875,0.44557809829711914,0.24076005816459656,-0.04927810654044151,0.4495546221733093,0.2711692750453949,-0.05519253388047218,0.34469369053840637,0.24122408032417297,-0.03712528571486473,0.4267701804637909,0.22361025214195251,-0.05553305149078369,0.4566305875778198,0.27411097288131714,-0.053668245673179626,0.46006956696510315,0.31434524059295654,-0.04922560602426529,0.3542916178703308,0.277434378862381,-0.0579133965075016,0.41888177394866943,0.2684919834136963,-0.06950168311595917,0.44742345809936523,0.29913175106048584,-0.0631478875875473,0.4577615261077881,0.32782262563705444,-0.05605033040046692
0.6109154224395752,0.9593712091445923,5.259467457108258e-07,0.5720134973526001,0.943825364112854,-0.007670174818485975,0.5362328290939331,0.9021970629692078,-0.019326139241456985,0.5141301155090332,0.8706600666046143,-0.034988876432180405,0.5030441284179688,0.8372066617012024,-0.05066107586026192,0.5650185346603394,0.8061838150024414,-0.016922829672694206,0.5609680414199829,0.7384624481201172,-0.039477430284023285,0.5545192956924438,0.6907802820205688,-0.05401468276977539,0.5514279007911682,0.6517110466957092,-0.06253854185342789,0.5899665355682373,0.804993748664856,-0.030057625845074654,0.58162522315979,0.7306448221206665,-0.055436160415410995,0.568655788898468,0.6781251430511475,-0.06964196264743805,0.5576077699661255,0.6355926394462585,-0.07534416019916534,0.6126386523246765,0.8206654191017151,-0.04389522969722748,0.5684701204299927,0.8154662847518921,-0.07157633453607559,0.54714035987854,0.8671229481697083,-0.0666317269206047,0.5405362248420715,0.9045167565345764,-0.05473390221595764,0.6280105113983154,0.8507777452468872,-0.059035275131464005,0.5858518481254578,0.8548660278320312,-0.07630570977926254,0.5694416165351868,0.8917645812034607,-0.06716358661651611,0.5667098164558411,0.9191250205039978,-0.054864417761564255
0.6184439659118652,0.7787749171257019,-9.50022016610319e-09,0.5597317814826965,0.7351325750350952,-0.0020009807776659727,0.5177392959594727,0.6906392574310303,-0.015389258041977882,0.486705482006073,0.6613954305648804,-0.03298057243227959,0.46442854404449463,0.6302378177642822,-0.05118253827095032,0.570459246635437,0.5947498083114624,-0.01432221382856369,0.5632873773574829,0.5134138464927673,-0.03781463950872421,0.5587100982666016,0.46310293674468994,-0.05319696292281151,0.5574317574501038,0.41614535450935364,-0.06410052627325058,0.5907657146453857,0.6052873134613037,-0.027237502858042717,0.5186762809753418,0.5788350105285645,-0.05881669372320175,0.5019351243972778,0.6331567168235779,-0.06364472210407257,0.5121139287948608,0.669660747051239,-0.06143063306808472,0.5990580320358276,0.6301725506782532,-0.04156598076224327,0.5283623933792114,0.6120930314064026,-0.0702265128493309,0.5174933671951294,0.660316526889801,-0.05897419527173042,0.5301526784896851,0.6943564414978027,-0.04452887177467346,0.5996775031089783,0.6608326435089111,-0.05656883865594864,0.5450486540794373,0.6429652571678162,-0.07753575593233109,0.5308074355125427,0.6726337671279907,-0.0709608793258667,0.5359399318695068,0.6989549398422241,-0.06036502122879028
0.5798361301422119,0.647293210029602,-3.168172568734917e-08,0.5098664164543152,0.5920614004135132,0.0072088344022631645,0.47217682003974915,0.5439990758895874,-0.005398633424192667,0.4424556493759155,0.5159927606582642,-0.02546752244234085,0.41884300112724304,0.4853886663913727,-0.04685008525848389,0.5470761060714722,0.44005143642425537,-0.004545898642390966,0.5400795936584473,0.35583198070526123,-0.0238023828715086,0.5359448194503784,0.304287314414978,-0.03819592669606209,0.5318402647972107,0.25940626859664917,-0.049113236367702484,0.5625529289245605,0.4527946710586548,-0.023771142587065697,0.485506147146225,0.3978915214538574,-0.04969453811645508,0.4494057595729828,0.44087693095207214,-0.05723496153950691,0.44249001145362854,0.476723313331604,-0.05908829718828201,0.5644485950469971,0.4789864420890808,-0.04363533854484558,0.49208101630210876,0.4189475476741791,-0.06625842303037643,0.45720571279525757,0.45367231965065,-0.06010034307837486,0.4499815106391907,0.491017609834671,-0.051626499742269516,0.5557218790054321,0.5108685493469238,-0.06360939145088196,0.5072125792503357,0.4536892771720886,-0.08110108971595764,0.4787861406803131,0.4625073969364166,-0.07747779786586761,0.46810755133628845,0.4880400598049164,-0.07066363841295242
0.5758106708526611,0.5739549994468689,-1.2099683033284236e-07,0.5070603489875793,0.5222139954566956,0.005500804167240858,0.4642757177352905,0.4735246002674103,-0.007641102187335491,0.4298866093158722,0.44291800260543823,-0.028070561587810516,0.4055942893028259,0.40542730689048767,-0.04936360567808151,0.5427258610725403,0.35888805985450745,-0.0013201041147112846,0.5304318070411682,0.27260828018188477,-0.017673123627901077,0.5224612355232239,0.22221946716308594,-0.02815939672291279,0.5166855454444885,0.18060897290706635,-0.036000918596982956,0.5590120553970337,0.3667745292186737,-0.019211050122976303,0.4792689085006714,0.3020518124103546,-0.04408776015043259,0.43656012415885925,0.3462992310523987,-0.049524903297424316,0.427738219499588,0.3871990740299225,-0.04878324642777443,0.5611148476600647,0.38914379477500916,-0.03807492554187775,0.48627445101737976,0.326466828584671,-0.06107567250728607,0.44685599207878113,0.3670806288719177,-0.05437228083610535,0.4398440718650818,0.40835481882095337,-0.044521477073431015,0.5524513721466064,0.4179251790046692,-0.05700673535466194,0.4986063838005066,0.3615367114543915,-0.0740155279636383,0.464679479598999,0.3791353702545166,-0.06933563202619553,0.4520147740840912,0.4107394218444824,-0.06121746078133583
0.6065648794174194,0.5803781151771545,-1.7187494449899532e-07,0.5338512063026428,0.5237579941749573,0.010943074710667133,0.4872131943702698,0.4683060050010681,0.0009593876311555505,0.45018965005874634,0.43242427706718445,-0.017923684790730476,0.4289405941963196,0.38902878761291504,-0.03766094520688057,0.5776291489601135,0.35312503576278687,0.00814375001937151,0.562588632106781,0.26005712151527405,-0.006708466447889805,0.5541293621063232,0.20738404989242554,-0.017406808212399483,0.5472747683525085,0.16281209886074066,-0.026253558695316315,0.5933510065078735,0.3585261106491089,-0.01353587955236435,0.5122665166854858,0.2848769426345825,-0.039233654737472534,0.46532395482063293,0.3263806700706482,-0.0475701279938221,0.4531702697277069,0.3709876239299774,-0.049055635929107666,0.5947569012641907,0.3791256844997406,-0.03614739701151848,0.5188698172569275,0.3049514889717102,-0.06030275300145149,0.47320669889450073,0.34272468090057373,-0.05656445026397705,0.4616256058216095,0.3879143297672272,-0.0485115647315979,0.5850943326950073,0.4068666696548462,-0.05832583084702492,0.531146764755249,0.3398365080356598,-0.07568350434303284,0.4932003915309906,0.351550430059433,-0.07240896672010422,0.4756247401237488,0.3834354877471924,-0.06549280881881714
0.6141456365585327,0.6102002263069153,-1.5778769579810614e-07,0.5386601090431213,0.5480988025665283,0.009055341593921185,0.4935912489891052,0.49224844574928284,-0.002429557964205742,0.45788225531578064,0.45776140689849854,-0.022620363160967827,0.4378272294998169,0.4122590124607086,-0.043660521507263184,0.5819698572158813,0.3705935478210449,0.005213082302361727,0.5693626403808594,0.2790794372558594,-0.009739360772073269,0.5600600838661194,0.2254234105348587,-0.02027180977165699,0.5524320602416992,0.18055398762226105,-0.029017522931098938,0.6008117198944092,0.37862852215766907,-0.015725336968898773,0.5212281346321106,0.3084290623664856,-0.04014202207326889,0.473222553730011,0.3514088988304138,-0.046567048877477646,0.46011707186698914,0.39622393250465393,-0.04747084155678749,0.6027761697769165,0.40165725350379944,-0.037863072007894516,0.5269700884819031,0.3307105004787445,-0.0603986494243145,0.48202112317085266,0.37003934383392334,-0.05474821478128433,0.47092145681381226,0.41527098417282104,-0.04663453251123428,0.5919420719146729,0.4316917359828949,-0.060014963150024414,0.5380734801292419,0.36765119433403015,-0.07668101787567139,0.4997551143169403,0.3819909393787384,-0.0727836862206459,0.4826866388320923,0.4150155484676361,-0.06608885526657104
0.5990242958068848,0.6048541069030762,-1.804912699299166e-07,0.5277993679046631,0.5441640019416809,0.013223863206803799,0.48802417516708374,0.49100083112716675,0.00766741344705224,0.45472246408462524,0.46080705523490906,-0.007424947340041399,0.43487823009490967,0.4210200011730194,-0.023370642215013504,0.5653494000434875,0.3840056359767914,0.019500233232975006,0.5571296811103821,0.3051392436027527,0.008501656353473663,0.548303484916687,0.26294633746147156,-0.0010126912966370583,0.5391490459442139,0.22641125321388245,-0.009182213805615902,0.5809981822967529,0.38731926679611206,-0.001711598364636302,0.5076509118080139,0.3260616660118103,-0.02367868833243847,0.4664543569087982,0.36607807874679565,-0.03423800691962242,0.4558907151222229,0.4090597331523895,-0.037825483828783035,0.5831933617591858,0.40538373589515686,-0.024078872054815292,0.511970579624176,0.3422895669937134,-0.04533373937010765,0.47237586975097656,0.3801926076412201,-0.04552144929766655,0.46273547410964966,0.4233877658843994,-0.0407484695315361,0.5743639469146729,0.4313357174396515,-0.045853205025196075,0.5226114988327026,0.3729272484779358,-0.06100035831332207,0.4882128834724426,0.3850780427455902,-0.05959366261959076,0.47279971837997437,0.4155050814151764,-0.054628655314445496
0.5927727818489075,0.6008718013763428,-1.8496292852887564e-07,0.5322135090827942,0.5406284332275391,0.013659155927598476,0.5006740093231201,0.49080514907836914,0.011183435097336769,0.47308018803596497,0.46186473965644836,-0.0003677616477943957,0.45336008071899414,0.4276242256164551,-0.013051319867372513,0.5691156387329102,0.4041717052459717,0.023083018139004707,0.5592933893203735,0.3388558626174927,0.016207680106163025,0.5520939230918884,0.30248406529426575,0.008682558313012123,0.5448317527770996,0.2698248028755188,0.0020228985231369734,0.5822931528091431,0.406894713640213,0.00429659616202116,0.5217583775520325,0.3599548935890198,-0.011990862898528576,0.4852641224861145,0.3889193832874298,-0.021992800757288933,0.4707908630371094,0.42186883091926575,-0.026520589366555214,0.5828678607940674,0.4200677275657654,-0.01549656130373478,0.5226345062255859,0.3670303523540497,-0.03188074007630348,0.4868130087852478,0.39557725191116333,-0.03402949869632721,0.4733513593673706,0.43231868743896484,-0.03212494030594826,0.5732201933860779,0.4378920793533325,-0.03469907119870186,0.5303564667701721,0.3877692222595215,-0.04579707980155945,0.4987483322620392,0.3934215307235718,-0.04504147544503212,0.480608195066452,0.41719523072242737,-0.04190615937113762
0.5447888374328613,0.6168445348739624,-9.39169808589213e-08,0.48696181178092957,0.5741976499557495,0.0023486928548663855,0.4536541700363159,0.5284775495529175,-0.0036964896135032177,0.42285072803497314,0.5032340288162231,-0.015022256411612034,0.40084734559059143,0.47529688477516174,-0.026624705642461777,0.5171840190887451,0.4334760010242462,0.007590008899569511,0.5038332343101501,0.37148091197013855,-0.0012615808518603444,0.4945217967033386,0.3330031633377075,-0.008507449179887772,0.48527589440345764,0.3018946647644043,-0.014373160898685455,0.5269967913627625,0.43446871638298035,-0.003839418524876237,0.4688941240310669,0.39284706115722656,-0.020785970613360405,0.4340274930000305,0.4200727641582489,-0.02983948215842247,0.4182824194431305,0.45146527886390686,-0.03341919183731079,0.5249221324920654,0.4459598660469055,-0.016488440334796906,0.4672428369522095,0.3999101519584656,-0.035100702196359634,0.4309481084346771,0.42895933985710144,-0.03917354717850685,0.4152264893054962,0.46581578254699707,-0.03761100769042969,0.5115103721618652,0.4638327360153198,-0.02892364375293255,0.4664001166820526,0.4205247163772583,-0.0416891947388649,0.43662941455841064,0.43092361092567444,-0.04249664023518562,0.4200005531311035,0.4578913152217865,-0.03984009847044945
0.4505540132522583,0.6824740171432495,2.918147856689757e-07,0.42041686177253723,0.6273497343063354,0.002447029110044241,0.3953738510608673,0.5815024375915527,0.0003784918808378279,0.36860519647598267,0.5535590052604675,-0.006129304878413677,0.3434712290763855,0.536992073059082,-0.011614171788096428,0.41207611560821533,0.5108062624931335,0.007229532115161419,0.3914531469345093,0.4406564235687256,-0.002528380835428834,0.3717723786830902,0.3998127281665802,-0.009190984070301056,0.35481205582618713,0.3686259388923645,-0.012991081923246384,0.40025395154953003,0.5118537545204163,-0.0012217166367918253,0.37196946144104004,0.44799235463142395,-0.011175026185810566,0.35021159052848816,0.42587560415267944,-0.016455266624689102,0.3376193344593048,0.41413038969039917,-0.019259747117757797,0.3850265443325043,0.5241094827651978,-0.01110075693577528,0.33899328112602234,0.4879584312438965,-0.02618672326207161,0.31367674469947815,0.5232418179512024,-0.031182141974568367,0.3085048794746399,0.5576421022415161,-0.030410058796405792,0.3660441040992737,0.5477195978164673,-0.020643360912799835,0.32682064175605774,0.5217151641845703,-0.030611230060458183,0.3069196343421936,0.5461381077766418,-0.030740829184651375,0.301149845123291,0.574931800365448,-0.02810603938996792
0.42821377515792847,0.7210504412651062,-1.0938740757637788e-07,0.36571142077445984,0.7018129825592041,0.012558568269014359,0.32416120171546936,0.6685072183609009,0.010424870066344738,0.2860560417175293,0.6558882594108582,0.00042775904876179993,0.2550499737262726,0.6414563059806824,-0.010392062366008759,0.3628259599208832,0.5431407690048218,0.016543809324502945,0.33493420481681824,0.4664406180381775,0.0067375157959759235,0.3155759572982788,0.4233580231666565,0.0009535886347293854,0.29865914583206177,0.38694003224372864,-0.0037688591983169317,0.3625260889530182,0.5437573790550232,-0.0008742353529669344,0.28088605403900146,0.5178357362747192,-0.020196599885821342,0.2554842233657837,0.570043683052063,-0.027171054854989052,0.25614699721336365,0.6080313920974731,-0.027752697467803955,0.3527854084968567,0.5622215270996094,-0.018936632201075554,0.27359893918037415,0.535403311252594,-0.040122129023075104,0.2504294216632843,0.590587317943573,-0.04082118347287178,0.25089842081069946,0.629456639289856,-0.03553728386759758,0.3355795741081238,0.590431809425354,-0.03588089719414711,0.2706518769264221,0.5602020025253296,-0.051616914570331573,0.24723994731903076,0.590101957321167,-0.050696127116680145,0.24382933974266052,0.6199955344200134,-0.04554576054215431
0.464354932308197,0.6989256739616394,-1.3125739428687666e-07,0.39881134033203125,0.6786401271820068,0.017055345699191093,0.3568030595779419,0.6379637718200684,0.017172615975141525,0.3203141987323761,0.6215843558311462,0.007053995039314032,0.28647446632385254,0.6048336625099182,-0.004166492260992527,0.39729905128479004,0.5149012804031372,0.027033627033233643,0.373517781496048,0.4332575798034668,0.01740710437297821,0.3529377579689026,0.38893336057662964,0.00987234991043806,0.33534976840019226,0.3517504930496216,0.003647699486464262,0.40033990144729614,0.5149224400520325,0.005290066823363304,0.3242698609828949,0.47594255208969116,-0.01488740649074316,0.2887551784515381,0.5226706266403198,-0.024216342717409134,0.28373217582702637,0.5600403547286987,-0.026579920202493668,0.3931610882282257,0.5314397215843201,-0.017564404755830765,0.3189958333969116,0.4855175018310547,-0.03838702291250229,0.2854730486869812,0.5359768271446228,-0.04005848243832588,0.2820192873477936,0.5769296884536743,-0.03582239896059036,0.37677010893821716,0.5563308596611023,-0.03933635726571083,0.3157748579978943,0.5181143879890442,-0.05330643430352211,0.28610560297966003,0.5440776944160461,-0.051937036216259,0.280786395072937,0.5744033455848694,-0.047171834856271744
0.5342931151390076,0.6312574148178101,-1.4673042869617348e-07,0.4658808708190918,0.5999767780303955,0.005431850906461477,0.4234241247177124,0.5566451549530029,-0.0005554817616939545,0.386688768863678,0.5337861180305481,-0.01285465992987156,0.3589457869529724,0.5044621229171753,-0.02530098892748356,0.48743385076522827,0.44103720784187317,0.009290456771850586,0.4647153317928314,0.3713967502117157,-0.002401999430730939,0.4479474425315857,0.3316376209259033,-0.010399887338280678,0.4337322413921356,0.29917633533477783,-0.016413817182183266,0.4951309561729431,0.44059351086616516,-0.005240605212748051,0.41917160153388977,0.3973733186721802,-0.02692481316626072,0.3841090500354767,0.4395062029361725,-0.036247383803129196,0.37744200229644775,0.47834527492523193,-0.038443196564912796,0.49034133553504944,0.4540090262889862,-0.0208454467356205,0.415234237909317,0.4072599709033966,-0.044654637575149536,0.38112783432006836,0.45188993215560913,-0.04684199392795563,0.37669381499290466,0.49449974298477173,-0.04200521856546402,0.4741387963294983,0.47615671157836914,-0.035719629377126694,0.41309481859207153,0.4323403835296631,-0.05259126052260399,0.3840983808040619,0.45270293951034546,-0.052281878888607025,0.37783563137054443,0.4850291311740875,-0.04738042876124382
0.5757570266723633,0.6163821816444397,-1.6541342517939484e-07,0.5010077357292175,0.5832690596580505,0.01613631658256054,0.45688000321388245,0.5369302034378052,0.01335995178669691,0.41995149850845337,0.514176607131958,0.0011772889411076903,0.39112919569015503,0.48367929458618164,-0.012031136080622673,0.5177254676818848,0.41958582401275635,0.021233633160591125,0.493123859167099,0.3449395000934601,0.013989169150590897,0.47472047805786133,0.3045082688331604,0.008560980670154095,0.4576723873615265,0.2724129557609558,0.003463846631348133,0.5285244584083557,0.41977187991142273,0.0002983196754939854,0.4463741183280945,0.38075098395347595,-0.017842531204223633,0.41195401549339294,0.4231851100921631,-0.026190733537077904,0.4057740569114685,0.46100476384162903,-0.028724992647767067,0.5268829464912415,0.43498510122299194,-0.02111891843378544,0.44632983207702637,0.3890151381492615,-0.03982008993625641,0.4134077727794647,0.43153437972068787,-0.039791207760572433,0.40851926803588867,0.4724940359592438,-0.03532140329480171,0.5146791934967041,0.45814642310142517,-0.04144323244690895,0.45216745138168335,0.41244232654571533,-0.05458270013332367,0.4222020208835602,0.429294228553772,-0.05266466364264488,0.4129101634025574,0.4591318964958191,-0.04779472574591637
0.6281261444091797,0.602709174156189,-1.9804149076207977e-07,0.5493189096450806,0.5576475858688354,0.01593286730349064,0.5025872588157654,0.5042946934700012,0.01474458072334528,0.4664987325668335,0.47810250520706177,0.003931830171495676,0.43662747740745544,0.44992780685424805,-0.007529393769800663,0.565079927444458,0.3894425630569458,0.024787217378616333,0.5388498306274414,0.31552955508232117,0.01592154987156391,0.5184018015861511,0.27587980031967163,0.008302271366119385,0.49965721368789673,0.24410375952720642,0.0019094328163191676,0.5789483785629272,0.3891819715499878,0.003898557974025607,0.4992886483669281,0.3454040288925171,-0.015566527843475342,0.4605003297328949,0.390063613653183,-0.025861360132694244,0.4502766728401184,0.4314173460006714,-0.02926762029528618,0.5810785293579102,0.4052812159061432,-0.018024099990725517,0.5031710863113403,0.35602277517318726,-0.037496019154787064,0.464185506105423,0.3990107476711273,-0.03927799314260483,0.4549798369407654,0.4422612488269806,-0.03553043305873871,0.5711575746536255,0.4319852888584137,-0.03902007266879082,0.5139090418815613,0.3829466998577118,-0.05102444440126419,0.4794934391975403,0.3959601819515228,-0.04962250962853432,0.4658687710762024,0.425473153591156,-0.045204054564237595
0.6804127097129822,0.5914221405982971,-2.785632489121781e-07,0.5999479293823242,0.5379728078842163,0.01863926462829113,0.5515763163566589,0.4837211072444916,0.012191342189908028,0.514018714427948,0.4525772035121918,-0.005573130212724209,0.48723697662353516,0.416159451007843,-0.024404972791671753,0.6204382181167603,0.3559206426143646,0.019162943586707115,0.5878118276596069,0.26805371046066284,0.008256057277321815,0.5663110017776489,0.22454336285591125,0.0005242521874606609,0.5451071858406067,0.18784883618354797,-0.006530419923365116,0.63812655210495,0.35689038038253784,-0.006401418708264828,0.5454457998275757,0.31005823612213135,-0.0292079858481884,0.5066881775856018,0.36668550968170166,-0.03579579293727875,0.4998626708984375,0.41308853030204773,-0.036447424441576004,0.642533004283905,0.3752223253250122,-0.032522521913051605,0.5531824231147766,0.32510921359062195,-0.05189155787229538,0.517570972442627,0.37673813104629517,-0.04595622047781944,0.5133756995201111,0.4242878258228302,-0.038116831332445145,0.6359688639640808,0.4030947685241699,-0.05817403271794319,0.5724911689758301,0.3556707203388214,-0.0712733194231987,0.5383570194244385,0.37614962458610535,-0.06678631901741028,0.5256217122077942,0.41071784496307373,-0.06026902049779892
0.6765833497047424,0.5922799110412598,-2.2689795287078596e-07,0.5898488163948059,0.5473562479019165,0.01061799842864275,0.5377329587936401,0.49660444259643555,-0.0007562821847386658,0.4967089295387268,0.4691970944404602,-0.02196452207863331,0.4689001739025116,0.4324781596660614,-0.04399357736110687,0.6063774228096008,0.35764840245246887,0.009310009889304638,0.5735767483711243,0.2676258683204651,-0.0052105397917330265,0.5507145524024963,0.2237234115600586,-0.01669991761445999,0.5278379917144775,0.18724963068962097,-0.02666984312236309,0.6264860033988953,0.36044666171073914,-0.013599192723631859,0.532814085483551,0.3131837546825409,-0.03914165124297142,0.49166297912597656,0.36878588795661926,-0.04934733733534813,0.4825081527233124,0.4156874120235443,-0.053435295820236206,0.6332619786262512,0.3816601037979126,-0.03751952201128006,0.5451914668083191,0.328563392162323,-0.059296056628227234,0.5038437843322754,0.37830427289009094,-0.05662501975893974,0.49492111802101135,0.42732229828834534,-0.051568400114774704,0.6284148097038269,0.41310232877731323,-0.0614718496799469,0.5642343759536743,0.3646497428417206,-0.07670234888792038,0.5248546004295349,0.3853732645511627,-0.07452338188886642,0.5076087117195129,0.4220678210258484,-0.07004547119140625
0.6788392066955566,0.5905728936195374,-2.574242330410925e-07,0.5950875282287598,0.5446807146072388,0.010874747298657894,0.542840301990509,0.4939662218093872,0.000923353829421103,0.5028883218765259,0.466823935508728,-0.01812039501965046,0.47576481103897095,0.4299600422382355,-0.037760935723781586,0.6109164953231812,0.356880247592926,0.007639194838702679,0.5762313008308411,0.26939159631729126,-0.006984204985201359,0.5530591607093811,0.22695046663284302,-0.017785636708140373,0.5310695171356201,0.191023051738739,-0.02681266888976097,0.6299733519554138,0.3587561845779419,-0.014209537766873837,0.5368921160697937,0.31105780601501465,-0.03879835456609726,0.49625933170318604,0.36739832162857056,-0.04738908261060715,0.4881341755390167,0.414850115776062,-0.05019308254122734,0.635414183139801,0.37990450859069824,-0.03702530637383461,0.547020673751831,0.32732516527175903,-0.05842612683773041,0.5074729919433594,0.37761881947517395,-0.05516717955470085,0.5001837611198425,0.4260333180427551,-0.04947303235530853,0.629947304725647,0.41145676374435425,-0.05974575877189636,0.5662842392921448,0.3633285462856293,-0.07490210980176926,0.5293956995010376,0.3830426335334778,-0.07271354645490646,0.5140945315361023,0.4183174669742584,-0.06800534576177597
0.6839628219604492,0.5900360941886902,-2.3463660170364165e-07,0.6002915501594543,0.5429278612136841,0.010609563440084457,0.5475479364395142,0.49267271161079407,-0.000155512141645886,0.5062547326087952,0.46501004695892334,-0.020311113446950912,0.4791836738586426,0.425408273935318,-0.04095693305134773,0.6146323084831238,0.35407888889312744,0.009785313159227371,0.5802341103553772,0.26536476612091064,-0.004107128828763962,0.5570408701896667,0.22226248681545258,-0.014905735850334167,0.5347384214401245,0.18604446947574615,-0.02413865178823471,0.6339565515518188,0.3561517000198364,-0.01254233717918396,0.5416898727416992,0.3090219497680664,-0.03675152733922005,0.5029947757720947,0.36429673433303833,-0.04558894783258438,0.4965948462486267,0.41072753071784973,-0.04858062043786049,0.6398494243621826,0.37738752365112305,-0.035891175270080566,0.5528638362884521,0.32600924372673035,-0.05641276016831398,0.5149654746055603,0.37579789757728577,-0.05233124643564224,0.5091933012008667,0.42351803183555603,-0.046214569360017776,0.634596586227417,0.40971052646636963,-0.059335656464099884,0.5712682604789734,0.36056917905807495,-0.07334494590759277,0.5344028472900391,0.37980374693870544,-0.06974797695875168,0.519216001033783,0.41571763157844543,-0.06409034132957458
0.6809391379356384,0.5926343202590942,-2.40836811826739e-07,0.5971077680587769,0.5442488789558411,0.01502174325287342,0.548566997051239,0.4910493791103363,0.006786163430660963,0.5099061131477356,0.46085280179977417,-0.012640777043998241,0.4800545573234558,0.4282216429710388,-0.033241912722587585,0.6096187829971313,0.35394352674484253,0.01707322522997856,0.5764093995094299,0.26713839173316956,0.004822596907615662,0.5546073317527771,0.22186003625392914,-0.0044636535458266735,0.5339844226837158,0.1831817328929901,-0.012821812182664871,0.6295599937438965,0.3557463586330414,-0.00803313683718443,0.5391832590103149,0.3127973675727844,-0.03185458481311798,0.4990822374820709,0.36937496066093445,-0.039887987077236176,0.49090903997421265,0.41551175713539124,-0.04193073883652687,0.6368892192840576,0.37673497200012207,-0.034209031611680984,0.5508948564529419,0.32922160625457764,-0.055397745221853256,0.5114226937294006,0.3823590576648712,-0.05112215876579285,0.5042152404785156,0.4308963716030121,-0.04444075748324394,0.6327693462371826,0.40847599506378174,-0.06025327369570732,0.5711287260055542,0.3601442873477936,-0.07467079907655716,0.5334915518760681,0.381794273853302,-0.07108619809150696,0.5179184079170227,0.41839537024497986,-0.06534573435783386
0.6723803281784058,0.593312680721283,-2.614550851376407e-07,0.5865723490715027,0.5437184572219849,0.022384410724043846,0.5390018224716187,0.494817316532135,0.01652047410607338,0.5011310577392578,0.4676603376865387,-0.0024786246940493584,0.47440972924232483,0.4293881058692932,-0.023045891895890236,0.6014243364334106,0.3597758114337921,0.02695087343454361,0.5704767107963562,0.2722638249397278,0.016481999307870865,0.5492847561836243,0.23109206557273865,0.007577269803732634,0.5273522734642029,0.19687144458293915,-0.0004958561039529741,0.6200500726699829,0.36056190729141235,-0.0014188793720677495,0.5289009809494019,0.3201155662536621,-0.024153565987944603,0.4913594126701355,0.37871143221855164,-0.03372586518526077,0.484863817691803,0.4260301887989044,-0.036917924880981445,0.6263504028320312,0.3803914487361908,-0.030384553596377373,0.5395763516426086,0.3331182599067688,-0.049933820962905884,0.503771960735321,0.3879935145378113,-0.045892708003520966,0.4986537992954254,0.43765589594841003,-0.03955293074250221,0.6216771602630615,0.4105386734008789,-0.058611348271369934,0.5598302483558655,0.36389362812042236,-0.07170040160417557,0.5239412784576416,0.386970192193985,-0.0676681399345398,0.5091169476509094,0.4242684245109558,-0.061648570001125336
0.6653037667274475,0.5942724347114563,-2.252279784897837e-07,0.5827357769012451,0.5476576089859009,0.013157489709556103,0.5335189700126648,0.49710533022880554,0.004259354900568724,0.4947075843811035,0.4664345681667328,-0.015516641549766064,0.46934768557548523,0.4316541850566864,-0.03612300008535385,0.5941329002380371,0.36029934883117676,0.01738145761191845,0.5653670430183411,0.27366310358047485,0.004363290499895811,0.5450686812400818,0.23079225420951843,-0.0060301548801362514,0.5230352282524109,0.19569650292396545,-0.01489123236387968,0.6132482290267944,0.3602079451084137,-0.00626748614013195,0.5242449641227722,0.3217960000038147,-0.030741188675165176,0.4865725636482239,0.3780970275402069,-0.04066060110926628,0.47754234075546265,0.4235576093196869,-0.043783679604530334,0.6205343008041382,0.3787720203399658,-0.031103234738111496,0.5353847146034241,0.33497941493988037,-0.05240102857351303,0.498129665851593,0.3877500891685486,-0.04937293753027916,0.4899170398712158,0.43685951828956604,-0.043201595544815063,0.6170815229415894,0.4088869094848633,-0.05595839023590088,0.5555438995361328,0.36609169840812683,-0.07001101225614548,0.51810222864151,0.387262225151062,-0.06691224873065948,0.5007216930389404,0.42272424697875977,-0.06126312538981438
0.6853649020195007,0.5926406383514404,-2.364381970210161e-07,0.6047716736793518,0.5396450161933899,0.014726798981428146,0.5548809766769409,0.488940954208374,0.0076142726466059685,0.5147066712379456,0.4603520333766937,-0.010375794023275375,0.48670437932014465,0.4219159781932831,-0.028876135125756264,0.6205663084983826,0.3559860289096832,0.020450903102755547,0.590828001499176,0.2687610387802124,0.007821597158908844,0.5701601505279541,0.22288835048675537,-0.0019519840134307742,0.5504215955734253,0.1837928742170334,-0.01041431911289692,0.6385517120361328,0.35601407289505005,-0.004014558158814907,0.5485413074493408,0.305688738822937,-0.029313426464796066,0.5096557140350342,0.3612385094165802,-0.03882893547415733,0.5035160183906555,0.4100271463394165,-0.04059431701898575,0.6448520421981812,0.37355345487594604,-0.02974230796098709,0.5581719875335693,0.324401319026947,-0.051990628242492676,0.5222532749176025,0.3760110139846802,-0.04861624166369438,0.5188067555427551,0.42462268471717834,-0.04114023223519325,0.6406473517417908,0.4014943540096283,-0.055326372385025024,0.5770196914672852,0.354597270488739,-0.0700022503733635,0.5410961508750916,0.3759649395942688,-0.06640255451202393,0.5277153849601746,0.41254526376724243,-0.0597740113735199
0.7317861914634705,0.5952913761138916,-2.0535934197596362e-07,0.658581554889679,0.5424753427505493,0.003898743074387312,0.6031903028488159,0.48630064725875854,-0.008941816166043282,0.5584554076194763,0.45355868339538574,-0.03056291490793228,0.5315240621566772,0.40955302119255066,-0.051925137639045715,0.6710101962089539,0.348394513130188,0.004504624754190445,0.6388509273529053,0.24460045993328094,-0.015358075499534607,0.6153667569160461,0.19047550857067108,-0.030150823295116425,0.5940890312194824,0.14625033736228943,-0.04131767153739929,0.6908735036849976,0.35193559527397156,-0.016018176451325417,0.6119129657745361,0.2848908305168152,-0.049888238310813904,0.5638790726661682,0.3329389989376068,-0.06360470503568649,0.5500924587249756,0.3857020139694214,-0.06657800078392029,0.7015857696533203,0.3725976049900055,-0.0382363460958004,0.6293302774429321,0.3094143867492676,-0.06510738283395767,0.580272912979126,0.3515554368495941,-0.0640411376953125,0.5668573379516602,0.4011286795139313,-0.05648535490036011,0.7046069502830505,0.4041634202003479,-0.06122405454516411,0.6518611311912537,0.34657803177833557,-0.07744938135147095,0.6072748303413391,0.35485440492630005,-0.07562524080276489,0.5852385759353638,0.3849595785140991,-0.06940817087888718
0.7685208916664124,0.6085080504417419,-2.0929135757796757e-07,0.6897428631782532,0.5524675250053406,-0.00047049540444277227,0.630724310874939,0.4903557300567627,-0.01576981507241726,0.5847265720367432,0.4563392996788025,-0.039386048913002014,0.5566380620002747,0.4095042943954468,-0.0627131536602974,0.7051553726196289,0.33762234449386597,-0.001861645607277751,0.6771461963653564,0.22222116589546204,-0.026331476867198944,0.6527903079986572,0.1615389734506607,-0.04379187896847725,0.629519522190094,0.11281204223632812,-0.05628730729222298,0.7291925549507141,0.345382422208786,-0.021365134045481682,0.6528023481369019,0.268376886844635,-0.06232422590255737,0.5983656644821167,0.32209262251853943,-0.07791286706924438,0.5806640386581421,0.38082364201545715,-0.08040844649076462,0.7431533932685852,0.3712061047554016,-0.04290952533483505,0.6724473237991333,0.3034173846244812,-0.07634968310594559,0.6168625950813293,0.35088950395584106,-0.07641760259866714,0.5990238189697266,0.4047926962375641,-0.06779572367668152,0.7480263710021973,0.40815553069114685,-0.0653083473443985,0.6936106085777283,0.34781405329704285,-0.08502576500177383,0.6446641087532043,0.36352643370628357,-0.08285119384527206,0.6200506687164307,0.39934733510017395,-0.07532957196235657
0.719088077545166,0.5814546346664429,-2.1653724502357363e-07,0.6461066007614136,0.5164522528648376,0.015221078880131245,0.6044424176216125,0.4621639847755432,0.009688728488981724,0.5681254267692566,0.4309258460998535,-0.00679819006472826,0.5372157692909241,0.3944738507270813,-0.024348018690943718,0.6648885607719421,0.3453488349914551,0.025824526324868202,0.6385164856910706,0.2655736804008484,0.016652025282382965,0.6229057908058167,0.2245844006538391,0.008410775102674961,0.6080477237701416,0.18596476316452026,0.0009534205892123282,0.6826795339584351,0.34814321994781494,0.0031601148657500744,0.6066854596138,0.29373788833618164,-0.018191058188676834,0.5677180886268616,0.3372052013874054,-0.028404751792550087,0.556053102016449,0.3806105852127075,-0.03162289410829544,0.6879693269729614,0.3648853302001953,-0.020789040252566338,0.6141034960746765,0.31568971276283264,-0.03963316231966019,0.5762454867362976,0.35774028301239014,-0.03871564194560051,0.5658546090126038,0.40180709958076477,-0.03402973338961601,0.6819598078727722,0.38973334431648254,-0.04452056437730789,0.6296990513801575,0.34630724787712097,-0.05466393381357193,0.5950053930282593,0.36233392357826233,-0.05133764073252678,0.5782444477081299,0.39206406474113464,-0.04635297507047653
0.7041219472885132,0.5749009847640991,-1.2966745543963043e-07,0.6450441479682922,0.5333342552185059,0.026516839861869812,0.6100189089775085,0.48917636275291443,0.030621716752648354,0.5800891518592834,0.4639451801776886,0.02212226577103138,0.5550565123558044,0.4330759644508362,0.012531029991805553,0.6599754691123962,0.39778265357017517,0.05206315591931343,0.644031286239624,0.3377082943916321,0.05800005421042442,0.6283029317855835,0.30814722180366516,0.0586257241666317,0.6125009059906006,0.28330373764038086,0.056185752153396606,0.6704071760177612,0.39632269740104675,0.026753868907690048,0.6154638528823853,0.35603079199790955,0.024540001526474953,0.581501841545105,0.382851243019104,0.019791696220636368,0.5685463547706604,0.4110487997531891,0.017095567658543587,0.6705290079116821,0.4051576256752014,0.0002642872859723866,0.6147178411483765,0.3581119775772095,-0.003601222764700651,0.5823395252227783,0.3869015574455261,-0.0026059674564749002,0.5719021558761597,0.42126068472862244,-0.0013409170787781477,0.6614439487457275,0.4199356138706207,-0.02539878524839878,0.6188687682151794,0.37342405319213867,-0.026859045028686523,0.5919948816299438,0.38326603174209595,-0.022840900346636772,0.580967903137207,0.40989983081817627,-0.01962149888277054
0.7042988538742065,0.5674524903297424,-1.4179869367580977e-07,0.6515368223190308,0.5310319662094116,0.022338850423693657,0.6166380643844604,0.48449277877807617,0.025552555918693542,0.587536096572876,0.4575580656528473,0.0171615332365036,0.5676831007003784,0.4260302484035492,0.007842648774385452,0.667592465877533,0.3930884897708893,0.04565902799367905,0.6550394892692566,0.33333784341812134,0.048753853887319565,0.6390882730484009,0.3020908832550049,0.04792375490069389,0.6219046711921692,0.2780517339706421,0.04496380686759949,0.6778004765510559,0.3920374810695648,0.022507406771183014,0.6247468590736389,0.3475859761238098,0.0169450081884861,0.5900318622589111,0.3729463219642639,0.011255273595452309,0.5759917497634888,0.4005773961544037,0.009154911153018475,0.6794223785400391,0.39942553639411926,-0.0018949169898405671,0.6258110404014587,0.3514570891857147,-0.008944968692958355,0.5918979048728943,0.37987470626831055,-0.008780770003795624,0.5791909694671631,0.4133165776729584,-0.006642722990363836,0.6734423041343689,0.41256994009017944,-0.025643961504101753,0.6310878992080688,0.368101567029953,-0.02986975759267807,0.6024119257926941,0.3754200041294098,-0.027298703789711,0.5889041423797607,0.39836692810058594,-0.024023668840527534
0.7141016721725464,0.5615758895874023,-1.4764698619273986e-07,0.6601630449295044,0.5228415131568909,0.016142847016453743,0.624748945236206,0.4757569134235382,0.016537034884095192,0.5945900082588196,0.4486020803451538,0.007058590184897184,0.5735927820205688,0.4164416790008545,-0.0028517069295048714,0.6789671182632446,0.3833393156528473,0.03451666980981827,0.6662741899490356,0.3202034831047058,0.03417026996612549,0.6498425602912903,0.28739553689956665,0.03187781199812889,0.6324746608734131,0.26237574219703674,0.028446054086089134,0.688596785068512,0.3834061026573181,0.014498988166451454,0.6352428197860718,0.334878534078598,0.0051045892760157585,0.5983976125717163,0.3600578010082245,-0.0014534816145896912,0.5822454690933228,0.39004477858543396,-0.00350738107226789,0.6901546120643616,0.39188337326049805,-0.006874083541333675,0.6363451480865479,0.340370774269104,-0.017191367223858833,0.5996796488761902,0.36765003204345703,-0.018203815445303917,0.5847750306129456,0.4019271731376648,-0.016079667955636978,0.684148907661438,0.4061727523803711,-0.027840130031108856,0.6423887610435486,0.3594242334365845,-0.034116897732019424,0.6120578050613403,0.36489471793174744,-0.03269370645284653,0.5963230133056641,0.386921226978302,-0.029789607971906662
0.6498461365699768,0.6268532276153564,-2.7732031071536767e-07,0.5678190588951111,0.5868694186210632,0.00851489044725895,0.5162842869758606,0.5337920784950256,-0.0011923540150746703,0.47125035524368286,0.5040651559829712,-0.019252268597483635,0.43324530124664307,0.4791252613067627,-0.0376826636493206,0.5829787254333496,0.38485854864120483,0.0020614084787666798,0.5482594966888428,0.285128653049469,-0.017406657338142395,0.516057014465332,0.2417178750038147,-0.029094312340021133,0.48266735672950745,0.20991158485412598,-0.036992207169532776,0.5986201763153076,0.384370893239975,-0.018514424562454224,0.500878095626831,0.32666832208633423,-0.04737807810306549,0.4516375958919525,0.38210996985435486,-0.056032631546258926,0.4336760640144348,0.43188831210136414,-0.057317961007356644,0.6005712151527405,0.4053989350795746,-0.0404282845556736,0.5067465901374817,0.3530619442462921,-0.06843958050012589,0.4617535471916199,0.4110506772994995,-0.06778386235237122,0.44822269678115845,0.4635211229324341,-0.061260025948286057,0.5899348258972168,0.43736395239830017,-0.06185578927397728,0.5191091299057007,0.393261581659317,-0.08003152161836624,0.4753365218639374,0.4175044894218445,-0.07917209714651108,0.45262640714645386,0.4524502456188202,-0.07428666949272156
0.5896925926208496,0.6757267713546753,-2.3330981946401153e-07,0.4858883023262024,0.6371088624000549,0.03133083134889603,0.4334816634654999,0.5820165872573853,0.031929127871990204,0.3945852518081665,0.5496543645858765,0.01830054074525833,0.36647599935531616,0.5127373337745667,0.002937043085694313,0.4921758472919464,0.43985241651535034,0.03181776776909828,0.4624238908290863,0.3367999792098999,0.02452932484447956,0.4336612820625305,0.2895313501358032,0.019871706143021584,0.4052674174308777,0.24960246682167053,0.013921421952545643,0.5091317892074585,0.43934446573257446,-0.0015127870719879866,0.4166041612625122,0.3788261413574219,-0.024618325755000114,0.37090134620666504,0.44073286652565,-0.031086359173059464,0.3619001507759094,0.4968241751194,-0.031461670994758606,0.5126195549964905,0.46202564239501953,-0.034951720386743546,0.4192342162132263,0.4005447328090668,-0.05766131728887558,0.3743969202041626,0.4600200057029724,-0.05637948960065842,0.3673703074455261,0.5156095027923584,-0.05113939568400383,0.5039678812026978,0.4970405399799347,-0.06653370708227158,0.4320531487464905,0.44293689727783203,-0.08280935883522034,0.3862069845199585,0.4673333764076233,-0.08244141191244125,0.36920976638793945,0.5043478012084961,-0.07947840541601181
0.48293745517730713,0.778899073600769,-2.6558834065326664e-07,0.40145954489707947,0.7754520177841187,0.014594942331314087,0.34920361638069153,0.7371765971183777,0.009818239137530327,0.30573776364326477,0.7198290824890137,-0.0033625250216573477,0.2676525413990021,0.703433096408844,-0.017451440915465355,0.3944922387599945,0.5866681933403015,0.010258236899971962,0.3437453806400299,0.5080044269561768,-0.002024261048063636,0.3119114935398102,0.47251689434051514,-0.01039011962711811,0.28353700041770935,0.44509807229042053,-0.01730835810303688,0.39901795983314514,0.588620126247406,-0.010694374330341816,0.3016171455383301,0.5566697120666504,-0.030623598024249077,0.2696511745452881,0.6159444451332092,-0.03779115900397301,0.26832062005996704,0.6617472767829895,-0.03981999680399895,0.39352521300315857,0.6125395894050598,-0.03164910897612572,0.2988117039203644,0.5767996907234192,-0.05089635029435158,0.2704343795776367,0.6347600817680359,-0.04786485433578491,0.2710556387901306,0.6785721182823181,-0.042133674025535583,0.37903550267219543,0.6501051187515259,-0.051724210381507874,0.30534976720809937,0.6186767220497131,-0.06641325354576111,0.2771076560020447,0.6476332545280457,-0.06363807618618011,0.27367258071899414,0.6788079738616943,-0.058193009346723557
0.5918154120445251,0.7207478880882263,-2.4740563731029397e-07,0.5051352977752686,0.6857729554176331,0.01553618535399437,0.45837679505348206,0.6419257521629333,0.012850989587605,0.42023032903671265,0.6256037354469299,0.0006580200279131532,0.38477185368537903,0.6124047040939331,-0.012938685715198517,0.506824254989624,0.5168128609657288,0.01911861263215542,0.4738716185092926,0.4438375234603882,0.008484543301165104,0.44516441226005554,0.4153367877006531,-0.0005154313985258341,0.41788241267204285,0.39144009351730347,-0.008663438260555267,0.5189861059188843,0.5173923969268799,-0.0023215939290821552,0.4356229901313782,0.4878069758415222,-0.022520191967487335,0.4008198380470276,0.5443669557571411,-0.034004125744104385,0.3911937177181244,0.5884340405464172,-0.039557598531246185,0.5226130485534668,0.539953887462616,-0.02445448935031891,0.436902791261673,0.5102113485336304,-0.04384414479136467,0.4052538275718689,0.5645855069160461,-0.04658708721399307,0.4000683128833771,0.6090035438537598,-0.04490702599287033,0.5164023041725159,0.5771113634109497,-0.045778773725032806,0.44953280687332153,0.546927273273468,-0.05831195414066315,0.41383805871009827,0.5665706396102905,-0.05877954140305519,0.3989073634147644,0.5935676693916321,-0.05695582926273346
0.6355957984924316,0.6573226451873779,-1.6006224257125723e-07,0.5589314103126526,0.6218817234039307,0.026847416535019875,0.5106157064437866,0.5776872634887695,0.030208716168999672,0.47159844636917114,0.5571231245994568,0.020363138988614082,0.44243893027305603,0.5309391021728516,0.009519539773464203,0.5576149225234985,0.4647328853607178,0.05328623577952385,0.5328299403190613,0.398929238319397,0.05464748293161392,0.5111026167869568,0.3715969920158386,0.05044808238744736,0.48747408390045166,0.3523833751678467,0.044912468641996384,0.5695217847824097,0.4612211585044861,0.025999359786510468,0.49987706542015076,0.42636868357658386,0.015885014086961746,0.46482011675834656,0.46692532300949097,0.004293978679925203,0.4522485136985779,0.5078102946281433,-0.0013725599274039268,0.5738585591316223,0.47000497579574585,-0.002477567410096526,0.5062013864517212,0.4316136837005615,-0.011161868460476398,0.4702387750148773,0.4705257713794708,-0.014219301752746105,0.4577487111091614,0.5129985809326172,-0.014052696526050568,0.5710713267326355,0.48857271671295166,-0.03000321425497532,0.5181446075439453,0.45384830236434937,-0.03340917453169823,0.4838240146636963,0.4666084051132202,-0.0314791202545166,0.46612533926963806,0.49360573291778564,-0.028852233663201332
0.6726452112197876,0.6103771924972534,-8.94405403073506e-08,0.6127825379371643,0.5767302513122559,0.011589300818741322,0.5664724707603455,0.525399923324585,0.01493231114000082,0.5316751599311829,0.4951532185077667,0.008148799650371075,0.5069433450698853,0.46092307567596436,0.0014389947755262256,0.5942882299423218,0.43892702460289,0.04943070188164711,0.5782122611999512,0.37649670243263245,0.04618872329592705,0.561474084854126,0.34680232405662537,0.037969209253787994,0.5447690486907959,0.32289981842041016,0.03062227927148342,0.6075347661972046,0.4333760142326355,0.03042694926261902,0.5662584900856018,0.3769887089729309,0.010421081446111202,0.5350611209869385,0.40365421772003174,-0.007724561728537083,0.5199857354164124,0.44087785482406616,-0.013695132918655872,0.6201746463775635,0.43392664194107056,0.008618537336587906,0.5800201892852783,0.3797900080680847,-0.008306893520057201,0.5460984110832214,0.40706193447113037,-0.017246615141630173,0.5296456217765808,0.4429270923137665,-0.016734255477786064,0.6328991651535034,0.4420228600502014,-0.013327332213521004,0.5993945598602295,0.3901200592517853,-0.020581718534231186,0.5666720867156982,0.38384702801704407,-0.02256033755838871,0.5446214079856873,0.3937537968158722,-0.021032411605119705
0.7049773335456848,0.5873920917510986,-1.6414745118709106e-07,0.6468489170074463,0.5324224233627319,0.015620611608028412,0.6103951930999756,0.4790786802768707,0.016133349388837814,0.578545093536377,0.44693347811698914,0.007016993127763271,0.5616620182991028,0.41050705313682556,-0.0020208628848195076,0.6777201890945435,0.3921579420566559,0.037789490073919296,0.670223593711853,0.3230275511741638,0.03520192205905914,0.6526777148246765,0.2912006974220276,0.03050229325890541,0.6331369280815125,0.26831457018852234,0.02558981254696846,0.6869729161262512,0.3903416693210602,0.017585622146725655,0.6390619874000549,0.33069807291030884,0.005309998523443937,0.5973456501960754,0.3557210862636566,-0.004346321802586317,0.5758523941040039,0.38999226689338684,-0.008054233156144619,0.6865283846855164,0.39793115854263306,-0.0045733992010355,0.6375765800476074,0.3385380208492279,-0.017155112698674202,0.5943599343299866,0.3638725280761719,-0.022313736379146576,0.5737136602401733,0.4005906581878662,-0.022359047085046768,0.6768771409988403,0.41235262155532837,-0.026155222207307816,0.636739194393158,0.35940295457839966,-0.03235343471169472,0.6000781655311584,0.3629063665866852,-0.03275444358587265,0.5776374936103821,0.3853728771209717,-0.03144460171461105
0.738193929195404,0.5721493363380432,-6.854757117480403e-08,0.6815369725227356,0.5143430233001709,0.000715800968464464,0.6490603685379028,0.45390084385871887,-0.008065594360232353,0.6198930740356445,0.41775456070899963,-0.02176968939602375,0.597072958946228,0.38040482997894287,-0.034556325525045395,0.7296895980834961,0.3666840195655823,-0.002355087548494339,0.7326793074607849,0.28172439336776733,-0.01785474643111229,0.7233781814575195,0.23286806046962738,-0.02747318707406521,0.712296724319458,0.1936294436454773,-0.03409630060195923,0.7388389706611633,0.37376609444618225,-0.015268574468791485,0.6823573708534241,0.29663705825805664,-0.03801741823554039,0.6353284120559692,0.31922492384910583,-0.04444394260644913,0.6160394549369812,0.34875616431236267,-0.04455874487757683,0.734161376953125,0.3905107378959656,-0.029576268047094345,0.6799060106277466,0.3077288269996643,-0.05145322531461716,0.6355848908424377,0.3291487693786621,-0.04989469051361084,0.6178590655326843,0.3639145493507385,-0.04298212751746178,0.7177663445472717,0.4127133786678314,-0.04414539039134979,0.6790235638618469,0.3433738946914673,-0.05909653753042221,0.6442124247550964,0.3388567566871643,-0.05777055770158768,0.624683678150177,0.35883408784866333,-0.052282944321632385
0.8088768720626831,0.5929515361785889,-1.0364262692519333e-07,0.7369353771209717,0.5176370143890381,0.006190421059727669,0.6960212588310242,0.4504716694355011,-0.007444006856530905,0.6604858636856079,0.4101201295852661,-0.027628343552350998,0.6346163749694824,0.3690933883190155,-0.04837479069828987,0.7964299321174622,0.35272613167762756,-0.014094795100390911,0.7934079766273499,0.24232922494411469,-0.03426889702677727,0.7842334508895874,0.1792978048324585,-0.04671657830476761,0.7716571688652039,0.1286952793598175,-0.056276701390743256,0.8092834949493408,0.37045133113861084,-0.03280426561832428,0.7300859093666077,0.2736211121082306,-0.06361967325210571,0.6778079271316528,0.30524295568466187,-0.07240356504917145,0.656236469745636,0.3465062081813812,-0.07463890314102173,0.8059880137443542,0.40053942799568176,-0.051232337951660156,0.7361346483230591,0.3047640323638916,-0.07787700742483139,0.6863363981246948,0.3284154534339905,-0.07397279888391495,0.6658856272697449,0.3671868145465851,-0.06616552174091339,0.7896033525466919,0.43302783370018005,-0.06920566409826279,0.7422018051147461,0.3538040816783905,-0.08713893592357635,0.7013934254646301,0.35028430819511414,-0.08473748713731766,0.6768397688865662,0.37004953622817993,-0.07890187203884125
0.8217577934265137,0.6048517823219299,-1.0962403962366807e-07,0.750468909740448,0.54784095287323,-0.006905290298163891,0.701183557510376,0.4902641773223877,-0.02742442861199379,0.6601551175117493,0.4586152136325836,-0.053666844964027405,0.634373128414154,0.4173850417137146,-0.08016917109489441,0.7779929637908936,0.35464829206466675,-0.022116705775260925,0.7623177170753479,0.24260856211185455,-0.05159498378634453,0.75053471326828,0.17633937299251556,-0.07120135426521301,0.7401965856552124,0.12204506993293762,-0.08478196710348129,0.8013875484466553,0.36910539865493774,-0.03878574073314667,0.7252292037010193,0.2904284596443176,-0.07933679223060608,0.672681450843811,0.3427179753780365,-0.08912737667560577,0.6570179462432861,0.3948745131492615,-0.0889645367860794,0.8107922077178955,0.4003649353981018,-0.05770431458950043,0.7416560053825378,0.32624340057373047,-0.0924026295542717,0.6886640787124634,0.36916619539260864,-0.08672724664211273,0.6722952127456665,0.41841965913772583,-0.07504687458276749,0.8079964518547058,0.4417329728603363,-0.07796705514192581,0.761865496635437,0.3768620789051056,-0.10070076584815979,0.7167832851409912,0.3883998394012451,-0.09700506925582886,0.6942803263664246,0.42014405131340027,-0.08861983567476273
0.7872630953788757,0.6083086729049683,-3.681718041548265e-08,0.737636148929596,0.5712911486625671,-0.023654578253626823,0.6955463290214539,0.5187289118766785,-0.04756008833646774,0.6589469909667969,0.4894980192184448,-0.07475713640451431,0.6378475427627563,0.4439450204372406,-0.1013551726937294,0.7262843251228333,0.38074570894241333,-0.030343472957611084,0.7205018997192383,0.26345932483673096,-0.06611240655183792,0.7073487043380737,0.19797885417938232,-0.08860725164413452,0.7022567391395569,0.14040517807006836,-0.10333867371082306,0.7541038393974304,0.3910081386566162,-0.0404062420129776,0.7221730947494507,0.2969914674758911,-0.09316753596067429,0.6794453263282776,0.36118265986442566,-0.10697267204523087,0.6678488254547119,0.4156607985496521,-0.10432861000299454,0.7800064086914062,0.41478195786476135,-0.054695528000593185,0.754534900188446,0.3332238793373108,-0.10020623356103897,0.7084428071975708,0.38566625118255615,-0.09833212941884995,0.6931273937225342,0.4326341450214386,-0.08464943617582321,0.805725634098053,0.44907164573669434,-0.07151762396097183,0.7849630117416382,0.37762266397476196,-0.09994272142648697,0.7445829510688782,0.3950236737728119,-0.0981576144695282,0.7242274284362793,0.42392921447753906,-0.08923902362585068
0.759952187538147,0.6163672208786011,-4.1248632953738706e-08,0.7120817303657532,0.5806445479393005,-0.0302114337682724,0.6723966002464294,0.5290029048919678,-0.05477151274681091,0.6366353034973145,0.4962216317653656,-0.08109813183546066,0.6324952840805054,0.4455104172229767,-0.10578685998916626,0.6942530274391174,0.39187249541282654,-0.031203385442495346,0.6802062392234802,0.27874916791915894,-0.06593351811170578,0.6668516993522644,0.2153855711221695,-0.08806134760379791,0.6628106236457825,0.15815922617912292,-0.102811299264431,0.7274069786071777,0.3987516164779663,-0.035580020397901535,0.704127311706543,0.31048375368118286,-0.08639898896217346,0.6698726415634155,0.3699527084827423,-0.10127348452806473,0.6603119969367981,0.42290985584259033,-0.09981319308280945,0.75972580909729,0.4194846451282501,-0.04459188133478165,0.7382920980453491,0.34437233209609985,-0.08852772414684296,0.6995572447776794,0.39517006278038025,-0.08774241805076599,0.6861826777458191,0.44031354784965515,-0.07494799047708511,0.7910178899765015,0.45158880949020386,-0.05654827132821083,0.7760727405548096,0.3863861858844757,-0.08342699706554413,0.7410368323326111,0.3981797695159912,-0.08277641236782074,0.722804605960846,0.41975465416908264,-0.07490009814500809
0.7216757535934448,0.6093420386314392,-1.5496162575345807e-08,0.6728911399841309,0.5811094641685486,-0.02631201781332493,0.6310824155807495,0.5213746428489685,-0.045751262456178665,0.5966702103614807,0.478013813495636,-0.06784725189208984,0.5936101675033569,0.4236372709274292,-0.08886206895112991,0.6418043971061707,0.40830522775650024,-0.016148075461387634,0.6180351972579956,0.3053997755050659,-0.04431436210870743,0.59918212890625,0.2502654194831848,-0.06518194824457169,0.5916357636451721,0.19597028195858002,-0.08060763031244278,0.6719767451286316,0.40487998723983765,-0.02207408845424652,0.6530972719192505,0.30516231060028076,-0.06761197745800018,0.6261860132217407,0.34963348507881165,-0.08880201727151871,0.6161339282989502,0.39427876472473145,-0.09326338022947311,0.7025076150894165,0.413822203874588,-0.03203587606549263,0.6834976673126221,0.32837849855422974,-0.06811755895614624,0.6546681523323059,0.3692532777786255,-0.07477057725191116,0.6450713872909546,0.4114551842212677,-0.06979774683713913,0.7355639338493347,0.4338531196117401,-0.044953566044569016,0.7165090441703796,0.36262059211730957,-0.06547968834638596,0.6865454316139221,0.36921387910842896,-0.0689346119761467,0.6701423525810242,0.3914969563484192,-0.06680261343717575
0.7044239640235901,0.6087654829025269,-6.069863900393102e-08,0.6486748456954956,0.5735372304916382,-0.012277843430638313,0.6025861501693726,0.5064416527748108,-0.021720383316278458,0.5667263269424438,0.46024253964424133,-0.03622312471270561,0.5500847101211548,0.4071987271308899,-0.049404606223106384,0.6279290318489075,0.4088100492954254,0.010959265753626823,0.6082558631896973,0.3197650611400604,-0.006241385359317064,0.5926377773284912,0.2724936604499817,-0.021181821823120117,0.5818083882331848,0.23181283473968506,-0.032470595091581345,0.651127278804779,0.4041479825973511,0.0017182495212182403,0.6209923028945923,0.31974300742149353,-0.03416559845209122,0.5854184031486511,0.34432947635650635,-0.054764214903116226,0.5665474534034729,0.3849491775035858,-0.059725355356931686,0.67389315366745,0.407857745885849,-0.011173849925398827,0.6481858491897583,0.32676270604133606,-0.039047468453645706,0.6109786629676819,0.3466147780418396,-0.048791591078042984,0.5908384323120117,0.3813413381576538,-0.04710635542869568,0.6988562345504761,0.4212642014026642,-0.02598200924694538,0.6766644716262817,0.35674965381622314,-0.04125433415174484,0.6395528316497803,0.3496139347553253,-0.04655463993549347,0.6127708554267883,0.36431121826171875,-0.046129245311021805
0.6888431310653687,0.6103503704071045,1.706139585166966e-08,0.6317850351333618,0.5682885050773621,-0.002476962748914957,0.5859958529472351,0.5029611587524414,-0.004820371046662331,0.5508698225021362,0.4559680223464966,-0.015299767255783081,0.5333372950553894,0.40054619312286377,-0.024697870016098022,0.6126345992088318,0.41856667399406433,0.03688329458236694,0.5958669185638428,0.3416508436203003,0.028652772307395935,0.5812729001045227,0.2990424931049347,0.01790516823530197,0.5698809623718262,0.2600719928741455,0.00835398305207491,0.6318858861923218,0.41218382120132446,0.023095957934856415,0.6006602048873901,0.33619964122772217,-0.0029253719840198755,0.5712708234786987,0.3491453528404236,-0.021978124976158142,0.5573858022689819,0.3792784512042999,-0.027788784354925156,0.6516253352165222,0.4124091565608978,0.00513962097465992,0.6233483552932739,0.33617326617240906,-0.016411541029810905,0.5872455835342407,0.3521486818790436,-0.02591582015156746,0.5675020217895508,0.3838863968849182,-0.025225603953003883,0.6742905974388123,0.4203832447528839,-0.014391694217920303,0.6498680710792542,0.3533213138580322,-0.024978408589959145,0.6147944331169128,0.34711799025535583,-0.02860763669013977,0.5896703600883484,0.3641703128814697,-0.028112633153796196
0.6699987649917603,0.6112965941429138,1.8326106498989247e-07,0.6096694469451904,0.5674619674682617,0.0061799874529242516,0.5686324834823608,0.5049791932106018,0.00750336516648531,0.5384203195571899,0.45706042647361755,-0.001733122393488884,0.514821469783783,0.40579020977020264,-0.01062801294028759,0.5942237377166748,0.42786580324172974,0.06256567686796188,0.5799914002418518,0.363366961479187,0.06704888492822647,0.5690667629241943,0.326913446187973,0.060875579714775085,0.5578760504722595,0.2923242151737213,0.05222449451684952,0.6119228601455688,0.4202880859375,0.045701343566179276,0.5826197266578674,0.360914021730423,0.03473338112235069,0.5592957139015198,0.36046403646469116,0.015776880085468292,0.5477257370948792,0.37674105167388916,0.0059535689651966095,0.6292749047279358,0.419931024312973,0.024479582905769348,0.6042695045471191,0.35580405592918396,0.013830444775521755,0.5721538066864014,0.3620530962944031,0.001195020042359829,0.5520737767219543,0.38539940118789673,-0.003936589229851961,0.6504539847373962,0.4255788326263428,0.0020830195862799883,0.6287792325019836,0.36434417963027954,-0.0022590490989387035,0.5969606041908264,0.3556855022907257,-0.007044866681098938,0.573017418384552,0.3701249957084656,-0.00980590470135212
0.6562910676002502,0.6120295524597168,8.958102171163773e-08,0.5987251996994019,0.5647166967391968,0.01897251233458519,0.5609287023544312,0.500008761882782,0.027809370309114456,0.5325263142585754,0.4530019760131836,0.02389340102672577,0.5101915597915649,0.4056538939476013,0.01994236931204796,0.6071338057518005,0.4283152222633362,0.07882402837276459,0.6003045439720154,0.37273961305618286,0.08813083916902542,0.5929850935935974,0.34258124232292175,0.08528018742799759,0.5834101438522339,0.31367892026901245,0.08001817017793655,0.6210107207298279,0.421367347240448,0.056864336133003235,0.5993233323097229,0.3596948981285095,0.05103231966495514,0.5679770708084106,0.3599987030029297,0.03398040682077408,0.5442920923233032,0.3787406086921692,0.026374483481049538,0.6337788105010986,0.41894006729125977,0.03133932873606682,0.6059691309928894,0.36010757088661194,0.024221159517765045,0.5677149295806885,0.36953112483024597,0.01498419139534235,0.5412255525588989,0.3936482071876526,0.013426347635686398,0.6451164484024048,0.4237216114997864,0.005724472459405661,0.6224703788757324,0.363362193107605,0.0064934431575238705,0.5968136191368103,0.3378806412220001,0.00603003753349185,0.5773480534553528,0.32889020442962646,0.006591708865016699
0.6464476585388184,0.6113553643226624,1.1167298197278797e-08,0.5935476422309875,0.5593236684799194,0.022668913006782532,0.5623741745948792,0.4996677339076996,0.028767382726073265,0.5362831950187683,0.456670880317688,0.02281954698264599,0.5217844843864441,0.4106638729572296,0.017003627493977547,0.6315896511077881,0.4181743264198303,0.06075428053736687,0.6386933326721191,0.35429924726486206,0.07172348350286484,0.6355141401290894,0.31748104095458984,0.07486492395401001,0.6306482553482056,0.28755465149879456,0.07383514195680618,0.6422776579856873,0.4149739742279053,0.03771873936057091,0.6047921180725098,0.3551233410835266,0.03920365497469902,0.5665826201438904,0.3629615008831024,0.034888774156570435,0.5459663271903992,0.38589707016944885,0.03346212953329086,0.6453835368156433,0.4197525978088379,0.012371944263577461,0.601295530796051,0.36045777797698975,0.009985331445932388,0.556106448173523,0.3688497841358185,0.007818317972123623,0.5307642221450806,0.3955204486846924,0.00799672119319439,0.641289234161377,0.43009307980537415,-0.012725611217319965,0.6050170063972473,0.3768225610256195,-0.01303679309785366,0.5714524984359741,0.3667127788066864,-0.012312905862927437,0.5497363209724426,0.37698012590408325,-0.011347735300660133
0.6361046433448792,0.6173522472381592,-7.340682373069285e-08,0.5795561671257019,0.5573076009750366,0.012566836550831795,0.5529478192329407,0.49876782298088074,0.01059462409466505,0.5278228521347046,0.45654478669166565,-3.104550705756992e-05,0.5147026181221008,0.41561293601989746,-0.011180947534739971,0.6358100175857544,0.4219905734062195,0.02685568667948246,0.6493040919303894,0.35063886642456055,0.022649511694908142,0.6472007036209106,0.3082490563392639,0.017765145748853683,0.6428154110908508,0.27408313751220703,0.012895135208964348,0.6465974450111389,0.4225080609321594,0.009235250763595104,0.6001260280609131,0.3497393727302551,-0.0018948344513773918,0.554153323173523,0.36253154277801514,-0.008703721687197685,0.5326685309410095,0.3874874413013458,-0.011418424546718597,0.6415913701057434,0.4310899078845978,-0.009905936196446419,0.5941874980926514,0.35753053426742554,-0.022491442039608955,0.5479132533073425,0.3711811304092407,-0.024304598569869995,0.5258888602256775,0.4008350372314453,-0.022573746740818024,0.6227718591690063,0.4435502290725708,-0.028633661568164825,0.5857818126678467,0.38003456592559814,-0.03676614910364151,0.5522644519805908,0.37714987993240356,-0.0359138548374176,0.5330358743667603,0.39666712284088135,-0.03314683586359024
0.6346766352653503,0.6203181743621826,2.5033257688988897e-09,0.5784522891044617,0.5636399984359741,0.003914878237992525,0.5511168837547302,0.5077537298202515,-0.0018163309432566166,0.5240275859832764,0.46900200843811035,-0.013279159553349018,0.5046423077583313,0.43352609872817993,-0.024677224457263947,0.6286786794662476,0.42030012607574463,0.00928299780935049,0.6453854441642761,0.34408408403396606,-0.002392892260104418,0.6432512402534485,0.29526036977767944,-0.00997080747038126,0.6377125382423401,0.25769054889678955,-0.015396763570606709,0.6319741010665894,0.4219619631767273,-0.0038338741287589073,0.5785685181617737,0.34580230712890625,-0.023944126442074776,0.5370861291885376,0.3711610734462738,-0.03145262971520424,0.5208624601364136,0.4024636745452881,-0.03222879394888878,0.6216906309127808,0.43303558230400085,-0.018291901797056198,0.5702923536300659,0.358906090259552,-0.03943377733230591,0.530562162399292,0.384975403547287,-0.04083125665783882,0.5154962539672852,0.4187782406806946,-0.03573565557599068,0.6005640029907227,0.4483516812324524,-0.032437656074762344,0.5609384775161743,0.38354283571243286,-0.046048376709222794,0.5320348739624023,0.3889240026473999,-0.04495195299386978,0.5190667510032654,0.4128766357898712,-0.03986317664384842
0.6342338919639587,0.6369425058364868,5.322976193156137e-08,0.5752511024475098,0.5766740441322327,0.024118710309267044,0.5474124550819397,0.5185930728912354,0.025132743641734123,0.5182834267616272,0.4858449101448059,0.016578583046793938,0.49213671684265137,0.4530470669269562,0.006777343340218067,0.6156940460205078,0.4266284108161926,0.020337583497166634,0.6340487003326416,0.33697012066841125,0.009965689852833748,0.636775553226471,0.282095342874527,0.0038301367312669754,0.6354061365127563,0.23703119158744812,-0.0007497035549022257,0.616129994392395,0.4316667318344116,-0.002866527298465371,0.5543723106384277,0.3535098433494568,-0.0193939171731472,0.5148454308509827,0.38183555006980896,-0.023903442546725273,0.5037066340446472,0.41334104537963867,-0.02386842668056488,0.6014769673347473,0.45032599568367004,-0.025744833052158356,0.5390958189964294,0.37193089723587036,-0.041604429483413696,0.5029307007789612,0.3998641073703766,-0.038939569145441055,0.49335920810699463,0.43156394362449646,-0.03291896730661392,0.5760741233825684,0.47143760323524475,-0.04690802842378616,0.528144121170044,0.4014700949192047,-0.0577334426343441,0.5009918808937073,0.4076249897480011,-0.05481969565153122,0.4931090772151947,0.4281584620475769,-0.049297746270895004
0.6306397914886475,0.6393811702728271,4.747453630216114e-08,0.5739118456840515,0.576407253742218,0.02734833024442196,0.5422923564910889,0.5159835815429688,0.027951529249548912,0.5085350275039673,0.4862886369228363,0.019017798826098442,0.4745710492134094,0.4598734676837921,0.008296721614897251,0.6008601784706116,0.42361438274383545,0.014438471756875515,0.6156337261199951,0.33010637760162354,-0.0001723444293020293,0.6184218525886536,0.2724522352218628,-0.009646344929933548,0.6176751852035522,0.22372546792030334,-0.016333868727087975,0.5999665260314941,0.4334222674369812,-0.010590887628495693,0.5300087928771973,0.36187514662742615,-0.029380621388554573,0.4923051595687866,0.39540740847587585,-0.03491206094622612,0.4833838939666748,0.4286292493343353,-0.035955872386693954,0.5860758423805237,0.45905593037605286,-0.034444406628608704,0.5143768787384033,0.3922080993652344,-0.05036240443587303,0.4805580675601959,0.4221511483192444,-0.047049630433321,0.4739636182785034,0.4503110647201538,-0.04116886854171753,0.5649627447128296,0.48761415481567383,-0.05616200342774391,0.5105639696121216,0.4245263338088989,-0.06658831983804703,0.48332124948501587,0.4291517436504364,-0.0633850172162056,0.4770416021347046,0.4428780674934387,-0.0580277182161808
0.6427286267280579,0.6451458930969238,5.534116453986826e-08,0.5687042474746704,0.5882478356361389,0.026798328384757042,0.5358726382255554,0.5276904106140137,0.025620190426707268,0.5045486688613892,0.4952228367328644,0.014275288209319115,0.4699781835079193,0.46883270144462585,0.0007547069690190256,0.5935842394828796,0.42502859234809875,0.011778503656387329,0.6013940572738647,0.328784316778183,-0.003123912028968334,0.6015574336051941,0.26939108967781067,-0.0130484439432621,0.5978501439094543,0.21919435262680054,-0.0205379631370306,0.6005017161369324,0.43400201201438904,-0.014707759022712708,0.5220417976379395,0.3678920865058899,-0.035423487424850464,0.48254281282424927,0.4018632173538208,-0.04282408580183983,0.4707562327384949,0.4349723160266876,-0.046056415885686874,0.5923330187797546,0.461991548538208,-0.040059056133031845,0.5118295550346375,0.3963029980659485,-0.05914496257901192,0.4758874177932739,0.42856377363204956,-0.058341365307569504,0.4676336348056793,0.4619022309780121,-0.05458208918571472,0.5719938278198242,0.4943534731864929,-0.06327789276838303,0.5114876627922058,0.43210554122924805,-0.07683444023132324,0.4795481860637665,0.4374347925186157,-0.07631966471672058,0.46834439039230347,0.45549193024635315,-0.07346703112125397
0.6621192693710327,0.6382346153259277,-5.6451924024258915e-08,0.5807198286056519,0.5887293815612793,0.01364824641495943,0.5349565744400024,0.5347268581390381,0.0061087049543857574,0.4980323016643524,0.5031002759933472,-0.009368132799863815,0.46651506423950195,0.47378379106521606,-0.02552103064954281,0.6014406681060791,0.4172144830226898,0.0015878481790423393,0.595401406288147,0.322578489780426,-0.01582956500351429,0.5857951641082764,0.26761147379875183,-0.027168864384293556,0.5742788314819336,0.2227725386619568,-0.03574874997138977,0.6145495772361755,0.4227291941642761,-0.01978122442960739,0.5273107886314392,0.3601934611797333,-0.04431503638625145,0.48893699049949646,0.404918909072876,-0.05105813965201378,0.4807414412498474,0.44715771079063416,-0.052622128278017044,0.6140589714050293,0.4486914277076721,-0.04120492935180664,0.5305850505828857,0.39127302169799805,-0.06357809901237488,0.4941908121109009,0.43307510018348694,-0.05948616936802864,0.4863151013851166,0.4730481207370758,-0.052391428500413895,0.602773904800415,0.48208311200141907,-0.06184340640902519,0.5422208309173584,0.427730917930603,-0.07722484320402145,0.5055922269821167,0.44428449869155884,-0.07434891909360886,0.48887479305267334,0.47295573353767395,-0.06888259947299957
0.6682844161987305,0.630172848701477,-8.866362577464315e-08,0.5856478810310364,0.5789941549301147,0.01177274715155363,0.5403028130531311,0.5252852439880371,0.00439354358240962,0.5052537322044373,0.49401548504829407,-0.011174557730555534,0.4759156107902527,0.4619649052619934,-0.027407459914684296,0.6094996333122253,0.4074752628803253,0.005115701351314783,0.6020552515983582,0.3167957067489624,-0.011677263304591179,0.5922744870185852,0.26646822690963745,-0.023075662553310394,0.5805184841156006,0.22340507805347443,-0.03185349330306053,0.6245568990707397,0.41211944818496704,-0.015210418961942196,0.5392307043075562,0.356573224067688,-0.04151215776801109,0.4990474283695221,0.40323758125305176,-0.05004763603210449,0.48807841539382935,0.4457279145717621,-0.05218954384326935,0.6259161829948425,0.4363865852355957,-0.03610548377037048,0.5435835719108582,0.38321545720100403,-0.06042309105396271,0.5069329738616943,0.4274851679801941,-0.05821758136153221,0.4984338581562042,0.46967077255249023,-0.05170208588242531,0.6162620782852173,0.46876993775367737,-0.0564686581492424,0.5582497715950012,0.42130762338638306,-0.07460911571979523,0.5224061012268066,0.4391181766986847,-0.07420017570257187,0.5063011646270752,0.46802106499671936,-0.06978356838226318
0.6707884073257446,0.6242737174034119,-1.0569386432734973e-07,0.5930323004722595,0.5731063485145569,0.011373123154044151,0.5483627319335938,0.5166590809822083,0.005370749160647392,0.5133917927742004,0.4846717119216919,-0.009276358410716057,0.4854169487953186,0.4519735872745514,-0.024340422824025154,0.6138644814491272,0.4027789831161499,0.011365324258804321,0.6101589798927307,0.3147485852241516,-0.0026794264558702707,0.5988581776618958,0.2672628164291382,-0.012065812945365906,0.5868217349052429,0.22827143967151642,-0.019553009420633316,0.6286473274230957,0.40477460622787476,-0.009064201265573502,0.5518685579299927,0.3476709723472595,-0.03354352340102196,0.5113103985786438,0.3928232789039612,-0.04121677950024605,0.5008793473243713,0.4354126453399658,-0.04207656532526016,0.6316835880279541,0.42515677213668823,-0.030641159042716026,0.555592954158783,0.37218815088272095,-0.05321504548192024,0.5182082056999207,0.41388124227523804,-0.05158288776874542,0.5099965333938599,0.45473435521125793,-0.04538990929722786,0.624854564666748,0.4544949531555176,-0.05196128413081169,0.568557858467102,0.40950486063957214,-0.06849922984838486,0.5316904783248901,0.4246496260166168,-0.06838639825582504,0.5157561302185059,0.4512094557285309,-0.06431302428245544
0.66060471534729,0.6173034310340881,-1.9282239804851997e-08,0.600264847278595,0.5782938003540039,0.005418657790869474,0.5536054968833923,0.5218242406845093,0.0038877888582646847,0.5182303786277771,0.4858289659023285,-0.005961288698017597,0.4923160672187805,0.4489707052707672,-0.014991911128163338,0.5923836827278137,0.42933163046836853,0.03088361769914627,0.5868594646453857,0.3523535430431366,0.022985095158219337,0.5759512186050415,0.31335321068763733,0.014411886222660542,0.5670191645622253,0.2798154950141907,0.007230883929878473,0.6042672991752625,0.42761650681495667,0.014477811753749847,0.5647093653678894,0.35594677925109863,-0.006972156465053558,0.5283874273300171,0.3813680410385132,-0.020211847499012947,0.5122090578079224,0.41858169436454773,-0.02324972301721573,0.6137462258338928,0.43410420417785645,-0.004745221696794033,0.5740292072296143,0.36770012974739075,-0.02237512357532978,0.5363379716873169,0.3943439722061157,-0.02701619639992714,0.5197665691375732,0.43235060572624207,-0.024367699399590492,0.621145486831665,0.4487997889518738,-0.0247598048299551,0.5882699489593506,0.39491963386535645,-0.033790212124586105,0.5554837584495544,0.3935187757015228,-0.03496040403842926,0.5365493893623352,0.4096958637237549,-0.03295532613992691
0.6028157472610474,0.6313311457633972,-1.637615980598639e-07,0.5485752820968628,0.6025115251541138,0.016886334866285324,0.5103119611740112,0.5574812889099121,0.021091360598802567,0.4798400402069092,0.5331236124038696,0.01552943978458643,0.45758509635925293,0.5025888681411743,0.01078574825078249,0.5347916483879089,0.48149755597114563,0.048430465161800385,0.5182662010192871,0.43880635499954224,0.040836893022060394,0.49658048152923584,0.44411832094192505,0.031543854624032974,0.48194608092308044,0.45853009819984436,0.026434272527694702,0.543189287185669,0.47333964705467224,0.0287508275359869,0.5114065408706665,0.42709386348724365,0.011895016767084599,0.48355740308761597,0.45350053906440735,-0.0031846221536397934,0.4706606864929199,0.4864758551120758,-0.008548248559236526,0.5525016188621521,0.46994125843048096,0.00621330551803112,0.5212867259979248,0.42650091648101807,-0.007902835495769978,0.48531582951545715,0.45517903566360474,-0.014771711081266403,0.46677711606025696,0.48759862780570984,-0.014586207456886768,0.5591418147087097,0.4735892713069916,-0.01591479405760765,0.5485177040100098,0.414162814617157,-0.020472750067710876,0.5340042114257812,0.3813439905643463,-0.02203545533120632,0.5237715244293213,0.35647052526474,-0.022162672132253647
0.5453956723213196,0.6743026375770569,-3.6200670905373045e-08,0.4921703636646271,0.6528049111366272,0.008549024350941181,0.4571874737739563,0.6165056228637695,0.010711876675486565,0.4304203987121582,0.591184139251709,0.004741573706269264,0.414561927318573,0.5622533559799194,-0.001073085586540401,0.5026464462280273,0.5343819856643677,0.03643178194761276,0.5024642944335938,0.48054739832878113,0.03613632172346115,0.48781105875968933,0.44833776354789734,0.033921435475349426,0.4751307964324951,0.42681360244750977,0.03090679459273815,0.5095400214195251,0.5274960398674011,0.021889401599764824,0.47174158692359924,0.487082302570343,0.012230003252625465,0.44029977917671204,0.5112591981887817,0.006086266599595547,0.4289328157901764,0.5421255826950073,0.00517405616119504,0.510134756565094,0.5280688405036926,0.004416917450726032,0.46798229217529297,0.4860226511955261,-0.01059731189161539,0.43661993741989136,0.5190028548240662,-0.015275458805263042,0.4283669590950012,0.5577174425125122,-0.013272779062390327,0.5034241676330566,0.5349681377410889,-0.013018613681197166,0.4641169309616089,0.4992730915546417,-0.024514060467481613,0.4347509443759918,0.5165246725082397,-0.02689240872859955,0.4232481122016907,0.5470067262649536,-0.025596845895051956
0.4874732792377472,0.7266291379928589,-6.928165419139987e-08,0.43786630034446716,0.7148752808570862,0.003558751894161105,0.4081548750400543,0.6865386366844177,0.0005359842325560749,0.3789007365703583,0.6721559762954712,-0.008587216958403587,0.35216832160949707,0.6579238176345825,-0.017967384308576584,0.4485955536365509,0.5849998593330383,0.015430170111358166,0.44226160645484924,0.5254033207893372,0.008249801583588123,0.4263455271720886,0.4903721213340759,0.003521781647577882,0.4123930037021637,0.468316912651062,0.0001819182507460937,0.45285797119140625,0.57918781042099,0.003648418001830578,0.4000757932662964,0.5451732873916626,-0.010110901668667793,0.36609482765197754,0.5776818990707397,-0.01575324870646,0.35442519187927246,0.6124933958053589,-0.01605173945426941,0.4482128918170929,0.583717942237854,-0.010156984440982342,0.3942640423774719,0.5497510433197021,-0.026559144258499146,0.3621697723865509,0.5871056318283081,-0.028851259499788284,0.3545309901237488,0.6240268349647522,-0.02556270733475685,0.4345881938934326,0.595474123954773,-0.024000627920031548,0.39113521575927734,0.565571129322052,-0.03472385182976723,0.3639313280582428,0.5850265622138977,-0.03424964100122452,0.35519540309906006,0.6119188666343689,-0.030619025230407715
0.43247953057289124,0.7683007717132568,-9.276641321775969e-08,0.3753812313079834,0.7662866115570068,0.0025686987210065126,0.33609411120414734,0.7375383973121643,-0.0029412610456347466,0.30222687125205994,0.7262505888938904,-0.013357984833419323,0.2737433612346649,0.7134954333305359,-0.024610619992017746,0.3747883439064026,0.6097397804260254,0.0020638040732592344,0.35478731989860535,0.5435494184494019,-0.006607217248529196,0.3355485796928406,0.5053510069847107,-0.012758670374751091,0.3156346380710602,0.4783114194869995,-0.018363364040851593,0.37823086977005005,0.6072763204574585,-0.009734466671943665,0.310025155544281,0.5856584310531616,-0.027327407151460648,0.2817215919494629,0.6325911283493042,-0.0349053256213665,0.27430275082588196,0.6733241081237793,-0.03660731762647629,0.3742523789405823,0.6235440969467163,-0.022136744111776352,0.3050723075866699,0.6071071624755859,-0.040851667523384094,0.2775898277759552,0.6554155349731445,-0.043989766389131546,0.27065515518188477,0.6933217644691467,-0.04159044474363327,0.3630681037902832,0.6513512134552002,-0.03419661149382591,0.3062651753425598,0.635068416595459,-0.0495310053229332,0.2758568823337555,0.6580982804298401,-0.05215321108698845,0.26299574971199036,0.6838235855102539,-0.05020222067832947
0.3919040262699127,0.7851495146751404,-8.966267728283128e-08,0.32694047689437866,0.7690446376800537,0.005713480990380049,0.28016194701194763,0.7326375246047974,7.892522990005091e-05,0.24149733781814575,0.7157115936279297,-0.011191247031092644,0.21207112073898315,0.6987956166267395,-0.02315826714038849,0.3322325050830841,0.6059473752975464,0.002261115238070488,0.31033211946487427,0.5272414088249207,-0.009325907565653324,0.28777140378952026,0.4850172996520996,-0.015940384939312935,0.2674063444137573,0.45301979780197144,-0.021461384370923042,0.33541882038116455,0.6093621253967285,-0.011575169861316681,0.2568890452384949,0.5769776105880737,-0.02942126803100109,0.2264675498008728,0.6283488273620605,-0.033660683780908585,0.22355449199676514,0.6649855375289917,-0.03347761929035187,0.3272280991077423,0.6305444836616516,-0.02601296827197075,0.24681729078292847,0.592890739440918,-0.04576066508889198,0.22145824134349823,0.6430973410606384,-0.043106142431497574,0.22254404425621033,0.6799017786979675,-0.036449648439884186,0.311221718788147,0.663393497467041,-0.039867885410785675,0.2411469966173172,0.6273757815361023,-0.05583230033516884,0.22166398167610168,0.6543078422546387,-0.05345207080245018,0.22755789756774902,0.6831844449043274,-0.04723626375198364
0.33561667799949646,0.7801995277404785,-8.103413051685493e-08,0.2629164755344391,0.7514685392379761,0.022902585566043854,0.21347813308238983,0.7081407904624939,0.024853037670254707,0.17272430658340454,0.697452187538147,0.017299316823482513,0.13736632466316223,0.6839513778686523,0.008036614395678043,0.26183050870895386,0.5732123851776123,0.019655168056488037,0.23799842596054077,0.48348405957221985,0.011862675659358501,0.21315062046051025,0.4363807141780853,0.007846860215067863,0.1887306272983551,0.40141332149505615,0.004081751685589552,0.2604076862335205,0.580348551273346,-0.0030303937382996082,0.16962911188602448,0.5484394431114197,-0.018316645175218582,0.13536128401756287,0.6050432920455933,-0.022476838901638985,0.1310584992170334,0.6488028764724731,-0.022677551954984665,0.24808531999588013,0.6108449101448059,-0.0252776350826025,0.15608066320419312,0.5791070461273193,-0.04310399666428566,0.127887561917305,0.6368650197982788,-0.04170702397823334,0.12721800804138184,0.6780358552932739,-0.036433350294828415,0.22853446006774902,0.6511372923851013,-0.0454881489276886,0.15534311532974243,0.614364504814148,-0.05836426839232445,0.12448210269212723,0.6392385363578796,-0.0559394396841526,0.11698906123638153,0.6649839282035828,-0.05060882866382599
0.3912002146244049,0.7512179613113403,-2.277362227687263e-07,0.3550125062465668,0.6587060689926147,0.03587876632809639,0.3060778081417084,0.6014917492866516,0.04326486587524414,0.2613762617111206,0.5804009437561035,0.0402267649769783,0.22168506681919098,0.5803881883621216,0.03404084965586662,0.2921910583972931,0.5449306964874268,0.009304694831371307,0.24066466093063354,0.44284534454345703,-0.00512270163744688,0.20582035183906555,0.39305636286735535,-0.011030330322682858,0.17449116706848145,0.3533687889575958,-0.015500565059483051,0.2859668731689453,0.5626022219657898,-0.018005171790719032,0.17534245550632477,0.5441668033599854,-0.0353064239025116,0.15623465180397034,0.6035974621772766,-0.032553303986787796,0.1662590205669403,0.6422891616821289,-0.028608722612261772,0.27296552062034607,0.6053823232650757,-0.042962875217199326,0.16250209510326385,0.5931145548820496,-0.05736803635954857,0.14696137607097626,0.6502917408943176,-0.046442072838544846,0.15862345695495605,0.6841620802879333,-0.03690528869628906,0.25853231549263,0.6561800241470337,-0.06484096497297287,0.1687651425600052,0.6363236308097839,-0.07684805989265442,0.14246982336044312,0.6638444066047668,-0.07107728719711304,0.137746661901474,0.6872591376304626,-0.06418074667453766
0.470706045627594,0.6909229159355164,-2.5017826033035817e-07,0.3856651782989502,0.6600791215896606,0.0156308114528656,0.3365338444709778,0.6046772003173828,0.013612343929708004,0.2935715317726135,0.5797984600067139,0.0010187072912231088,0.25495582818984985,0.5532010197639465,-0.012127978727221489,0.39078083634376526,0.4658631682395935,0.02528764307498932,0.3605386018753052,0.3777860999107361,0.015078178606927395,0.33717113733291626,0.3350633382797241,0.007373972330242395,0.3135107159614563,0.30021995306015015,0.0006465383339673281,0.40013620257377625,0.4618275761604309,0.002330577466636896,0.3067617416381836,0.4267779588699341,-0.02092878893017769,0.26602619886398315,0.48229146003723145,-0.033133748918771744,0.25411808490753174,0.5297673344612122,-0.03756580874323845,0.39763906598091125,0.47809791564941406,-0.021765608340501785,0.30371785163879395,0.43980905413627625,-0.04620805010199547,0.2663671374320984,0.49776405096054077,-0.04959104210138321,0.25861766934394836,0.5474637150764465,-0.046180613338947296,0.3826034665107727,0.5062252879142761,-0.04477350041270256,0.30901846289634705,0.47122570872306824,-0.06176163628697395,0.2710247337818146,0.4955039620399475,-0.06247110292315483,0.2568867802619934,0.5293548703193665,-0.05884397774934769
0.49295178055763245,0.6643820405006409,-1.974786698610842e-07,0.42344605922698975,0.6260613203048706,0.026019489392638206,0.37735286355018616,0.5741474628448486,0.030949436128139496,0.33610472083091736,0.5516673922538757,0.022917384281754494,0.3005167245864868,0.5268088579177856,0.01385557372123003,0.43081191182136536,0.4646722972393036,0.049747634679079056,0.4088177978992462,0.3931909203529358,0.05120597779750824,0.38779258728027344,0.3575398325920105,0.05005505308508873,0.3680207133293152,0.3324032127857208,0.0470387302339077,0.4400557577610016,0.46124720573425293,0.023248523473739624,0.3671294152736664,0.4145163893699646,0.015591809526085854,0.32912659645080566,0.45004427433013916,0.01042486447840929,0.3175096809864044,0.48717010021209717,0.009065739810466766,0.4390682876110077,0.4706069529056549,-0.004897176753729582,0.3627791702747345,0.42153415083885193,-0.01586350053548813,0.32241731882095337,0.4608786404132843,-0.016412127763032913,0.3099924921989441,0.5024179816246033,-0.014122849330306053,0.4266534745693207,0.4890778064727783,-0.03194613754749298,0.36393776535987854,0.45268478989601135,-0.040165845304727554,0.32670944929122925,0.47033047676086426,-0.03892514482140541,0.3115489184856415,0.5000203251838684,-0.036190591752529144
0.5112648010253906,0.6383458375930786,1.1651364317799562e-08,0.44721275568008423,0.6085686683654785,0.03374583274126053,0.40022096037864685,0.5638967752456665,0.042766302824020386,0.3647068738937378,0.5417798161506653,0.036046355962753296,0.3330996632575989,0.5094953775405884,0.028011849150061607,0.44880494475364685,0.4700051248073578,0.07945238798856735,0.42962706089019775,0.41893935203552246,0.09470188617706299,0.4141836166381836,0.39142918586730957,0.098518967628479,0.3988516628742218,0.36949101090431213,0.09705467522144318,0.460693359375,0.462673544883728,0.050233397632837296,0.4089513123035431,0.419249951839447,0.05865448713302612,0.3705431818962097,0.4370484948158264,0.05594567582011223,0.3505566418170929,0.4647986590862274,0.05334815755486488,0.46197056770324707,0.46555784344673157,0.01853669062256813,0.4036029577255249,0.4208386242389679,0.023516595363616943,0.3605988621711731,0.4472564160823822,0.024998970329761505,0.3386364281177521,0.4844135642051697,0.024927863851189613,0.453512579202652,0.47844016551971436,-0.01270356122404337,0.4079274535179138,0.4375552535057068,-0.00634499778971076,0.3719785213470459,0.4456057548522949,-0.0014707414666190743,0.3494760990142822,0.46843552589416504,0.00021192133135627955
0.5180706977844238,0.6221388578414917,-2.9538861667788296e-07,0.45524224638938904,0.6003458499908447,0.013693476095795631,0.4093541204929352,0.5570368766784668,0.01729840785264969,0.3750534951686859,0.5278550982475281,0.011572823859751225,0.34789595007896423,0.49378228187561035,0.007131214719265699,0.4319016933441162,0.4673375189304352,0.053044386208057404,0.40605446696281433,0.42999041080474854,0.046013690531253815,0.37973350286483765,0.4414159953594208,0.03366409242153168,0.3586368262767792,0.4594421684741974,0.02612285315990448,0.4448815584182739,0.45747023820877075,0.03562476858496666,0.4074050784111023,0.41079968214035034,0.02608572319149971,0.37582942843437195,0.4329715967178345,0.01216147094964981,0.35738062858581543,0.46672502160072327,0.005705480929464102,0.45747682452201843,0.4554532766342163,0.014463275671005249,0.41772785782814026,0.40826141834259033,0.007342924363911152,0.3839637041091919,0.4328891634941101,0.002219532383605838,0.36456984281539917,0.4669581353664398,0.0017726277001202106,0.4693298637866974,0.46102455258369446,-0.00716628972440958,0.4363817572593689,0.4159182906150818,-0.0071768746711313725,0.4073195457458496,0.40976420044898987,-0.005492987111210823,0.38550060987472534,0.41644757986068726,-0.003250752342864871
0.5325953960418701,0.6060503721237183,-3.4161735129600856e-07,0.4728371202945709,0.5792007446289062,0.00907497201114893,0.4249865412712097,0.5310723781585693,0.010784094221889973,0.39131709933280945,0.499115526676178,0.004226276185363531,0.3675675392150879,0.464626282453537,-0.001001636148430407,0.45097410678863525,0.44407469034194946,0.04349655658006668,0.420708566904068,0.4064737856388092,0.027942810207605362,0.39483821392059326,0.4199261963367462,0.010164124891161919,0.3761695623397827,0.44577285647392273,0.0010071799624711275,0.46400266885757446,0.4348033666610718,0.027869151905179024,0.42522504925727844,0.3847740888595581,0.008131986483931541,0.3950195610523224,0.41086721420288086,-0.010617397725582123,0.3777357339859009,0.45056644082069397,-0.017032917588949203,0.47812938690185547,0.4328503906726837,0.00849819928407669,0.43914705514907837,0.3862750232219696,-0.005808083340525627,0.40551334619522095,0.41118210554122925,-0.012791948392987251,0.38567492365837097,0.44372236728668213,-0.011414684355258942,0.49052101373672485,0.4409104287624359,-0.011430889368057251,0.46112558245658875,0.3933474123477936,-0.015552296303212643,0.4331335425376892,0.3740602135658264,-0.015722988173365593,0.41069433093070984,0.36529767513275146,-0.013051243498921394
0.6205052137374878,0.5780256986618042,-5.527417190620554e-09,0.5604269504547119,0.5380240678787231,0.004027592018246651,0.5058273077011108,0.47257354855537415,0.005938307382166386,0.4650039076805115,0.4292200803756714,-0.0019879420287907124,0.44674912095069885,0.37956058979034424,-0.008646314032375813,0.540921688079834,0.3815549314022064,0.05159853771328926,0.5243526697158813,0.31491780281066895,0.045036833733320236,0.5079904794692993,0.2798806428909302,0.03379448130726814,0.49150460958480835,0.2486194521188736,0.024515291675925255,0.5580706596374512,0.3719845414161682,0.03523895889520645,0.5256245732307434,0.2997168302536011,0.01227198913693428,0.4875558614730835,0.31165453791618347,-0.00895808544009924,0.4640207290649414,0.3434261083602905,-0.01591482199728489,0.5755535364151001,0.3701707124710083,0.014527151361107826,0.5400601625442505,0.3052348494529724,-0.007457810454070568,0.4938462972640991,0.3267618715763092,-0.020632527768611908,0.4658946692943573,0.3624078631401062,-0.020505905151367188,0.5931864380836487,0.3780999779701233,-0.006968413479626179,0.5629671812057495,0.3124490976333618,-0.017361409962177277,0.5234441161155701,0.30046939849853516,-0.022043460980057716,0.4949517846107483,0.31220534443855286,-0.02130398526787758
0.712378978729248,0.5588803291320801,-2.0735258843274096e-08,0.6544928550720215,0.5092265605926514,-0.008380085229873657,0.6053028106689453,0.42657649517059326,-0.014184404164552689,0.566230058670044,0.37308579683303833,-0.027281876653432846,0.5529569983482361,0.3122347891330719,-0.039053335785865784,0.6473118662834167,0.3277091979980469,0.03255249559879303,0.6289165019989014,0.24424788355827332,0.02001790516078472,0.6093446612358093,0.19625838100910187,0.005266629625111818,0.5937647819519043,0.156436949968338,-0.006795338820666075,0.6706839203834534,0.32184603810310364,0.020274823531508446,0.6422788500785828,0.2288796454668045,-0.010364328511059284,0.6012489795684814,0.23913602530956268,-0.03186735883355141,0.5774978995323181,0.27620893716812134,-0.03749214485287666,0.6941665410995483,0.3258524537086487,0.0032691119704395533,0.6711816787719727,0.23715807497501373,-0.02000923827290535,0.6268478035926819,0.24835854768753052,-0.030159886926412582,0.6001322865486145,0.2806043326854706,-0.02871749922633171,0.7206383943557739,0.3413907587528229,-0.016010643914341927,0.702973484992981,0.2638893127441406,-0.02647039107978344,0.6632737517356873,0.2512597441673279,-0.02970299683511257,0.6322145462036133,0.2662550210952759,-0.02824845165014267
0.740136444568634,0.5595138669013977,-1.1471117744576986e-07,0.6798747777938843,0.5096829533576965,-0.006345133297145367,0.633021354675293,0.42948678135871887,-0.01473130565136671,0.5948914885520935,0.3747894763946533,-0.03130586817860603,0.5764986276626587,0.3091158866882324,-0.04714503884315491,0.6737529039382935,0.3241327106952667,0.02885701134800911,0.6544427871704102,0.23162537813186646,0.012506688944995403,0.6313139200210571,0.18552502989768982,-0.0037794881500303745,0.6135913729667664,0.14652474224567413,-0.016436543315649033,0.6976398229598999,0.3210635781288147,0.013183248229324818,0.6653285622596741,0.21566733717918396,-0.02534335106611252,0.6233263611793518,0.23761104047298431,-0.050857316702604294,0.6004766225814819,0.2795525789260864,-0.057831164449453354,0.7213641405105591,0.3270223140716553,-0.0066508157178759575,0.6932284832000732,0.22842919826507568,-0.036412496119737625,0.6476728320121765,0.24590355157852173,-0.04872503876686096,0.6208824515342712,0.28112202882766724,-0.04762067273259163,0.748638927936554,0.34387141466140747,-0.02815067581832409,0.727871298789978,0.25918060541152954,-0.043221816420555115,0.6864283680915833,0.2395651638507843,-0.04847083240747452,0.6529929637908936,0.24572625756263733,-0.04807686060667038
0.7586277723312378,0.5437341928482056,-2.0622353247290448e-07,0.6981098651885986,0.5100321769714355,-0.0076420120894908905,0.6465474963188171,0.44162702560424805,-0.01726708561182022,0.6068408489227295,0.3999747633934021,-0.03295741602778435,0.5930284857749939,0.3485458493232727,-0.04735111817717552,0.6894519329071045,0.3246666193008423,0.010709931142628193,0.6643369793891907,0.23136189579963684,-0.0077841756865382195,0.6390252113342285,0.18771839141845703,-0.022185293957591057,0.6184477806091309,0.15202613174915314,-0.032550495117902756,0.7123535871505737,0.3235087990760803,-0.0023221324663609266,0.6683729887008667,0.2363061159849167,-0.03939218074083328,0.6250573396682739,0.27193453907966614,-0.058568548411130905,0.6040568351745605,0.31874340772628784,-0.06197367608547211,0.7328358292579651,0.33234310150146484,-0.018489541485905647,0.6906851530075073,0.2530112862586975,-0.04835652559995651,0.6467121243476868,0.28379032015800476,-0.05483141168951988,0.6253844499588013,0.3242843449115753,-0.04999532178044319,0.7512126564979553,0.3513760566711426,-0.036099378019571304,0.7181593179702759,0.2817012369632721,-0.052168961614370346,0.6767348051071167,0.26924583315849304,-0.054691266268491745,0.6485239863395691,0.27670809626579285,-0.05171049386262894
0.7140575647354126,0.5558922290802002,-1.3074041760319233e-07,0.6543091535568237,0.5087144374847412,0.009758846834301949,0.6101330518722534,0.4558015465736389,0.007753143087029457,0.5759353637695312,0.42214664816856384,-0.003918519709259272,0.5641024708747864,0.3834557831287384,-0.014912348240613937,0.6586889028549194,0.35355979204177856,0.03682665899395943,0.6411237120628357,0.2796604037284851,0.02958727814257145,0.6178282499313354,0.2450159788131714,0.021704871207475662,0.5969354510307312,0.21843263506889343,0.014993187971413136,0.6705633997917175,0.3533666431903839,0.017699463292956352,0.6290205717086792,0.2801670432090759,-0.002721402095630765,0.590286135673523,0.30879324674606323,-0.015004170127213001,0.5715410709381104,0.3448294699192047,-0.017667047679424286,0.6783132553100586,0.36042964458465576,-0.0043236734345555305,0.6385419368743896,0.29111215472221375,-0.022684387862682343,0.5962474942207336,0.3210066556930542,-0.02763870544731617,0.5759471654891968,0.3606716990470886,-0.025319445878267288,0.6796259880065918,0.3761374354362488,-0.026674294844269753,0.6462582349777222,0.31930187344551086,-0.035833414644002914,0.6082128286361694,0.3216131329536438,-0.03693949803709984,0.583282470703125,0.3421534299850464,-0.03510532155632973
0.6709854602813721,0.5703432559967041,-4.5274894944213884e-08,0.607297420501709,0.5206312537193298,0.03345559537410736,0.5721176862716675,0.47925734519958496,0.03990938887000084,0.5414135456085205,0.45086392760276794,0.030425503849983215,0.5296095013618469,0.41445693373680115,0.019599784165620804,0.6187516450881958,0.38806235790252686,0.07489749044179916,0.6036855578422546,0.3270477056503296,0.08396543562412262,0.584935188293457,0.297024130821228,0.08362958580255508,0.566311776638031,0.2731086313724518,0.07961222529411316,0.633730411529541,0.38574135303497314,0.04354288801550865,0.5975555777549744,0.33109351992607117,0.04185108840465546,0.5622453689575195,0.3419843912124634,0.0323290191590786,0.5411760210990906,0.36215686798095703,0.026131654158234596,0.6400296092033386,0.3899327516555786,0.00990363396704197,0.6022668480873108,0.3319595754146576,0.00301406835205853,0.5620521306991577,0.3527306020259857,-0.002902688691392541,0.5390231609344482,0.3873661756515503,-0.00554540054872632,0.6348827481269836,0.400707483291626,-0.022455094382166862,0.597744882106781,0.35428258776664734,-0.026784846559166908,0.5617460012435913,0.3606608510017395,-0.027680449187755585,0.5366424918174744,0.38475361466407776,-0.028309136629104614
0.5961971282958984,0.6033483743667603,-1.5636862471524182e-08,0.5426865816116333,0.5701234936714172,0.021003644913434982,0.5126134753227234,0.5366773009300232,0.02541428990662098,0.48655471205711365,0.5138054490089417,0.019633006304502487,0.470470130443573,0.4837314784526825,0.013440788723528385,0.5635455846786499,0.4608227014541626,0.04857686534523964,0.5446214079856873,0.4184708595275879,0.0523708276450634,0.524741530418396,0.39368391036987305,0.05046982690691948,0.5084059238433838,0.37901031970977783,0.04780086502432823,0.5714157819747925,0.45613113045692444,0.027983414009213448,0.5449439883232117,0.4005586504936218,0.028828496113419533,0.5160226821899414,0.3834136128425598,0.02414867654442787,0.495485782623291,0.37852033972740173,0.02018722891807556,0.5700998902320862,0.4594951570034027,0.005113647319376469,0.5348441004753113,0.40479010343551636,-0.0027812111657112837,0.5007767081260681,0.4130275845527649,-0.008729996159672737,0.48021960258483887,0.43459466099739075,-0.011298337951302528,0.5555450320243835,0.4679676592350006,-0.016535475850105286,0.5175557136535645,0.430207222700119,-0.02525673434138298,0.4918070137500763,0.441244900226593,-0.027602333575487137,0.4759522080421448,0.46525031328201294,-0.028388261795043945
0.5292222499847412,0.6399624347686768,-1.5185102597570221e-07,0.4794485867023468,0.6272953748703003,0.012601441703736782,0.44558969140052795,0.5913572907447815,0.016182584688067436,0.41783395409584045,0.5710226893424988,0.013122628442943096,0.39664196968078613,0.5482960939407349,0.009882817976176739,0.4937601685523987,0.5056421756744385,0.03138193115592003,0.4715491235256195,0.4608795940876007,0.03430168703198433,0.4496411979198456,0.4371528625488281,0.03485140949487686,0.42931026220321655,0.42409735918045044,0.034287676215171814,0.4996103048324585,0.49916669726371765,0.01818207837641239,0.4550422132015228,0.4642018675804138,0.015618698671460152,0.4218165874481201,0.48294779658317566,0.012857649475336075,0.40426164865493774,0.5076895356178284,0.01273384690284729,0.49528753757476807,0.5021543502807617,0.003656255779787898,0.4460700750350952,0.4711090624332428,-0.003010053187608719,0.4149929881095886,0.5009332299232483,-0.005884881131350994,0.40232428908348083,0.5325900316238403,-0.00537405489012599,0.47988373041152954,0.5119602680206299,-0.010117030702531338,0.43630436062812805,0.4866939187049866,-0.014655637554824352,0.41019999980926514,0.5025306940078735,-0.01460245531052351,0.3980100750923157,0.527059018611908,-0.013035761192440987
0.4841693639755249,0.6770398616790771,-2.7015284231879377e-08,0.4312956929206848,0.6649240851402283,0.005719632375985384,0.40126505494117737,0.6424999237060547,0.003969680052250624,0.3743138313293457,0.6279712319374084,-0.004310400225222111,0.3515932857990265,0.6065990924835205,-0.01212317030876875,0.4396522641181946,0.5428049564361572,0.028609827160835266,0.4198354184627533,0.5000936985015869,0.02643141895532608,0.39866316318511963,0.47693753242492676,0.02268165722489357,0.3798867166042328,0.46569186449050903,0.019960004836320877,0.4432255029678345,0.5366007089614868,0.017033560201525688,0.4024823009967804,0.5002636909484863,0.011718593537807465,0.36979222297668457,0.5109941363334656,0.006682185456156731,0.3501250743865967,0.5291218757629395,0.004721896257251501,0.4387092888355255,0.5388921499252319,0.002761513227596879,0.3911921977996826,0.511711597442627,-0.007407811935991049,0.36021289229393005,0.5447416305541992,-0.011474127881228924,0.34720733761787415,0.5797301530838013,-0.011093582957983017,0.4241597652435303,0.5501620769500732,-0.011632213369011879,0.38408520817756653,0.5307886004447937,-0.018398970365524292,0.3611944317817688,0.5520872473716736,-0.01874610222876072,0.35191622376441956,0.5802471041679382,-0.0170437004417181
0.4630501866340637,0.6985536217689514,8.321370614794432e-08,0.4077659547328949,0.6843758821487427,0.007951153442263603,0.3753431439399719,0.6585121154785156,0.005766307003796101,0.34583500027656555,0.6483156085014343,-0.001988221425563097,0.3199582099914551,0.6343919038772583,-0.009811287745833397,0.4121478199958801,0.558026134967804,0.013301250524818897,0.386491984128952,0.5057199001312256,0.008635141886770725,0.3693496882915497,0.4739506244659424,0.005131016485393047,0.35365140438079834,0.448176771402359,0.002267079660668969,0.41582801938056946,0.5555330514907837,0.0010397126898169518,0.3686378002166748,0.5168402194976807,-0.005948488600552082,0.34143391251564026,0.5172648429870605,-0.010602423921227455,0.3270533084869385,0.5213169455528259,-0.013862621039152145,0.4108821451663971,0.5659003853797913,-0.01220355462282896,0.3524594306945801,0.5364923477172852,-0.025449613109230995,0.32493454217910767,0.5724273920059204,-0.028611553832888603,0.3176998198032379,0.6074962615966797,-0.027565795928239822,0.396054744720459,0.5860337018966675,-0.024593710899353027,0.3480367362499237,0.555891215801239,-0.03362514078617096,0.32634472846984863,0.5741187930107117,-0.032548338174819946,0.3193764388561249,0.5996685028076172,-0.029794469475746155
0.45763009786605835,0.656889796257019,-1.1640924668654407e-08,0.41947340965270996,0.6269984841346741,0.015412218868732452,0.3897700905799866,0.5900747776031494,0.016828259453177452,0.3615310788154602,0.5764417052268982,0.01177450455725193,0.33483442664146423,0.5647940039634705,0.005458494182676077,0.40258046984672546,0.5061537027359009,0.01101827621459961,0.38457557559013367,0.4341968595981598,0.001321294461376965,0.3753173053264618,0.3904971480369568,-0.004740417003631592,0.3667154908180237,0.35387441515922546,-0.00905470922589302,0.40213894844055176,0.5080050826072693,-0.004577054642140865,0.33874863386154175,0.4797218441963196,-0.0177305880934,0.3134697377681732,0.5175287127494812,-0.022163035348057747,0.3081391453742981,0.5478067994117737,-0.02333608828485012,0.3939962685108185,0.5265526175498962,-0.01996493898332119,0.32810091972351074,0.49572640657424927,-0.03449568524956703,0.30569273233413696,0.5372422337532043,-0.033745311200618744,0.30322521924972534,0.5693734884262085,-0.030024364590644836,0.3800449073314667,0.5542072057723999,-0.033965133130550385,0.3283836245536804,0.5200667381286621,-0.04596632346510887,0.3078760504722595,0.5397517681121826,-0.04508416727185249,0.3038042187690735,0.562639594078064,-0.04148731380701065
0.48007732629776,0.6334996223449707,-2.5186711383184957e-08,0.42150625586509705,0.5995185375213623,0.018008604645729065,0.3888164460659027,0.5566457509994507,0.017805689945816994,0.35972487926483154,0.5371779799461365,0.009712547063827515,0.32983672618865967,0.5230883359909058,-2.901029438362457e-05,0.41513094305992126,0.450484961271286,0.011462746188044548,0.3953739106655121,0.3649141192436218,-0.0019285986199975014,0.3844949007034302,0.3127537965774536,-0.01069627981632948,0.3747760057449341,0.26798349618911743,-0.01690361090004444,0.41779038310050964,0.45427483320236206,-0.007796967402100563,0.34008902311325073,0.4192879796028137,-0.02652996964752674,0.3140655755996704,0.46667754650115967,-0.03248850256204605,0.3130313456058502,0.5041599273681641,-0.03384803608059883,0.40993303060531616,0.47836363315582275,-0.026959605515003204,0.33090782165527344,0.44434258341789246,-0.04647863283753395,0.3078841269016266,0.49168187379837036,-0.04525969177484512,0.309418261051178,0.5290786623954773,-0.04012851417064667,0.39404332637786865,0.511802077293396,-0.04461681842803955,0.3311907947063446,0.4751133322715759,-0.05977918580174446,0.30790776014328003,0.4948440194129944,-0.058818817138671875,0.30494025349617004,0.5172387361526489,-0.054592955857515335
0.5606680512428284,0.6110762357711792,-1.0206111511479321e-07,0.47864702343940735,0.5635912418365479,0.019068503752350807,0.43785592913627625,0.4998473525047302,0.01620270311832428,0.40143460035324097,0.4655805826187134,0.003492994699627161,0.36315351724624634,0.4379505217075348,-0.011140307411551476,0.5032758116722107,0.36910539865493774,0.0105430968105793,0.47960853576660156,0.26265233755111694,-0.006961161270737648,0.47075989842414856,0.19684992730617523,-0.019798187538981438,0.46112939715385437,0.13930603861808777,-0.029987039044499397,0.5133043527603149,0.3780636787414551,-0.014559607952833176,0.4120852053165436,0.3186627924442291,-0.042939692735672,0.37186864018440247,0.3694300055503845,-0.055147599428892136,0.36107155680656433,0.41563814878463745,-0.05965706333518028,0.5067133903503418,0.40880122780799866,-0.039357416331768036,0.4082523584365845,0.34672075510025024,-0.06661723554134369,0.3714311122894287,0.39386191964149475,-0.06663958728313446,0.36208802461624146,0.43568894267082214,-0.06095973402261734,0.48731791973114014,0.4494534730911255,-0.06259642541408539,0.41346943378448486,0.3867523670196533,-0.08357831090688705,0.37755653262138367,0.4006073474884033,-0.0829794630408287,0.36182960867881775,0.42633748054504395,-0.0779539942741394
0.6552117466926575,0.588149905204773,-8.056699130065681e-08,0.5681511759757996,0.5064167380332947,0.006625847890973091,0.5286445021629333,0.433541476726532,-0.007095957174897194,0.4942145049571991,0.38578173518180847,-0.028425564989447594,0.46372494101524353,0.3393729329109192,-0.050608616322278976,0.6328237056732178,0.3087083697319031,-0.012780648656189442,0.6277540326118469,0.19010408222675323,-0.03676033765077591,0.625850260257721,0.11893783509731293,-0.053132541477680206,0.6214819550514221,0.05857917666435242,-0.06518815457820892,0.6509534120559692,0.3213459849357605,-0.03216928616166115,0.5531134009361267,0.23280124366283417,-0.06451030820608139,0.5011816620826721,0.2750394344329834,-0.07333139330148697,0.48318248987197876,0.3211972117424011,-0.07560112327337265,0.6477551460266113,0.35148438811302185,-0.05168682709336281,0.5539658069610596,0.2658637464046478,-0.08065155893564224,0.5073766708374023,0.30473172664642334,-0.07510016113519669,0.49293234944343567,0.3540396988391876,-0.06563687324523926,0.6271534562110901,0.38798779249191284,-0.07106015831232071,0.5632769465446472,0.31197506189346313,-0.09152190387248993,0.51780766248703,0.31576675176620483,-0.08850205689668655,0.49136054515838623,0.34349238872528076,-0.08138305693864822
0.6823325753211975,0.5819986462593079,-1.5781333218001237e-07,0.6078211665153503,0.5115239024162292,0.004727665800601244,0.5597097277641296,0.4375607371330261,-0.004550027661025524,0.5227044224739075,0.38841813802719116,-0.02463224157691002,0.5125694274902344,0.3332873582839966,-0.044493112713098526,0.6304169297218323,0.3123943507671356,0.01497616432607174,0.6313324570655823,0.19585415720939636,-0.006020805798470974,0.6247282028198242,0.1336754560470581,-0.021254193037748337,0.6230224370956421,0.07896018028259277,-0.03291907534003258,0.6521828770637512,0.320401132106781,-0.00794185046106577,0.6093454360961914,0.21486932039260864,-0.04792453721165657,0.5574731826782227,0.2536036968231201,-0.06521990895271301,0.5360921025276184,0.3032121956348419,-0.06810750812292099,0.6677988171577454,0.3393324315547943,-0.033633679151535034,0.6280922293663025,0.24269887804985046,-0.06710924208164215,0.5742208361625671,0.2737168073654175,-0.07162574678659439,0.5508310794830322,0.3207464814186096,-0.06586036831140518,0.678224503993988,0.366229772567749,-0.06017082929611206,0.6497328281402588,0.2847297787666321,-0.08081719279289246,0.6046631932258606,0.2837652564048767,-0.08281663060188293,0.5759117603302002,0.31236499547958374,-0.07886391133069992
0.6567232608795166,0.5615670680999756,4.3907625979500153e-08,0.6017217040061951,0.5162791013717651,-0.020203694701194763,0.5625336766242981,0.4366604685783386,-0.036221545189619064,0.5338847637176514,0.3764466941356659,-0.05638403445482254,0.5384271740913391,0.31367024779319763,-0.07522118836641312,0.6008527278900146,0.3307756781578064,-0.0005064596189185977,0.602383553981781,0.22431792318820953,-0.02323702722787857,0.5938360095024109,0.16617105901241302,-0.04237838834524155,0.5933541655540466,0.11457809805870056,-0.057333819568157196,0.6295124888420105,0.332339882850647,-0.009177175350487232,0.6224595904350281,0.21985448896884918,-0.05258030816912651,0.5838341116905212,0.23685458302497864,-0.07732885330915451,0.5620173811912537,0.2758450508117676,-0.08421491086483002,0.6568960547447205,0.34437909722328186,-0.021811800077557564,0.6502206921577454,0.2432771474123001,-0.05454627051949501,0.6100790500640869,0.2552490234375,-0.06727984547615051,0.5868386030197144,0.2910265624523163,-0.06708298623561859,0.6872196793556213,0.369270920753479,-0.03703220561146736,0.6807430386543274,0.28802818059921265,-0.0555807389318943,0.6474692821502686,0.2723466157913208,-0.06333992630243301,0.6213507652282715,0.28463512659072876,-0.06487909704446793
0.6634091138839722,0.5591640472412109,1.1591860982207436e-07,0.6079319715499878,0.5160307884216309,-0.02469736896455288,0.5688999891281128,0.4323755204677582,-0.04275758937001228,0.5418525338172913,0.36910125613212585,-0.06457807868719101,0.5562684535980225,0.3068142533302307,-0.08526811748743057,0.6083213090896606,0.3290637135505676,-0.0030233319848775864,0.6071990132331848,0.22313226759433746,-0.027304330840706825,0.5977678298950195,0.16246436536312103,-0.04817918688058853,0.5975098013877869,0.10876023769378662,-0.06432434916496277,0.6388368606567383,0.3289315700531006,-0.009642212651669979,0.6332836151123047,0.21643713116645813,-0.05422389879822731,0.5969336032867432,0.23149704933166504,-0.08049274981021881,0.5779533982276917,0.27130383253097534,-0.08800610899925232,0.6674140095710754,0.33971521258354187,-0.020665988326072693,0.6620113849639893,0.23868316411972046,-0.054254382848739624,0.6223394274711609,0.25208234786987305,-0.06892326474189758,0.6013197898864746,0.2921798527240753,-0.0694170892238617,0.6983946561813354,0.36443910002708435,-0.034641604870557785,0.695854127407074,0.28148573637008667,-0.05299299582839012,0.6646788120269775,0.26609882712364197,-0.06181854382157326,0.6401359438896179,0.28268271684646606,-0.06404228508472443
0.6897538900375366,0.5598797798156738,6.253360140817676e-08,0.6366510987281799,0.5156019926071167,-0.026128053665161133,0.605283260345459,0.4248739182949066,-0.04113595932722092,0.5886741876602173,0.35723787546157837,-0.058892179280519485,0.6049447655677795,0.312846302986145,-0.07532981038093567,0.6335007548332214,0.30989575386047363,-0.00421841349452734,0.6316607594490051,0.20601603388786316,-0.028207525610923767,0.6266942024230957,0.142401322722435,-0.04858773201704025,0.6302099823951721,0.08752316236495972,-0.06380173563957214,0.6709835529327393,0.3125477135181427,-0.009586233645677567,0.6760265827178955,0.2029811590909958,-0.054114460945129395,0.6478266716003418,0.22665166854858398,-0.07870201766490936,0.6318328380584717,0.27701976895332336,-0.0836930200457573,0.7060860395431519,0.3276389241218567,-0.019196854904294014,0.7099270820617676,0.23792719841003418,-0.05280429497361183,0.6785271167755127,0.25139254331588745,-0.06494159251451492,0.6602325439453125,0.29102039337158203,-0.06299423426389694,0.7408501505851746,0.35700878500938416,-0.03199494257569313,0.7426972389221191,0.28124797344207764,-0.049697645008563995,0.7187168598175049,0.2664284110069275,-0.055568307638168335,0.6995255947113037,0.28136804699897766,-0.05501100793480873
0.7107904553413391,0.5717727541923523,2.0599547667643492e-07,0.6647165417671204,0.5236865878105164,-0.03744225203990936,0.6468462944030762,0.4438244104385376,-0.05608643218874931,0.6514648795127869,0.37226977944374084,-0.07259953767061234,0.6583788990974426,0.3106774687767029,-0.08779498189687729,0.6430780291557312,0.31134217977523804,-0.025467172265052795,0.6357119679450989,0.20448710024356842,-0.049670565873384476,0.6338930726051331,0.1322965919971466,-0.07316239178180695,0.6328779458999634,0.07699334621429443,-0.09159459918737411,0.6903818249702454,0.3067378103733063,-0.023812545463442802,0.6970677971839905,0.1949128657579422,-0.059375982731580734,0.7023780345916748,0.20676550269126892,-0.08714286983013153,0.7009989023208618,0.2500619888305664,-0.10008630156517029,0.7326462864875793,0.32302331924438477,-0.02566431276500225,0.7475370168685913,0.23398274183273315,-0.05389852821826935,0.7453539967536926,0.23412437736988068,-0.07203474640846252,0.7378311157226562,0.2726939618587494,-0.07892698049545288,0.7696471810340881,0.3580858111381531,-0.031055785715579987,0.7828590869903564,0.28829851746559143,-0.051274869590997696,0.77501380443573,0.26239606738090515,-0.06359308958053589,0.7598869204521179,0.2721852660179138,-0.06938472390174866
0.7205591797828674,0.5566850304603577,3.4464684972590476e-07,0.6966192126274109,0.510457456111908,-0.06584254652261734,0.698104202747345,0.4297262728214264,-0.08985918760299683,0.7315687537193298,0.3569026291370392,-0.10505499690771103,0.7616667747497559,0.29210934042930603,-0.1177893877029419,0.6598700284957886,0.29658788442611694,-0.03671284019947052,0.6535671353340149,0.19015711545944214,-0.054741498082876205,0.651155948638916,0.11723417043685913,-0.07583880424499512,0.6528188586235046,0.060248225927352905,-0.09523989260196686,0.7086122632026672,0.2945515811443329,-0.01896144449710846,0.7185459136962891,0.19569659233093262,-0.05532967299222946,0.7460601329803467,0.22360846400260925,-0.090572290122509,0.7644138932228088,0.2693836987018585,-0.10910515487194061,0.7503450512886047,0.3122377097606659,-0.006681335624307394,0.7654401659965515,0.23111289739608765,-0.042380914092063904,0.7896539568901062,0.2457006871700287,-0.07421921193599701,0.7995322942733765,0.28558942675590515,-0.08974315226078033,0.785131573677063,0.3450949788093567,0.0009812724310904741,0.800405740737915,0.2686232626438141,-0.027523890137672424,0.8156940340995789,0.26996225118637085,-0.04893059283494949,0.818070650100708,0.3004051446914673,-0.061523884534835815
0.7183045148849487,0.568250834941864,4.5690563865719014e-07,0.7046079039573669,0.5282251238822937,-0.08216732740402222,0.7200469970703125,0.46400395035743713,-0.11409784108400345,0.7770642042160034,0.41116583347320557,-0.1342858523130417,0.8286592960357666,0.3670651614665985,-0.15121214091777802,0.69395512342453,0.30407950282096863,-0.05858800932765007,0.6975657939910889,0.18161208927631378,-0.08306416124105453,0.7049364447593689,0.1035023182630539,-0.10538612306118011,0.7164489030838013,0.03941848874092102,-0.12397094815969467,0.7423421144485474,0.3084655702114105,-0.03218697011470795,0.7695099115371704,0.225667804479599,-0.07422178238630295,0.8036516308784485,0.26634591817855835,-0.10467728227376938,0.8245508074760437,0.3162012994289398,-0.11794641613960266,0.7837303280830383,0.33210524916648865,-0.012589292600750923,0.8144683837890625,0.2628503739833832,-0.05379822477698326,0.842234194278717,0.29686999320983887,-0.0792555883526802,0.852275013923645,0.34202149510383606,-0.08751942217350006,0.8145761489868164,0.36760827898979187,0.0008569690980948508,0.8444736003875732,0.30491623282432556,-0.03301035612821579,0.8631672263145447,0.32403719425201416,-0.05192739889025688,0.8661420941352844,0.36235272884368896,-0.059443868696689606
0.7174488306045532,0.5899772644042969,4.344656758803467e-07,0.7045387029647827,0.5708293318748474,-0.08644098788499832,0.7325897812843323,0.5264655351638794,-0.12619639933109283,0.804302990436554,0.49705249071121216,-0.1533891260623932,0.8634995222091675,0.4579658508300781,-0.17681969702243805,0.7256566286087036,0.3433101773262024,-0.08378390222787857,0.7497433423995972,0.2130616456270218,-0.12173159420490265,0.7739102840423584,0.13480545580387115,-0.14857518672943115,0.8004411458969116,0.07051268219947815,-0.168354794383049,0.7746435403823853,0.35033974051475525,-0.05892690271139145,0.819628119468689,0.27944934368133545,-0.11364492774009705,0.8482110500335693,0.34166809916496277,-0.14081276953220367,0.8568331599235535,0.40314537286758423,-0.1496260166168213,0.8142255544662476,0.37561050057411194,-0.04107080027461052,0.8582137823104858,0.31711533665657043,-0.0904153510928154,0.8793702125549316,0.36885204911231995,-0.10714373737573624,0.8796609044075012,0.4174625873565674,-0.10785097628831863,0.8419716358184814,0.4102570116519928,-0.030067987740039825,0.8815897703170776,0.3616965413093567,-0.06768710911273956,0.8968685865402222,0.39135977625846863,-0.081861212849617,0.8919669985771179,0.4306195080280304,-0.08474589884281158
0.7189000248908997,0.5835795998573303,4.941297220284468e-07,0.7029478549957275,0.5781235098838806,-0.08646754175424576,0.7325692176818848,0.5506136417388916,-0.12902502715587616,0.805618941783905,0.5452002286911011,-0.1590292751789093,0.8669548034667969,0.520250141620636,-0.18571388721466064,0.7463148832321167,0.3743261396884918,-0.0938272476196289,0.7873737812042236,0.25494205951690674,-0.13617148995399475,0.8239042162895203,0.18307335674762726,-0.1638915091753006,0.860205888748169,0.12647634744644165,-0.18352143466472626,0.7979667782783508,0.3848333954811096,-0.06985042989253998,0.851485013961792,0.3346529006958008,-0.12861338257789612,0.8748830556869507,0.4020719528198242,-0.15459612011909485,0.8750757575035095,0.46170419454574585,-0.16223858296871185,0.8373926281929016,0.4146629571914673,-0.05240911245346069,0.88828045129776,0.37871813774108887,-0.10631244629621506,0.8991565108299255,0.4401630461215973,-0.11979056149721146,0.888941764831543,0.4888608157634735,-0.11752723902463913,0.8634551167488098,0.4521605968475342,-0.04178258031606674,0.904929518699646,0.42966803908348083,-0.08508319407701492,0.9080363512039185,0.4702686667442322,-0.09891223907470703,0.8913814425468445,0.5103825926780701,-0.10020183026790619
0.7458958625793457,0.596948504447937,5.952935566710948e-07,0.7142062783241272,0.5903554558753967,-0.08420425653457642,0.7216167449951172,0.5641996264457703,-0.13409456610679626,0.7889828681945801,0.5631051063537598,-0.17236311733722687,0.8525326251983643,0.5452839732170105,-0.20804890990257263,0.7394678592681885,0.38297030329704285,-0.10448861867189407,0.7759802341461182,0.26595649123191833,-0.15586262941360474,0.8140723705291748,0.19601532816886902,-0.19050322473049164,0.8515493273735046,0.14244145154953003,-0.21453383564949036,0.7949580550193787,0.3912733793258667,-0.08676667511463165,0.8481311202049255,0.35303831100463867,-0.1554086059331894,0.8709076046943665,0.4287792444229126,-0.1831674724817276,0.8689532279968262,0.4919816255569458,-0.19076231122016907,0.8373992443084717,0.4241456985473633,-0.0750868022441864,0.8863039016723633,0.4029339849948883,-0.13634774088859558,0.892730712890625,0.46928471326828003,-0.1457189917564392,0.8774479031562805,0.5170307755470276,-0.139724001288414,0.866222620010376,0.46649613976478577,-0.07001097500324249,0.9026414155960083,0.4606766700744629,-0.11746778339147568,0.8994011282920837,0.5043144822120667,-0.1265360713005066,0.8768122792243958,0.5405030846595764,-0.12352043390274048
0.7476273775100708,0.5812793374061584,3.8791804968241195e-07,0.70716392993927,0.5809308290481567,-0.06790842115879059,0.684525191783905,0.5621243715286255,-0.11738047748804092,0.7165385484695435,0.5517000555992126,-0.15994714200496674,0.7589752674102783,0.5322023630142212,-0.20050299167633057,0.6884896755218506,0.3878008723258972,-0.09198460727930069,0.693973958492279,0.2648395299911499,-0.14045505225658417,0.7090433835983276,0.19403132796287537,-0.17009611427783966,0.7257010340690613,0.13038599491119385,-0.19016052782535553,0.7436842322349548,0.38586968183517456,-0.08359143882989883,0.7703453302383423,0.3384990990161896,-0.15383826196193695,0.7835845351219177,0.4253630042076111,-0.17226120829582214,0.7797419428825378,0.49491456151008606,-0.17046695947647095,0.7901880741119385,0.40374982357025146,-0.08061056584119797,0.8148840665817261,0.38003847002983093,-0.14460846781730652,0.822266697883606,0.4620591104030609,-0.14048036932945251,0.8118571043014526,0.5219488739967346,-0.12174685299396515,0.8286561965942383,0.4322386085987091,-0.08279143273830414,0.846923291683197,0.40980392694473267,-0.12783370912075043,0.8489790558815002,0.4625277519226074,-0.12433880567550659,0.8362991809844971,0.5065223574638367,-0.11043433099985123
0.7461144924163818,0.5648882985115051,4.621578568730911e-07,0.7326837778091431,0.5496708750724792,-0.07815005630254745,0.7547001838684082,0.49803027510643005,-0.11483506858348846,0.8202459812164307,0.4553476870059967,-0.14011839032173157,0.8737568259239197,0.4132922291755676,-0.16074307262897491,0.7293497323989868,0.32586169242858887,-0.07616303116083145,0.7372997999191284,0.19896452128887177,-0.11725244671106339,0.7541829347610474,0.11518338322639465,-0.1441352367401123,0.7708893418312073,0.04475453495979309,-0.1630868762731552,0.7817431688308716,0.3222757875919342,-0.05654248222708702,0.8263239860534668,0.24899370968341827,-0.11397671699523926,0.8524600863456726,0.32090315222740173,-0.13203759491443634,0.8537311553955078,0.37861958146095276,-0.1314183920621872,0.8250114321708679,0.34313058853149414,-0.04397445172071457,0.8721113204956055,0.2991682291030884,-0.0948236733675003,0.879432737827301,0.36433079838752747,-0.09317617863416672,0.8641965985298157,0.4020354449748993,-0.07942788302898407,0.8559257388114929,0.3797827661037445,-0.038221027702093124,0.8997794389724731,0.35019609332084656,-0.07193759828805923,0.8978103995323181,0.391325980424881,-0.0705353245139122,0.8747181296348572,0.420794278383255,-0.06122005730867386
0.7527042627334595,0.5600390434265137,3.908845940259198e-07,0.7334296107292175,0.5087168216705322,-0.06875590980052948,0.7389205694198608,0.4330650269985199,-0.08843523263931274,0.7826094031333923,0.3587350845336914,-0.09821862727403641,0.8122977018356323,0.29239529371261597,-0.1036379486322403,0.6938856244087219,0.2898622155189514,-0.03447834029793739,0.6838985681533813,0.17720100283622742,-0.05398451164364815,0.68675297498703,0.1018601804971695,-0.07329430431127548,0.6945117712020874,0.04384174942970276,-0.08925031125545502,0.7432388067245483,0.2839828133583069,-0.013775208033621311,0.7606010437011719,0.19078756868839264,-0.05143749713897705,0.8007957339286804,0.21270416676998138,-0.08646859228610992,0.8273447155952454,0.2542121410369873,-0.10409823060035706,0.7850815057754517,0.29809969663619995,0.00023401690123137087,0.8117524981498718,0.22467824816703796,-0.04010389745235443,0.8454752564430237,0.24157345294952393,-0.07607372105121613,0.8594739437103271,0.27944648265838623,-0.09229203313589096,0.8184219002723694,0.3282623589038849,0.00964711420238018,0.8454413414001465,0.2560771703720093,-0.021847806870937347,0.8692367672920227,0.2551165521144867,-0.04654867947101593,0.8762254118919373,0.28094205260276794,-0.05996016040444374
0.7482336759567261,0.5550191402435303,5.006945684726816e-07,0.7232213020324707,0.49265584349632263,-0.05962999910116196,0.7190194129943848,0.40346759557724,-0.07554925233125687,0.7406997084617615,0.31717684864997864,-0.08354431390762329,0.7602111101150513,0.23880864679813385,-0.08901635557413101,0.6523690223693848,0.2994498610496521,-0.0017341532511636615,0.6402850151062012,0.20143195986747742,-0.00750658567994833,0.6377587914466858,0.13310658931732178,-0.028482500463724136,0.6409391760826111,0.08130981028079987,-0.04949113726615906,0.7029303312301636,0.2938329577445984,0.018010906875133514,0.6982960104942322,0.19214721024036407,-0.006499342620372772,0.7205230593681335,0.19148540496826172,-0.04970341548323631,0.742443323135376,0.22092416882514954,-0.07718263566493988,0.7479149103164673,0.3029927611351013,0.03184725344181061,0.7531940937042236,0.2177070528268814,0.009664811193943024,0.7743472456932068,0.20059965550899506,-0.02999955415725708,0.7925602793693542,0.2277013659477234,-0.05508173629641533,0.7896414399147034,0.3301393687725067,0.04106869176030159,0.7950875163078308,0.24534863233566284,0.023319032043218613,0.8064934611320496,0.22272932529449463,-0.001286882208660245,0.8133947253227234,0.23286885023117065,-0.01929694414138794
0.7477686405181885,0.5522261261940002,4.641326540877344e-07,0.7031845450401306,0.4871337413787842,-0.04108752682805061,0.682661771774292,0.39384859800338745,-0.04918805882334709,0.686204731464386,0.3070944845676422,-0.053391147404909134,0.6897429823875427,0.2332080602645874,-0.05544252321124077,0.6402162909507751,0.33137089014053345,0.019431624561548233,0.6195740103721619,0.23954087495803833,0.01992619037628174,0.6135873198509216,0.176649808883667,0.004225779324769974,0.6121519804000854,0.13155481219291687,-0.01212782971560955,0.6853395700454712,0.32388076186180115,0.03227483481168747,0.6702806949615479,0.2263469398021698,0.015227742493152618,0.6826074719429016,0.21066898107528687,-0.02506428211927414,0.6988549828529358,0.22757814824581146,-0.051222123205661774,0.7246657609939575,0.3257873058319092,0.040615521371364594,0.715086817741394,0.24035313725471497,0.02881895750761032,0.7193160653114319,0.2080031782388687,-0.007745251525193453,0.7347775101661682,0.2209681272506714,-0.03266162425279617,0.7679622173309326,0.3400971293449402,0.045427095144987106,0.7619644403457642,0.2721530497074127,0.0394701212644577,0.7616073489189148,0.2277172952890396,0.018376540392637253,0.7669597268104553,0.2116982787847519,0.0007501287036575377
0.7090113162994385,0.5575052499771118,2.999079384835568e-08,0.6525447368621826,0.4942792057991028,-0.009782672859728336,0.6192159056663513,0.39733490347862244,-0.017840629443526268,0.5925619602203369,0.3252273499965668,-0.03410336747765541,0.603111207485199,0.2602240741252899,-0.04901014268398285,0.686362624168396,0.29858142137527466,0.03043750673532486,0.6981382369995117,0.19511619210243225,0.017217153683304787,0.6964327096939087,0.13321860134601593,0.005129100289195776,0.6983145475387573,0.08257409930229187,-0.004683918785303831,0.709783673286438,0.3027859926223755,0.017185499891638756,0.7016982436180115,0.1945895254611969,-0.019822079688310623,0.6556984782218933,0.20564214885234833,-0.041164714843034744,0.6260825991630554,0.24393561482429504,-0.0437617152929306,0.73138028383255,0.31507056951522827,-0.0007456241291947663,0.7222139835357666,0.2140604555606842,-0.031206846237182617,0.6693137884140015,0.22124052047729492,-0.042103029787540436,0.6344909071922302,0.2527409493923187,-0.038300637155771255,0.7520512342453003,0.33778101205825806,-0.020628204569220543,0.7447377443313599,0.25082021951675415,-0.03620944917201996,0.7039957046508789,0.22461584210395813,-0.041240524500608444,0.6693497896194458,0.22951039671897888,-0.03935052081942558
0.7067994475364685,0.5742853283882141,-8.275823404346738e-08,0.6421622037887573,0.5013530254364014,0.01310122199356556,0.6067616939544678,0.4083089232444763,0.013291317969560623,0.5772696733474731,0.3466540277004242,-0.0003419507120270282,0.5708251595497131,0.2813682556152344,-0.01416812464594841,0.6854121088981628,0.29978474974632263,0.049701131880283356,0.6994184255599976,0.19168363511562347,0.04235710948705673,0.6965285539627075,0.12828627228736877,0.034012436866760254,0.6938639879226685,0.07712990045547485,0.026227585971355438,0.7054131031036377,0.30686041712760925,0.022690540179610252,0.681205689907074,0.19747783243656158,-0.007990214042365551,0.6252672672271729,0.21680282056331635,-0.026717916131019592,0.5938360095024109,0.2597179114818573,-0.02964579313993454,0.719786524772644,0.3220084607601166,-0.007730241399258375,0.6987184882164001,0.21438972651958466,-0.03532065078616142,0.6378930807113647,0.22965019941329956,-0.0443304069340229,0.6025694608688354,0.26892805099487305,-0.040925245732069016,0.7294926643371582,0.3445214033126831,-0.038410767912864685,0.7124060988426208,0.24996417760849,-0.05510520190000534,0.6659165024757385,0.22836819291114807,-0.0590810663998127,0.6301584839820862,0.23944951593875885,-0.056679487228393555
0.708240270614624,0.5836684703826904,-1.0136498218571433e-07,0.6399354338645935,0.49320775270462036,0.019898636266589165,0.6078842878341675,0.40427279472351074,0.02200119011104107,0.5808934569358826,0.34309500455856323,0.010096480138599873,0.5729421377182007,0.2809681296348572,-0.001650501973927021,0.7061106562614441,0.30323758721351624,0.051367342472076416,0.7151519060134888,0.19112913310527802,0.04938175529241562,0.70982825756073,0.1285502016544342,0.045522019267082214,0.7049270272254944,0.07530760765075684,0.04048094525933266,0.72520512342453,0.3109305799007416,0.024311570450663567,0.6902972459793091,0.20245131850242615,0.00564920948818326,0.6296248435974121,0.2089153528213501,-0.0063341474160552025,0.5955598950386047,0.23925486207008362,-0.009065206162631512,0.7307019233703613,0.3259311020374298,-0.005503680557012558,0.6974617838859558,0.21113468706607819,-0.023703552782535553,0.6348316073417664,0.21831563115119934,-0.028416138142347336,0.5998169183731079,0.2565508782863617,-0.025766097009181976,0.7233993411064148,0.343218058347702,-0.03510388731956482,0.6950919032096863,0.24805155396461487,-0.045294005423784256,0.6498122811317444,0.23094770312309265,-0.04577634111046791,0.618015468120575,0.2511017918586731,-0.042590536177158356
0.6655071377754211,0.5821454524993896,-3.104773611539713e-07,0.6000081300735474,0.5079240202903748,0.03705758601427078,0.565889835357666,0.43196260929107666,0.0568976104259491,0.54086834192276,0.3755269944667816,0.05959435552358627,0.5343189239501953,0.3205296993255615,0.062179699540138245,0.6392276287078857,0.37294939160346985,0.11743063479661942,0.6124173998832703,0.3065173625946045,0.12506680190563202,0.5794445276260376,0.2951323986053467,0.11327394843101501,0.5548843741416931,0.30577588081359863,0.10649176687002182,0.656592071056366,0.358095645904541,0.09048217535018921,0.6299712061882019,0.2786013185977936,0.0978672206401825,0.5861702561378479,0.27372807264328003,0.07871180027723312,0.5564991235733032,0.30154338479042053,0.06792891025543213,0.6712544560432434,0.3479316234588623,0.058861687779426575,0.646792471408844,0.2655196189880371,0.06924962252378464,0.5999677181243896,0.2622207999229431,0.0624287948012352,0.57088303565979,0.28910356760025024,0.059385061264038086,0.6799014806747437,0.346516877412796,0.02733268402516842,0.6638216376304626,0.2712002694606781,0.0441046766936779,0.6361263394355774,0.24949264526367188,0.0519595704972744,0.6157456040382385,0.2576414942741394,0.05779556185007095
0.6645859479904175,0.5805163383483887,-2.5386228230672714e-07,0.5895143747329712,0.5200361609458923,0.034792352467775345,0.546686589717865,0.4545252323150635,0.05943493917584419,0.5167440176010132,0.3988749086856842,0.06756933033466339,0.5090211033821106,0.34030401706695557,0.07450367510318756,0.6128931045532227,0.40369272232055664,0.13264767825603485,0.5860762596130371,0.35260629653930664,0.15543615818023682,0.5560767650604248,0.3342730700969696,0.1494266539812088,0.530127763748169,0.32541465759277344,0.14087778329849243,0.6295547485351562,0.3809765875339508,0.10876255482435226,0.5975039005279541,0.3235958516597748,0.12961030006408691,0.5584824085235596,0.3099685311317444,0.10908734798431396,0.529687762260437,0.3176710605621338,0.09135206788778305,0.6444968581199646,0.36206725239753723,0.07987702637910843,0.6111337542533875,0.29667431116104126,0.0964924767613411,0.5707358717918396,0.29346758127212524,0.08426889032125473,0.5429040789604187,0.3100108206272125,0.0729583129286766,0.6557751297950745,0.3504810333251953,0.050918158143758774,0.626528263092041,0.2847282290458679,0.0667271837592125,0.5881521105766296,0.27875185012817383,0.07072009146213531,0.5575321316719055,0.29794806241989136,0.07085172832012177
0.6720977425575256,0.585838258266449,-7.452906203297971e-08,0.59389728307724,0.5371480584144592,0.02336231619119644,0.5458607077598572,0.4664996266365051,0.04271349310874939,0.516420304775238,0.40497952699661255,0.04780629277229309,0.5080101490020752,0.3436677157878876,0.05211145803332329,0.6009502410888672,0.4081873595714569,0.12194798141717911,0.5806092619895935,0.35894811153411865,0.1416918933391571,0.5537704825401306,0.34167754650115967,0.13453274965286255,0.5267797708511353,0.3355371654033661,0.12478429824113846,0.6189698576927185,0.3859514892101288,0.10288629680871964,0.5909540057182312,0.3290105164051056,0.11936450004577637,0.5564612746238708,0.31019100546836853,0.09809964895248413,0.5264953970909119,0.31637364625930786,0.08068282902240753,0.6369418501853943,0.36958834528923035,0.0777442455291748,0.6061252951622009,0.30596864223480225,0.08967935293912888,0.5712299346923828,0.29440850019454956,0.07542402297258377,0.5411807894706726,0.30717581510543823,0.06383813917636871,0.6562803983688354,0.35985440015792847,0.0517197921872139,0.6247124671936035,0.3002587556838989,0.062270477414131165,0.5914297103881836,0.28388598561286926,0.061647187918424606,0.5610259175300598,0.29045170545578003,0.05912502482533455
0.669076144695282,0.5859652757644653,2.167190444879452e-07,0.5870713591575623,0.5388190746307373,0.006585657596588135,0.537766695022583,0.4684709310531616,0.022523626685142517,0.5123674273490906,0.40491122007369995,0.029514536261558533,0.5121574401855469,0.34652188420295715,0.03597339987754822,0.5763963460922241,0.4405072033405304,0.10641095042228699,0.5551140904426575,0.3948611617088318,0.1300855129957199,0.5386703610420227,0.3722105920314789,0.12634395062923431,0.5192050337791443,0.35148417949676514,0.1167779266834259,0.5970938205718994,0.4189673364162445,0.0989910140633583,0.5743853449821472,0.37549272179603577,0.119158536195755,0.5522242784500122,0.34862732887268066,0.09800463169813156,0.5273193120956421,0.32828062772750854,0.07859767973423004,0.6206179261207581,0.401809424161911,0.085272416472435,0.5921368598937988,0.35545942187309265,0.10027449578046799,0.5670718550682068,0.32931384444236755,0.0846007838845253,0.538528323173523,0.3144482374191284,0.06970929354429245,0.652927815914154,0.38683268427848816,0.06968071311712265,0.6192470192909241,0.33991286158561707,0.08243565261363983,0.5944558382034302,0.3182756304740906,0.08173717558383942,0.5665261149406433,0.3083729147911072,0.07778461277484894
0.6771449446678162,0.5873094797134399,2.45086226868807e-07,0.5881175994873047,0.538697361946106,0.008231652900576591,0.5387061834335327,0.4684845805168152,0.02694110758602619,0.5168706178665161,0.40321463346481323,0.03650537505745888,0.5204280018806458,0.3488847017288208,0.04518486559391022,0.5755297541618347,0.46085214614868164,0.11472605168819427,0.5552448034286499,0.4168089032173157,0.1433407962322235,0.5421575903892517,0.3952307105064392,0.14234985411167145,0.5251022577285767,0.3746239244937897,0.1348697543144226,0.5974311232566833,0.43528759479522705,0.10811682045459747,0.5754607319831848,0.39546388387680054,0.13694539666175842,0.5553058981895447,0.3683174252510071,0.12018684297800064,0.5326918363571167,0.3440549969673157,0.10308903455734253,0.620841383934021,0.4145803153514862,0.09507357329130173,0.5923066139221191,0.37410685420036316,0.1177595928311348,0.5691409707069397,0.34670960903167725,0.10736117511987686,0.5438135862350464,0.32676783204078674,0.0950414389371872,0.6529807448387146,0.3969673812389374,0.07978489995002747,0.6183093190193176,0.35530853271484375,0.09968651831150055,0.5948452353477478,0.3332158029079437,0.10514125972986221,0.5693016052246094,0.3201806843280792,0.10509829968214035
0.6767148375511169,0.5862088799476624,3.134954909000953e-07,0.5852028727531433,0.5407378673553467,0.007345033809542656,0.5387487411499023,0.47161829471588135,0.026011232286691666,0.5175783038139343,0.4075305759906769,0.036250051110982895,0.5197319388389587,0.35434645414352417,0.0459849089384079,0.5690551400184631,0.46220311522483826,0.1159280464053154,0.546886682510376,0.4183022081851959,0.14602941274642944,0.5356585383415222,0.39495864510536194,0.14560724794864655,0.5212413668632507,0.3736823797225952,0.13849398493766785,0.5933117270469666,0.4365997612476349,0.11085233837366104,0.568376898765564,0.3956676721572876,0.14104735851287842,0.5488702654838562,0.36899295449256897,0.12379126250743866,0.5257447957992554,0.34485703706741333,0.10582633316516876,0.6174765229225159,0.41729551553726196,0.09928067773580551,0.5891711711883545,0.37571901082992554,0.12322821468114853,0.5644838809967041,0.3484698534011841,0.11186308413743973,0.5383070707321167,0.328694224357605,0.09813127666711807,0.6506021022796631,0.3996696472167969,0.08550041168928146,0.615962028503418,0.36079737544059753,0.10660146921873093,0.5921640992164612,0.33867716789245605,0.11120772361755371,0.5657842755317688,0.324309766292572,0.1098560020327568
0.6610543727874756,0.5721738338470459,-1.8973395299326512e-07,0.5967100858688354,0.5230295658111572,0.018681291490793228,0.5500876307487488,0.45195481181144714,0.036537930369377136,0.5229808688163757,0.39339479804039,0.04274147376418114,0.5190050601959229,0.34033888578414917,0.048890579491853714,0.611526608467102,0.3969521224498749,0.09574480354785919,0.5897311568260193,0.34985244274139404,0.10986290872097015,0.5626121759414673,0.3348485231399536,0.10294412821531296,0.5380775332450867,0.3296154737472534,0.09512273967266083,0.6267595291137695,0.3770514726638794,0.08078277856111526,0.6011343598365784,0.32199251651763916,0.09276556223630905,0.5650795698165894,0.30839747190475464,0.07515323907136917,0.5359829068183899,0.3168119788169861,0.061654940247535706,0.6430873274803162,0.36196374893188477,0.061222147196531296,0.6152795553207397,0.2984239161014557,0.0696825236082077,0.5778378844261169,0.2910606265068054,0.05848201364278793,0.5488123297691345,0.3072633743286133,0.05085819959640503,0.6601113080978394,0.35367611050605774,0.04103828966617584,0.6331194043159485,0.28646188974380493,0.049851104617118835,0.6006512641906738,0.2733704149723053,0.05200285091996193,0.5728725790977478,0.29048046469688416,0.053057871758937836
0.6965972185134888,0.5854071378707886,3.3787307529564714e-07,0.6357181072235107,0.5092639923095703,0.05562938004732132,0.5977007150650024,0.4325379729270935,0.07329647243022919,0.5705724358558655,0.37552180886268616,0.06788715720176697,0.5694974064826965,0.3126213550567627,0.060490090399980545,0.7013120651245117,0.3483957052230835,0.13147249817848206,0.714360773563385,0.26728710532188416,0.16265666484832764,0.7142519354820251,0.21628445386886597,0.17327259480953217,0.7126089334487915,0.17849430441856384,0.1755218505859375,0.7149052023887634,0.3350611925125122,0.0905274748802185,0.6838414669036865,0.25315773487091064,0.1165853962302208,0.6473233699798584,0.24303311109542847,0.1153448075056076,0.6296061873435974,0.2574232816696167,0.1128111258149147,0.7170912027359009,0.3316006064414978,0.04640132933855057,0.6668254733085632,0.2497827261686325,0.061888523399829865,0.6034404635429382,0.261799156665802,0.05708656832575798,0.5675207376480103,0.29762113094329834,0.052899062633514404,0.7085857391357422,0.3358183205127716,0.004258899018168449,0.6698727607727051,0.2595387101173401,0.01885220594704151,0.6287214159965515,0.25189030170440674,0.022409876808524132,0.601241946220398,0.2726348340511322,0.02271565981209278
0.7248228192329407,0.5955972671508789,-1.2708854058018915e-07,0.6456335186958313,0.5130704641342163,0.0334160253405571,0.6035831570625305,0.4341869354248047,0.033437516540288925,0.5668907165527344,0.38782769441604614,0.016297919675707817,0.550430417060852,0.3324258625507355,-0.0032243148889392614,0.7093595266342163,0.31006675958633423,0.04670403525233269,0.7184808254241943,0.2001730352640152,0.03784836828708649,0.7181736826896667,0.13299494981765747,0.028961434960365295,0.716098964214325,0.07753714919090271,0.020289601758122444,0.725818932056427,0.31698235869407654,0.009586039930582047,0.653465211391449,0.22249338030815125,-0.013450412079691887,0.59023118019104,0.2525235414505005,-0.02642519399523735,0.5651443004608154,0.2951689660549164,-0.031236648559570312,0.7230235934257507,0.33772948384284973,-0.028515897691249847,0.6516066789627075,0.23980554938316345,-0.05318985506892204,0.5872668027877808,0.2713955342769623,-0.05489146709442139,0.5607317686080933,0.31875091791152954,-0.050177622586488724,0.7050914764404297,0.36463820934295654,-0.06475567817687988,0.6533346772193909,0.27324986457824707,-0.08154626190662384,0.6052997708320618,0.2763894200325012,-0.07915286719799042,0.5789785981178284,0.3099063038825989,-0.07315997034311295
0.7015386819839478,0.6233088970184326,-9.288748259450585e-08,0.6119865775108337,0.535948634147644,0.01862150989472866,0.5619224905967712,0.45516353845596313,0.01450488343834877,0.5193086266517639,0.40934595465660095,-0.0017344483640044928,0.4901058077812195,0.36224791407585144,-0.018683727830648422,0.648709774017334,0.3211084008216858,0.024304009974002838,0.6448649168014526,0.20713496208190918,0.009966576471924782,0.6432452201843262,0.14070917665958405,-0.0029074333142489195,0.6409912109375,0.08156293630599976,-0.013696601614356041,0.6633522510528564,0.3246566951274872,-0.002881725551560521,0.5748669505119324,0.24767903983592987,-0.028800366446375847,0.5269803404808044,0.2879645526409149,-0.042884718626737595,0.5130719542503357,0.33129221200942993,-0.04925748333334923,0.6628229022026062,0.3471384048461914,-0.03106021322309971,0.5787225961685181,0.26004916429519653,-0.05545898154377937,0.5318450331687927,0.2981363534927368,-0.056715697050094604,0.5191323757171631,0.3473987877368927,-0.052515722811222076,0.6496548652648926,0.37926822900772095,-0.05853382498025894,0.5836779475212097,0.2987332344055176,-0.07478111237287521,0.5383046269416809,0.3082157075405121,-0.0727989673614502,0.5168899893760681,0.34474217891693115,-0.0672353208065033
0.5822159647941589,0.6017334461212158,3.858523598410102e-07,0.5054600238800049,0.5273470282554626,0.01705350913107395,0.4695618450641632,0.4738939106464386,0.013783708214759827,0.4372051954269409,0.43615445494651794,0.00016568756836932153,0.41939616203308105,0.395098477602005,-0.01258782297372818,0.5531508922576904,0.37388408184051514,0.029137881472706795,0.5481019616127014,0.28825652599334717,0.024428505450487137,0.5408810973167419,0.24426664412021637,0.019104696810245514,0.5316526889801025,0.20493818819522858,0.01439717411994934,0.5641733407974243,0.37391984462738037,0.008062672801315784,0.549390435218811,0.27891913056373596,0.0018110082019120455,0.5313166975975037,0.24224911630153656,-0.003932037390768528,0.5208536386489868,0.21960857510566711,-0.009423786774277687,0.5608716011047363,0.3906218707561493,-0.01478452980518341,0.506218433380127,0.31159326434135437,-0.028978312388062477,0.4561377763748169,0.3340327739715576,-0.033369287848472595,0.43113744258880615,0.37051573395729065,-0.03365738317370415,0.5432090759277344,0.4169143736362457,-0.03657948225736618,0.49931493401527405,0.3487972021102905,-0.0459163598716259,0.46171510219573975,0.3584020435810089,-0.045031242072582245,0.4382575750350952,0.3879445493221283,-0.0431966669857502
0.5385146737098694,0.6225802302360535,-8.837559306584808e-08,0.47241532802581787,0.5713834166526794,0.011504683643579483,0.43873438239097595,0.5230734944343567,0.00651139859110117,0.4100847542285919,0.49009740352630615,-0.006573624908924103,0.390472412109375,0.45642122626304626,-0.020713793113827705,0.5078704357147217,0.42117977142333984,0.01927776448428631,0.49988701939582825,0.350809246301651,0.014304439537227154,0.4918726980686188,0.3084610104560852,0.008515479974448681,0.48340320587158203,0.27205413579940796,0.002184908138588071,0.517055869102478,0.42289474606513977,0.001642513438127935,0.4541413187980652,0.37747055292129517,-0.011502738110721111,0.41826391220092773,0.4050353765487671,-0.01979769952595234,0.4063853919506073,0.43577060103416443,-0.024557210505008698,0.5116862654685974,0.43738824129104614,-0.016627022996544838,0.4518998861312866,0.3854382038116455,-0.031062105670571327,0.41503065824508667,0.4148147404193878,-0.03218648582696915,0.40183693170547485,0.45122915506362915,-0.03060685656964779,0.49462416768074036,0.4586027264595032,-0.03425143286585808,0.4461585581302643,0.40665072202682495,-0.044322457164525986,0.4164901375770569,0.41598066687583923,-0.04231476038694382,0.40244096517562866,0.44217342138290405,-0.03868851438164711
0.49457675218582153,0.6336405873298645,-7.045171201980338e-08,0.43956026434898376,0.6096237301826477,-0.00038741849130019546,0.40778031945228577,0.5718068480491638,-0.00617001298815012,0.380357027053833,0.5473910570144653,-0.015668697655200958,0.36457157135009766,0.518756091594696,-0.025063076987862587,0.46752089262008667,0.46874377131462097,0.0040190857835114,0.45809927582740784,0.402630478143692,-0.004381338134407997,0.4475466012954712,0.3636668920516968,-0.009681210853159428,0.43690186738967896,0.3329874277114868,-0.013838105835020542,0.4724333584308624,0.46924370527267456,-0.004267213866114616,0.4107847809791565,0.42884361743927,-0.020877782255411148,0.3816430866718292,0.46304458379745483,-0.0267878919839859,0.37481746077537537,0.49370402097702026,-0.02720913477241993,0.46473363041877747,0.4801735579967499,-0.013630518689751625,0.40561631321907043,0.43688854575157166,-0.032537396997213364,0.3755275309085846,0.4736692011356354,-0.033772118389606476,0.36781370639801025,0.5074775218963623,-0.029519354924559593,0.4464394152164459,0.4970715343952179,-0.022755233570933342,0.3988301455974579,0.4579150974750519,-0.03658464923501015,0.37473514676094055,0.4759853482246399,-0.03604189306497574,0.3667638301849365,0.5014256834983826,-0.03151732310652733
0.47723081707954407,0.638554573059082,-9.656186961137792e-08,0.40754568576812744,0.6141971349716187,0.0074723828583955765,0.36773863434791565,0.5630099773406982,0.0035317305009812117,0.3339627981185913,0.5339156985282898,-0.005869894288480282,0.3017060160636902,0.5098248720169067,-0.016289377585053444,0.4253474473953247,0.4458538889884949,0.0022192271426320076,0.4061494469642639,0.36136332154273987,-0.010512391105294228,0.39263802766799927,0.31254541873931885,-0.019190186634659767,0.37943899631500244,0.2722308039665222,-0.02611808106303215,0.43462321162223816,0.44844701886177063,-0.011930089443922043,0.3552020788192749,0.40325993299484253,-0.031334783881902695,0.31455039978027344,0.4420773684978485,-0.03791798651218414,0.30016952753067017,0.4772661030292511,-0.03990970179438591,0.4303339719772339,0.47064921259880066,-0.026440570130944252,0.35136330127716064,0.42199504375457764,-0.04607002064585686,0.31226494908332825,0.45908525586128235,-0.045559704303741455,0.2988708019256592,0.4926995038986206,-0.04119599983096123,0.41506582498550415,0.5025210976600647,-0.04035370796918869,0.3553871214389801,0.456757128238678,-0.055338453501462936,0.32205212116241455,0.466074675321579,-0.055265530943870544,0.30798476934432983,0.4822513163089752,-0.05175469443202019
0.4985285997390747,0.6707421541213989,-1.9301535303384298e-07,0.4048331379890442,0.6409862041473389,0.017099663615226746,0.34844228625297546,0.5815258026123047,0.012277030386030674,0.3044877350330353,0.5486778616905212,-0.0018433763179928064,0.2676091194152832,0.5180211663246155,-0.017782729119062424,0.4231850504875183,0.4338074028491974,0.007353213615715504,0.3877604603767395,0.33456873893737793,-0.00854278914630413,0.36801525950431824,0.2740898132324219,-0.019583525136113167,0.35030120611190796,0.22207969427108765,-0.02898307517170906,0.43509137630462646,0.4388849437236786,-0.01718657836318016,0.3290117383003235,0.3830963671207428,-0.04368537664413452,0.28185591101646423,0.44018954038619995,-0.05307704582810402,0.2684822082519531,0.49114224314689636,-0.05585310608148575,0.4317210018634796,0.46802037954330444,-0.04155823215842247,0.32924091815948486,0.4094305634498596,-0.06824108958244324,0.28418245911598206,0.4641396701335907,-0.06749320030212402,0.2709006667137146,0.5124699473381042,-0.06176253408193588,0.41601628065109253,0.5088524222373962,-0.06451136618852615,0.33669614791870117,0.45492884516716003,-0.08576405048370361,0.29766762256622314,0.477597713470459,-0.08594394475221634,0.28202277421951294,0.5099993348121643,-0.08173932135105133
0.5708305239677429,0.6605092287063599,-2.0174365999992006e-07,0.47108960151672363,0.604270875453949,0.014804440550506115,0.41493192315101624,0.5293118953704834,0.008378110826015472,0.36990490555763245,0.4864848852157593,-0.009401884861290455,0.32746195793151855,0.45186322927474976,-0.027901971712708473,0.49519091844558716,0.3909641206264496,0.015679752454161644,0.46235573291778564,0.27890822291374207,-0.0034925881773233414,0.44363653659820557,0.2158016860485077,-0.01700803078711033,0.42797157168388367,0.16065365076065063,-0.027673430740833282,0.51242595911026,0.39618363976478577,-0.011314790695905685,0.40862029790878296,0.3225057125091553,-0.04686256870627403,0.3575073778629303,0.3836299180984497,-0.060733355581760406,0.34416988492012024,0.441089004278183,-0.06333305686712265,0.5156388878822327,0.42366310954093933,-0.03952648863196373,0.4166000187397003,0.35058340430259705,-0.07047207653522491,0.36698243021965027,0.4052128195762634,-0.0698593333363533,0.3543996214866638,0.45681867003440857,-0.061736445873975754,0.5057947039604187,0.46378830075263977,-0.06736970692873001,0.43664318323135376,0.4000087380409241,-0.08742684870958328,0.3890717625617981,0.4097815752029419,-0.08706337213516235,0.36574700474739075,0.43533605337142944,-0.08168100565671921
0.6678347587585449,0.6013357639312744,-1.1302647351385531e-07,0.5782713890075684,0.5187910199165344,0.025301260873675346,0.5314015746116638,0.45288199186325073,0.02045534923672676,0.49351176619529724,0.410637766122818,7.543623360106722e-05,0.47434818744659424,0.35850292444229126,-0.02173670195043087,0.6138895750045776,0.3237859308719635,0.04254838824272156,0.5984412431716919,0.2230566143989563,0.034483227878808975,0.587578535079956,0.1658385694026947,0.02578818053007126,0.5783615112304688,0.1155107319355011,0.01679014228284359,0.633748471736908,0.3285035192966461,0.010023601353168488,0.5485859513282776,0.25258493423461914,-0.013637523166835308,0.49994438886642456,0.29926687479019165,-0.02613193728029728,0.48884016275405884,0.34725022315979004,-0.03015975095331669,0.6390966176986694,0.34983304142951965,-0.02390073612332344,0.5559902787208557,0.27394917607307434,-0.043633218854665756,0.5092431902885437,0.3155292868614197,-0.04089977964758873,0.49860259890556335,0.3651036322116852,-0.034495752304792404,0.6316282749176025,0.3815115988254547,-0.05748886987566948,0.5731589198112488,0.3111380934715271,-0.06889569759368896,0.530617356300354,0.3161813020706177,-0.06458862870931625,0.5106172561645508,0.34663912653923035,-0.0583186000585556
0.6970391869544983,0.5763581395149231,-1.1811250288928932e-07,0.6138061881065369,0.51434326171875,0.013998360373079777,0.5604873299598694,0.45114782452583313,0.007131815422326326,0.520546019077301,0.4087196886539459,-0.011792573146522045,0.5019096732139587,0.356929212808609,-0.03073864057660103,0.6320298910140991,0.3175617456436157,0.0314539298415184,0.6113196611404419,0.2190316766500473,0.02086944319307804,0.5944647192955017,0.16276128590106964,0.011575140058994293,0.579865574836731,0.11596342921257019,0.003005662001669407,0.6531573534011841,0.3192356824874878,0.005608206614851952,0.573974609375,0.25112754106521606,-0.02057926170527935,0.5269721150398254,0.2954815924167633,-0.03354485705494881,0.5129318237304688,0.34150823950767517,-0.03679791837930679,0.6623239517211914,0.33518174290657043,-0.02244100533425808,0.5854941010475159,0.266876757144928,-0.04582536965608597,0.5379371643066406,0.3068060278892517,-0.0464823916554451,0.523003876209259,0.35486388206481934,-0.041022028774023056,0.6605525016784668,0.3626047968864441,-0.050616346299648285,0.6003707051277161,0.30076900124549866,-0.0653320923447609,0.5575556755065918,0.30804282426834106,-0.06422462314367294,0.5353978872299194,0.33733224868774414,-0.05938345566391945
0.7141560316085815,0.6013811826705933,-1.8650277411325078e-07,0.6253830790519714,0.5366736054420471,0.0026405632961541414,0.5658034682273865,0.46559828519821167,-0.010092450305819511,0.5227013826370239,0.42139291763305664,-0.03235979750752449,0.5043779611587524,0.36779025197029114,-0.05392169952392578,0.6480371356010437,0.31277215480804443,0.010869072750210762,0.620807945728302,0.19669248163700104,-0.006988652981817722,0.5988346338272095,0.13726495206356049,-0.020412500947713852,0.5797069668769836,0.086998850107193,-0.03148355334997177,0.6720171570777893,0.3166354298591614,-0.010084754787385464,0.5876940488815308,0.2356829196214676,-0.04372655227780342,0.5332414507865906,0.28767502307891846,-0.057423122227191925,0.5185089707374573,0.34485435485839844,-0.06058509647846222,0.6827864646911621,0.33800646662712097,-0.033602792769670486,0.6025933623313904,0.258944571018219,-0.062067437916994095,0.5467401146888733,0.30375581979751587,-0.06255698204040527,0.5314221382141113,0.3599342703819275,-0.05637745559215546,0.6811680197715759,0.37306007742881775,-0.05817711725831032,0.6219024658203125,0.3048771321773529,-0.07624825090169907,0.572201669216156,0.3147413730621338,-0.07614345103502274,0.5479308366775513,0.35228127241134644,-0.07147716730833054
0.6804260015487671,0.600300669670105,-2.825087506153068e-07,0.5837075710296631,0.5275026559829712,0.03138887509703636,0.5312943458557129,0.4647207260131836,0.028605462983250618,0.48991087079048157,0.4249958097934723,0.010054661892354488,0.4675096273422241,0.3776575028896332,-0.010300226509571075,0.6095379590988159,0.3218659460544586,0.03965207561850548,0.5739105343818665,0.21708878874778748,0.03194360062479973,0.5545915365219116,0.16461780667304993,0.023923156782984734,0.5357472896575928,0.114662766456604,0.015208128839731216,0.6322855949401855,0.32416895031929016,0.005246303975582123,0.5314645171165466,0.2634403705596924,-0.0170003492385149,0.48717713356018066,0.3199206590652466,-0.027490457519888878,0.4798927307128906,0.3713964521884918,-0.03166918829083443,0.6374462246894836,0.34690001606941223,-0.029417749494314194,0.5417883396148682,0.2822844386100769,-0.04684951901435852,0.4996398091316223,0.3361620604991913,-0.04170665889978409,0.49386757612228394,0.3887210190296173,-0.035298511385917664,0.6286033987998962,0.38074594736099243,-0.06302224099636078,0.560786247253418,0.32070648670196533,-0.07162008434534073,0.5160911679267883,0.3380504250526428,-0.06538540124893188,0.49508771300315857,0.37342843413352966,-0.058880727738142014
0.6144094467163086,0.5927767157554626,-1.7218103209870605e-07,0.5287003517150879,0.5352357625961304,0.034494224935770035,0.4838894009590149,0.48554641008377075,0.03611104190349579,0.44842448830604553,0.4567912220954895,0.0222240649163723,0.42385411262512207,0.4196377694606781,0.005986771080642939,0.5479372143745422,0.36751335859298706,0.04930143803358078,0.522462010383606,0.2850402295589447,0.04779873043298721,0.505748987197876,0.24489155411720276,0.041959524154663086,0.48668503761291504,0.2078750729560852,0.03465292230248451,0.5632709860801697,0.3679768145084381,0.016598377376794815,0.4838258624076843,0.3257591426372528,0.0035424442030489445,0.44310683012008667,0.3669619858264923,-0.007732394151389599,0.4307403564453125,0.4062601625919342,-0.014976122416555882,0.5634127855300903,0.385572224855423,-0.016270054504275322,0.48706209659576416,0.3300732672214508,-0.02823842689394951,0.44785603880882263,0.3729014992713928,-0.027751393616199493,0.4372151494026184,0.4182795584201813,-0.0263547133654356,0.552119791507721,0.41233959794044495,-0.04750505089759827,0.4998988211154938,0.35592764616012573,-0.053961049765348434,0.46403804421424866,0.36872628331184387,-0.049951210618019104,0.4463712275028229,0.39919179677963257,-0.04631350561976433
0.6199477910995483,0.582252562046051,-9.491544261663876e-08,0.5445005297660828,0.5365014672279358,0.02012009359896183,0.5029078722000122,0.4900507926940918,0.019598765298724174,0.4708450734615326,0.4652767777442932,0.008243433199822903,0.44906163215637207,0.4314196705818176,-0.003772136988118291,0.560785174369812,0.38572490215301514,0.03449845686554909,0.5376225709915161,0.3153265118598938,0.031218910589814186,0.5190094709396362,0.28068119287490845,0.02671322226524353,0.501294732093811,0.24945805966854095,0.021644024178385735,0.5746318101882935,0.38503026962280273,0.011859226040542126,0.509939432144165,0.34056201577186584,-0.00087993178749457,0.4724987745285034,0.37360554933547974,-0.009115821681916714,0.4602777361869812,0.40564030408859253,-0.012868713587522507,0.575321614742279,0.39722949266433716,-0.011884751729667187,0.5082529783248901,0.34411269426345825,-0.0241964403539896,0.4707071781158447,0.3792937099933624,-0.024291744455695152,0.4613175392150879,0.4203721284866333,-0.02157575823366642,0.5632432103157043,0.4190342426300049,-0.03490043804049492,0.5127155184745789,0.3666204810142517,-0.04144115373492241,0.4838315546512604,0.37500205636024475,-0.03847231715917587,0.47468459606170654,0.40272802114486694,-0.03462540730834007
0.6707622408866882,0.5641083717346191,-1.8882856522850489e-07,0.6005830764770508,0.5317486524581909,0.007339909207075834,0.5542268753051758,0.485393226146698,0.002446397440508008,0.5182805061340332,0.458786278963089,-0.009801839478313923,0.4923838973045349,0.4251860976219177,-0.021770015358924866,0.597417414188385,0.3688566982746124,0.015323433093726635,0.5703791379928589,0.29848629236221313,0.004947091452777386,0.5482341051101685,0.26210862398147583,-0.00316234421916306,0.5273807644844055,0.23317775130271912,-0.009700813330709934,0.6135423183441162,0.3644251227378845,-0.0015090282540768385,0.544963538646698,0.3234390914440155,-0.022239357233047485,0.5082370042800903,0.3630186915397644,-0.0314534455537796,0.49522092938423157,0.40338316559791565,-0.03344273567199707,0.6203837394714355,0.37595662474632263,-0.019813932478427887,0.5505337119102478,0.3361901044845581,-0.03791366145014763,0.5138223767280579,0.371386855840683,-0.03839562088251114,0.5016589760780334,0.40874773263931274,-0.03433879837393761,0.617887556552887,0.39846453070640564,-0.03823913633823395,0.5636419653892517,0.364030659198761,-0.04926752299070358,0.528667688369751,0.3743441104888916,-0.04818277433514595,0.5105074048042297,0.39755696058273315,-0.04427465423941612
0.7913309335708618,0.5413473844528198,-1.918118215371578e-07,0.7269832491874695,0.5071269869804382,-0.0015575409634038806,0.6760078072547913,0.4654020071029663,-0.013750284910202026,0.6339882016181946,0.4413142800331116,-0.03230667859315872,0.6059757471084595,0.4077877700328827,-0.05017552897334099,0.7188064455986023,0.343182772397995,-0.0018426395254209638,0.6843827962875366,0.2559927701950073,-0.02350575290620327,0.655701220035553,0.2129467874765396,-0.038661304861307144,0.630721390247345,0.17792661488056183,-0.04915300011634827,0.7355024814605713,0.3434596061706543,-0.017065677791833878,0.6696121692657471,0.2820577621459961,-0.0512361004948616,0.6297334432601929,0.3270193338394165,-0.06406930834054947,0.6170508861541748,0.3732086718082428,-0.06581271439790726,0.7467812299728394,0.358462929725647,-0.034261658787727356,0.6867364645004272,0.3044378161430359,-0.06086702272295952,0.6449552178382874,0.3435617983341217,-0.061571408063173294,0.631260335445404,0.38486742973327637,-0.05518415942788124,0.7532340884208679,0.3829317092895508,-0.05245736986398697,0.7071130871772766,0.3381316661834717,-0.06788396835327148,0.6674543619155884,0.34794291853904724,-0.06768827885389328,0.6461779475212097,0.371402770280838,-0.06321709603071213
0.8562475442886353,0.5520020723342896,-1.4971061546020792e-07,0.7932977080345154,0.5016201734542847,-0.008382437750697136,0.7416356205940247,0.4403206706047058,-0.026189805939793587,0.7001134157180786,0.40550291538238525,-0.04972993955016136,0.6787656545639038,0.35771337151527405,-0.07253500074148178,0.8098976612091064,0.3081827461719513,-0.013886936008930206,0.7890288233757019,0.19365720450878143,-0.041828352957963943,0.7698075175285339,0.1331493854522705,-0.060998670756816864,0.7523279190063477,0.08411538600921631,-0.07421037554740906,0.8309889435768127,0.31649449467658997,-0.02881256304681301,0.7707383036613464,0.22844401001930237,-0.07287148386240005,0.7196731567382812,0.276912122964859,-0.08821074664592743,0.7006649374961853,0.3311443328857422,-0.08991548418998718,0.8454551100730896,0.34049999713897705,-0.04622548073530197,0.7929054498672485,0.26005035638809204,-0.08239749819040298,0.7391843199729919,0.29843294620513916,-0.08348827809095383,0.7179969549179077,0.34604960680007935,-0.074973925948143,0.8545753359794617,0.37370750308036804,-0.06498391181230545,0.8194272518157959,0.3022489547729492,-0.08787261694669724,0.7726414203643799,0.304288387298584,-0.08886003494262695,0.7434290051460266,0.32877928018569946,-0.08366038650274277
0.7636224627494812,0.5803982019424438,-1.5384030405130034e-07,0.686077892780304,0.5230026245117188,-0.005241565406322479,0.6298341751098633,0.4573410153388977,-0.019941745325922966,0.5864953994750977,0.4210425615310669,-0.041939135640859604,0.5587049722671509,0.3802677392959595,-0.06407132744789124,0.706602931022644,0.3063710927963257,-0.006453000474721193,0.6802569031715393,0.19090613722801208,-0.03141957148909569,0.6589150428771973,0.12525340914726257,-0.049420468509197235,0.6416762471199036,0.07145056128501892,-0.06202833727002144,0.7306337952613831,0.3156236410140991,-0.02347034215927124,0.6655906438827515,0.23712357878684998,-0.0656639039516449,0.6052800416946411,0.28638356924057007,-0.08222458511590958,0.579187273979187,0.3414459228515625,-0.08458736538887024,0.7443349361419678,0.343443363904953,-0.04286513477563858,0.6815063953399658,0.27383217215538025,-0.07876571267843246,0.6189663410186768,0.3183516561985016,-0.0825047492980957,0.5921207070350647,0.36992621421813965,-0.07539906352758408,0.7482696771621704,0.3831378221511841,-0.06331908702850342,0.7026905417442322,0.3201673626899719,-0.08573263883590698,0.6501561403274536,0.3275170624256134,-0.08675120770931244,0.6183639764785767,0.3565257787704468,-0.08092038333415985
0.665219783782959,0.6272034645080566,-1.5526767072060466e-07,0.566903293132782,0.5728005170822144,0.0012037676060572267,0.5069591403007507,0.5160989761352539,-0.013069105334579945,0.4583945870399475,0.4839955270290375,-0.03590643033385277,0.42195168137550354,0.4526499807834625,-0.0595175065100193,0.5794695019721985,0.3461940884590149,0.0013700691051781178,0.5442647933959961,0.23983021080493927,-0.01853015460073948,0.5194568634033203,0.17664951086044312,-0.03479012846946716,0.4955228865146637,0.12579500675201416,-0.04802018404006958,0.6025850176811218,0.34934502840042114,-0.018189964815974236,0.5034391283988953,0.2992451786994934,-0.05335377901792526,0.4498387575149536,0.3532368838787079,-0.07144799083471298,0.4272385239601135,0.4076988101005554,-0.07862947136163712,0.6118979454040527,0.3750098645687103,-0.03938845172524452,0.5168667435646057,0.33848410844802856,-0.0682622641324997,0.4613065719604492,0.38554444909095764,-0.07449448108673096,0.43529850244522095,0.43541303277015686,-0.07293282449245453,0.6083193421363831,0.4167289733886719,-0.06118027865886688,0.5335617065429688,0.38570359349250793,-0.07822635769844055,0.4822729527950287,0.40364938974380493,-0.0803992971777916,0.4496535062789917,0.4346335232257843,-0.07780539989471436
0.5960116386413574,0.6308978199958801,-2.7765403842749947e-07,0.49631282687187195,0.5909245014190674,0.03541393578052521,0.43856802582740784,0.5335463285446167,0.03584529832005501,0.3932017683982849,0.5057252049446106,0.02094266191124916,0.3553321659564972,0.47257769107818604,0.0035401855129748583,0.4925893247127533,0.38367149233818054,0.03385336697101593,0.4552648961544037,0.28319382667541504,0.023773184046149254,0.4356425106525421,0.22972972691059113,0.015069397166371346,0.41568711400032043,0.18144932389259338,0.00640395050868392,0.5091745853424072,0.3828105330467224,-0.0020617255941033363,0.4018452763557434,0.34599387645721436,-0.025472726672887802,0.36489245295524597,0.4103967249393463,-0.035107728093862534,0.3617320656776428,0.4630703032016754,-0.03888726234436035,0.5131735801696777,0.40709188580513,-0.0374157540500164,0.4082709550857544,0.36182770133018494,-0.057526521384716034,0.37292414903640747,0.4256140887737274,-0.052972212433815,0.3693696856498718,0.47639405727386475,-0.04689635708928108,0.5070309638977051,0.4426564872264862,-0.07078395783901215,0.42641034722328186,0.3949037194252014,-0.0847599059343338,0.38654887676239014,0.42688897252082825,-0.08035413920879364,0.37073764204978943,0.46657708287239075,-0.07449303567409515
