0.7167971730232239,0.6716551780700684,-3.284614535914443e-07,0.6295644044876099,0.6440037488937378,-0.03422189876437187,0.5637509226799011,0.5660710334777832,-0.06382457911968231,0.5337597131729126,0.47075608372688293,-0.08541437238454819,0.533404529094696,0.386706680059433,-0.10483808815479279,0.6576517224311829,0.5841830968856812,-0.10631387680768967,0.6076961755752563,0.4709985554218292,-0.14198146760463715,0.5998912453651428,0.4592456817626953,-0.14788870513439178,0.6056076288223267,0.4686468243598938,-0.14616459608078003,0.7113787531852722,0.5538588762283325,-0.10112899541854858,0.6311880350112915,0.41219663619995117,-0.139366015791893,0.6241074204444885,0.4143811762332916,-0.1380597949028015,0.643825352191925,0.4441007971763611,-0.13318157196044922,0.7499486207962036,0.5159437656402588,-0.09427712857723236,0.6693451404571533,0.37652406096458435,-0.12885673344135284,0.6622052192687988,0.39140042662620544,-0.11951413005590439,0.6798537969589233,0.42906373739242554,-0.10654681921005249,0.7719303369522095,0.47713541984558105,-0.08814924955368042,0.7074291706085205,0.36460500955581665,-0.11736386269330978,0.6990042924880981,0.3697371482849121,-0.11628030985593796,0.7145620584487915,0.3991237282752991,-0.11031626164913177
0.6345616579055786,0.5812943577766418,-4.913765110359236e-07,0.5689515471458435,0.5464689135551453,-0.027877628803253174,0.5178913474082947,0.46622705459594727,-0.038399215787649155,0.5029597878456116,0.37812450528144836,-0.05073867738246918,0.52623051404953,0.31134408712387085,-0.05751762166619301,0.5506426692008972,0.38848331570625305,0.01302351150661707,0.5463007688522339,0.34467124938964844,-0.01987551897764206,0.5675932765007019,0.4001636505126953,-0.04361919313669205,0.5864500999450684,0.45104289054870605,-0.05363893136382103,0.5876676440238953,0.3682224154472351,0.014702142216265202,0.5784487724304199,0.31047147512435913,-0.02130790799856186,0.5986322164535522,0.38231050968170166,-0.03619492053985596,0.6156368851661682,0.43893125653266907,-0.03564388304948807,0.6257224082946777,0.36041152477264404,0.008326382376253605,0.6143118143081665,0.2919212579727173,-0.025500599294900894,0.62550950050354,0.3490949869155884,-0.02450072020292282,0.6376346349716187,0.40490439534187317,-0.011718853376805782,0.6632453203201294,0.36401838064193726,-0.001386699266731739,0.6543050408363342,0.2958448827266693,-0.021382804960012436,0.6530630588531494,0.3180175721645355,-0.018421519547700882,0.6539148688316345,0.3563619554042816,-0.008798064664006233
0.6070587635040283,0.5982996225357056,-5.170192025616416e-07,0.5496627688407898,0.5629791021347046,-0.031705498695373535,0.5155189633369446,0.4779607653617859,-0.04400978609919548,0.5150225162506104,0.3951067328453064,-0.056031644344329834,0.535576343536377,0.3370775878429413,-0.06250911951065063,0.5383022427558899,0.397396057844162,-0.002676120726391673,0.5465927720069885,0.36047565937042236,-0.03565441817045212,0.5701687932014465,0.42255398631095886,-0.05819477140903473,0.5871731042861938,0.488341361284256,-0.06673655658960342,0.5752959847450256,0.3789479732513428,0.0014714881544932723,0.5843169689178467,0.32938796281814575,-0.035235028713941574,0.6024576425552368,0.4066321551799774,-0.05240088701248169,0.6136627197265625,0.4754517674446106,-0.05365952104330063,0.6107778549194336,0.3743826448917389,-0.0010461467318236828,0.6158194541931152,0.30472272634506226,-0.03716566041111946,0.6293050646781921,0.35902470350265503,-0.043011683970689774,0.6383300423622131,0.4221929907798767,-0.0352049320936203,0.6405225396156311,0.3824822008609772,-0.006328755524009466,0.6421145796775818,0.32161808013916016,-0.032768215984106064,0.6506755352020264,0.33378124237060547,-0.03606315702199936,0.6553260087966919,0.3641554117202759,-0.03010215051472187
0.6025120615959167,0.5930098295211792,-5.304333967615094e-07,0.5442301034927368,0.5571151971817017,-0.029056327417492867,0.5111873149871826,0.46639177203178406,-0.03868236392736435,0.520163357257843,0.38034313917160034,-0.04875638708472252,0.5551624298095703,0.3329978287220001,-0.053151536732912064,0.5410321950912476,0.3936048150062561,0.001919002621434629,0.5452325940132141,0.3583810329437256,-0.024911770597100258,0.5650933384895325,0.4218531847000122,-0.04126470908522606,0.5779533386230469,0.48361730575561523,-0.04642863944172859,0.5793284177780151,0.37887242436408997,0.005823397543281317,0.5864064693450928,0.33145079016685486,-0.025989601388573647,0.5997498631477356,0.41002246737480164,-0.039104413241147995,0.6069671511650085,0.47628253698349,-0.038010381162166595,0.615477979183197,0.3767087459564209,0.003260277910158038,0.6212142109870911,0.3125145137310028,-0.028860948979854584,0.6293320655822754,0.37106290459632874,-0.03228935971856117,0.6338132619857788,0.43596646189689636,-0.02327786386013031,0.6467966437339783,0.38635364174842834,-0.0021454051602631807,0.6521361470222473,0.325229287147522,-0.025339173153042793,0.6554238200187683,0.3439074754714966,-0.02738804742693901,0.6539145708084106,0.38252589106559753,-0.021058641374111176
0.5887762308120728,0.5961490869522095,-4.913470661449537e-07,0.5286286473274231,0.5536722540855408,-0.02639383263885975,0.4971802830696106,0.46876806020736694,-0.03604985773563385,0.5040388107299805,0.38592225313186646,-0.0471334382891655,0.5365853905677795,0.33454620838165283,-0.052810151129961014,0.522891640663147,0.3954806923866272,0.006378823891282082,0.5261914134025574,0.36047127842903137,-0.0222368985414505,0.5471016764640808,0.4197528660297394,-0.03878592699766159,0.5616061091423035,0.4788492023944855,-0.043041128665208817,0.5634373426437378,0.3810569643974304,0.008855541236698627,0.5712593793869019,0.33509498834609985,-0.026077527552843094,0.5828323364257812,0.414850652217865,-0.04022401198744774,0.5887616872787476,0.48030200600624084,-0.03835125267505646,0.6013745665550232,0.3801692724227905,0.004872386809438467,0.6068357229232788,0.3182746171951294,-0.030382635071873665,0.6130690574645996,0.38220643997192383,-0.03313416242599487,0.6161727905273438,0.44778305292129517,-0.021838825196027756,0.6338873505592346,0.39287179708480835,-0.0015663827070966363,0.6402093172073364,0.3323579430580139,-0.02513875626027584,0.6427850723266602,0.3440006673336029,-0.026060407981276512,0.6401383280754089,0.37260469794273376,-0.01800384931266308
0.5876197814941406,0.5972847938537598,-5.427573910310457e-07,0.5299116373062134,0.5536453723907471,-0.02774353325366974,0.5006265044212341,0.46438512206077576,-0.03838464990258217,0.5123690962791443,0.3844323456287384,-0.04916973412036896,0.5476399064064026,0.3370175063610077,-0.05405094847083092,0.53195720911026,0.38999143242836,-0.0026528285816311836,0.5420990586280823,0.35968559980392456,-0.030147619545459747,0.5569900274276733,0.4272676408290863,-0.043883342295885086,0.5632325410842896,0.4915253818035126,-0.04653326794505119,0.5725034475326538,0.37991002202033997,0.0006067520589567721,0.5855087637901306,0.3391273617744446,-0.03202427178621292,0.5925995111465454,0.4225260317325592,-0.04286903515458107,0.5922669768333435,0.4880613684654236,-0.039993081241846085,0.6099816560745239,0.3833155035972595,-0.001981095178052783,0.6212170720100403,0.32668232917785645,-0.03519448637962341,0.6248226165771484,0.39399397373199463,-0.035195015370845795,0.6224948167800903,0.45925500988960266,-0.02343759499490261,0.641136884689331,0.3990776538848877,-0.007055568974465132,0.6517499089241028,0.3405265212059021,-0.031182926148176193,0.6538709998130798,0.36184003949165344,-0.030967621132731438,0.6480816006660461,0.3963336944580078,-0.02238519862294197
0.5822309255599976,0.5950080752372742,-5.368437427932804e-07,0.529944896697998,0.5408149361610413,-0.030296597629785538,0.5155742168426514,0.4449129104614258,-0.04100055247545242,0.5446692705154419,0.3727492690086365,-0.05028414726257324,0.5940592885017395,0.34742602705955505,-0.05363075062632561,0.5622223019599915,0.3910902142524719,-0.010488401167094707,0.5772890448570251,0.36936819553375244,-0.038838908076286316,0.5788970589637756,0.4415226876735687,-0.052100785076618195,0.5719268918037415,0.5015785098075867,-0.05461367592215538,0.6031468510627747,0.3874545991420746,-0.005498307757079601,0.6236487030982971,0.35741251707077026,-0.03740052133798599,0.6154042482376099,0.44389310479164124,-0.044384561479091644,0.601995587348938,0.5044822692871094,-0.039114657789468765,0.6388550996780396,0.3957791030406952,-0.006454096175730228,0.6604301929473877,0.35286957025527954,-0.038262564688920975,0.6502621173858643,0.4234676659107208,-0.0343625582754612,0.6345757842063904,0.4816035032272339,-0.020432772114872932,0.6660943031311035,0.4145798683166504,-0.010365950874984264,0.6885635256767273,0.3684064447879791,-0.033512867987155914,0.6840927600860596,0.4011407494544983,-0.03092937543988228,0.670344352722168,0.43654966354370117,-0.02085227333009243
0.5803548097610474,0.5984771847724915,-5.730818770643964e-07,0.5285109877586365,0.5450945496559143,-0.03047979064285755,0.512691855430603,0.4483150839805603,-0.04157872498035431,0.5386382341384888,0.37135791778564453,-0.052444711327552795,0.5858003497123718,0.34528031945228577,-0.05736391246318817,0.556168258190155,0.39066070318222046,-0.00808998104184866,0.564492404460907,0.3626447319984436,-0.037957899272441864,0.5707865953445435,0.4372849464416504,-0.05216098204255104,0.5699036121368408,0.5007999539375305,-0.05462441220879555,0.5985463261604309,0.3864506185054779,-0.0038694250397384167,0.6136245727539062,0.35416552424430847,-0.036873966455459595,0.6078495383262634,0.44238901138305664,-0.044225290417671204,0.5989097356796265,0.5059515237808228,-0.038731057196855545,0.6358161568641663,0.39463144540786743,-0.006088698748499155,0.6529219150543213,0.3468458354473114,-0.039734773337841034,0.6423646807670593,0.4210282564163208,-0.035948771983385086,0.6300027370452881,0.48502087593078613,-0.021154673770070076,0.6654092073440552,0.4136187732219696,-0.011365462094545364,0.684497594833374,0.3598913252353668,-0.034283313900232315,0.6779240965843201,0.391435831785202,-0.030814219266176224,0.6653261184692383,0.431098073720932,-0.019819725304841995
0.5750812888145447,0.5879314541816711,-4.908798700853367e-07,0.520775318145752,0.5420860052108765,-0.02130626142024994,0.4926087260246277,0.44937971234321594,-0.025830931961536407,0.504150390625,0.366674542427063,-0.03292236477136612,0.5422737002372742,0.3251427114009857,-0.035584066063165665,0.5291718244552612,0.3928825855255127,0.017513269558548927,0.528913676738739,0.35304540395736694,-0.014736227691173553,0.5389641523361206,0.40736693143844604,-0.03850000351667404,0.548223078250885,0.46721288561820984,-0.04733385145664215,0.5688154697418213,0.38420793414115906,0.017740927636623383,0.5709755420684814,0.336487352848053,-0.01746840961277485,0.5715771913528442,0.40929892659187317,-0.03323936462402344,0.5757368206977844,0.47691571712493896,-0.03189467266201973,0.606522262096405,0.38631850481033325,0.010512114502489567,0.6090933680534363,0.33573150634765625,-0.023960359394550323,0.6040688753128052,0.39710479974746704,-0.02692435123026371,0.603748083114624,0.4599568545818329,-0.015305571258068085,0.640479326248169,0.39898908138275146,0.000721622840501368,0.6458688974380493,0.34574782848358154,-0.020934630185365677,0.6389800906181335,0.3735070824623108,-0.01986086741089821,0.6331727504730225,0.417219340801239,-0.010183053091168404
0.5573341846466064,0.5657083988189697,-2.9702655979235715e-07,0.5025022029876709,0.534327507019043,-0.0110331941395998,0.47011449933052063,0.469280868768692,-0.01194300688803196,0.46936407685279846,0.40211501717567444,-0.017093678936362267,0.49303698539733887,0.36094942688941956,-0.019065232947468758,0.5073987245559692,0.4225603938102722,0.028073202818632126,0.49873095750808716,0.3830833435058594,0.008545133285224438,0.5065914988517761,0.4113227128982544,-0.009507879614830017,0.5205824971199036,0.4492993652820587,-0.017547225579619408,0.5374644994735718,0.41387316584587097,0.026258906349539757,0.5294246673583984,0.36931610107421875,0.0037300316616892815,0.5310233235359192,0.40727174282073975,-0.012743480503559113,0.5422030687332153,0.4527464807033539,-0.016568785533308983,0.5670003294944763,0.4111039936542511,0.018870729953050613,0.5587401390075684,0.3608263432979584,-0.0013005777727812529,0.5532823801040649,0.38856589794158936,-0.008508595637977123,0.5591229796409607,0.4332360327243805,-0.005065443925559521,0.5977667570114136,0.4151988923549652,0.009559353813529015,0.5946027636528015,0.3644830584526062,-0.000957338372245431,0.5830773115158081,0.36677777767181396,-0.0028540967032313347,0.5783055424690247,0.3967096507549286,0.0006838477565906942
0.5509676337242126,0.5637673735618591,-4.424784378898039e-07,0.5001186728477478,0.5266698002815247,-0.0017573203658685088,0.4753475785255432,0.47057044506073,0.00010760980512714013,0.47820547223091125,0.4109184741973877,-0.00476632546633482,0.49852585792541504,0.37416866421699524,-0.007749699987471104,0.5243354439735413,0.4259251356124878,0.036770425736904144,0.5160794854164124,0.3861777186393738,0.022895611822605133,0.5089596509933472,0.4137498140335083,0.007192793767899275,0.508919358253479,0.4526180922985077,-0.00014996675599832088,0.5495262145996094,0.41665026545524597,0.031088095158338547,0.5382629036903381,0.37251439690589905,0.013393805362284184,0.5282630324363708,0.4091436564922333,-0.00301942671649158,0.5312392711639404,0.45563316345214844,-0.007598813623189926,0.5771768689155579,0.410397469997406,0.021098528057336807,0.5668519139289856,0.35570573806762695,0.005783015862107277,0.5509217977523804,0.3831939399242401,-0.0016061002388596535,0.548797070980072,0.43076643347740173,0.0006168492254801095,0.6075706481933594,0.40918442606925964,0.009896916337311268,0.6052249670028687,0.356231689453125,0.003175301244482398,0.5863916277885437,0.35853099822998047,0.002937771612778306,0.5728228688240051,0.39045774936676025,0.007031664252281189
0.5602477192878723,0.5703824162483215,-6.591162673430517e-07,0.5169670581817627,0.511154294013977,0.010038691572844982,0.5102274417877197,0.44953495264053345,0.016446275636553764,0.5131569504737854,0.3974875807762146,0.012623059563338757,0.5268851518630981,0.3585103154182434,0.010001217015087605,0.5580291152000427,0.4171430766582489,0.04719041287899017,0.548041820526123,0.36649540066719055,0.035238008946180344,0.521296501159668,0.3912578225135803,0.02269153483211994,0.5100718140602112,0.435398668050766,0.019405653700232506,0.5740842223167419,0.40827661752700806,0.034857045859098434,0.5450611114501953,0.3597724437713623,0.01565779373049736,0.519666850566864,0.40413206815719604,0.000760232622269541,0.5175972580909729,0.4575229287147522,8.957345562521368e-05,0.5939099192619324,0.4022248387336731,0.019195033237338066,0.5608490109443665,0.3493500351905823,-0.0003329212195239961,0.5346131324768066,0.39544498920440674,-0.007237941492348909,0.534583330154419,0.4516528844833374,-0.0010657166130840778,0.6154393553733826,0.3973710536956787,0.00381350121460855,0.608878493309021,0.3282819986343384,-0.0017886662390083075,0.5812468528747559,0.3299742341041565,0.0036661080084741116,0.5625852942466736,0.3605068325996399,0.013307838700711727
0.5985211133956909,0.5921814441680908,-6.296663173088746e-07,0.5437135100364685,0.5123346447944641,0.041563332080841064,0.539839506149292,0.4466340243816376,0.0574171245098114,0.540675938129425,0.3871290683746338,0.05664464831352234,0.5439940094947815,0.33880123496055603,0.05445411056280136,0.6225300431251526,0.40353333950042725,0.08673128485679626,0.5907763838768005,0.33197468519210815,0.09194791316986084,0.5602502226829529,0.35228461027145386,0.08564519882202148,0.5508167743682861,0.3898286819458008,0.08182107657194138,0.6401327252388,0.3993223309516907,0.05605112761259079,0.5869898796081543,0.3280358612537384,0.05869928002357483,0.5538163185119629,0.35456961393356323,0.04895106703042984,0.5511796474456787,0.399946928024292,0.043352413922548294,0.6418699026107788,0.4007687270641327,0.02333470806479454,0.5931395292282104,0.31778740882873535,0.018952419981360435,0.5582339763641357,0.34512001276016235,0.01524538453668356,0.5538622736930847,0.39264217019081116,0.014664750546216965,0.6289847493171692,0.39990660548210144,-0.007126379292458296,0.60389244556427,0.31415992975234985,-0.011113155633211136,0.5765359401702881,0.32072609663009644,-0.006617531646043062,0.5649063587188721,0.35843849182128906,-0.0018416865495964885
0.6079974174499512,0.5874237418174744,-6.312491791504726e-07,0.5884219408035278,0.5289397239685059,0.010564078576862812,0.5794275999069214,0.4627770185470581,0.012272176332771778,0.5649995803833008,0.4134168028831482,0.007271160837262869,0.5455412268638611,0.3875069320201874,0.002802396658807993,0.6383967399597168,0.38174495100975037,0.020611420273780823,0.5679655075073242,0.32431966066360474,0.005914263892918825,0.539758563041687,0.3678325116634369,-0.005686643999069929,0.5418073534965515,0.413518488407135,-0.00975984986871481,0.6317601203918457,0.37486207485198975,0.008131601847708225,0.5590888261795044,0.31778883934020996,-0.005906706675887108,0.5325023531913757,0.37210071086883545,-0.011043504811823368,0.536309540271759,0.42099690437316895,-0.010025140829384327,0.6148056983947754,0.3781072795391083,-0.0057869888842105865,0.5462998151779175,0.314739853143692,-0.025126703083515167,0.5232771635055542,0.37551361322402954,-0.02485865168273449,0.5306944251060486,0.43002739548683167,-0.018186304718255997,0.5873718857765198,0.38756290078163147,-0.01867806352674961,0.5472314357757568,0.3175118863582611,-0.03644559159874916,0.5273305773735046,0.35116198658943176,-0.03371553122997284,0.525561511516571,0.39898261427879333,-0.025362864136695862
0.6095449328422546,0.5762754678726196,-5.855110316588252e-07,0.6246353387832642,0.5039954781532288,0.029742520302534103,0.6177231669425964,0.43417397141456604,0.03876220062375069,0.5926628112792969,0.39213424921035767,0.03797479718923569,0.5599679350852966,0.3818358778953552,0.03496602922677994,0.650162398815155,0.37034812569618225,0.03198513388633728,0.5830060243606567,0.32398808002471924,0.032052818685770035,0.5611845254898071,0.36536169052124023,0.030772684141993523,0.5657109022140503,0.4059978425502777,0.03086637519299984,0.6308792233467102,0.3670709431171417,0.011019430123269558,0.5635998845100403,0.3201900124549866,0.014763419516384602,0.5415220856666565,0.367669016122818,0.017232250422239304,0.5478114485740662,0.40888625383377075,0.018185315653681755,0.6035910248756409,0.37624645233154297,-0.008617383427917957,0.5445833206176758,0.3168845772743225,-0.011854946613311768,0.5235505104064941,0.37063878774642944,-0.00692247599363327,0.530580461025238,0.41590791940689087,-0.0033401574473828077,0.5698119401931763,0.39385509490966797,-0.025615116581320763,0.5332314968109131,0.3174915313720703,-0.03437745198607445,0.516067385673523,0.351166307926178,-0.027836134657263756,0.516563892364502,0.39527252316474915,-0.020384203642606735
0.6175199747085571,0.560470700263977,-4.3994546672365686e-07,0.6419773697853088,0.4827021658420563,0.03208085149526596,0.6408218145370483,0.4157732129096985,0.041278380900621414,0.6177489161491394,0.3734537363052368,0.04251543805003166,0.5852594971656799,0.3624137043952942,0.04139808192849159,0.6649329662322998,0.3594485819339752,0.022943925112485886,0.6008054614067078,0.319134920835495,0.031071335077285767,0.5815759301185608,0.3539825975894928,0.03657685965299606,0.5850571990013123,0.38411852717399597,0.03949030861258507,0.6358848810195923,0.3584751486778259,0.0033559578005224466,0.5766847729682922,0.31730496883392334,0.017196372151374817,0.5558320879936218,0.35550248622894287,0.025842439383268356,0.5624986886978149,0.38979798555374146,0.02797497995197773,0.6010710000991821,0.3710728585720062,-0.01302765030413866,0.5525606274604797,0.31420934200286865,-0.004957352299243212,0.531412661075592,0.3537400960922241,0.005144602153450251,0.537615180015564,0.3902040123939514,0.008320456370711327,0.5631542801856995,0.392347514629364,-0.026614505797624588,0.5352605581283569,0.32036420702934265,-0.026798896491527557,0.5209290981292725,0.34702426195144653,-0.01638312265276909,0.5227646231651306,0.3841337561607361,-0.008295564912259579
0.5985317230224609,0.5610427260398865,-6.530815994665318e-07,0.5473676919937134,0.5019160509109497,0.00951522309333086,0.5322124361991882,0.43725061416625977,0.013740851543843746,0.5322859287261963,0.3792794942855835,0.007507344242185354,0.5487799644470215,0.3324345350265503,0.0027508006896823645,0.5739338994026184,0.39232340455055237,0.04529095068573952,0.5633009672164917,0.3386785387992859,0.030527327209711075,0.544421911239624,0.37433212995529175,0.016738276928663254,0.5417693257331848,0.42318791151046753,0.011897374875843525,0.592083752155304,0.387355774641037,0.030791422352194786,0.5662787556648254,0.33339157700538635,0.005606966093182564,0.5499637722969055,0.3922971189022064,-0.010006401687860489,0.5568966269493103,0.45153123140335083,-0.010446615517139435,0.6166841983795166,0.3850134611129761,0.012472108006477356,0.5881178975105286,0.31970760226249695,-0.013990089297294617,0.568253219127655,0.3777708411216736,-0.020159967243671417,0.5734213590621948,0.4428459107875824,-0.012865936383605003,0.6454724073410034,0.38507476449012756,-0.005561323836445808,0.6279492974281311,0.30956918001174927,-0.020306633785367012,0.5999716520309448,0.3261847198009491,-0.017084229737520218,0.5868955850601196,0.36958393454551697,-0.007858040742576122
0.5885825753211975,0.5755549073219299,-5.847891770827118e-07,0.5299062132835388,0.5343469381332397,-0.017421508207917213,0.48844626545906067,0.4537895619869232,-0.02234697714447975,0.4870627224445343,0.37648263573646545,-0.031165314838290215,0.5166099667549133,0.3292824625968933,-0.03548607602715492,0.5310808420181274,0.393635630607605,0.01624494232237339,0.5265426635742188,0.35108956694602966,-0.011613201349973679,0.5334835648536682,0.40895381569862366,-0.030055778101086617,0.543495774269104,0.46339595317840576,-0.036452509462833405,0.5650690793991089,0.38422518968582153,0.014088170602917671,0.5537909865379333,0.33202260732650757,-0.017719127237796783,0.5580734014511108,0.4035840928554535,-0.02926945500075817,0.5698151588439941,0.46257513761520386,-0.026754872873425484,0.5994963645935059,0.3820306360721588,0.005280206445604563,0.5878333449363708,0.3153870403766632,-0.02554832212626934,0.5857124924659729,0.3781644403934479,-0.024261701852083206,0.5929766893386841,0.43952369689941406,-0.011504925787448883,0.6341949701309204,0.3886696398258209,-0.005934160202741623,0.6298063397407532,0.32095426321029663,-0.024354631081223488,0.61920565366745,0.34647467732429504,-0.021048076450824738,0.6142745018005371,0.392284095287323,-0.011332669295370579
0.586627721786499,0.5762004852294922,-5.83549251587101e-07,0.527565598487854,0.5330671668052673,-0.018934575840830803,0.4918138086795807,0.4473022520542145,-0.025339346379041672,0.4945346415042877,0.36773616075515747,-0.03469818830490112,0.5278918743133545,0.3218920826911926,-0.03940916806459427,0.5312833786010742,0.38601934909820557,0.011704024858772755,0.530098557472229,0.3497079014778137,-0.015550808981060982,0.5412654876708984,0.4145253300666809,-0.032025501132011414,0.5506560802459717,0.46952521800994873,-0.03710126504302025,0.5683109760284424,0.37753555178642273,0.010255827568471432,0.5657301545143127,0.3325415849685669,-0.020929992198944092,0.5716184973716736,0.4103092551231384,-0.030270149931311607,0.5778910517692566,0.46768656373023987,-0.026282303035259247,0.6044845581054688,0.37818777561187744,0.0024703340604901314,0.6006957292556763,0.32075735926628113,-0.028128530830144882,0.6010444760322571,0.3904772400856018,-0.023501629009842873,0.6048780679702759,0.44950103759765625,-0.008712355978786945,0.6387457847595215,0.3891429603099823,-0.007648806553333998,0.6378611326217651,0.3273521661758423,-0.025801189243793488,0.6317590475082397,0.3607361316680908,-0.01969780959188938,0.6285701394081116,0.4025070369243622,-0.0079104108735919
0.5892606973648071,0.577773928642273,-5.226042389949725e-07,0.5325570106506348,0.5306819081306458,-0.024402812123298645,0.5036389231681824,0.4396653473377228,-0.032420337200164795,0.5141432285308838,0.3581879436969757,-0.041320282965898514,0.5538429617881775,0.3209255337715149,-0.04475443437695503,0.5414613485336304,0.3834943175315857,0.00280176242813468,0.5479246973991394,0.3498963415622711,-0.026032904163002968,0.5588071942329407,0.41720065474510193,-0.041187889873981476,0.5636602640151978,0.4728369116783142,-0.04482647776603699,0.5803355574607849,0.37736940383911133,0.004729938693344593,0.5876867771148682,0.3367041051387787,-0.028008120134472847,0.5904641151428223,0.4187535345554352,-0.035700663924217224,0.5891674757003784,0.4751783013343811,-0.030312752351164818,0.6164129972457886,0.3811279535293579,0.00020483120169956237,0.6227241158485413,0.3304351270198822,-0.031402647495269775,0.619770884513855,0.40275952219963074,-0.025105908513069153,0.6154971718788147,0.46061253547668457,-0.009114342741668224,0.6471589803695679,0.3950905501842499,-0.007124301511794329,0.6557007431983948,0.3384367823600769,-0.026715267449617386,0.6502800583839417,0.37497109174728394,-0.020685795694589615,0.6429749727249146,0.41501864790916443,-0.008606597781181335
0.590303361415863,0.5832479000091553,-5.586356905951106e-07,0.5339882373809814,0.5414428114891052,-0.028436481952667236,0.5064762830734253,0.44559046626091003,-0.03784076124429703,0.5192856788635254,0.3605034649372101,-0.04685278981924057,0.5592091083526611,0.31849899888038635,-0.0497494600713253,0.5440318584442139,0.38246724009513855,-0.006035714875906706,0.5527792572975159,0.35137638449668884,-0.03455115109682083,0.5636337995529175,0.42059433460235596,-0.04693727567791939,0.5676431655883789,0.48012587428092957,-0.04849688708782196,0.5828044414520264,0.37545764446258545,-0.0022458182647824287,0.5940399169921875,0.33759647607803345,-0.03426852449774742,0.5951036810874939,0.42064642906188965,-0.03956311568617821,0.5923954248428345,0.47827428579330444,-0.033015087246894836,0.6192340850830078,0.37991541624069214,-0.004886809270828962,0.6301207542419434,0.32940882444381714,-0.036505717784166336,0.6255549192428589,0.401389479637146,-0.02919185347855091,0.6204105019569397,0.46016839146614075,-0.013088865205645561,0.6509992480278015,0.3950452208518982,-0.010632540099322796,0.663905680179596,0.3378949761390686,-0.031539566814899445,0.657501220703125,0.3735450804233551,-0.026031186804175377,0.6484532356262207,0.4140510559082031,-0.014409164898097515
0.5901561379432678,0.5858232975006104,-5.825808102599694e-07,0.5336301922798157,0.540864884853363,-0.0276191309094429,0.5047362446784973,0.4459924101829529,-0.036933641880750656,0.517400324344635,0.36168959736824036,-0.04682520404458046,0.5596572160720825,0.32229501008987427,-0.05053284391760826,0.5457507967948914,0.382373571395874,-0.0006609303527511656,0.5536395907402039,0.34886637330055237,-0.030422767624258995,0.5619141459465027,0.42078468203544617,-0.04417970031499863,0.5649459362030029,0.47959038615226746,-0.046383559703826904,0.584757924079895,0.3766109347343445,0.002302400767803192,0.595599889755249,0.3346394896507263,-0.031524550169706345,0.5947600603103638,0.421186238527298,-0.0376281663775444,0.5924144387245178,0.4788120985031128,-0.030725402757525444,0.6212562322616577,0.3818613588809967,-0.001611584797501564,0.6319223046302795,0.32647332549095154,-0.034840743988752365,0.626369059085846,0.4026936888694763,-0.0271761417388916,0.6218216419219971,0.46262016892433167,-0.009770235046744347,0.6530834436416626,0.3981205224990845,-0.00861230306327343,0.6644946932792664,0.3375650644302368,-0.029371529817581177,0.657605767250061,0.37320929765701294,-0.023128550499677658,0.6495628952980042,0.4130517244338989,-0.010553848929703236
0.5363261699676514,0.6068410277366638,-5.963043463452777e-07,0.48659616708755493,0.5563333630561829,-0.012161828577518463,0.45771580934524536,0.48400163650512695,-0.016975926235318184,0.462998628616333,0.41005420684814453,-0.026141827926039696,0.5004441738128662,0.37429702281951904,-0.03295948728919029,0.4999355673789978,0.4238407611846924,0.021739566698670387,0.4919121265411377,0.38979262113571167,-0.001260652206838131,0.49151602387428284,0.4442160129547119,-0.018890002742409706,0.4946379065513611,0.49437156319618225,-0.026294253766536713,0.5339232087135315,0.41679829359054565,0.018063494935631752,0.5270214080810547,0.3839927911758423,-0.00686194933950901,0.5214742422103882,0.45221376419067383,-0.018338536843657494,0.5234426259994507,0.5067355036735535,-0.017757080495357513,0.5684500336647034,0.4185600280761719,0.00870379339903593,0.5585495829582214,0.38055554032325745,-0.016664909198880196,0.5487887859344482,0.4444736838340759,-0.014477967284619808,0.5497614741325378,0.4996454417705536,-0.0031346080359071493,0.6042259335517883,0.43170973658561707,-0.0025231591425836086,0.5945083498954773,0.3849645256996155,-0.017562825232744217,0.5811750888824463,0.4251082241535187,-0.011313430033624172,0.5764225125312805,0.4681224822998047,-0.00031043641502037644
0.49005573987960815,0.6116710901260376,-5.12379813244479e-07,0.44235333800315857,0.5715883374214172,-0.008122523315250874,0.414381742477417,0.5033287405967712,-0.009971803054213524,0.42164531350135803,0.43750154972076416,-0.016219036653637886,0.45514634251594543,0.4099833369255066,-0.020614979788661003,0.45609578490257263,0.46232935786247253,0.019732609391212463,0.4508141577243805,0.4299739897251129,-0.0018926606280729175,0.4524553418159485,0.4799553155899048,-0.018587205559015274,0.45915842056274414,0.5235483050346375,-0.02549906075000763,0.48551151156425476,0.4567544460296631,0.0159457977861166,0.47830167412757874,0.41739892959594727,-0.007853170856833458,0.47725921869277954,0.4789232611656189,-0.018354961648583412,0.4831366539001465,0.5271425247192383,-0.017342902719974518,0.5158175826072693,0.456001877784729,0.0074575068429112434,0.5060374736785889,0.41121041774749756,-0.016197046265006065,0.5016767978668213,0.46894773840904236,-0.014743098057806492,0.505516767501831,0.5189622640609741,-0.004277689848095179,0.5464618802070618,0.46350157260894775,-0.002277889521792531,0.5377023220062256,0.4125218987464905,-0.016080167144536972,0.5288549661636353,0.4440237581729889,-0.010985540226101875,0.5278012752532959,0.4829708933830261,-0.001326926751062274
0.3600609302520752,0.5340757966041565,-3.969715578477917e-07,0.31275510787963867,0.49876275658607483,-0.011492306366562843,0.28619760274887085,0.4383595287799835,-0.014164681546390057,0.28849631547927856,0.38293519616127014,-0.019301317632198334,0.30578216910362244,0.3503018617630005,-0.02152729034423828,0.317249596118927,0.387029767036438,0.013665576465427876,0.31034502387046814,0.35634562373161316,-0.00957604218274355,0.31407201290130615,0.40736860036849976,-0.024653887376189232,0.32210904359817505,0.44895613193511963,-0.029194431379437447,0.3474322557449341,0.37846776843070984,0.011273138225078583,0.33467671275138855,0.35347771644592285,-0.015068884007632732,0.33811160922050476,0.4124355912208557,-0.025347186252474785,0.3491727113723755,0.4544750452041626,-0.02299554832279682,0.3793241083621979,0.37737837433815,0.004173446446657181,0.36239176988601685,0.3537173271179199,-0.020848987624049187,0.36062243580818176,0.40782925486564636,-0.018632270395755768,0.3674829304218292,0.4474726617336273,-0.0074517386965453625,0.4113438129425049,0.3833135962486267,-0.004270264878869057,0.39709410071372986,0.3526564836502075,-0.018694879487156868,0.3871385157108307,0.3888093829154968,-0.01225297898054123,0.3883194625377655,0.4225800037384033,-0.000728747749235481
0.2466234713792801,0.4759633243083954,-3.786589104493032e-07,0.21190230548381805,0.42221978306770325,0.013955716043710709,0.20764374732971191,0.36888888478279114,0.02418987825512886,0.20925885438919067,0.32589924335479736,0.028314366936683655,0.20641905069351196,0.2934240996837616,0.03373907878994942,0.23766477406024933,0.32813042402267456,0.04014027863740921,0.22863836586475372,0.290370911359787,0.03350614011287689,0.21484142541885376,0.3160288333892822,0.026319194585084915,0.21029044687747955,0.3458156883716583,0.024765003472566605,0.25594818592071533,0.3289322257041931,0.02991381101310253,0.24667663872241974,0.289825975894928,0.021483153104782104,0.2317710816860199,0.3216214179992676,0.013944074511528015,0.22551287710666656,0.35234442353248596,0.013738585636019707,0.274103581905365,0.3341762125492096,0.017612062394618988,0.2676689922809601,0.29139119386672974,0.011052546091377735,0.2533378601074219,0.31261759996414185,0.011301579885184765,0.2491447627544403,0.3374413549900055,0.01576719433069229,0.2948770821094513,0.344774067401886,0.005661007948219776,0.2968183755874634,0.2993358373641968,0.003808974754065275,0.29075339436531067,0.2815656065940857,0.005812888033688068,0.2877034842967987,0.27143344283103943,0.010046310722827911
0.16556400060653687,0.4217912554740906,-5.361391686165007e-07,0.10646319389343262,0.36888784170150757,-0.013843197375535965,0.07144799083471298,0.281941294670105,-0.017523398622870445,0.07603901624679565,0.20871801674365997,-0.024982087314128876,0.10852617770433426,0.1654585301876068,-0.0293935127556324,0.1180514544248581,0.2234056293964386,0.014634749852120876,0.10496485978364944,0.1878032088279724,-0.01598620042204857,0.09817112237215042,0.23250043392181396,-0.03828878700733185,0.09631522744894028,0.28524819016456604,-0.04729324206709862,0.15836846828460693,0.21962375938892365,0.010644957423210144,0.14361117780208588,0.1746000498533249,-0.023682817816734314,0.1379917860031128,0.2506192624568939,-0.03696182742714882,0.14527752995491028,0.3183780610561371,-0.03502051159739494,0.2002481371164322,0.2287983000278473,0.0006408835179172456,0.1882086545228958,0.17444606125354767,-0.032937098294496536,0.1759210228919983,0.23880571126937866,-0.03206935152411461,0.17686928808689117,0.3030379116535187,-0.018932310864329338,0.24209049344062805,0.24768474698066711,-0.011008703149855137,0.24066752195358276,0.18549418449401855,-0.03311356529593468,0.22207912802696228,0.2118872106075287,-0.030165258795022964,0.21018251776695251,0.25712883472442627,-0.019704729318618774
0.19482655823230743,0.3726474344730377,-5.704079057977651e-07,0.12728314101696014,0.3150993883609772,-0.007977060042321682,0.08572594821453094,0.22282364964485168,-0.008479674346745014,0.08657116442918777,0.14280879497528076,-0.014975793659687042,0.11788652837276459,0.10072647780179977,-0.019518446177244186,0.14169825613498688,0.1688791811466217,0.02656971476972103,0.13386347889900208,0.11868733912706375,-0.001648839213885367,0.1264072060585022,0.1482706367969513,-0.023926328867673874,0.12193712592124939,0.19797194004058838,-0.03309345990419388,0.18363405764102936,0.1643085777759552,0.01984064280986786,0.16960415244102478,0.11424555629491806,-0.015224653296172619,0.16575060784816742,0.19031471014022827,-0.031016603112220764,0.1727006733417511,0.26229366660118103,-0.02986314706504345,0.227261483669281,0.1696014404296875,0.007411278784275055,0.21277090907096863,0.11071977764368057,-0.026283973827958107,0.20293745398521423,0.1819617748260498,-0.026237504556775093,0.20506441593170166,0.2528354525566101,-0.013005169108510017,0.2698340117931366,0.1843794286251068,-0.006310699041932821,0.26350775361061096,0.11887325346469879,-0.028176389634609222,0.24492186307907104,0.15281051397323608,-0.024360451847314835,0.2348470240831375,0.20436331629753113,-0.013079431839287281
0.22371011972427368,0.36245518922805786,-6.763794431208225e-07,0.15901555120944977,0.3017168641090393,-0.011656276881694794,0.1215658038854599,0.20847222208976746,-0.014146320521831512,0.12508735060691833,0.1266143023967743,-0.021437527611851692,0.15970434248447418,0.0858975425362587,-0.02423851191997528,0.1769694685935974,0.14595170319080353,0.018145835027098656,0.1677592545747757,0.11149383336305618,-0.006915333215147257,0.17106272280216217,0.18175108730793,-0.022638637572526932,0.1763412356376648,0.24798765778541565,-0.02723367139697075,0.21896310150623322,0.14588378369808197,0.013666561804711819,0.2060997188091278,0.1028795912861824,-0.015487108379602432,0.2030712068080902,0.18404120206832886,-0.025837529450654984,0.20858420431613922,0.25115692615509033,-0.02291208691895008,0.2604532539844513,0.1555035263299942,0.0036637859884649515,0.24826669692993164,0.09716398268938065,-0.025227200239896774,0.23872537910938263,0.16903266310691833,-0.022014200687408447,0.23923127353191376,0.23762989044189453,-0.008601079694926739,0.30005258321762085,0.1771225482225418,-0.00801235530525446,0.2974246144294739,0.11035140603780746,-0.026286812499165535,0.28017380833625793,0.13886529207229614,-0.021134747192263603,0.2679137587547302,0.18627776205539703,-0.009882014244794846
0.2660506069660187,0.35793888568878174,-6.505129590550496e-07,0.20450527966022491,0.30113548040390015,-0.012100907042622566,0.16874633729457855,0.20457449555397034,-0.01562444306910038,0.17807117104530334,0.11657465994358063,-0.023753389716148376,0.22007201611995697,0.07988791912794113,-0.028051750734448433,0.23061123490333557,0.15529772639274597,0.016772137954831123,0.22669711709022522,0.11069629341363907,-0.01192742120474577,0.22486338019371033,0.17763830721378326,-0.03145451843738556,0.2269432246685028,0.2406090497970581,-0.03831852599978447,0.27106571197509766,0.15790171921253204,0.01256610918790102,0.2627013623714447,0.1027953028678894,-0.018497975543141365,0.25494441390037537,0.18121656775474548,-0.02970573678612709,0.25856494903564453,0.24531468749046326,-0.0268960352987051,0.3092613220214844,0.16772253811359406,0.002660212339833379,0.30174949765205383,0.10515374690294266,-0.02767539769411087,0.2873843014240265,0.1771392822265625,-0.024119116365909576,0.28638899326324463,0.2431744784116745,-0.009824169799685478,0.3451225161552429,0.18646058440208435,-0.00888023991137743,0.34427687525749207,0.11899986863136292,-0.025716612115502357,0.32837340235710144,0.14525142312049866,-0.019523512572050095,0.32158833742141724,0.186941459774971,-0.00783908274024725
0.4155544638633728,0.4100671410560608,-6.995719559199642e-07,0.35289308428764343,0.34516850113868713,-0.008187223225831985,0.3214068114757538,0.2484627664089203,-0.010608699172735214,0.33552128076553345,0.15834073722362518,-0.018848609179258347,0.38184964656829834,0.11752870678901672,-0.024841686710715294,0.3597356081008911,0.197970911860466,0.02525009773671627,0.3597869873046875,0.12798579037189484,-0.0035624816082417965,0.36089134216308594,0.1818622350692749,-0.022404275834560394,0.36549901962280273,0.24233071506023407,-0.02823176234960556,0.40426963567733765,0.1943901628255844,0.018489493057131767,0.4029349684715271,0.14130795001983643,-0.015973076224327087,0.3986472189426422,0.21883881092071533,-0.03184492513537407,0.4002534747123718,0.28751280903816223,-0.030000872910022736,0.4490765333175659,0.19852980971336365,0.006175258196890354,0.44154587388038635,0.14863555133342743,-0.03250032290816307,0.4312628507614136,0.22752681374549866,-0.03420934081077576,0.42926329374313354,0.2988470196723938,-0.019941579550504684,0.4930104613304138,0.21417103707790375,-0.006686542183160782,0.47946804761886597,0.15608084201812744,-0.034043747931718826,0.46558353304862976,0.2099878340959549,-0.029754960909485817,0.4615364372730255,0.2687840759754181,-0.015794508159160614
0.4754696488380432,0.4253310561180115,-6.620611543439736e-07,0.4185813367366791,0.3581962585449219,-0.016111189499497414,0.3984745144844055,0.25277745723724365,-0.020571518689393997,0.41996854543685913,0.16824772953987122,-0.028487516567111015,0.463130921125412,0.1303100734949112,-0.03249198943376541,0.45196008682250977,0.20213419198989868,0.015048007480800152,0.4622480273246765,0.16533663868904114,-0.012938453815877438,0.4593677818775177,0.2372371256351471,-0.030556123703718185,0.4548110365867615,0.3028464913368225,-0.03616109862923622,0.4936891198158264,0.20555782318115234,0.012075232341885567,0.49907493591308594,0.1621488630771637,-0.019277090206742287,0.48856881260871887,0.24536019563674927,-0.03001514822244644,0.4828198254108429,0.31161564588546753,-0.02640722505748272,0.5341814756393433,0.21825000643730164,0.00303052831441164,0.5348823070526123,0.16907162964344025,-0.029126720502972603,0.5209217667579651,0.2467636913061142,-0.02390456385910511,0.5140107274055481,0.31251829862594604,-0.008183802478015423,0.5722231268882751,0.2429213970899582,-0.00798572227358818,0.5756024718284607,0.18672072887420654,-0.029603656381368637,0.5585412383079529,0.23091435432434082,-0.02194870635867119,0.5461251139640808,0.27887532114982605,-0.007948259823024273
0.5567724704742432,0.43826720118522644,-5.977844921289943e-07,0.49563485383987427,0.3673042058944702,-0.02222253754734993,0.4772019386291504,0.25718367099761963,-0.02769249491393566,0.5020852088928223,0.1668471395969391,-0.03530794382095337,0.5506136417388916,0.14113971590995789,-0.03736468777060509,0.5301494598388672,0.20674261450767517,0.016410864889621735,0.5456568002700806,0.1693745255470276,-0.011902453377842903,0.544998824596405,0.24458594620227814,-0.030304985120892525,0.5376220345497131,0.3085537552833557,-0.03631987050175667,0.5754643678665161,0.21066921949386597,0.017293468117713928,0.5918024778366089,0.16666179895401,-0.014005550183355808,0.5831744074821472,0.2525045871734619,-0.02552885003387928,0.569815993309021,0.3154727816581726,-0.02218995802104473,0.616310715675354,0.22547586262226105,0.01127425953745842,0.6312578320503235,0.17587757110595703,-0.019318094477057457,0.619937002658844,0.2493588924407959,-0.01564587838947773,0.6039032340049744,0.3086293637752533,-0.0010418521706014872,0.6508378982543945,0.25158023834228516,0.002638529520481825,0.6688759922981262,0.20108476281166077,-0.016176866367459297,0.6570658087730408,0.24010731279850006,-0.009995542466640472,0.6390401721000671,0.2797933518886566,0.0024896387476474047
0.6310961842536926,0.45014023780822754,-5.374923830459011e-07,0.5741317272186279,0.384307861328125,-0.030701734125614166,0.5593875646591187,0.2744627892971039,-0.03934174403548241,0.5812572240829468,0.18413040041923523,-0.047746263444423676,0.6252210736274719,0.14489954710006714,-0.049080219119787216,0.5957795977592468,0.20595844089984894,0.0054780407808721066,0.6195393204689026,0.1659422218799591,-0.02601574920117855,0.626190721988678,0.23923003673553467,-0.04174742102622986,0.6206585764884949,0.30814680457115173,-0.04407230019569397,0.6425090432167053,0.20810343325138092,0.010367371141910553,0.6680811643600464,0.16316047310829163,-0.025627702474594116,0.6622688174247742,0.2554374635219574,-0.0355498380959034,0.6494002342224121,0.32568982243537903,-0.02916647680103779,0.6839531660079956,0.22231006622314453,0.007717979606240988,0.704680323600769,0.17910338938236237,-0.030160684138536453,0.6957190632820129,0.25783637166023254,-0.027942921966314316,0.6818315386772156,0.3225567936897278,-0.011798820458352566,0.7176870703697205,0.2478807419538498,0.0022817577701061964,0.7411133050918579,0.19944342970848083,-0.024333957582712173,0.733950138092041,0.23939964175224304,-0.021721458062529564,0.7185023427009583,0.28225570917129517,-0.00952671468257904
0.6700477600097656,0.47415757179260254,-5.733723469347751e-07,0.6095344424247742,0.3999476432800293,-0.025081751868128777,0.5948076248168945,0.2883416712284088,-0.030514923855662346,0.6153054237365723,0.1972084790468216,-0.03671446815133095,0.6427649855613708,0.14655761420726776,-0.03633008897304535,0.6304324269294739,0.2178572416305542,0.013495597057044506,0.660636842250824,0.17890170216560364,-0.01606719009578228,0.6678726077079773,0.25798773765563965,-0.03328271955251694,0.6609019637107849,0.33356648683547974,-0.03723687306046486,0.6754730343818665,0.21897166967391968,0.016576480120420456,0.7025951147079468,0.17429542541503906,-0.01686352677643299,0.6977595090866089,0.2657028138637543,-0.02810809388756752,0.6836977005004883,0.34131377935409546,-0.02401585318148136,0.7152276635169983,0.23091034591197968,0.01241438277065754,0.7378721237182617,0.17927229404449463,-0.02187938243150711,0.7306163907051086,0.2571752667427063,-0.019974224269390106,0.7164884805679321,0.3279659152030945,-0.005763011984527111,0.7480322122573853,0.2532276213169098,0.005680054891854525,0.7670202255249023,0.20836547017097473,-0.02075880579650402,0.7617877125740051,0.25178080797195435,-0.019134053960442543,0.7491441965103149,0.2973261773586273,-0.008022760041058064
0.6403185129165649,0.5393534302711487,-6.095120284044242e-07,0.5891342759132385,0.47364509105682373,-0.026251209899783134,0.5732276439666748,0.3675279915332794,-0.03542715683579445,0.6020605564117432,0.28474539518356323,-0.04611651599407196,0.6511493921279907,0.25033751130104065,-0.05152184143662453,0.6195704340934753,0.3063041567802429,0.008567473851144314,0.6366950273513794,0.27224212884902954,-0.024186385795474052,0.6341667175292969,0.34586453437805176,-0.04618358239531517,0.6273642182350159,0.41169270873069763,-0.053880475461483,0.6615129113197327,0.309908926486969,0.010562908835709095,0.6785558462142944,0.27316224575042725,-0.02311798930168152,0.6661912202835083,0.35860371589660645,-0.03433168679475784,0.653810441493988,0.4252018630504608,-0.030916480347514153,0.698502779006958,0.32487741112709045,0.004985955078154802,0.7152966856956482,0.27953845262527466,-0.029269639402627945,0.6988314390182495,0.35392916202545166,-0.02719005011022091,0.6838255524635315,0.4199943542480469,-0.012975938618183136,0.7301285862922668,0.35080763697624207,-0.0035280990414321423,0.7469789981842041,0.30040132999420166,-0.027347350493073463,0.7327946424484253,0.3393556475639343,-0.02391837351024151,0.7148700952529907,0.3853091895580292,-0.0122999781742692
0.6008662581443787,0.5706149935722351,-4.798317831955501e-07,0.5524592399597168,0.5187711119651794,-0.023308653384447098,0.5348696708679199,0.43044736981391907,-0.03067758120596409,0.5546869039535522,0.3566020727157593,-0.03911004960536957,0.5926291942596436,0.3193782567977905,-0.04219464212656021,0.5718609690666199,0.3698369264602661,0.007024295162409544,0.5861798524856567,0.34291645884513855,-0.019814740866422653,0.5909117460250854,0.4059867262840271,-0.03497118875384331,0.5889883041381836,0.46252113580703735,-0.0389372743666172,0.6103516817092896,0.37002086639404297,0.00847270991653204,0.6241620182991028,0.3338959217071533,-0.02209959179162979,0.6192400455474854,0.41039741039276123,-0.031220534816384315,0.6125568151473999,0.4669340252876282,-0.027149278670549393,0.6458842754364014,0.3819649815559387,0.0036420761607587337,0.6587665677070618,0.3374658226966858,-0.02670574188232422,0.6495600342750549,0.4050498306751251,-0.022335734218358994,0.6390135288238525,0.45929569005966187,-0.008143934421241283,0.6761393547058105,0.4047146737575531,-0.003727040719240904,0.693841278553009,0.3570546507835388,-0.023027222603559494,0.6835962533950806,0.38990938663482666,-0.017538225278258324,0.668580949306488,0.42419344186782837,-0.006040649488568306
0.5810260772705078,0.5824712514877319,-4.1641538928161026e-07,0.538716197013855,0.5314410328865051,-0.0203088391572237,0.5232353806495667,0.45552077889442444,-0.02968170866370201,0.5377840399742126,0.3919117748737335,-0.040955353528261185,0.5687457323074341,0.35351336002349854,-0.047083985060453415,0.5520505905151367,0.39067983627319336,0.003589601954445243,0.5552322268486023,0.3478224277496338,-0.022547522559762,0.5657991170883179,0.4033810496330261,-0.03764161095023155,0.5703079104423523,0.45643484592437744,-0.041925884783267975,0.5885387659072876,0.3882932960987091,0.0031629945151507854,0.5979197025299072,0.3358631432056427,-0.025196632370352745,0.5985022187232971,0.4056645631790161,-0.03455662727355957,0.5950467586517334,0.46104899048805237,-0.03153028339147568,0.6231191158294678,0.3989107012748718,-0.0026848898269236088,0.633510410785675,0.3378223180770874,-0.03012947551906109,0.6283770203590393,0.3983117640018463,-0.02728482522070408,0.6207486391067505,0.4527701735496521,-0.01502144243568182,0.654225766658783,0.4217217266559601,-0.010824375785887241,0.6711625456809998,0.36641454696655273,-0.027718141674995422,0.6646844148635864,0.38430455327033997,-0.024355411529541016,0.651493489742279,0.41143959760665894,-0.015214825049042702
0.592808187007904,0.5937336683273315,-3.8133015323182917e-07,0.5439079403877258,0.5341687798500061,-0.014886912889778614,0.5336599946022034,0.4453176259994507,-0.020396703854203224,0.5696834921836853,0.3863702714443207,-0.029991159215569496,0.6123940944671631,0.36733585596084595,-0.036270979791879654,0.5626622438430786,0.4005269706249237,0.013209802098572254,0.5701004266738892,0.3344357907772064,-0.011578156612813473,0.5731126666069031,0.3815688490867615,-0.029713137075304985,0.5754343867301941,0.42605215311050415,-0.03727640211582184,0.5999119281768799,0.4012415409088135,0.010189172811806202,0.6108143925666809,0.3260039687156677,-0.013929780572652817,0.6079375147819519,0.3850238621234894,-0.024403389543294907,0.6056373715400696,0.43478038907051086,-0.02373584732413292,0.6343159675598145,0.41275981068611145,0.0015273193130269647,0.6483697891235352,0.33598652482032776,-0.020428312942385674,0.6383945345878601,0.39442381262779236,-0.017995664849877357,0.6296902298927307,0.4492644965648651,-0.007841147482395172,0.6665332913398743,0.43326109647750854,-0.00967337004840374,0.6831608414649963,0.3701101243495941,-0.020471245050430298,0.6731138229370117,0.38722434639930725,-0.016133470460772514,0.6592316031455994,0.4162900447845459,-0.008460032753646374
0.59903883934021,0.5976665019989014,-3.7796411334056756e-07,0.5497250556945801,0.5348044633865356,-0.015519125387072563,0.540816068649292,0.4453618824481964,-0.0206381194293499,0.5794468522071838,0.38631129264831543,-0.03002551570534706,0.623779296875,0.36983007192611694,-0.03612091764807701,0.5701439380645752,0.40223464369773865,0.01681637391448021,0.5794486999511719,0.3366175889968872,-0.009385831654071808,0.5807448029518127,0.38301756978034973,-0.02889045886695385,0.5819457173347473,0.4282594621181488,-0.03699348494410515,0.6067196130752563,0.40395456552505493,0.013621833175420761,0.6188349723815918,0.3269205093383789,-0.012457835488021374,0.6150447726249695,0.3855935335159302,-0.02447555772960186,0.6126617193222046,0.43772560358047485,-0.024022743105888367,0.6404671669006348,0.41525742411613464,0.004230670630931854,0.65444415807724,0.34017157554626465,-0.019742237403988838,0.6433401107788086,0.39860638976097107,-0.018774518743157387,0.6344791054725647,0.45421063899993896,-0.008762551471590996,0.6722012758255005,0.43559205532073975,-0.00781421922147274,0.6879689693450928,0.37253791093826294,-0.01942342147231102,0.6762856841087341,0.39444848895072937,-0.015205828472971916,0.6621176600456238,0.42924630641937256,-0.007279949728399515
0.603653609752655,0.61626136302948,-3.904232812601549e-07,0.5573195815086365,0.5535625219345093,-0.017044277861714363,0.5513822436332703,0.46150076389312744,-0.023611506447196007,0.5954267978668213,0.41171008348464966,-0.03400089964270592,0.6408751010894775,0.40885865688323975,-0.04100384935736656,0.5785419344902039,0.42003974318504333,0.00912095420062542,0.587534487247467,0.35920313000679016,-0.018541619181632996,0.5892080068588257,0.40978121757507324,-0.03751972317695618,0.5891295075416565,0.45263156294822693,-0.04534386843442917,0.6154190301895142,0.4230193793773651,0.006064421962946653,0.6280018091201782,0.3512197732925415,-0.021994495764374733,0.6249611973762512,0.4148250222206116,-0.03225449472665787,0.6213034391403198,0.46415945887565613,-0.030036548152565956,0.6497194766998291,0.436684787273407,-0.0029683744069188833,0.6648498773574829,0.3640556037425995,-0.02755785919725895,0.6552222371101379,0.42245087027549744,-0.024521546438336372,0.6454863548278809,0.47384801506996155,-0.012885559350252151,0.6812294125556946,0.45935067534446716,-0.014798153191804886,0.698020339012146,0.3982757031917572,-0.026168107986450195,0.6882312297821045,0.419473260641098,-0.02080538310110569,0.6748263239860535,0.45055097341537476,-0.011910667642951012
0.6220375895500183,0.6560096144676208,-4.6320462843141286e-07,0.5774735808372498,0.5942358374595642,-0.013700546696782112,0.5707367062568665,0.5058959722518921,-0.01881571114063263,0.6100240349769592,0.4535996615886688,-0.028507711365818977,0.6526641845703125,0.44976964592933655,-0.03507300838828087,0.596005916595459,0.46422079205513,0.01488669402897358,0.6071966290473938,0.403927206993103,-0.010932461358606815,0.6087942719459534,0.45661816000938416,-0.02832232415676117,0.6093541383743286,0.5001916289329529,-0.034814268350601196,0.6328281760215759,0.46765467524528503,0.010905376635491848,0.6486918926239014,0.396224707365036,-0.016375567764043808,0.6424850225448608,0.4613266885280609,-0.026530960574746132,0.6367388367652893,0.5118080973625183,-0.023815995082259178,0.6668464541435242,0.4801672399044037,0.001274480833671987,0.6827926635742188,0.41189154982566833,-0.023520315065979958,0.6720266938209534,0.4734851121902466,-0.02082962729036808,0.6630334258079529,0.5263261795043945,-0.00895028654485941,0.698253870010376,0.5007675290107727,-0.010640711523592472,0.7156057953834534,0.4433518052101135,-0.020750826224684715,0.7074928879737854,0.46174857020378113,-0.014673986472189426,0.696681022644043,0.48778393864631653,-0.005408798810094595
0.6090211272239685,0.7002837061882019,-3.6722181562254264e-07,0.5659847259521484,0.6361265778541565,-0.015573009848594666,0.5589563250541687,0.5571781992912292,-0.02363293431699276,0.5935706496238708,0.5077629685401917,-0.03576451912522316,0.6351768374443054,0.49014517664909363,-0.04502507299184799,0.5867188572883606,0.5059978365898132,0.009987061843276024,0.5943646430969238,0.453514963388443,-0.020225105807185173,0.5957013964653015,0.5000647902488708,-0.04183636233210564,0.5958175659179688,0.5440493822097778,-0.05035515874624252,0.6215664148330688,0.5079257488250732,0.005967702250927687,0.6357629895210266,0.44083449244499207,-0.022829262539744377,0.6301431655883789,0.5003488659858704,-0.03499741107225418,0.6252796649932861,0.5486123561859131,-0.03408089652657509,0.6542717218399048,0.520902156829834,-0.003817013930529356,0.6693142056465149,0.4589884281158447,-0.031431540846824646,0.6557173132896423,0.519119381904602,-0.030421433970332146,0.6450764536857605,0.5707575082778931,-0.01896512694656849,0.683520495891571,0.5439937710762024,-0.01583293452858925,0.7022192478179932,0.48364561796188354,-0.029042202979326248,0.6938161849975586,0.5019667148590088,-0.023520633578300476,0.6817778944969177,0.53150475025177,-0.013520386070013046
0.5838629603385925,0.7859176397323608,-3.621051689606247e-07,0.5452885031700134,0.7204342484474182,-0.013311038725078106,0.5392435789108276,0.6487937569618225,-0.020980777218937874,0.5704296827316284,0.6038503050804138,-0.03284745663404465,0.6061712503433228,0.5808760523796082,-0.04221042990684509,0.5699418783187866,0.5952715277671814,0.011418436653912067,0.5780856609344482,0.5475786328315735,-0.016886726021766663,0.5765313506126404,0.5919741988182068,-0.03789597004652023,0.5758994221687317,0.6355993747711182,-0.04651639983057976,0.6019007563591003,0.5989804863929749,0.006369642913341522,0.617621660232544,0.5380294919013977,-0.02003210410475731,0.608994722366333,0.5922331809997559,-0.03182900324463844,0.6036891341209412,0.6385647058486938,-0.03172559291124344,0.6324196457862854,0.6124307513237,-0.004044420085847378,0.6481459736824036,0.5585703253746033,-0.029747890308499336,0.6313937902450562,0.6146669387817383,-0.02795952372252941,0.6201331615447998,0.6628598570823669,-0.01718784123659134,0.6598432660102844,0.6359924674034119,-0.016469407826662064,0.6773489713668823,0.5824487209320068,-0.028662491589784622,0.6632465124130249,0.6077007055282593,-0.021378349512815475,0.6482539176940918,0.6403983235359192,-0.010673272423446178
0.5494603514671326,0.7895892858505249,-4.09336820439421e-07,0.5130833387374878,0.7386380434036255,-0.009993953630328178,0.5014973878860474,0.6707741022109985,-0.015865985304117203,0.5272826552391052,0.6259891986846924,-0.025858206674456596,0.5599223375320435,0.6049419045448303,-0.03410401567816734,0.5393786430358887,0.623108983039856,0.007495560683310032,0.54628586769104,0.5834233164787292,-0.018102528527379036,0.5425363183021545,0.6270087957382202,-0.03618430346250534,0.5413952469825745,0.6689763069152832,-0.04356715828180313,0.5687926411628723,0.6254022121429443,0.002288958989083767,0.579300045967102,0.568752110004425,-0.02197704091668129,0.5694440007209778,0.6231173276901245,-0.030717769637703896,0.5657201409339905,0.6688023805618286,-0.02910841815173626,0.5974696278572083,0.6366269588470459,-0.007380381692200899,0.6072956919670105,0.5831661224365234,-0.029832547530531883,0.5923144817352295,0.6338617205619812,-0.02627602405846119,0.5847257375717163,0.6774225234985352,-0.015668634325265884,0.6249810457229614,0.656912624835968,-0.0186142660677433,0.636100709438324,0.6034013032913208,-0.02887585200369358,0.6221359372138977,0.6244550943374634,-0.021559935063123703,0.6103488206863403,0.6526883840560913,-0.011777239851653576
0.5285959243774414,0.7879208326339722,-4.2553887169560767e-07,0.48971372842788696,0.7435808181762695,-0.008868805132806301,0.4769379496574402,0.6722150444984436,-0.01188063807785511,0.5044993162155151,0.6264927387237549,-0.018991699442267418,0.5378385186195374,0.6072748899459839,-0.02461482211947441,0.5159904360771179,0.6193376183509827,0.012508800253272057,0.5221509337425232,0.5874040126800537,-0.011637301184237003,0.5181517004966736,0.6260008811950684,-0.029687052592635155,0.5158450603485107,0.667789101600647,-0.03678472712635994,0.5464928150177002,0.6204603910446167,0.007284920662641525,0.5571706891059875,0.570792019367218,-0.015566142275929451,0.5462035536766052,0.6235029101371765,-0.024257268756628036,0.5407472252845764,0.6711049675941467,-0.02199690416455269,0.5753929615020752,0.6306480765342712,-0.002611798932775855,0.5846076011657715,0.5850557684898376,-0.02517346478998661,0.5683388113975525,0.6368603706359863,-0.022903652861714363,0.5607240796089172,0.6819093823432922,-0.012465416453778744,0.6031115651130676,0.6514961123466492,-0.013901813887059689,0.614957332611084,0.6010440587997437,-0.024593831971287727,0.5996680855751038,0.6258307695388794,-0.017460336908698082,0.5878040194511414,0.6583293080329895,-0.007295937277376652
0.44961148500442505,0.8284891843795776,-4.471655472571001e-07,0.4122512936592102,0.7823972105979919,-0.008428056724369526,0.3971971869468689,0.7147108912467957,-0.013146594166755676,0.4220949411392212,0.670246422290802,-0.02241545543074608,0.4548221826553345,0.6515079140663147,-0.02998960390686989,0.43844786286354065,0.6564435362815857,0.012558449991047382,0.44397610425949097,0.6195327043533325,-0.009488750249147415,0.4382106363773346,0.659706711769104,-0.026698103174567223,0.4379027485847473,0.6991990804672241,-0.03482580929994583,0.4684312343597412,0.6566247344017029,0.006059111561626196,0.4760337173938751,0.6030480861663818,-0.01608399488031864,0.46452653408050537,0.6532496213912964,-0.026072906330227852,0.461399644613266,0.6988852620124817,-0.0260783564299345,0.49714893102645874,0.6679936647415161,-0.004862992092967033,0.5049930810928345,0.6152889132499695,-0.02649356611073017,0.4888113737106323,0.6630531549453735,-0.026060743257403374,0.480913907289505,0.7088263034820557,-0.017993293702602386,0.5250399708747864,0.6905349493026733,-0.01720152609050274,0.5344231724739075,0.6373640298843384,-0.02897557243704796,0.515851616859436,0.657497227191925,-0.02453664131462574,0.499832421541214,0.6900928616523743,-0.016864074394106865
0.3998342454433441,0.863492488861084,-4.515875957622484e-07,0.36119312047958374,0.8129734992980957,-0.010116304270923138,0.3418363034725189,0.7424297332763672,-0.016453752294182777,0.36610424518585205,0.7002449631690979,-0.02757498435676098,0.40684041380882263,0.7074392437934875,-0.036566536873579025,0.38425806164741516,0.6854590177536011,0.01314078364521265,0.38539832830429077,0.6490535140037537,-0.011213264428079128,0.3780926764011383,0.6955186724662781,-0.02858174778521061,0.3797244131565094,0.7334163188934326,-0.03665293753147125,0.4133712947368622,0.6867291927337646,0.007067122031003237,0.4155654311180115,0.6356532573699951,-0.018987618386745453,0.40406134724617004,0.6965950131416321,-0.026653841137886047,0.405007004737854,0.7421976923942566,-0.02332151308655739,0.4427470564842224,0.6980147957801819,-0.004230693448334932,0.4435141384601593,0.6502249836921692,-0.02870539389550686,0.4277324080467224,0.7068821787834167,-0.024858690798282623,0.4241986572742462,0.7533300518989563,-0.012790354900062084,0.47255656123161316,0.7195678353309631,-0.0174117274582386,0.4779965877532959,0.668851912021637,-0.028697479516267776,0.45946750044822693,0.6937618255615234,-0.022151915356516838,0.44736579060554504,0.7261948585510254,-0.01250865776091814
0.36057549715042114,0.8754971027374268,-3.9770205262357194e-07,0.3188008964061737,0.8287205100059509,-0.006917230784893036,0.2968548834323883,0.7612557411193848,-0.011876177042722702,0.3175039291381836,0.715004563331604,-0.021975981071591377,0.3559640645980835,0.705151379108429,-0.031246410682797432,0.33748409152030945,0.7039308547973633,0.011707069352269173,0.3404255211353302,0.65498286485672,-0.00930623710155487,0.33088359236717224,0.6701853275299072,-0.024433646351099014,0.3271324038505554,0.687035322189331,-0.03196106106042862,0.3688091039657593,0.7051025629043579,0.004066163673996925,0.3725253939628601,0.653681755065918,-0.02138787880539894,0.3594043254852295,0.706043004989624,-0.030005836859345436,0.3559320867061615,0.7494645118713379,-0.027783319354057312,0.4004325270652771,0.7161588668823242,-0.0077232071198523045,0.40179017186164856,0.6639313101768494,-0.03262724727392197,0.38529330492019653,0.7157712578773499,-0.0301179401576519,0.37866780161857605,0.7627705931663513,-0.019260747358202934,0.43271133303642273,0.7371289134025574,-0.020681563764810562,0.43656814098358154,0.6826843023300171,-0.03449546545743942,0.41564300656318665,0.707606852054596,-0.029012026265263557,0.3995590806007385,0.74286288022995,-0.019857393577694893
0.2921883761882782,0.9303354024887085,-4.575077809931827e-07,0.2450268566608429,0.8800478577613831,-0.008605411276221275,0.21842800080776215,0.810923159122467,-0.014971405267715454,0.22649890184402466,0.7579856514930725,-0.026191160082817078,0.2601814866065979,0.7722811698913574,-0.034355130046606064,0.2707076966762543,0.743012011051178,0.014810269698500633,0.26613736152648926,0.7050926685333252,-0.009517809376120567,0.25295203924179077,0.7580161690711975,-0.023460790514945984,0.2557390332221985,0.7907360196113586,-0.029106484726071358,0.2951512932777405,0.7471633553504944,0.007279293145984411,0.2881213128566742,0.7010543942451477,-0.020562689751386642,0.2729983329772949,0.7660044431686401,-0.024669282138347626,0.2788885235786438,0.803708553314209,-0.017691075801849365,0.31988370418548584,0.7577883005142212,-0.005780994892120361,0.3110490143299103,0.713507890701294,-0.03232216089963913,0.2932511866092682,0.7730911374092102,-0.025668032467365265,0.2962493598461151,0.8135575652122498,-0.010410856455564499,0.34419751167297363,0.7774301767349243,-0.020506713539361954,0.3378738760948181,0.7270268201828003,-0.031355444341897964,0.3206409215927124,0.7599472999572754,-0.022707799449563026,0.3187253475189209,0.7945847511291504,-0.010795757174491882
0.28922995924949646,0.8186473250389099,-1.7621832171244023e-07,0.23999246954917908,0.7347431182861328,-0.0026684775948524475,0.2232835292816162,0.6639014482498169,-0.005353274289518595,0.24134758114814758,0.6195363998413086,-0.013807650655508041,0.27487701177597046,0.6238886117935181,-0.019357429817318916,0.2604972720146179,0.6211874485015869,0.027169564738869667,0.25063079595565796,0.5859404802322388,0.009358000941574574,0.2490445077419281,0.6251998543739319,-0.006488099694252014,0.2562631070613861,0.6567274928092957,-0.013786857947707176,0.2865965664386749,0.6212698817253113,0.019903013482689857,0.282012939453125,0.573628306388855,0.00022584035468753427,0.27500036358833313,0.6236282587051392,-0.009350339882075787,0.276726633310318,0.6665468215942383,-0.007743057329207659,0.3141060173511505,0.6311696767807007,0.008334443904459476,0.30821090936660767,0.5780234932899475,-0.007711200509220362,0.3000512421131134,0.6190540194511414,-0.005706233438104391,0.3001941442489624,0.6621459126472473,0.0044325669296085835,0.340036541223526,0.6508265733718872,-0.004949051421135664,0.34616029262542725,0.594728410243988,-0.009543602354824543,0.34496501088142395,0.5775942206382751,-0.005098157096654177,0.3455241024494171,0.5739708542823792,0.0026980408001691103
0.15078909695148468,0.733390212059021,1.0066777633710444e-07,0.2031213343143463,0.7314268946647644,-0.013657160103321075,0.25162017345428467,0.6980695724487305,-0.02743908204138279,0.2796211242675781,0.6448121666908264,-0.037003226578235626,0.2813364565372467,0.5968498587608337,-0.04657894745469093,0.21409490704536438,0.6849960088729858,-0.05077964439988136,0.24835149943828583,0.61305832862854,-0.07238179445266724,0.2513258159160614,0.6114414930343628,-0.08001264184713364,0.24141357839107513,0.630897045135498,-0.0798477977514267,0.18215376138687134,0.6622219681739807,-0.04805346205830574,0.2250121533870697,0.575838565826416,-0.0665779635310173,0.2295198142528534,0.5835092067718506,-0.06864030659198761,0.21870601177215576,0.611850380897522,-0.06697086244821548,0.1564691960811615,0.6402862071990967,-0.04404790326952934,0.1945009082555771,0.5551018714904785,-0.05609118193387985,0.19921036064624786,0.5670956373214722,-0.049838535487651825,0.19054320454597473,0.5943108201026917,-0.04341879114508629,0.1380564570426941,0.6223574876785278,-0.03980296850204468,0.16345347464084625,0.5574573278427124,-0.046160731464624405,0.16717317700386047,0.568017840385437,-0.03943683207035065,0.16004067659378052,0.5903201103210449,-0.03291120380163193
0.21772542595863342,0.5824034214019775,-1.0287244123219352e-07,0.29295971989631653,0.5603599548339844,-0.007667798548936844,0.3504311144351959,0.5230582356452942,-0.006082864478230476,0.38236239552497864,0.46055129170417786,-0.0064855217933654785,0.37996411323547363,0.4029422700405121,-0.005349265411496162,0.3387063145637512,0.4616571068763733,0.03144637495279312,0.3579295873641968,0.42779988050460815,0.013483227230608463,0.330220103263855,0.45764249563217163,-0.004797699395567179,0.3068293333053589,0.48108404874801636,-0.012385668233036995,0.3153718411922455,0.43644189834594727,0.03317359834909439,0.33384719491004944,0.40098637342453003,0.014570924453437328,0.30603063106536865,0.4464879333972931,-0.0007606231374666095,0.28659558296203613,0.476220041513443,-0.004622264765202999,0.28946641087532043,0.4229719638824463,0.031030181795358658,0.30647680163383484,0.38056623935699463,0.011285617016255856,0.2842561602592468,0.4321894645690918,0.012021633796393871,0.2671792209148407,0.46801313757896423,0.020370882004499435,0.2596404254436493,0.4145223796367645,0.028468113392591476,0.2733358144760132,0.3820643424987793,0.016459541395306587,0.2591952681541443,0.4202977120876312,0.022465690970420837,0.2499280422925949,0.44931238889694214,0.033055730164051056
0.2754433751106262,0.5438932180404663,-2.828383856012806e-07,0.33308613300323486,0.5312150716781616,-0.027314191684126854,0.3831157386302948,0.4911624491214752,-0.03841937705874443,0.39500531554222107,0.4161323010921478,-0.04843487963080406,0.3661049008369446,0.3662608861923218,-0.05612718313932419,0.3826913833618164,0.42653822898864746,0.0016618369845673442,0.3915034532546997,0.38848352432250977,-0.0303458571434021,0.3648395538330078,0.41790974140167236,-0.05419732257723808,0.3424823582172394,0.44929537177085876,-0.06437356770038605,0.35351961851119995,0.4021802544593811,0.006259070243686438,0.3553490936756134,0.36126798391342163,-0.02889176458120346,0.32776036858558655,0.41472139954566956,-0.04577299579977989,0.3092224597930908,0.4587973952293396,-0.046962156891822815,0.3230527341365814,0.38941991329193115,0.005169030744582415,0.32297298312187195,0.3432304263114929,-0.0312225129455328,0.3056582808494568,0.40354520082473755,-0.032658692449331284,0.2941155433654785,0.45223763585090637,-0.02170688472688198,0.2880266606807709,0.3860422670841217,0.0023400611244142056,0.28710588812828064,0.35269302129745483,-0.02461227774620056,0.28204095363616943,0.39574408531188965,-0.023359892889857292,0.2810291051864624,0.43302708864212036,-0.013364825397729874
0.2902190685272217,0.5315863490104675,-1.9068913559294742e-07,0.35162028670310974,0.5111991763114929,-0.026587972417473793,0.39806896448135376,0.45838889479637146,-0.035869233310222626,0.39354458451271057,0.37783801555633545,-0.04433596134185791,0.3559621572494507,0.342665433883667,-0.048763807862997055,0.3959181606769562,0.41225892305374146,0.01139288954436779,0.4000377058982849,0.36771491169929504,-0.01803489588201046,0.3756006062030792,0.3929215371608734,-0.04056322202086449,0.3582864999771118,0.41973963379859924,-0.050517488270998,0.36372873187065125,0.3907914161682129,0.014649888500571251,0.36207857728004456,0.3404723107814789,-0.01857549138367176,0.3452177047729492,0.3910719156265259,-0.03577987477183342,0.33458366990089417,0.4308488667011261,-0.037043146789073944,0.33094239234924316,0.3795689046382904,0.011600254103541374,0.3264242112636566,0.32829487323760986,-0.02504393458366394,0.3184685707092285,0.3921048045158386,-0.028073158115148544,0.31295573711395264,0.4393998384475708,-0.017606742680072784,0.29363158345222473,0.377491295337677,0.00662592938169837,0.29307085275650024,0.3438538908958435,-0.02003192901611328,0.2939685583114624,0.38744017481803894,-0.019975412636995316,0.29645630717277527,0.4237889051437378,-0.011087382212281227
0.24848070740699768,0.5202140212059021,-1.4286929683748895e-07,0.3163224458694458,0.48297029733657837,-0.029657455161213875,0.35796257853507996,0.4266509711742401,-0.03784229978919029,0.34752726554870605,0.3522847890853882,-0.04546382278203964,0.3080209195613861,0.3287883698940277,-0.047687117010354996,0.36280006170272827,0.38726046681404114,0.021461686119437218,0.3501571714878082,0.3219566345214844,-0.008114279247820377,0.3296569287776947,0.3567906320095062,-0.030391203239560127,0.324746698141098,0.3967016935348511,-0.038617439568042755,0.3305802047252655,0.37138161063194275,0.02709834836423397,0.31496480107307434,0.3141985535621643,-0.009221904911100864,0.30051693320274353,0.370278924703598,-0.029532786458730698,0.2980591952800751,0.4116080105304718,-0.03050321899354458,0.29802489280700684,0.36298638582229614,0.024997975677251816,0.28090041875839233,0.3137933909893036,-0.013170886784791946,0.2751569151878357,0.3760339319705963,-0.02149876020848751,0.2767421007156372,0.42230191826820374,-0.012387910857796669,0.2625424265861511,0.361043781042099,0.020491372793912888,0.25459563732147217,0.32603731751441956,-0.0032473276369273663,0.25479015707969666,0.36801451444625854,-0.005182700697332621,0.25919005274772644,0.40366220474243164,0.003151282202452421
0.23796920478343964,0.5360870361328125,-1.7938808127837547e-07,0.29872044920921326,0.49513837695121765,-0.03769388049840927,0.33335188031196594,0.4338192641735077,-0.04877527058124542,0.3224368691444397,0.36183226108551025,-0.05780363082885742,0.28875991702079773,0.3374651372432709,-0.061770468950271606,0.35504958033561707,0.38497862219810486,0.015193633735179901,0.33728447556495667,0.3262028992176056,-0.01838758774101734,0.3121034502983093,0.3569217622280121,-0.044317636638879776,0.3044624924659729,0.3953654170036316,-0.05410778149962425,0.32097136974334717,0.3704376816749573,0.025232519954442978,0.29759716987609863,0.314837247133255,-0.01621554046869278,0.2791430950164795,0.36781373620033264,-0.04107870161533356,0.27613258361816406,0.4112513065338135,-0.043915387243032455,0.2861471176147461,0.3644096851348877,0.026983078569173813,0.26224061846733093,0.32292577624320984,-0.015917139127850533,0.25464001297950745,0.37970444560050964,-0.02993815392255783,0.2564489245414734,0.42820966243743896,-0.023072076961398125,0.25240376591682434,0.3667709529399872,0.025928275659680367,0.23791024088859558,0.3341708481311798,-0.0012080197921022773,0.235976904630661,0.37420886754989624,-0.006858643610030413,0.2408800572156906,0.4118409752845764,8.515385707141832e-05
0.24732711911201477,0.5211591720581055,-1.6442862715848605e-07,0.2960622012615204,0.4934401512145996,-0.06007388234138489,0.3262084126472473,0.41996192932128906,-0.08311735838651657,0.2957824766635895,0.34410279989242554,-0.09865901619195938,0.25051242113113403,0.3141096830368042,-0.10567405074834824,0.35036417841911316,0.3440796136856079,-0.011057188734412193,0.3384718894958496,0.30294090509414673,-0.060858454555273056,0.3207148015499115,0.3427140414714813,-0.09247283637523651,0.31224071979522705,0.3692501485347748,-0.10405229032039642,0.30743688344955444,0.33298224210739136,0.0054004499688744545,0.27822598814964294,0.28632283210754395,-0.05040409788489342,0.2706260681152344,0.36302483081817627,-0.07185196876525879,0.27835288643836975,0.39454957842826843,-0.06861789524555206,0.2676762640476227,0.3329417407512665,0.010516039095818996,0.2388802170753479,0.29769936203956604,-0.04645140469074249,0.24068884551525116,0.3706136643886566,-0.05254185199737549,0.2543603479862213,0.40332576632499695,-0.03688351809978485,0.2306332290172577,0.3389005959033966,0.011049528606235981,0.21220599114894867,0.3141164183616638,-0.024176226928830147,0.21564890444278717,0.3613783121109009,-0.025642922148108482,0.22753871977329254,0.38742339611053467,-0.013637930154800415
0.25183334946632385,0.5125529170036316,-2.9607781470986083e-07,0.31424984335899353,0.48393726348876953,-0.03814604505896568,0.35830429196357727,0.41726580262184143,-0.051700659096241,0.34624114632606506,0.33119046688079834,-0.06265325844287872,0.2995222508907318,0.2993597388267517,-0.06824659556150436,0.3719235062599182,0.35149580240249634,0.006867061834782362,0.35435253381729126,0.2998041808605194,-0.029844781383872032,0.3299790322780609,0.3452540636062622,-0.05598363280296326,0.3241829574108124,0.38300052285194397,-0.06676800549030304,0.3339475393295288,0.33651089668273926,0.01513291522860527,0.3175904154777527,0.28510111570358276,-0.02932961843907833,0.2999768853187561,0.3534257411956787,-0.051010388880968094,0.2945367991924286,0.397345632314682,-0.051753584295511246,0.2943233847618103,0.3315209150314331,0.015704093500971794,0.27702057361602783,0.28025996685028076,-0.03150679171085358,0.27027428150177,0.35625118017196655,-0.036126893013715744,0.2705034613609314,0.40762344002723694,-0.022756142541766167,0.2508760988712311,0.3345576524734497,0.013723118230700493,0.2434924691915512,0.296270489692688,-0.018815042451024055,0.24410541355609894,0.34693431854248047,-0.019242506474256516,0.24861469864845276,0.38658013939857483,-0.007925697602331638
0.246445894241333,0.49805915355682373,-2.0857311255895183e-07,0.32202059030532837,0.4712982773780823,-0.01458706520497799,0.3714160919189453,0.41850191354751587,-0.015804769471287727,0.37030887603759766,0.336927205324173,-0.01937216706573963,0.32862570881843567,0.31124162673950195,-0.020703691989183426,0.36184370517730713,0.3825410306453705,0.027623113244771957,0.3811022937297821,0.32884880900382996,0.008656544610857964,0.35758838057518005,0.3503267168998718,-0.009998280555009842,0.33929842710494995,0.3790150284767151,-0.019493892788887024,0.33083587884902954,0.3639032244682312,0.026352601125836372,0.34667009115219116,0.30801689624786377,0.0010442223865538836,0.32456788420677185,0.34738385677337646,-0.019248712807893753,0.3071439862251282,0.38372600078582764,-0.02437709830701351,0.29795244336128235,0.35263633728027344,0.020428812131285667,0.3048378825187683,0.29944297671318054,-0.008859895169734955,0.29243433475494385,0.3552861213684082,-0.01605771668255329,0.2805469036102295,0.4016178250312805,-0.009824689477682114,0.2587316334247589,0.34713709354400635,0.01359877735376358,0.26709282398223877,0.30537813901901245,-0.00551251508295536,0.2657727301120758,0.3430192470550537,-0.0039250352419912815,0.2612796723842621,0.3804430365562439,0.0042095426470041275
0.28434139490127563,0.4785718321800232,-1.7816374509038724e-07,0.3540938198566437,0.4594137370586395,-0.009699109010398388,0.39984405040740967,0.4209066331386566,-0.011320463381707668,0.39724043011665344,0.35453200340270996,-0.016275575384497643,0.36568325757980347,0.3269187808036804,-0.02022876776754856,0.3981407880783081,0.37415024638175964,0.022593572735786438,0.4074796438217163,0.3255282938480377,0.0024841248523443937,0.3831840753555298,0.33968114852905273,-0.016407746821641922,0.3621409833431244,0.3735045790672302,-0.02562311850488186,0.3684020936489105,0.35587695240974426,0.019128629937767982,0.3757252097129822,0.303362101316452,-0.00471850112080574,0.3540841341018677,0.3368140161037445,-0.0217947605997324,0.338009238243103,0.3797295391559601,-0.025629134848713875,0.3372099995613098,0.34714359045028687,0.011419286020100117,0.3390108048915863,0.30021652579307556,-0.013993610627949238,0.3267664313316345,0.3433171510696411,-0.02027357742190361,0.3179539740085602,0.38739079236984253,-0.015300958417356014,0.30109912157058716,0.34721192717552185,0.0029492611065506935,0.3060179352760315,0.3136122524738312,-0.01335618644952774,0.30267947912216187,0.34474045038223267,-0.012289277277886868,0.29955166578292847,0.37768933176994324,-0.005678975954651833
0.3547041118144989,0.4624640941619873,-1.7373288585531554e-07,0.4237992465496063,0.4578872621059418,-0.007075094152241945,0.4714544415473938,0.4266435205936432,-0.0070085423067212105,0.47880294919013977,0.3633464574813843,-0.009495257399976254,0.44647976756095886,0.33276212215423584,-0.011639587581157684,0.460817813873291,0.3837983310222626,0.01980215311050415,0.47366249561309814,0.3496675491333008,0.005351504776626825,0.45502278208732605,0.368928998708725,-0.00992355216294527,0.43508026003837585,0.39454543590545654,-0.01822431944310665,0.4320119023323059,0.3590264618396759,0.017100706696510315,0.44081875681877136,0.322163462638855,-0.001010778360068798,0.421769380569458,0.3621373176574707,-0.015132815577089787,0.4024840295314789,0.396893709897995,-0.019171863794326782,0.4018819034099579,0.3427499830722809,0.011513588018715382,0.41253596544265747,0.2987450957298279,-0.009800421074032784,0.4003550410270691,0.3484647572040558,-0.01286168210208416,0.38531240820884705,0.38906028866767883,-0.0077060516923666,0.36588114500045776,0.33486664295196533,0.005673652980476618,0.3789588212966919,0.30299878120422363,-0.010925697162747383,0.3759599030017853,0.3379204273223877,-0.008983936160802841,0.3692358136177063,0.369594931602478,-0.002213434549048543
0.39612293243408203,0.4718290865421295,-2.1992170218254614e-07,0.4517521560192108,0.4677256941795349,-0.015080212615430355,0.5013402104377747,0.42649564146995544,-0.018244808539748192,0.5052049160003662,0.3623085021972656,-0.021320562809705734,0.4738897681236267,0.3276296555995941,-0.02403980866074562,0.48626264929771423,0.37666723132133484,0.004484003409743309,0.5003669261932373,0.34553495049476624,-0.015342018567025661,0.4834601879119873,0.3644063472747803,-0.031057067215442657,0.46500730514526367,0.38690388202667236,-0.03849821910262108,0.45605501532554626,0.35402339696884155,0.005030308850109577,0.4681803286075592,0.3179389238357544,-0.019301854074001312,0.4477483034133911,0.3693421185016632,-0.030998224392533302,0.42882803082466125,0.41099968552589417,-0.03154698759317398,0.42422011494636536,0.34095028042793274,0.002295625163242221,0.43513667583465576,0.2980760335922241,-0.025709999725222588,0.4236074984073639,0.35907456278800964,-0.02576647698879242,0.41107532382011414,0.4053715765476227,-0.016714787110686302,0.38722312450408936,0.33672741055488586,-0.000806946714874357,0.39745980501174927,0.30432868003845215,-0.021841680631041527,0.3975484073162079,0.34330737590789795,-0.018822800368070602,0.39456629753112793,0.3750826120376587,-0.010333181358873844
0.38044193387031555,0.47085389494895935,-1.7242872729639203e-07,0.43883204460144043,0.45923978090286255,-0.014018218033015728,0.48568472266197205,0.4155130088329315,-0.018825728446245193,0.4856959581375122,0.3502272367477417,-0.024348832666873932,0.4527955651283264,0.3175830841064453,-0.0296669639647007,0.46494197845458984,0.3543381094932556,0.002150018699467182,0.47813546657562256,0.32307168841362,-0.018254905939102173,0.46401530504226685,0.3548510670661926,-0.033976729959249496,0.44613006711006165,0.3875243365764618,-0.04096709564328194,0.4342145025730133,0.3356318473815918,0.0012554487911984324,0.4482012093067169,0.2998538911342621,-0.02045973390340805,0.4337036609649658,0.3568146228790283,-0.03104127012193203,0.4149482548236847,0.4013879597187042,-0.03217116743326187,0.40088731050491333,0.3271082639694214,-0.0028094802983105183,0.4149855673313141,0.2826794981956482,-0.028063450008630753,0.4094487428665161,0.34648871421813965,-0.02786850556731224,0.39629030227661133,0.39551812410354614,-0.019863851368427277,0.3619229197502136,0.3274442255496979,-0.007310979999601841,0.37734997272491455,0.2898105978965759,-0.026083633303642273,0.38309305906295776,0.32936617732048035,-0.022405093535780907,0.37916478514671326,0.36359602212905884,-0.014245976693928242
0.4016806483268738,0.4661753177642822,-2.204275801886979e-07,0.45166000723838806,0.45839568972587585,-0.015122594311833382,0.4981774091720581,0.41932424902915955,-0.022539649158716202,0.5094740390777588,0.3636361360549927,-0.03025483526289463,0.4798135459423065,0.3322571814060211,-0.037361208349466324,0.47370463609695435,0.3352380096912384,-0.006216784007847309,0.4956962466239929,0.3177556097507477,-0.02851766161620617,0.4858514070510864,0.36007553339004517,-0.04256090521812439,0.4671315550804138,0.39678695797920227,-0.0474180169403553,0.4457387328147888,0.32081496715545654,-0.007036073133349419,0.4711945354938507,0.3004656434059143,-0.02995143085718155,0.4572277367115021,0.36536842584609985,-0.036212362349033356,0.4364624321460724,0.4119478464126587,-0.03388720005750656,0.4148201644420624,0.31475967168807983,-0.011144857853651047,0.44184452295303345,0.2882186472415924,-0.03731687366962433,0.43534278869628906,0.3549636900424957,-0.033668581396341324,0.41923049092292786,0.4032800495624542,-0.022946199402213097,0.3776531219482422,0.3173156678676605,-0.015934599563479424,0.4068286418914795,0.2927582561969757,-0.036231234669685364,0.4108877182006836,0.3390757143497467,-0.03150871768593788,0.4028213918209076,0.37440377473831177,-0.021959392353892326
0.39334163069725037,0.46101170778274536,-2.585091465334699e-07,0.4447079300880432,0.46429455280303955,-0.022019173949956894,0.4977710545063019,0.4210852384567261,-0.030019398778676987,0.5009168982505798,0.35223817825317383,-0.03599889203906059,0.4664498269557953,0.31649208068847656,-0.041300445795059204,0.48676255345344543,0.3577527701854706,-0.008794712834060192,0.5023254752159119,0.32581043243408203,-0.031008807942271233,0.48215824365615845,0.34810635447502136,-0.04642145708203316,0.4618934094905853,0.3704296350479126,-0.05354297533631325,0.4539788067340851,0.33503133058547974,-0.005916861817240715,0.4683580994606018,0.29930606484413147,-0.03097994066774845,0.44780924916267395,0.355090856552124,-0.04026535898447037,0.429438978433609,0.3976631164550781,-0.039623063057661057,0.4203134775161743,0.3232896625995636,-0.0064470828510820866,0.4324318766593933,0.28272944688796997,-0.03529956936836243,0.4211568832397461,0.34692007303237915,-0.03288407623767853,0.4082958698272705,0.39448821544647217,-0.022599266842007637,0.3829767107963562,0.3195020258426666,-0.00788995623588562,0.39435362815856934,0.2894614040851593,-0.03043091855943203,0.3947787284851074,0.33436718583106995,-0.026516878977417946,0.39103347063064575,0.36862510442733765,-0.017302131280303
0.418303519487381,0.4954458475112915,-1.75579089045641e-07,0.47704610228538513,0.48836371302604675,-0.020690731704235077,0.5295746326446533,0.4483875036239624,-0.02788560464978218,0.5280742049217224,0.3760812282562256,-0.03480580076575279,0.4915054142475128,0.34417420625686646,-0.039858076721429825,0.5216590166091919,0.38699573278427124,0.003536367556080222,0.5333513021469116,0.3442626893520355,-0.020485637709498405,0.509827733039856,0.3649938106536865,-0.03834236413240433,0.4913896918296814,0.3918377459049225,-0.04607275500893593,0.4893457591533661,0.3636111617088318,0.00482419366016984,0.4992504119873047,0.3177245557308197,-0.02259335294365883,0.47856786847114563,0.36479291319847107,-0.036300547420978546,0.4634250998497009,0.4091964662075043,-0.0368286594748497,0.4571196734905243,0.3518809676170349,0.0018697793129831553,0.463056355714798,0.306569904088974,-0.027883971109986305,0.4494663178920746,0.36457839608192444,-0.029278911650180817,0.43929430842399597,0.4128217101097107,-0.0199405737221241,0.421355277299881,0.3490108847618103,-0.0023265660274773836,0.4288782775402069,0.3144429624080658,-0.021977609023451805,0.4261094331741333,0.3533545136451721,-0.018485177308321,0.4234495460987091,0.3889959156513214,-0.009153878316283226
0.437364786863327,0.5083474516868591,-2.3705979401711375e-07,0.48416537046432495,0.5082015991210938,-0.02934883162379265,0.5289027094841003,0.4740833640098572,-0.03950706496834755,0.5343620777130127,0.4044070541858673,-0.047775283455848694,0.5169145464897156,0.35738950967788696,-0.05256782844662666,0.5663567781448364,0.43275460600852966,0.005316941533237696,0.5705376863479614,0.38927292823791504,-0.022254690527915955,0.5446155071258545,0.385490357875824,-0.04351949691772461,0.5230684280395508,0.3976236879825592,-0.052963510155677795,0.5389757752418518,0.4038025140762329,0.010723727755248547,0.5346588492393494,0.35302412509918213,-0.02310316637158394,0.507753312587738,0.38303521275520325,-0.041765566915273666,0.49216291308403015,0.41576215624809265,-0.04371297359466553,0.5096740126609802,0.38657689094543457,0.010325973853468895,0.4999314844608307,0.3421460688114166,-0.02805236726999283,0.48023560643196106,0.3901095688343048,-0.03629204258322716,0.4694812297821045,0.43335726857185364,-0.028351744636893272,0.4785539507865906,0.3788175582885742,0.008137249387800694,0.4750453233718872,0.34662240743637085,-0.02042747102677822,0.4637596011161804,0.37967532873153687,-0.02371382527053356,0.4598243236541748,0.41168248653411865,-0.016251491382718086
0.43182146549224854,0.47849124670028687,-1.5313717938170157e-07,0.4858782887458801,0.4759540855884552,-0.023848164826631546,0.5324183106422424,0.4383736848831177,-0.03443697467446327,0.5326558351516724,0.3658415973186493,-0.04418157413601875,0.506449818611145,0.32442665100097656,-0.0515262633562088,0.5466800332069397,0.3834110200405121,-0.00047177026863209903,0.5469847321510315,0.3395906090736389,-0.028479689732193947,0.5220492482185364,0.35214468836784363,-0.04896693676710129,0.5034084916114807,0.3755294382572174,-0.057956114411354065,0.5151344537734985,0.3594697117805481,0.0011144839227199554,0.5153118968009949,0.31226879358291626,-0.03087114915251732,0.4923878312110901,0.3555757403373718,-0.04612699896097183,0.47665709257125854,0.39493492245674133,-0.046896014362573624,0.4834586977958679,0.34737634658813477,-0.0020459832157939672,0.47991424798965454,0.304431676864624,-0.036972690373659134,0.46372196078300476,0.3594515323638916,-0.039610955864191055,0.4536939263343811,0.40236449241638184,-0.029728051275014877,0.44857683777809143,0.34479445219039917,-0.0066230446100234985,0.4508258104324341,0.31129488348960876,-0.030840540304780006,0.44410306215286255,0.3491283357143402,-0.028869692236185074,0.44062548875808716,0.3811770975589752,-0.019402800127863884
0.42943641543388367,0.4541013240814209,-1.8084054431710683e-07,0.47764867544174194,0.44563543796539307,-0.024822764098644257,0.52586430311203,0.405041366815567,-0.03655985742807388,0.5221512913703918,0.34140950441360474,-0.045739371329545975,0.49425819516181946,0.30088338255882263,-0.05354953557252884,0.5203282237052917,0.32484424114227295,-0.016161290928721428,0.5176151990890503,0.2967776358127594,-0.042638249695301056,0.500629186630249,0.32562506198883057,-0.05927092954516411,0.4863242208957672,0.35525625944137573,-0.06652332842350006,0.484729528427124,0.3040945827960968,-0.013924174010753632,0.48172304034233093,0.28187596797943115,-0.04399139806628227,0.466239869594574,0.3456766605377197,-0.053847383707761765,0.45519593358039856,0.39134201407432556,-0.05268031731247902,0.449842244386673,0.2996988594532013,-0.015372044406831264,0.4472370743751526,0.2699218690395355,-0.0469873808324337,0.4419959485530853,0.33599281311035156,-0.04430578276515007,0.43834951519966125,0.3806546628475189,-0.033801089972257614,0.412029504776001,0.30803626775741577,-0.018175465986132622,0.41202080249786377,0.28638723492622375,-0.04381642863154411,0.4148997664451599,0.33416539430618286,-0.04114639014005661,0.4182591438293457,0.36597809195518494,-0.0319274440407753
0.4526859223842621,0.4538673460483551,-2.2899099860751448e-07,0.5020938515663147,0.4463889002799988,-0.015557963401079178,0.5496940016746521,0.40526723861694336,-0.022434355691075325,0.5536776781082153,0.3490334749221802,-0.02935841493308544,0.5222344994544983,0.32448169589042664,-0.03577513247728348,0.5273456573486328,0.32384946942329407,-0.004349693190306425,0.5422754883766174,0.3031448423862457,-0.025115080177783966,0.5311056971549988,0.34282395243644714,-0.04012545943260193,0.5171735286712646,0.37619975209236145,-0.046527501195669174,0.4956929683685303,0.3119863271713257,-0.00456501729786396,0.5110735297203064,0.2870994508266449,-0.025105910375714302,0.5008375644683838,0.34602662920951843,-0.03319483622908592,0.4867875874042511,0.38881349563598633,-0.032935529947280884,0.46221277117729187,0.31083548069000244,-0.007735602091997862,0.4763100743293762,0.28070080280303955,-0.031192507594823837,0.47537511587142944,0.34062618017196655,-0.030177177861332893,0.4667133390903473,0.38474318385124207,-0.02235719934105873,0.4248504638671875,0.31867995858192444,-0.011512174271047115,0.43990105390548706,0.2916112244129181,-0.029360102489590645,0.44833600521087646,0.3324596881866455,-0.025449536740779877,0.4469434916973114,0.3657519221305847,-0.01715209148824215
0.46184656023979187,0.44879069924354553,-2.4655179231558577e-07,0.5079123377799988,0.43341362476348877,-0.004927674308419228,0.5342205166816711,0.3994491398334503,-0.011690679006278515,0.5534862279891968,0.3660879135131836,-0.01968097686767578,0.5514237880706787,0.3434842526912689,-0.024490518495440483,0.4845028221607208,0.29102709889411926,-0.00283894594758749,0.5429863333702087,0.31159648299217224,-0.023768562823534012,0.5399252772331238,0.3578803241252899,-0.03669988736510277,0.5238528251647949,0.37494587898254395,-0.04404577985405922,0.4723038375377655,0.2848815321922302,-0.010206359438598156,0.5414968729019165,0.3096250891685486,-0.03201443701982498,0.5343295931816101,0.36401262879371643,-0.03641626238822937,0.5153129696846008,0.38227903842926025,-0.03534227982163429,0.4653691053390503,0.2913840711116791,-0.01996881701052189,0.5313451886177063,0.3245226740837097,-0.04258827120065689,0.5210632085800171,0.37629637122154236,-0.03969602659344673,0.49997052550315857,0.3911792039871216,-0.03270675987005234,0.4622432291507721,0.30890196561813354,-0.030381783843040466,0.5163335800170898,0.3345358967781067,-0.04471375420689583,0.5110913515090942,0.37133222818374634,-0.04239904135465622,0.4937933385372162,0.3833632469177246,-0.03759091719985008
0.4351169764995575,0.43475276231765747,-3.820815308586134e-08,0.4790423512458801,0.3968791663646698,0.0037438867148011923,0.49645811319351196,0.35635673999786377,-0.0003615687310229987,0.5108740329742432,0.32817116379737854,-0.006749140564352274,0.5198660492897034,0.31051671504974365,-0.010682952590286732,0.4463260769844055,0.2715432345867157,0.0008855179185047746,0.5162319540977478,0.28052741289138794,-0.012239977717399597,0.5281635522842407,0.3214797079563141,-0.021398084238171577,0.5188294649124146,0.3478233218193054,-0.02705265022814274,0.4452303946018219,0.2701503336429596,-0.007986978627741337,0.5247716307640076,0.2842779755592346,-0.016343427821993828,0.5311956405639648,0.3284584879875183,-0.015934279188513756,0.5180531740188599,0.35167449712753296,-0.01569908857345581,0.4511914551258087,0.28518521785736084,-0.017903486266732216,0.5287256240844727,0.3044869899749756,-0.024518892168998718,0.5284966230392456,0.3461000919342041,-0.017900334671139717,0.5105916857719421,0.363716185092926,-0.013602342456579208,0.46129974722862244,0.309736430644989,-0.02835206128656864,0.5219324827194214,0.3328046500682831,-0.030820118263363838,0.5219556093215942,0.36358708143234253,-0.02522037737071514,0.5072523355484009,0.3761468529701233,-0.021210813894867897
0.4540066123008728,0.443290114402771,-2.610508715861215e-07,0.4959515333175659,0.4304845631122589,-0.005309596657752991,0.5269238948822021,0.3935402035713196,-0.011009057983756065,0.5405040383338928,0.35497796535491943,-0.019275352358818054,0.5294641256332397,0.32803425192832947,-0.02586548775434494,0.48981931805610657,0.29830724000930786,0.0017012556781992316,0.5287992358207703,0.2941600978374481,-0.01700601540505886,0.5298742055892944,0.3372918963432312,-0.029750218614935875,0.5168886780738831,0.3631967306137085,-0.03570639342069626,0.4721538722515106,0.28957700729370117,-0.003836826654151082,0.5199379324913025,0.29343438148498535,-0.02315436862409115,0.5170447826385498,0.34774768352508545,-0.02959938906133175,0.4994312524795532,0.3785538971424103,-0.029464324936270714,0.45558643341064453,0.288278192281723,-0.01186412200331688,0.5072832107543945,0.29964396357536316,-0.033986229449510574,0.5017759799957275,0.3545953035354614,-0.03321327641606331,0.4832552373409271,0.38568782806396484,-0.026237424463033676,0.4381738305091858,0.29537665843963623,-0.020295104011893272,0.4874785840511322,0.30101025104522705,-0.03414003178477287,0.49128299951553345,0.3409560024738312,-0.031018037348985672,0.4805574417114258,0.36757194995880127,-0.024426845833659172
0.4451282024383545,0.4344048500061035,-2.0293217062317126e-07,0.4990459680557251,0.4363822937011719,-0.020178789272904396,0.5475915670394897,0.4010657072067261,-0.027637826278805733,0.5482534170150757,0.334301233291626,-0.033332839608192444,0.5195813179016113,0.2963975667953491,-0.03808334469795227,0.5412250757217407,0.348673015832901,-0.00838454533368349,0.5502009987831116,0.3117670714855194,-0.030341947451233864,0.5303263664245605,0.3331655263900757,-0.04561064392328262,0.5128137469291687,0.3589956760406494,-0.05272750183939934,0.5090232491493225,0.3223494589328766,-0.006350325420498848,0.5164962410926819,0.2842521369457245,-0.03119213879108429,0.49557456374168396,0.3349510133266449,-0.04126401245594025,0.479167103767395,0.3768126964569092,-0.04121839255094528,0.4765622317790985,0.308278888463974,-0.007486365735530853,0.48347949981689453,0.267178475856781,-0.03543175756931305,0.47168925404548645,0.3245028853416443,-0.03446018323302269,0.46087944507598877,0.3682158887386322,-0.025560317561030388,0.4404435157775879,0.3048638701438904,-0.009391005150973797,0.4478549361228943,0.27538520097732544,-0.03195624053478241,0.4459647536277771,0.3159838318824768,-0.029354983940720558,0.4431227445602417,0.3486328125,-0.02109396643936634
0.3669391870498657,0.43980032205581665,-2.334148661020663e-07,0.4138941466808319,0.44215354323387146,-0.02478044480085373,0.46334215998649597,0.4122123122215271,-0.032081250101327896,0.4773326814174652,0.3692901134490967,-0.03713103383779526,0.47417697310447693,0.33602118492126465,-0.03978189080953598,0.46201103925704956,0.3499191999435425,-0.009799276478588581,0.4665642976760864,0.309950590133667,-0.034086115658283234,0.43931007385253906,0.33369773626327515,-0.048149265348911285,0.42491278052330017,0.3585076630115509,-0.05359169468283653,0.4354540705680847,0.32596033811569214,-0.0046685319393873215,0.44150209426879883,0.2850046455860138,-0.03349632769823074,0.4142848551273346,0.3243970572948456,-0.04305102676153183,0.4041162431240082,0.35688871145248413,-0.04113605618476868,0.40937840938568115,0.3142285645008087,-0.0039036276284605265,0.40826547145843506,0.28082215785980225,-0.03313543274998665,0.3878326117992401,0.32246214151382446,-0.032106705009937286,0.3827400803565979,0.35414332151412964,-0.02246311865746975,0.3846138119697571,0.3107326924800873,-0.004837431013584137,0.38134661316871643,0.28860726952552795,-0.024678131565451622,0.3689097762107849,0.32390302419662476,-0.02233560010790825,0.36836859583854675,0.3522147238254547,-0.014368537813425064
0.5322416424751282,0.8056892156600952,-2.86869976662274e-07,0.4845696985721588,0.7405413389205933,-0.0076010096818208694,0.46540626883506775,0.6604000329971313,-0.00941316969692707,0.47921472787857056,0.5984603762626648,-0.016570642590522766,0.49691885709762573,0.5514802932739258,-0.02127448096871376,0.4917390048503876,0.5980961322784424,0.025228559970855713,0.4913027882575989,0.5501742362976074,-0.00029123242711648345,0.4925839304924011,0.5933072566986084,-0.019528338685631752,0.494998574256897,0.633341908454895,-0.02626711130142212,0.5244068503379822,0.5960571765899658,0.019405826926231384,0.5272606611251831,0.5380233526229858,-0.0037100056651979685,0.5235252976417542,0.5954629778862,-0.014231937937438488,0.5238468647003174,0.636955201625824,-0.012442030012607574,0.5587998628616333,0.604035496711731,0.007927914150059223,0.5631864666938782,0.5463168621063232,-0.014456015080213547,0.553433895111084,0.6068758368492126,-0.00944829173386097,0.5498328804969788,0.6527823805809021,0.0038641546852886677,0.5923430919647217,0.6245104670524597,-0.005163869354873896,0.5955004692077637,0.5652047395706177,-0.015373514965176582,0.5852910280227661,0.5946891903877258,-0.005522416904568672,0.5800817012786865,0.6252673864364624,0.008184949867427349
0.5024926662445068,0.6980056166648865,-4.2813852019207843e-07,0.4442076086997986,0.6440179347991943,-0.015409498475492,0.42067497968673706,0.5476294159889221,-0.021250249817967415,0.4439743161201477,0.4756307601928711,-0.03205053508281708,0.4790285527706146,0.4308028221130371,-0.039008792489767075,0.4484550654888153,0.47331851720809937,0.016902362927794456,0.44954434037208557,0.4121180772781372,-0.016514796763658524,0.45712584257125854,0.46615466475486755,-0.03861565887928009,0.4640735983848572,0.515981912612915,-0.04544641822576523,0.48825785517692566,0.4709223508834839,0.01214324589818716,0.4922804832458496,0.39285242557525635,-0.021112464368343353,0.4929628074169159,0.46446120738983154,-0.03390461578965187,0.4962064027786255,0.5201504230499268,-0.03037215955555439,0.526652455329895,0.48089832067489624,0.0006652434240095317,0.5316864252090454,0.4086111783981323,-0.032837558537721634,0.5241971611976624,0.4848913848400116,-0.0300117377191782,0.5214115381240845,0.5457408428192139,-0.014039547182619572,0.5634633302688599,0.5015357136726379,-0.012725431472063065,0.5700443387031555,0.42852526903152466,-0.028265712782740593,0.5629746913909912,0.44751614332199097,-0.020419133827090263,0.5560253262519836,0.47490328550338745,-0.006741016171872616
0.5183050036430359,0.6460622549057007,-4.5820746663594036e-07,0.4594097435474396,0.5870206356048584,-0.01609722711145878,0.437044620513916,0.48395559191703796,-0.02293534018099308,0.4698925316333771,0.40839749574661255,-0.0347549133002758,0.5202280879020691,0.38193798065185547,-0.04313568025827408,0.4707488715648651,0.41779956221580505,0.012721043080091476,0.4717817008495331,0.348446249961853,-0.019920069724321365,0.4789767265319824,0.40055185556411743,-0.04303823038935661,0.48629364371299744,0.45256301760673523,-0.05186336487531662,0.5121041536331177,0.4152117073535919,0.00858284067362547,0.5176286101341248,0.33227264881134033,-0.023103494197130203,0.5160689949989319,0.4003317356109619,-0.03587689250707626,0.5174364447593689,0.46020862460136414,-0.03400864824652672,0.5512641668319702,0.42401325702667236,-0.002039264887571335,0.5583020448684692,0.3446924090385437,-0.03206305950880051,0.5472943782806396,0.4156116247177124,-0.03066391684114933,0.542346715927124,0.481131911277771,-0.01762966997921467,0.588830828666687,0.4426229000091553,-0.01509135216474533,0.5977253317832947,0.3681941032409668,-0.029063623398542404,0.5864481925964355,0.38708561658859253,-0.02361363172531128,0.5762572884559631,0.42212727665901184,-0.013196681626141071
0.5742877125740051,0.630935788154602,-4.2074378825418535e-07,0.5099952816963196,0.5675691962242126,-0.029448948800563812,0.4927014708518982,0.4674568474292755,-0.04192337021231651,0.5503520369529724,0.40371498465538025,-0.05532609298825264,0.6134536266326904,0.38916245102882385,-0.06505202502012253,0.5275508761405945,0.4150974750518799,-0.00477978540584445,0.5427421927452087,0.34997254610061646,-0.04619744420051575,0.5468972325325012,0.4052593410015106,-0.07548508048057556,0.5483436584472656,0.45788878202438354,-0.0885271206498146,0.5707289576530457,0.4080340564250946,-0.004569282289594412,0.5981936454772949,0.3311183452606201,-0.04327753186225891,0.5921416282653809,0.4045252501964569,-0.05871191248297691,0.5827155113220215,0.4604344666004181,-0.058592669665813446,0.6098431944847107,0.4123419225215912,-0.012033078819513321,0.641028642654419,0.34587201476097107,-0.04881496727466583,0.6242052316665649,0.4177543520927429,-0.047887593507766724,0.6065248250961304,0.4691106379032135,-0.03489437326788902,0.6453605890274048,0.4327012896537781,-0.022857626900076866,0.6659296154975891,0.36994558572769165,-0.0415843203663826,0.653401792049408,0.4133550524711609,-0.033910151571035385,0.6380581855773926,0.4523192048072815,-0.021699054166674614
0.7212793827056885,0.5832092761993408,-3.9276324059756007e-07,0.6691148281097412,0.5198249220848083,-0.014943484216928482,0.6540451645851135,0.4335004687309265,-0.02412468008697033,0.6915168166160583,0.3719187080860138,-0.037758149206638336,0.7373989224433899,0.35266464948654175,-0.048244819045066833,0.6857996582984924,0.3701646625995636,0.00909200869500637,0.6966263055801392,0.3167800009250641,-0.023698175325989723,0.6982817649841309,0.36791402101516724,-0.04711577668786049,0.6970059871673584,0.41574516892433167,-0.056684885174036026,0.7242770195007324,0.37349945306777954,0.0045180656015872955,0.7396981120109558,0.3041141927242279,-0.028635045513510704,0.7346121668815613,0.3668109178543091,-0.04334232211112976,0.7281467318534851,0.4200785160064697,-0.043361227959394455,0.7608811855316162,0.38708269596099854,-0.005613472778350115,0.7759932279586792,0.32110339403152466,-0.036168500781059265,0.7640330791473389,0.38462671637535095,-0.035636138170957565,0.7524968981742859,0.44029325246810913,-0.02363388054072857,0.7939964532852173,0.41174885630607605,-0.01773146353662014,0.8078926801681519,0.35280901193618774,-0.03224729001522064,0.8049511909484863,0.3575984239578247,-0.02792191319167614,0.798242449760437,0.3703773021697998,-0.01849192939698696
0.7717522382736206,0.4943216145038605,-3.4362304290880274e-07,0.7293272018432617,0.4535498321056366,-0.009959973394870758,0.7096501588821411,0.39594921469688416,-0.01656022109091282,0.7310497760772705,0.35228803753852844,-0.027167944237589836,0.7621405720710754,0.331698477268219,-0.035637494176626205,0.7347052693367004,0.3441578149795532,0.00657537579536438,0.7366596460342407,0.30432450771331787,-0.01702502928674221,0.7385867834091187,0.34630587697029114,-0.03276852145791054,0.7405917644500732,0.38164016604423523,-0.03881946951150894,0.7621302008628845,0.3421580195426941,0.001996831502765417,0.7639948129653931,0.28844398260116577,-0.02047475427389145,0.7627734541893005,0.33967068791389465,-0.028147486969828606,0.7643612027168274,0.37845101952552795,-0.02637338452041149,0.7900010943412781,0.34754493832588196,-0.00680577615275979,0.7924466729164124,0.29604893922805786,-0.028977124020457268,0.7854390144348145,0.34841641783714294,-0.026121174916625023,0.7829581499099731,0.3912855386734009,-0.015714062377810478,0.8176255226135254,0.36086973547935486,-0.01699100062251091,0.8240234851837158,0.3064427375793457,-0.02767902985215187,0.8153650760650635,0.32553476095199585,-0.02173239178955555,0.8071187138557434,0.35368332266807556,-0.01268755178898573
0.7535692453384399,0.45109158754348755,-2.847068572009448e-07,0.716367781162262,0.4201925992965698,-0.005869918968528509,0.697297215461731,0.37130993604660034,-0.009350115433335304,0.7150738835334778,0.33179619908332825,-0.016050413250923157,0.7427724003791809,0.3171215355396271,-0.021743061020970345,0.7167683243751526,0.3318827152252197,0.004713482689112425,0.7172054648399353,0.29886913299560547,-0.01296174619346857,0.7205511331558228,0.3309926688671112,-0.024833429604768753,0.72374427318573,0.3598095774650574,-0.02956010214984417,0.740459680557251,0.3254610002040863,0.0003272111644037068,0.741270124912262,0.2807427942752838,-0.016873974353075027,0.7424630522727966,0.3241935074329376,-0.02227477729320526,0.744208574295044,0.3583822250366211,-0.0204919520765543,0.7645384073257446,0.3255099058151245,-0.007036187220364809,0.7639601230621338,0.2842557430267334,-0.02345467172563076,0.7608436942100525,0.3255653381347656,-0.020904788747429848,0.7606094479560852,0.35971546173095703,-0.013064645230770111,0.7883433699607849,0.3324510455131531,-0.015276987105607986,0.7882100343704224,0.2895520031452179,-0.023075483739376068,0.7826581001281738,0.3091620206832886,-0.017853880301117897,0.7793115973472595,0.33291783928871155,-0.010792502202093601
0.725296676158905,0.42870858311653137,-2.6209329462290043e-07,0.6906471252441406,0.40678226947784424,-0.00791315920650959,0.6713637709617615,0.3634599447250366,-0.012235931120812893,0.6831675171852112,0.3246261477470398,-0.01909429207444191,0.7043111324310303,0.3049255609512329,-0.024470791220664978,0.6854618191719055,0.32280203700065613,0.00444999523460865,0.6847805380821228,0.29268771409988403,-0.012956268154084682,0.6901788711547852,0.32341641187667847,-0.02418573573231697,0.6943991184234619,0.3477015197277069,-0.028503142297267914,0.7056998610496521,0.31662219762802124,0.0010493263835087419,0.7049376964569092,0.2761809825897217,-0.015585346147418022,0.7094982862472534,0.3161752223968506,-0.02043023705482483,0.7128616571426392,0.342958927154541,-0.018449176102876663,0.7271121740341187,0.3158467411994934,-0.005508828442543745,0.7271296381950378,0.27691465616226196,-0.022294800728559494,0.7273305058479309,0.3186875879764557,-0.018667198717594147,0.7278785705566406,0.34850236773490906,-0.010047061368823051,0.7491438984870911,0.32121390104293823,-0.01310295145958662,0.7490431070327759,0.28222885727882385,-0.021393777802586555,0.7456667423248291,0.3042445182800293,-0.015657145529985428,0.7431915402412415,0.32621580362319946,-0.00802892167121172
0.6992259621620178,0.4221137762069702,-2.4111460561471176e-07,0.6670921444892883,0.4042845368385315,-0.00927622988820076,0.6494406461715698,0.36131611466407776,-0.01345575787127018,0.6638810038566589,0.3239569067955017,-0.01928301900625229,0.6855913400650024,0.3078479766845703,-0.023367905989289284,0.660239040851593,0.32568633556365967,0.0005138543783687055,0.6614472270011902,0.2934025526046753,-0.01573675498366356,0.6666128039360046,0.32375919818878174,-0.02518295682966709,0.6696731448173523,0.34506434202194214,-0.028668753802776337,0.6803079843521118,0.3190993666648865,-0.001627177931368351,0.6826615333557129,0.2792205214500427,-0.01769169420003891,0.6864348649978638,0.3196392357349396,-0.02097775600850582,0.6876693367958069,0.3434982895851135,-0.018055375665426254,0.7004522085189819,0.31777408719062805,-0.006794345565140247,0.70366370677948,0.28215518593788147,-0.02232704497873783,0.7031669020652771,0.32227274775505066,-0.018030235543847084,0.701858639717102,0.34820225834846497,-0.009459543973207474,0.7204993963241577,0.3221610188484192,-0.013121191412210464,0.7223606705665588,0.28663504123687744,-0.020504621788859367,0.7196178436279297,0.30780160427093506,-0.014769968576729298,0.7168591022491455,0.32667919993400574,-0.007512265350669622
0.6809966564178467,0.4260500371456146,-2.353562535972742e-07,0.6514663696289062,0.4084475636482239,-0.007801253814250231,0.6349825859069824,0.3741961121559143,-0.012114973738789558,0.6423558592796326,0.33959731459617615,-0.018304450437426567,0.6565920114517212,0.31688952445983887,-0.022845612838864326,0.6436125040054321,0.33737432956695557,0.003957561682909727,0.6424160599708557,0.3095618188381195,-0.01183603797107935,0.6482013463973999,0.3362710773944855,-0.021971765905618668,0.6521580219268799,0.3579229712486267,-0.02564718760550022,0.6609066128730774,0.3315739035606384,0.0017096304800361395,0.6604869961738586,0.29717132449150085,-0.013422656804323196,0.6648451089859009,0.33349916338920593,-0.018200062215328217,0.6671421527862549,0.35678914189338684,-0.01657317392528057,0.6790345311164856,0.33015480637550354,-0.0033927359618246555,0.6791428923606873,0.2981945276260376,-0.01832326129078865,0.6795774102210999,0.33423498272895813,-0.01533765159547329,0.6798002123832703,0.35887324810028076,-0.007825368084013462,0.6975823044776917,0.3340892195701599,-0.009407183155417442,0.6977288722991943,0.30241262912750244,-0.016638601198792458,0.6951782703399658,0.32168054580688477,-0.011575049720704556,0.692509114742279,0.3397010266780853,-0.00472692446783185
0.6760208010673523,0.4283145070075989,-2.390361260040663e-07,0.6464832425117493,0.41327935457229614,-0.006578173954039812,0.6268492341041565,0.37860211730003357,-0.009659557603299618,0.6333199143409729,0.346068412065506,-0.015194179490208626,0.6512783765792847,0.32876282930374146,-0.01934134215116501,0.6383554935455322,0.3424915373325348,0.005568486172705889,0.635482907295227,0.31824976205825806,-0.008698885329067707,0.6386178135871887,0.34436696767807007,-0.017570581287145615,0.6431958079338074,0.36447805166244507,-0.020699070766568184,0.6554847359657288,0.33604392409324646,0.0029419695492833853,0.6516091227531433,0.3040574789047241,-0.011495321989059448,0.6543663740158081,0.339412122964859,-0.015080462209880352,0.6595224142074585,0.36259976029396057,-0.012558985501527786,0.6739269495010376,0.3339683413505554,-0.0026024379767477512,0.6698950529098511,0.30125707387924194,-0.017204593867063522,0.6695539355278015,0.33682623505592346,-0.01456090435385704,0.6731470227241516,0.36330631375312805,-0.007019958924502134,0.6935554146766663,0.33645349740982056,-0.009041937999427319,0.6910317540168762,0.3023543655872345,-0.016031179577112198,0.6863502860069275,0.3186524212360382,-0.012056398205459118,0.685174286365509,0.3374023139476776,-0.0060541690327227116
0.6789912581443787,0.4283352494239807,-2.538088779147074e-07,0.6500318050384521,0.4119698107242584,-0.005431739147752523,0.6297132968902588,0.3775748014450073,-0.00811381358653307,0.6337342858314514,0.34531494975090027,-0.013646325096487999,0.6523491740226746,0.32874852418899536,-0.017792368307709694,0.6425185203552246,0.3408709764480591,0.007007106672972441,0.6361613273620605,0.3179355263710022,-0.006486186292022467,0.6391120553016663,0.34419581294059753,-0.015223683789372444,0.6450479626655579,0.3641499876976013,-0.018414370715618134,0.6591061353683472,0.33462458848953247,0.004047543276101351,0.651832103729248,0.30399811267852783,-0.010200594551861286,0.6537045240402222,0.33885878324508667,-0.014121798798441887,0.6604178547859192,0.3628123700618744,-0.01182236522436142,0.6772044897079468,0.332587331533432,-0.0017054068157449365,0.6700436472892761,0.3002123236656189,-0.015643496066331863,0.6683242321014404,0.3344689607620239,-0.013549933210015297,0.6731830835342407,0.36217930912971497,-0.006459641736000776,0.696572482585907,0.33474114537239075,-0.008338681422173977,0.6926993727684021,0.30034470558166504,-0.01468349527567625,0.6855809092521667,0.31435132026672363,-0.011291083879768848,0.6835362911224365,0.33381524682044983,-0.00585213303565979
0.6876555681228638,0.4233066737651825,-2.3183315533970017e-07,0.6582528352737427,0.40464451909065247,-0.006026427261531353,0.6420915126800537,0.36683130264282227,-0.00872008316218853,0.6517068147659302,0.3333975076675415,-0.013788845390081406,0.671308159828186,0.3184402883052826,-0.0174116101115942,0.6541774868965149,0.33742716908454895,0.00634433887898922,0.6532584428787231,0.30944758653640747,-0.007005214225500822,0.6555364727973938,0.33463767170906067,-0.01555323414504528,0.6578317284584045,0.3552462160587311,-0.01859891042113304,0.6718964576721191,0.3330564498901367,0.003845339873805642,0.6705192923545837,0.2977456748485565,-0.009636935777962208,0.672046422958374,0.33179551362991333,-0.013489901088178158,0.6746620535850525,0.35612010955810547,-0.011420737951993942,0.6900567412376404,0.33314013481140137,-0.0014061216497793794,0.6893839240074158,0.2979443073272705,-0.01464168168604374,0.6871282458305359,0.33119913935661316,-0.012188080698251724,0.6876935362815857,0.3582371473312378,-0.005228406749665737,0.7090336084365845,0.33776628971099854,-0.007549149449914694,0.7090329527854919,0.30356693267822266,-0.013502263464033604,0.7040225267410278,0.31629061698913574,-0.009587929584085941,0.7007302641868591,0.3335261046886444,-0.003975421190261841
0.6959611773490906,0.41767898201942444,-1.973329375459798e-07,0.6699087023735046,0.39715155959129333,-0.012589819729328156,0.6572045087814331,0.3585623800754547,-0.019023554399609566,0.6738292574882507,0.32818976044654846,-0.025959940627217293,0.6987218856811523,0.32206660509109497,-0.030826061964035034,0.667238712310791,0.32444268465042114,-0.0050559076480567455,0.6752603054046631,0.2987765371799469,-0.020926032215356827,0.6776332855224609,0.32832157611846924,-0.030498774722218513,0.6760560870170593,0.3498172461986542,-0.03436540812253952,0.687030017375946,0.3215164542198181,-0.005209796596318483,0.695584774017334,0.2884080410003662,-0.020405694842338562,0.6959623098373413,0.3256547451019287,-0.023956436663866043,0.6928671002388,0.3501063287258148,-0.021830584853887558,0.7055575251579285,0.3236194849014282,-0.008250980637967587,0.7129892110824585,0.2949541509151459,-0.023236067965626717,0.7106417417526245,0.32918450236320496,-0.021118951961398125,0.7060509920120239,0.3542231023311615,-0.014281755313277245,0.7226518988609314,0.3311602771282196,-0.012570724822580814,0.7279416918754578,0.29946136474609375,-0.020158343017101288,0.7261209487915039,0.3142465054988861,-0.016351737082004547,0.7220563888549805,0.33184555172920227,-0.01055179163813591
0.6981409192085266,0.41565537452697754,-1.7991345657719648e-07,0.6755172610282898,0.39384230971336365,-0.015071071684360504,0.6670227646827698,0.35371047258377075,-0.022032329812645912,0.6860183477401733,0.32548657059669495,-0.028581896796822548,0.7100131511688232,0.31823086738586426,-0.03247334808111191,0.6701618432998657,0.3201504051685333,-0.0072088162414729595,0.6848553419113159,0.2945953607559204,-0.022936319932341576,0.684779703617096,0.32421818375587463,-0.03138887882232666,0.6805636286735535,0.3424654006958008,-0.034708794206380844,0.6906963586807251,0.31877729296684265,-0.005910630337893963,0.7039124965667725,0.28589296340942383,-0.021687263622879982,0.7018831968307495,0.32314687967300415,-0.0248805433511734,0.6964952349662781,0.3431156277656555,-0.022518547251820564,0.709417998790741,0.32235264778137207,-0.007615895476192236,0.7203841209411621,0.29567933082580566,-0.023493463173508644,0.7167386412620544,0.33009105920791626,-0.021320493891835213,0.7101802825927734,0.35174763202667236,-0.01438318844884634,0.7259163856506348,0.33114099502563477,-0.01068965159356594,0.7343139052391052,0.3017938733100891,-0.019001850858330727,0.7334451079368591,0.31527039408683777,-0.01572389528155327,0.7287348508834839,0.3287801146507263,-0.010270105674862862
0.6952927708625793,0.42528194189071655,-7.49864526028432e-08,0.6810454726219177,0.39327311515808105,-0.019500959664583206,0.677730143070221,0.3502947688102722,-0.0232197605073452,0.6918888688087463,0.31702303886413574,-0.024060873314738274,0.7022099494934082,0.3046489357948303,-0.02106029912829399,0.6540442705154419,0.3274560272693634,1.4742540770384949e-05,0.6842588782310486,0.29466578364372253,-0.013240473344922066,0.6945781111717224,0.31952860951423645,-0.021329643204808235,0.6914856433868408,0.3404253125190735,-0.02391938678920269,0.6688370704650879,0.3251113295555115,0.006609354168176651,0.6951704025268555,0.29232707619667053,-0.0058521972969174385,0.7037178874015808,0.3201913833618164,-0.009780330583453178,0.6987535953521729,0.3374205231666565,-0.008286990225315094,0.6847721934318542,0.32721179723739624,0.009188846684992313,0.705854594707489,0.3016272783279419,-0.004683245904743671,0.7132433652877808,0.3278694748878479,-0.005339498165994883,0.7072536945343018,0.34186026453971863,-0.0008322791545651853,0.7003082633018494,0.33547917008399963,0.010184288956224918,0.7151734232902527,0.313766747713089,0.0025488892570137978,0.7190475463867188,0.33141082525253296,0.0040167151018977165,0.7122955322265625,0.3443068861961365,0.008047547191381454
0.6954208016395569,0.4227967858314514,-7.088466702498408e-08,0.6871300339698792,0.38443779945373535,-0.007215382065623999,0.6797296404838562,0.3430776000022888,-0.0076754409819841385,0.6874032020568848,0.3114839196205139,-0.008418462239205837,0.696137011051178,0.29925328493118286,-0.0068611144088208675,0.6420195698738098,0.33168235421180725,0.010911925695836544,0.6726486682891846,0.2985667288303375,0.0029115339275449514,0.6899619698524475,0.31521663069725037,-0.004473956301808357,0.6937121748924255,0.3360621929168701,-0.007838240824639797,0.651142954826355,0.327732115983963,0.01112623792141676,0.6794989109039307,0.29154083132743835,0.00309371086768806,0.6970893740653992,0.3115486800670624,-0.0018061406444758177,0.7016050815582275,0.3333060145378113,-0.0018873572116717696,0.6654761433601379,0.3270983397960663,0.008836331777274609,0.6892409324645996,0.29446959495544434,-0.0016864427598193288,0.705977737903595,0.3169209659099579,-0.0034632242750376463,0.7097029089927673,0.33757758140563965,-0.0001332117972197011,0.6825348138809204,0.3318837285041809,0.005945174023509026,0.6960196495056152,0.3026006519794464,-0.0010281825670972466,0.7075566053390503,0.31728872656822205,0.0005811563460156322,0.7110435366630554,0.334737092256546,0.004837501794099808
0.6985375285148621,0.4177728295326233,-7.460538853365506e-08,0.6872551441192627,0.38017362356185913,-0.0021156189031898975,0.6747567057609558,0.34355592727661133,0.0019964538514614105,0.6749958992004395,0.3141460418701172,0.005013878922909498,0.6763604283332825,0.29982876777648926,0.010057235136628151,0.6339092254638672,0.3463786840438843,0.022884603589773178,0.6583069562911987,0.3055821657180786,0.019954461604356766,0.6750575304031372,0.31485098600387573,0.015249344520270824,0.6787705421447754,0.3343341648578644,0.013323737308382988,0.6414020657539368,0.3414582312107086,0.022558415308594704,0.6665964722633362,0.3002506494522095,0.01883045956492424,0.6850272417068481,0.3140324056148529,0.014323766343295574,0.6898831725120544,0.33420640230178833,0.0139380544424057,0.6534163951873779,0.33729827404022217,0.019725395366549492,0.6760640740394592,0.2996533513069153,0.011286000721156597,0.6953766345977783,0.3167355954647064,0.0076135871931910515,0.7003986239433289,0.33590519428253174,0.009253972209990025,0.6681686639785767,0.3356579542160034,0.016878865659236908,0.6820563077926636,0.30326780676841736,0.01010428462177515,0.6965512633323669,0.31542930006980896,0.00986424833536148,0.7019850015640259,0.331917405128479,0.012753786519169807
0.7029373645782471,0.41498562693595886,-8.523497996293372e-08,0.685863196849823,0.38254401087760925,-0.007811962626874447,0.6682649254798889,0.3478914201259613,-0.004300274886190891,0.6651616096496582,0.31892484426498413,-0.000796448381152004,0.6675329208374023,0.3069058954715729,0.005150198470801115,0.6311036348342896,0.36021462082862854,0.020418081432580948,0.6482312083244324,0.3160994052886963,0.01602707989513874,0.664454460144043,0.32273009419441223,0.010780208744108677,0.6701748371124268,0.3401155471801758,0.009060963988304138,0.6409759521484375,0.3540381193161011,0.022858772426843643,0.6578210592269897,0.3110836148262024,0.016469893977046013,0.6752907037734985,0.3230890929698944,0.01076715812087059,0.6815662384033203,0.3421019911766052,0.010609469376504421,0.6531744003295898,0.34712114930152893,0.02204653061926365,0.6681805849075317,0.3100777268409729,0.011018771678209305,0.6874608397483826,0.3238682448863983,0.005390971899032593,0.6944244503974915,0.3410261869430542,0.006959529127925634,0.6666886806488037,0.34102416038513184,0.02077910304069519,0.6720302700996399,0.30779269337654114,0.012764227576553822,0.6856973767280579,0.3146728277206421,0.011204041540622711,0.6931337118148804,0.3280443549156189,0.01370822824537754
0.6896217465400696,0.4127555787563324,-1.4091685329731263e-07,0.6592122316360474,0.38894587755203247,-0.005583592224866152,0.645621657371521,0.3488032817840576,-0.0077144852839410305,0.6599288582801819,0.31607842445373535,-0.012088296003639698,0.6831972002983093,0.31086933612823486,-0.015334478579461575,0.6592423319816589,0.3317488729953766,0.008827803656458855,0.6608153581619263,0.30327197909355164,-0.0024904590100049973,0.6626065373420715,0.3215825855731964,-0.0117767583578825,0.6625857949256897,0.3413359522819519,-0.01590772345662117,0.6772403120994568,0.3290693759918213,0.00686413561925292,0.6792401075363159,0.29579097032546997,-0.005283961072564125,0.680223822593689,0.32228729128837585,-0.011901051737368107,0.6802261471748352,0.3474721312522888,-0.012296583503484726,0.6950984597206116,0.3305322229862213,0.0023971551563590765,0.6979252696037292,0.29667189717292786,-0.00873140525072813,0.695692241191864,0.3237265646457672,-0.009205259382724762,0.6929149627685547,0.35224175453186035,-0.004791629500687122,0.7126229405403137,0.33680427074432373,-0.0029966228175908327,0.715844988822937,0.3070794641971588,-0.007927234284579754,0.7127851843833923,0.313968688249588,-0.005958621855825186,0.708039402961731,0.32838910818099976,-0.0021299654617905617
0.6848779916763306,0.41286343336105347,-1.9573222687085945e-07,0.6565112471580505,0.392158567905426,-0.005152990575879812,0.6428710222244263,0.3531191945075989,-0.006767279002815485,0.654951810836792,0.32041794061660767,-0.010811400599777699,0.6780688166618347,0.3104884922504425,-0.013757813721895218,0.6603177785873413,0.3318502902984619,0.009533709846436977,0.6592904925346375,0.30696672201156616,-0.0017139023402705789,0.6597803831100464,0.32719507813453674,-0.009991983883082867,0.6611796617507935,0.34530001878738403,-0.013391929678618908,0.6783570051193237,0.32920435070991516,0.007442277390509844,0.6779028177261353,0.29777365922927856,-0.004672196693718433,0.6761932373046875,0.3267989754676819,-0.009638210758566856,0.676569938659668,0.35078752040863037,-0.008619855158030987,0.6963271498680115,0.33097919821739197,0.0027063360903412104,0.6963614225387573,0.29820096492767334,-0.00959393847733736,0.6912605166435242,0.327320396900177,-0.008784258738160133,0.689222514629364,0.35486891865730286,-0.003069062950089574,0.7148470878601074,0.3372580111026764,-0.002808976685628295,0.7168217301368713,0.30655503273010254,-0.008929579518735409,0.710889458656311,0.31612613797187805,-0.006521101575344801,0.705512285232544,0.332289457321167,-0.0020373829174786806
0.6825782656669617,0.4181305170059204,-2.6347683501626307e-07,0.6573165059089661,0.39226627349853516,-0.005267944186925888,0.6446058750152588,0.3519238829612732,-0.007782918866723776,0.6540011167526245,0.32123908400535583,-0.013447487726807594,0.6755658984184265,0.3109622299671173,-0.017927398905158043,0.6669697761535645,0.3214397132396698,0.009911203756928444,0.6649389863014221,0.29856809973716736,-0.0032555607613176107,0.6620251536369324,0.3234142065048218,-0.012836849316954613,0.6629529595375061,0.34690260887145996,-0.01647457294166088,0.6841511726379395,0.32047659158706665,0.006827629171311855,0.6826661825180054,0.28965428471565247,-0.007468204479664564,0.6766619682312012,0.32261255383491516,-0.013002586551010609,0.6771900057792664,0.35151252150535583,-0.011486217379570007,0.7017542719841003,0.3240967094898224,0.0009024858009070158,0.699712336063385,0.2919695973396301,-0.013277889229357243,0.6911553740501404,0.32347649335861206,-0.012668435461819172,0.6901148557662964,0.3542962372303009,-0.006149974651634693,0.7198848128318787,0.3321843147277832,-0.005849264562129974,0.7218585014343262,0.2968369722366333,-0.0125039741396904,0.7124574184417725,0.30677467584609985,-0.009367965161800385,0.7063113451004028,0.32609421014785767,-0.003776782425120473
0.6912124752998352,0.4160298705101013,-2.469772653057589e-07,0.6644627451896667,0.3903248906135559,-0.005187610629945993,0.6511288285255432,0.3490893840789795,-0.00734070735052228,0.6618137955665588,0.31768321990966797,-0.012601618655025959,0.6841704249382019,0.30795955657958984,-0.016582807525992393,0.673986554145813,0.3196088671684265,0.009668052196502686,0.6733629107475281,0.293675035238266,-0.002787999575957656,0.6698723435401917,0.31789734959602356,-0.011731288395822048,0.6704230904579163,0.3390307128429413,-0.015150371007621288,0.691378653049469,0.31799569725990295,0.006801154464483261,0.6916941404342651,0.285207599401474,-0.00650837691500783,0.6869375705718994,0.31653091311454773,-0.011453959159553051,0.6875594258308411,0.3434406816959381,-0.009803665801882744,0.7091059684753418,0.32057222723960876,0.0011602765880525112,0.7083337306976318,0.2869678735733032,-0.011562522500753403,0.700475811958313,0.3173764646053314,-0.010456698946654797,0.6988121867179871,0.3472176790237427,-0.004055344499647617,0.7274388074874878,0.32776784896850586,-0.0054188258945941925,0.729820191860199,0.29192957282066345,-0.011064438149333,0.7202370762825012,0.3027256727218628,-0.007729097735136747,0.7131137251853943,0.323371946811676,-0.002271322999149561
0.7803787589073181,0.40184780955314636,-2.2384088538274227e-07,0.7461310029029846,0.36315709352493286,-0.008889355696737766,0.7351568341255188,0.31000271439552307,-0.014071419835090637,0.7671536803245544,0.2807590365409851,-0.02179981954395771,0.8053240180015564,0.2801817059516907,-0.02820778451859951,0.7592498064041138,0.28778940439224243,0.0038104080595076084,0.7676839232444763,0.24819301068782806,-0.014461004175245762,0.7631158232688904,0.27582693099975586,-0.027719518169760704,0.7589576244354248,0.30001595616340637,-0.03411528840661049,0.7843669056892395,0.28768837451934814,0.0005033070920035243,0.794525682926178,0.23986554145812988,-0.017821690067648888,0.7872536182403564,0.27532467246055603,-0.026059772819280624,0.783201277256012,0.3031426668167114,-0.026338202878832817,0.8080289363861084,0.2924506366252899,-0.0061025763861835,0.8202231526374817,0.2447909712791443,-0.022107796743512154,0.8088436722755432,0.2790820300579071,-0.02075691521167755,0.8010158538818359,0.3093225955963135,-0.013755627907812595,0.8302114605903625,0.30408725142478943,-0.014046469703316689,0.8364131450653076,0.2625702917575836,-0.021778922528028488,0.8294848799705505,0.278749942779541,-0.01752031035721302,0.8251828551292419,0.2983506917953491,-0.011248691938817501
0.8789945840835571,0.4768911600112915,-5.132031901666778e-07,0.8290766477584839,0.4331749379634857,-0.013309430330991745,0.8188791275024414,0.3433491587638855,-0.016042575240135193,0.8560383915901184,0.2931239902973175,-0.021946905180811882,0.9060338139533997,0.2849986255168915,-0.02426798641681671,0.8669641017913818,0.2809542119503021,0.013784061186015606,0.8724085688591003,0.24846991896629333,-0.01085724402219057,0.8730941414833069,0.2993684709072113,-0.027558520436286926,0.8691936731338501,0.33679792284965515,-0.034276559948921204,0.908916175365448,0.2865302860736847,0.010351608507335186,0.9152504801750183,0.23979291319847107,-0.015869466587901115,0.9063473343849182,0.3078082501888275,-0.026612071320414543,0.8970810770988464,0.3510919213294983,-0.02487717941403389,0.9445459842681885,0.3021496534347534,0.001748877577483654,0.9578558802604675,0.249688982963562,-0.028971746563911438,0.9417493343353271,0.31435123085975647,-0.026789532974362373,0.9291921257972717,0.36672091484069824,-0.01330702006816864,0.9792764186859131,0.3304062485694885,-0.008123883977532387,0.9937387704849243,0.27639830112457275,-0.027595866471529007,0.9875285625457764,0.29799339175224304,-0.022822363302111626,0.9812531471252441,0.32347333431243896,-0.011561793275177479
0.8091698288917542,0.5429319143295288,-5.687713269253436e-07,0.7383729219436646,0.4556049108505249,-0.010623512789607048,0.7112622261047363,0.3431665003299713,-0.015759145841002464,0.7562205791473389,0.27909553050994873,-0.02898305654525757,0.8183425664901733,0.268236368894577,-0.039532214403152466,0.772161066532135,0.2908572554588318,0.02205621264874935,0.7770327925682068,0.20999908447265625,-0.014422094449400902,0.7685568332672119,0.2792043685913086,-0.039367858320474625,0.7692575454711914,0.3321310877799988,-0.049518976360559464,0.8198737502098083,0.29028722643852234,0.012254497036337852,0.829440712928772,0.1992117315530777,-0.024651892483234406,0.8150215148925781,0.28250017762184143,-0.039495013654232025,0.8147947788238525,0.34165552258491516,-0.03765207901597023,0.8675611019134521,0.298515260219574,-0.00455489894375205,0.8740361928939819,0.2095673680305481,-0.03849826008081436,0.8527344465255737,0.28753429651260376,-0.035288650542497635,0.8462497591972351,0.35227441787719727,-0.01983064040541649,0.9136645197868347,0.31859245896339417,-0.023456931114196777,0.9191140532493591,0.2294950783252716,-0.040057022124528885,0.9007623195648193,0.26826363801956177,-0.030268682166934013,0.8919691443443298,0.3175763785839081,-0.01541946455836296
0.6345904469490051,0.5307541489601135,-7.210925900835718e-07,0.5425297021865845,0.44020509719848633,-0.012501543387770653,0.4927360415458679,0.3138197362422943,-0.0173474233597517,0.5270374417304993,0.2167225480079651,-0.03227315843105316,0.5976173281669617,0.18653614819049835,-0.04448910057544708,0.5611770749092102,0.21681217849254608,0.03457843139767647,0.5527336597442627,0.13654962182044983,-0.002919768914580345,0.5480983257293701,0.20578256249427795,-0.03312019258737564,0.5543898940086365,0.26854318380355835,-0.047445785254240036,0.6199415922164917,0.20238640904426575,0.022993281483650208,0.6175476908683777,0.10368046164512634,-0.018383333459496498,0.6036062240600586,0.20427817106246948,-0.037678249180316925,0.6057989597320557,0.29383423924446106,-0.03626549243927002,0.6795864701271057,0.20484605431556702,0.0031422681640833616,0.6745531558990479,0.107564777135849,-0.035647064447402954,0.6532766819000244,0.2004319429397583,-0.03528010845184326,0.6502718925476074,0.29512259364128113,-0.01908019185066223,0.7393337488174438,0.2256878912448883,-0.01956883631646633,0.7411608695983887,0.12928251922130585,-0.03994908928871155,0.7185770869255066,0.16846425831317902,-0.03227624669671059,0.7066518068313599,0.23123741149902344,-0.01739567331969738
0.5088507533073425,0.5747781991958618,-9.231724220626347e-07,0.4110735058784485,0.47251731157302856,-0.02426079288125038,0.35367175936698914,0.30942800641059875,-0.03842023015022278,0.38301053643226624,0.1962357759475708,-0.06380258500576019,0.4658639132976532,0.14782363176345825,-0.0843229666352272,0.42114514112472534,0.19128090143203735,0.029292752966284752,0.4035804867744446,0.1048450917005539,-0.02890823967754841,0.41203808784484863,0.20772914588451385,-0.07091779261827469,0.4314512610435486,0.2991756498813629,-0.08800598978996277,0.490107923746109,0.18229171633720398,0.0163384098559618,0.48494309186935425,0.05595892667770386,-0.04427281394600868,0.4692831337451935,0.18846842646598816,-0.06702195852994919,0.47441422939300537,0.30231285095214844,-0.06148456782102585,0.560302197933197,0.19440069794654846,-0.008254261687397957,0.5539708733558655,0.061125874519348145,-0.06671680510044098,0.5258572101593018,0.1932697892189026,-0.06353910267353058,0.5254059433937073,0.31699448823928833,-0.03690289333462715,0.6313191652297974,0.22511862218379974,-0.03665017709136009,0.6324329972267151,0.09363318979740143,-0.06565961986780167,0.5998486280441284,0.14321482181549072,-0.05415114387869835,0.5837736129760742,0.22444377839565277,-0.032166652381420135
0.5515825152397156,0.7055116891860962,-1.1132345889564021e-06,0.4413761496543884,0.5991024971008301,-0.03135887160897255,0.3681354820728302,0.4193924069404602,-0.04870963469147682,0.39978647232055664,0.2824578285217285,-0.07688816636800766,0.5010673999786377,0.24865105748176575,-0.098951555788517,0.44066259264945984,0.2655326724052429,0.025154830887913704,0.42158961296081543,0.16115936636924744,-0.04388020932674408,0.4281325340270996,0.27812984585762024,-0.0899929404258728,0.4502202868461609,0.3649921715259552,-0.10935331881046295,0.5204352140426636,0.25344207882881165,0.011781069450080395,0.5125658512115479,0.11528588831424713,-0.058264557272195816,0.4970918297767639,0.2766355276107788,-0.0766107365489006,0.5065521597862244,0.3867810368537903,-0.06575823575258255,0.6000804305076599,0.26872333884239197,-0.015767423436045647,0.5906285643577576,0.13498063385486603,-0.08321644365787506,0.5609706044197083,0.29331472516059875,-0.07248488813638687,0.561931848526001,0.41386836767196655,-0.03850472345948219,0.6814772486686707,0.3078404664993286,-0.04808283969759941,0.6806858777999878,0.16907353699207306,-0.08035324513912201,0.6421669721603394,0.24586373567581177,-0.06401901692152023,0.6242241263389587,0.33461686968803406,-0.03789079934358597
0.5512401461601257,0.8043453097343445,-1.0936668104477576e-06,0.4242425262928009,0.6775854229927063,-0.04000630974769592,0.34380432963371277,0.49120891094207764,-0.06318417191505432,0.3851988911628723,0.35630863904953003,-0.09580028802156448,0.4958432912826538,0.33428114652633667,-0.12156671285629272,0.4288206994533539,0.3199447691440582,0.012306973338127136,0.41316232085227966,0.23047685623168945,-0.06222017854452133,0.4113481640815735,0.3640212416648865,-0.1104867234826088,0.4264812767505646,0.44877681136131287,-0.13136450946331024,0.5161940455436707,0.3134579062461853,-0.00025407117209397256,0.5073150396347046,0.1772618293762207,-0.0776120200753212,0.48434630036354065,0.35283365845680237,-0.09578251838684082,0.49176090955734253,0.4664914608001709,-0.08354544639587402,0.6033992767333984,0.33415237069129944,-0.027723534032702446,0.595964789390564,0.1975071132183075,-0.10355903208255768,0.5594518184661865,0.3682706356048584,-0.09197631478309631,0.5581663250923157,0.49527508020401,-0.05529027059674263,0.6902264356613159,0.38048309087753296,-0.060393545776605606,0.6950104832649231,0.2342240959405899,-0.09680278599262238,0.6525744199752808,0.31583645939826965,-0.07822214066982269,0.6329590082168579,0.40904343128204346,-0.049117837101221085
0.530662477016449,0.7194386124610901,-9.285528790314856e-07,0.4245312809944153,0.6308470964431763,-0.02573186531662941,0.3527296483516693,0.484102725982666,-0.04340726137161255,0.36740627884864807,0.3599858283996582,-0.06803394109010696,0.44939208030700684,0.3390350937843323,-0.08576938509941101,0.4117605686187744,0.34168604016304016,0.011812545359134674,0.3876423239707947,0.2557479739189148,-0.04700274020433426,0.38691794872283936,0.36698371171951294,-0.0775528997182846,0.40769141912460327,0.42616593837738037,-0.08968072384595871,0.4801555573940277,0.34058231115341187,-0.0028500016778707504,0.4652252793312073,0.23706117272377014,-0.06580785661935806,0.4488160014152527,0.38606923818588257,-0.07200153172016144,0.4654773473739624,0.44791051745414734,-0.055770955979824066,0.548882782459259,0.364008367061615,-0.02912280336022377,0.5331058502197266,0.28017449378967285,-0.08830675482749939,0.5077569484710693,0.42263174057006836,-0.06560753285884857,0.5200304985046387,0.47957050800323486,-0.029201684519648552,0.6191365122795105,0.4076760411262512,-0.05933324620127678,0.5989373922348022,0.3232121467590332,-0.08284709602594376,0.5692011117935181,0.4109852612018585,-0.057705819606781006,0.5725905299186707,0.45845094323158264,-0.02882644534111023
0.4622838795185089,0.6675705909729004,-8.603319656685926e-07,0.36239922046661377,0.604996919631958,-0.022862840443849564,0.2913341224193573,0.4698271155357361,-0.031176842749118805,0.3090236186981201,0.348348468542099,-0.0447494201362133,0.3847292959690094,0.3225811719894409,-0.05156135931611061,0.3462395966053009,0.3584674596786499,0.018436281010508537,0.31174004077911377,0.28370755910873413,-0.030683912336826324,0.319227010011673,0.3913261890411377,-0.05197061598300934,0.3460404872894287,0.42628228664398193,-0.059214867651462555,0.40699484944343567,0.3437690734863281,0.007420333568006754,0.3789026141166687,0.25311511754989624,-0.04638337343931198,0.37648287415504456,0.39204731583595276,-0.045908425003290176,0.40320485830307007,0.4270327389240265,-0.026242228224873543,0.46953582763671875,0.3528175950050354,-0.014973332174122334,0.442388117313385,0.28061437606811523,-0.06870493292808533,0.4309954047203064,0.41498252749443054,-0.04396549239754677,0.4517234265804291,0.44751471281051636,-0.007812288124114275,0.5378113389015198,0.38101813197135925,-0.04089577868580818,0.5050237774848938,0.31634145975112915,-0.06471958011388779,0.48879390954971313,0.4034336805343628,-0.041792821139097214,0.5032563805580139,0.4352646470069885,-0.014810259453952312
0.3170320391654968,0.612220048904419,-8.642555826554599e-07,0.23464925587177277,0.5619866847991943,-0.02752096578478813,0.1578657627105713,0.4546956419944763,-0.04331323504447937,0.1585240662097931,0.3454059362411499,-0.06249594688415527,0.23333197832107544,0.30389097332954407,-0.07366297394037247,0.2191988229751587,0.3165108859539032,0.004509658552706242,0.1699821650981903,0.27160924673080444,-0.05307967588305473,0.18601909279823303,0.3817504346370697,-0.07966510206460953,0.21348367631435394,0.40756848454475403,-0.09009254723787308,0.2817082107067108,0.3090444505214691,-0.00571479182690382,0.23165208101272583,0.25610971450805664,-0.06766879558563232,0.24001581966876984,0.3973027467727661,-0.06937112659215927,0.2713514268398285,0.41937533020973206,-0.0516945980489254,0.3443773686885834,0.32069748640060425,-0.027531437575817108,0.29909345507621765,0.27022218704223633,-0.08901523798704147,0.29979220032691956,0.4103816747665405,-0.06024830415844917,0.32676708698272705,0.43190687894821167,-0.020938895642757416,0.4133649468421936,0.34947776794433594,-0.05296647548675537,0.3686028718948364,0.3022710978984833,-0.08534079045057297,0.3583647608757019,0.39493975043296814,-0.062298838049173355,0.37685346603393555,0.4189542233943939,-0.03379948064684868
0.2799292206764221,0.626312792301178,-8.38851747175795e-07,0.16845202445983887,0.583141028881073,-0.020861174911260605,0.08204108476638794,0.4781273901462555,-0.03290587663650513,0.08417044579982758,0.36605459451675415,-0.05137112736701965,0.15708321332931519,0.33529362082481384,-0.06303928047418594,0.1286434829235077,0.34562748670578003,0.01597643829882145,0.07569386065006256,0.2869246006011963,-0.04002001881599426,0.10348816961050034,0.39343318343162537,-0.06792289763689041,0.13858288526535034,0.4290660619735718,-0.07814842462539673,0.19217458367347717,0.32787010073661804,0.0022406638599932194,0.1425670087337494,0.2597760558128357,-0.05748583748936653,0.16129882633686066,0.3954905867576599,-0.06273417919874191,0.1947851926088333,0.4262644052505493,-0.0466931127011776,0.25660547614097595,0.3321463167667389,-0.022679397836327553,0.21012364327907562,0.26553335785865784,-0.07930547744035721,0.22004711627960205,0.40217846632003784,-0.053695909678936005,0.24889272451400757,0.43632906675338745,-0.01580391265451908,0.3278898596763611,0.3527382016181946,-0.05099429562687874,0.2779906988143921,0.2938871383666992,-0.07561416923999786,0.27286794781684875,0.38540658354759216,-0.05049201473593712,0.2931611239910126,0.42090311646461487,-0.020923960953950882
0.3334757387638092,0.633094072341919,-7.95228856986796e-07,0.23886211216449738,0.5838453769683838,-0.019177915528416634,0.16038349270820618,0.47988077998161316,-0.03240710869431496,0.17346879839897156,0.3852275609970093,-0.051170773804187775,0.24793915450572968,0.38702231645584106,-0.06468120217323303,0.19219937920570374,0.35667967796325684,0.006642252206802368,0.15441671013832092,0.3075317144393921,-0.04327091947197914,0.18048301339149475,0.40416061878204346,-0.06846023350954056,0.20308040082454681,0.4328567087650299,-0.07968674600124359,0.24846339225769043,0.3382802903652191,-0.007301935460418463,0.20915037393569946,0.2795492708683014,-0.05905190110206604,0.23151424527168274,0.39627981185913086,-0.06153183430433273,0.2543487548828125,0.42118480801582336,-0.04799509048461914,0.31004035472869873,0.3391191065311432,-0.03079892136156559,0.2746717929840088,0.2857290208339691,-0.08066132664680481,0.289529412984848,0.4052145779132843,-0.05825943127274513,0.3097561001777649,0.43587037920951843,-0.02701704390347004,0.37630489468574524,0.3569847345352173,-0.05746438354253769,0.3383575677871704,0.3063240051269531,-0.07841527462005615,0.3367677927017212,0.3904073238372803,-0.05532652512192726,0.35198044776916504,0.42181798815727234,-0.030476601794362068
0.3978298008441925,0.6189135313034058,-7.07646563569142e-07,0.31908702850341797,0.5754405856132507,-0.01489440817385912,0.258675217628479,0.48304054141044617,-0.023598024621605873,0.2728581130504608,0.39994677901268005,-0.03781810402870178,0.3322616517543793,0.39609435200691223,-0.04815591126680374,0.29494255781173706,0.3867148756980896,0.013329469598829746,0.27040791511535645,0.33435332775115967,-0.02959946170449257,0.2821970283985138,0.4141668379306793,-0.05317056551575661,0.2976900339126587,0.4524006247520447,-0.0625830665230751,0.34169042110443115,0.37207311391830444,0.0027010426856577396,0.316751629114151,0.32427647709846497,-0.038096290081739426,0.3271787464618683,0.41972285509109497,-0.042229149490594864,0.3440859317779541,0.446538507938385,-0.032730091363191605,0.3911997675895691,0.37420469522476196,-0.01672181487083435,0.3660210967063904,0.3279860019683838,-0.05725554749369621,0.36915168166160583,0.4254201352596283,-0.04247396066784859,0.3826846182346344,0.4569303095340729,-0.01918330229818821,0.44481462240219116,0.39203470945358276,-0.03862747922539711,0.4165582060813904,0.3453425168991089,-0.056853119283914566,0.4089586138725281,0.41429001092910767,-0.040364302694797516,0.4181109070777893,0.44687438011169434,-0.02128911204636097
0.4166480600833893,0.5922454595565796,-5.424785172181146e-07,0.343691349029541,0.565436601638794,-0.027467017993330956,0.2849591374397278,0.48654311895370483,-0.042088016867637634,0.3032374680042267,0.42134153842926025,-0.05652688071131706,0.3601827323436737,0.41420090198516846,-0.06351169943809509,0.3302009105682373,0.3595336079597473,-0.010468761436641216,0.3022553324699402,0.34221500158309937,-0.05153514817357063,0.31296372413635254,0.4263492524623871,-0.07036073505878448,0.32796797156333923,0.43293431401252747,-0.08044253289699554,0.3764289617538452,0.3594883978366852,-0.015287479385733604,0.3459509611129761,0.33182859420776367,-0.06061511114239693,0.3493151068687439,0.43068739771842957,-0.06174219399690628,0.36691588163375854,0.43048569560050964,-0.050941359251737595,0.4199454188346863,0.37273404002189636,-0.028417618945240974,0.39493051171302795,0.3605421483516693,-0.06893131136894226,0.3917878270149231,0.45424920320510864,-0.0487501323223114,0.4084700644016266,0.45084524154663086,-0.023921439424157143,0.4660632014274597,0.39306750893592834,-0.04542603716254234,0.4380076825618744,0.38364046812057495,-0.06249963864684105,0.4298977255821228,0.4445038139820099,-0.04619361087679863,0.4432545602321625,0.4430977702140808,-0.028608150780200958
0.405331552028656,0.5872122049331665,-5.048783577876748e-07,0.3375604450702667,0.5644859671592712,-0.027771852910518646,0.2810279428958893,0.49710214138031006,-0.04472682997584343,0.29468750953674316,0.4388335943222046,-0.06109946593642235,0.3497301936149597,0.4325178265571594,-0.07048746943473816,0.32423385977745056,0.36641812324523926,-0.013078976422548294,0.2906953692436218,0.3580200672149658,-0.05344413220882416,0.301766574382782,0.43869203329086304,-0.07120542973279953,0.32100754976272583,0.4475886821746826,-0.08076058328151703,0.370675653219223,0.3595878779888153,-0.01830444484949112,0.3320598602294922,0.3491416871547699,-0.06226758658885956,0.33665987849235535,0.44470182061195374,-0.06127903610467911,0.35808777809143066,0.4456886053085327,-0.04956578463315964,0.41369983553886414,0.3726198673248291,-0.032025132328271866,0.37977030873298645,0.3848024010658264,-0.07155568897724152,0.3784869313240051,0.471447616815567,-0.05153335630893707,0.3976290225982666,0.4651629626750946,-0.027745673432946205,0.4585886001586914,0.3973280191421509,-0.04970814660191536,0.42200034856796265,0.40694668889045715,-0.06858375668525696,0.41627347469329834,0.46347296237945557,-0.0547545850276947,0.4321058690547943,0.4608151912689209,-0.03911474719643593
0.3969825506210327,0.5816588401794434,-4.6970384914857277e-07,0.33700308203697205,0.5678852796554565,-0.03470587730407715,0.2842385172843933,0.522721529006958,-0.05825696513056755,0.28930121660232544,0.47709527611732483,-0.07929208874702454,0.3361065089702606,0.45166561007499695,-0.09199648350477219,0.3100106418132782,0.36378026008605957,-0.021161269396543503,0.28020527958869934,0.37473222613334656,-0.06344536691904068,0.29389649629592896,0.45094239711761475,-0.08370047807693481,0.31368932127952576,0.46379491686820984,-0.09413820505142212,0.35580921173095703,0.35139894485473633,-0.023801764473319054,0.32504886388778687,0.3702843487262726,-0.06752447783946991,0.3322078287601471,0.455055832862854,-0.07094531506299973,0.3491836488246918,0.45730701088905334,-0.06312166154384613,0.3998422920703888,0.36271315813064575,-0.034712307155132294,0.37326475977897644,0.40955278277397156,-0.07258975505828857,0.37359124422073364,0.48504066467285156,-0.05612528696656227,0.3865908086299896,0.4763818085193634,-0.03587913513183594,0.4448303282260895,0.3870878219604492,-0.0503995344042778,0.41537609696388245,0.42562374472618103,-0.06790126115083694,0.41204291582107544,0.47612830996513367,-0.05580096319317818,0.42319753766059875,0.46935370564460754,-0.041548147797584534
0.3925425410270691,0.5802471041679382,-3.2158277463167906e-07,0.3389301002025604,0.5782384276390076,-0.04930323734879494,0.28496190905570984,0.5548930764198303,-0.08329280465841293,0.27443966269493103,0.5257200002670288,-0.11056390404701233,0.3209400177001953,0.49458885192871094,-0.1298763006925583,0.29000526666641235,0.3748662769794464,-0.05120145529508591,0.26939257979393005,0.42040103673934937,-0.09427863359451294,0.2892695665359497,0.4791550636291504,-0.11491573601961136,0.3063462972640991,0.4760598838329315,-0.12654945254325867,0.3415771424770355,0.3590801954269409,-0.04593730717897415,0.323229044675827,0.42685240507125854,-0.08617296069860458,0.33365291357040405,0.4948853552341461,-0.09025827050209045,0.34196802973747253,0.48508527874946594,-0.08667847514152527,0.39126741886138916,0.3734964430332184,-0.047776177525520325,0.37865427136421204,0.4653506875038147,-0.08282666653394699,0.3774286210536957,0.5228033661842346,-0.07033602893352509,0.38026899099349976,0.5058154463768005,-0.055750440806150436,0.43739378452301025,0.40231814980506897,-0.05541829764842987,0.42305895686149597,0.4793194830417633,-0.07351265847682953,0.4152369499206543,0.5227479338645935,-0.06604702025651932,0.4139098823070526,0.5151795744895935,-0.05615604296326637
0.40575456619262695,0.5751205682754517,-3.1955684676177043e-07,0.3463340997695923,0.5718153119087219,-0.04870433732867241,0.2903924584388733,0.5480911135673523,-0.08297975361347198,0.2826324999332428,0.5231248736381531,-0.11090788245201111,0.3349331319332123,0.49900156259536743,-0.13099202513694763,0.3007752299308777,0.3659605085849762,-0.0498899407684803,0.27830830216407776,0.41873735189437866,-0.092913918197155,0.2973853349685669,0.47811073064804077,-0.11408071219921112,0.31464067101478577,0.46895813941955566,-0.12647059559822083,0.3522912263870239,0.35355180501937866,-0.04523034393787384,0.33231109380722046,0.42655783891677856,-0.08545954525470734,0.3412025272846222,0.4947798252105713,-0.089006707072258,0.3505205810070038,0.47885942459106445,-0.08483951538801193,0.4010563790798187,0.37092339992523193,-0.04780924692749977,0.3872503340244293,0.4637092053890228,-0.08202271163463593,0.3835705816745758,0.5201923847198486,-0.06872717291116714,0.3876331150531769,0.4989069104194641,-0.05355894938111305,0.4455484449863434,0.4025459885597229,-0.05631597712635994,0.43026143312454224,0.4802089035511017,-0.07372090965509415,0.42244067788124084,0.5207862257957458,-0.06591066718101501,0.42359083890914917,0.5093505382537842,-0.055747371166944504
0.4105103611946106,0.5583314299583435,-3.4094790635208483e-07,0.35107219219207764,0.5540697574615479,-0.045812178403139114,0.2988787591457367,0.5398744344711304,-0.08194238692522049,0.2843910753726959,0.5228277444839478,-0.11212949454784393,0.3315022885799408,0.5001973509788513,-0.13531464338302612,0.29946181178092957,0.3539201617240906,-0.05747564136981964,0.27958983182907104,0.4201210141181946,-0.09897259622812271,0.30087214708328247,0.4769055247306824,-0.11862238496541977,0.31693243980407715,0.46928903460502625,-0.1304183155298233,0.35303908586502075,0.3448876440525055,-0.05490230768918991,0.3312540650367737,0.4387117922306061,-0.09154073148965836,0.3436587154865265,0.4994196593761444,-0.09347120672464371,0.35276877880096436,0.4795210659503937,-0.0901595875620842,0.4043275713920593,0.3661729097366333,-0.05829581245779991,0.38693511486053467,0.47425007820129395,-0.08889356255531311,0.38619697093963623,0.5248320698738098,-0.07314065098762512,0.39230379462242126,0.5050898790359497,-0.05809289962053299,0.44924959540367126,0.4022600054740906,-0.06749413162469864,0.43050050735473633,0.49044111371040344,-0.0842430368065834,0.42186787724494934,0.5285815596580505,-0.07524842023849487,0.4229169487953186,0.5206221342086792,-0.06472849100828171
0.4149787127971649,0.554780125617981,-3.2459078624924587e-07,0.3546124994754791,0.5489190220832825,-0.047487080097198486,0.30184271931648254,0.537418782711029,-0.08550692349672318,0.28491246700286865,0.5243308544158936,-0.11754733324050903,0.3317672610282898,0.5043135285377502,-0.14207081496715546,0.2985669672489166,0.35042130947113037,-0.05904080718755722,0.2773177921772003,0.4197344183921814,-0.10184469074010849,0.29831990599632263,0.47688379883766174,-0.12126479297876358,0.3144250810146332,0.4677717983722687,-0.13296560943126678,0.35269203782081604,0.3414270579814911,-0.0565539225935936,0.32821550965309143,0.4402914047241211,-0.0951600894331932,0.3416619598865509,0.5013014078140259,-0.09649962931871414,0.35185056924819946,0.4790913760662079,-0.09228356182575226,0.4046025574207306,0.36332961916923523,-0.06036602705717087,0.3851396441459656,0.47895926237106323,-0.09236481785774231,0.38524630665779114,0.5289187431335449,-0.07547777891159058,0.3918575942516327,0.5065080523490906,-0.0593084916472435,0.4496675431728363,0.4006011486053467,-0.07024286687374115,0.4292437434196472,0.4944222867488861,-0.08800527453422546,0.4220854938030243,0.5302311778068542,-0.07910829037427902,0.424328088760376,0.5184823870658875,-0.06842974573373795
0.35147392749786377,0.5779203176498413,-3.5180883628527226e-07,0.2825876474380493,0.571948766708374,-0.030757682397961617,0.22090165317058563,0.5496118068695068,-0.05632057040929794,0.19559957087039948,0.5341871380805969,-0.07883406430482864,0.2306157350540161,0.5247628688812256,-0.09588582068681717,0.24027256667613983,0.37349170446395874,-0.032592035830020905,0.19713559746742249,0.4504169821739197,-0.06779295951128006,0.22228991985321045,0.49883127212524414,-0.08818445354700089,0.24146923422813416,0.4806569218635559,-0.10107488930225372,0.285846471786499,0.36392760276794434,-0.03458721190690994,0.2405962198972702,0.46828028559684753,-0.06498632580041885,0.26526588201522827,0.5142894387245178,-0.06759832799434662,0.28056955337524414,0.487125426530838,-0.06587016582489014,0.3310740888118744,0.3821638524532318,-0.0419299490749836,0.2909981608390808,0.48582297563552856,-0.06465395539999008,0.3055759072303772,0.5248805284500122,-0.04980568587779999,0.3182196617126465,0.5013485550880432,-0.03710712492465973,0.3723796308040619,0.41507041454315186,-0.05394836887717247,0.33722659945487976,0.4995298683643341,-0.06504905223846436,0.3470662832260132,0.5231260061264038,-0.05614375323057175,0.36094069480895996,0.5011628270149231,-0.0465753972530365
0.32322052121162415,0.5671462416648865,-4.6948733256613195e-07,0.2394009828567505,0.5637673139572144,-0.026136327534914017,0.17409288883209229,0.546617865562439,-0.05026184767484665,0.13712790608406067,0.5355121493339539,-0.0724736675620079,0.16385361552238464,0.5275434255599976,-0.08831247687339783,0.18229173123836517,0.3672378361225128,-0.031279124319553375,0.13367368280887604,0.4561114013195038,-0.06457404047250748,0.16550739109516144,0.5047937631607056,-0.0791715607047081,0.18834362924098969,0.4913734197616577,-0.0874016210436821,0.227573961019516,0.3602941334247589,-0.037401337176561356,0.1739264726638794,0.4768960177898407,-0.07117417454719543,0.2041863650083542,0.5226709246635437,-0.07250525802373886,0.2243693768978119,0.5017442107200623,-0.06872865557670593,0.2728259563446045,0.38078904151916504,-0.048331502825021744,0.22090263664722443,0.4910813570022583,-0.07854171842336655,0.24416080117225647,0.5317560434341431,-0.06651251763105392,0.2631996273994446,0.509441614151001,-0.05343608930706978,0.31494683027267456,0.4172377288341522,-0.06266502290964127,0.27102187275886536,0.4993782937526703,-0.07991693168878555,0.28487202525138855,0.5270506739616394,-0.0728115364909172,0.3027955889701843,0.5084275007247925,-0.06305798888206482
0.37104731798171997,0.6117059588432312,-4.776861146638112e-07,0.2972225844860077,0.5920152068138123,-0.02095184661448002,0.24101832509040833,0.5560054779052734,-0.04256288707256317,0.22266672551631927,0.5386481285095215,-0.0647873729467392,0.2511962652206421,0.5305220484733582,-0.08232001215219498,0.27558526396751404,0.39060521125793457,-0.018256446346640587,0.222181499004364,0.450945109128952,-0.05556931719183922,0.24130605161190033,0.5079768300056458,-0.07661192119121552,0.259768009185791,0.4972192943096161,-0.08783344179391861,0.3124917447566986,0.4000820517539978,-0.025978080928325653,0.25415971875190735,0.4735244810581207,-0.061656687408685684,0.27541524171829224,0.5265631079673767,-0.06579616665840149,0.29283103346824646,0.5091607570648193,-0.06198248267173767,0.34813711047172546,0.428081750869751,-0.03914995491504669,0.2942938506603241,0.5040367841720581,-0.06867990642786026,0.31173524260520935,0.5501207709312439,-0.05497439578175545,0.3266613185405731,0.5313108563423157,-0.03932429477572441,0.3812137246131897,0.4662362039089203,-0.055540744215250015,0.3356102705001831,0.5228219032287598,-0.0652032122015953,0.3424915373325348,0.5571667551994324,-0.051808468997478485,0.35486122965812683,0.5440633893013,-0.037956900894641876
0.4096398651599884,0.6307674646377563,-3.900896388131514e-07,0.35460227727890015,0.6156265139579773,-0.025175468996167183,0.30857184529304504,0.5729811787605286,-0.04139474779367447,0.3123567998409271,0.528984010219574,-0.05623994767665863,0.3515598177909851,0.5091731548309326,-0.06515442579984665,0.34093329310417175,0.45588263869285583,-0.010713012889027596,0.31199726462364197,0.47374284267425537,-0.04563238099217415,0.32476717233657837,0.5318769812583923,-0.06494159251451492,0.34107667207717896,0.5334001779556274,-0.07575887441635132,0.3764828145503998,0.4472202658653259,-0.013662592507898808,0.3480174243450165,0.4686979651451111,-0.04804812744259834,0.3551027774810791,0.5353972315788269,-0.050839778035879135,0.368926465511322,0.5322105288505554,-0.0452888086438179,0.4092598557472229,0.4565194845199585,-0.02361917868256569,0.38479411602020264,0.4915560185909271,-0.05514408275485039,0.3862728178501129,0.5524486303329468,-0.04167173430323601,0.39787375926971436,0.5449600219726562,-0.025204816833138466,0.443073570728302,0.4763208031654358,-0.03724226355552673,0.4174290895462036,0.5048967599868774,-0.05342618003487587,0.4152592122554779,0.5480737090110779,-0.043919626623392105,0.4248112738132477,0.5441133975982666,-0.032397426664829254
0.4175269901752472,0.5930066704750061,-4.52044332632795e-07,0.36969250440597534,0.5683435797691345,-0.011051558889448643,0.33405250310897827,0.5072006583213806,-0.016060782596468925,0.3426031768321991,0.44833314418792725,-0.023612137883901596,0.3803611099720001,0.42890653014183044,-0.028165679425001144,0.36719751358032227,0.44560810923576355,0.008049765601754189,0.3532501757144928,0.4112556576728821,-0.017347175627946854,0.35235199332237244,0.4625290632247925,-0.02995423600077629,0.3604965806007385,0.48458200693130493,-0.034611646085977554,0.3957444727420807,0.44458717107772827,0.0029247424099594355,0.3824225664138794,0.4074242115020752,-0.02452702447772026,0.3791799247264862,0.47343823313713074,-0.02674885094165802,0.38917437195777893,0.4949624240398407,-0.018894724547863007,0.4247499108314514,0.45120030641555786,-0.007631376851350069,0.410739004611969,0.41821274161338806,-0.03487808257341385,0.4051455557346344,0.4842601716518402,-0.02379903942346573,0.4138221740722656,0.5061085820198059,-0.0065758442506194115,0.4571291208267212,0.4656732976436615,-0.019708111882209778,0.438662588596344,0.4338077902793884,-0.03294447809457779,0.43103107810020447,0.47746115922927856,-0.022264916449785233,0.437829852104187,0.49601590633392334,-0.009054026566445827
0.41091206669807434,0.580630898475647,-4.4973702983952535e-07,0.36453816294670105,0.55185866355896,-0.007515071891248226,0.33482009172439575,0.4909200668334961,-0.01030673086643219,0.345109224319458,0.4309806525707245,-0.016668738797307014,0.38384872674942017,0.41404932737350464,-0.020823979750275612,0.3694879412651062,0.4424625337123871,0.012221194803714752,0.3596404492855072,0.4029366672039032,-0.010228807106614113,0.3585023581981659,0.45012134313583374,-0.021887438371777534,0.3678639233112335,0.47335729002952576,-0.026056503877043724,0.3972206115722656,0.4411839246749878,0.006828574929386377,0.38913607597351074,0.4004053473472595,-0.01731966622173786,0.38470694422721863,0.4623561203479767,-0.019555671140551567,0.39516589045524597,0.48602235317230225,-0.012512311339378357,0.4249238073825836,0.4467410147190094,-0.0035125024151057005,0.4153866767883301,0.407298743724823,-0.027643797919154167,0.40777915716171265,0.4697805345058441,-0.01722843199968338,0.4159352779388428,0.49645665287971497,-0.0009661444928497076,0.45590510964393616,0.4609365463256836,-0.015063968487083912,0.4416182339191437,0.41917884349823,-0.026018334552645683,0.4321419894695282,0.4592941403388977,-0.015329468995332718,0.43773093819618225,0.4831324517726898,-0.002583158202469349
0.397098571062088,0.5495322346687317,-3.4557771755316935e-07,0.348327100276947,0.5209212303161621,0.003347709309309721,0.32404419779777527,0.4750697612762451,0.0075217909179627895,0.3317345082759857,0.4258594810962677,0.0054880715906620026,0.36317625641822815,0.40967971086502075,0.004288617987185717,0.3674650490283966,0.4474271237850189,0.038997236639261246,0.3568302392959595,0.4174700975418091,0.029194558039307594,0.3540988564491272,0.4483894407749176,0.019320162013173103,0.3642546832561493,0.46348151564598083,0.013803861103951931,0.3908023536205292,0.4405709207057953,0.03195841610431671,0.37914934754371643,0.40549173951148987,0.016813447698950768,0.3753465712070465,0.4512994885444641,0.00868983007967472,0.38958096504211426,0.46709468960762024,0.009657488204538822,0.41587594151496887,0.436219185590744,0.020995760336518288,0.4022451639175415,0.4010133445262909,0.005168413743376732,0.39547356963157654,0.44858792424201965,0.007920701988041401,0.40829309821128845,0.46810227632522583,0.016865797340869904,0.4460696578025818,0.4389300048351288,0.009654171764850616,0.4301221966743469,0.402939110994339,0.004182484000921249,0.4207763671875,0.4359484612941742,0.011874859221279621,0.4308575987815857,0.4565878212451935,0.02103189192712307
0.3750728964805603,0.660858154296875,4.0295927306033263e-07,0.35324737429618835,0.6144068837165833,-0.027795106172561646,0.33684128522872925,0.5531530380249023,-0.03698369115591049,0.347442626953125,0.49354493618011475,-0.041731011122465134,0.36096876859664917,0.45794254541397095,-0.04321938380599022,0.26995861530303955,0.5291336178779602,-0.007433610502630472,0.26059025526046753,0.4559321403503418,-0.015883345156908035,0.28997498750686646,0.42371881008148193,-0.025645337998867035,0.31969335675239563,0.4218338429927826,-0.02963932231068611,0.28788334131240845,0.532352089881897,0.00564083456993103,0.28932687640190125,0.45793744921684265,0.0005591927329078317,0.32136040925979614,0.431963711977005,-0.011687569320201874,0.3507761061191559,0.4321613311767578,-0.018820930272340775,0.3149733245372772,0.5351360440254211,0.01588505133986473,0.3228038251399994,0.47165122628211975,0.012164145708084106,0.3457135856151581,0.4522683918476105,0.003060244722291827,0.3673243224620819,0.4551337957382202,-0.0016798931173980236,0.3475997745990753,0.5386269688606262,0.023933136835694313,0.3527292311191559,0.48806384205818176,0.024805808439850807,0.36436063051223755,0.474104106426239,0.024213630706071854,0.3774101138114929,0.47771549224853516,0.025313211604952812
0.2530970275402069,0.6497879028320312,-1.0908487269034595e-07,0.20672690868377686,0.6249893307685852,-0.0006407806649804115,0.18728600442409515,0.5821576714515686,0.0013492271536961198,0.1973719447851181,0.5381945967674255,0.0004806033684872091,0.21406373381614685,0.5143862366676331,9.822720312513411e-05,0.19332654774188995,0.5464606285095215,0.017559431493282318,0.20020827651023865,0.5026192665100098,0.011407400481402874,0.20747917890548706,0.5049301385879517,0.004381885286420584,0.21286636590957642,0.5223492383956909,0.001296896836720407,0.22167626023292542,0.5359859466552734,0.014467285946011543,0.2307129204273224,0.497688353061676,0.009075951762497425,0.23377512395381927,0.5132836103439331,0.0024476265534758568,0.23551207780838013,0.5403153300285339,8.59584761201404e-05,0.25070735812187195,0.5327051877975464,0.00923229195177555,0.25870826840400696,0.4978201389312744,0.002716650255024433,0.2556747496128082,0.5195952653884888,0.00030563437030650675,0.2537868022918701,0.5476282835006714,0.001381504931487143,0.2787782549858093,0.5368579030036926,0.0038397598545998335,0.28158536553382874,0.5068443417549133,0.0028296727687120438,0.27634334564208984,0.5239320397377014,0.00622676033526659,0.27371346950531006,0.5471242070198059,0.010186329483985901
0.2926430404186249,0.6421715021133423,-3.3553888556525635e-07,0.2553926706314087,0.6110292673110962,-0.005161762237548828,0.23838016390800476,0.5633615255355835,-0.007633684668689966,0.25201743841171265,0.5253385305404663,-0.013740462251007557,0.28061142563819885,0.5132224559783936,-0.01939490996301174,0.2814972400665283,0.5397481322288513,0.011249030940234661,0.2842213809490204,0.5038625001907349,-0.0038609930779784918,0.27276232838630676,0.529013991355896,-0.014563114382326603,0.26974305510520935,0.5545499920845032,-0.019253753125667572,0.3023585081100464,0.5362276434898376,0.007007793989032507,0.30558788776397705,0.5011799335479736,-0.010398889891803265,0.2926635146141052,0.5350872278213501,-0.01804559864103794,0.29292264580726624,0.5627890229225159,-0.01753307320177555,0.3230442702770233,0.5363699793815613,-0.00039295165333896875,0.3268105685710907,0.500569224357605,-0.020204875618219376,0.31123343110084534,0.5358043313026428,-0.02109367772936821,0.30895477533340454,0.5668430328369141,-0.014396528713405132,0.34362486004829407,0.5422694087028503,-0.008275006897747517,0.34471404552459717,0.5048831701278687,-0.02240772172808647,0.33185014128685,0.5297285914421082,-0.020253917202353477,0.328788697719574,0.5593496561050415,-0.01358046568930149
0.407960444688797,0.6543954610824585,-3.025750174856512e-07,0.3704807758331299,0.6195213198661804,-0.002452337881550193,0.3527413010597229,0.5695018768310547,-0.0021646723616868258,0.3674492835998535,0.5311965346336365,-0.005793937481939793,0.3984449505805969,0.5246780514717102,-0.009036343544721603,0.38723286986351013,0.5521570444107056,0.016509277746081352,0.3851862847805023,0.519294261932373,0.0038672711234539747,0.37542521953582764,0.5433234572410583,-0.0046172174625098705,0.3764232099056244,0.5608124136924744,-0.00846120622009039,0.41014885902404785,0.5507368445396423,0.011566349305212498,0.4087822139263153,0.5159783959388733,-0.004206985235214233,0.3980149030685425,0.5509913563728333,-0.009655353613197803,0.4035598337650299,0.5730712413787842,-0.007436420768499374,0.43344372510910034,0.5530118942260742,0.0034992278087884188,0.43084344267845154,0.5181267261505127,-0.013606156222522259,0.4178645610809326,0.5548425316810608,-0.011469736695289612,0.42088788747787476,0.5802680253982544,-0.003161222906783223,0.45847272872924805,0.5621770024299622,-0.005084306001663208,0.4519698917865753,0.5255403518676758,-0.014965927228331566,0.44005534052848816,0.5514090061187744,-0.010111505165696144,0.441381573677063,0.5760126113891602,-0.002455923706293106
0.46055665612220764,0.6558777689933777,-3.2399148608419637e-07,0.42702534794807434,0.6211339235305786,-0.004267119336873293,0.40916356444358826,0.5726271271705627,-0.0062889461405575275,0.42120447754859924,0.5338267087936401,-0.011570952832698822,0.45078325271606445,0.5239242315292358,-0.015594365075230598,0.438009113073349,0.546416163444519,0.010437631979584694,0.4290763735771179,0.515622079372406,-0.007019893731921911,0.4274750053882599,0.5495384931564331,-0.016849732026457787,0.43603602051734924,0.5668995380401611,-0.02063586935400963,0.46174588799476624,0.5466651320457458,0.005557317286729813,0.45596399903297424,0.5158320069313049,-0.012446911074221134,0.45087680220603943,0.5596692562103271,-0.015473345294594765,0.4593792259693146,0.5767109394073486,-0.011589163914322853,0.4860488772392273,0.5512301325798035,-0.002884779591113329,0.4808085858821869,0.5169039964675903,-0.022071480751037598,0.4714866280555725,0.5617665648460388,-0.01585378684103489,0.47685641050338745,0.584209680557251,-0.0047636814415454865,0.5122023224830627,0.5632234811782837,-0.012023852206766605,0.5048180818557739,0.5275771617889404,-0.02260640449821949,0.49430587887763977,0.5580131411552429,-0.01541149988770485,0.4967435896396637,0.5804340243339539,-0.005860671401023865
0.5120888352394104,0.6461889743804932,-3.3348345596095896e-07,0.47693464159965515,0.6089991927146912,-0.0011829921277239919,0.4565739333629608,0.5608400106430054,-0.0017328063258901238,0.46759867668151855,0.5218558311462402,-0.006407806184142828,0.4979439675807953,0.5136215686798096,-0.010384825058281422,0.48549699783325195,0.5381884574890137,0.01518703531473875,0.47950536012649536,0.504228413105011,-0.0013821118045598269,0.4761238694190979,0.5357164144515991,-0.0119175361469388,0.4818280339241028,0.5561625361442566,-0.016284503042697906,0.5095793008804321,0.5379080772399902,0.009097637608647346,0.5055528879165649,0.5011152029037476,-0.008351922035217285,0.4986250102519989,0.5434532165527344,-0.013085146434605122,0.504500687122345,0.5662207007408142,-0.010141168721020222,0.5348130464553833,0.5410773158073425,-0.0002525048330426216,0.529880940914154,0.501996636390686,-0.018687812611460686,0.5195550322532654,0.5466316342353821,-0.014082703739404678,0.5228723883628845,0.5742364525794983,-0.00391556229442358,0.562024712562561,0.5518038272857666,-0.009962891228497028,0.5529556274414062,0.5137564539909363,-0.020476365461945534,0.54209965467453,0.5449256300926208,-0.013895934447646141,0.5440186858177185,0.5701733827590942,-0.004732990637421608
0.5749383568763733,0.5920002460479736,-2.9723238981205213e-07,0.5352559089660645,0.565370500087738,-0.004960083868354559,0.509431004524231,0.5141525864601135,-0.005839434452354908,0.5186774730682373,0.46968895196914673,-0.009880690835416317,0.548820972442627,0.45702338218688965,-0.012731681577861309,0.5356265902519226,0.4838339388370514,0.013127507641911507,0.5301713943481445,0.45187705755233765,-0.003147303592413664,0.5272847414016724,0.48251858353614807,-0.013400731608271599,0.5310972929000854,0.5000035762786865,-0.017708001658320427,0.5606210231781006,0.48034530878067017,0.008898512460291386,0.5575079321861267,0.4437662959098816,-0.007934090681374073,0.5523437261581421,0.48788580298423767,-0.011364077217876911,0.5580402612686157,0.5082352161407471,-0.0075827655382454395,0.5866312384605408,0.48167040944099426,0.0009198554325848818,0.5830711722373962,0.4431990683078766,-0.017016425728797913,0.5752065181732178,0.48923835158348083,-0.011069254018366337,0.5797544717788696,0.5137671232223511,-0.0001456961763324216,0.6156435608863831,0.4896240532398224,-0.007898285053670406,0.6088191270828247,0.4532122313976288,-0.017216328531503677,0.5989185571670532,0.48563486337661743,-0.009770805947482586,0.5998103618621826,0.5088083148002625,-0.00038690067594870925
0.6533334255218506,0.53773033618927,-2.894236104111769e-07,0.6071010231971741,0.5194010138511658,-0.008802399039268494,0.5771983861923218,0.4687117040157318,-0.011956536211073399,0.5912045836448669,0.42246487736701965,-0.016965018585324287,0.6247739195823669,0.4096399247646332,-0.020115774124860764,0.5946508646011353,0.43307146430015564,0.0021243058145046234,0.5916091203689575,0.39673110842704773,-0.01839260198175907,0.5964431762695312,0.4310740530490875,-0.030398882925510406,0.600043535232544,0.45060068368911743,-0.03564637154340744,0.6218430995941162,0.425382137298584,-0.0019084495725110173,0.6206308007240295,0.38593941926956177,-0.022052455693483353,0.6241597533226013,0.43238040804862976,-0.025732994079589844,0.6263415813446045,0.4536488950252533,-0.022369341924786568,0.6491464376449585,0.42368361353874207,-0.009679070673882961,0.6496065855026245,0.3873698115348816,-0.029724428430199623,0.6492087841033936,0.435832142829895,-0.023457542061805725,0.6485841870307922,0.46127888560295105,-0.012645852752029896,0.6785436868667603,0.428864449262619,-0.01865643449127674,0.6776703596115112,0.39627155661582947,-0.02889065258204937,0.6740280985832214,0.4290030002593994,-0.02138950489461422,0.67119300365448,0.45065635442733765,-0.012322547845542431
0.6883701086044312,0.5459208488464355,-3.614369745719159e-07,0.6438099145889282,0.5289136171340942,-0.010989188216626644,0.6101368069648743,0.4760732650756836,-0.014679944142699242,0.6155697107315063,0.4216054379940033,-0.02028691954910755,0.6489618420600891,0.40568357706069946,-0.023293664678931236,0.6310893297195435,0.42965883016586304,0.004450430162250996,0.6262750029563904,0.39369380474090576,-0.018241383135318756,0.6325711011886597,0.4349064826965332,-0.03019726276397705,0.6388996243476868,0.457271933555603,-0.03439449518918991,0.6584731936454773,0.42300888895988464,0.0012718868674710393,0.6549676656723022,0.3861037492752075,-0.020910466089844704,0.6571588516235352,0.4403475224971771,-0.02301708608865738,0.6609097719192505,0.4615122079849243,-0.0173729807138443,0.6857373714447021,0.42359450459480286,-0.006619119551032782,0.6834198236465454,0.39007195830345154,-0.029524991288781166,0.6820812821388245,0.44513392448425293,-0.021588347852230072,0.6842237710952759,0.4698892831802368,-0.008255415596067905,0.7155463695526123,0.4307842254638672,-0.015900280326604843,0.7117928862571716,0.3970438539981842,-0.02677554450929165,0.7061553597450256,0.432817280292511,-0.018201520666480064,0.7051915526390076,0.4544173777103424,-0.007672818843275309
0.6960809826850891,0.5472472906112671,-3.5323645874996146e-07,0.6534045934677124,0.5360172986984253,-0.018225179985165596,0.6189935207366943,0.4886639714241028,-0.025856878608465195,0.6293056607246399,0.43873608112335205,-0.03300762549042702,0.6575598120689392,0.4168970584869385,-0.035764072090387344,0.6387741565704346,0.4237281382083893,-0.008953142911195755,0.6339635848999023,0.3938088119029999,-0.035286128520965576,0.6382215619087219,0.44278138875961304,-0.04614294692873955,0.6437997817993164,0.45467281341552734,-0.05041669309139252,0.6680063605308533,0.42205044627189636,-0.01032303087413311,0.6609070301055908,0.38906198740005493,-0.03789108246564865,0.6616858839988708,0.4494868516921997,-0.03811473026871681,0.6678568720817566,0.4534083902835846,-0.030794018879532814,0.6960810422897339,0.4258183240890503,-0.01690620370209217,0.6924256086349487,0.40056678652763367,-0.0434517040848732,0.6880115866661072,0.4574817717075348,-0.03183773159980774,0.6921829581260681,0.461311399936676,-0.016430553048849106,0.726632297039032,0.4329928755760193,-0.02565247192978859,0.721365213394165,0.40956372022628784,-0.038601238280534744,0.7136593461036682,0.4475404918193817,-0.02905518375337124,0.7154021859169006,0.45572108030319214,-0.017881393432617188
0.7016494274139404,0.5400996208190918,-3.6714519069391827e-07,0.6599327325820923,0.5250492691993713,-0.014722744934260845,0.6252115964889526,0.47660115361213684,-0.021165834739804268,0.6285254955291748,0.42427513003349304,-0.028493894264101982,0.6554062962532043,0.39627042412757874,-0.03205924108624458,0.6453608274459839,0.4159815311431885,-0.0005791353178210557,0.6379050612449646,0.38570183515548706,-0.02598857320845127,0.6419105529785156,0.4333878755569458,-0.03675639256834984,0.6480332016944885,0.4488166570663452,-0.04018621891736984,0.6729680299758911,0.41235432028770447,-0.003645653836429119,0.6638180017471313,0.37980180978775024,-0.029647476971149445,0.6651385426521301,0.4384429156780243,-0.029739219695329666,0.672373354434967,0.44763562083244324,-0.021752363070845604,0.7008091807365417,0.4160591661930084,-0.01210238691419363,0.6937375664710999,0.3910636603832245,-0.03804512321949005,0.690747857093811,0.4472690224647522,-0.026852918788790703,0.6957502365112305,0.45682165026664734,-0.01099576335400343,0.73182213306427,0.4247151017189026,-0.02233622409403324,0.7223367094993591,0.3983669877052307,-0.03459976240992546,0.715688943862915,0.43587732315063477,-0.024454964324831963,0.7183696031570435,0.44837287068367004,-0.01244669035077095
0.7012202143669128,0.5488383769989014,-4.14683540839178e-07,0.6608552932739258,0.5146670341491699,-0.0045026796869933605,0.631020188331604,0.46561187505722046,-0.009168964810669422,0.6317645907402039,0.41932693123817444,-0.017637131735682487,0.6609253883361816,0.40095531940460205,-0.024226095527410507,0.6622774004936218,0.4102429151535034,0.011490246281027794,0.6407457590103149,0.38616812229156494,-0.010137829929590225,0.6430103778839111,0.4283653199672699,-0.021152053028345108,0.6549559235572815,0.4445565640926361,-0.025032464414834976,0.6848132610321045,0.40695875883102417,0.004165405407547951,0.6633596420288086,0.37692707777023315,-0.019320163875818253,0.6640754342079163,0.43135926127433777,-0.021723298355937004,0.6765797138214111,0.45033007860183716,-0.015320747159421444,0.7089547514915466,0.4093759059906006,-0.007381018251180649,0.6849021911621094,0.3827401399612427,-0.031431566923856735,0.6838695406913757,0.43855008482933044,-0.02374819479882717,0.6957102417945862,0.45912569761276245,-0.009799483232200146,0.7362537980079651,0.42002072930336,-0.019713396206498146,0.7106074690818787,0.3912924528121948,-0.03203829750418663,0.7050482034683228,0.42876943945884705,-0.023818500339984894,0.7136564254760742,0.44972676038742065,-0.012643104419112206
0.6983650326728821,0.5517526865005493,-4.2908061459456803e-07,0.6638323664665222,0.5077420473098755,-0.0032179548870772123,0.6407161355018616,0.460103839635849,-0.008030598051846027,0.6342999339103699,0.4188191294670105,-0.017268843948841095,0.6570755243301392,0.4008602499961853,-0.023326458409428596,0.6868041753768921,0.4072105884552002,0.01563856191933155,0.6613670587539673,0.37609487771987915,-0.004608766175806522,0.6553929448127747,0.41968172788619995,-0.014742668718099594,0.6656691431999207,0.43916594982147217,-0.018459420651197433,0.7037450671195984,0.4066872298717499,0.0076607633382081985,0.6732214689254761,0.3751334846019745,-0.017426710575819016,0.6678375601768494,0.4273562431335449,-0.021165773272514343,0.6814060807228088,0.4465877413749695,-0.015825169160962105,0.7210682034492493,0.40897488594055176,-0.004602643195539713,0.6845905780792236,0.38188037276268005,-0.028858192265033722,0.6784881949424744,0.4331800937652588,-0.022760668769478798,0.6924648880958557,0.4543439745903015,-0.010179836302995682,0.7371227145195007,0.4183225929737091,-0.017858628183603287,0.7003090977668762,0.39470282196998596,-0.03102741949260235,0.6919224858283997,0.42750948667526245,-0.02598518878221512,0.7027463912963867,0.4482421278953552,-0.016991915181279182
0.691809356212616,0.5601401925086975,-4.6403266651395825e-07,0.6566640734672546,0.5012732744216919,0.0025269717443734407,0.6526536345481873,0.4528268575668335,-0.0007815096760168672,0.6498197913169861,0.4194622337818146,-0.007654305547475815,0.6522480249404907,0.39112788438796997,-0.010997486300766468,0.7325317859649658,0.4026796221733093,0.014537371695041656,0.6741911768913269,0.36963319778442383,-0.0038582824636250734,0.6601645350456238,0.40906286239624023,-0.017158158123493195,0.6712346076965332,0.43120357394218445,-0.024437544867396355,0.7377592325210571,0.4034971296787262,0.004477466456592083,0.6678598523139954,0.36781010031700134,-0.01471169013530016,0.6533825993537903,0.41240689158439636,-0.019602464511990547,0.6699894666671753,0.4319114685058594,-0.01923392526805401,0.7334362268447876,0.4083251953125,-0.00838763639330864,0.6647545099258423,0.37625423073768616,-0.023966601118445396,0.6512667536735535,0.4186966121196747,-0.017495648935437202,0.6681317090988159,0.4374684691429138,-0.010207333602011204,0.7207584977149963,0.4170890152454376,-0.02242972142994404,0.6629816293716431,0.39537808299064636,-0.03338390588760376,0.6539791822433472,0.4260345995426178,-0.030254855751991272,0.6695763468742371,0.44518664479255676,-0.024535251781344414
0.6869048476219177,0.5580258369445801,-4.0004522361414274e-07,0.6926095485687256,0.507235586643219,0.008034203201532364,0.6956070065498352,0.4531623423099518,0.006312200799584389,0.6880707740783691,0.4128144681453705,0.0004685705353040248,0.677837610244751,0.38930845260620117,-0.003334607696160674,0.7408879995346069,0.41170692443847656,0.012946230359375477,0.6783623099327087,0.3725520074367523,-0.002593264915049076,0.6618553996086121,0.4071131646633148,-0.013377492316067219,0.6697046756744385,0.43065470457077026,-0.018869657069444656,0.7312495708465576,0.40672752261161804,0.0015722106909379363,0.6606990694999695,0.3718442916870117,-0.012505988590419292,0.6495879292488098,0.4116590917110443,-0.015180968679487705,0.6622992157936096,0.43332231044769287,-0.014809437096118927,0.7141833305358887,0.40821945667266846,-0.011370903812348843,0.6479124426841736,0.37620291113853455,-0.022025562822818756,0.6391103863716125,0.4178785979747772,-0.016392098739743233,0.6535012125968933,0.4390772581100464,-0.011421699076890945,0.6924525499343872,0.4154004752635956,-0.024823583662509918,0.6400485634803772,0.39439302682876587,-0.03364443778991699,0.6348724365234375,0.42465779185295105,-0.031508900225162506,0.6486799716949463,0.44339439272880554,-0.027498159557580948
0.6830151081085205,0.5584081411361694,-4.305758807277016e-07,0.673501193523407,0.5071056485176086,0.007482725195586681,0.6726568341255188,0.4544563591480255,0.006118186749517918,0.6672945022583008,0.4128578007221222,0.0008299031178466976,0.6628010869026184,0.38638466596603394,-0.0018808861495926976,0.730485200881958,0.4079255759716034,0.01211484894156456,0.6671079397201538,0.3693787753582001,-0.0016944193048402667,0.6516878604888916,0.40548694133758545,-0.01073208637535572,0.6612610220909119,0.42798012495040894,-0.01561813149601221,0.7241011261940002,0.40450984239578247,0.0011676682624965906,0.6523057222366333,0.3705628514289856,-0.012293276377022266,0.6417977809906006,0.41055917739868164,-0.01362692192196846,0.6566099524497986,0.4296870231628418,-0.012682180851697922,0.709138035774231,0.40725576877593994,-0.011335847899317741,0.6415136456489563,0.37561270594596863,-0.021997014060616493,0.6329627633094788,0.416828989982605,-0.015048572793602943,0.6489881277084351,0.43521374464035034,-0.00951607245951891,0.6889317631721497,0.4157300591468811,-0.024426214396953583,0.6351792216300964,0.39463523030281067,-0.03367561474442482,0.629213809967041,0.42467454075813293,-0.03129656985402107,0.6434994339942932,0.44205185770988464,-0.02728147991001606
0.6803231835365295,0.5581543445587158,-4.868214773523505e-07,0.6446132659912109,0.498432993888855,0.005962509661912918,0.6398820281028748,0.4460873007774353,0.004316152539104223,0.6395593881607056,0.4054103195667267,-0.001783180981874466,0.6476795077323914,0.378891259431839,-0.004469550214707851,0.7102764844894409,0.3957584798336029,0.018101707100868225,0.6451102495193481,0.36744964122772217,0.0028077284805476665,0.6335760354995728,0.4100475609302521,-0.007336858659982681,0.6457305550575256,0.43273940682411194,-0.012448271736502647,0.7129119038581848,0.3952808678150177,0.00692083640024066,0.6366663575172424,0.37104177474975586,-0.00951695628464222,0.6280850172042847,0.417508065700531,-0.012399071827530861,0.6448501944541931,0.4363556504249573,-0.010922720655798912,0.706264317035675,0.40106841921806335,-0.00668675359338522,0.6332075595855713,0.37719911336898804,-0.02050415612757206,0.6264098286628723,0.4237600564956665,-0.013437538407742977,0.6440913677215576,0.44227176904678345,-0.006037487648427486,0.692803680896759,0.41211238503456116,-0.02124658040702343,0.6339476704597473,0.3975980579853058,-0.03134635090827942,0.63042151927948,0.4309699535369873,-0.028212755918502808,0.6471131443977356,0.44867047667503357,-0.022618824616074562
0.6734816431999207,0.5632866621017456,-4.815618694919976e-07,0.6282778382301331,0.5040391683578491,0.007853543385863304,0.6175068616867065,0.4518333375453949,0.007688994985073805,0.6102989912033081,0.4170703589916229,0.0021256478503346443,0.6142224073410034,0.3995131850242615,0.00031361449509859085,0.6948767900466919,0.39853113889694214,0.02490542083978653,0.6379933953285217,0.37412136793136597,0.00795453879982233,0.6304355263710022,0.4193117320537567,-0.005152462050318718,0.6453081369400024,0.4354948103427887,-0.01333271898329258,0.7036685943603516,0.39942848682403564,0.011404589749872684,0.633843183517456,0.3751775920391083,-0.008186639286577702,0.6264567375183105,0.42587581276893616,-0.013072328642010689,0.6475828886032104,0.4403850734233856,-0.012511917389929295,0.7035662531852722,0.4054046869277954,-0.005178465507924557,0.6350774765014648,0.3832762837409973,-0.020782263949513435,0.627084493637085,0.4319067597389221,-0.013254350051283836,0.6483137607574463,0.4465131163597107,-0.005249961744993925,0.6956713199615479,0.41533777117729187,-0.022820502519607544,0.6379648447036743,0.402576744556427,-0.032688114792108536,0.6341342926025391,0.43686044216156006,-0.028849342837929726,0.6542754173278809,0.45174938440322876,-0.023179486393928528
0.6574673652648926,0.5511059761047363,-4.2098355379494024e-07,0.6202442049980164,0.5090634822845459,-0.002553926780819893,0.6004889011383057,0.46202966570854187,-0.007069678977131844,0.5908315777778625,0.4243564009666443,-0.015468626283109188,0.6057860255241394,0.4081795811653137,-0.020225705578923225,0.654322624206543,0.40112295746803284,0.01671903394162655,0.6188005208969116,0.38040563464164734,-0.002914984244853258,0.6146858930587769,0.42373648285865784,-0.014745639637112617,0.6267784833908081,0.44345343112945557,-0.020180972293019295,0.6680458784103394,0.4000263810157776,0.008937395177781582,0.6221035122871399,0.3799625039100647,-0.014743480831384659,0.6186195611953735,0.43075618147850037,-0.019022181630134583,0.634009838104248,0.44936543703079224,-0.014873144216835499,0.680079996585846,0.4026825726032257,-0.002911678049713373,0.6298597455024719,0.387216180562973,-0.0244000144302845,0.6265116333961487,0.43669265508651733,-0.01837482862174511,0.642583966255188,0.4553902745246887,-0.007279618177562952,0.688466489315033,0.41243988275527954,-0.016161222010850906,0.6428223848342896,0.40416961908340454,-0.028186844661831856,0.637349545955658,0.4381183385848999,-0.02424990013241768,0.6496604084968567,0.4571760892868042,-0.016506493091583252
0.6600297093391418,0.5378739833831787,-4.010553311672993e-07,0.6159427165985107,0.5178433060646057,-0.010433061979711056,0.5825406312942505,0.46219542622566223,-0.01486706081777811,0.5869536399841309,0.40792757272720337,-0.021689677610993385,0.6192266941070557,0.3882654905319214,-0.026141352951526642,0.611893892288208,0.40339189767837524,0.0071535613387823105,0.6036786437034607,0.37223196029663086,-0.017292272299528122,0.6031558513641357,0.4162036180496216,-0.030210476368665695,0.6084500551223755,0.43801188468933105,-0.03476567938923836,0.6388044953346252,0.40131449699401855,0.0027158702723681927,0.6304720640182495,0.3668144941329956,-0.021848000586032867,0.6267845034599304,0.4236913025379181,-0.02502872422337532,0.6319586634635925,0.4446110725402832,-0.018911339342594147,0.6665212512016296,0.4058346152305603,-0.006710488814860582,0.6571632027626038,0.37745535373687744,-0.03192674741148949,0.6511212587356567,0.4351416230201721,-0.02386108972132206,0.6553492546081543,0.4573308527469635,-0.00946219451725483,0.6972813010215759,0.4171833097934723,-0.017383549362421036,0.6856170892715454,0.3839965760707855,-0.02964584343135357,0.6773520112037659,0.4232044517993927,-0.020320545881986618,0.6799020767211914,0.44431135058403015,-0.008502325043082237
0.6659726500511169,0.5291882157325745,-3.851985752589826e-07,0.6187154054641724,0.5052399039268494,-0.010942572727799416,0.5877726674079895,0.4502888321876526,-0.015788394957780838,0.5950668454170227,0.3964839577674866,-0.022741155698895454,0.6224623322486877,0.3692741394042969,-0.027132093906402588,0.6122778654098511,0.3954216241836548,0.00440849969163537,0.6117251515388489,0.35866543650627136,-0.0206996388733387,0.6132124662399292,0.40361669659614563,-0.034564197063446045,0.6153220534324646,0.42920029163360596,-0.039579782634973526,0.6413273811340332,0.39309656620025635,0.0004310416697990149,0.6391371488571167,0.35321691632270813,-0.024287348613142967,0.6377655863761902,0.41034501791000366,-0.028636831790208817,0.6398255228996277,0.43351373076438904,-0.02396528422832489,0.6709223985671997,0.39652907848358154,-0.008133677765727043,0.6693465113639832,0.36163049936294556,-0.033982548862695694,0.6645965576171875,0.4206397533416748,-0.02597455121576786,0.6651829481124878,0.44741764664649963,-0.011794233694672585,0.7025772929191589,0.407002717256546,-0.017806001007556915,0.6990084052085876,0.37104153633117676,-0.031165115535259247,0.6922449469566345,0.4104630649089813,-0.021546797826886177,0.6910773515701294,0.43346795439720154,-0.009342861361801624
0.6833918690681458,0.5220847725868225,-3.6135156733507756e-07,0.6347827911376953,0.5017404556274414,-0.01925458200275898,0.6055620908737183,0.44290897250175476,-0.02661348320543766,0.6174293160438538,0.384866863489151,-0.03433284908533096,0.6407776474952698,0.35846275091171265,-0.03778310865163803,0.6198669075965881,0.3851923644542694,-0.0034338263794779778,0.622738778591156,0.3391115963459015,-0.03111722320318222,0.6314672231674194,0.38740360736846924,-0.045113105326890945,0.6317442655563354,0.41328856348991394,-0.04995395243167877,0.6507149934768677,0.38258814811706543,-0.004176724702119827,0.6565806269645691,0.3387005925178528,-0.03242024406790733,0.660735547542572,0.39948752522468567,-0.03809529170393944,0.6543877124786377,0.420002818107605,-0.03430567681789398,0.6803431510925293,0.38515108823776245,-0.010205461643636227,0.6905302405357361,0.34916356205940247,-0.039016254246234894,0.6892136335372925,0.40952813625335693,-0.032458823174238205,0.68034827709198,0.4328787922859192,-0.019350534304976463,0.7100146412849426,0.39441344141960144,-0.018126703798770905,0.7202544212341309,0.35959315299987793,-0.033866800367832184,0.7161999940872192,0.3978774845600128,-0.026373744010925293,0.7063404321670532,0.4187459945678711,-0.015601945109665394
0.6971936225891113,0.5267802476882935,-3.110779118742357e-07,0.6546045541763306,0.507184624671936,-0.03391784429550171,0.6294944286346436,0.43979939818382263,-0.04393148794770241,0.6480154395103455,0.38084059953689575,-0.04932546988129616,0.6762639880180359,0.35905352234840393,-0.04812735691666603,0.6246774792671204,0.3822377026081085,-0.017816128209233284,0.6500648856163025,0.3377077877521515,-0.04705943912267685,0.6566303968429565,0.3908456563949585,-0.0580148920416832,0.6483821272850037,0.4076528251171112,-0.061184413731098175,0.6579263806343079,0.3798193633556366,-0.011224822141230106,0.6831004619598389,0.33692678809165955,-0.04187529906630516,0.6861664056777954,0.39896345138549805,-0.04410070553421974,0.67389315366745,0.40688955783843994,-0.03769694268703461,0.6880064606666565,0.3807603120803833,-0.011455954052507877,0.7134330868721008,0.35437774658203125,-0.04237436130642891,0.7118465304374695,0.41202881932258606,-0.037177927792072296,0.6965067982673645,0.4186483323574066,-0.025518855080008507,0.7177608013153076,0.38626551628112793,-0.01483120396733284,0.7363085746765137,0.3638985753059387,-0.031667400151491165,0.7344523072242737,0.4017431437969208,-0.027555303648114204,0.7217342853546143,0.41255542635917664,-0.019897572696208954
0.6984461545944214,0.5376071929931641,-2.390476936398045e-07,0.6613513231277466,0.5173612833023071,-0.04771169275045395,0.6423306465148926,0.45338311791419983,-0.06277669221162796,0.661119818687439,0.39513444900512695,-0.06969433277845383,0.6850696802139282,0.3663163185119629,-0.0692356750369072,0.6193214654922485,0.38463228940963745,-0.02459321916103363,0.6593692898750305,0.3472285568714142,-0.05521991848945618,0.6648135185241699,0.3996738791465759,-0.06795453280210495,0.6527698636054993,0.416357159614563,-0.07203793525695801,0.6548941135406494,0.3834400177001953,-0.01044814009219408,0.6900754570960999,0.3478246331214905,-0.043300554156303406,0.6917014718055725,0.4108361303806305,-0.04694199934601784,0.6776557564735413,0.41917797923088074,-0.04080723971128464,0.6875349879264832,0.38689783215522766,-0.004340948536992073,0.717603325843811,0.36646485328674316,-0.040047455579042435,0.715667188167572,0.42507487535476685,-0.03720628097653389,0.7004837989807129,0.4302058815956116,-0.025754863396286964,0.7184234857559204,0.39484986662864685,-0.0019345750333741307,0.7383170127868652,0.37671077251434326,-0.02417784556746483,0.7354667782783508,0.41840749979019165,-0.022540951147675514,0.7207028865814209,0.42887407541275024,-0.015356776304543018
0.6940455436706543,0.5405094027519226,-1.310658035436063e-07,0.6662866473197937,0.523622989654541,-0.060748904943466187,0.6550958752632141,0.4653327167034149,-0.08079840242862701,0.6790221333503723,0.40695858001708984,-0.08852311223745346,0.7017155885696411,0.36726856231689453,-0.0874035432934761,0.6175782680511475,0.3861341178417206,-0.03564024344086647,0.6679084300994873,0.3556021451950073,-0.06607454270124435,0.6735572218894958,0.40383222699165344,-0.07691148668527603,0.6636785268783569,0.42631521821022034,-0.07904708385467529,0.649836540222168,0.38069039583206177,-0.013390603475272655,0.695784866809845,0.3546944260597229,-0.04534332826733589,0.6962382197380066,0.41239267587661743,-0.046816371381282806,0.6825898289680481,0.4193483591079712,-0.03894079476594925,0.6807228326797485,0.3859737515449524,-0.00013728429621551186,0.7209821343421936,0.3733104169368744,-0.035558927804231644,0.7177831530570984,0.4265460968017578,-0.032679636031389236,0.7027983665466309,0.427405446767807,-0.021231308579444885,0.7092670202255249,0.39603927731513977,0.008392395451664925,0.7351284623146057,0.38751229643821716,-0.016927406191825867,0.7319388389587402,0.42688465118408203,-0.01834254153072834,0.7175453305244446,0.4318707585334778,-0.0125426659360528
0.7065010070800781,0.541944682598114,-1.0174843367849462e-07,0.6859157681465149,0.5192481875419617,-0.057889923453330994,0.6806340217590332,0.4602864980697632,-0.07615859806537628,0.7071989178657532,0.4039529860019684,-0.08265312761068344,0.7292605042457581,0.3648402690887451,-0.08055994659662247,0.6351929903030396,0.38121747970581055,-0.03098815493285656,0.6932259798049927,0.34946149587631226,-0.059589795768260956,0.699888288974762,0.39821910858154297,-0.07170160859823227,0.6877478957176208,0.42367225885391235,-0.07504637539386749,0.6631760597229004,0.3790254592895508,-0.009031255729496479,0.7180713415145874,0.3521510362625122,-0.039056308567523956,0.7191162109375,0.4061751365661621,-0.04251861572265625,0.7041857242584229,0.42085424065589905,-0.03662150725722313,0.6913608908653259,0.38681626319885254,0.004371220711618662,0.7387608885765076,0.3703751862049103,-0.028983617201447487,0.7378839254379272,0.42101749777793884,-0.028444429859519005,0.7224995493888855,0.42938032746315,-0.018762020394206047,0.7182919383049011,0.3992272615432739,0.01345481164753437,0.7508410811424255,0.38585424423217773,-0.01060709822922945,0.7483683824539185,0.4242817759513855,-0.012993560172617435,0.7328064441680908,0.4340062737464905,-0.007942711934447289
0.6964325308799744,0.5376529097557068,-2.875665359169943e-07,0.650073766708374,0.5127099752426147,-0.03457450866699219,0.6257928609848022,0.445463091135025,-0.048900850117206573,0.653387188911438,0.39377841353416443,-0.05881458520889282,0.6962735652923584,0.38528236746788025,-0.06223888322710991,0.6520351767539978,0.3741326332092285,-0.02568047121167183,0.6676198244094849,0.3481518030166626,-0.057556696236133575,0.6675227284431458,0.4054219126701355,-0.0688914880156517,0.6625015735626221,0.4269814193248749,-0.07254389673471451,0.6872549057006836,0.37911003828048706,-0.021666981279850006,0.7071515321731567,0.348821759223938,-0.056583743542432785,0.7011480331420898,0.418785959482193,-0.059379708021879196,0.6900349259376526,0.43207836151123047,-0.05286112427711487,0.7187798023223877,0.3922741115093231,-0.024006962776184082,0.7409747838973999,0.37285739183425903,-0.05903921276330948,0.7297113537788391,0.43450289964675903,-0.050905924290418625,0.7136126756668091,0.44381076097488403,-0.03654557093977928,0.7481566667556763,0.4144865870475769,-0.029469851404428482,0.7690838575363159,0.39458000659942627,-0.051071323454380035,0.7596040368080139,0.4345395863056183,-0.04521914944052696,0.7430857419967651,0.4457165598869324,-0.035395439714193344
0.6461507678031921,0.5114836692810059,-4.1787490090428037e-07,0.596901535987854,0.48431479930877686,-0.023719241842627525,0.5649089813232422,0.4154106676578522,-0.03331983834505081,0.589536726474762,0.36432358622550964,-0.04195140674710274,0.6326192617416382,0.3524477183818817,-0.04491325840353966,0.5984361171722412,0.3382294774055481,-0.006900896318256855,0.5979009866714478,0.31952109932899475,-0.03972073271870613,0.5940109491348267,0.3785622715950012,-0.05395403876900673,0.5952802896499634,0.38627099990844727,-0.060159020125865936,0.6343266367912292,0.34132301807403564,-0.009263670071959496,0.6328973174095154,0.3207503855228424,-0.043432869017124176,0.6251623630523682,0.39009520411491394,-0.04479418694972992,0.627833366394043,0.3900015950202942,-0.03703879192471504,0.668126106262207,0.35386383533477783,-0.018861230462789536,0.669722318649292,0.34442439675331116,-0.05199002847075462,0.6579912304878235,0.40599891543388367,-0.04033214971423149,0.6571716070175171,0.40247249603271484,-0.023783784359693527,0.7043015956878662,0.37323814630508423,-0.03145056590437889,0.7031946182250977,0.35947924852371216,-0.04775506630539894,0.6918905377388,0.40119779109954834,-0.0378120020031929,0.6899011731147766,0.4045961797237396,-0.025782449170947075
0.5874978303909302,0.5251446962356567,-4.553895394110441e-07,0.5359290242195129,0.49979424476623535,-0.019495638087391853,0.49274277687072754,0.42874446511268616,-0.02700607106089592,0.5072433948516846,0.3750327229499817,-0.03467470407485962,0.5532866716384888,0.36583536863327026,-0.03661394491791725,0.5322510600090027,0.3368430733680725,0.0007249623304232955,0.5078231692314148,0.33099496364593506,-0.03090881183743477,0.5134336352348328,0.3957052230834961,-0.046104639768600464,0.5250711441040039,0.40018317103385925,-0.053969282656908035,0.5667272806167603,0.3340364694595337,-0.003561291377991438,0.5418999791145325,0.32075026631355286,-0.0374138280749321,0.5423851609230042,0.39751291275024414,-0.03719568997621536,0.5559984445571899,0.39788955450057983,-0.027853481471538544,0.600600004196167,0.3436911702156067,-0.015101956203579903,0.579526960849762,0.34224840998649597,-0.0460917204618454,0.5746558308601379,0.4134373068809509,-0.0299215130507946,0.5854888558387756,0.4118364453315735,-0.010280408896505833,0.6370579600334167,0.36222442984580994,-0.02992209419608116,0.6157736778259277,0.35929495096206665,-0.044605910778045654,0.6082978248596191,0.40567532181739807,-0.03300248831510544,0.6167798042297363,0.40556830167770386,-0.019690105691552162
0.5540319085121155,0.51624995470047,-4.367845747310639e-07,0.4986376166343689,0.4937938451766968,-0.015929095447063446,0.4486483335494995,0.4354581832885742,-0.024085596203804016,0.4476677477359772,0.37239715456962585,-0.03464773669838905,0.48511889576911926,0.34021204710006714,-0.04079313203692436,0.47314488887786865,0.34573689103126526,0.00520349433645606,0.45214754343032837,0.3071407079696655,-0.02705962397158146,0.4640343487262726,0.3685721158981323,-0.043749600648880005,0.47812461853027344,0.39131271839141846,-0.050221074372529984,0.5078427791595459,0.33818063139915466,0.00043771578930318356,0.48719748854637146,0.29474544525146484,-0.03171166032552719,0.4943237602710724,0.37259355187416077,-0.033790893852710724,0.5077794194221497,0.3952358365058899,-0.025325868278741837,0.544063150882721,0.3404143452644348,-0.011139755137264729,0.525169849395752,0.2988569438457489,-0.0427858904004097,0.5259160995483398,0.3789399266242981,-0.028359608724713326,0.5369210243225098,0.4090997576713562,-0.007873676717281342,0.5838750004768372,0.3511558175086975,-0.02499314770102501,0.5641366839408875,0.3114655911922455,-0.04178907349705696,0.5559136867523193,0.3641316294670105,-0.02974468655884266,0.5607779026031494,0.3913213908672333,-0.01444135420024395
0.5551658868789673,0.5082159638404846,-5.326074870026787e-07,0.491078644990921,0.4845369756221771,-0.017402710393071175,0.4375430941581726,0.4151575565338135,-0.026317058131098747,0.440950483083725,0.3419100046157837,-0.03806120529770851,0.4811847507953644,0.30518651008605957,-0.04552680253982544,0.4639933109283447,0.31873494386672974,0.004479632247239351,0.4478687644004822,0.27324992418289185,-0.033001385629177094,0.4588245451450348,0.3389952778816223,-0.05298164486885071,0.47119268774986267,0.3721931576728821,-0.060458458960056305,0.5033642053604126,0.31221023201942444,-0.0021122999023646116,0.48525720834732056,0.25811049342155457,-0.041596658527851105,0.49055495858192444,0.3414422273635864,-0.04801267758011818,0.5006888508796692,0.3748399615287781,-0.03970564901828766,0.5436524152755737,0.3156004846096039,-0.01576172187924385,0.5262505412101746,0.27382805943489075,-0.05431361868977547,0.5274726152420044,0.360810250043869,-0.042181771248579025,0.5355349183082581,0.39524176716804504,-0.020443661138415337,0.586906373500824,0.3283015191555023,-0.031460460275411606,0.5658964514732361,0.2900090217590332,-0.050338584929704666,0.5606377720832825,0.34708714485168457,-0.0370822548866272,0.5660654306411743,0.3725796937942505,-0.019801724702119827
0.5114569067955017,0.47856783866882324,-4.910415327685769e-07,0.45526713132858276,0.4600813388824463,-0.014647682197391987,0.40613803267478943,0.40094634890556335,-0.022487791255116463,0.40692996978759766,0.3346148133277893,-0.03316771239042282,0.4456034302711487,0.3089720606803894,-0.04053512588143349,0.42561259865760803,0.3148074746131897,0.004079086240381002,0.4080250561237335,0.2715098559856415,-0.025387180969119072,0.4156736731529236,0.3277595341205597,-0.039838921278715134,0.4284970462322235,0.3566596210002899,-0.044905032962560654,0.4592832028865814,0.3061710000038147,-0.0018367964075878263,0.44188380241394043,0.2591536045074463,-0.03449360281229019,0.4471610188484192,0.33277109265327454,-0.038359127938747406,0.4587421417236328,0.3632546067237854,-0.030080771073698997,0.4945696294307709,0.3068199157714844,-0.013564112596213818,0.4771139621734619,0.26955515146255493,-0.04748087748885155,0.4794335961341858,0.34577828645706177,-0.03783966228365898,0.4894371032714844,0.37774577736854553,-0.019268497824668884,0.5325202345848083,0.3167819678783417,-0.026830703020095825,0.509738564491272,0.2818674147129059,-0.044557202607393265,0.5073148012161255,0.3337651193141937,-0.03365270793437958,0.5158705115318298,0.3606679439544678,-0.018796544522047043
0.5098973512649536,0.4939934015274048,-4.1890146462719713e-07,0.46235689520835876,0.4833127558231354,-0.007422897964715958,0.42130541801452637,0.4421530067920685,-0.011642975732684135,0.4181213974952698,0.38853439688682556,-0.01895344816148281,0.4473719596862793,0.3687976002693176,-0.0239320807158947,0.4360147714614868,0.3783044219017029,0.006304488517343998,0.4214547872543335,0.3407254219055176,-0.017600424587726593,0.4286647140979767,0.3835694491863251,-0.029746659100055695,0.4396074414253235,0.40693703293800354,-0.03400868922472,0.46137529611587524,0.3705894947052002,-2.882382250390947e-05,0.4457007646560669,0.33165282011032104,-0.02614029496908188,0.4529172480106354,0.3873197138309479,-0.02963104471564293,0.46366462111473083,0.409292072057724,-0.023566002026200294,0.4879368245601654,0.36806562542915344,-0.010628802701830864,0.4715530574321747,0.336433082818985,-0.03546612337231636,0.47764909267425537,0.3942990303039551,-0.026678362861275673,0.48723915219306946,0.4169802963733673,-0.01203989703208208,0.5180643796920776,0.37194302678108215,-0.022357305511832237,0.4979128837585449,0.3460261821746826,-0.03336317464709282,0.4988408088684082,0.38605234026908875,-0.023485470563173294,0.5066164135932922,0.40342995524406433,-0.011756871826946735
0.5183923244476318,0.5058267116546631,-3.362199549883371e-07,0.4781096577644348,0.49652165174484253,-0.008798439987003803,0.44204822182655334,0.4597226679325104,-0.012834648601710796,0.443897008895874,0.4132381081581116,-0.019028663635253906,0.4728011190891266,0.39069685339927673,-0.023026462644338608,0.451672226190567,0.40891700983047485,0.003569054650142789,0.4429527819156647,0.37778690457344055,-0.017602190375328064,0.44893506169319153,0.41282135248184204,-0.028210768476128578,0.4563520848751068,0.42969146370887756,-0.0321737639605999,0.4749152362346649,0.39952775835990906,-0.0009415295207872987,0.46504902839660645,0.3647376298904419,-0.02312322147190571,0.4708898067474365,0.4130135774612427,-0.025272518396377563,0.4787403345108032,0.4303995966911316,-0.019706331193447113,0.4990575313568115,0.3952775001525879,-0.009571359492838383,0.4901011288166046,0.3695355951786041,-0.03121662139892578,0.494790643453598,0.42003023624420166,-0.023346057161688805,0.5017226934432983,0.43842411041259766,-0.010545056313276291,0.5262864828109741,0.39655801653862,-0.01946350932121277,0.5138656497001648,0.37286150455474854,-0.028665835037827492,0.5136474967002869,0.40747690200805664,-0.019843924790620804,0.5186911821365356,0.422506183385849,-0.009731247089803219
0.5275200605392456,0.5119253993034363,-3.2502123303856933e-07,0.48852789402008057,0.5025445222854614,-0.007917500101029873,0.4566393196582794,0.4667147397994995,-0.011889729648828506,0.45624953508377075,0.42186659574508667,-0.018056880682706833,0.47947078943252563,0.39810365438461304,-0.021953629329800606,0.4667987823486328,0.4168970584869385,0.004851913079619408,0.45562678575515747,0.3853943347930908,-0.014283984899520874,0.4624879062175751,0.42166605591773987,-0.023848023265600204,0.47111326456069946,0.44118213653564453,-0.026895543560385704,0.4881104528903961,0.4091823101043701,0.0008684459608048201,0.4771849811077118,0.37685585021972656,-0.019012408331036568,0.48313838243484497,0.42303916811943054,-0.021217036992311478,0.4913211166858673,0.4420086145401001,-0.016056861728429794,0.51047682762146,0.4063211679458618,-0.006878742016851902,0.499752014875412,0.38045424222946167,-0.026583505794405937,0.5041677951812744,0.4288836419582367,-0.01930271089076996,0.5118349194526672,0.44997185468673706,-0.007266534026712179,0.536334216594696,0.4087260663509369,-0.015719875693321228,0.5225018262863159,0.3853205442428589,-0.024730289354920387,0.5222218036651611,0.41726282238960266,-0.016834309324622154,0.5277515649795532,0.43368613719940186,-0.007239024620503187
0.5073272585868835,0.49330469965934753,-2.922044473052665e-07,0.4687860906124115,0.4865732192993164,-0.007450354751199484,0.4335898756980896,0.447223037481308,-0.009660693816840649,0.431580513715744,0.40160223841667175,-0.01399989053606987,0.4573684334754944,0.3801751136779785,-0.01626742258667946,0.4480692148208618,0.3930394947528839,0.005621667485684156,0.43344610929489136,0.36406469345092773,-0.012495475821197033,0.4388940632343292,0.4003385007381439,-0.020771687850356102,0.44761142134666443,0.4167881906032562,-0.023098554462194443,0.47052162885665894,0.3848239779472351,0.001544866943731904,0.45618394017219543,0.35424351692199707,-0.01734641008079052,0.4612790048122406,0.4029386043548584,-0.01790713146328926,0.4720257818698883,0.4190170168876648,-0.011284162290394306,0.49465230107307434,0.3834518492221832,-0.006429293658584356,0.4808350205421448,0.35829415917396545,-0.0258296187967062,0.4836122691631317,0.40857428312301636,-0.017577359452843666,0.49282270669937134,0.4269039034843445,-0.004602332133799791,0.5223434567451477,0.3873773217201233,-0.015402358025312424,0.5058502554893494,0.36310750246047974,-0.02497294545173645,0.504088282585144,0.396831750869751,-0.016808470711112022,0.5107681155204773,0.41238269209861755,-0.00664136465638876
0.49556219577789307,0.48460662364959717,-4.095258248071332e-07,0.45085760951042175,0.4864170551300049,-0.010567288845777512,0.40621381998062134,0.44273895025253296,-0.013258621096611023,0.4007461965084076,0.3858659267425537,-0.017366355285048485,0.4209004044532776,0.34866946935653687,-0.01829192414879799,0.41774582862854004,0.38289594650268555,0.0034449321683496237,0.40596097707748413,0.34913578629493713,-0.018763739615678787,0.4169935882091522,0.39051827788352966,-0.028984226286411285,0.42578455805778503,0.4125345051288605,-0.03179565444588661,0.4437713325023651,0.37123215198516846,0.0004983511753380299,0.4317575693130493,0.33628907799720764,-0.022794857621192932,0.4436737298965454,0.3911823332309723,-0.02429419942200184,0.4525069296360016,0.41356468200683594,-0.01742321066558361,0.47092652320861816,0.36576080322265625,-0.006951787509024143,0.46113914251327515,0.3375270962715149,-0.03035064972937107,0.46935388445854187,0.3942244052886963,-0.021151645109057426,0.4758569896221161,0.41923364996910095,-0.0067733279429376125,0.5010536313056946,0.3654199242591858,-0.015586622059345245,0.48768892884254456,0.3409244418144226,-0.027616621926426888,0.4899856448173523,0.37847423553466797,-0.019136345013976097,0.49450069665908813,0.39682111144065857,-0.008283782750368118
0.47738412022590637,0.4733659029006958,-4.45717262209655e-07,0.4293419420719147,0.48145073652267456,-0.017661914229393005,0.38008302450180054,0.43022873997688293,-0.02267688326537609,0.3751198649406433,0.3621925115585327,-0.02784723788499832,0.3948354721069336,0.3212073743343353,-0.02910774201154709,0.3862683176994324,0.3573125898838043,-0.0031264193821698427,0.377982497215271,0.31255680322647095,-0.030561139807105064,0.3956359326839447,0.356090247631073,-0.044459011405706406,0.40679430961608887,0.38431450724601746,-0.04944778233766556,0.4179268181324005,0.34314969182014465,-0.0045024920254945755,0.41084277629852295,0.30042141675949097,-0.0337093360722065,0.4275188744068146,0.36614173650741577,-0.03763797506690025,0.4323629140853882,0.3953729569911957,-0.03184445947408676,0.4494003653526306,0.3371502459049225,-0.011130979284644127,0.44640523195266724,0.3013138473033905,-0.04148812219500542,0.45800548791885376,0.37051358819007874,-0.031884241849184036,0.46034082770347595,0.4020627737045288,-0.016112584620714188,0.4824811518192291,0.3365582525730133,-0.019399702548980713,0.47705143690109253,0.3080565333366394,-0.03678653761744499,0.4816967844963074,0.35603293776512146,-0.027478065341711044,0.48172855377197266,0.37929651141166687,-0.015100991353392601
0.4484959542751312,0.47262704372406006,-3.358758604576906e-08,0.40060245990753174,0.4726996421813965,-0.030954282730817795,0.3572179675102234,0.44189924001693726,-0.04944254830479622,0.36147528886795044,0.40088799595832825,-0.06490569561719894,0.39701488614082336,0.3712039291858673,-0.07638426870107651,0.3621397912502289,0.33563342690467834,-0.02230795845389366,0.3577973246574402,0.3127514719963074,-0.05866343900561333,0.3543168306350708,0.3052605092525482,-0.08122637867927551,0.35787275433540344,0.30789703130722046,-0.09418974071741104,0.40472716093063354,0.31198903918266296,-0.022814257070422173,0.3950810432434082,0.29583975672721863,-0.06588363647460938,0.3953400254249573,0.35769379138946533,-0.07489313930273056,0.40185293555259705,0.377821683883667,-0.07006582617759705,0.4429430365562439,0.311369389295578,-0.029529664665460587,0.4415439963340759,0.3356435000896454,-0.06552288681268692,0.4360538721084595,0.3950863182544708,-0.05359667167067528,0.4362448453903198,0.39765459299087524,-0.03565123304724693,0.4822653830051422,0.32302960753440857,-0.04022631794214249,0.47692957520484924,0.3494146168231964,-0.059504617005586624,0.46986010670661926,0.3916091322898865,-0.050083186477422714,0.46704328060150146,0.3915000557899475,-0.03753175586462021
0.4187527894973755,0.47223374247550964,-4.022644191081781e-07,0.3660539388656616,0.4679928719997406,-0.027978170663118362,0.3101208806037903,0.4287860095500946,-0.044682249426841736,0.2995186150074005,0.38156989216804504,-0.0590476393699646,0.34070688486099243,0.3635118901729584,-0.06676667928695679,0.32457786798477173,0.2977883219718933,-0.013060535304248333,0.3013015389442444,0.31796079874038696,-0.046827662736177444,0.32249021530151367,0.3765447735786438,-0.06354090571403503,0.3355616331100464,0.3766036629676819,-0.07299761474132538,0.36153653264045715,0.2806095778942108,-0.015122994780540466,0.3342386782169342,0.30668312311172485,-0.05023779347538948,0.3514211177825928,0.37622106075286865,-0.051673587411642075,0.36246708035469055,0.37402695417404175,-0.044207651168107986,0.3991679251194,0.28479042649269104,-0.024348825216293335,0.37671777606010437,0.3320242762565613,-0.05507255718111992,0.386370450258255,0.3942706286907196,-0.0410890057682991,0.3927764892578125,0.3854215443134308,-0.024149782955646515,0.43736815452575684,0.3006143569946289,-0.03760523721575737,0.4133301079273224,0.34771376848220825,-0.05214302986860275,0.41747885942459106,0.38915929198265076,-0.043369077146053314,0.4241301715373993,0.379411906003952,-0.03273211419582367
0.4094036817550659,0.4637177586555481,-4.247548019975511e-07,0.34978049993515015,0.4509216547012329,-0.018467731773853302,0.2975682020187378,0.4117248058319092,-0.03382502496242523,0.2774031460285187,0.36759889125823975,-0.04963602498173714,0.30828267335891724,0.350700706243515,-0.05944710224866867,0.33013594150543213,0.2799564003944397,-0.004963373299688101,0.27775537967681885,0.3088694214820862,-0.036856841295957565,0.29775163531303406,0.3621721863746643,-0.05372757464647293,0.3171614706516266,0.35900551080703735,-0.06315961480140686,0.3616533875465393,0.26919320225715637,-0.01114214863628149,0.30514270067214966,0.3114055097103119,-0.04155735671520233,0.32717958092689514,0.37656810879707336,-0.04054982587695122,0.3476836681365967,0.3646714985370636,-0.03292897343635559,0.39105024933815,0.27988573908805847,-0.02369743213057518,0.33945345878601074,0.3274095952510834,-0.0512358732521534,0.35271283984184265,0.3876741826534271,-0.03539811447262764,0.37115177512168884,0.3769926130771637,-0.018019473180174828,0.41717830300331116,0.30396926403045654,-0.03958240896463394,0.37469732761383057,0.34268468618392944,-0.054883670061826706,0.37833768129348755,0.38241347670555115,-0.046443406492471695,0.39249420166015625,0.3775917887687683,-0.03540975973010063
0.406499981880188,0.4558757245540619,-4.507024300437479e-07,0.3467608690261841,0.4382780194282532,-0.010329116135835648,0.3074241876602173,0.40786585211753845,-0.02533290721476078,0.28265514969825745,0.3805767893791199,-0.04222579300403595,0.2799692153930664,0.3521902859210968,-0.05410858243703842,0.3468128740787506,0.26619353890419006,-0.005811246577650309,0.28061848878860474,0.29078438878059387,-0.03195870667695999,0.2749033570289612,0.33086106181144714,-0.04340006411075592,0.2839261591434479,0.3523538410663605,-0.047723110765218735,0.3669086992740631,0.26242193579673767,-0.01364380307495594,0.29505854845046997,0.3125323951244354,-0.03891121223568916,0.31171655654907227,0.36383235454559326,-0.03844456747174263,0.33328568935394287,0.35988298058509827,-0.03292881324887276,0.38312992453575134,0.2758967876434326,-0.025532376021146774,0.31080567836761475,0.3308415412902832,-0.0476437546312809,0.32808971405029297,0.3770388960838318,-0.03470498323440552,0.3483080565929413,0.372537225484848,-0.022022422403097153,0.39287281036376953,0.3072339594364166,-0.03965955600142479,0.33674079179763794,0.35024142265319824,-0.05584850162267685,0.3477989435195923,0.3815918266773224,-0.05003250017762184,0.36603888869285583,0.37862154841423035,-0.04089907556772232
0.41405197978019714,0.47573745250701904,-4.861769866693066e-07,0.3616082966327667,0.4479500651359558,-0.0104709193110466,0.3186275064945221,0.3993784487247467,-0.02130191959440708,0.2951197028160095,0.355506956577301,-0.03461625799536705,0.31615325808525085,0.33332502841949463,-0.04165159538388252,0.374484121799469,0.281631737947464,0.006041195243597031,0.31341424584388733,0.28763213753700256,-0.02086574025452137,0.3242732882499695,0.34058135747909546,-0.03509796783328056,0.3458746373653412,0.34309616684913635,-0.04237429052591324,0.3962405323982239,0.27980759739875793,-0.0021494030952453613,0.32629185914993286,0.3032575249671936,-0.03011866845190525,0.3407522141933441,0.3608369827270508,-0.030588509514927864,0.3649469017982483,0.35670384764671326,-0.024559171870350838,0.4131190776824951,0.290763795375824,-0.01585862599313259,0.345334529876709,0.3161226809024811,-0.04274323955178261,0.3559664189815521,0.37230226397514343,-0.030799206346273422,0.37839603424072266,0.371763676404953,-0.016022423282265663,0.42472442984580994,0.3132399618625641,-0.032128963619470596,0.37087875604629517,0.33229464292526245,-0.04741622880101204,0.3706505596637726,0.37041229009628296,-0.04088260978460312,0.3850743770599365,0.37691980600357056,-0.030832704156637192
0.42397916316986084,0.4875125288963318,-5.086712349111622e-07,0.36852967739105225,0.47645804286003113,-0.011152440682053566,0.32035332918167114,0.4200420081615448,-0.015504738315939903,0.320018470287323,0.3503401279449463,-0.023004068061709404,0.35633403062820435,0.31784486770629883,-0.02752561867237091,0.3396393358707428,0.35147973895072937,0.008468751795589924,0.31980934739112854,0.31087106466293335,-0.019537003710865974,0.33214518427848816,0.36078083515167236,-0.034284066408872604,0.3474883735179901,0.3867873549461365,-0.03934832289814949,0.3699353337287903,0.33952420949935913,0.0032943023834377527,0.3515090048313141,0.29416072368621826,-0.02610548585653305,0.36251887679100037,0.3625181019306183,-0.029146458953619003,0.37703993916511536,0.39153340458869934,-0.02111835777759552,0.4016363024711609,0.3353320062160492,-0.00746659142896533,0.38325974345207214,0.2947827875614166,-0.03705791383981705,0.39121586084365845,0.3669624626636505,-0.025692839175462723,0.40411287546157837,0.4003322422504425,-0.0070568835362792015,0.43831026554107666,0.33953097462654114,-0.01979365199804306,0.4164498746395111,0.30283018946647644,-0.03452422842383385,0.41603973507881165,0.3509739637374878,-0.02337459847331047,0.42441269755363464,0.3774287700653076,-0.009203348308801651
0.42895665764808655,0.48221468925476074,-4.6671377162965655e-07,0.3751603960990906,0.47305139899253845,-0.012804603204131126,0.327944815158844,0.41785913705825806,-0.017323438078165054,0.3229556083679199,0.3489205539226532,-0.024336887523531914,0.35878485441207886,0.3182953894138336,-0.02843579836189747,0.3462463915348053,0.35198312997817993,0.007445032708346844,0.33226779103279114,0.3134559094905853,-0.01921164244413376,0.3444220721721649,0.3598843514919281,-0.033140383660793304,0.3561874032020569,0.38465219736099243,-0.03780405968427658,0.3769010603427887,0.34002089500427246,0.003509936621412635,0.3640453517436981,0.2986642122268677,-0.023715220391750336,0.3744218349456787,0.3638724088668823,-0.026453562080860138,0.38455507159233093,0.3915904462337494,-0.018965015187859535,0.40895891189575195,0.3363662362098694,-0.006036696955561638,0.3967041075229645,0.3015599846839905,-0.034824687987565994,0.40369126200675964,0.369756281375885,-0.02551301196217537,0.4124508500099182,0.40125373005867004,-0.00866818055510521,0.44483986496925354,0.34048447012901306,-0.017007697373628616,0.42736488580703735,0.3085153102874756,-0.031050847843289375,0.4274781048297882,0.3527437448501587,-0.020980490371584892,0.4335283637046814,0.3767049014568329,-0.007890789769589901
0.5107988715171814,0.6128536462783813,-4.865617597715755e-07,0.4715981185436249,0.6154457330703735,-0.015111822634935379,0.4290478527545929,0.5676153302192688,-0.023861929774284363,0.41473454236984253,0.5134468674659729,-0.033165786415338516,0.4174402952194214,0.46989062428474426,-0.04024795442819595,0.445782870054245,0.4847477078437805,-0.007722510490566492,0.4319893717765808,0.4335031509399414,-0.029972320422530174,0.43135932087898254,0.4701034128665924,-0.0435190424323082,0.43776366114616394,0.5027108192443848,-0.049564823508262634,0.4762473404407501,0.4785388708114624,-0.010783309116959572,0.46145012974739075,0.4308035671710968,-0.03248881176114082,0.46127498149871826,0.4782934784889221,-0.039550330489873886,0.46845266222953796,0.5150302648544312,-0.03877188637852669,0.5082651972770691,0.48199886083602905,-0.017243094742298126,0.49166446924209595,0.442329466342926,-0.041207652539014816,0.4905567467212677,0.4962451159954071,-0.03616639971733093,0.49657899141311646,0.5347946286201477,-0.02639375440776348,0.5400025248527527,0.4934830665588379,-0.024639660492539406,0.5218930840492249,0.46288561820983887,-0.04215720668435097,0.5182334780693054,0.5056650042533875,-0.03562586382031441,0.5239316821098328,0.5389581322669983,-0.025997402146458626
0.2456308901309967,0.629540205001831,8.190554012799112e-08,0.2886597812175751,0.6185831427574158,-0.010815916582942009,0.32448312640190125,0.5806496143341064,-0.014205686748027802,0.34024494886398315,0.5315763354301453,-0.01828901283442974,0.33971744775772095,0.48983484506607056,-0.0222373828291893,0.3154582977294922,0.5275607705116272,0.002538784872740507,0.3290519714355469,0.48092445731163025,-0.008790996856987476,0.3327942490577698,0.4865000247955322,-0.018183749169111252,0.3320559859275818,0.5070672035217285,-0.02236073650419712,0.29084232449531555,0.5204253196716309,0.0031377761624753475,0.303770512342453,0.4796811044216156,-0.00790884718298912,0.3058215081691742,0.4988308250904083,-0.015569128096103668,0.3037125766277313,0.525061309337616,-0.018161499872803688,0.2659323215484619,0.5207544565200806,0.0013560944935306907,0.28067004680633545,0.4816600978374481,-0.009716021828353405,0.28406351804733276,0.49947071075439453,-0.009130077436566353,0.2825630307197571,0.5220932960510254,-0.00570336077362299,0.23990100622177124,0.5265276432037354,-0.0014843876706436276,0.2547076344490051,0.4945196509361267,-0.00913216546177864,0.25964489579200745,0.5074939727783203,-0.005789978429675102,0.25953778624534607,0.5253614783287048,-0.0007711605285294354
0.32684364914894104,0.48037970066070557,-9.390645061557734e-08,0.38730818033218384,0.46540501713752747,-0.011463446542620659,0.4267802834510803,0.4225918650627136,-0.013936563394963741,0.43592217564582825,0.3557324707508087,-0.018384840339422226,0.4131137430667877,0.3126217722892761,-0.0212080255150795,0.40954482555389404,0.3655966520309448,0.021405473351478577,0.4264119267463684,0.3269239068031311,0.00478218961507082,0.4173750579357147,0.3618849515914917,-0.012421960942447186,0.40052559971809387,0.39253705739974976,-0.02063550241291523,0.3859308063983917,0.35170048475265503,0.02171100303530693,0.3983008861541748,0.3139033615589142,0.006927786860615015,0.39491361379623413,0.35727059841156006,-0.007511110045015812,0.38156241178512573,0.38699111342430115,-0.013177843764424324,0.3609072268009186,0.3460460305213928,0.017902281135320663,0.37446460127830505,0.3133520483970642,0.0012339861132204533,0.3751789331436157,0.3571605384349823,-0.0013168432051315904,0.36473971605300903,0.3868505358695984,0.002524179872125387,0.3323215842247009,0.3458520770072937,0.013007592409849167,0.35291925072669983,0.3183400332927704,0.0023216456174850464,0.35506337881088257,0.3489709496498108,0.005628266371786594,0.346836656332016,0.3739907443523407,0.012057684361934662
0.41039910912513733,0.4479856491088867,-1.4616935573030787e-07,0.4714817702770233,0.4374440610408783,-0.006937003694474697,0.5065703988075256,0.38477617502212524,-0.004966035485267639,0.5087542533874512,0.3184066414833069,-0.00574937928467989,0.48724672198295593,0.28082534670829773,-0.004909925162792206,0.5192321538925171,0.35795074701309204,0.025210442021489143,0.5389513969421387,0.31875303387641907,0.015119008719921112,0.5251643657684326,0.3378593325614929,0.0038985591381788254,0.5110946297645569,0.36080461740493774,-0.0023163980804383755,0.4903360605239868,0.3347274959087372,0.02265712060034275,0.5084871053695679,0.2919764518737793,0.008157576434314251,0.493897944688797,0.32349082827568054,-0.0047567375004291534,0.4776272475719452,0.35467207431793213,-0.00850792694836855,0.4589984714984894,0.31973639130592346,0.01657833345234394,0.4805912673473358,0.26705172657966614,-0.0034759361296892166,0.4758034944534302,0.2968446612358093,-0.010890397243201733,0.46329793334007263,0.3257984519004822,-0.009469696320593357,0.42245355248451233,0.3116258680820465,0.010424579493701458,0.4455127716064453,0.27171048521995544,-0.006672638468444347,0.4443572461605072,0.3059805929660797,-0.007434469182044268,0.43363186717033386,0.34374210238456726,-0.003205587388947606
0.4003760516643524,0.41397714614868164,-1.7003030450268852e-07,0.46326038241386414,0.3825738728046417,-0.015338010154664516,0.4924730062484741,0.3117688298225403,-0.016669796779751778,0.48009544610977173,0.23362427949905396,-0.019659485667943954,0.4533573091030121,0.18991124629974365,-0.018980778753757477,0.5177320241928101,0.2917238473892212,0.02108839899301529,0.5401043891906738,0.2317604422569275,0.004846285562962294,0.522462010383606,0.26096728444099426,-0.009439676068723202,0.5094494223594666,0.2914494276046753,-0.017031976953148842,0.4837353229522705,0.26867714524269104,0.020677216351032257,0.5025687217712402,0.20385262370109558,0.0020561721175909042,0.48698458075523376,0.24606657028198242,-0.012501135468482971,0.47746962308883667,0.28076040744781494,-0.01692507229745388,0.44718438386917114,0.2571116089820862,0.01536929327994585,0.4612264931201935,0.19381260871887207,-0.00806048046797514,0.4520444869995117,0.23986339569091797,-0.015490827150642872,0.4412165880203247,0.2770484685897827,-0.012960872612893581,0.40723586082458496,0.25562363862991333,0.009064141660928726,0.4214465320110321,0.20896601676940918,-0.008302812464535236,0.42199841141700745,0.24707099795341492,-0.009701721370220184,0.419116735458374,0.2860041856765747,-0.0058446344919502735
0.3800009787082672,0.4639841914176941,-3.751143822228187e-07,0.43921545147895813,0.4389597177505493,-0.014005053788423538,0.47145578265190125,0.3696785569190979,-0.01868414506316185,0.45878493785858154,0.2923390865325928,-0.02449212782084942,0.4392063021659851,0.24231979250907898,-0.026418766006827354,0.5006717443466187,0.3371843099594116,0.006473911926150322,0.5264177322387695,0.2769615948200226,-0.012883428484201431,0.5044359564781189,0.3133000135421753,-0.026216180995106697,0.4918857514858246,0.3436921238899231,-0.03350961208343506,0.46548449993133545,0.31301894783973694,0.0031044345814734697,0.4909961521625519,0.24791868031024933,-0.017470024526119232,0.4689379334449768,0.29848772287368774,-0.02720656804740429,0.45923271775245667,0.3317009508609772,-0.028685452416539192,0.42768704891204834,0.30029886960983276,-0.004193303640931845,0.4453393220901489,0.23206456005573273,-0.027896549552679062,0.43425649404525757,0.2836950719356537,-0.028576206415891647,0.425554484128952,0.3170236647129059,-0.02301931381225586,0.3881111145019531,0.29905053973197937,-0.012303424067795277,0.40346071124076843,0.2536506652832031,-0.030036665499210358,0.4048829972743988,0.30019962787628174,-0.02664661779999733,0.40433168411254883,0.33705708384513855,-0.020070461556315422
0.344896137714386,0.48261559009552,-2.9506321652661427e-07,0.40274903178215027,0.4589146673679352,-0.01511767040938139,0.4432832896709442,0.40022698044776917,-0.017538687214255333,0.43100637197494507,0.3273952007293701,-0.021180758252739906,0.4041617810726166,0.2868117094039917,-0.02025185152888298,0.46802008152008057,0.36632436513900757,0.012669493444263935,0.49014684557914734,0.30627894401550293,-0.007970447652041912,0.46281856298446655,0.3367604613304138,-0.02112450636923313,0.45096221566200256,0.3680659234523773,-0.027078799903392792,0.4332966208457947,0.3400057852268219,0.010233520530164242,0.45468389987945557,0.2760658264160156,-0.015407862141728401,0.4266768991947174,0.3187704086303711,-0.026898035779595375,0.4171849191188812,0.3539705276489258,-0.026416925713419914,0.398852676153183,0.3262826204299927,0.003113269805908203,0.41216784715652466,0.2608679234981537,-0.0237675029784441,0.3945576548576355,0.3081474006175995,-0.025815563276410103,0.3894895613193512,0.34388267993927,-0.01846723072230816,0.3623035252094269,0.32270991802215576,-0.005214259959757328,0.36864057183265686,0.28563541173934937,-0.02298455499112606,0.36453571915626526,0.3224585950374603,-0.02126934751868248,0.36701637506484985,0.35501348972320557,-0.014352468773722649
0.30888381600379944,0.4912254810333252,-2.774952463369118e-07,0.36252135038375854,0.4748716354370117,-0.019673999398946762,0.4024684429168701,0.4148021936416626,-0.023046908900141716,0.3840569257736206,0.33903419971466064,-0.02646907977759838,0.35315605998039246,0.3016228973865509,-0.023883963003754616,0.42730873823165894,0.37278634309768677,0.01056929025799036,0.4447369873523712,0.3132293224334717,-0.010835938155651093,0.41826581954956055,0.3516480326652527,-0.022435443475842476,0.4124906659126282,0.3756997287273407,-0.02810082957148552,0.39058631658554077,0.3503037691116333,0.009100494906306267,0.40799200534820557,0.2875414192676544,-0.018732260912656784,0.3836418688297272,0.3401465117931366,-0.02850472368299961,0.3807329535484314,0.3656538128852844,-0.02668527327477932,0.3549070358276367,0.33997842669487,0.0020996257662773132,0.3687412738800049,0.273031085729599,-0.02868659235537052,0.3546070456504822,0.3251332938671112,-0.02934076078236103,0.3532460927963257,0.3493882715702057,-0.02076427824795246,0.3170829117298126,0.3392486572265625,-0.006408289074897766,0.32525086402893066,0.3061152994632721,-0.028030289337038994,0.32248473167419434,0.34836462140083313,-0.027058320119976997,0.3257271349430084,0.3748507797718048,-0.02029692381620407
0.3211388885974884,0.4732121527194977,-2.280182656022589e-07,0.3722129762172699,0.4537777900695801,-0.0202927403151989,0.40762069821357727,0.39390236139297485,-0.025183584541082382,0.389786958694458,0.3196902573108673,-0.030162716284394264,0.3624397814273834,0.27773717045783997,-0.02979605831205845,0.4316592812538147,0.3479978144168854,0.01039060764014721,0.44515377283096313,0.28917670249938965,-0.009869776666164398,0.42367327213287354,0.32897812128067017,-0.023220565170049667,0.41878023743629456,0.3551519513130188,-0.030312249436974525,0.396109014749527,0.3285718262195587,0.009924158453941345,0.40947842597961426,0.26637962460517883,-0.013796873390674591,0.39079493284225464,0.31959083676338196,-0.024379337206482887,0.38954412937164307,0.3450946509838104,-0.025031089782714844,0.3603566288948059,0.322157084941864,0.004243994131684303,0.3698204755783081,0.25626957416534424,-0.02386360429227352,0.36007624864578247,0.311384379863739,-0.02435917593538761,0.3596634566783905,0.3409707248210907,-0.01680527999997139,0.32261019945144653,0.325262188911438,-0.002896833000704646,0.32992976903915405,0.2861425578594208,-0.02344520203769207,0.3298036754131317,0.3269387185573578,-0.02140493504703045,0.3327793478965759,0.35512715578079224,-0.014391662552952766
0.31618690490722656,0.46300098299980164,-2.7747097419705824e-07,0.36925050616264343,0.43943390250205994,-0.023292183876037598,0.4053356945514679,0.37634769082069397,-0.026450030505657196,0.38408738374710083,0.3026607632637024,-0.028928689658641815,0.35290059447288513,0.26719796657562256,-0.025299688801169395,0.42964687943458557,0.3400692343711853,0.013090982101857662,0.44404715299606323,0.27652978897094727,-0.008208690211176872,0.4213424623012543,0.31891679763793945,-0.022028006613254547,0.415905624628067,0.3450648784637451,-0.028850246220827103,0.3926975131034851,0.3231503367424011,0.014141620136797428,0.40875178575515747,0.2547120749950409,-0.011174165643751621,0.387823224067688,0.31323495507240295,-0.024194782599806786,0.38557201623916626,0.34017449617385864,-0.025275392457842827,0.35690584778785706,0.3155675232410431,0.009227209724485874,0.3671509027481079,0.24960696697235107,-0.02060994878411293,0.35598284006118774,0.3070591688156128,-0.02575499378144741,0.3540359437465668,0.33718064427375793,-0.019883235916495323,0.319905161857605,0.3182089924812317,0.002807560143992305,0.3283246159553528,0.2770448625087738,-0.016915125772356987,0.3261869549751282,0.3185618817806244,-0.01677054725587368,0.32588082551956177,0.3478853702545166,-0.010902981273829937
0.28274261951446533,0.46725571155548096,-3.0353996294252283e-07,0.3352329134941101,0.4392784535884857,-0.01799788698554039,0.36650168895721436,0.3709278404712677,-0.01976175233721733,0.34459179639816284,0.29962965846061707,-0.021484265103936195,0.3149482011795044,0.2660399377346039,-0.017385335639119148,0.3904695212841034,0.3347789943218231,0.0115751251578331,0.3986783027648926,0.27129894495010376,-0.009390445426106453,0.3760511577129364,0.31237101554870605,-0.02166721783578396,0.3714843988418579,0.340469092130661,-0.027220482006669044,0.353431761264801,0.3174293637275696,0.01029712799936533,0.36386698484420776,0.24743522703647614,-0.01393086090683937,0.3431605100631714,0.29990699887275696,-0.0226322952657938,0.3417118191719055,0.3298063576221466,-0.020810957998037338,0.3173098564147949,0.31227365136146545,0.0035473571624606848,0.3244703412055969,0.24339675903320312,-0.023678969591856003,0.312649667263031,0.2959531545639038,-0.02421014942228794,0.31284207105636597,0.3257084786891937,-0.01590544730424881,0.2816449701786041,0.31871625781059265,-0.004742765333503485,0.2875869572162628,0.2801734507083893,-0.022177521139383316,0.2869195342063904,0.31406813859939575,-0.020354660227894783,0.29092106223106384,0.3375992178916931,-0.01370228175073862
0.24229839444160461,0.4833275377750397,-2.2092338269885659e-07,0.2904359698295593,0.4518113136291504,-0.017887761816382408,0.31481873989105225,0.38871750235557556,-0.02243487723171711,0.29353952407836914,0.3278099298477173,-0.027105042710900307,0.26392117142677307,0.30029797554016113,-0.026092857122421265,0.3354206085205078,0.353399395942688,0.007599371485412121,0.33451762795448303,0.294437050819397,-0.015607791021466255,0.31780287623405457,0.33816051483154297,-0.02823495678603649,0.3166469931602478,0.3647364377975464,-0.0329483225941658,0.3023357689380646,0.34210267663002014,0.006773313973098993,0.30216893553733826,0.2876468002796173,-0.019373444840312004,0.2897052764892578,0.33974891901016235,-0.027065178379416466,0.29214411973953247,0.36331048607826233,-0.024202387779951096,0.2699219882488251,0.3404774069786072,0.0006130613037385046,0.26841500401496887,0.285937637090683,-0.0279780775308609,0.261738657951355,0.33972540497779846,-0.02593919448554516,0.26535454392433167,0.3648271858692169,-0.015420467592775822,0.23729053139686584,0.3469848930835724,-0.007060363423079252,0.23717764019966125,0.31852567195892334,-0.02508450299501419,0.2383718341588974,0.3554112911224365,-0.021740924566984177,0.24405121803283691,0.37617847323417664,-0.013265016488730907
0.2619958221912384,0.45821723341941833,-1.1898547569444418e-07,0.31213584542274475,0.42582494020462036,-0.012816007249057293,0.33740437030792236,0.36764243245124817,-0.016611766070127487,0.3148813247680664,0.3147410750389099,-0.021383337676525116,0.2795565724372864,0.30249807238578796,-0.021861903369426727,0.35262763500213623,0.3406374752521515,0.009340545162558556,0.35889363288879395,0.2850823998451233,-0.00703650526702404,0.3417699635028839,0.3199329078197479,-0.01791280321776867,0.33796146512031555,0.3457792103290558,-0.02350630797445774,0.3200516998767853,0.32861703634262085,0.006670141592621803,0.3236168920993805,0.2740977108478546,-0.013832634314894676,0.3110324740409851,0.317158579826355,-0.022896261885762215,0.310009628534317,0.3452456295490265,-0.022691892459988594,0.28844863176345825,0.326072096824646,0.00020973640494048595,0.2899404466152191,0.2706460952758789,-0.021163180470466614,0.2842674255371094,0.3121063709259033,-0.021753236651420593,0.28452998399734497,0.3382013142108917,-0.015128816477954388,0.25749170780181885,0.3319217264652252,-0.007437270134687424,0.26053696870803833,0.3063720464706421,-0.02055705338716507,0.2602928578853607,0.334311306476593,-0.017884667962789536,0.26200106739997864,0.3540171980857849,-0.011652701534330845
0.37161019444465637,0.4032963514328003,-1.1774394437225055e-07,0.42478707432746887,0.37172630429267883,-0.014239823445677757,0.45142862200737,0.3142094612121582,-0.01904328726232052,0.4264378249645233,0.2566794455051422,-0.024879269301891327,0.3881831467151642,0.24788622558116913,-0.026159049943089485,0.45379704236984253,0.2848559021949768,0.008707783184945583,0.4653129577636719,0.2313145101070404,-0.010014433413743973,0.44933295249938965,0.2685682773590088,-0.022278863936662674,0.44296127557754517,0.2947368621826172,-0.02895989641547203,0.42365214228630066,0.2732793688774109,0.005720382556319237,0.4308754503726959,0.21536317467689514,-0.019019316881895065,0.4189892113208771,0.2606986165046692,-0.029994241893291473,0.41664642095565796,0.29041802883148193,-0.030110448598861694,0.39378321170806885,0.27023398876190186,-0.001439630170352757,0.39656227827072144,0.2190108299255371,-0.02407226338982582,0.3927876353263855,0.26191452145576477,-0.024306921288371086,0.3927314877510071,0.28737008571624756,-0.017285717651247978,0.3629944920539856,0.2743697762489319,-0.01023891568183899,0.37220126390457153,0.2574405372142792,-0.021952418610453606,0.37523868680000305,0.2814810574054718,-0.019627785310149193,0.37691253423690796,0.29485076665878296,-0.014483449049293995
0.3914684057235718,0.362800270318985,-1.866298333652594e-07,0.4425356388092041,0.34267520904541016,-0.018695203587412834,0.47390174865722656,0.28614190220832825,-0.02435900643467903,0.44916996359825134,0.22040356695652008,-0.030389832332730293,0.41640108823776245,0.1924421787261963,-0.03097020648419857,0.4921281337738037,0.25463807582855225,0.007008819375187159,0.5045456290245056,0.1969170868396759,-0.01580752618610859,0.4830964207649231,0.2356090396642685,-0.027748776599764824,0.4776632785797119,0.26164790987968445,-0.032749686390161514,0.4588012993335724,0.2366262525320053,0.0055360919795930386,0.46831557154655457,0.17807121574878693,-0.023595426231622696,0.45182862877845764,0.2306097000837326,-0.0327460914850235,0.4508174955844879,0.25830844044685364,-0.030095115303993225,0.42641720175743103,0.22899045050144196,-0.001207374152727425,0.43494370579719543,0.16544875502586365,-0.032254427671432495,0.42492571473121643,0.21934455633163452,-0.031173761934041977,0.4240347146987915,0.2474270910024643,-0.02070138230919838,0.3919696807861328,0.2299935519695282,-0.009410588070750237,0.3969117999076843,0.2036571204662323,-0.0308090690523386,0.3958497941493988,0.24255546927452087,-0.02970760129392147,0.39853668212890625,0.2664062976837158,-0.022455383092164993
0.2594279944896698,0.31844109296798706,-1.926405133190201e-07,0.3120614290237427,0.2768321633338928,-0.034867409616708755,0.3360704183578491,0.21070148050785065,-0.04374957084655762,0.30430179834365845,0.1388045698404312,-0.050204865634441376,0.27293598651885986,0.10312623530626297,-0.050742343068122864,0.37001219391822815,0.1689312756061554,0.008648117072880268,0.35683655738830566,0.09854459017515182,-0.01790519617497921,0.3344258666038513,0.13906095921993256,-0.03747757524251938,0.3321034908294678,0.17330172657966614,-0.04601619765162468,0.33196696639060974,0.15630319714546204,0.016321677714586258,0.31584155559539795,0.08746078610420227,-0.01489514671266079,0.29933589696884155,0.1384512335062027,-0.03456839546561241,0.30003252625465393,0.17153015732765198,-0.03887926787137985,0.29608142375946045,0.15389394760131836,0.016387762501835823,0.28022900223731995,0.09268563985824585,-0.018394343554973602,0.26901692152023315,0.1436493992805481,-0.030620917677879333,0.26757752895355225,0.1828261911869049,-0.02718285098671913,0.261846125125885,0.1629379838705063,0.0138741135597229,0.2555605173110962,0.12167342752218246,-0.009114479646086693,0.24956651031970978,0.15319275856018066,-0.014484872110188007,0.24755705893039703,0.1855439692735672,-0.010719566605985165
0.2353629171848297,0.33194631338119507,-2.8731156476169417e-07,0.28478410840034485,0.29170769453048706,-0.031282201409339905,0.3064242899417877,0.21678124368190765,-0.04131897911429405,0.2715945541858673,0.14595697820186615,-0.04974135011434555,0.2327931672334671,0.11096260696649551,-0.05025827884674072,0.3383708894252777,0.16004402935504913,0.006448580417782068,0.3254268169403076,0.09187454730272293,-0.02512184903025627,0.3099946677684784,0.15121160447597504,-0.044912371784448624,0.31488528847694397,0.1807691603899002,-0.05446978285908699,0.293917715549469,0.15000341832637787,0.008773498237133026,0.2864266633987427,0.07859572023153305,-0.027666274458169937,0.2747531533241272,0.1529388278722763,-0.04287309944629669,0.27990293502807617,0.17876796424388885,-0.043651677668094635,0.25251054763793945,0.15068212151527405,0.003460843116044998,0.24620090425014496,0.07936122268438339,-0.034199029207229614,0.24299125373363495,0.1464732587337494,-0.0368533618748188,0.24898262321949005,0.17324022948741913,-0.028088996186852455,0.2135007381439209,0.1626725047826767,-0.004568333737552166,0.20858366787433624,0.12888208031654358,-0.02855369821190834,0.21289385855197906,0.1729440540075302,-0.029088322073221207,0.2217889428138733,0.19423867762088776,-0.022789031267166138
0.3377610146999359,0.3331547975540161,-2.3494128242873558e-07,0.398703008890152,0.31779584288597107,-0.037510406225919724,0.43921369314193726,0.24037744104862213,-0.05290306359529495,0.3993459641933441,0.170010507106781,-0.0647570863366127,0.34902194142341614,0.14155377447605133,-0.06892820447683334,0.4478473365306854,0.14488577842712402,-0.010484701953828335,0.4432128071784973,0.11357533931732178,-0.046383049339056015,0.42570769786834717,0.18142256140708923,-0.06464697420597076,0.42781808972358704,0.19456937909126282,-0.07459097355604172,0.4029046595096588,0.1295834332704544,-0.008929567411541939,0.39877593517303467,0.0937599316239357,-0.0539579764008522,0.38714292645454407,0.1698075830936432,-0.06489694118499756,0.3907909691333771,0.1836598664522171,-0.06081605702638626,0.3597831726074219,0.13202491402626038,-0.015243434347212315,0.35170143842697144,0.09314683079719543,-0.06001744046807289,0.34975627064704895,0.1663890779018402,-0.05377163738012314,0.3578551113605499,0.17532825469970703,-0.038786981254816055,0.31624117493629456,0.1450212448835373,-0.024934731423854828,0.31054383516311646,0.1490403562784195,-0.05530380457639694,0.3127690255641937,0.20504842698574066,-0.05189039185643196,0.3211354613304138,0.21240288019180298,-0.042194198817014694
0.44291427731513977,0.3227546215057373,-2.418066742393421e-07,0.5008887648582458,0.31862327456474304,-0.028410088270902634,0.5503664612770081,0.24647311866283417,-0.03861299902200699,0.5258042812347412,0.16295525431632996,-0.046456705778837204,0.4800095558166504,0.12623703479766846,-0.049475740641355515,0.5556331872940063,0.16315050423145294,-0.003984814044088125,0.5683984160423279,0.1245492696762085,-0.030792072415351868,0.5534263253211975,0.17483094334602356,-0.04802098870277405,0.5446632504463196,0.19496028125286102,-0.057768840342760086,0.5144646167755127,0.1441139429807663,-0.003696202300488949,0.52052241563797,0.10192493349313736,-0.033097151666879654,0.514727771282196,0.1602489948272705,-0.04436173290014267,0.51397705078125,0.1785956174135208,-0.045128170400857925,0.473099023103714,0.1441938281059265,-0.009156140498816967,0.47556522488594055,0.10569470375776291,-0.04335371032357216,0.48097169399261475,0.16624771058559418,-0.041982170194387436,0.4850703775882721,0.18428047001361847,-0.03320687636733055,0.4281198978424072,0.1554916799068451,-0.016574282199144363,0.4335969090461731,0.13390851020812988,-0.04194401949644089,0.4427221715450287,0.18552447855472565,-0.03759962320327759,0.449371874332428,0.2090064436197281,-0.0285683311522007
0.5590277910232544,0.3374565839767456,-2.3797456094598601e-07,0.6231752634048462,0.34440767765045166,-0.020090444013476372,0.6802080273628235,0.2966117262840271,-0.02559507079422474,0.667721688747406,0.20858679711818695,-0.030638305470347404,0.6271448135375977,0.17072629928588867,-0.031105857342481613,0.7002524733543396,0.23683980107307434,0.0048750536516308784,0.7261098623275757,0.18151739239692688,-0.016284173354506493,0.6957600712776184,0.20938050746917725,-0.030042998492717743,0.6801405549049377,0.2347429096698761,-0.03773217648267746,0.6654307246208191,0.20491191744804382,0.002736835740506649,0.6892311573028564,0.14343097805976868,-0.023595770820975304,0.6617224812507629,0.18910160660743713,-0.03485444560647011,0.6494216322898865,0.22369936108589172,-0.03467331826686859,0.629157543182373,0.18902286887168884,-0.003917040769010782,0.6471433639526367,0.12210159003734589,-0.03445639833807945,0.6303589344024658,0.1722806990146637,-0.03530671074986458,0.6223952174186707,0.20613159239292145,-0.02727114036679268,0.5870763659477234,0.18286260962486267,-0.011864934116601944,0.5949452519416809,0.15070973336696625,-0.03645389899611473,0.589369535446167,0.19734857976436615,-0.03521958366036415,0.5881729125976562,0.2323933094739914,-0.02794133499264717
0.6067954897880554,0.35358843207359314,-2.0304936754200753e-07,0.6654364466667175,0.36189723014831543,-0.012796353548765182,0.7163693308830261,0.3141663372516632,-0.01795007847249508,0.7063868045806885,0.2395447939634323,-0.02340906858444214,0.6814353466033936,0.19712048768997192,-0.026090528815984726,0.7266400456428528,0.25812089443206787,-0.005040694493800402,0.7581000328063965,0.20937512814998627,-0.022483639419078827,0.7366594672203064,0.24400554597377777,-0.03318621963262558,0.7187631726264954,0.2706367075443268,-0.03954702615737915,0.6933484077453613,0.23243117332458496,-0.009673282504081726,0.7275009155273438,0.1729632019996643,-0.030847512185573578,0.7093071937561035,0.22483032941818237,-0.03968029096722603,0.6912702322006226,0.2585238516330719,-0.040757764130830765,0.6575776934623718,0.2190045863389969,-0.016833290457725525,0.6881397366523743,0.15528199076652527,-0.04206317290663719,0.6791418790817261,0.21145537495613098,-0.042173851281404495,0.6652812361717224,0.24206018447875977,-0.036478836089372635,0.6173186302185059,0.21507450938224792,-0.02431526966392994,0.645004391670227,0.19174589216709137,-0.045565925538539886,0.6439562439918518,0.23893363773822784,-0.044093746691942215,0.6354122161865234,0.26613152027130127,-0.039112914353609085
0.5916504263877869,0.3889133930206299,-2.067308741970919e-07,0.6470322608947754,0.3824768364429474,-0.010323885828256607,0.6875780820846558,0.3270472586154938,-0.013920724391937256,0.6716395616531372,0.2591390013694763,-0.01829884573817253,0.6433199644088745,0.22515632212162018,-0.02033526450395584,0.6893402338027954,0.2763466238975525,0.0025329424533993006,0.7126492857933044,0.23044367134571075,-0.01291271485388279,0.6976437568664551,0.2650749981403351,-0.02339615672826767,0.6840988397598267,0.2911592125892639,-0.029453769326210022,0.6568167805671692,0.258866548538208,-0.0021668397821485996,0.6817702054977417,0.2045351266860962,-0.02144240401685238,0.669899046421051,0.2507977783679962,-0.03042026236653328,0.6563080549240112,0.2810186743736267,-0.0316571369767189,0.623151421546936,0.2520160675048828,-0.009589266031980515,0.6474063992500305,0.18730686604976654,-0.034045156091451645,0.6433285474777222,0.23401382565498352,-0.03571782633662224,0.632820188999176,0.2592296302318573,-0.0311420951038599,0.5854649543762207,0.25381287932395935,-0.016963329166173935,0.6104922890663147,0.22599904239177704,-0.037904102355241776,0.6119621396064758,0.27160415053367615,-0.03666091337800026,0.605518639087677,0.299948513507843,-0.03166517987847328
0.5827634930610657,0.49664685130119324,-2.1219838686192816e-07,0.6277516484260559,0.4819881319999695,-0.013851333409547806,0.6620306968688965,0.42278382182121277,-0.02016853727400303,0.638290524482727,0.3678918182849884,-0.026470709592103958,0.605991542339325,0.3424072563648224,-0.02888731099665165,0.6605139374732971,0.3808530867099762,-0.003611059160903096,0.6767883896827698,0.3388204872608185,-0.023158345371484756,0.6631795167922974,0.38235047459602356,-0.03387030214071274,0.6516973972320557,0.40600013732910156,-0.03912460431456566,0.6272753477096558,0.36946162581443787,-0.007403249852359295,0.6454451084136963,0.32230839133262634,-0.02987663261592388,0.6384649872779846,0.3774403929710388,-0.03657465800642967,0.6291881203651428,0.4002138376235962,-0.03569851815700531,0.5953260660171509,0.3678637146949768,-0.014470250345766544,0.6132044196128845,0.3137543201446533,-0.03958525508642197,0.6130051612854004,0.3696143627166748,-0.03613530844449997,0.6049489974975586,0.3897589147090912,-0.02783343382179737,0.5619006156921387,0.37405651807785034,-0.02212311141192913,0.584717869758606,0.35209372639656067,-0.0405404232442379,0.5889039039611816,0.39482587575912476,-0.03624337539076805,0.5831146240234375,0.41166043281555176,-0.0292697474360466
0.5416284799575806,0.5310046672821045,-1.39916579655619e-07,0.5880929827690125,0.5065965056419373,-0.009911607019603252,0.6149640679359436,0.45411214232444763,-0.015448828227818012,0.5942322611808777,0.4063499867916107,-0.021826112642884254,0.5611857771873474,0.39573362469673157,-0.02586423046886921,0.6017498970031738,0.404433935880661,-0.0009549920214340091,0.6112781763076782,0.3685522973537445,-0.015259681269526482,0.609266996383667,0.4085923433303833,-0.025930840522050858,0.6039320826530457,0.43050500750541687,-0.03315237537026405,0.5729225277900696,0.4020770788192749,-0.005880127660930157,0.5835022330284119,0.3583568036556244,-0.023151792585849762,0.5871069431304932,0.4086836576461792,-0.030419817194342613,0.5800981521606445,0.43408137559890747,-0.03210088983178139,0.5446512699127197,0.40919461846351624,-0.013163462281227112,0.5571326613426208,0.3611624538898468,-0.034092072397470474,0.5654417276382446,0.410302996635437,-0.032336145639419556,0.5583490133285522,0.433798223733902,-0.026633156463503838,0.5148305892944336,0.42426764965057373,-0.020855197682976723,0.5367273092269897,0.39933645725250244,-0.03800377622246742,0.546842634677887,0.4340415894985199,-0.035319969058036804,0.5410652756690979,0.4529682993888855,-0.03032567724585533
0.5038193464279175,0.5428086519241333,-1.257050001868265e-07,0.544603705406189,0.5139495134353638,-0.010980027727782726,0.5660277009010315,0.4607697129249573,-0.015830539166927338,0.5451894402503967,0.41492760181427,-0.020900696516036987,0.5139340162277222,0.40436050295829773,-0.023778565227985382,0.5504042506217957,0.4265066981315613,-0.0014528074534609914,0.5565563440322876,0.38521647453308105,-0.015321662649512291,0.555887758731842,0.4184662699699402,-0.02520926110446453,0.5516406893730164,0.44110193848609924,-0.03091525472700596,0.5240820646286011,0.42566734552383423,-0.0037454001139849424,0.5292842388153076,0.37965747714042664,-0.01884009875357151,0.5342034697532654,0.42099636793136597,-0.024894176051020622,0.530400276184082,0.44692307710647583,-0.025590509176254272,0.49830958247184753,0.4323398470878601,-0.008418501354753971,0.5037695169448853,0.3821214735507965,-0.026481758803129196,0.5140387415885925,0.4193218946456909,-0.024648521095514297,0.5103815197944641,0.44345882534980774,-0.01904844306409359,0.4704119563102722,0.44551312923431396,-0.013650953769683838,0.48588767647743225,0.412532776594162,-0.028058627620339394,0.4971042275428772,0.44074979424476624,-0.024561410769820213,0.4939761757850647,0.4633038341999054,-0.018958909437060356
0.4476269483566284,0.5503743290901184,-9.670831246921807e-08,0.4858771562576294,0.5268176794052124,-0.014227500185370445,0.5054115653038025,0.46927908062934875,-0.019188299775123596,0.47516486048698425,0.42345288395881653,-0.02276238054037094,0.4434646666049957,0.4081420302391052,-0.023468535393476486,0.49655166268348694,0.4378490149974823,-0.00439109792932868,0.5013877749443054,0.3921405076980591,-0.017910923808813095,0.49827271699905396,0.42632704973220825,-0.025104140862822533,0.495240181684494,0.44837814569473267,-0.02826325036585331,0.46631136536598206,0.4354456067085266,-0.004210226237773895,0.4742327630519867,0.3870079517364502,-0.018956756219267845,0.47533664107322693,0.4284151792526245,-0.02418416179716587,0.4734630286693573,0.45150965452194214,-0.023752914741635323,0.43913477659225464,0.4409092962741852,-0.006626428570598364,0.4435097873210907,0.3839212954044342,-0.025496263056993484,0.451447993516922,0.41699084639549255,-0.025493107736110687,0.45148682594299316,0.43582117557525635,-0.020954802632331848,0.40990763902664185,0.45244279503822327,-0.009375032037496567,0.4224672317504883,0.42019686102867126,-0.024924132972955704,0.4347744584083557,0.4520248770713806,-0.022746503353118896,0.4376858174800873,0.47675734758377075,-0.017701270058751106
0.43064966797828674,0.5531431436538696,-2.0348979035134107e-07,0.4731768071651459,0.5308469533920288,-0.010792173445224762,0.4975343644618988,0.47295066714286804,-0.01444424781948328,0.4752993881702423,0.4207670986652374,-0.018183832988142967,0.445891410112381,0.3989065885543823,-0.01929016225039959,0.49114319682121277,0.43933185935020447,-0.0007948828861117363,0.49966636300086975,0.3900311291217804,-0.0163812767714262,0.49255216121673584,0.42778322100639343,-0.02457328699529171,0.4857730269432068,0.4522911608219147,-0.02801128476858139,0.4614860415458679,0.434149831533432,-0.0031555865425616503,0.4703444540500641,0.3815332055091858,-0.02110290713608265,0.4682161808013916,0.43284034729003906,-0.026029594242572784,0.4618791937828064,0.4610479772090912,-0.0241246297955513,0.4321518540382385,0.43653395771980286,-0.007999509572982788,0.43894514441490173,0.38324153423309326,-0.02969954162836075,0.4440620243549347,0.43641197681427,-0.025103207677602768,0.4400289058685303,0.4657020568847656,-0.015570704825222492,0.39940375089645386,0.44509226083755493,-0.01309120561927557,0.4113602936267853,0.4109604060649872,-0.02973298169672489,0.41910696029663086,0.4498223066329956,-0.02415762096643448,0.41723448038101196,0.47500357031822205,-0.015621655620634556
0.418972909450531,0.5753659605979919,-2.1124338900335715e-07,0.4695853888988495,0.5582391023635864,-0.013170646503567696,0.5013757944107056,0.5022394061088562,-0.016838176175951958,0.48046788573265076,0.442287802696228,-0.020445071160793304,0.45073094964027405,0.4135762155056,-0.02124270424246788,0.5009087324142456,0.46157726645469666,0.00019821032765321434,0.5130390524864197,0.41139012575149536,-0.015237957239151001,0.49876320362091064,0.4460890293121338,-0.024212421849370003,0.4906467795372009,0.4738392233848572,-0.02864645980298519,0.46797317266464233,0.45008039474487305,-0.0015244146343320608,0.47845807671546936,0.39447683095932007,-0.021813008934259415,0.46859151124954224,0.4455813765525818,-0.028815407305955887,0.4615173041820526,0.4823422133922577,-0.027282506227493286,0.4360131621360779,0.4486444592475891,-0.006011380348354578,0.44237634539604187,0.39113569259643555,-0.029608380049467087,0.44142088294029236,0.4443982243537903,-0.02774013765156269,0.4375152587890625,0.47956982254981995,-0.019298840314149857,0.4012662172317505,0.45564255118370056,-0.010993819683790207,0.4108959436416626,0.42311331629753113,-0.0302193034440279,0.4163873791694641,0.46239790320396423,-0.0275740884244442,0.41704633831977844,0.49094510078430176,-0.020457589998841286
0.39937883615493774,0.5790386199951172,-1.9102054693576065e-07,0.4498167932033539,0.5571901202201843,-0.01509819831699133,0.48518893122673035,0.4960676431655884,-0.021301699802279472,0.47127100825309753,0.4292546212673187,-0.027159620076417923,0.43725037574768066,0.39611566066741943,-0.030344538390636444,0.470417857170105,0.44608044624328613,-0.004180289339274168,0.4840942919254303,0.39834535121917725,-0.02119091898202896,0.4779297709465027,0.4392686188220978,-0.03139324486255646,0.46935296058654785,0.4622291922569275,-0.03664516285061836,0.4384497404098511,0.4368606507778168,-0.006188942585140467,0.4494512379169464,0.3801836669445038,-0.02691015601158142,0.44792428612709045,0.4402086138725281,-0.03366725891828537,0.43915098905563354,0.4760911762714386,-0.03247373178601265,0.4065612852573395,0.43696165084838867,-0.010780842043459415,0.4156103730201721,0.3838081359863281,-0.035596802830696106,0.4216059446334839,0.4467945098876953,-0.031019313260912895,0.41517385840415955,0.48462820053100586,-0.020526664331555367,0.37111830711364746,0.443563312292099,-0.01598885841667652,0.3873603343963623,0.40616685152053833,-0.03517653048038483,0.3960595726966858,0.4500219225883484,-0.0291732270270586,0.3915865421295166,0.48151957988739014,-0.019515741616487503
0.3864019215106964,0.5776734948158264,-2.2120212861409527e-07,0.435322105884552,0.5557830929756165,-0.01942470483481884,0.4728792905807495,0.4914785623550415,-0.02814643085002899,0.4619739353656769,0.42439985275268555,-0.035603322088718414,0.43126043677330017,0.3829343914985657,-0.04049280658364296,0.4491434693336487,0.43384695053100586,-0.009893047623336315,0.4639109969139099,0.39007145166397095,-0.034396201372146606,0.45812201499938965,0.43103834986686707,-0.047745730727910995,0.4445078372955322,0.4606706202030182,-0.05324924364686012,0.41523492336273193,0.4289569556713104,-0.010665740817785263,0.42677709460258484,0.3781868815422058,-0.03708742931485176,0.4291190207004547,0.4470299780368805,-0.04395539313554764,0.4201967716217041,0.48508161306381226,-0.041769109666347504,0.3822624087333679,0.4352617859840393,-0.015028213150799274,0.3949701488018036,0.38094305992126465,-0.047401029616594315,0.4044431149959564,0.4507474899291992,-0.0418042428791523,0.3985007405281067,0.48683053255081177,-0.02932276763021946,0.34573841094970703,0.45080316066741943,-0.01989504136145115,0.3648819923400879,0.420572966337204,-0.04646763205528259,0.3777680993080139,0.4701350927352905,-0.04172497242689133,0.3754744231700897,0.49627313017845154,-0.03167608752846718
0.3792884051799774,0.5840858221054077,-2.9754315278296417e-07,0.43120092153549194,0.5634205937385559,-0.019545992836356163,0.4746691882610321,0.5021809339523315,-0.027144283056259155,0.46627700328826904,0.43050485849380493,-0.03308769688010216,0.4321102201938629,0.3899381160736084,-0.03648645803332329,0.45807069540023804,0.44166406989097595,-0.006971228867769241,0.47502827644348145,0.4019787907600403,-0.029925283044576645,0.46236374974250793,0.44244977831840515,-0.0424329936504364,0.4489299952983856,0.46481963992118835,-0.04803842306137085,0.4238877594470978,0.4331589937210083,-0.0072599067352712154,0.4361788332462311,0.38281694054603577,-0.033579111099243164,0.4306911528110504,0.4499967098236084,-0.04077548906207085,0.4217158854007721,0.48634999990463257,-0.038458675146102905,0.39046162366867065,0.4358194172382355,-0.01092379167675972,0.4013964533805847,0.38636350631713867,-0.0435798205435276,0.4034173786640167,0.4600626528263092,-0.03766034543514252,0.39672040939331055,0.4977751076221466,-0.024294815957546234,0.3529694080352783,0.44707632064819336,-0.015057149343192577,0.3667769730091095,0.4160376191139221,-0.04094250127673149,0.3736436665058136,0.4692997634410858,-0.03516310080885887,0.3708094656467438,0.49699291586875916,-0.023999392986297607
0.32797467708587646,0.5482754707336426,-2.750898886461073e-07,0.38339757919311523,0.5270378589630127,-0.026193693280220032,0.4239460825920105,0.4690777659416199,-0.031382493674755096,0.4120032489299774,0.39252421259880066,-0.035047296434640884,0.3854186534881592,0.352708101272583,-0.03163830563426018,0.44879335165023804,0.42802694439888,0.007157678250223398,0.45008960366249084,0.3665516972541809,-0.021634230390191078,0.4322303235530853,0.4081558287143707,-0.03656111657619476,0.4307120740413666,0.43523746728897095,-0.04120858758687973,0.41250699758529663,0.4130232334136963,0.009374643675982952,0.40970882773399353,0.35610371828079224,-0.023886101320385933,0.396982342004776,0.41760557889938354,-0.033601950854063034,0.3990519642829895,0.44308844208717346,-0.02974589355289936,0.37683042883872986,0.4074963629245758,0.004718633834272623,0.36875617504119873,0.3626974821090698,-0.03377362713217735,0.36348092555999756,0.42636632919311523,-0.033420294523239136,0.3675854206085205,0.4523385465145111,-0.02035370282828808,0.3392183780670166,0.4093126654624939,-0.0016556584741920233,0.33814939856529236,0.37609902024269104,-0.025398001074790955,0.33902621269226074,0.42160195112228394,-0.021740594878792763,0.3424031436443329,0.44718697667121887,-0.010648918338119984
0.2995404005050659,0.516414999961853,-2.8446058308873035e-07,0.3529719114303589,0.49328526854515076,-0.03417455032467842,0.39180585741996765,0.4294002652168274,-0.03983096405863762,0.3800368905067444,0.3529908359050751,-0.041097741574048996,0.35698992013931274,0.3062422573566437,-0.03346504643559456,0.4363147020339966,0.3856545686721802,0.008111798204481602,0.41759729385375977,0.3256232440471649,-0.024449720978736877,0.3994104564189911,0.3724762201309204,-0.044084180146455765,0.4039411246776581,0.40096062421798706,-0.05182787403464317,0.4003483057022095,0.3683156371116638,0.014526947401463985,0.3840818405151367,0.3070264160633087,-0.020223909988999367,0.36826378107070923,0.3723229169845581,-0.031774189323186874,0.3753197491168976,0.3974597752094269,-0.028704095631837845,0.36220091581344604,0.36127084493637085,0.012369855307042599,0.34651312232017517,0.3140718638896942,-0.02905227430164814,0.337210088968277,0.37930020689964294,-0.03176368772983551,0.3464679718017578,0.40257230401039124,-0.020172446966171265,0.3245033621788025,0.36647331714630127,0.007774369791150093,0.3175853192806244,0.3362104296684265,-0.02067412994801998,0.3144437074661255,0.38478514552116394,-0.020997073501348495,0.32070672512054443,0.4081854820251465,-0.011597813107073307
0.2885725498199463,0.5119527578353882,-2.981736315632588e-07,0.3414701521396637,0.48186150193214417,-0.033895038068294525,0.3755103647708893,0.41709601879119873,-0.038680363446474075,0.3600301146507263,0.3383384943008423,-0.04018808901309967,0.3371683955192566,0.29349371790885925,-0.03374050185084343,0.41981521248817444,0.3823294937610626,0.01535671204328537,0.41153427958488464,0.3151208460330963,-0.015802230685949326,0.38893237709999084,0.3528781533241272,-0.03661356866359711,0.38410550355911255,0.3880389332771301,-0.04439528286457062,0.3827446401119232,0.3629198372364044,0.022262047976255417,0.372331440448761,0.29386186599731445,-0.012246521189808846,0.3533286154270172,0.3466828465461731,-0.03040488250553608,0.35635706782341003,0.375861793756485,-0.03168050944805145,0.3450082838535309,0.3552432656288147,0.020402587950229645,0.3333810269832611,0.3025031089782715,-0.020525336265563965,0.32288312911987305,0.3563292622566223,-0.03286432474851608,0.3279411494731903,0.38578206300735474,-0.027291541919112206,0.3091500997543335,0.3623276948928833,0.016454800963401794,0.3070601224899292,0.32372960448265076,-0.011259597726166248,0.30225247144699097,0.3647502064704895,-0.01659565046429634,0.3049628734588623,0.394793838262558,-0.011005171574652195
0.27613911032676697,0.5293977856636047,-3.8604716223744617e-07,0.32871365547180176,0.49622416496276855,-0.03353183716535568,0.36395522952079773,0.4326367676258087,-0.03614022210240364,0.34966105222702026,0.3667661249637604,-0.03472183644771576,0.32480567693710327,0.3296445608139038,-0.02550341933965683,0.4109192490577698,0.39089834690093994,0.01361981499940157,0.3983074426651001,0.322821706533432,-0.018025215715169907,0.372930109500885,0.3632737100124359,-0.04026288539171219,0.37046176195144653,0.39917635917663574,-0.0488898865878582,0.37337860465049744,0.37371647357940674,0.02203695848584175,0.36311912536621094,0.3047659695148468,-0.011676544323563576,0.3377504050731659,0.3591855466365814,-0.030814794823527336,0.340214341878891,0.39099395275115967,-0.03296448290348053,0.33610373735427856,0.36468636989593506,0.021924840286374092,0.3263190686702728,0.31287941336631775,-0.015246587805449963,0.30986106395721436,0.36511486768722534,-0.028540991246700287,0.3157404363155365,0.396857351064682,-0.024748925119638443,0.3028007745742798,0.3714652359485626,0.01948132924735546,0.29519522190093994,0.33543065190315247,-0.004545908421278,0.28963419795036316,0.3748849630355835,-0.010840298607945442,0.29564905166625977,0.40590882301330566,-0.00664460938423872
0.2522411048412323,0.5701297521591187,-2.916209496106603e-07,0.30622032284736633,0.5428614616394043,-0.04670548066496849,0.33828485012054443,0.47179535031318665,-0.06123330071568489,0.3177236318588257,0.39636701345443726,-0.07113033533096313,0.2874273657798767,0.35359328985214233,-0.07209093123674393,0.3834278881549835,0.4098348617553711,-3.921438838005997e-05,0.36944276094436646,0.3413795232772827,-0.039740972220897675,0.3457690477371216,0.396329790353775,-0.06426811218261719,0.3475162088871002,0.4284542500972748,-0.07415847480297089,0.34145182371139526,0.3909355401992798,0.01089268084615469,0.33053672313690186,0.3288327157497406,-0.03394050523638725,0.3061460852622986,0.39866504073143005,-0.05272682383656502,0.31078991293907166,0.42425668239593506,-0.052879683673381805,0.2997411787509918,0.38123297691345215,0.011796819977462292,0.2910950779914856,0.32905909419059753,-0.03329067677259445,0.27594199776649475,0.392558753490448,-0.04030317813158035,0.28243666887283325,0.4208396375179291,-0.031216280534863472,0.2602316737174988,0.3816024959087372,0.00886450707912445,0.2524816393852234,0.3471705913543701,-0.017985163256525993,0.24892371892929077,0.3906634449958801,-0.02051551640033722,0.2577579617500305,0.41656315326690674,-0.013443897478282452
0.25675249099731445,0.575104296207428,-3.2049354103946825e-07,0.30844172835350037,0.5473909378051758,-0.042302705347537994,0.3409307599067688,0.47727882862091064,-0.055091362446546555,0.31784799695014954,0.4041684865951538,-0.06355072557926178,0.28770190477371216,0.36069852113723755,-0.06338636577129364,0.38423001766204834,0.4095118045806885,-0.0017879833467304707,0.3722425103187561,0.3430178761482239,-0.04012240096926689,0.3509061336517334,0.40021637082099915,-0.06361617892980576,0.3535395860671997,0.43338584899902344,-0.07342656701803207,0.3409690856933594,0.3925633728504181,0.006623073015362024,0.33363181352615356,0.3290998339653015,-0.03184955194592476,0.3123880922794342,0.3997977077960968,-0.04644201695919037,0.3188784420490265,0.4232901334762573,-0.0461118258535862,0.29851141571998596,0.38670459389686584,0.005689961835741997,0.29237237572669983,0.33188575506210327,-0.03577688708901405,0.2792969346046448,0.3996039927005768,-0.03855007514357567,0.2872631251811981,0.4261265695095062,-0.028497129678726196,0.2579723000526428,0.39284440875053406,0.0013200504472479224,0.25298410654067993,0.3561554551124573,-0.024401869624853134,0.250527024269104,0.40429890155792236,-0.023330379277467728,0.25837042927742004,0.4295174479484558,-0.014499853365123272
0.2887723743915558,0.5402368903160095,-2.0204167583415256e-07,0.34357693791389465,0.5115556120872498,-0.022745897993445396,0.3731094300746918,0.4474391043186188,-0.025570029392838478,0.3484571874141693,0.3771972060203552,-0.02794501557946205,0.3179784119129181,0.3463594317436218,-0.02537764422595501,0.4046565294265747,0.4103474020957947,0.014911836013197899,0.41270697116851807,0.34592702984809875,-0.006262488663196564,0.39364007115364075,0.3738273084163666,-0.021774178370833397,0.3854583501815796,0.40634292364120483,-0.028609521687030792,0.3678329586982727,0.39322808384895325,0.016845639795064926,0.37283918261528015,0.3277069926261902,-0.007140075787901878,0.35514652729034424,0.3679268956184387,-0.021802550181746483,0.3516501188278198,0.40042737126350403,-0.02409922145307064,0.3315606117248535,0.3882874548435211,0.012590036727488041,0.33031442761421204,0.3312048017978668,-0.01662188209593296,0.3189227283000946,0.37889596819877625,-0.02457878366112709,0.31846484541893005,0.41395097970962524,-0.02005326747894287,0.2952263653278351,0.394367516040802,0.006714158691465855,0.29494842886924744,0.3555644750595093,-0.011854595504701138,0.2919407784938812,0.3871280550956726,-0.01246564369648695,0.2934073209762573,0.4144001603126526,-0.006876063533127308
0.32784733176231384,0.5245171785354614,-2.422128204671026e-07,0.3773553967475891,0.5032293200492859,-0.010241414420306683,0.40367209911346436,0.45477521419525146,-0.01291799545288086,0.39198943972587585,0.3963855803012848,-0.017087452113628387,0.37389707565307617,0.3625375032424927,-0.017629126086831093,0.4227551817893982,0.42306652665138245,0.006912443321198225,0.43805038928985596,0.3658653497695923,-0.011568762362003326,0.42251113057136536,0.39904963970184326,-0.022708754986524582,0.41563940048217773,0.4253027141094208,-0.028108583763241768,0.3908208906650543,0.4089367389678955,0.0033620516769587994,0.4050610363483429,0.34932589530944824,-0.016252605244517326,0.3901927173137665,0.3950328230857849,-0.02320471778512001,0.3859698176383972,0.42205482721328735,-0.022964071482419968,0.3591853678226471,0.4033953547477722,-0.0038694131653755903,0.3715192675590515,0.3472652733325958,-0.02651812694966793,0.36178141832351685,0.3946656882762909,-0.023943234235048294,0.3573722541332245,0.4218280017375946,-0.016026964411139488,0.3256640136241913,0.40516823530197144,-0.011877231299877167,0.3327977657318115,0.37175852060317993,-0.027995824813842773,0.3326314687728882,0.40612101554870605,-0.02434587851166725,0.334232360124588,0.42908167839050293,-0.017535477876663208
0.20707428455352783,0.6665298938751221,1.8898305143011385e-07,0.25013020634651184,0.6590359210968018,-0.019803320989012718,0.28339365124702454,0.6201820969581604,-0.02743823453783989,0.297814279794693,0.5698797106742859,-0.03454520180821419,0.30380624532699585,0.5298381447792053,-0.04016305133700371,0.29833096265792847,0.5571355819702148,0.00025122478837147355,0.32168519496917725,0.5103370547294617,-0.01516961120069027,0.32616859674453735,0.5009910464286804,-0.029303809627890587,0.3226592540740967,0.5095365047454834,-0.03636026382446289,0.27187949419021606,0.5368467569351196,0.0038831804413348436,0.2899981141090393,0.4879453778266907,-0.005682905670255423,0.2940481901168823,0.480679988861084,-0.015553506091237068,0.2962779402732849,0.4853751063346863,-0.021306809037923813,0.2432289868593216,0.5279394388198853,0.003289886051788926,0.25890466570854187,0.4825962781906128,-0.007051249034702778,0.26341038942337036,0.4791887104511261,-0.009399461559951305,0.2650146186351776,0.4891127347946167,-0.009326821193099022,0.21504360437393188,0.530381441116333,0.0004839053435716778,0.22706753015518188,0.4940725862979889,-0.006959562189877033,0.23341280221939087,0.4913226366043091,-0.005282669793814421,0.23686736822128296,0.49864208698272705,-0.0020822251681238413
0.5098605751991272,0.6530665159225464,-2.86755209799594e-07,0.4688321650028229,0.6383610367774963,-0.011893952265381813,0.4378198981285095,0.5798537731170654,-0.016627902165055275,0.4349193871021271,0.5302736163139343,-0.02388603426516056,0.43881818652153015,0.4899555444717407,-0.030503006651997566,0.4576304852962494,0.5228606462478638,-7.856790034566075e-05,0.44522103667259216,0.4863370656967163,-0.02866533398628235,0.4360126852989197,0.5206694602966309,-0.04638683423399925,0.4363779127597809,0.5561760663986206,-0.05300918221473694,0.4835830330848694,0.5116809606552124,-0.006481423042714596,0.4670554995536804,0.46489381790161133,-0.03647283837199211,0.4565649628639221,0.5126275420188904,-0.04715955629944801,0.461564838886261,0.54683917760849,-0.0447152815759182,0.5137510299682617,0.5109809637069702,-0.017315320670604706,0.49949172139167786,0.4762785732746124,-0.0463242307305336,0.49196019768714905,0.5337687134742737,-0.0432196669280529,0.49707120656967163,0.564953625202179,-0.031007269397377968,0.5465646386146545,0.5181593894958496,-0.029203422367572784,0.5320431590080261,0.48654666543006897,-0.04548851400613785,0.5227671265602112,0.5253419876098633,-0.03764713555574417,0.5256604552268982,0.5494241714477539,-0.025617094710469246
0.5908715724945068,0.5217110514640808,-4.819156060875684e-07,0.5292925834655762,0.4939352869987488,-0.007977657951414585,0.48424968123435974,0.4409125745296478,-0.012818952091038227,0.4813742935657501,0.37282052636146545,-0.022239385172724724,0.513959527015686,0.32998234033584595,-0.029431985691189766,0.5045623779296875,0.3746265769004822,0.014113659970462322,0.4889637231826782,0.3253045380115509,-0.013412781991064548,0.4997801184654236,0.3730507791042328,-0.031269486993551254,0.5118526220321655,0.408145934343338,-0.03848504647612572,0.5388088226318359,0.361160546541214,0.0072677647694945335,0.5257233381271362,0.3108440637588501,-0.021168481558561325,0.5353386402130127,0.3784611225128174,-0.028946738690137863,0.5467824935913086,0.41816064715385437,-0.024906834587454796,0.574452817440033,0.35605156421661377,-0.004721342120319605,0.5610513687133789,0.30732661485671997,-0.03166140988469124,0.5640403032302856,0.3751905858516693,-0.023911435157060623,0.5719382166862488,0.41771435737609863,-0.008630755357444286,0.615140438079834,0.3602609634399414,-0.01793675683438778,0.59855717420578,0.31543201208114624,-0.03067135065793991,0.5934540033340454,0.359367311000824,-0.019819796085357666,0.5947363376617432,0.3917081952095032,-0.006197179667651653
0.6718056201934814,0.5603752136230469,-5.94732796344033e-07,0.6082472801208496,0.5465933084487915,-0.016771983355283737,0.5639833211898804,0.4788477420806885,-0.024186426773667336,0.5680121183395386,0.40762823820114136,-0.032958369702100754,0.5860963463783264,0.3622240722179413,-0.0380006842315197,0.5789675116539001,0.4047592878341675,-0.0056919497437775135,0.5762538313865662,0.34801679849624634,-0.038189541548490524,0.5925707817077637,0.4052979648113251,-0.0564824603497982,0.6017005443572998,0.44636574387550354,-0.06364713609218597,0.618739902973175,0.392910897731781,-0.009820647537708282,0.616571843624115,0.338078111410141,-0.04297981038689613,0.6291491985321045,0.4158264994621277,-0.049969445914030075,0.6329321265220642,0.4569186866283417,-0.04584403708577156,0.6581855416297913,0.39072808623313904,-0.019015032798051834,0.6588282585144043,0.3400733470916748,-0.05227406695485115,0.6630269289016724,0.4166519343852997,-0.042845726013183594,0.6614379286766052,0.4588624835014343,-0.02658063732087612,0.6988782286643982,0.3971841335296631,-0.02967599593102932,0.6998282074928284,0.3507317900657654,-0.04942675679922104,0.6965795755386353,0.40152978897094727,-0.03871030732989311,0.6890347599983215,0.4339699149131775,-0.0246292594820261
0.6969931125640869,0.5641005039215088,-4.797028054781549e-07,0.6418687105178833,0.5437005162239075,-0.03004384972155094,0.6033698320388794,0.48135775327682495,-0.04659952223300934,0.6208742260932922,0.4149288237094879,-0.06174667552113533,0.6543993949890137,0.3762124478816986,-0.07202677428722382,0.6204151511192322,0.381161630153656,-0.018582886084914207,0.6322826147079468,0.3453162610530853,-0.05772274732589722,0.6451513171195984,0.4092119634151459,-0.08048518002033234,0.6498918533325195,0.45181775093078613,-0.09051939100027084,0.6630209684371948,0.37621521949768066,-0.018289027735590935,0.6755151748657227,0.3409031927585602,-0.05866989120841026,0.6810968518257141,0.4228309690952301,-0.06848859786987305,0.676485002040863,0.46329838037490845,-0.06583617627620697,0.7030454874038696,0.380828857421875,-0.02439911663532257,0.7186876535415649,0.3496165871620178,-0.06280900537967682,0.715414822101593,0.425942599773407,-0.05593340843915939,0.7030322551727295,0.463868647813797,-0.04115666449069977,0.7406002879142761,0.3961722254753113,-0.03314222767949104,0.7539750337600708,0.36456331610679626,-0.05584845319390297,0.7460525035858154,0.41806232929229736,-0.04732506349682808,0.7301850914955139,0.44792330265045166,-0.0344560332596302
0.7301700711250305,0.5738106369972229,-4.1757863300517784e-07,0.6716338992118835,0.5391454696655273,-0.04158037155866623,0.6363376379013062,0.46128129959106445,-0.062379274517297745,0.6531783938407898,0.39255839586257935,-0.0797508955001831,0.6850677132606506,0.34700435400009155,-0.0902748554944992,0.6736809611320496,0.3473813831806183,-0.027293795719742775,0.6854825615882874,0.30919361114501953,-0.07568823546171188,0.6922461986541748,0.3782365024089813,-0.1006353348493576,0.6936951875686646,0.435425341129303,-0.10941558331251144,0.7251531481742859,0.35410940647125244,-0.023631984367966652,0.7382849454879761,0.31977126002311707,-0.07447323948144913,0.728287935256958,0.41831305623054504,-0.084451824426651,0.7192749977111816,0.4614601135253906,-0.07818350940942764,0.7708665132522583,0.3750552535057068,-0.028483524918556213,0.7874237895011902,0.34782350063323975,-0.07877799868583679,0.7673348188400269,0.4305935502052307,-0.0704825296998024,0.749622106552124,0.46469560265541077,-0.05090586096048355,0.8117111921310425,0.40774571895599365,-0.036645207554101944,0.8322585225105286,0.37549588084220886,-0.0695432499051094,0.8114639520645142,0.4238961637020111,-0.0619659498333931,0.788485050201416,0.4450704753398895,-0.04660090059041977
0.5726417303085327,0.5715796947479248,-8.014587820071029e-07,0.5124486684799194,0.4904751777648926,-0.003532548202201724,0.48772841691970825,0.38930535316467285,-0.002575558377429843,0.49175339937210083,0.3219726085662842,-0.006184810306876898,0.5012333393096924,0.2755114436149597,-0.004480654839426279,0.5374906063079834,0.2775862514972687,0.03157255798578262,0.49916720390319824,0.23747903108596802,-0.0084166144952178,0.4869733452796936,0.32270124554634094,-0.034581564366817474,0.4949072599411011,0.3706073760986328,-0.044425349682569504,0.573951005935669,0.28016746044158936,0.018442945554852486,0.5334561467170715,0.23405486345291138,-0.02298424206674099,0.5154587030410767,0.3413330912590027,-0.033845964819192886,0.5258967280387878,0.39090317487716675,-0.027301039546728134,0.6148223280906677,0.29589563608169556,-0.0016577593050897121,0.5717920064926147,0.25792044401168823,-0.03756457194685936,0.5494067072868347,0.36182284355163574,-0.02212551049888134,0.5599281191825867,0.40408051013946533,0.0009609492844901979,0.6583440899848938,0.3294239044189453,-0.023501180112361908,0.6203533411026001,0.28956422209739685,-0.037970732897520065,0.5915831923484802,0.3616860806941986,-0.01731870323419571,0.5949961543083191,0.395679771900177,0.00617562048137188
0.39637407660484314,0.5240963697433472,-1.0349131116527133e-06,0.2874060571193695,0.45641639828681946,-0.025231052190065384,0.20621293783187866,0.32270556688308716,-0.03601102903485298,0.2287825495004654,0.198212668299675,-0.052453987300395966,0.3134838044643402,0.14737236499786377,-0.06224065274000168,0.26140403747558594,0.18913546204566956,0.02230009064078331,0.23620164394378662,0.10278965532779694,-0.04313153773546219,0.250161349773407,0.21811510622501373,-0.08249254524707794,0.2736457586288452,0.2907100319862366,-0.09857676178216934,0.33940425515174866,0.17710448801517487,0.009053356014192104,0.3161850571632385,0.06481845676898956,-0.06201471388339996,0.31606435775756836,0.23093682527542114,-0.07592109590768814,0.3359227776527405,0.32053765654563904,-0.061056897044181824,0.415336012840271,0.1913636177778244,-0.016524385660886765,0.3954068124294281,0.09727707505226135,-0.08696011453866959,0.3818857669830322,0.26357710361480713,-0.06306841969490051,0.393441379070282,0.35149329900741577,-0.02072712406516075,0.5007026195526123,0.23234450817108154,-0.04522545635700226,0.470293790102005,0.15060009062290192,-0.08150967210531235,0.44766026735305786,0.2538096010684967,-0.05535697191953659,0.449489027261734,0.31166911125183105,-0.02175433374941349
0.3345542550086975,0.6537507772445679,-1.1999367188764154e-06,0.19485193490982056,0.5675009489059448,-0.027685917913913727,0.0974341630935669,0.40775611996650696,-0.040128231048583984,0.11117689311504364,0.25309762358665466,-0.060899294912815094,0.1998523622751236,0.1747560203075409,-0.07225050032138824,0.12871769070625305,0.24279630184173584,0.03430251404643059,0.09568595886230469,0.12372583150863647,-0.04552023112773895,0.12769249081611633,0.2653745412826538,-0.09292488545179367,0.16349869966506958,0.3544967472553253,-0.11093427240848541,0.2259763479232788,0.21415293216705322,0.015665650367736816,0.20085954666137695,0.07201217114925385,-0.06998328864574432,0.21249450743198395,0.2734045684337616,-0.08737677335739136,0.23938241600990295,0.3752078711986542,-0.06904784590005875,0.3232210874557495,0.22448118031024933,-0.017924321815371513,0.3015751838684082,0.11003983020782471,-0.10037737339735031,0.2956276535987854,0.3142659068107605,-0.07083272188901901,0.31661123037338257,0.41254544258117676,-0.019408656284213066,0.43473702669143677,0.26517078280448914,-0.055335015058517456,0.4010292589664459,0.1753545105457306,-0.09302210807800293,0.3792453408241272,0.306292861700058,-0.05791666358709335,0.3836532235145569,0.37171149253845215,-0.015048060566186905
0.2638276517391205,0.8236455917358398,-1.7518555068818387e-06,0.09625230729579926,0.7607976198196411,-0.0599122978746891,-0.040523141622543335,0.55818772315979,-0.08613415062427521,-0.06752367317676544,0.37189844250679016,-0.11577658355236053,-0.044730931520462036,0.2399149388074875,-0.12859976291656494,0.009485259652137756,0.25113868713378906,0.006782615557312965,-0.07216151058673859,0.13023485243320465,-0.11569761484861374,-0.06012994050979614,0.3074503540992737,-0.1798485368490219,-0.01757827401161194,0.42887598276138306,-0.1999243050813675,0.12281055748462677,0.2363804578781128,-0.009653526358306408,0.04279819875955582,0.10286948084831238,-0.13946951925754547,0.04725641757249832,0.37230777740478516,-0.16298073530197144,0.10036260634660721,0.48369932174682617,-0.1380729079246521,0.23876170814037323,0.2688116133213043,-0.048854995518922806,0.1665404587984085,0.16390466690063477,-0.17535404860973358,0.1560949683189392,0.42562612891197205,-0.13489697873592377,0.20172780752182007,0.517659604549408,-0.06630794703960419,0.3665074110031128,0.33361729979515076,-0.09465440362691879,0.300445020198822,0.2574814558029175,-0.16455711424350739,0.2687010169029236,0.4263460040092468,-0.1277010291814804,0.2903468608856201,0.48855116963386536,-0.07562132179737091
0.28632116317749023,0.8833852410316467,-1.8861819626181386e-06,0.11056848615407944,0.8036243915557861,-0.05856897309422493,-0.03135204315185547,0.610472559928894,-0.08990809321403503,-0.05471894145011902,0.41709667444229126,-0.1258281022310257,0.0008506327867507935,0.2790597677230835,-0.14518706500530243,0.025749564170837402,0.2950482666492462,0.003531483467668295,-0.04887498915195465,0.1631188541650772,-0.11996683478355408,-0.03387753665447235,0.3559500277042389,-0.181267648935318,0.009288802742958069,0.4884645640850067,-0.19925586879253387,0.1431540995836258,0.2768484354019165,-0.015153949148952961,0.06512551754713058,0.13950702548027039,-0.14280317723751068,0.07361595332622528,0.4241604804992676,-0.15871866047382355,0.12634983658790588,0.5333461761474609,-0.129033163189888,0.26586130261421204,0.3066389560699463,-0.056761350482702255,0.1953895092010498,0.2021643966436386,-0.18395043909549713,0.19010449945926666,0.47061851620674133,-0.13952603936195374,0.2360680103302002,0.5532236695289612,-0.06860264390707016,0.4004453718662262,0.37087616324424744,-0.10439357161521912,0.3292999267578125,0.29443058371543884,-0.17105787992477417,0.3017052412033081,0.46857333183288574,-0.1285560131072998,0.3257750868797302,0.5242729187011719,-0.0735286995768547
0.399008572101593,0.8488860726356506,-1.7329061847703997e-06,0.22222892940044403,0.7445592880249023,-0.04789312183856964,0.07713331282138824,0.5487983226776123,-0.08318820595741272,0.09771853685379028,0.3705500364303589,-0.12749303877353668,0.22056728601455688,0.2812349200248718,-0.1598828136920929,0.1878494918346405,0.2400917261838913,0.010334821417927742,0.13281740248203278,0.12104159593582153,-0.113053098320961,0.12724582850933075,0.2840671241283417,-0.1805645078420639,0.14240844547748566,0.3889237344264984,-0.20578786730766296,0.30267685651779175,0.2303611934185028,-0.01540190540254116,0.223428875207901,0.12465444207191467,-0.13973841071128845,0.21831923723220825,0.38468798995018005,-0.1556859016418457,0.25848203897476196,0.48467737436294556,-0.12863606214523315,0.42273303866386414,0.2597898542881012,-0.06425485014915466,0.3460741639137268,0.1842697113752365,-0.18476399779319763,0.33151474595069885,0.4314626157283783,-0.14443238079547882,0.3649393320083618,0.5087112188339233,-0.07840336114168167,0.5526195764541626,0.3268125653266907,-0.119168221950531,0.4741993844509125,0.25463491678237915,-0.17599382996559143,0.4422084391117096,0.41838526725769043,-0.13245727121829987,0.46096497774124146,0.47221702337265015,-0.07928004115819931
0.5306208729743958,0.7833009958267212,-1.388590703754744e-06,0.3629570007324219,0.6901171207427979,-0.06614218652248383,0.23033910989761353,0.4822462499141693,-0.10127358138561249,0.25981128215789795,0.29316768050193787,-0.14043238759040833,0.3922649621963501,0.22427740693092346,-0.1661621779203415,0.2905672490596771,0.22209642827510834,0.0024474086239933968,0.26684606075286865,0.1198616772890091,-0.1120772436261177,0.30349186062812805,0.30939075350761414,-0.18146130442619324,0.3432125449180603,0.4313580095767975,-0.21065104007720947,0.41660889983177185,0.20524297654628754,-0.008977929130196571,0.3948836922645569,0.0929977297782898,-0.12649713456630707,0.39987456798553467,0.34964483976364136,-0.14597941935062408,0.4224533140659332,0.470473051071167,-0.12389198690652847,0.539110541343689,0.23347976803779602,-0.043651048094034195,0.5297973155975342,0.13633938133716583,-0.1504831314086914,0.5075795650482178,0.37295445799827576,-0.11940759420394897,0.5091493129730225,0.4766068458557129,-0.06295029819011688,0.6635169386863708,0.29488760232925415,-0.08689464628696442,0.6553398370742798,0.19838948547840118,-0.1367882341146469,0.6158405542373657,0.34989601373672485,-0.10291066765785217,0.6000947952270508,0.4188580811023712,-0.05924403667449951
0.5843022465705872,0.7505382299423218,-1.3215292256063549e-06,0.42770808935165405,0.6510063409805298,-0.0702798068523407,0.3068889081478119,0.4422945976257324,-0.11017447710037231,0.3330540060997009,0.25558173656463623,-0.15291431546211243,0.45579761266708374,0.17830891907215118,-0.18283690512180328,0.38873955607414246,0.18421125411987305,-0.007139388006180525,0.37665221095085144,0.08686597645282745,-0.1224050521850586,0.4026314616203308,0.2715367376804352,-0.1961083710193634,0.4263477325439453,0.40319883823394775,-0.22809645533561707,0.5063751339912415,0.17615294456481934,-0.014928988181054592,0.49806371331214905,0.06651073694229126,-0.131716787815094,0.4886893928050995,0.30839303135871887,-0.1599423736333847,0.49009931087493896,0.4350131154060364,-0.146401509642601,0.6189420819282532,0.20858222246170044,-0.044450774788856506,0.626602292060852,0.10101555287837982,-0.15515656769275665,0.5915870666503906,0.32852327823638916,-0.13331757485866547,0.5737842917442322,0.44673430919647217,-0.083189457654953,0.7306069731712341,0.2757067382335663,-0.08171641081571579,0.7441040873527527,0.1685299128293991,-0.14356040954589844,0.6983647346496582,0.3082779049873352,-0.11823105812072754,0.664849579334259,0.3896142244338989,-0.07840771228075027
0.5351963043212891,0.732526421546936,-1.3691386584469e-06,0.3837840259075165,0.6454770565032959,-0.06008689105510712,0.26455098390579224,0.4427095949649811,-0.09316357225179672,0.28884994983673096,0.26307979226112366,-0.13102760910987854,0.41063833236694336,0.18674075603485107,-0.15704753994941711,0.3398275077342987,0.19257235527038574,0.007708750665187836,0.31933945417404175,0.08936010301113129,-0.0951305404305458,0.3397875428199768,0.27370932698249817,-0.1603136658668518,0.3628930449485779,0.3966217041015625,-0.18847189843654633,0.4515448212623596,0.18082064390182495,-0.0034298577811568975,0.4360412359237671,0.06611451506614685,-0.10925722122192383,0.4271017014980316,0.3041295111179352,-0.13424058258533478,0.43502187728881836,0.42889419198036194,-0.1192847341299057,0.5608535408973694,0.207750603556633,-0.03510725125670433,0.5558460354804993,0.09157697856426239,-0.1352788507938385,0.5261558890342712,0.3195294141769409,-0.11172052472829819,0.517237663269043,0.43668434023857117,-0.062122419476509094,0.6728024482727051,0.2676495611667633,-0.07398456335067749,0.6642037034034729,0.17250847816467285,-0.12901543080806732,0.6255720853805542,0.3140813112258911,-0.10283301770687103,0.6064233779907227,0.3891911506652832,-0.06376572698354721
0.5087308287620544,0.7179542779922485,-1.2239862599017215e-06,0.34935837984085083,0.6405821442604065,-0.0586872361600399,0.22255143523216248,0.462734580039978,-0.09553337842226028,0.23915523290634155,0.289663702249527,-0.1358480602502823,0.3554733693599701,0.21225565671920776,-0.1640949249267578,0.26883092522621155,0.21815112233161926,-0.009192024357616901,0.23593632876873016,0.12330277264118195,-0.11601098626852036,0.28307685256004333,0.2972710132598877,-0.1821979284286499,0.32853028178215027,0.4107993543148041,-0.21084411442279816,0.3797805607318878,0.19621483981609344,-0.02125912718474865,0.35483112931251526,0.07994997501373291,-0.12924054265022278,0.37093105912208557,0.3138181269168854,-0.15052656829357147,0.39590340852737427,0.43225353956222534,-0.13432055711746216,0.4905795454978943,0.2135016918182373,-0.052587054669857025,0.4787448048591614,0.0932413786649704,-0.15114198625087738,0.46735209226608276,0.31865888833999634,-0.12266073375940323,0.4707600474357605,0.4348126947879791,-0.07131222635507584,0.6045132875442505,0.2634623944759369,-0.0912495106458664,0.5919449925422668,0.16348619759082794,-0.14416325092315674,0.5631537437438965,0.30532994866371155,-0.11602235585451126,0.5518961548805237,0.3826131820678711,-0.07668708264827728
0.4955132007598877,0.6898511648178101,-1.1577247960303794e-06,0.3476558327674866,0.6063759326934814,-0.05091484636068344,0.23020794987678528,0.4464132785797119,-0.0841546431183815,0.24654515087604523,0.2917192578315735,-0.12163279205560684,0.3539449870586395,0.23483429849147797,-0.14867274463176727,0.2760502099990845,0.22179941833019257,-0.005848601460456848,0.23574182391166687,0.13943864405155182,-0.10174600034952164,0.2722361087799072,0.29784923791885376,-0.15924568474292755,0.3129642605781555,0.38715484738349915,-0.18386191129684448,0.3794596493244171,0.20616641640663147,-0.0186774842441082,0.3441011607646942,0.10189378261566162,-0.11511576920747757,0.357591450214386,0.31580570340156555,-0.13087712228298187,0.3849470019340515,0.41014236211776733,-0.11361309140920639,0.4830131530761719,0.225169837474823,-0.04889093339443207,0.4592542350292206,0.12421035766601562,-0.13906337320804596,0.44772279262542725,0.3328057527542114,-0.11042884737253189,0.45770591497421265,0.42894697189331055,-0.06111430376768112,0.5880831480026245,0.2729510962963104,-0.08528776466846466,0.5608620047569275,0.1810358315706253,-0.12864544987678528,0.5343520641326904,0.3116956949234009,-0.0974218025803566,0.5330551266670227,0.3778499364852905,-0.05802975594997406
0.4993954300880432,0.5868782997131348,-9.442245527679916e-07,0.3977601230144501,0.5194897651672363,-0.02171298675239086,0.32364919781684875,0.41539743542671204,-0.04118545725941658,0.32718557119369507,0.31492456793785095,-0.06782266497612,0.38994234800338745,0.28687313199043274,-0.08987994492053986,0.370800256729126,0.27244389057159424,0.005910069681704044,0.34282612800598145,0.19638420641422272,-0.04865260422229767,0.3509882688522339,0.29857540130615234,-0.08161275833845139,0.3701160252094269,0.368597149848938,-0.0953158363699913,0.43426424264907837,0.2673417925834656,-0.007114199455827475,0.40624672174453735,0.18964064121246338,-0.06385553628206253,0.40602338314056396,0.32009047269821167,-0.07718095183372498,0.4209596514701843,0.3938407599925995,-0.06996124237775803,0.49978089332580566,0.27640044689178467,-0.02936297096312046,0.4727543294429779,0.19806821644306183,-0.08390238136053085,0.46329954266548157,0.3277052044868469,-0.07001902908086777,0.4720158278942108,0.40675508975982666,-0.0422540120780468,0.5677951574325562,0.3028489947319031,-0.05425852909684181,0.5378419756889343,0.22558248043060303,-0.08007141202688217,0.5173178911209106,0.3083527386188507,-0.060176968574523926,0.5171128511428833,0.36991971731185913,-0.03557449206709862
0.49566221237182617,0.5523828268051147,-7.209239925032307e-07,0.41436687111854553,0.5044779181480408,-0.015481824055314064,0.35576921701431274,0.42022705078125,-0.027968429028987885,0.35803213715553284,0.3355310261249542,-0.046790193766355515,0.40690577030181885,0.3035333454608917,-0.061757661402225494,0.39040350914001465,0.31204479932785034,0.010813054628670216,0.37159067392349243,0.24305516481399536,-0.03278914466500282,0.38193368911743164,0.320081889629364,-0.0601169653236866,0.3978729546070099,0.3757394254207611,-0.0710400938987732,0.43859872221946716,0.3053833842277527,0.0008738472824916244,0.4237222671508789,0.23933357000350952,-0.043489690870046616,0.42792239785194397,0.3440597355365753,-0.053764816373586655,0.43951714038848877,0.403035044670105,-0.04725233465433121,0.48863720893859863,0.30968940258026123,-0.01675543747842312,0.4750738739967346,0.24015724658966064,-0.05835539102554321,0.47056594491004944,0.3450159430503845,-0.04625839740037918,0.4768235683441162,0.4097837805747986,-0.023319430649280548,0.5418758392333984,0.328207790851593,-0.03668062761425972,0.5279477834701538,0.2611684203147888,-0.055965881794691086,0.5120316743850708,0.32451388239860535,-0.04032379761338234,0.5081983804702759,0.3732665479183197,-0.02074030227959156
0.49984100461006165,0.5651066303253174,-5.860325700268731e-07,0.44242796301841736,0.5262593030929565,-0.00807688757777214,0.40148335695266724,0.46434488892555237,-0.01648607663810253,0.3999274969100952,0.3997132480144501,-0.029956329613924026,0.435308575630188,0.3832037150859833,-0.04098924249410629,0.43252137303352356,0.3865044116973877,0.010898407548666,0.41805556416511536,0.33470162749290466,-0.021212304010987282,0.42192018032073975,0.38980135321617126,-0.04119456931948662,0.43266433477401733,0.4324934482574463,-0.04913705959916115,0.4661848545074463,0.3842112720012665,0.0023543538991361856,0.45166015625,0.33455389738082886,-0.030072590336203575,0.4523647129535675,0.4097883403301239,-0.03726948797702789,0.46133989095687866,0.45322364568710327,-0.03231359273195267,0.5012503862380981,0.3879116177558899,-0.011608987115323544,0.48562318086624146,0.3408181369304657,-0.04083146154880524,0.483122318983078,0.4152367413043976,-0.030967211350798607,0.49060532450675964,0.45845192670822144,-0.013879277743399143,0.5398015975952148,0.40055498480796814,-0.027040231972932816,0.5212470293045044,0.3573220670223236,-0.03843005746603012,0.5130549669265747,0.4032815992832184,-0.02558622695505619,0.5167006850242615,0.4319220185279846,-0.01095003541558981
0.5251083374023438,0.5761355757713318,-5.196625352255069e-07,0.48040804266929626,0.5509520769119263,-0.009825272485613823,0.4464138150215149,0.4965614080429077,-0.01547228917479515,0.4518255591392517,0.44231775403022766,-0.024128427729010582,0.4858042001724243,0.4246161878108978,-0.030041176825761795,0.4754924774169922,0.42730069160461426,0.0073020970448851585,0.46818530559539795,0.3837500810623169,-0.01927635259926319,0.4702197313308716,0.43006595969200134,-0.03504369035363197,0.47733575105667114,0.4647950530052185,-0.041005536913871765,0.5069637894630432,0.42681217193603516,0.00181641336530447,0.5000847578048706,0.38583725690841675,-0.02579052932560444,0.49759259819984436,0.45434170961380005,-0.0303360428661108,0.5034204125404358,0.4921644628047943,-0.02442038059234619,0.5375910401344299,0.4335186779499054,-0.008662853389978409,0.5287939310073853,0.39580923318862915,-0.03520545735955238,0.5222881436347961,0.46316778659820557,-0.025855783373117447,0.5265808701515198,0.4995197653770447,-0.009869215078651905,0.5714447498321533,0.4487152397632599,-0.02047431282699108,0.5607084035873413,0.4131261706352234,-0.03201758489012718,0.5495366454124451,0.4539302885532379,-0.02116163820028305,0.5490264892578125,0.477111279964447,-0.008244144730269909
0.5351495742797852,0.5895307660102844,-4.5782081770084915e-07,0.4924187660217285,0.5649793148040771,-0.01022642944008112,0.45943087339401245,0.5121619701385498,-0.016294755041599274,0.46613407135009766,0.4619714617729187,-0.024758610874414444,0.4996313750743866,0.4503205418586731,-0.030490241944789886,0.48496463894844055,0.44311434030532837,0.004479485098272562,0.4733397662639618,0.41048240661621094,-0.021000273525714874,0.47863033413887024,0.4599483907222748,-0.035674747079610825,0.48889628052711487,0.49128755927085876,-0.04124654829502106,0.5165074467658997,0.44162046909332275,-0.00045934959780424833,0.5068334937095642,0.4058997929096222,-0.026542488485574722,0.5064948797225952,0.47277820110321045,-0.029862532392144203,0.5137950778007507,0.5070592164993286,-0.02335413172841072,0.54686039686203,0.4489552974700928,-0.010099814273416996,0.5358796119689941,0.41686052083969116,-0.035441286861896515,0.5316221117973328,0.48136278986930847,-0.026051590219140053,0.5376983284950256,0.5139725804328918,-0.010357962921261787,0.5803169012069702,0.46573761105537415,-0.021054795011878014,0.5676178336143494,0.4332698881626129,-0.03294871747493744,0.5589160323143005,0.4720442295074463,-0.022914167493581772,0.5611857771873474,0.49364539980888367,-0.010484641417860985
0.5324234962463379,0.6015734672546387,-4.48402573738349e-07,0.4873602092266083,0.5808396339416504,-0.00928320549428463,0.4520378112792969,0.5312914252281189,-0.01399180106818676,0.4594189524650574,0.4818970561027527,-0.021016744896769524,0.4896654784679413,0.45824235677719116,-0.025575656443834305,0.4777751564979553,0.46760186553001404,0.004152433481067419,0.4635838270187378,0.4369010627269745,-0.020086117088794708,0.4673401713371277,0.4864957332611084,-0.03215620294213295,0.47763392329216003,0.5100245475769043,-0.03641243651509285,0.5082627534866333,0.46163755655288696,-0.001265699160285294,0.4939766228199005,0.42685019969940186,-0.026929879561066628,0.49524185061454773,0.49160686135292053,-0.029141170904040337,0.5060867071151733,0.5177667737007141,-0.022011185064911842,0.5391070246696472,0.4645206332206726,-0.011167067103087902,0.5231247544288635,0.4356972575187683,-0.03774336352944374,0.5211430788040161,0.5002923607826233,-0.02832924760878086,0.5298024415969849,0.5266382098197937,-0.01256985031068325,0.5730641484260559,0.47672605514526367,-0.02198420651257038,0.5537862181663513,0.44815194606781006,-0.03629802539944649,0.5479880571365356,0.48911091685295105,-0.02677743136882782,0.5538780689239502,0.5086648464202881,-0.014307127334177494
0.40572798252105713,0.6573021411895752,-3.698464183798933e-07,0.3614911437034607,0.6343667507171631,-0.0029144149739295244,0.33780837059020996,0.5845661163330078,-0.004811764229089022,0.33613309264183044,0.5386336445808411,-0.009480209089815617,0.3397531509399414,0.5051006078720093,-0.011970926076173782,0.3553878664970398,0.5174888968467712,0.011915509589016438,0.3404277563095093,0.49520376324653625,-0.009245337918400764,0.33960121870040894,0.5381642580032349,-0.02195528894662857,0.34682899713516235,0.5671514868736267,-0.026201806962490082,0.37703070044517517,0.510078489780426,0.005091598257422447,0.3571700155735016,0.4913441836833954,-0.014997635036706924,0.3541213274002075,0.5369265079498291,-0.02132457308471203,0.3616403639316559,0.5623201131820679,-0.0194068755954504,0.4012833833694458,0.5097440481185913,-0.005347676575183868,0.37645360827445984,0.49759238958358765,-0.02364439330995083,0.37329816818237305,0.5443232655525208,-0.01808699034154415,0.381143182516098,0.567095160484314,-0.008443326689302921,0.4293847382068634,0.5162916779518127,-0.016568521037697792,0.4026159346103668,0.5067970752716064,-0.025780286639928818,0.39661410450935364,0.5413172841072083,-0.018384777009487152,0.40264418721199036,0.5597617626190186,-0.008596282452344894
0.3350520133972168,0.674533486366272,-5.838413699166267e-07,0.2850779592990875,0.647648811340332,-0.008788583800196648,0.24886742234230042,0.5997534990310669,-0.015670564025640488,0.24017027020454407,0.55036461353302,-0.026082584634423256,0.2674064338207245,0.5255661010742188,-0.03214002028107643,0.287606805562973,0.5001955628395081,0.016292423009872437,0.25169262290000916,0.4827600121498108,-0.013235355727374554,0.2562657594680786,0.543104887008667,-0.030153892934322357,0.2719140648841858,0.5703840255737305,-0.03672570362687111,0.31593620777130127,0.49675261974334717,0.008885121904313564,0.27494022250175476,0.49056440591812134,-0.02106345072388649,0.2799307703971863,0.5631301999092102,-0.026301441714167595,0.29774174094200134,0.5851858854293823,-0.020198719576001167,0.3437449336051941,0.5050366520881653,-0.004622144158929586,0.3002440631389618,0.502926766872406,-0.03480188921093941,0.3027128577232361,0.5746477842330933,-0.026138322427868843,0.3198895752429962,0.5965303778648376,-0.009811137802898884,0.3734036087989807,0.526988685131073,-0.019629526883363724,0.3310182988643646,0.522442638874054,-0.03644903376698494,0.3296768367290497,0.5676196217536926,-0.028814472258090973,0.3445762097835541,0.5832821130752563,-0.016271525993943214
0.3048345446586609,0.7158199548721313,-5.852719482390967e-07,0.25256145000457764,0.6759474873542786,-0.002382276812568307,0.21947114169597626,0.6264541745185852,-0.007242691703140736,0.2160070538520813,0.5793250203132629,-0.018036317080259323,0.24264951050281525,0.5507632493972778,-0.026730095967650414,0.2560746371746063,0.5440075993537903,0.02189434878528118,0.2308148592710495,0.51202791929245,-0.005641246680170298,0.2270715832710266,0.5690352916717529,-0.022670993581414223,0.23832249641418457,0.6021700501441956,-0.029449623078107834,0.28672119975090027,0.5392395853996277,0.01073212269693613,0.25607407093048096,0.5138425230979919,-0.018219273537397385,0.2501966953277588,0.5856594443321228,-0.026962481439113617,0.26575326919555664,0.6182863116264343,-0.022976091131567955,0.31926679611206055,0.5444527268409729,-0.005625533871352673,0.2832106053829193,0.5267899632453918,-0.033969417214393616,0.27642083168029785,0.5991570353507996,-0.027340905740857124,0.29092785716056824,0.6298224925994873,-0.012141266837716103,0.35427194833755493,0.56211256980896,-0.022713007405400276,0.3148984909057617,0.5459257364273071,-0.036147378385066986,0.3035406172275543,0.5935267806053162,-0.026043880730867386,0.31383076310157776,0.6174758076667786,-0.01204670500010252
0.24391433596611023,0.7799744009971619,-5.111165819471353e-07,0.2002321183681488,0.7424759268760681,-0.005771305412054062,0.16945037245750427,0.6915674209594727,-0.013228209689259529,0.16921307146549225,0.6432677507400513,-0.02500472590327263,0.20088623464107513,0.6225084066390991,-0.03421065956354141,0.2049788236618042,0.6216316819190979,0.012834908440709114,0.18001645803451538,0.601000964641571,-0.01484732050448656,0.17993497848510742,0.6543924808502197,-0.030112357810139656,0.19183707237243652,0.6778901815414429,-0.03630263730883598,0.23405171930789948,0.6165587306022644,0.002709452761337161,0.20851865410804749,0.5846495628356934,-0.026491623371839523,0.2041017860174179,0.6560423374176025,-0.03066394291818142,0.2166590690612793,0.6827617883682251,-0.023813560605049133,0.26439613103866577,0.6235266327857971,-0.012433010153472424,0.23565933108329773,0.6018085479736328,-0.04140909016132355,0.22990494966506958,0.6719186305999756,-0.031352438032627106,0.2421295940876007,0.6953290104866028,-0.014336801134049892,0.2955458164215088,0.6428910493850708,-0.028547242283821106,0.26596710085868835,0.6211101412773132,-0.04157136753201485,0.25616344809532166,0.6656274795532227,-0.029888516291975975,0.26455384492874146,0.6850491762161255,-0.015707755461335182
0.25167447328567505,0.8226264715194702,-4.623375673418195e-07,0.21517471969127655,0.7848882079124451,-0.010117295198142529,0.18792828917503357,0.7309777736663818,-0.017986182123422623,0.18825465440750122,0.6837237477302551,-0.02865729294717312,0.22163601219654083,0.6721295714378357,-0.03605934605002403,0.23486509919166565,0.6622313261032104,0.008940760977566242,0.2070152312517166,0.6418313980102539,-0.017350947484374046,0.2043013572692871,0.6909233331680298,-0.031723059713840485,0.216648668050766,0.713815450668335,-0.037827905267477036,0.2618322968482971,0.6635928750038147,0.0021950206719338894,0.23241451382637024,0.6367250084877014,-0.02560589648783207,0.22361716628074646,0.7021024227142334,-0.02867039106786251,0.23563389480113983,0.7266287207603455,-0.02174104005098343,0.28797993063926697,0.6767904758453369,-0.009843774139881134,0.25652313232421875,0.6581308841705322,-0.038107942789793015,0.2463483363389969,0.7197715640068054,-0.0289684496819973,0.25806066393852234,0.7403246164321899,-0.013086066581308842,0.3132238984107971,0.7017759084701538,-0.023286299780011177,0.2836672365665436,0.6815711259841919,-0.03750542923808098,0.2730555534362793,0.7191132307052612,-0.028652667999267578,0.28196075558662415,0.7356458306312561,-0.016536353155970573
0.26736852526664734,0.866287350654602,-4.850235200137831e-07,0.23450644314289093,0.838370144367218,-0.012643122114241123,0.20734328031539917,0.7876097559928894,-0.02219788171350956,0.20775702595710754,0.7423279285430908,-0.03334952890872955,0.23751011490821838,0.724001407623291,-0.04050707817077637,0.24647735059261322,0.7113504409790039,0.004090429749339819,0.22772492468357086,0.6821096539497375,-0.021061919629573822,0.22138401865959167,0.7349157333374023,-0.03515118360519409,0.2288629412651062,0.7663618922233582,-0.04094952344894409,0.27428799867630005,0.7129275798797607,0.0003891217056661844,0.2512282729148865,0.6849886775016785,-0.025014938786625862,0.24168746173381805,0.7468690276145935,-0.029016461223363876,0.2488778531551361,0.7772994637489319,-0.023912930861115456,0.3002307116985321,0.7244963645935059,-0.008182724006474018,0.27409598231315613,0.7056208848953247,-0.031931787729263306,0.2637009918689728,0.7636159658432007,-0.023481041193008423,0.2699998915195465,0.7909596562385559,-0.009850185364484787,0.3263438642024994,0.7462324500083923,-0.01846994087100029,0.29876136779785156,0.7286845445632935,-0.030998412519693375,0.2869856357574463,0.7667648792266846,-0.023648099973797798,0.291366308927536,0.7879341840744019,-0.013235094957053661
0.23141203820705414,0.9575244188308716,-4.856137252318149e-07,0.1874675750732422,0.9293798208236694,-0.008043397217988968,0.16153225302696228,0.8823827505111694,-0.015077083371579647,0.15819911658763885,0.8442812561988831,-0.025008169934153557,0.17076000571250916,0.8135969638824463,-0.03193536773324013,0.2028704434633255,0.7976778745651245,0.012906177900731564,0.17877252399921417,0.7842990159988403,-0.015927841886878014,0.16788515448570251,0.8254586458206177,-0.03503524512052536,0.16921034455299377,0.8509898781776428,-0.04344943165779114,0.22332018613815308,0.7946149110794067,0.005608061328530312,0.192386656999588,0.7864940762519836,-0.023878175765275955,0.1830180585384369,0.8379701972007751,-0.03366703540086746,0.1900213062763214,0.8612013459205627,-0.03202103450894356,0.24437753856182098,0.80242919921875,-0.006950487848371267,0.21018728613853455,0.8045564889907837,-0.03346278890967369,0.20613406598567963,0.8571824431419373,-0.029335446655750275,0.21594154834747314,0.875186026096344,-0.01872551627457142,0.26663684844970703,0.8221166133880615,-0.02100711315870285,0.23297908902168274,0.824968695640564,-0.035833850502967834,0.22981539368629456,0.8625842332839966,-0.03080049902200699,0.24065952003002167,0.8743253946304321,-0.02147616073489189
0.19304290413856506,1.0033165216445923,-4.822256300940353e-07,0.1572953313589096,0.9755377173423767,-0.020412573590874672,0.12987777590751648,0.9342883229255676,-0.03600278124213219,0.12328995019197464,0.8983116745948792,-0.05069321393966675,0.1439654529094696,0.876395046710968,-0.06041586026549339,0.1962721049785614,0.8314545154571533,-0.0077454992569983006,0.14347738027572632,0.8378186821937561,-0.03616247698664665,0.1344691663980484,0.883289635181427,-0.05093131214380264,0.1432257890701294,0.9058264493942261,-0.05720089375972748,0.22049270570278168,0.8344987034797668,-0.009540287777781487,0.16130053997039795,0.8454724550247192,-0.03893442451953888,0.15659017860889435,0.9059581160545349,-0.04339602217078209,0.16894885897636414,0.925876796245575,-0.03954272344708443,0.23898643255233765,0.8498390316963196,-0.016443321481347084,0.1805839240550995,0.8635405898094177,-0.04408365860581398,0.17694756388664246,0.9203127026557922,-0.035163410007953644,0.18795651197433472,0.936369001865387,-0.022013921290636063,0.2529575228691101,0.8779223561286926,-0.02586904913187027,0.2060382068157196,0.8844522833824158,-0.04313836991786957,0.20007997751235962,0.922347366809845,-0.03755796328186989,0.20867793262004852,0.934629499912262,-0.027413420379161835
0.26931193470954895,1.0158430337905884,-4.802831199413049e-07,0.22349952161312103,0.9886013269424438,-0.013879233039915562,0.18615633249282837,0.9331997036933899,-0.02316705696284771,0.19057601690292358,0.888942539691925,-0.033860817551612854,0.2187124490737915,0.8720369935035706,-0.04036437347531319,0.22415535151958466,0.8406285047531128,0.002305409172549844,0.19730335474014282,0.8193756341934204,-0.028629465028643608,0.19957111775875092,0.8733310699462891,-0.046494413167238235,0.21034343540668488,0.9038508534431458,-0.05403141677379608,0.2546929717063904,0.8405552506446838,-0.002330977004021406,0.22291363775730133,0.8330564498901367,-0.033454399555921555,0.22370153665542603,0.8965139985084534,-0.04050053656101227,0.23416465520858765,0.9206146597862244,-0.03680376335978508,0.28447920083999634,0.851554811000824,-0.012525021098554134,0.25327247381210327,0.8551902174949646,-0.04236011579632759,0.25056368112564087,0.9172219038009644,-0.03593991696834564,0.2588438093662262,0.937552809715271,-0.022980010136961937,0.3144640326499939,0.8744771480560303,-0.024605344980955124,0.28317034244537354,0.8785239458084106,-0.042416974902153015,0.27582016587257385,0.9231081008911133,-0.03686326742172241,0.28232884407043457,0.9377325773239136,-0.02662770263850689
0.29614490270614624,1.0035932064056396,-4.4476760763245693e-07,0.25796961784362793,0.9807828664779663,-0.014541739597916603,0.2259170114994049,0.9316936135292053,-0.024063413962721825,0.22777220606803894,0.8862729668617249,-0.035000208765268326,0.25851795077323914,0.8730915784835815,-0.042540207505226135,0.26179561018943787,0.8513582944869995,6.0583799495361745e-05,0.24355515837669373,0.8283571004867554,-0.03137420490384102,0.24266578257083893,0.8794322609901428,-0.048292748630046844,0.25010305643081665,0.9070966839790344,-0.05477318540215492,0.29182958602905273,0.8512893915176392,-0.0051070754416286945,0.2702336311340332,0.8310710787773132,-0.03629826009273529,0.2656466066837311,0.892123281955719,-0.040835704654455185,0.27469387650489807,0.914859414100647,-0.03467701002955437,0.32123368978500366,0.8639788627624512,-0.016060056164860725,0.2984982430934906,0.8551110029220581,-0.04618726298213005,0.29151999950408936,0.9138491749763489,-0.03769489377737045,0.2990431487560272,0.9300897121429443,-0.022603929042816162,0.35158830881118774,0.8861814141273499,-0.028683703392744064,0.32730579376220703,0.8818202614784241,-0.04401572793722153,0.31787362694740295,0.9219586849212646,-0.03577946871519089,0.3232889473438263,0.9324316382408142,-0.02432429790496826
0.37026676535606384,1.0043178796768188,-4.0519583421883e-07,0.3274776041507721,0.9768385887145996,-0.017971094697713852,0.29353609681129456,0.9208012223243713,-0.028873905539512634,0.29796868562698364,0.872505784034729,-0.03970327228307724,0.3324900269508362,0.860636293888092,-0.045609209686517715,0.33361876010894775,0.8305301666259766,-0.0007266741013154387,0.3150121867656708,0.8237389922142029,-0.031419750303030014,0.3166121244430542,0.8794925212860107,-0.04832939803600311,0.32569944858551025,0.8975063562393188,-0.056301381438970566,0.36514216661453247,0.8293184041976929,-0.004471912048757076,0.34277668595314026,0.8260366320610046,-0.03523626551032066,0.33914342522621155,0.889667809009552,-0.03887046501040459,0.348660945892334,0.9048471450805664,-0.03288067504763603,0.39524659514427185,0.841884195804596,-0.014335854910314083,0.37223732471466064,0.8489466309547424,-0.042706914246082306,0.36483636498451233,0.9087139368057251,-0.03154322877526283,0.37174099683761597,0.9183399677276611,-0.015919677913188934,0.42530983686447144,0.8655207753181458,-0.026796095073223114,0.3998867869377136,0.8738555908203125,-0.041028134524822235,0.3915180265903473,0.9138675928115845,-0.03203960135579109,0.39762720465660095,0.9181882739067078,-0.020425664260983467
0.39924514293670654,1.0120443105697632,-3.9039508692439995e-07,0.3600147068500519,0.9799203872680664,-0.020510846748948097,0.3291527032852173,0.9214716553688049,-0.03260654956102371,0.33179518580436707,0.87129145860672,-0.044573474675416946,0.3682268261909485,0.8623127937316895,-0.051976051181554794,0.3685825765132904,0.8373225331306458,-0.004806722979992628,0.34521687030792236,0.823744535446167,-0.03960040211677551,0.35071995854377747,0.8793832063674927,-0.05947358161211014,0.36303526163101196,0.9043752551078796,-0.06826485693454742,0.4037262201309204,0.8407961130142212,-0.007913845591247082,0.38140869140625,0.8224928975105286,-0.0418982207775116,0.3762953579425812,0.8915789127349854,-0.04656989127397537,0.38405662775039673,0.9147518873214722,-0.04025287553668022,0.4361475706100464,0.8596280217170715,-0.017403990030288696,0.41360244154930115,0.8516942262649536,-0.049370646476745605,0.403265118598938,0.9153731465339661,-0.03818580508232117,0.40898358821868896,0.9319764971733093,-0.020915720611810684,0.4673503637313843,0.8884854316711426,-0.029427366331219673,0.44540688395500183,0.8831579089164734,-0.04514218866825104,0.43066197633743286,0.9231622219085693,-0.035147592425346375,0.4325120747089386,0.9332374334335327,-0.02217189222574234
0.44262197613716125,1.0049389600753784,-4.91807611524564e-07,0.39919692277908325,0.9726232886314392,-0.01939961314201355,0.36980050802230835,0.9101362824440002,-0.030635692179203033,0.3866153359413147,0.8682403564453125,-0.0419265478849411,0.4279650151729584,0.8669306635856628,-0.048814985901117325,0.427065908908844,0.8233401775360107,-0.0034791009966284037,0.42017829418182373,0.8107832074165344,-0.034695424139499664,0.4105706512928009,0.8593234419822693,-0.051892831921577454,0.4074770510196686,0.888247549533844,-0.0595005564391613,0.46357184648513794,0.8296727538108826,-0.006384663283824921,0.4471878707408905,0.8237069845199585,-0.03831855207681656,0.4310767650604248,0.8944514989852905,-0.041598789393901825,0.4319307506084442,0.9231486916542053,-0.03473114222288132,0.49471914768218994,0.850511908531189,-0.015598608180880547,0.47476762533187866,0.8569374084472656,-0.045843858271837234,0.4554992914199829,0.9200689792633057,-0.03511166200041771,0.45541200041770935,0.9393196105957031,-0.01883051171898842,0.5230005979537964,0.883696973323822,-0.02733664959669113,0.5030549764633179,0.885389506816864,-0.042258236557245255,0.4848153591156006,0.9250138401985168,-0.0329199880361557,0.48463648557662964,0.9341886639595032,-0.020927581936120987
0.5234158635139465,1.0122534036636353,-2.967049397284427e-07,0.4767720401287079,0.9788460731506348,-0.011844960041344166,0.44782745838165283,0.9167777895927429,-0.016621770337224007,0.467508465051651,0.8713011145591736,-0.022804180160164833,0.5041928887367249,0.8554397225379944,-0.02846003696322441,0.48595303297042847,0.8476201295852661,0.004468751139938831,0.49317464232444763,0.8126066327095032,-0.021849751472473145,0.49021971225738525,0.8065215945243835,-0.04034198448061943,0.4848269522190094,0.8182915449142456,-0.04959958419203758,0.524004340171814,0.8512385487556458,-0.0022528604604303837,0.5268703103065491,0.8112087845802307,-0.034607309848070145,0.5152009725570679,0.8699710965156555,-0.0423823818564415,0.5068759918212891,0.9119956493377686,-0.03685404360294342,0.5584325194358826,0.8671435117721558,-0.013849712908267975,0.5611618161201477,0.8428141474723816,-0.04641592130064964,0.5446396470069885,0.9010255932807922,-0.040808916091918945,0.5331682562828064,0.9319939017295837,-0.025880098342895508,0.5919566750526428,0.8947821855545044,-0.026484696194529533,0.5890786647796631,0.8689140677452087,-0.045826490968465805,0.5735793113708496,0.9099248051643372,-0.03682364895939827,0.5626524686813354,0.9312839508056641,-0.023772558197379112
0.6115363240242004,0.9740415215492249,-8.812353513576454e-08,0.5615176558494568,0.9534604549407959,-0.031990110874176025,0.5278418660163879,0.9055973887443542,-0.05162867158651352,0.5522527098655701,0.8670212030410767,-0.06823915988206863,0.5872278809547424,0.8466453552246094,-0.08231803774833679,0.5571854114532471,0.8158772587776184,-0.026991160586476326,0.5668870210647583,0.7768840193748474,-0.06405078619718552,0.5729901790618896,0.7691553831100464,-0.08601035177707672,0.5762884616851807,0.782447338104248,-0.0971001610159874,0.5988838076591492,0.8114678263664246,-0.026983916759490967,0.6083498001098633,0.7857305407524109,-0.07094579190015793,0.6042476296424866,0.858625054359436,-0.07824832946062088,0.5989434719085693,0.8926941156387329,-0.07189156115055084,0.6342818737030029,0.822023868560791,-0.03326815366744995,0.6481531858444214,0.8167809844017029,-0.07518433779478073,0.6369473934173584,0.8770013451576233,-0.06702394038438797,0.6248674988746643,0.8926109075546265,-0.05060470104217529,0.665797233581543,0.8439368009567261,-0.04239476099610329,0.6780469417572021,0.8413360714912415,-0.06980498135089874,0.6656011343002319,0.8843533396720886,-0.06258711963891983,0.6509178280830383,0.8935188055038452,-0.05025419592857361
0.7212542295455933,0.8955937623977661,-2.781156922537775e-07,0.6841834187507629,0.8686814904212952,-0.030726850032806396,0.6591484546661377,0.8337997198104858,-0.05455395206809044,0.6733368039131165,0.816368818283081,-0.07601704448461533,0.7038246989250183,0.804648220539093,-0.09246640652418137,0.6931906938552856,0.7068906426429749,-0.03687803074717522,0.687201201915741,0.7031285762786865,-0.07128952443599701,0.6850740909576416,0.74969083070755,-0.08940201252698898,0.6844610571861267,0.7840035557746887,-0.09725790470838547,0.7351416349411011,0.7095966935157776,-0.03562146797776222,0.7310962677001953,0.7531253695487976,-0.06512317061424255,0.7196136116981506,0.8107786178588867,-0.0718698650598526,0.7177014350891113,0.8221617937088013,-0.07234500348567963,0.7718623876571655,0.7347385883331299,-0.039236415177583694,0.7704904675483704,0.7760852575302124,-0.06708891689777374,0.7524229288101196,0.8192638754844666,-0.06316063553094864,0.7442924380302429,0.8255575895309448,-0.05601023882627487,0.802566647529602,0.7691126465797424,-0.04611875116825104,0.8160752058029175,0.7888545393943787,-0.06657814979553223,0.8221795558929443,0.8072755336761475,-0.06527341157197952,0.8332007527351379,0.8040820360183716,-0.059194765985012054
0.7948776483535767,0.8859379887580872,-3.4521539760135056e-07,0.7556192278862,0.8457539081573486,-0.02724474109709263,0.7290617227554321,0.782263994216919,-0.04369013383984566,0.7412599921226501,0.7407248020172119,-0.05838504061102867,0.7821820974349976,0.7230174541473389,-0.06765870004892349,0.7745348215103149,0.693855881690979,-0.014595958404242992,0.7506154775619507,0.6985326409339905,-0.05194895714521408,0.7566737532615662,0.7600933909416199,-0.07185625284910202,0.7708528637886047,0.7764089107513428,-0.08167632669210434,0.8129681348800659,0.6990944743156433,-0.01636577770113945,0.7870309948921204,0.6917952299118042,-0.053052354604005814,0.7814136743545532,0.7622746229171753,-0.056929875165224075,0.790637731552124,0.773180365562439,-0.0513392798602581,0.8481346964836121,0.7213447093963623,-0.025066601112484932,0.8230483531951904,0.7225351929664612,-0.05964202806353569,0.809455156326294,0.789232611656189,-0.045691076666116714,0.8153523802757263,0.795499861240387,-0.028018532320857048,0.8807567954063416,0.755309522151947,-0.03713585436344147,0.8580299019813538,0.7617181539535522,-0.05575723201036453,0.8378674983978271,0.8058805465698242,-0.04555147886276245,0.8377088308334351,0.8108359575271606,-0.0329166054725647
0.8010527491569519,0.887325644493103,-4.447226160664286e-07,0.7598066926002502,0.84040367603302,-0.023514576256275177,0.7334062457084656,0.7591334581375122,-0.03617696464061737,0.7425563931465149,0.7042982578277588,-0.048305775970220566,0.7791077494621277,0.7120574116706848,-0.05446254834532738,0.7957581877708435,0.6772373914718628,-0.008243032731115818,0.7803186774253845,0.6545190811157227,-0.0423036552965641,0.7716476321220398,0.7184843420982361,-0.05833563581109047,0.7780770659446716,0.7457149028778076,-0.06507529318332672,0.8347719311714172,0.6935689449310303,-0.010838364250957966,0.81400465965271,0.6756243705749512,-0.045693740248680115,0.7938323020935059,0.7509218454360962,-0.04680757224559784,0.8021483421325684,0.7696022987365723,-0.03760852292180061,0.8676213026046753,0.7262297868728638,-0.020386090502142906,0.8440665006637573,0.7271281480789185,-0.052144620567560196,0.8195821642875671,0.78786301612854,-0.03807976096868515,0.8268024325370789,0.7961947917938232,-0.019214458763599396,0.8977165818214417,0.7683221101760864,-0.03309796378016472,0.8773802518844604,0.7637609243392944,-0.04649356007575989,0.8550116419792175,0.7986962199211121,-0.03463409096002579,0.8580220937728882,0.8043378591537476,-0.020856980234384537
0.7891270518302917,0.866136372089386,-5.380981633607007e-07,0.7505302429199219,0.793571949005127,-0.0020090406760573387,0.7276856303215027,0.7202749848365784,-0.009326891973614693,0.7323271036148071,0.6626735925674438,-0.02375023439526558,0.768049955368042,0.6554375290870667,-0.03693382814526558,0.7851751446723938,0.6705098152160645,0.022158868610858917,0.769403874874115,0.6234399080276489,-0.009064853191375732,0.756862998008728,0.6721646189689636,-0.030154461041092873,0.7583761811256409,0.7154658436775208,-0.03903612494468689,0.8145647644996643,0.6806767582893372,0.009649170562624931,0.7980738878250122,0.6263422966003418,-0.022163687273859978,0.7770839333534241,0.6945898532867432,-0.03249463811516762,0.7796128988265991,0.7405477166175842,-0.02922290377318859,0.8448676466941833,0.7005730271339417,-0.008217159658670425,0.8242836594581604,0.6432206034660339,-0.039868827909231186,0.8015341758728027,0.7106970548629761,-0.03361854329705238,0.8033490180969238,0.7566286325454712,-0.017389429733157158,0.8746485710144043,0.7325786352157593,-0.02659515105187893,0.8537380695343018,0.6734708547592163,-0.042276352643966675,0.8339805603027344,0.7133419513702393,-0.031252600252628326,0.834963858127594,0.7496142387390137,-0.016180647537112236
0.7862730622291565,0.8424594402313232,-4.162918401107163e-07,0.7291099429130554,0.7885766625404358,-0.0034109828993678093,0.6943534016609192,0.7137483358383179,-0.006209828890860081,0.7039260268211365,0.6484454870223999,-0.014854000881314278,0.7444803714752197,0.6254744529724121,-0.022442268207669258,0.7340983152389526,0.6641457080841064,0.02125249244272709,0.7247230410575867,0.6093575358390808,-0.002963575068861246,0.7264374494552612,0.6434473395347595,-0.022149158641695976,0.7339620590209961,0.6836230754852295,-0.030874336138367653,0.768983006477356,0.665249764919281,0.012786556966602802,0.7625230550765991,0.6097854971885681,-0.012245132587850094,0.7574089765548706,0.6698442101478577,-0.02349279634654522,0.7602877616882324,0.7211002111434937,-0.02269528992474079,0.8048043251037598,0.6744723916053772,-8.037120278459042e-05,0.7961648106575012,0.6169422268867493,-0.024099227041006088,0.7858998775482178,0.6798406839370728,-0.019618727266788483,0.7867284417152405,0.7331497073173523,-0.006973876152187586,0.8425447940826416,0.694550096988678,-0.013904530555009842,0.8310954570770264,0.6401856541633606,-0.02638860233128071,0.8162221312522888,0.6772322654724121,-0.017474576830863953,0.8130069375038147,0.7174373865127563,-0.005303387995809317
0.7785497307777405,0.7838724851608276,-3.598828186568426e-07,0.7260066866874695,0.7376128435134888,-0.015607495792210102,0.6973430514335632,0.6662461161613464,-0.0238952673971653,0.7095086574554443,0.599470853805542,-0.03455721214413643,0.7408942580223083,0.5587548017501831,-0.04132801666855812,0.7179635167121887,0.6053071618080139,0.007536511868238449,0.7214871048927307,0.5479152798652649,-0.020936401560902596,0.7303884625434875,0.5989384055137634,-0.039777472615242004,0.7336534261703491,0.6433762311935425,-0.04697519540786743,0.7556443214416504,0.6079711318016052,0.004482804331928492,0.7651826739311218,0.552656888961792,-0.024459917098283768,0.7672382593154907,0.6195409297943115,-0.034304164350032806,0.7646201252937317,0.6643413305282593,-0.03195057809352875,0.790944516658783,0.620049774646759,-0.004043495748192072,0.8022038340568542,0.572586715221405,-0.0313086211681366,0.7960150837898254,0.6347157955169678,-0.026243029162287712,0.7888009548187256,0.6759722232818604,-0.013198784552514553,0.8255631923675537,0.6416150331497192,-0.014283232390880585,0.8338897228240967,0.5985094904899597,-0.02782994695007801,0.825567364692688,0.6355201005935669,-0.01918788067996502,0.8169334530830383,0.6639024615287781,-0.007179977837949991
0.7709760665893555,0.7229044437408447,-3.363209657436528e-07,0.7199525237083435,0.6734908819198608,-0.014450553804636002,0.696292519569397,0.597909152507782,-0.022308165207505226,0.7205483317375183,0.5339019298553467,-0.03271758183836937,0.7602300643920898,0.5144744515419006,-0.03928198292851448,0.7122608423233032,0.5425862073898315,0.004148279782384634,0.7221007347106934,0.48272228240966797,-0.02157246135175228,0.7233005166053772,0.5300188660621643,-0.03807055577635765,0.7205174565315247,0.5685698390007019,-0.04475317522883415,0.7496282458305359,0.5469979047775269,0.0011068932944908738,0.7639532685279846,0.4941028952598572,-0.024887176230549812,0.7623646855354309,0.5554364323616028,-0.033088620752096176,0.7565813064575195,0.5951132774353027,-0.03123580850660801,0.7845831513404846,0.5589540600776672,-0.006749423686414957,0.800068736076355,0.5151798129081726,-0.031150948256254196,0.791569709777832,0.5740089416503906,-0.02665546163916588,0.7805145382881165,0.6154069304466248,-0.015407794155180454,0.8176920413970947,0.5797467231750488,-0.016432346776127815,0.8330758213996887,0.5351834893226624,-0.028649814426898956,0.8236733078956604,0.5685442686080933,-0.021378207951784134,0.8109337091445923,0.59929358959198,-0.011257372796535492
0.8520486354827881,0.705798327922821,-4.010871350601519e-07,0.8088910579681396,0.6616125106811523,-0.03320721536874771,0.790069043636322,0.5750328898429871,-0.04513426870107651,0.8240358233451843,0.5077654719352722,-0.05446358025074005,0.8648849129676819,0.4793735444545746,-0.0574202798306942,0.7939886450767517,0.4943174719810486,-0.008292661979794502,0.8272159695625305,0.4480510652065277,-0.04357464984059334,0.8248021602630615,0.509405791759491,-0.062433335930109024,0.8149078488349915,0.5406004786491394,-0.07021128386259079,0.8364803791046143,0.5006046295166016,-0.0044127944856882095,0.8668109178543091,0.46312251687049866,-0.04101196303963661,0.8572773933410645,0.5343085527420044,-0.04976562783122063,0.8460004329681396,0.5571286082267761,-0.046180061995983124,0.8765965104103088,0.5149358510971069,-0.008299160748720169,0.9027538895606995,0.4955877363681793,-0.045491721481084824,0.8847759366035461,0.5638406872749329,-0.042159877717494965,0.8673404455184937,0.5845062732696533,-0.029706241562962532,0.9151238203048706,0.5395057201385498,-0.015184193849563599,0.9288459420204163,0.5231288075447083,-0.037963349372148514,0.910463809967041,0.5713590979576111,-0.03401363268494606,0.8918887972831726,0.588213324546814,-0.02456255815923214
0.7508841156959534,0.6519553661346436,-3.0807339612692886e-07,0.7042143940925598,0.5931995511054993,-0.015479575842618942,0.6881470084190369,0.5192186236381531,-0.02308952808380127,0.7210422158241272,0.4686242341995239,-0.03286270052194595,0.7628893852233887,0.4615703821182251,-0.03884270414710045,0.7137038707733154,0.49131453037261963,0.0028891735710203648,0.7216269969940186,0.430325984954834,-0.023308930918574333,0.7212203145027161,0.47711342573165894,-0.039122652262449265,0.7183931469917297,0.510418176651001,-0.045957162976264954,0.7468024492263794,0.4952072501182556,-6.888023199280724e-05,0.7598651051521301,0.43957728147506714,-0.028532685711979866,0.7554025053977966,0.4977061450481415,-0.037474535405635834,0.7483274340629578,0.5317385196685791,-0.03544069081544876,0.7779018878936768,0.5052727460861206,-0.008070213720202446,0.7946511507034302,0.46039652824401855,-0.03183304890990257,0.7807677984237671,0.5131829380989075,-0.02702263928949833,0.7655402421951294,0.5454711318016052,-0.015852611511945724,0.8078778386116028,0.5246840119361877,-0.018354643136262894,0.819487452507019,0.4915223717689514,-0.02912384644150734,0.8047947883605957,0.5210587382316589,-0.022705471143126488,0.7881117463111877,0.5428357720375061,-0.013865415938198566
0.6985329389572144,0.6196203231811523,-3.569751640952745e-07,0.6544997096061707,0.5841619372367859,-0.012836555019021034,0.6333191990852356,0.5187883377075195,-0.018465884029865265,0.652708113193512,0.46445921063423157,-0.025661664083600044,0.686759889125824,0.45085856318473816,-0.02992451749742031,0.656775712966919,0.47775328159332275,-0.0009144515497609973,0.6630579829216003,0.4321989119052887,-0.02406821772456169,0.6625193953514099,0.4771496653556824,-0.03693271055817604,0.6613421440124512,0.5066947340965271,-0.041944921016693115,0.6865082383155823,0.48142263293266296,-0.0036679005715996027,0.6961594223976135,0.4352654218673706,-0.02779010310769081,0.6915922164916992,0.49391576647758484,-0.031769368797540665,0.6884524822235107,0.5252552032470703,-0.02719288505613804,0.714978814125061,0.490633100271225,-0.010566787794232368,0.7258148789405823,0.45252302289009094,-0.03368972986936569,0.7150022983551025,0.5079649090766907,-0.026343239471316338,0.7070814371109009,0.5396266579627991,-0.013576628640294075,0.7431721687316895,0.5071223378181458,-0.018977414816617966,0.7523863315582275,0.47121578454971313,-0.030317801982164383,0.740892767906189,0.5039098858833313,-0.02186117321252823,0.7306380867958069,0.5272142887115479,-0.011424226686358452
0.6781173348426819,0.585524320602417,-3.7969010691085714e-07,0.6364425420761108,0.557096004486084,-0.009091401472687721,0.6120065450668335,0.49711811542510986,-0.013934793882071972,0.6236737966537476,0.44636985659599304,-0.02110356092453003,0.6541379690170288,0.42650967836380005,-0.02653530053794384,0.6390482783317566,0.44810402393341064,0.0023802779614925385,0.6406840085983276,0.4073737561702728,-0.019083058461546898,0.6407351493835449,0.4476690888404846,-0.03268761187791824,0.6421564221382141,0.48302459716796875,-0.03809680789709091,0.6682543754577637,0.4497722089290619,-0.0016467028763145208,0.6705052852630615,0.4102683663368225,-0.023502448573708534,0.6653839945793152,0.46743184328079224,-0.028308123350143433,0.6644476652145386,0.5063223838806152,-0.024566905573010445,0.6970392465591431,0.458985298871994,-0.009382660500705242,0.6997354626655579,0.41876447200775146,-0.030780909582972527,0.6897605657577515,0.47340255975723267,-0.024796977639198303,0.6856475472450256,0.5112349390983582,-0.013188458979129791,0.7265563011169434,0.4760947525501251,-0.018101101741194725,0.7284235954284668,0.438120573759079,-0.03036133199930191,0.7170873880386353,0.470915287733078,-0.023163137957453728,0.7109819054603577,0.4976291358470917,-0.013356752693653107
0.7095973491668701,0.5630926489830017,-4.753871962748235e-07,0.668086051940918,0.5269979238510132,-0.011222278699278831,0.6432945132255554,0.4636934995651245,-0.01682901568710804,0.6580781936645508,0.4143539369106293,-0.02509058453142643,0.6939468383789062,0.40098029375076294,-0.030972113832831383,0.6858701705932617,0.40776973962783813,0.0072374544106423855,0.6776840090751648,0.37156379222869873,-0.018391096964478493,0.6722610592842102,0.42111316323280334,-0.03398963063955307,0.6757293343544006,0.4547276794910431,-0.04000676050782204,0.7154150009155273,0.41424235701560974,0.002748781116679311,0.7082452178001404,0.3749645948410034,-0.024637427181005478,0.6972844004631042,0.44015491008758545,-0.03086525946855545,0.6997892260551453,0.47853973507881165,-0.025696411728858948,0.744570791721344,0.4281771183013916,-0.0065922243520617485,0.7363619208335876,0.3869761526584625,-0.03457346558570862,0.721257746219635,0.4511163830757141,-0.02759513258934021,0.7213830947875977,0.49019086360931396,-0.01245740707963705,0.775528073310852,0.4520827829837799,-0.01708925887942314,0.7658495306968689,0.41137754917144775,-0.03284386172890663,0.7495838403701782,0.45009562373161316,-0.024529390037059784,0.7469367980957031,0.4786822497844696,-0.012131634168326855
0.726746141910553,0.5636311173439026,-4.851751214118849e-07,0.6837205290794373,0.5243790149688721,-0.014102489687502384,0.6564562916755676,0.4583919048309326,-0.021848153322935104,0.6727335453033447,0.40709248185157776,-0.032100871205329895,0.712016761302948,0.39625462889671326,-0.03960424289107323,0.7045294642448425,0.3965466618537903,0.00537724606692791,0.6960101127624512,0.358270525932312,-0.022684015333652496,0.6892610788345337,0.41226381063461304,-0.03914441913366318,0.6924352645874023,0.4463726282119751,-0.045429717749357224,0.7363107800483704,0.40542104840278625,0.001088503748178482,0.7289910316467285,0.36357617378234863,-0.029416413977742195,0.7156558632850647,0.4335956871509552,-0.036013826727867126,0.7165421843528748,0.4736432731151581,-0.0302546676248312,0.7672812938690186,0.42143887281417847,-0.008585570380091667,0.7582957148551941,0.3775549829006195,-0.0398440957069397,0.7405208349227905,0.4471385180950165,-0.03231387585401535,0.7390088438987732,0.4886959195137024,-0.01568799652159214,0.7993087768554688,0.447403222322464,-0.019624236971139908,0.7890851497650146,0.40482741594314575,-0.037509869784116745,0.7716848850250244,0.4465597867965698,-0.028852635994553566,0.7686926126480103,0.47678473591804504,-0.015486824326217175
0.7627407908439636,0.5421805381774902,-3.6716460272145923e-07,0.7140489220619202,0.5098552703857422,-0.03320331126451492,0.6756991147994995,0.4516625702381134,-0.05198052525520325,0.6850774884223938,0.4009312689304352,-0.06857956200838089,0.7223632335662842,0.37709566950798035,-0.07926981896162033,0.7153642773628235,0.3580346703529358,-0.019102156162261963,0.7162123322486877,0.32957810163497925,-0.06089714914560318,0.7189944386482239,0.38936686515808105,-0.08265703171491623,0.7236968874931335,0.42155367136001587,-0.09143922477960587,0.7575331926345825,0.3666486144065857,-0.01771344058215618,0.7572333812713623,0.3310883045196533,-0.060089487582445145,0.7477850914001465,0.41315382719039917,-0.06514104455709457,0.7467695474624634,0.43876293301582336,-0.057524725794792175,0.7955179810523987,0.38430851697921753,-0.02424587681889534,0.7977147698402405,0.35976287722587585,-0.06598267704248428,0.7813302874565125,0.43117403984069824,-0.05433125048875809,0.7760583162307739,0.44967222213745117,-0.03450819477438927,0.8320539593696594,0.4102103114128113,-0.03379349783062935,0.8347398638725281,0.3828373849391937,-0.056093573570251465,0.818135142326355,0.42854443192481995,-0.04482707381248474,0.8093839883804321,0.4420390725135803,-0.029619576409459114
0.7623031735420227,0.5382595062255859,-3.417171967612376e-07,0.7146704792976379,0.5127509832382202,-0.0372234545648098,0.6789766550064087,0.4585827887058258,-0.058143019676208496,0.6831707954406738,0.4093063771724701,-0.07502764463424683,0.7086653113365173,0.3739524483680725,-0.08558917790651321,0.7108734250068665,0.3463985323905945,-0.027956407517194748,0.7199116945266724,0.3231008052825928,-0.06625894457101822,0.7244784235954285,0.38680240511894226,-0.0854121595621109,0.7247492074966431,0.4354640245437622,-0.09268760681152344,0.7577364444732666,0.35273078083992004,-0.02441294677555561,0.7661071419715881,0.3232775330543518,-0.06635473668575287,0.7574807405471802,0.4097139537334442,-0.07419238239526749,0.7498810291290283,0.44725197553634644,-0.06906299293041229,0.7985913753509521,0.37030184268951416,-0.027573509141802788,0.8086664080619812,0.3539890944957733,-0.0681125670671463,0.7920776605606079,0.42480382323265076,-0.059131212532520294,0.779201865196228,0.4493415951728821,-0.042405009269714355,0.8365969657897949,0.39867156744003296,-0.03366293013095856,0.8477652072906494,0.3774740397930145,-0.058265142142772675,0.8304061889648438,0.42297688126564026,-0.04924257844686508,0.8133431673049927,0.43809041380882263,-0.03568413853645325
0.7408375144004822,0.5209599733352661,-3.984336842677294e-07,0.6893263459205627,0.4976155161857605,-0.026907965540885925,0.6537953615188599,0.4346923530101776,-0.039841342717409134,0.663618266582489,0.37277498841285706,-0.05109363794326782,0.6898651719093323,0.33368048071861267,-0.057541754096746445,0.6767292618751526,0.3454653322696686,-0.013371076434850693,0.6878722310066223,0.3047633767127991,-0.04970651492476463,0.6935906410217285,0.3589159846305847,-0.0692916288971901,0.6933789849281311,0.4047613739967346,-0.07639794051647186,0.7182720303535461,0.34480586647987366,-0.012849247083067894,0.7292129397392273,0.30649083852767944,-0.05104803293943405,0.7273368835449219,0.38725462555885315,-0.058245062828063965,0.72077476978302,0.42633679509162903,-0.052449870854616165,0.7571213841438293,0.35486072301864624,-0.018733758479356766,0.7694441080093384,0.3265823721885681,-0.0570676289498806,0.7592005133628845,0.3986820578575134,-0.04970799759030342,0.7462014555931091,0.4290316104888916,-0.033406879752874374,0.7941306233406067,0.374573677778244,-0.026608962565660477,0.8046422004699707,0.34592384099960327,-0.05007987841963768,0.7923459410667419,0.39319026470184326,-0.041828252375125885,0.7766902446746826,0.4134266674518585,-0.028430648148059845
0.6612794399261475,0.48959729075431824,-3.899888554315112e-07,0.6066619157791138,0.4630107879638672,-0.011271670460700989,0.5710121989250183,0.4034816026687622,-0.01723920740187168,0.5819888114929199,0.3445485234260559,-0.025727596133947372,0.6174638271331787,0.31762567162513733,-0.03253424912691116,0.6007113456726074,0.3464429974555969,0.0018973525147885084,0.59914231300354,0.30187368392944336,-0.024479711428284645,0.5989499092102051,0.34453722834587097,-0.041056472808122635,0.5991188287734985,0.3764089345932007,-0.04840908572077751,0.6340129971504211,0.3426285982131958,-0.0031566116958856583,0.6358307600021362,0.29580697417259216,-0.029394395649433136,0.633819580078125,0.35672158002853394,-0.03594003617763519,0.6330088973045349,0.39264050126075745,-0.032985884696245193,0.6680223941802979,0.34662842750549316,-0.01261678896844387,0.6697699427604675,0.30015718936920166,-0.03878302127122879,0.6628705859184265,0.36336708068847656,-0.031763479113578796,0.6584782600402832,0.40190520882606506,-0.018558600917458534,0.7039299011230469,0.3603540062904358,-0.023297647014260292,0.7016406059265137,0.3185279071331024,-0.03843144327402115,0.693159818649292,0.35947930812835693,-0.029796095564961433,0.6874053478240967,0.3884228765964508,-0.018408920615911484
0.5618801116943359,0.4548483192920685,-3.9418608821506496e-07,0.5090981721878052,0.44041869044303894,-0.011191589757800102,0.47104525566101074,0.3825421929359436,-0.014361105859279633,0.48107367753982544,0.3211691677570343,-0.019564369693398476,0.5136924386024475,0.29253917932510376,-0.022795142605900764,0.4918493330478668,0.3290363848209381,0.003839518642053008,0.4888664484024048,0.2807588279247284,-0.019860221073031425,0.4962337911128998,0.32412537932395935,-0.03373800218105316,0.500572919845581,0.35474157333374023,-0.03942190110683441,0.525371789932251,0.31986621022224426,2.2073405489209108e-05,0.5228127241134644,0.2692491412162781,-0.024273104965686798,0.5304298996925354,0.33074861764907837,-0.02915763296186924,0.5345615744590759,0.36579760909080505,-0.02467522770166397,0.5587093234062195,0.31779754161834717,-0.008284065872430801,0.5568013787269592,0.27105605602264404,-0.03278416022658348,0.5579237937927246,0.33487188816070557,-0.024999694898724556,0.5576507449150085,0.3721400201320648,-0.011281881481409073,0.5951008796691895,0.32411304116249084,-0.017863433808088303,0.5891612768173218,0.2835933566093445,-0.032169245183467865,0.5861888527870178,0.3256847560405731,-0.02371208183467388,0.584143877029419,0.35333162546157837,-0.012633024714887142
0.48615074157714844,0.4815114736557007,-3.9362362258543726e-07,0.4279749393463135,0.45642566680908203,-0.011220987886190414,0.3918182849884033,0.40848568081855774,-0.015778791159391403,0.3963032066822052,0.3500309884548187,-0.023056210950016975,0.4231780767440796,0.31653252243995667,-0.027090169489383698,0.40722930431365967,0.3501130938529968,0.011768016032874584,0.39486193656921387,0.30535125732421875,-0.015161259099841118,0.40882056951522827,0.35312771797180176,-0.030573846772313118,0.4178752303123474,0.382278174161911,-0.03614487126469612,0.4390159249305725,0.33580368757247925,0.006549609825015068,0.4253707528114319,0.2869115471839905,-0.020108794793486595,0.4410683512687683,0.35502883791923523,-0.0245146956294775,0.4509847164154053,0.384731650352478,-0.01874755322933197,0.47198253870010376,0.329793244600296,-0.004335507284849882,0.46102219820022583,0.2861084043979645,-0.031334131956100464,0.4687541127204895,0.35532456636428833,-0.020357763394713402,0.47677847743034363,0.3880331814289093,-0.0032353755086660385,0.5120978355407715,0.33251893520355225,-0.016831807792186737,0.49940037727355957,0.2919587790966034,-0.029385611414909363,0.49801433086395264,0.3373360335826874,-0.01686650514602661,0.4992995262145996,0.36290207505226135,-0.0024006145540624857
0.43360331654548645,0.5028207302093506,-4.899380883216509e-07,0.36664995551109314,0.4926179051399231,-0.013795601204037666,0.31804728507995605,0.4323260486125946,-0.017178107053041458,0.32844939827919006,0.35792791843414307,-0.022778339684009552,0.36595213413238525,0.31746867299079895,-0.02512844279408455,0.3300928771495819,0.3720094859600067,0.008382115513086319,0.31656068563461304,0.3172966241836548,-0.024457696825265884,0.32978639006614685,0.36766713857650757,-0.04312477633357048,0.34171387553215027,0.40467941761016846,-0.049914196133613586,0.36806491017341614,0.3511451780796051,0.003698152955621481,0.3519481122493744,0.2898350954055786,-0.029850341379642487,0.3686654567718506,0.3638540208339691,-0.03571387752890587,0.38170111179351807,0.4024370312690735,-0.02860746905207634,0.40662682056427,0.3407575190067291,-0.00726891215890646,0.3936299979686737,0.2873345613479614,-0.04081795737147331,0.402642160654068,0.3653098940849304,-0.02950107678771019,0.41178369522094727,0.4062284529209137,-0.009785338304936886,0.45264220237731934,0.34045618772506714,-0.01997092366218567,0.43548381328582764,0.29744791984558105,-0.03828764334321022,0.43574193120002747,0.3504590094089508,-0.026660261675715446,0.43901336193084717,0.38186511397361755,-0.01140429824590683
0.3196863830089569,0.5925015211105347,-6.748504688403045e-07,0.24592193961143494,0.556257963180542,-0.02379954420030117,0.1948421150445938,0.46328648924827576,-0.03219931572675705,0.2079552710056305,0.37119483947753906,-0.04345979914069176,0.25855109095573425,0.31174761056900024,-0.049413807690143585,0.22649268805980682,0.3817859888076782,0.013025008141994476,0.19620662927627563,0.3270922303199768,-0.033657848834991455,0.20888957381248474,0.39999687671661377,-0.05784828960895538,0.22984585165977478,0.4334080219268799,-0.06572604924440384,0.27526384592056274,0.360213965177536,0.007209111470729113,0.2473265826702118,0.29131749272346497,-0.042848262935876846,0.2563064694404602,0.39781275391578674,-0.052391063421964645,0.2786719799041748,0.43709060549736023,-0.04110730439424515,0.3271077573299408,0.35685834288597107,-0.008124311454594135,0.3045724034309387,0.29667314887046814,-0.06011063605546951,0.3059873878955841,0.41324323415756226,-0.045385513454675674,0.3247205317020416,0.4592859745025635,-0.015399831347167492,0.38769981265068054,0.3686691224575043,-0.02596725896000862,0.359455406665802,0.3185316026210785,-0.0531608872115612,0.35109737515449524,0.3920644521713257,-0.03726004809141159,0.36168885231018066,0.42609283328056335,-0.013926271349191666
0.38886186480522156,0.7273716926574707,-1.1171431424372713e-06,0.29154300689697266,0.6749521493911743,-0.0245736762881279,0.22162604331970215,0.5414383411407471,-0.035949815064668655,0.24268218874931335,0.4126755893230438,-0.05218697711825371,0.32139185070991516,0.3452071249485016,-0.06261501461267471,0.27814149856567383,0.4119795560836792,0.01389047410339117,0.24482481181621552,0.34624382853507996,-0.045278728008270264,0.2588963508605957,0.44851720333099365,-0.08177267014980316,0.28854653239250183,0.5175000429153442,-0.09670581668615341,0.34630513191223145,0.3991658091545105,0.0031922203488647938,0.31673526763916016,0.32641249895095825,-0.058675434440374374,0.3147324323654175,0.46736955642700195,-0.07405136525630951,0.3359134793281555,0.5393507480621338,-0.06452839821577072,0.4138476848602295,0.4094201624393463,-0.018288591876626015,0.38552942872047424,0.33943676948547363,-0.07769089192152023,0.37566179037094116,0.4830342233181,-0.05879746749997139,0.3913908004760742,0.5541505813598633,-0.024509184062480927,0.4884748160839081,0.4408870339393616,-0.04307389631867409,0.453866183757782,0.3666171431541443,-0.0740630030632019,0.4347936511039734,0.4602014422416687,-0.051921721547842026,0.44257599115371704,0.5135813355445862,-0.022908328101038933
0.41193100810050964,0.7638591527938843,-1.0474461760168197e-06,0.309884250164032,0.6890281438827515,-0.024142464622855186,0.23862814903259277,0.5502560138702393,-0.03593656048178673,0.24777400493621826,0.40835198760032654,-0.05558173358440399,0.3219298720359802,0.3189592957496643,-0.06874056905508041,0.30145764350891113,0.4116666615009308,0.03843238204717636,0.276998370885849,0.32635900378227234,-0.019926195964217186,0.28338637948036194,0.43184149265289307,-0.055468183010816574,0.3057451546192169,0.5083615779876709,-0.06813672184944153,0.3676873743534088,0.40137600898742676,0.027597106993198395,0.3430125415325165,0.3043990731239319,-0.035119201987981796,0.3359336256980896,0.45083096623420715,-0.05156031996011734,0.35724565386772156,0.533434271812439,-0.03956438973546028,0.43626829981803894,0.41202449798583984,0.0037933080457150936,0.4092051386833191,0.32236313819885254,-0.06055016443133354,0.39027926325798035,0.4705597758293152,-0.047205571085214615,0.40498673915863037,0.5522822737693787,-0.012613363564014435,0.5115948915481567,0.4460475742816925,-0.022833194583654404,0.47835999727249146,0.3547423481941223,-0.05618230998516083,0.45146989822387695,0.4461807608604431,-0.037988726049661636,0.45563438534736633,0.5093971490859985,-0.009711967781186104
0.5778912901878357,0.7906391620635986,-1.1606699672483956e-06,0.45300573110580444,0.7163944840431213,-0.0308341346681118,0.36505311727523804,0.5431798100471497,-0.04452402517199516,0.39457279443740845,0.37970197200775146,-0.06491737067699432,0.48526886105537415,0.29017364978790283,-0.07724461704492569,0.4348951280117035,0.39947524666786194,0.017812209203839302,0.4047050178050995,0.27449530363082886,-0.05154312402009964,0.4048768877983093,0.3889000117778778,-0.0920017808675766,0.42142218351364136,0.45185187458992004,-0.10856249183416367,0.511104941368103,0.38213151693344116,0.007226177956908941,0.4843564033508301,0.24969998002052307,-0.06154397130012512,0.472118079662323,0.3979364037513733,-0.07736165076494217,0.48303988575935364,0.4591537415981293,-0.06706027686595917,0.5886744260787964,0.3850771188735962,-0.01688472367823124,0.5747060179710388,0.2633150815963745,-0.08682838827371597,0.5446345210075378,0.4234989285469055,-0.06992092728614807,0.540190577507019,0.5004673600196838,-0.03479496017098427,0.6745129823684692,0.40989816188812256,-0.044784706085920334,0.6588510870933533,0.30145519971847534,-0.08105394244194031,0.6210652589797974,0.4075549244880676,-0.060391560196876526,0.6026768088340759,0.47789910435676575,-0.031755100935697556
0.8513764142990112,0.7934888601303101,-9.64657715485373e-07,0.7489496469497681,0.6809464693069458,-0.05277884379029274,0.6866210103034973,0.513296902179718,-0.08217556029558182,0.728499710559845,0.3612614870071411,-0.11481545865535736,0.8107284903526306,0.25820738077163696,-0.13663391768932343,0.6984502077102661,0.3618265390396118,-0.006785884499549866,0.6814447641372681,0.21794982254505157,-0.08571946620941162,0.7203580141067505,0.3486238420009613,-0.13317906856536865,0.7430375218391418,0.4362960755825043,-0.1523028314113617,0.787588894367218,0.3452134430408478,-0.010167929343879223,0.7916838526725769,0.2052803337574005,-0.08852601051330566,0.8089426159858704,0.36904287338256836,-0.11369825899600983,0.8089892864227295,0.45154130458831787,-0.10984308272600174,0.8766791820526123,0.3519939184188843,-0.027598273009061813,0.8929747939109802,0.23716355860233307,-0.1045471578836441,0.8810937404632568,0.4006473422050476,-0.09385187923908234,0.8640004396438599,0.4883924722671509,-0.06266989558935165,0.9653257131576538,0.3821466863155365,-0.05007687583565712,0.9742332100868225,0.27923187613487244,-0.09038470685482025,0.9522078633308411,0.38161131739616394,-0.07114097476005554,0.9275342226028442,0.4532349109649658,-0.04280053451657295
0.8897687792778015,0.7834407091140747,-9.482893688073091e-07,0.7939180731773376,0.6713850498199463,-0.04574766382575035,0.7394106984138489,0.4928644597530365,-0.06789392977952957,0.7972983121871948,0.33759045600891113,-0.09307695925235748,0.8841055631637573,0.2415931522846222,-0.10974380373954773,0.7496301531791687,0.3660581707954407,0.0013023203937336802,0.7361218929290771,0.20870862901210785,-0.06860660761594772,0.7634918689727783,0.3261639475822449,-0.11230374127626419,0.7809993028640747,0.41689857840538025,-0.1301979273557663,0.8420791029930115,0.3528798818588257,-0.0029725446365773678,0.8406503796577454,0.1973917931318283,-0.07620669156312943,0.8509738445281982,0.34923142194747925,-0.10200612992048264,0.8542932868003845,0.4431995451450348,-0.09736207127571106,0.9335967898368835,0.36271944642066956,-0.019860848784446716,0.9312918782234192,0.22921529412269592,-0.09190307557582855,0.9154211282730103,0.3827817440032959,-0.08290271461009979,0.9059725403785706,0.47505679726600647,-0.052960269153118134,1.023543357849121,0.39603301882743835,-0.04101387783885002,1.0004369020462036,0.2945708632469177,-0.0834764689207077,0.9718936085700989,0.4017847776412964,-0.06683247536420822,0.9589881896972656,0.47851595282554626,-0.039756353944540024
0.7729864120483398,0.7269216775894165,-7.465579301424441e-07,0.6815247535705566,0.6313835382461548,-0.014517641626298428,0.6396094560623169,0.5077954530715942,-0.024760382249951363,0.6772278547286987,0.4051758646965027,-0.04341557249426842,0.73248690366745,0.3471822142601013,-0.056476302444934845,0.6752209663391113,0.42303362488746643,0.018212564289569855,0.6594126224517822,0.3131170868873596,-0.03228400647640228,0.6711457371711731,0.40075621008872986,-0.06257954984903336,0.6849367618560791,0.4605453610420227,-0.07404030859470367,0.7353829741477966,0.4177234470844269,0.005637825466692448,0.7352079749107361,0.3083887994289398,-0.044333070516586304,0.7324386239051819,0.4212445914745331,-0.05688006803393364,0.7350517511367798,0.4813375174999237,-0.05105612799525261,0.7976004481315613,0.42714619636535645,-0.01586100272834301,0.8086845874786377,0.3297364115715027,-0.06194077804684639,0.7853119373321533,0.44478482007980347,-0.04770960286259651,0.7724160552024841,0.5131687521934509,-0.022836901247501373,0.8624861240386963,0.4520743489265442,-0.04023747891187668,0.8743851780891418,0.36532944440841675,-0.061138153076171875,0.8450498580932617,0.4306788444519043,-0.043721914291381836,0.8211024403572083,0.4828225076198578,-0.022458137944340706
0.6967995166778564,0.6322585344314575,-5.049048468208639e-07,0.6221146583557129,0.5595909357070923,-0.00749868294224143,0.591076672077179,0.46242228150367737,-0.011758155189454556,0.614137589931488,0.3771413564682007,-0.02414611354470253,0.6564187407493591,0.3283304274082184,-0.033750150352716446,0.6249133348464966,0.3937516510486603,0.030361860990524292,0.6141951084136963,0.31443941593170166,-0.00442427909001708,0.6200631260871887,0.3629211485385895,-0.030018487945199013,0.6300976276397705,0.41367924213409424,-0.04016772285103798,0.6704665422439575,0.38782167434692383,0.020092574879527092,0.6672638654708862,0.30123311281204224,-0.014655614271759987,0.663115382194519,0.37440136075019836,-0.030152220278978348,0.6667146682739258,0.43008503317832947,-0.029160628095269203,0.7183151841163635,0.392678827047348,0.0029679848812520504,0.7218849062919617,0.30972790718078613,-0.03222999721765518,0.7021982073783875,0.3965189456939697,-0.027312535792589188,0.6955944299697876,0.4631020426750183,-0.010452909395098686,0.7693688869476318,0.41191229224205017,-0.01581263542175293,0.7719677686691284,0.3410813808441162,-0.03257891908288002,0.7466968894004822,0.39056509733200073,-0.02144102193415165,0.7304288744926453,0.4392647445201874,-0.005567241460084915
0.6627463698387146,0.6482728719711304,-4.811666372006584e-07,0.6006351709365845,0.5874193906784058,-0.011608862318098545,0.570275068283081,0.5059887170791626,-0.020150991156697273,0.5850530862808228,0.4316437244415283,-0.03505855053663254,0.6122490167617798,0.37479737401008606,-0.047120723873376846,0.5952662229537964,0.42965224385261536,0.019162116572260857,0.5829435586929321,0.3646795153617859,-0.017638007178902626,0.5920236110687256,0.4142254590988159,-0.044713813811540604,0.602954089641571,0.4640555679798126,-0.05563944950699806,0.6375885009765625,0.4239208996295929,0.010523255914449692,0.6318902373313904,0.3491346538066864,-0.023991774767637253,0.6309707164764404,0.4127526581287384,-0.041118916124105453,0.6328979730606079,0.4647431969642639,-0.04259878769516945,0.6826237440109253,0.42956414818763733,-0.00448481785133481,0.6848170161247253,0.359389990568161,-0.040595442056655884,0.6708655953407288,0.44015762209892273,-0.038546085357666016,0.6631725430488586,0.5047623515129089,-0.02435021661221981,0.7305518388748169,0.44741618633270264,-0.020990729331970215,0.7307693958282471,0.3841288685798645,-0.04121113196015358,0.7105048298835754,0.43136265873908997,-0.03255384415388107,0.6939780116081238,0.4795815646648407,-0.018299974501132965
0.7213747501373291,0.735896110534668,-5.926981430093292e-07,0.6450813412666321,0.6953924894332886,-0.01950421929359436,0.5963594317436218,0.5841882228851318,-0.028286704793572426,0.6140708923339844,0.4896782338619232,-0.03955784812569618,0.652513861656189,0.43137484788894653,-0.046135399490594864,0.6224903464317322,0.4898263216018677,0.0017652048263698816,0.6102911233901978,0.4130985140800476,-0.04031006991863251,0.6406425833702087,0.47801610827445984,-0.07005567848682404,0.6613373756408691,0.5431778430938721,-0.0829109326004982,0.6777171492576599,0.48181629180908203,-0.004297171253710985,0.6745713949203491,0.4032389521598816,-0.04232815280556679,0.6927408576011658,0.4916806221008301,-0.05598926544189453,0.6984246373176575,0.5579936504364014,-0.054788727313280106,0.7312484383583069,0.4911971986293793,-0.01711665280163288,0.7348193526268005,0.4180724620819092,-0.05185573548078537,0.737036406993866,0.5072482228279114,-0.04159344360232353,0.7326614856719971,0.5713590979576111,-0.02419477142393589,0.7854276895523071,0.5151859521865845,-0.032617390155792236,0.7885763645172119,0.45369353890419006,-0.05190061032772064,0.7755664587020874,0.5112072825431824,-0.038237057626247406,0.7608178853988647,0.5560078620910645,-0.021679634228348732
0.7396113872528076,1.0141319036483765,-1.0097529923314141e-07,0.6747739315032959,1.014296293258667,-0.10146360099315643,0.6470836400985718,0.9480516314506531,-0.158798947930336,0.6729974746704102,0.8624023199081421,-0.20199045538902283,0.6976185441017151,0.777083694934845,-0.24074509739875793,0.6718018054962158,0.7683717012405396,-0.11026813834905624,0.6805601119995117,0.7088214159011841,-0.1919737458229065,0.6865051984786987,0.7060111165046692,-0.24245896935462952,0.6873745918273926,0.7264000773429871,-0.2688734829425812,0.747156023979187,0.7361422181129456,-0.08962450921535492,0.7761866450309753,0.7079800963401794,-0.17985783517360687,0.7687774896621704,0.8230406045913696,-0.20855970680713654,0.7497090697288513,0.9004815220832825,-0.21138501167297363,0.8169689774513245,0.7359415888786316,-0.08094959706068039,0.8461790084838867,0.721998393535614,-0.17756563425064087,0.8310348391532898,0.8410238027572632,-0.17829246819019318,0.809817910194397,0.9156285524368286,-0.15697675943374634,0.8822721838951111,0.7576889991760254,-0.07869328558444977,0.9136863946914673,0.7438129782676697,-0.15178602933883667,0.8950903415679932,0.8319222331047058,-0.15158332884311676,0.8664167523384094,0.8938183784484863,-0.13547948002815247
0.472204327583313,0.9269364476203918,-1.2731883316519088e-06,0.37594884634017944,0.8818687200546265,-0.030699383467435837,0.3026045262813568,0.7622233629226685,-0.04704466834664345,0.30995163321495056,0.634850800037384,-0.07046215981245041,0.3740793466567993,0.5576611757278442,-0.08644712716341019,0.3433445692062378,0.6044025421142578,0.019847216084599495,0.31441551446914673,0.5102982521057129,-0.04006041958928108,0.3156374990940094,0.6229193806648254,-0.07461395859718323,0.3287470042705536,0.6883134841918945,-0.08813660591840744,0.40364140272140503,0.5877725481987,0.008714629337191582,0.3716728985309601,0.5048912763595581,-0.052646636962890625,0.37160006165504456,0.6400855183601379,-0.0691981241106987,0.3869459331035614,0.6996343731880188,-0.06232567876577377,0.46874719858169556,0.5881592035293579,-0.015119526535272598,0.43648698925971985,0.5146878957748413,-0.07937468588352203,0.42879626154899597,0.657608151435852,-0.06848958134651184,0.4396679997444153,0.7286702394485474,-0.039943914860486984,0.5402219891548157,0.6066391468048096,-0.04244820401072502,0.503261148929596,0.5333623290061951,-0.07534068822860718,0.4817047417163849,0.6274263262748718,-0.05867241322994232,0.48076099157333374,0.6896821856498718,-0.03465079143643379
0.4765520691871643,0.7314060926437378,-6.72599696827092e-07,0.3723021447658539,0.6501665115356445,-0.010278258472681046,0.3104931116104126,0.5379984974861145,-0.020764099434018135,0.3136705756187439,0.42587515711784363,-0.0419740304350853,0.3752689063549042,0.37969744205474854,-0.059347398579120636,0.34894421696662903,0.42356008291244507,0.042149610817432404,0.32851800322532654,0.3447014093399048,-0.00282907928340137,0.3327225148677826,0.4324016869068146,-0.03473486006259918,0.34958145022392273,0.501609206199646,-0.0470636747777462,0.40193983912467957,0.4122251868247986,0.02808811515569687,0.3814523220062256,0.31924042105674744,-0.01791480742394924,0.3823765218257904,0.42841169238090515,-0.03525655344128609,0.40024444460868835,0.5045467615127563,-0.030202427878975868,0.4602854251861572,0.41217613220214844,0.004518293309956789,0.43359431624412537,0.3299112617969513,-0.03705308586359024,0.4296213984489441,0.4344649314880371,-0.029871104285120964,0.4457648694515228,0.5089044570922852,-0.007182298693805933,0.5240810513496399,0.4261032044887543,-0.021357055753469467,0.48984766006469727,0.34358781576156616,-0.03424835205078125,0.4777337610721588,0.40801337361335754,-0.01624770648777485,0.4870171546936035,0.4640204608440399,0.005875347647815943
0.3674469292163849,0.6615896224975586,-8.599154739385995e-07,0.28259292244911194,0.5875559449195862,-0.0052431924268603325,0.23446069657802582,0.48362886905670166,-0.009351841174066067,0.24982377886772156,0.3833382725715637,-0.024035315960645676,0.3107497990131378,0.3316347301006317,-0.03680520877242088,0.2939651906490326,0.3984914720058441,0.043730802834033966,0.27172744274139404,0.322457879781723,0.002387639367952943,0.2706156075000763,0.4041908383369446,-0.02642063982784748,0.2898796796798706,0.4633241891860962,-0.03826719522476196,0.34308522939682007,0.3865818679332733,0.028419747948646545,0.32048434019088745,0.294072687625885,-0.016158130019903183,0.31216567754745483,0.40676671266555786,-0.031622812151908875,0.3340160548686981,0.47333353757858276,-0.025472622364759445,0.3963662087917328,0.3865067660808563,0.004418833181262016,0.3692099153995514,0.2997376322746277,-0.042002640664577484,0.3545910120010376,0.4174432158470154,-0.03338269144296646,0.3720189332962036,0.4905838370323181,-0.00832859892398119,0.45663827657699585,0.403283029794693,-0.020879041403532028,0.42132139205932617,0.3214225172996521,-0.04303748160600662,0.4003910422325134,0.3927666246891022,-0.026466310024261475,0.40943092107772827,0.4488917887210846,-0.0036919547710567713
0.2931453585624695,0.6842764019966125,-7.761772735648265e-07,0.20428389310836792,0.6098024845123291,-0.008874938823282719,0.15298548340797424,0.5159857869148254,-0.013589301146566868,0.1533634066581726,0.4098014831542969,-0.029190771281719208,0.21540766954421997,0.3629337251186371,-0.04199305176734924,0.21369488537311554,0.42201855778694153,0.06060904636979103,0.18863463401794434,0.3455272912979126,0.02197638899087906,0.1839018613100052,0.42338985204696655,-0.008700183592736721,0.20184598863124847,0.48551011085510254,-0.02158135548233986,0.2618199288845062,0.40946605801582336,0.04734603688120842,0.23279070854187012,0.31484609842300415,0.0013572343159466982,0.2201504409313202,0.42666980624198914,-0.020501460880041122,0.24245041608810425,0.5019537210464478,-0.016497589647769928,0.31490427255630493,0.40946170687675476,0.02410765178501606,0.2792188823223114,0.3243280053138733,-0.02379034459590912,0.2602786421775818,0.4382143020629883,-0.02249375730752945,0.27973079681396484,0.5166502594947815,7.147048745537177e-05,0.3753581941127777,0.42700883746147156,-0.0007258573896251619,0.33553096652030945,0.3423219919204712,-0.02309192530810833,0.3096708059310913,0.40984785556793213,-0.010227348655462265,0.3195125162601471,0.4728644788265228,0.011033936403691769
0.26533693075180054,0.6442042589187622,-8.32139619433292e-07,0.17637698352336884,0.5690367221832275,-0.00624421238899231,0.12556412816047668,0.47327113151550293,-0.013465408235788345,0.1319512128829956,0.3664780259132385,-0.03176627680659294,0.19658277928829193,0.31710678339004517,-0.04595760256052017,0.18527066707611084,0.3786372244358063,0.05242520198225975,0.1525174379348755,0.29747992753982544,0.004772882908582687,0.155087411403656,0.38342902064323425,-0.028054147958755493,0.18161915242671967,0.4381319284439087,-0.04141129180788994,0.23425886034965515,0.370201051235199,0.03697908669710159,0.2037065327167511,0.2733864486217499,-0.014994563534855843,0.20048588514328003,0.38966214656829834,-0.03381364047527313,0.226965993642807,0.44968539476394653,-0.027748124673962593,0.28716957569122314,0.37055525183677673,0.011448666453361511,0.25360122323036194,0.2763766050338745,-0.0390816330909729,0.24298232793807983,0.39620015025138855,-0.03047044761478901,0.2650841176509857,0.46309182047843933,-0.0035157296806573868,0.34842947125434875,0.38555532693862915,-0.01566685549914837,0.30721890926361084,0.30006861686706543,-0.03878706321120262,0.29113420844078064,0.3735087215900421,-0.02314862050116062,0.3059374690055847,0.42835256457328796,0.00029886967968195677
0.2712717652320862,0.5646471977233887,-7.757244588901813e-07,0.17152929306030273,0.4905093312263489,0.006003943271934986,0.12200554460287094,0.3941211700439453,0.006946740671992302,0.13230811059474945,0.284737229347229,-0.006468652281910181,0.20007607340812683,0.2376018762588501,-0.018204856663942337,0.18904848396778107,0.318647563457489,0.07706624269485474,0.16273008286952972,0.2388257086277008,0.039108194410800934,0.16517263650894165,0.31140458583831787,0.005208667367696762,0.19038903713226318,0.3678971827030182,-0.010450205765664577,0.2412378042936325,0.30635809898376465,0.058489829301834106,0.21689242124557495,0.2060748040676117,0.013854088261723518,0.20920701324939728,0.31247663497924805,-0.011989641934633255,0.23180650174617767,0.3837229907512665,-0.011774450540542603,0.2953578233718872,0.3028540313243866,0.031086042523384094,0.2627313435077667,0.2057640105485916,-0.01328190416097641,0.2492741048336029,0.31914135813713074,-0.011526652611792088,0.2714383602142334,0.39920228719711304,0.010419374331831932,0.3589150011539459,0.3123743236064911,0.003258554497733712,0.3177122473716736,0.221225768327713,-0.014922595582902431,0.2973703444004059,0.28870952129364014,9.277628123527393e-05,0.3116839826107025,0.35184741020202637,0.022195016965270042
0.28226345777511597,0.5644960403442383,-8.555746262572939e-07,0.19149671494960785,0.4960727393627167,-0.010183987207710743,0.14022409915924072,0.3841274082660675,-0.013857370242476463,0.1573612093925476,0.2745002508163452,-0.028007356449961662,0.2303660362958908,0.22519665956497192,-0.03903322294354439,0.20123203098773956,0.29274553060531616,0.05486374720931053,0.16762477159500122,0.23070630431175232,0.011319455690681934,0.1762419492006302,0.3071381747722626,-0.020400458946824074,0.20557518303394318,0.35600143671035767,-0.033772245049476624,0.25721633434295654,0.2785329818725586,0.04156338796019554,0.2253517508506775,0.20144760608673096,-0.008808988146483898,0.2239338457584381,0.31977665424346924,-0.02767585590481758,0.2507001757621765,0.3847031891345978,-0.02058740146458149,0.3148822784423828,0.2780054807662964,0.017677288502454758,0.2779269516468048,0.20043562352657318,-0.03504118695855141,0.26814040541648865,0.3248608708381653,-0.02776585891842842,0.29151540994644165,0.40024706721305847,-0.0001057042318279855,0.3794097900390625,0.29581424593925476,-0.008265196345746517,0.33543136715888977,0.21946874260902405,-0.035214781761169434,0.317455530166626,0.2961089015007019,-0.02080467715859413,0.333000123500824,0.35586363077163696,0.002726480131968856
0.45737385749816895,0.5965589284896851,-8.148135179908422e-07,0.3534226715564728,0.5130740404129028,-0.01296896580606699,0.2924644649028778,0.3881513774394989,-0.021003277972340584,0.319273442029953,0.26885679364204407,-0.0394403450191021,0.4033692181110382,0.2210415005683899,-0.05442153289914131,0.34495896100997925,0.31185975670814514,0.03615111485123634,0.3186066746711731,0.19766400754451752,-0.010664568282663822,0.3209940493106842,0.2717897891998291,-0.04283599928021431,0.3362548351287842,0.330352246761322,-0.056011270731687546,0.40939420461654663,0.2961083948612213,0.022561753168702126,0.3865562081336975,0.17326930165290833,-0.02674860879778862,0.3768030107021332,0.2808994650840759,-0.04586866497993469,0.38924551010131836,0.3559195101261139,-0.0411696620285511,0.47586625814437866,0.29486432671546936,-0.0005129402852617204,0.4548952877521515,0.17791008949279785,-0.05059851333498955,0.4326886534690857,0.29986029863357544,-0.044528473168611526,0.4367828965187073,0.3903338313102722,-0.019319113343954086,0.5500273108482361,0.31206440925598145,-0.025719188153743744,0.5248275995254517,0.20631937682628632,-0.05043284595012665,0.49481678009033203,0.2783566117286682,-0.03600379079580307,0.4869725704193115,0.3523915708065033,-0.013789531774818897
0.6750693321228027,0.6382966041564941,-8.732491778573603e-07,0.5584739446640015,0.5419872999191284,-0.015565776266157627,0.49360376596450806,0.3818657696247101,-0.021925056353211403,0.5332253575325012,0.24720266461372375,-0.0385730117559433,0.6228733658790588,0.20370642840862274,-0.050377391278743744,0.5516005158424377,0.29784390330314636,0.03468506410717964,0.5457878112792969,0.1817478984594345,-0.016328487545251846,0.5519293546676636,0.2765026092529297,-0.050071053206920624,0.5591385364532471,0.33950111269950867,-0.06518387794494629,0.6221119165420532,0.28161507844924927,0.02089047245681286,0.6200470328330994,0.163145512342453,-0.02941608615219593,0.6171436309814453,0.2897867262363434,-0.04454520717263222,0.6202018857002258,0.3548964560031891,-0.03930504247546196,0.6944474577903748,0.2824936509132385,-0.003713715123012662,0.6987919807434082,0.1710328310728073,-0.05284589156508446,0.6793810725212097,0.30230310559272766,-0.03986335173249245,0.6700895428657532,0.3826676905155182,-0.013208046555519104,0.7696805000305176,0.30333876609802246,-0.03145530819892883,0.7739527225494385,0.1995488554239273,-0.052971210330724716,0.7480092644691467,0.27967455983161926,-0.034028176218271255,0.7294057011604309,0.3448772132396698,-0.010941864922642708
0.7447482943534851,0.6375387907028198,-7.546918254774937e-07,0.6378295421600342,0.5469832420349121,-0.015781812369823456,0.5823460817337036,0.3977678418159485,-0.022840484976768494,0.612255334854126,0.2696934938430786,-0.0391920767724514,0.6777344942092896,0.1942230463027954,-0.05084817484021187,0.6323094964027405,0.2857293486595154,0.03517303988337517,0.620273768901825,0.18597449362277985,-0.01942623406648636,0.6396633982658386,0.2628728747367859,-0.05904313176870346,0.6592362523078918,0.3369009792804718,-0.07560112327337265,0.7042332887649536,0.273639976978302,0.02233591489493847,0.7008873820304871,0.168451726436615,-0.0271136537194252,0.706843912601471,0.27981120347976685,-0.045885175466537476,0.716752290725708,0.35138463973999023,-0.04337850585579872,0.7763665318489075,0.2836201786994934,-0.0012108414666727185,0.7831398248672485,0.1892509162425995,-0.05137369781732559,0.7674598693847656,0.3174508810043335,-0.03791685774922371,0.7618033289909363,0.4006016254425049,-0.010827234946191311,0.853316605091095,0.3164644241333008,-0.02766920067369938,0.8635972738265991,0.22042427957057953,-0.05081673339009285,0.8369096517562866,0.2970905900001526,-0.029730411246418953,0.816584050655365,0.35759133100509644,-0.004179434385150671
0.7760600447654724,0.6722265481948853,-8.172754633051227e-07,0.6692685484886169,0.57905513048172,-0.020925372838974,0.6196526885032654,0.41461414098739624,-0.029480094090104103,0.6660774946212769,0.2855333983898163,-0.04694473370909691,0.7359485626220703,0.213840052485466,-0.05888919159770012,0.6663419008255005,0.3025314211845398,0.02182285487651825,0.6552876830101013,0.1942242980003357,-0.03449065983295441,0.6704375147819519,0.2824244499206543,-0.07149061560630798,0.6897497773170471,0.35677459836006165,-0.08611427992582321,0.7380561828613281,0.2964567244052887,0.010524640791118145,0.7399335503578186,0.1738806962966919,-0.04501854628324509,0.7393304109573364,0.2982431948184967,-0.06208726391196251,0.7473083734512329,0.38009071350097656,-0.05643579736351967,0.8086162805557251,0.3103196620941162,-0.011397350579500198,0.8193902969360352,0.19827891886234283,-0.06665100157260895,0.7967067360877991,0.33747541904449463,-0.05344778299331665,0.790186882019043,0.43467003107070923,-0.02460574544966221,0.8817434310913086,0.3453884422779083,-0.036807090044021606,0.8984696269035339,0.23745185136795044,-0.06567982584238052,0.8651213049888611,0.31119078397750854,-0.04900318756699562,0.8402694463729858,0.37974944710731506,-0.02550337091088295
0.808050811290741,0.8165068626403809,-9.525788868813834e-07,0.7123854160308838,0.7264066934585571,-0.02076406218111515,0.6533639430999756,0.5688458681106567,-0.031139742583036423,0.6914510130882263,0.4414214789867401,-0.05046777427196503,0.7615760564804077,0.37869781255722046,-0.06243370100855827,0.6960660219192505,0.45423147082328796,0.01865222491323948,0.6812373995780945,0.33132511377334595,-0.04201846197247505,0.7038140296936035,0.4361667037010193,-0.07721163332462311,0.7205179333686829,0.5086540579795837,-0.0899658054113388,0.7661618590354919,0.4518251121044159,0.005320876836776733,0.7663727402687073,0.3385314345359802,-0.05423115938901901,0.7720238566398621,0.47029533982276917,-0.06789913028478622,0.7745324373245239,0.5327575206756592,-0.05954481661319733,0.8352853059768677,0.467739462852478,-0.01933523826301098,0.8470256924629211,0.3719826936721802,-0.07506518065929413,0.8306379318237305,0.5076252222061157,-0.05828757956624031,0.8168119192123413,0.579184889793396,-0.02847154624760151,0.9052519798278809,0.5001702904701233,-0.04765096306800842,0.9200716018676758,0.4069775938987732,-0.07289803773164749,0.8946199417114258,0.4864799380302429,-0.05267055705189705,0.8714472651481628,0.5426550507545471,-0.027805300429463387
0.8735014200210571,0.9392813444137573,-9.586899523128523e-07,0.7777010798454285,0.8664618730545044,-0.02463170886039734,0.7095995545387268,0.7130445241928101,-0.03799400478601456,0.7420173287391663,0.5789028406143188,-0.05802420526742935,0.819232702255249,0.5144442319869995,-0.07040313631296158,0.7495797872543335,0.591248631477356,0.008493451401591301,0.7344430088996887,0.4591507911682129,-0.05266740173101425,0.7534739971160889,0.5676945447921753,-0.08679681271314621,0.7685821652412415,0.6405926942825317,-0.09953004866838455,0.8246273994445801,0.5881024599075317,-0.0033975138794630766,0.8239982724189758,0.46584194898605347,-0.06797371804714203,0.8265191912651062,0.5980172157287598,-0.08288289606571198,0.8263877034187317,0.6664193868637085,-0.07390867173671722,0.8986411094665527,0.6019350290298462,-0.02571069449186325,0.9068774580955505,0.49823808670043945,-0.08526214957237244,0.8861913084983826,0.6394639015197754,-0.068111352622509,0.8681042194366455,0.7147777080535889,-0.03702310845255852,0.9748938083648682,0.6334872841835022,-0.05136260762810707,0.977294921875,0.5466703772544861,-0.08126605302095413,0.9489911198616028,0.637729287147522,-0.061820898205041885,0.9256194233894348,0.6975923180580139,-0.03670235723257065
0.7500958442687988,0.9590321779251099,-9.56977714849927e-07,0.6537954807281494,0.8649829626083374,-0.029757743701338768,0.5956751108169556,0.7001583576202393,-0.043515291064977646,0.6558976173400879,0.5776342153549194,-0.0638112723827362,0.7529526352882385,0.5457733869552612,-0.0760277733206749,0.6654663681983948,0.5789046883583069,0.01670048199594021,0.6559491157531738,0.47974637150764465,-0.04926667734980583,0.6551668643951416,0.6044394373893738,-0.08241767436265945,0.6645104289054871,0.6559824347496033,-0.0946427658200264,0.737581193447113,0.5814395546913147,0.005297371651977301,0.7393878102302551,0.48182573914527893,-0.06161355972290039,0.7221357822418213,0.6265581846237183,-0.07150602340698242,0.7195292711257935,0.6669076681137085,-0.058571647852659225,0.8098577857017517,0.6044648885726929,-0.019792212173342705,0.818791389465332,0.5192404985427856,-0.08863148838281631,0.7814620137214661,0.6647455096244812,-0.07076448202133179,0.7623652815818787,0.7124661803245544,-0.036936111748218536,0.8853587508201599,0.6464924812316895,-0.04849774017930031,0.881544828414917,0.5696955919265747,-0.08425480872392654,0.8422008156776428,0.6644415855407715,-0.06498464196920395,0.816318154335022,0.7099317312240601,-0.03840726613998413
0.631695568561554,0.9531358480453491,-1.0142498467757832e-06,0.5270003080368042,0.8815838098526001,-0.02936727926135063,0.4553157389163971,0.7342284321784973,-0.04088958352804184,0.49951833486557007,0.609091579914093,-0.059113118797540665,0.5859035849571228,0.5594401359558105,-0.06983642280101776,0.5192647576332092,0.5964758396148682,0.019582949578762054,0.5092918276786804,0.5034696459770203,-0.04550037533044815,0.5125243663787842,0.6268897652626038,-0.07999607920646667,0.5227514505386353,0.6815173029899597,-0.0934387594461441,0.586108386516571,0.5900066494941711,0.008618628606200218,0.5851085186004639,0.49117159843444824,-0.060513321310281754,0.5764486789703369,0.6464003920555115,-0.07306431978940964,0.5775352716445923,0.6975986361503601,-0.060657139867544174,0.6544751524925232,0.6001662611961365,-0.015815936028957367,0.6628689169883728,0.5049117803573608,-0.08812202513217926,0.6370787024497986,0.6650145053863525,-0.07122443616390228,0.6252579092979431,0.7281718850135803,-0.03581039234995842,0.7274982333183289,0.6314507126808167,-0.04374412074685097,0.7301801443099976,0.5502663254737854,-0.08477684110403061,0.7014915347099304,0.6525009870529175,-0.06745456904172897,0.6827113628387451,0.7058928608894348,-0.04045582562685013
0.4191729724407196,0.9718964695930481,-1.1164119086970459e-06,0.3270099461078644,0.8908210396766663,-0.025072675198316574,0.25462669134140015,0.7711254358291626,-0.04566095769405365,0.2690696120262146,0.6607985496520996,-0.07588941603899002,0.3452034592628479,0.6056896448135376,-0.09951608628034592,0.32100844383239746,0.5957617163658142,0.02267586439847946,0.3022361695766449,0.4963717758655548,-0.04443729668855667,0.2933676242828369,0.6111173033714294,-0.08660712093114853,0.30599895119667053,0.7049214243888855,-0.10265595465898514,0.38478630781173706,0.595167875289917,0.008962840773165226,0.3572956919670105,0.5089559555053711,-0.06207479536533356,0.3451831638813019,0.6533048748970032,-0.0836680456995964,0.3596567213535309,0.7480733394622803,-0.07587018609046936,0.4521971046924591,0.6100541353225708,-0.017493486404418945,0.41996270418167114,0.5466974973678589,-0.08585835248231888,0.40149638056755066,0.687839686870575,-0.07755938917398453,0.41104209423065186,0.7794500589370728,-0.047231629490852356,0.5237890481948853,0.6468490958213806,-0.047131698578596115,0.4898730516433716,0.5759207010269165,-0.08065028488636017,0.4606547951698303,0.6624155044555664,-0.06462603062391281,0.45499899983406067,0.7302577495574951,-0.0389074943959713
0.288714200258255,0.9898288249969482,-1.0873127394006588e-06,0.1912418007850647,0.9107787609100342,-0.023051364347338676,0.12614847719669342,0.8030228018760681,-0.04125453904271126,0.13593067228794098,0.6999021768569946,-0.06582970917224884,0.2066226750612259,0.6398765444755554,-0.08378973603248596,0.2042209953069687,0.6334737539291382,0.02524714358150959,0.15117329359054565,0.6063342690467834,-0.03716905042529106,0.16956840455532074,0.7275131344795227,-0.07351057231426239,0.1961565762758255,0.7797883749008179,-0.08842335641384125,0.26426976919174194,0.6122965812683105,0.009985252283513546,0.2037401795387268,0.5817245244979858,-0.05586406588554382,0.2148776650428772,0.7313513159751892,-0.07050111889839172,0.24057698249816895,0.7823085188865662,-0.06082254648208618,0.32857203483581543,0.6126735210418701,-0.017333529889583588,0.2638218104839325,0.586806058883667,-0.08311228454113007,0.26793721318244934,0.7416135668754578,-0.06353601813316345,0.2935163974761963,0.7920795679092407,-0.029002098366618156,0.4012875556945801,0.6412584185600281,-0.04821385443210602,0.33426597714424133,0.6177304983139038,-0.08470004796981812,0.32386794686317444,0.7255570292472839,-0.0634889230132103,0.3427157402038574,0.7638342380523682,-0.033947523683309555
0.2798357605934143,0.9339599609375,-7.960489369907009e-07,0.1800365149974823,0.9159268736839294,-0.04789724946022034,0.0929701179265976,0.8349617719650269,-0.07389110326766968,0.10137338191270828,0.7349252104759216,-0.09742162376642227,0.1779211461544037,0.6738356947898865,-0.11136294156312943,0.12465732544660568,0.6435582637786865,-0.013413632288575172,0.08219623565673828,0.6602374315261841,-0.07703564316034317,0.115583136677742,0.7630460858345032,-0.11131065338850021,0.15305782854557037,0.7900235056877136,-0.12795023620128632,0.18971341848373413,0.6079133749008179,-0.01649891585111618,0.14969342947006226,0.6287695169448853,-0.08503124862909317,0.17193950712680817,0.7645058035850525,-0.09486410766839981,0.20442204177379608,0.7952728867530823,-0.08308479189872742,0.2557179927825928,0.6070640683174133,-0.032561514526605606,0.21663668751716614,0.6471838355064392,-0.09824508428573608,0.23141366243362427,0.7801017761230469,-0.0764128565788269,0.2605140507221222,0.8014420866966248,-0.04241914674639702,0.3299555778503418,0.6303279399871826,-0.05476943776011467,0.28020668029785156,0.6847587823867798,-0.09410953521728516,0.28944528102874756,0.7681242227554321,-0.0799911692738533,0.3174057900905609,0.7723337411880493,-0.05670676380395889
0.2558460533618927,0.8513798713684082,-8.881621056389122e-07,0.14018753170967102,0.778179407119751,-0.01616394892334938,0.07107707858085632,0.65957111120224,-0.027446771040558815,0.08678287267684937,0.5433940887451172,-0.04908549785614014,0.16691406071186066,0.4792632758617401,-0.0670444518327713,0.12184468656778336,0.539503276348114,0.041887976229190826,0.08149874210357666,0.45838555693626404,-0.013442356139421463,0.0892103835940361,0.5622796416282654,-0.04962262511253357,0.11672889441251755,0.625186562538147,-0.06431441754102707,0.18930117785930634,0.5150225162506104,0.025464914739131927,0.1493251621723175,0.41237419843673706,-0.0345681756734848,0.15100915729999542,0.5515443086624146,-0.05553248152136803,0.18289077281951904,0.6252655386924744,-0.047636184841394424,0.263417512178421,0.5093296766281128,-0.0022088673431426287,0.21772752702236176,0.4234186112880707,-0.06141476705670357,0.21098269522190094,0.5718429684638977,-0.05149911716580391,0.23892660439014435,0.6489591002464294,-0.02024335041642189,0.3492804765701294,0.5220929384231567,-0.03208591416478157,0.28796952962875366,0.448072224855423,-0.06069571152329445,0.27135059237480164,0.545812726020813,-0.04104045033454895,0.29121872782707214,0.6072875261306763,-0.012755569070577621
0.3053745925426483,0.6136414408683777,-8.679745064910094e-07,0.18369583785533905,0.5423660278320312,-0.01983758993446827,0.10838650166988373,0.4223122298717499,-0.031739868223667145,0.11336703598499298,0.2880896031856537,-0.055418506264686584,0.19234837591648102,0.2135947048664093,-0.07408548891544342,0.1619659960269928,0.3026829659938812,0.050696562975645065,0.12428196519613266,0.2023925930261612,-0.0075012082234025,0.13770735263824463,0.2989177703857422,-0.04740344360470772,0.166812464594841,0.36473941802978516,-0.06272140890359879,0.2268897145986557,0.2801373302936554,0.03713539242744446,0.1970551609992981,0.16723273694515228,-0.026161592453718185,0.20140734314918518,0.30467212200164795,-0.049299996346235275,0.22914524376392365,0.3853341042995453,-0.0420709028840065,0.29522618651390076,0.27222681045532227,0.010568135417997837,0.2602440118789673,0.16509737074375153,-0.052841950207948685,0.2547607421875,0.31285881996154785,-0.04445035383105278,0.2793102264404297,0.40666839480400085,-0.012348275631666183,0.37201988697052,0.2816590964794159,-0.018888341262936592,0.3303230404853821,0.18135158717632294,-0.048702385276556015,0.3110276758670807,0.2713204324245453,-0.030843006446957588,0.32364678382873535,0.34529799222946167,-0.003304859157651663
0.3290759027004242,0.5762896537780762,-1.040807774188579e-06,0.23222915828227997,0.5007946491241455,-0.015876075252890587,0.16610275208950043,0.3771153390407562,-0.025333678349852562,0.17447157204151154,0.25274696946144104,-0.04511471837759018,0.2536448836326599,0.19344279170036316,-0.06043945625424385,0.22616171836853027,0.2562091052532196,0.04016892984509468,0.19291256368160248,0.17262281477451324,-0.01322235818952322,0.19873839616775513,0.27212613821029663,-0.048471849411726,0.22549840807914734,0.33892902731895447,-0.06276167929172516,0.287373811006546,0.24089787900447845,0.026221824809908867,0.2535703480243683,0.13912418484687805,-0.03334689885377884,0.25127139687538147,0.2777929902076721,-0.051939018070697784,0.27865636348724365,0.36079394817352295,-0.042736828327178955,0.35291704535484314,0.24126198887825012,0.0014356912579387426,0.31477776169776917,0.1493312418460846,-0.05780641734600067,0.30397406220436096,0.2915665805339813,-0.04637904465198517,0.3262171447277069,0.3795910179615021,-0.014357732608914375,0.4273349642753601,0.2623744606971741,-0.025829628109931946,0.3869972229003906,0.17050865292549133,-0.055538516491651535,0.36450669169425964,0.25401610136032104,-0.038207754492759705,0.37432342767715454,0.32208752632141113,-0.011883953586220741
