0.7383304834365845,1.0530624389648438,1.0024707108868824e-07,0.681070864200592,1.0261666774749756,-0.030605558305978775,0.6242076754570007,0.9826184511184692,-0.067008838057518,0.5873717069625854,0.9581137895584106,-0.103214792907238,0.5699096918106079,0.9206414818763733,-0.13874906301498413,0.6631388068199158,0.8426160216331482,-0.06393977999687195,0.6280718445777893,0.7967524528503418,-0.11641882359981537,0.6135374903678894,0.8748230338096619,-0.15280219912528992,0.6136435866355896,0.9422018527984619,-0.17224723100662231,0.7153185606002808,0.8334996104240417,-0.07748416811227798,0.6865365505218506,0.7142446041107178,-0.11846001446247101,0.6755824685096741,0.6387214064598083,-0.15028372406959534,0.6738522052764893,0.5613468289375305,-0.17343130707740784,0.7673201560974121,0.8565536737442017,-0.09478125721216202,0.7613949775695801,0.7362578511238098,-0.13878180086612701,0.7656909227371216,0.662268877029419,-0.16727076470851898,0.7690404653549194,0.5899948477745056,-0.1849975883960724,0.8184765577316284,0.9032831192016602,-0.11192607134580612,0.8364731669425964,0.8221389651298523,-0.14324069023132324,0.8530272841453552,0.7674846649169922,-0.15190769731998444,0.8632943630218506,0.7103188633918762,-0.15705633163452148
0.6669905185699463,0.8780964612960815,1.6161929750069248e-07,0.6138363480567932,0.8276078701019287,-0.025085782632231712,0.56427401304245,0.7723875641822815,-0.049931347370147705,0.5228512287139893,0.7343604564666748,-0.07650536298751831,0.5009844303131104,0.6918938755989075,-0.10113608092069626,0.6002206206321716,0.6359217166900635,-0.019348999485373497,0.5569312572479248,0.5851314663887024,-0.07098343968391418,0.530163049697876,0.634868860244751,-0.11259312927722931,0.5222667455673218,0.6876466870307922,-0.1334463506937027,0.6378645300865173,0.620189905166626,-0.02803124114871025,0.6079609394073486,0.5144469141960144,-0.058830298483371735,0.5903744697570801,0.4444240629673004,-0.08220678567886353,0.5775571465492249,0.37721312046051025,-0.09704986959695816,0.6819081902503967,0.6382241249084473,-0.044224679470062256,0.679879903793335,0.5290782451629639,-0.07589252293109894,0.6749675273895264,0.46356838941574097,-0.09359438717365265,0.6667423844337463,0.40103083848953247,-0.1023683175444603,0.7253648638725281,0.6863086223602295,-0.06241052970290184,0.7477396130561829,0.6111864447593689,-0.08396565914154053,0.7560240030288696,0.5574825406074524,-0.08782807737588882,0.7586280107498169,0.5035001039505005,-0.08780767768621445
0.5780133008956909,0.6226275563240051,1.30090711536468e-07,0.5218872427940369,0.5862318277359009,-0.014392985962331295,0.47468703985214233,0.5395134687423706,-0.027710027992725372,0.4339290261268616,0.5028932690620422,-0.04406531900167465,0.4021642506122589,0.46338534355163574,-0.058700963854789734,0.4913775622844696,0.4282568097114563,0.004480619449168444,0.45382651686668396,0.38009756803512573,-0.030259858816862106,0.4311138987541199,0.4034377932548523,-0.06073077768087387,0.42211589217185974,0.43592125177383423,-0.07628300040960312,0.5150845646858215,0.4067038893699646,-0.0022862849291414022,0.48506709933280945,0.32299625873565674,-0.020488198846578598,0.4649653732776642,0.2713330388069153,-0.03576863557100296,0.44887250661849976,0.2249128520488739,-0.046328842639923096,0.5458282828330994,0.40764063596725464,-0.015722578391432762,0.5319703221321106,0.32880496978759766,-0.03169339522719383,0.5224810838699341,0.27687376737594604,-0.04048176109790802,0.5109662413597107,0.2284228801727295,-0.04577578976750374,0.5794929265975952,0.4284406304359436,-0.03172747418284416,0.5820639729499817,0.3656770586967468,-0.039421677589416504,0.5803892016410828,0.32222092151641846,-0.038762759417295456,0.5758289694786072,0.2799820899963379,-0.03796925023198128
0.5712336897850037,0.5682530403137207,5.131935054691894e-08,0.5227876305580139,0.5440984964370728,-0.015894513577222824,0.47878575325012207,0.5026537179946899,-0.030734799802303314,0.44044360518455505,0.46907082200050354,-0.048150137066841125,0.41205742955207825,0.4310336410999298,-0.0639590248465538,0.493285208940506,0.3999924063682556,-0.001092364196665585,0.4580364227294922,0.35815200209617615,-0.03613660857081413,0.43399906158447266,0.3769288957118988,-0.06556607037782669,0.4241960048675537,0.40494897961616516,-0.08041150122880936,0.5145889520645142,0.3782351613044739,-0.0076988982036709785,0.48331722617149353,0.3010678291320801,-0.024808797985315323,0.4607807397842407,0.2537505626678467,-0.03718455508351326,0.44318920373916626,0.21129488945007324,-0.04520085081458092,0.5450634956359863,0.3769541084766388,-0.020753033459186554,0.5300829410552979,0.301443487405777,-0.03625377640128136,0.5184848308563232,0.25334006547927856,-0.04112180322408676,0.5061072111129761,0.20989133417606354,-0.0432448573410511,0.5787883996963501,0.39477860927581787,-0.03657568618655205,0.580274760723114,0.33393752574920654,-0.046787310391664505,0.5777945518493652,0.2912575602531433,-0.045869164168834686,0.5723755359649658,0.2506202757358551,-0.04391276836395264
0.5608886480331421,0.5167170763015747,2.0725519078723664e-08,0.513788104057312,0.48933902382850647,-0.013890358619391918,0.47134822607040405,0.4462946653366089,-0.026667645201086998,0.43439316749572754,0.41391173005104065,-0.041521571576595306,0.40699073672294617,0.3789673447608948,-0.0555824413895607,0.490404337644577,0.35012513399124146,-0.0022509756963700056,0.45548495650291443,0.31199121475219727,-0.033488254994153976,0.4298850893974304,0.3299950957298279,-0.061165932565927505,0.4163839817047119,0.35556232929229736,-0.07595943659543991,0.5111488103866577,0.32988882064819336,-0.0078365383669734,0.48184430599212646,0.2599547207355499,-0.022928841412067413,0.4602562189102173,0.21776540577411652,-0.0357452817261219,0.44347643852233887,0.18082773685455322,-0.044946447014808655,0.5403407216072083,0.3289293050765991,-0.018894512206315994,0.5299683213233948,0.25577428936958313,-0.03351287171244621,0.5199905633926392,0.21208219230175018,-0.04078027233481407,0.5088475346565247,0.17341755330562592,-0.045065395534038544,0.5722976922988892,0.34659677743911743,-0.03207457438111305,0.5774729251861572,0.2862224578857422,-0.042617276310920715,0.5773073434829712,0.2456376701593399,-0.043703842908144,0.573274552822113,0.20748870074748993,-0.04359186068177223
0.45338231325149536,0.48641282320022583,-5.7873041470202224e-08,0.4029386043548584,0.45683127641677856,-0.009019460529088974,0.3611409664154053,0.39961308240890503,-0.016292139887809753,0.32618778944015503,0.35778218507766724,-0.0261774230748415,0.2929558753967285,0.3315645456314087,-0.03585056960582733,0.3892827033996582,0.3135926425457001,0.0076516312547028065,0.3539010286331177,0.27720969915390015,-0.01856997050344944,0.3244287967681885,0.2913449704647064,-0.043951697647571564,0.3052161931991577,0.3119259476661682,-0.058209147304296494,0.4088156521320343,0.2929082214832306,0.0002387408894719556,0.37886011600494385,0.22441662847995758,-0.01234202366322279,0.35384130477905273,0.18193332850933075,-0.025282414630055428,0.33322420716285706,0.14537972211837769,-0.03499453887343407,0.4359559118747711,0.2920253574848175,-0.012387139722704887,0.4248567223548889,0.2160460352897644,-0.026074854657053947,0.4130595028400421,0.17007721960544586,-0.03414970263838768,0.4004574418067932,0.12977667152881622,-0.039103008806705475,0.4649374783039093,0.30848243832588196,-0.026680901646614075,0.4688197672367096,0.24473625421524048,-0.03595452383160591,0.4670301079750061,0.20354142785072327,-0.03687500208616257,0.45982396602630615,0.16511140763759613,-0.037249017506837845
0.4256118834018707,0.45917701721191406,-6.275578812164895e-08,0.3730401396751404,0.42991986870765686,-0.007120485417544842,0.3270970582962036,0.36873704195022583,-0.015465552918612957,0.2892549932003021,0.3264940679073334,-0.027820158749818802,0.25451329350471497,0.2935824394226074,-0.0395529568195343,0.35360443592071533,0.2742811441421509,0.008703861385583878,0.3161304295063019,0.23362933099269867,-0.020636357367038727,0.2856667637825012,0.24951772391796112,-0.04670875146985054,0.26856574416160583,0.2759013772010803,-0.06031433120369911,0.3713715076446533,0.2551613450050354,-0.001153334742411971,0.33972352743148804,0.18173447251319885,-0.015309483744204044,0.3132985532283783,0.13825421035289764,-0.026568233966827393,0.29287075996398926,0.09775955975055695,-0.034152887761592865,0.39930784702301025,0.25541219115257263,-0.016738124191761017,0.38425272703170776,0.17260956764221191,-0.03151889145374298,0.3688400983810425,0.12264774739742279,-0.03759089484810829,0.3533729612827301,0.07809972763061523,-0.04089842736721039,0.4305233657360077,0.27389320731163025,-0.034138213843107224,0.4351155757904053,0.20752623677253723,-0.04520885646343231,0.4304400086402893,0.16198205947875977,-0.0459827184677124,0.42029279470443726,0.11939792335033417,-0.04562075436115265
0.4743698239326477,0.4247555732727051,-1.1126140009309893e-07,0.4186418354511261,0.3871116638183594,-0.011431402526795864,0.3696840703487396,0.32053446769714355,-0.021765679121017456,0.3263357877731323,0.2739240229129791,-0.0356329046189785,0.2923305034637451,0.23212027549743652,-0.04865621030330658,0.40584510564804077,0.22067205607891083,0.0059156399220228195,0.3638993501663208,0.17165523767471313,-0.028526417911052704,0.3272189497947693,0.18745461106300354,-0.05984492972493172,0.3040158748626709,0.21418631076812744,-0.07699955999851227,0.42598316073417664,0.19940078258514404,-0.0033365273848176003,0.38884949684143066,0.11632966995239258,-0.02194201946258545,0.35757526755332947,0.06396764516830444,-0.0391211099922657,0.3326185643672943,0.01783253252506256,-0.05116986483335495,0.4569244384765625,0.19946622848510742,-0.018715402111411095,0.43644341826438904,0.10936325788497925,-0.03645927086472511,0.4172649681568146,0.04855155944824219,-0.04690234735608101,0.3988005220890045,-0.006414502859115601,-0.053386759012937546,0.4919227361679077,0.21921926736831665,-0.03625093400478363,0.4940079152584076,0.14824548363685608,-0.04879069700837135,0.48956620693206787,0.09876377880573273,-0.051273100078105927,0.4798097610473633,0.0530722439289093,-0.05230335146188736
0.5487146973609924,0.4570279121398926,-9.978748494177125e-08,0.4881868362426758,0.42033225297927856,-0.015316266566514969,0.434552937746048,0.3568289279937744,-0.028850732371211052,0.3865532875061035,0.3086060583591461,-0.04592679813504219,0.35246434807777405,0.2595857083797455,-0.06166299059987068,0.4614467918872833,0.24771253764629364,0.004441085271537304,0.4165095388889313,0.19030147790908813,-0.03439565375447273,0.3836088180541992,0.20461048185825348,-0.06885496526956558,0.36596351861953735,0.23058749735355377,-0.08733583241701126,0.48431694507598877,0.22346043586730957,-0.004174957517534494,0.43918943405151367,0.13390329480171204,-0.023518037050962448,0.4049147665500641,0.07865224778652191,-0.041911203414201736,0.376872181892395,0.030096665024757385,-0.054913975298404694,0.5197106599807739,0.21957004070281982,-0.01972593180835247,0.49269071221351624,0.12533535063266754,-0.037888895720243454,0.4701120853424072,0.06516075134277344,-0.04850585386157036,0.44674450159072876,0.012293130159378052,-0.055406153202056885,0.5607549548149109,0.23561520874500275,-0.037962134927511215,0.5610856413841248,0.16286629438400269,-0.05122123286128044,0.5543967485427856,0.11121787130832672,-0.053904756903648376,0.5424216985702515,0.0637684315443039,-0.05498546361923218
0.6961017847061157,0.5202431678771973,-5.223287757871731e-08,0.6403012871742249,0.4719889760017395,-0.015672005712985992,0.5960306525230408,0.4072786569595337,-0.030478408560156822,0.5576600432395935,0.35660409927368164,-0.04897285997867584,0.5296259522438049,0.3024219870567322,-0.06610236316919327,0.6175258755683899,0.2933965027332306,0.00306996563449502,0.5821185111999512,0.22583222389221191,-0.037898700684309006,0.5599925518035889,0.23256395757198334,-0.0739419236779213,0.5481170415878296,0.25336959958076477,-0.09372253715991974,0.6473844051361084,0.2714264690876007,-0.007553153671324253,0.6094659566879272,0.17274850606918335,-0.03129326179623604,0.5823372602462769,0.11181533336639404,-0.054726336151361465,0.5589747428894043,0.05948571860790253,-0.07131773978471756,0.6876432299613953,0.2738676369190216,-0.025047343224287033,0.6680275797843933,0.17522765696048737,-0.04865778982639313,0.6532764434814453,0.11301007866859436,-0.06451313197612762,0.6360605955123901,0.0561908483505249,-0.0748591348528862,0.7332075834274292,0.29897287487983704,-0.04467909783124924,0.7396770715713501,0.2254466414451599,-0.06141118332743645,0.7402439713478088,0.17462597787380219,-0.0662371814250946,0.734636664390564,0.1262608766555786,-0.06909029930830002
0.7066864371299744,0.5688080787658691,-2.9750898633551515e-08,0.6574608087539673,0.5195072889328003,-0.022649971768260002,0.6155974268913269,0.4595659673213959,-0.04268614202737808,0.580744206905365,0.40761587023735046,-0.06510540843009949,0.5555511116981506,0.3531825840473175,-0.0854663997888565,0.6336140632629395,0.3454150855541229,-0.007766852155327797,0.602748692035675,0.27431923151016235,-0.053948480635881424,0.5850622653961182,0.2903481423854828,-0.09092158824205399,0.577712893486023,0.32210952043533325,-0.10943376272916794,0.6663703918457031,0.3265874683856964,-0.014901423826813698,0.6332376003265381,0.22529056668281555,-0.04155892878770828,0.6111944317817688,0.16475406289100647,-0.06301983445882797,0.5913439989089966,0.10927329957485199,-0.07720590382814407,0.7076269388198853,0.3324495255947113,-0.029687298461794853,0.6939214468002319,0.23037511110305786,-0.055890537798404694,0.6833884119987488,0.1673792600631714,-0.07112447917461395,0.6696981191635132,0.10911022126674652,-0.0798344761133194,0.751844048500061,0.36218270659446716,-0.04709039255976677,0.762600839138031,0.2873861789703369,-0.06433471292257309,0.7663578987121582,0.23723074793815613,-0.06879010796546936,0.7652581930160522,0.18968841433525085,-0.07074209302663803
0.69648677110672,0.6028996109962463,-3.876814602676859e-08,0.6460158824920654,0.5552610754966736,-0.01832689717411995,0.6037953495979309,0.4994748830795288,-0.0353037528693676,0.5702604055404663,0.4516138434410095,-0.05513715371489525,0.5492754578590393,0.400319367647171,-0.07346487790346146,0.6258105039596558,0.38969406485557556,-0.0036888292524963617,0.5932390689849854,0.32407620549201965,-0.0449601486325264,0.5732908248901367,0.3429698348045349,-0.0795135572552681,0.564008355140686,0.37581488490104675,-0.09749405831098557,0.6555784344673157,0.3713867664337158,-0.01157880574464798,0.6239962577819824,0.27878403663635254,-0.03410037234425545,0.5989581346511841,0.22370880842208862,-0.054520849138498306,0.5764134526252747,0.17368680238723755,-0.06884795427322388,0.694432258605957,0.37628409266471863,-0.02635715901851654,0.6822831630706787,0.282900333404541,-0.04816969484090805,0.6701430082321167,0.22547698020935059,-0.06219904497265816,0.6559565663337708,0.17307743430137634,-0.07116992026567459,0.7358416318893433,0.4038166105747223,-0.04349559545516968,0.7454496622085571,0.3347970247268677,-0.0582725927233696,0.7476722598075867,0.2875921130180359,-0.061906833201646805,0.7447747588157654,0.24210748076438904,-0.06378208100795746
0.6635425686836243,0.6596043109893799,-3.622413302650784e-08,0.6159073114395142,0.6202881336212158,-0.016632625833153725,0.5760005116462708,0.5704221725463867,-0.03306916728615761,0.5414520502090454,0.5296094417572021,-0.051949046552181244,0.5126090049743652,0.4873064458370209,-0.06985538452863693,0.5952566266059875,0.46878480911254883,-0.00639751460403204,0.5616319179534912,0.4121057093143463,-0.04373480752110481,0.54011070728302,0.42999881505966187,-0.0753098800778389,0.5290697813034058,0.4580402672290802,-0.09231022745370865,0.6214017868041992,0.45179498195648193,-0.014079015702009201,0.5894489884376526,0.3686509132385254,-0.03481428325176239,0.5633429288864136,0.3197336196899414,-0.05349116399884224,0.5397789478302002,0.27592870593070984,-0.06698644161224365,0.6561391949653625,0.45627284049987793,-0.02764868550002575,0.6412257552146912,0.36894023418426514,-0.04740308225154877,0.627676784992218,0.31587451696395874,-0.06007362902164459,0.6122234463691711,0.267830491065979,-0.06870874017477036,0.6938120126724243,0.48120585083961487,-0.043257009238004684,0.7007490396499634,0.4173242151737213,-0.05740387365221977,0.7002502679824829,0.37322697043418884,-0.06137292459607124,0.6945489645004272,0.3311392664909363,-0.06379280984401703
0.06792766600847244,0.6217634677886963,6.119337285781512e-07,0.12882868945598602,0.6128504872322083,-0.04814651608467102,0.17344006896018982,0.5730671286582947,-0.07125905901193619,0.20791155099868774,0.5267210006713867,-0.07768234610557556,0.23113203048706055,0.47821226716041565,-0.07863803952932358,0.12136904150247574,0.4999450743198395,-0.1047857478260994,0.16614806652069092,0.4373612701892853,-0.11889524757862091,0.19993489980697632,0.42661017179489136,-0.11055237799882889,0.22148928046226501,0.43430015444755554,-0.10092584788799286,0.09881530702114105,0.4735487103462219,-0.07741342484951019,0.13211646676063538,0.38303661346435547,-0.11032900959253311,0.16250428557395935,0.32645535469055176,-0.11844577640295029,0.18319350481033325,0.28789371252059937,-0.11943165212869644,0.08460506051778793,0.4580373167991638,-0.04576653614640236,0.10678818821907043,0.37561795115470886,-0.06844587624073029,0.12882371246814728,0.32314297556877136,-0.07512810081243515,0.14532586932182312,0.28454023599624634,-0.07555804401636124,0.0759248286485672,0.45187845826148987,-0.014744246378540993,0.0895153135061264,0.3815861642360687,-0.026605861261487007,0.10288019478321075,0.3389659821987152,-0.030844664201140404,0.11630906164646149,0.3081744313240051,-0.03140099719166756
0.238122820854187,0.5060184001922607,3.4944022786476125e-07,0.2969522774219513,0.4840138554573059,0.0004479464842006564,0.3366679549217224,0.4497445225715637,7.497899059671909e-05,0.3681737780570984,0.42145997285842896,-0.00678988778963685,0.3888576328754425,0.3938344717025757,-0.013287529349327087,0.31861603260040283,0.36044323444366455,0.03110378421843052,0.35247400403022766,0.3355676829814911,0.01444261334836483,0.375180721282959,0.3465885818004608,-0.004704172257333994,0.38885512948036194,0.3631211519241333,-0.014579128473997116,0.30740299820899963,0.339703232049942,0.01796976663172245,0.3385469615459442,0.27844977378845215,0.011275801807641983,0.3592529892921448,0.23878683149814606,-0.002220139605924487,0.37727904319763184,0.2027164101600647,-0.011765128001570702,0.29001563787460327,0.3277560770511627,-0.0001879127958090976,0.3165031671524048,0.2646610736846924,-0.00888668093830347,0.3365688621997833,0.22077541053295135,-0.018450893461704254,0.35399380326271057,0.1852584034204483,-0.02416909486055374,0.2674699127674103,0.3261827826499939,-0.020021283999085426,0.2912363111972809,0.2702433466911316,-0.024890046566724777,0.30952584743499756,0.2323947548866272,-0.024213694036006927,0.3275172710418701,0.20183709263801575,-0.023213019594550133
0.285125195980072,0.5014449954032898,3.0944551099310047e-07,0.3377421200275421,0.4873044490814209,-0.009886971674859524,0.3851407468318939,0.4597151279449463,-0.016644690185785294,0.4227421283721924,0.43244343996047974,-0.0262603722512722,0.4390239119529724,0.3953273296356201,-0.03474300727248192,0.36874905228614807,0.3629476726055145,0.007683228235691786,0.39893627166748047,0.3345237970352173,-0.011545673944056034,0.41591036319732666,0.34514716267585754,-0.028923295438289642,0.42528703808784485,0.36546236276626587,-0.03715230152010918,0.35033828020095825,0.33673378825187683,0.0008380090584978461,0.3811391592025757,0.2750290036201477,-0.007252489682286978,0.40201979875564575,0.2364916354417801,-0.016468217596411705,0.4205327033996582,0.20211350917816162,-0.022616466507315636,0.32685303688049316,0.32595667243003845,-0.01064741425216198,0.3443014621734619,0.25967133045196533,-0.01978420838713646,0.3587237596511841,0.22043810784816742,-0.02516586147248745,0.37280604243278503,0.19031590223312378,-0.027969783172011375,0.2989759147167206,0.3294011950492859,-0.024244727566838264,0.30857205390930176,0.27525049448013306,-0.03050924837589264,0.3175643980503082,0.24097420275211334,-0.02921474538743496,0.3284298777580261,0.21328188478946686,-0.027325373142957687
0.3059227168560028,0.537163496017456,2.8938941909473215e-07,0.3532060384750366,0.5211098194122314,-0.017093611881136894,0.4011632800102234,0.48760533332824707,-0.02956457808613777,0.43772637844085693,0.45480144023895264,-0.04353352636098862,0.44831159710884094,0.41042056679725647,-0.05577791854739189,0.38906076550483704,0.3805350959300995,-0.012308086268603802,0.4220487177371979,0.33046087622642517,-0.04225437343120575,0.43583887815475464,0.3507695198059082,-0.06631886959075928,0.4383956789970398,0.3833405375480652,-0.07722672820091248,0.3651858866214752,0.35594281554222107,-0.017651142552495003,0.39873433113098145,0.28495723009109497,-0.03225407004356384,0.42107611894607544,0.23905375599861145,-0.04657868295907974,0.4374082386493683,0.19893358647823334,-0.05671945959329605,0.3348323702812195,0.3497057855129242,-0.027868730947375298,0.34673255681991577,0.27586841583251953,-0.04134228453040123,0.357475608587265,0.22735805809497833,-0.05389885604381561,0.3696417212486267,0.18779787421226501,-0.06252393126487732,0.29971882700920105,0.36263149976730347,-0.04030510038137436,0.28840920329093933,0.30578306317329407,-0.051039498299360275,0.2838937044143677,0.26500609517097473,-0.05532737076282501,0.284638375043869,0.22769591212272644,-0.05783633142709732
0.30128151178359985,0.5495618581771851,2.986569711538323e-07,0.3465106189250946,0.5327979326248169,-0.02094276063144207,0.3902992606163025,0.49848878383636475,-0.03563801571726799,0.42441028356552124,0.46197524666786194,-0.051622424274683,0.4294588267803192,0.4164615273475647,-0.06580131500959396,0.39067980647087097,0.39241430163383484,-0.014178495854139328,0.42204564809799194,0.337523490190506,-0.04546576365828514,0.42796534299850464,0.3555014133453369,-0.07047026604413986,0.4238365888595581,0.38772961497306824,-0.08174722641706467,0.3638817071914673,0.3663617670536041,-0.018257521092891693,0.3978690505027771,0.2937871217727661,-0.03235114365816116,0.41857850551605225,0.24580851197242737,-0.04574482887983322,0.43523329496383667,0.2013377994298935,-0.05526887625455856,0.3300388753414154,0.36096715927124023,-0.027911532670259476,0.34366679191589355,0.2895561158657074,-0.04068616032600403,0.35374659299850464,0.24138717353343964,-0.05296817421913147,0.3664414882659912,0.20057131350040436,-0.06187760829925537,0.29114818572998047,0.375750869512558,-0.04030856117606163,0.27917277812957764,0.32360517978668213,-0.051003411412239075,0.27364951372146606,0.28520387411117554,-0.05509169399738312,0.27336668968200684,0.24970212578773499,-0.05769094452261925
0.29066893458366394,0.5562726855278015,3.2400578220403986e-07,0.33671700954437256,0.5360514521598816,-0.02144775167107582,0.3789929747581482,0.49891144037246704,-0.03634195402264595,0.41216200590133667,0.459899365901947,-0.052767541259527206,0.41522324085235596,0.41306543350219727,-0.0674828514456749,0.37399786710739136,0.39133721590042114,-0.013826409354805946,0.4033898115158081,0.3343498706817627,-0.04550953581929207,0.4100836515426636,0.3531491160392761,-0.07012790441513062,0.40705305337905884,0.3857758343219757,-0.0809340700507164,0.3459897041320801,0.367561399936676,-0.01832389459013939,0.37878867983818054,0.29082268476486206,-0.03235673904418945,0.39857715368270874,0.24209435284137726,-0.04533320665359497,0.41494810581207275,0.19638974964618683,-0.05461075156927109,0.3118187189102173,0.36454880237579346,-0.028655044734477997,0.32305288314819336,0.29159027338027954,-0.042070046067237854,0.3312292993068695,0.2418041080236435,-0.054727181792259216,0.3426901400089264,0.19949811697006226,-0.06394395977258682,0.27272269129753113,0.38143277168273926,-0.04177931323647499,0.2584000825881958,0.32942938804626465,-0.052836667746305466,0.25151944160461426,0.2913075387477875,-0.05722459778189659,0.250232070684433,0.256120502948761,-0.06024046242237091
0.2978776693344116,0.5615675449371338,2.7579159223023453e-07,0.34748542308807373,0.5327569842338562,-0.0156675036996603,0.3923976719379425,0.48756909370422363,-0.02956446073949337,0.4289243817329407,0.4525219202041626,-0.04561024159193039,0.44208115339279175,0.4122806489467621,-0.06024307385087013,0.3564341068267822,0.37927648425102234,-0.017817223444581032,0.39244312047958374,0.33243098855018616,-0.05126300826668739,0.41571861505508423,0.3557359576225281,-0.07636461406946182,0.42740777134895325,0.3901376724243164,-0.08809942752122879,0.3298748731613159,0.3613351881504059,-0.026713205501437187,0.3506998121738434,0.278176486492157,-0.045506153255701065,0.3651319146156311,0.22123301029205322,-0.06185374781489372,0.3729148805141449,0.17061157524585724,-0.07350362092256546,0.3011724352836609,0.36762669682502747,-0.040060754865407944,0.29685723781585693,0.28427058458328247,-0.05876712501049042,0.29805922508239746,0.22607308626174927,-0.07410483807325363,0.301554799079895,0.17397184669971466,-0.08427390456199646,0.2727930247783661,0.39582571387290955,-0.05518573150038719,0.24540308117866516,0.34070923924446106,-0.07150782644748688,0.2310921549797058,0.29760801792144775,-0.07874080538749695,0.22353129088878632,0.2544117271900177,-0.08293674141168594
0.30767324566841125,0.5632790327072144,2.1137164196716185e-07,0.35757434368133545,0.527037501335144,-0.006947206798940897,0.3991986811161041,0.47572967410087585,-0.017994752153754234,0.43394961953163147,0.4429987072944641,-0.03323863819241524,0.45496001839637756,0.41206225752830505,-0.0477202907204628,0.35929936170578003,0.3729970455169678,-0.007860877551138401,0.39551669359207153,0.331429123878479,-0.04012756049633026,0.4219324588775635,0.35513514280319214,-0.0649021714925766,0.43758124113082886,0.388703852891922,-0.07698632776737213,0.3377215564250946,0.359271764755249,-0.021454349160194397,0.35264793038368225,0.2741747796535492,-0.04038266837596893,0.36451253294944763,0.2134493887424469,-0.05711400508880615,0.36991676688194275,0.16047200560569763,-0.06869401037693024,0.3148241341114044,0.37035053968429565,-0.038964495062828064,0.3040723502635956,0.2850310206413269,-0.05761198699474335,0.3024565279483795,0.22412952780723572,-0.07236463576555252,0.30345040559768677,0.1685173213481903,-0.08198878169059753,0.2941179573535919,0.4018198549747467,-0.057561226189136505,0.26247820258140564,0.3472236692905426,-0.0746435821056366,0.2485668659210205,0.3022210896015167,-0.081751249730587,0.2417195588350296,0.25720417499542236,-0.08568092435598373
0.3257037401199341,0.557630181312561,3.603526721462913e-08,0.38269707560539246,0.5107108950614929,0.016119036823511124,0.41525551676750183,0.46434205770492554,0.010375834070146084,0.4476134181022644,0.4371037483215332,-0.004720719996839762,0.4717302918434143,0.4159518778324127,-0.02034733258187771,0.3720860481262207,0.36398616433143616,0.0035683130845427513,0.4070531129837036,0.3299122154712677,-0.027850724756717682,0.4334777593612671,0.3600236475467682,-0.04950616508722305,0.4465686082839966,0.3977796733379364,-0.06065407022833824,0.3560190498828888,0.36191263794898987,-0.02702721580862999,0.3643949627876282,0.26930028200149536,-0.048717133700847626,0.37525835633277893,0.20346224308013916,-0.06745818257331848,0.3780539333820343,0.14542292058467865,-0.08225994557142258,0.34135791659355164,0.3818415403366089,-0.059630461037158966,0.3252672255039215,0.2936602234840393,-0.0807483047246933,0.3241078853607178,0.23337984085083008,-0.09782388806343079,0.32306352257728577,0.17840024828910828,-0.1118311733007431,0.33326858282089233,0.4153553545475006,-0.09132070094347,0.30477529764175415,0.36247164011001587,-0.11360421776771545,0.2969994843006134,0.3175338804721832,-0.1253393590450287,0.2954964339733124,0.27460312843322754,-0.13492794334888458
0.33670538663864136,0.5680068731307983,1.4824686900283268e-07,0.38793763518333435,0.5327938795089722,-0.0030055686365813017,0.4285557270050049,0.4835418164730072,-0.012705435045063496,0.4624326527118683,0.4512019753456116,-0.027926189824938774,0.48339858651161194,0.4211084842681885,-0.04218694940209389,0.3868314027786255,0.3803640604019165,0.0009980015456676483,0.42066046595573425,0.33996155858039856,-0.029823891818523407,0.44502079486846924,0.36753132939338684,-0.05433161184191704,0.4575692415237427,0.4045122265815735,-0.06596171110868454,0.36614522337913513,0.36607685685157776,-0.014169192872941494,0.37874406576156616,0.28566592931747437,-0.030687009915709496,0.39013364911079407,0.22815734148025513,-0.046219710260629654,0.39478662610054016,0.177834615111351,-0.05723847448825836,0.34402996301651,0.3738367557525635,-0.03359126299619675,0.3306023180484772,0.29224810004234314,-0.04939843341708183,0.33070108294487,0.2331247329711914,-0.062174420803785324,0.3325183391571045,0.17983847856521606,-0.07081323862075806,0.3242546617984772,0.4008477032184601,-0.054165925830602646,0.29433801770210266,0.3448183536529541,-0.06705965101718903,0.28483524918556213,0.299653559923172,-0.07160414010286331,0.2823152244091034,0.2557375729084015,-0.07437688857316971
0.33398619294166565,0.5326189994812012,4.059435809722345e-07,0.38688036799430847,0.519406259059906,-0.014170760288834572,0.4331105351448059,0.48581308126449585,-0.02002682536840439,0.471916139125824,0.4481821358203888,-0.027625665068626404,0.4857068955898285,0.4072220027446747,-0.03328827768564224,0.4157302975654602,0.4093596637248993,0.010925580747425556,0.44290778040885925,0.3800976872444153,-0.00019146937120240182,0.46147435903549194,0.37734657526016235,-0.008199019357562065,0.47201940417289734,0.3874504566192627,-0.009447626769542694,0.39028897881507874,0.3828989267349243,0.010456751100718975,0.41509824991226196,0.3330479562282562,0.011433436535298824,0.43003523349761963,0.30468514561653137,0.015169462189078331,0.44422098994255066,0.2776377499103546,0.0198123287409544,0.3621959388256073,0.3698497414588928,0.0042969658970832825,0.36656346917152405,0.3188612163066864,0.002657538279891014,0.3748738765716553,0.2872483730316162,0.006818751804530621,0.3852478563785553,0.26559552550315857,0.011308231391012669,0.32902222871780396,0.3687186539173126,-0.004867763724178076,0.31879183650016785,0.32723909616470337,-0.0068907057866454124,0.31717365980148315,0.2967648208141327,-0.002942181657999754,0.32198017835617065,0.2743280529975891,0.0020973291248083115
0.3318990468978882,0.4885404706001282,5.425809490589018e-07,0.3926268219947815,0.48497337102890015,-0.008442931808531284,0.439994752407074,0.4538922905921936,-0.007384005002677441,0.4768497347831726,0.4193950593471527,-0.00856053177267313,0.48159319162368774,0.37703457474708557,-0.009108186699450016,0.4245203733444214,0.40302300453186035,0.03148907795548439,0.4513775408267975,0.3838668465614319,0.03623730689287186,0.46517249941825867,0.3741110563278198,0.03598403185606003,0.4718289077281952,0.36844366788864136,0.03770896792411804,0.3993295729160309,0.3747449517250061,0.03285543620586395,0.4272666573524475,0.3459911048412323,0.0476292185485363,0.4446014165878296,0.3298929035663605,0.054056160151958466,0.4606739282608032,0.3161875009536743,0.05931633710861206,0.3703486919403076,0.35762307047843933,0.02924739010632038,0.3836313784122467,0.3222987651824951,0.04073121398687363,0.39635688066482544,0.30344632267951965,0.04598328471183777,0.40904122591018677,0.2935504615306854,0.04910196363925934,0.33687102794647217,0.3481707274913788,0.02295803651213646,0.33587074279785156,0.3186640739440918,0.032037921249866486,0.33927926421165466,0.29918262362480164,0.03866992145776749,0.34625113010406494,0.2898619472980499,0.04390555992722511
0.3693158030509949,0.4963655173778534,2.543569337376539e-07,0.4188988506793976,0.4830974042415619,-0.002413822105154395,0.4544713497161865,0.4537404179573059,-0.005459727253764868,0.48616623878479004,0.422607958316803,-0.013203117065131664,0.4997338652610779,0.3926815986633301,-0.018911361694335938,0.4253484606742859,0.36506858468055725,0.01961629092693329,0.44718462228775024,0.33223772048950195,0.008158455602824688,0.46191534399986267,0.33878272771835327,0.00017648685025051236,0.46728160977363586,0.3604086637496948,-0.0005223901243880391,0.4032902121543884,0.3430907130241394,0.012935107573866844,0.416103720664978,0.28615811467170715,0.013494006358087063,0.42629751563072205,0.2553573548793793,0.01598806492984295,0.4339291453361511,0.22751843929290771,0.01976194605231285,0.3813384771347046,0.33417242765426636,0.0014357288600876927,0.37084877490997314,0.2796977162361145,-0.000347334862453863,0.3739238977432251,0.24233996868133545,0.001852652058005333,0.3778761327266693,0.21601974964141846,0.005008309613913298,0.3596954345703125,0.3382684886455536,-0.012104670517146587,0.33825695514678955,0.2935025095939636,-0.013474187813699245,0.3337900638580322,0.26024407148361206,-0.010190995410084724,0.33559656143188477,0.23506847023963928,-0.006002317648380995
0.46626269817352295,0.4593221843242645,1.795153394823501e-07,0.518669605255127,0.4404604434967041,-0.0037893077824264765,0.559721052646637,0.41284823417663574,-0.013518959283828735,0.5950893759727478,0.40092748403549194,-0.026805929839611053,0.6225384473800659,0.38655513525009155,-0.039283622056245804,0.5448397397994995,0.3193989396095276,-0.00742432102560997,0.5815648436546326,0.29371580481529236,-0.03401481732726097,0.5955820679664612,0.3215503394603729,-0.052627239376306534,0.5994285345077515,0.3548569083213806,-0.06149350106716156,0.532018780708313,0.30726104974746704,-0.02155737206339836,0.5654314756393433,0.23798176646232605,-0.038871489465236664,0.5926586985588074,0.19296061992645264,-0.05375797674059868,0.6141685843467712,0.15407289564609528,-0.06434690952301025,0.5127878189086914,0.3149861991405487,-0.03854218125343323,0.5277295112609863,0.23971694707870483,-0.05561660975217819,0.5470809936523438,0.1934775412082672,-0.07000994682312012,0.5682777762413025,0.15132513642311096,-0.08026540279388428,0.49160945415496826,0.3392089307308197,-0.055894725024700165,0.477700799703598,0.286543607711792,-0.07173444330692291,0.47973769903182983,0.24850597977638245,-0.0787891298532486,0.4880117177963257,0.21253597736358643,-0.08354704082012177
0.5363962054252625,0.4540320336818695,2.1845632147687866e-07,0.5824277400970459,0.431222140789032,-0.0037835666444152594,0.6164762377738953,0.40007638931274414,-0.013703976757824421,0.6504210829734802,0.3838571310043335,-0.02746467851102352,0.6798270344734192,0.36728549003601074,-0.040427420288324356,0.5900470018386841,0.303611695766449,-0.0012034575920552015,0.6312249898910522,0.29080313444137573,-0.028111284598708153,0.65470951795578,0.31855979561805725,-0.04910338670015335,0.6676374673843384,0.3492952883243561,-0.0589885339140892,0.5787478685379028,0.29118672013282776,-0.014705898240208626,0.6032956838607788,0.2234688699245453,-0.029248913750052452,0.6246013641357422,0.17500753700733185,-0.04142831265926361,0.6408010721206665,0.13512691855430603,-0.049369510263204575,0.5629191398620605,0.29661041498184204,-0.03167377784848213,0.5747989416122437,0.2220202386379242,-0.04644642397761345,0.5937917232513428,0.17594020068645477,-0.05545483157038689,0.6127908825874329,0.13716275990009308,-0.060668837279081345,0.5463685989379883,0.3177112936973572,-0.04962528496980667,0.5309122800827026,0.2670031487941742,-0.06300365179777145,0.5358911156654358,0.22879551351070404,-0.06545291841030121,0.5484119653701782,0.19525857269763947,-0.06557799130678177
0.6465345025062561,0.4945349395275116,1.4730034081367194e-07,0.6981012225151062,0.4689086079597473,-0.001600132673047483,0.7380630970001221,0.43067628145217896,-0.012221049517393112,0.7751340866088867,0.414198100566864,-0.028033843263983727,0.8035548329353333,0.39409786462783813,-0.042395588010549545,0.7083830237388611,0.32600054144859314,0.0005632400279864669,0.7537532448768616,0.29720982909202576,-0.03369109705090523,0.7768450379371643,0.3349336087703705,-0.060251377522945404,0.7873735427856445,0.3742262125015259,-0.07211893051862717,0.6964372396469116,0.31169748306274414,-0.015836425125598907,0.7156959772109985,0.2299342006444931,-0.034803930670022964,0.7354156970977783,0.17013584077358246,-0.05128656327724457,0.7500653862953186,0.11604362726211548,-0.06157524138689041,0.6816164255142212,0.3195289075374603,-0.03616337478160858,0.6856821179389954,0.23363375663757324,-0.05344757065176964,0.702013373374939,0.17764094471931458,-0.0645371749997139,0.7189653515815735,0.12676794826984406,-0.07067658752202988,0.6688247323036194,0.34455248713493347,-0.05739661306142807,0.6489585041999817,0.28935566544532776,-0.0712132602930069,0.6487071514129639,0.24448224902153015,-0.07381373643875122,0.656853973865509,0.20299598574638367,-0.07370523363351822
0.6299121379852295,0.5532463788986206,3.20376244644649e-07,0.7047619819641113,0.5283814072608948,0.012276735156774521,0.7519544363021851,0.4955412447452545,0.0012160885380581021,0.7915412783622742,0.4911418557167053,-0.014184270985424519,0.8288722634315491,0.49510806798934937,-0.03159560635685921,0.7235630750656128,0.38782998919487,-0.037238795310258865,0.7950518131256104,0.35810303688049316,-0.0709734633564949,0.820970892906189,0.3681933879852295,-0.09199243783950806,0.8430569171905518,0.38182926177978516,-0.10773925483226776,0.7084726095199585,0.4013720154762268,-0.06631636619567871,0.7788342237472534,0.3267671763896942,-0.10273595154285431,0.8195722103118896,0.28730112314224243,-0.12861979007720947,0.8557133674621582,0.25015655159950256,-0.14694124460220337,0.6954128742218018,0.44113656878471375,-0.09299271553754807,0.7549970746040344,0.3551918864250183,-0.131315678358078,0.7890136241912842,0.3174092173576355,-0.15844488143920898,0.8199359178543091,0.27656376361846924,-0.1775198131799698,0.6931994557380676,0.49475109577178955,-0.11622165143489838,0.7024040818214417,0.46189063787460327,-0.15890996158123016,0.7091254591941833,0.4251827597618103,-0.184467151761055,0.7217543721199036,0.3828085660934448,-0.20174036920070648
0.6329134702682495,0.5952093601226807,3.422726990720548e-07,0.6837430000305176,0.5719988942146301,-0.002056368626654148,0.7234122157096863,0.5398272275924683,-0.012777799740433693,0.7607012987136841,0.5243715047836304,-0.027256928384304047,0.7963076233863831,0.5164430737495422,-0.04280334338545799,0.7041203379631042,0.4360620081424713,-0.010300127789378166,0.7523331046104431,0.4121766686439514,-0.039504360407590866,0.7756592035293579,0.45017528533935547,-0.06331174075603485,0.7881526947021484,0.4907169044017792,-0.07607816904783249,0.6913298964500427,0.4238722324371338,-0.027919987216591835,0.7330719828605652,0.34876856207847595,-0.0446179062128067,0.7675092816352844,0.30140048265457153,-0.06350903958082199,0.7953433394432068,0.2581082582473755,-0.07769570499658585,0.6694455742835999,0.43401268124580383,-0.04807436838746071,0.6892606019973755,0.35294944047927856,-0.06863314658403397,0.7143465280532837,0.30154111981391907,-0.09086275100708008,0.7404990792274475,0.25412434339523315,-0.10696522891521454,0.6435707211494446,0.46134233474731445,-0.06761996448040009,0.6235744953155518,0.40906238555908203,-0.08445028215646744,0.624401330947876,0.3933134078979492,-0.09057851135730743,0.6328935027122498,0.3869441747665405,-0.09526586532592773
0.5970363616943359,0.6410160064697266,3.0877993140165927e-07,0.6490822434425354,0.6212084293365479,-0.017651136964559555,0.695011556148529,0.5873423218727112,-0.034970179200172424,0.7352862358093262,0.563254714012146,-0.05388655886054039,0.7652983069419861,0.5295937657356262,-0.07192427664995193,0.6727419495582581,0.4777955412864685,-0.022987734526395798,0.7149217128753662,0.43103504180908203,-0.059577576816082,0.7368149161338806,0.45693761110305786,-0.08693482726812363,0.7488680481910706,0.4962722361087799,-0.10060939937829971,0.6528903245925903,0.45585015416145325,-0.03156561031937599,0.6890212297439575,0.3813611567020416,-0.05329355597496033,0.7156587243080139,0.3303103446960449,-0.07195818424224854,0.7362571358680725,0.2864062786102295,-0.08518092334270477,0.6260455250740051,0.4591895639896393,-0.044657908380031586,0.6385291218757629,0.37303805351257324,-0.06707620620727539,0.6521214842796326,0.31703612208366394,-0.08658552914857864,0.6682543754577637,0.26749053597450256,-0.09982801228761673,0.5974352359771729,0.4864097833633423,-0.059058159589767456,0.5730685591697693,0.4365626573562622,-0.08063055574893951,0.5630792379379272,0.3935507833957672,-0.09232982993125916,0.5605107545852661,0.35141128301620483,-0.09948690235614777
0.5778491497039795,0.6652855277061462,3.1016097068459203e-07,0.6249428391456604,0.6456992626190186,-0.01599574275314808,0.6674622297286987,0.6121792793273926,-0.031281694769859314,0.7051613926887512,0.5843567848205566,-0.04822409898042679,0.7331898808479309,0.5501105189323425,-0.06428763270378113,0.6495605111122131,0.5071501731872559,-0.01882232539355755,0.6864026188850403,0.45951613783836365,-0.05257371813058853,0.7063452005386353,0.48056238889694214,-0.07860677689313889,0.7156946659088135,0.5146105289459229,-0.09139145165681839,0.6287285685539246,0.4842930734157562,-0.02637275867164135,0.6626778841018677,0.4122561812400818,-0.045151129364967346,0.689716637134552,0.3637598156929016,-0.06138114258646965,0.7104558348655701,0.32120299339294434,-0.07278817147016525,0.6010663509368896,0.48418885469436646,-0.03833821788430214,0.6136223673820496,0.40437766909599304,-0.057639963924884796,0.6287822127342224,0.35216468572616577,-0.0749707743525505,0.646048903465271,0.3072317838668823,-0.08673001825809479,0.5706250071525574,0.506618320941925,-0.051683712750673294,0.5475749373435974,0.45867156982421875,-0.06985732913017273,0.5380960702896118,0.41979432106018066,-0.07939302921295166,0.5353195667266846,0.38284626603126526,-0.0851716622710228
0.4695524275302887,0.6628895401954651,1.8425279790790228e-07,0.5214482545852661,0.6274795532226562,0.005936389788985252,0.5513191223144531,0.5857577919960022,0.004091223701834679,0.5778922438621521,0.5636553764343262,-0.0025987206026911736,0.6030129194259644,0.5442426800727844,-0.010578182525932789,0.5124310255050659,0.4927917718887329,0.006191353779286146,0.526721179485321,0.4221358597278595,-0.0044457134790718555,0.534390389919281,0.3773104250431061,-0.013520989567041397,0.5404492616653442,0.3366276025772095,-0.021508662030100822,0.5030631422996521,0.4922868609428406,-0.009450303390622139,0.5139385461807251,0.41337311267852783,-0.019474025815725327,0.5262347459793091,0.36258572340011597,-0.02910364605486393,0.5355464220046997,0.3201225996017456,-0.03691443055868149,0.49632325768470764,0.5092104077339172,-0.02620960958302021,0.5047723650932312,0.4274196922779083,-0.03776920214295387,0.5133203864097595,0.3824229836463928,-0.04506567120552063,0.5195287466049194,0.34209007024765015,-0.05129048973321915,0.49373117089271545,0.5368601679801941,-0.04305107519030571,0.4915658235549927,0.4907805323600769,-0.057520799338817596,0.49436017870903015,0.4532396197319031,-0.06553307175636292,0.49979475140571594,0.41845259070396423,-0.07130029797554016
0.452960729598999,0.6610873937606812,2.796213607325626e-07,0.49062609672546387,0.6179728507995605,0.005654026288539171,0.5202978849411011,0.5787516236305237,0.002898836974054575,0.551020622253418,0.5548102259635925,-0.004345093388110399,0.5730220675468445,0.5323931574821472,-0.011292573995888233,0.47511377930641174,0.4978463649749756,-0.0034949430264532566,0.47997596859931946,0.4216177463531494,-0.014831358566880226,0.48554497957229614,0.3713447153568268,-0.022974815219640732,0.491717666387558,0.3296203017234802,-0.02885488234460354,0.47676143050193787,0.5006648302078247,-0.017476201057434082,0.4879051446914673,0.41819706559181213,-0.028599416837096214,0.5032269954681396,0.3607795238494873,-0.03602880239486694,0.5160386562347412,0.31950056552886963,-0.04143618047237396,0.4822743535041809,0.523521363735199,-0.03150048106908798,0.517002522945404,0.4780350923538208,-0.045207276940345764,0.5393871068954468,0.4841472804546356,-0.0481676310300827,0.5498228073120117,0.495453804731369,-0.048274751752614975,0.493419885635376,0.5575792789459229,-0.0454704575240612,0.523552656173706,0.5295831561088562,-0.055946797132492065,0.5468488931655884,0.5280576944351196,-0.05665368214249611,0.5636213421821594,0.5340036749839783,-0.05593796819448471
0.3969622552394867,0.6597875356674194,2.827948151207238e-07,0.4417917728424072,0.6385053992271423,-0.0138629712164402,0.47907325625419617,0.5999274253845215,-0.025658423081040382,0.5118928551673889,0.5710356831550598,-0.0395502969622612,0.5363619327545166,0.5479680299758911,-0.05241874232888222,0.4666777551174164,0.5089743733406067,-0.009776759892702103,0.49603837728500366,0.47717347741127014,-0.03733649104833603,0.5113832950592041,0.49926456809043884,-0.06049204617738724,0.5176888108253479,0.5262444615364075,-0.0724172294139862,0.44315704703330994,0.48636800050735474,-0.017317667603492737,0.4686363935470581,0.41631823778152466,-0.032158274203538895,0.4884885549545288,0.3707614541053772,-0.045850664377212524,0.5041199922561646,0.3320997357368469,-0.05535643920302391,0.4142237901687622,0.48513057827949524,-0.029114143922924995,0.4187006950378418,0.4119337201118469,-0.045157913118600845,0.4282662868499756,0.36868202686309814,-0.058238670229911804,0.44043925404548645,0.3323937654495239,-0.06637691706418991,0.38395121693611145,0.5039889812469482,-0.04244155436754227,0.36568641662597656,0.45462915301322937,-0.05569010227918625,0.3589809238910675,0.41982683539390564,-0.06034557893872261,0.3577512502670288,0.3877454400062561,-0.06274256855249405
0.370328426361084,0.6000427603721619,2.9991772976245556e-07,0.4024296700954437,0.590137243270874,-0.027039306238293648,0.42684394121170044,0.5514461994171143,-0.04047510772943497,0.4202086627483368,0.503189742565155,-0.05179174616932869,0.4135488271713257,0.4658496081829071,-0.061448875814676285,0.44804829359054565,0.4574678838253021,-0.021189233288168907,0.4639228582382202,0.39657217264175415,-0.04446646198630333,0.45548680424690247,0.38205230236053467,-0.06413204967975616,0.4422217905521393,0.3758934736251831,-0.07469182461500168,0.42325079441070557,0.43404248356819153,-0.020151302218437195,0.45396050810813904,0.35810407996177673,-0.03290366008877754,0.47016796469688416,0.30731675028800964,-0.04517878592014313,0.4848346412181854,0.2638983130455017,-0.053112152963876724,0.39380326867103577,0.431791752576828,-0.023669980466365814,0.41298723220825195,0.3630709648132324,-0.03651382774114609,0.42400646209716797,0.31512653827667236,-0.04906801879405975,0.4375496804714203,0.2753378450870514,-0.05725758895277977,0.3598198890686035,0.44656211137771606,-0.029940683394670486,0.35808321833610535,0.4012775123119354,-0.041300758719444275,0.3579687476158142,0.3723783493041992,-0.045939113944768906,0.3608490824699402,0.34520041942596436,-0.048405177891254425
0.3515440821647644,0.5083989500999451,5.150251922714233e-07,0.3370428681373596,0.5135461688041687,-0.08845813572406769,0.30447936058044434,0.4874197840690613,-0.13157635927200317,0.2624881863594055,0.45566555857658386,-0.15368708968162537,0.22415292263031006,0.4144396185874939,-0.17036110162734985,0.35482296347618103,0.38256052136421204,-0.13073022663593292,0.3041558861732483,0.3437920808792114,-0.17191001772880554,0.26122820377349854,0.3652536869049072,-0.19874265789985657,0.23248058557510376,0.3877115547657013,-0.21425704658031464,0.34682416915893555,0.3598869740962982,-0.09317870438098907,0.316548228263855,0.27756378054618835,-0.13995733857154846,0.29253309965133667,0.22061164677143097,-0.17321617901325226,0.28238582611083984,0.17091704905033112,-0.19637911021709442,0.33488357067108154,0.3558763265609741,-0.05605005845427513,0.3143138587474823,0.2820487320423126,-0.08830736577510834,0.30120694637298584,0.23129741847515106,-0.10771661251783371,0.2968197762966156,0.18187682330608368,-0.12006207555532455,0.32518792152404785,0.3611527979373932,-0.0239387359470129,0.3243842124938965,0.3162097632884979,-0.04405330866575241,0.3344104290008545,0.28488656878471375,-0.05331578105688095,0.3428690433502197,0.253848671913147,-0.05979915335774422
0.355887234210968,0.5197743773460388,3.333608447064762e-07,0.32633426785469055,0.5136670470237732,-0.08138459175825119,0.28491470217704773,0.47655317187309265,-0.11507070809602737,0.23617690801620483,0.43561631441116333,-0.12894578278064728,0.19772842526435852,0.3944150507450104,-0.13402655720710754,0.3391692340373993,0.3568268418312073,-0.10064167529344559,0.27656587958335876,0.3130779266357422,-0.13394947350025177,0.23130491375923157,0.3432590663433075,-0.1546875238418579,0.20932923257350922,0.37691473960876465,-0.1638183444738388,0.33449941873550415,0.33866018056869507,-0.05922691524028778,0.2948938310146332,0.2471686601638794,-0.09108177572488785,0.2675221860408783,0.18855799734592438,-0.11045347899198532,0.2543701231479645,0.1370534896850586,-0.12270014733076096,0.32675623893737793,0.33902662992477417,-0.020272452384233475,0.3038662075996399,0.2595055401325226,-0.03765842318534851,0.2861030697822571,0.20489612221717834,-0.04580090194940567,0.27403077483177185,0.15195485949516296,-0.04965490102767944,0.31857040524482727,0.34955158829689026,0.012990306131541729,0.3203824758529663,0.3035504221916199,0.008349540643393993,0.3273465633392334,0.2715677320957184,0.00775050139054656,0.33059775829315186,0.23708754777908325,0.007702041417360306
0.3584345281124115,0.5132009387016296,2.48458434271015e-07,0.32429662346839905,0.4999251663684845,-0.06809476017951965,0.27900758385658264,0.46158450841903687,-0.09416390210390091,0.22909870743751526,0.42536598443984985,-0.10341241210699081,0.1917867660522461,0.3872368037700653,-0.10567285120487213,0.3190433084964752,0.3442472219467163,-0.07583523541688919,0.2642002999782562,0.3051292598247528,-0.10680890083312988,0.22218316793441772,0.32818353176116943,-0.1301838904619217,0.2042025327682495,0.3562091290950775,-0.14078958332538605,0.32045143842697144,0.3263249099254608,-0.04034747555851936,0.2775750458240509,0.2395937144756317,-0.060321398079395294,0.24875226616859436,0.18454045057296753,-0.073421411216259,0.23326285183429718,0.13734982907772064,-0.0821915939450264,0.32186707854270935,0.32670295238494873,-0.008612764067947865,0.29763665795326233,0.24664902687072754,-0.01925058290362358,0.28017857670783997,0.1963994801044464,-0.02536105364561081,0.26849180459976196,0.14821653068065643,-0.028752826154232025,0.3242877125740051,0.33998528122901917,0.017960868775844574,0.32665324211120605,0.29225215315818787,0.014925411902368069,0.3330994248390198,0.260373592376709,0.015165474265813828,0.3376171886920929,0.22767002880573273,0.016089238226413727
0.36499860882759094,0.5280119180679321,2.0100910091969126e-07,0.3424638509750366,0.5201516151428223,-0.06725391000509262,0.30972129106521606,0.4859811067581177,-0.10485408455133438,0.26941776275634766,0.44254404306411743,-0.1288362592458725,0.23695912957191467,0.3985389471054077,-0.14777961373329163,0.3652961552143097,0.38311126828193665,-0.09192734956741333,0.3164610266685486,0.3278695344924927,-0.13094758987426758,0.27393221855163574,0.3466481864452362,-0.15871618688106537,0.2499508112668991,0.3724381625652313,-0.17354299128055573,0.36319446563720703,0.3587570786476135,-0.06309258937835693,0.33084768056869507,0.2714451551437378,-0.10180496424436569,0.3081773817539215,0.21446916460990906,-0.126423180103302,0.2950759828090668,0.1646035760641098,-0.14276301860809326,0.35429179668426514,0.3552020788192749,-0.03568848595023155,0.3342008590698242,0.2768694758415222,-0.05927090346813202,0.32074978947639465,0.22351497411727905,-0.06757882237434387,0.3132587671279907,0.1768379509449005,-0.07174649834632874,0.34093645215034485,0.36368292570114136,-0.012696773745119572,0.33266738057136536,0.3066544830799103,-0.02203153260052204,0.3293308615684509,0.27056169509887695,-0.021066289395093918,0.3261769413948059,0.23472020030021667,-0.0198963675647974
0.36913472414016724,0.5164235234260559,2.889015036089404e-07,0.35379156470298767,0.5170680284500122,-0.07163933664560318,0.3264566957950592,0.48033133149147034,-0.10787995159626007,0.2891009449958801,0.4401138424873352,-0.1299470067024231,0.26032114028930664,0.3980024456977844,-0.14731097221374512,0.3850633203983307,0.3868841528892517,-0.09206409752368927,0.3436363637447357,0.3275607228279114,-0.12899695336818695,0.309946745634079,0.3374757766723633,-0.15614593029022217,0.2893213629722595,0.3503207266330719,-0.17158851027488708,0.37753745913505554,0.36181578040122986,-0.06317681819200516,0.35435551404953003,0.28600573539733887,-0.09213805943727493,0.33732858300209045,0.22234946489334106,-0.10897819697856903,0.3262680172920227,0.165962815284729,-0.12070127576589584,0.3642538785934448,0.3560333847999573,-0.03826296329498291,0.3337255120277405,0.30139654874801636,-0.06125375255942345,0.3166324198246002,0.27899813652038574,-0.06646397709846497,0.30786144733428955,0.26588740944862366,-0.06738900393247604,0.3480466604232788,0.361554354429245,-0.019041674211621284,0.33112120628356934,0.3230208456516266,-0.03765802085399628,0.32225337624549866,0.3044493496417999,-0.04020940512418747,0.31923022866249084,0.29269540309906006,-0.03927953541278839
0.39025285840034485,0.5135566592216492,3.043785454792669e-07,0.3713221848011017,0.5132499933242798,-0.0706738755106926,0.34061750769615173,0.47968751192092896,-0.10686290264129639,0.3019910752773285,0.44063103199005127,-0.12818460166454315,0.2699098587036133,0.3997332751750946,-0.1440320461988449,0.39206764101982117,0.37900224328041077,-0.09366465359926224,0.34753739833831787,0.3266967236995697,-0.1290716975927353,0.3062314987182617,0.34886372089385986,-0.1529848873615265,0.2825947701931,0.3760840892791748,-0.16512469947338104,0.38649025559425354,0.3550967574119568,-0.06191420555114746,0.36104798316955566,0.26924818754196167,-0.09737859666347504,0.34186801314353943,0.21259470283985138,-0.11998673528432846,0.33175525069236755,0.1620716005563736,-0.13456037640571594,0.3777652978897095,0.3510836362838745,-0.03173615783452988,0.3647650480270386,0.2765643894672394,-0.05408581346273422,0.3551754355430603,0.22191496193408966,-0.06628850847482681,0.3496538996696472,0.17399446666240692,-0.07296956330537796,0.3663431704044342,0.3612076938152313,-0.006053660996258259,0.3689018487930298,0.31550687551498413,-0.014507727697491646,0.37376847863197327,0.2858269512653351,-0.016499293968081474,0.3771052062511444,0.2559701204299927,-0.017876863479614258
0.3582450747489929,0.5305976867675781,2.0072288009487238e-07,0.3621002435684204,0.5245791673660278,-0.07030683010816574,0.3510707914829254,0.4820686876773834,-0.10150555521249771,0.3254556655883789,0.43298062682151794,-0.11970612406730652,0.3003639578819275,0.38675814867019653,-0.1329074203968048,0.40970152616500854,0.4049956202507019,-0.07335728406906128,0.37105634808540344,0.3554759919643402,-0.1101912260055542,0.34064528346061707,0.3603760898113251,-0.1346372365951538,0.32130855321884155,0.3610113859176636,-0.14633694291114807,0.39342498779296875,0.3855421841144562,-0.04695453494787216,0.38016870617866516,0.30604174733161926,-0.07991521060466766,0.3692113161087036,0.25761595368385315,-0.09521827101707458,0.36614859104156494,0.21152004599571228,-0.10112462937831879,0.3734089136123657,0.37921175360679626,-0.026423148810863495,0.3470969498157501,0.3395370841026306,-0.06332892179489136,0.3361819088459015,0.3792184293270111,-0.06801631301641464,0.33856481313705444,0.40756741166114807,-0.060419172048568726,0.3540853261947632,0.3782607316970825,-0.010888807475566864,0.3339313566684723,0.35593152046203613,-0.036449920386075974,0.3276166319847107,0.38261061906814575,-0.03677438572049141,0.33150172233581543,0.405760794878006,-0.029937850311398506
0.5909759402275085,0.7521235942840576,2.5271032200180343e-07,0.5604849457740784,0.7426056265830994,-0.014902010560035706,0.5331103801727295,0.7163152098655701,-0.03230323642492294,0.5150798559188843,0.6944944858551025,-0.04905577376484871,0.5037239789962769,0.6755086183547974,-0.06834973394870758,0.5385451316833496,0.6475538015365601,-0.04438215121626854,0.5209290385246277,0.5881381630897522,-0.06945262104272842,0.5087064504623413,0.5517500638961792,-0.08555097132921219,0.500989556312561,0.5239843726158142,-0.09632738679647446,0.5613771677017212,0.6413256525993347,-0.05270896479487419,0.5388295650482178,0.5715822577476501,-0.07930009067058563,0.5254834890365601,0.5247513651847839,-0.09679701924324036,0.5157891511917114,0.48458483815193176,-0.10832713544368744,0.5880558490753174,0.6492429971694946,-0.0614999383687973,0.5816686153411865,0.5757970809936523,-0.08937397599220276,0.5782681107521057,0.5296420454978943,-0.1068890243768692,0.5745387077331543,0.4897247552871704,-0.11755405366420746,0.6160732507705688,0.668741762638092,-0.06984880566596985,0.624579906463623,0.6206090450286865,-0.09676409512758255,0.625343382358551,0.5866685509681702,-0.1098034679889679,0.6221624612808228,0.5556561350822449,-0.11736718565225601
0.5342602133750916,0.649029552936554,1.7399666774053912e-07,0.48495668172836304,0.6254207491874695,-0.008471614681184292,0.44542670249938965,0.5874456167221069,-0.02001427859067917,0.40937644243240356,0.5665550231933594,-0.03420887887477875,0.3782710134983063,0.5465347766876221,-0.04914442077279091,0.4652833342552185,0.48502442240715027,-0.0008836583001539111,0.4268784523010254,0.4632551372051239,-0.027283132076263428,0.39797428250312805,0.47799673676490784,-0.053464677184820175,0.37897971272468567,0.49377647042274475,-0.06923734396696091,0.48102250695228577,0.4647841453552246,-0.011531769298017025,0.45318275690078735,0.3918657898902893,-0.025862403213977814,0.4325254261493683,0.3430024981498718,-0.04144086316227913,0.41694313287734985,0.3032439351081848,-0.05331701785326004,0.504529595375061,0.4691331088542938,-0.026368938386440277,0.5015126466751099,0.3861069083213806,-0.0432429201900959,0.4975939691066742,0.3346289396286011,-0.05675728991627693,0.492696613073349,0.29015129804611206,-0.06619201600551605,0.5292664170265198,0.4956321716308594,-0.04210804030299187,0.5433435440063477,0.4409564137458801,-0.05705705285072327,0.5478395819664001,0.40063199400901794,-0.06250149011611938,0.5472944974899292,0.36184006929397583,-0.0662388801574707
0.4094952940940857,0.6161414384841919,1.2263937776424427e-07,0.35312119126319885,0.5853075385093689,-0.008227666839957237,0.3072998523712158,0.541731595993042,-0.01916147768497467,0.2680083215236664,0.5163838863372803,-0.03366754204034805,0.22934134304523468,0.5007444620132446,-0.04908539354801178,0.3248994052410126,0.43733856081962585,0.005258203949779272,0.28345227241516113,0.41978925466537476,-0.021692512556910515,0.2599034011363983,0.4436803460121155,-0.04898763820528984,0.24606077373027802,0.46810153126716614,-0.06560605019330978,0.3439209759235382,0.41634833812713623,-0.006658635567873716,0.3177073895931244,0.3414853513240814,-0.02232576720416546,0.2983483672142029,0.29452282190322876,-0.039918091148138046,0.28310641646385193,0.2545453906059265,-0.05356486886739731,0.3700011074542999,0.4190767705440521,-0.0236451867967844,0.3658420145511627,0.33379682898521423,-0.042461056262254715,0.3587113916873932,0.28254199028015137,-0.05736961588263512,0.3507034480571747,0.23738159239292145,-0.0677579715847969,0.3968684673309326,0.4439035654067993,-0.04168242588639259,0.40882939100265503,0.3830259442329407,-0.056853100657463074,0.4117073714733124,0.3388194143772125,-0.06255490332841873,0.40907537937164307,0.29689258337020874,-0.06685727834701538
0.3228299021720886,0.5712664723396301,5.402879565963303e-08,0.267556369304657,0.5451244115829468,-0.005928969942033291,0.22131294012069702,0.49698710441589355,-0.013832313008606434,0.17834700644016266,0.4714602828025818,-0.025928951799869537,0.1380414366722107,0.45738619565963745,-0.03846578299999237,0.2369903177022934,0.3979831039905548,0.012565244920551777,0.1952962875366211,0.377612441778183,-0.016248516738414764,0.16348956525325775,0.40108945965766907,-0.04572233930230141,0.1438799500465393,0.4277081787586212,-0.06326829642057419,0.2537952661514282,0.3742942214012146,0.0014610401121899486,0.222396120429039,0.30706673860549927,-0.01166777964681387,0.19858253002166748,0.26366734504699707,-0.026892615482211113,0.17838573455810547,0.22467413544654846,-0.038717012852430344,0.2803834080696106,0.37314289808273315,-0.015205005183815956,0.27310892939567566,0.29454898834228516,-0.030811825767159462,0.26205575466156006,0.24747014045715332,-0.041634876281023026,0.2479240894317627,0.20564432442188263,-0.04919660463929176,0.30960288643836975,0.3944666087627411,-0.03327466547489166,0.32498863339424133,0.3367792069911957,-0.04582279548048973,0.3256198763847351,0.2973761558532715,-0.048701100051403046,0.31818896532058716,0.2597532868385315,-0.05069504678249359
0.26273664832115173,0.6283695697784424,-1.9628000558213898e-08,0.20410750806331635,0.6087368130683899,-0.004341735038906336,0.15503497421741486,0.5622141361236572,-0.012594789266586304,0.11395005136728287,0.5349128246307373,-0.025336939841508865,0.07586763799190521,0.5174335837364197,-0.038447991013526917,0.17524969577789307,0.4540728032588959,0.009062211029231548,0.12881246209144592,0.43526774644851685,-0.021684568375349045,0.09684960544109344,0.46665969491004944,-0.05210724100470543,0.07760445773601532,0.49742722511291504,-0.06958451867103577,0.19349710643291473,0.43061110377311707,-0.003977998625487089,0.16046331822872162,0.35917359590530396,-0.018806153908371925,0.13796240091323853,0.3152247369289398,-0.03362808749079704,0.12118140608072281,0.27588048577308655,-0.04426111280918121,0.22232359647750854,0.4309900403022766,-0.022156227380037308,0.2095434069633484,0.3438740074634552,-0.0391036719083786,0.19579486548900604,0.29442429542541504,-0.047968149185180664,0.18134862184524536,0.2508523464202881,-0.053324729204177856,0.25514131784439087,0.45393645763397217,-0.04155784472823143,0.26451635360717773,0.38877734541893005,-0.0558835007250309,0.2630995810031891,0.34629249572753906,-0.056801483035087585,0.25556129217147827,0.30747324228286743,-0.0560356006026268
0.23747175931930542,0.8712433576583862,2.2429006207858038e-08,0.17049358785152435,0.8411672115325928,-0.0015130023239180446,0.12099544703960419,0.7963321805000305,-0.014765272848308086,0.0709831565618515,0.7795683145523071,-0.034679561853408813,0.025630250573158264,0.770435094833374,-0.055719539523124695,0.14504452049732208,0.6801967024803162,0.00804234016686678,0.09423544257879257,0.6578353643417358,-0.026750195771455765,0.06289181113243103,0.6927565336227417,-0.060146529227495193,0.0459212064743042,0.728958785533905,-0.07985486090183258,0.15915176272392273,0.669101893901825,-0.010525835677981377,0.11984580010175705,0.5885419845581055,-0.029627935960888863,0.08686181157827377,0.5412665009498596,-0.049082301557064056,0.05905657261610031,0.50165855884552,-0.06422486901283264,0.18308140337467194,0.6802729964256287,-0.03433309495449066,0.1656891256570816,0.5902290940284729,-0.05238012969493866,0.1463211476802826,0.53472900390625,-0.06687656044960022,0.1252100020647049,0.4875132143497467,-0.07826406508684158,0.20703603327274323,0.71076899766922,-0.05918603390455246,0.21597890555858612,0.6441798210144043,-0.07254756987094879,0.2102208286523819,0.5967833995819092,-0.07738979160785675,0.19781191647052765,0.5537011623382568,-0.08194691687822342
0.25609061121940613,0.923147439956665,1.1093589158406303e-08,0.177572101354599,0.8888341188430786,0.0036912080831825733,0.12505660951137543,0.845361053943634,-0.005470274481922388,0.07427074760198593,0.8288313150405884,-0.021922757849097252,0.02897367626428604,0.8147562146186829,-0.03959142789244652,0.1545623242855072,0.7350504398345947,0.013072837144136429,0.09762603044509888,0.7155539989471436,-0.02199646458029747,0.06246063858270645,0.7563506364822388,-0.05599387735128403,0.04454772174358368,0.7972530126571655,-0.07606542110443115,0.16997796297073364,0.7267941236495972,-0.007073718588799238,0.1292787492275238,0.6482510566711426,-0.02357499673962593,0.09411199390888214,0.603651225566864,-0.04235171899199486,0.06468307226896286,0.5640028119087219,-0.05804739147424698,0.19264446198940277,0.7384231090545654,-0.03244418278336525,0.1747715175151825,0.6490659713745117,-0.04978640004992485,0.15021149814128876,0.5948197841644287,-0.06410559266805649,0.12602666020393372,0.5467427372932434,-0.07612928003072739,0.2136363536119461,0.7687711119651794,-0.05837623402476311,0.22517719864845276,0.7056390047073364,-0.0743708610534668,0.22090959548950195,0.658390462398529,-0.08060264587402344,0.21114519238471985,0.6137120127677917,-0.08612790703773499
0.29444238543510437,0.9122108221054077,7.79856001997814e-09,0.2168542444705963,0.8780457377433777,-0.0003747692098841071,0.16221165657043457,0.8311467170715332,-0.01080404594540596,0.11229130625724792,0.8114519119262695,-0.02720324881374836,0.06755252927541733,0.796278715133667,-0.044802483171224594,0.19238846004009247,0.7209915518760681,0.005475031677633524,0.13658098876476288,0.6987760066986084,-0.03071645461022854,0.10015169531106949,0.739657998085022,-0.06512977182865143,0.0804479718208313,0.78187096118927,-0.08590046316385269,0.20817047357559204,0.7124799489974976,-0.012877430766820908,0.17041033506393433,0.6347476243972778,-0.0327841192483902,0.13500440120697021,0.590652346611023,-0.054206762462854385,0.10497375577688217,0.5499546527862549,-0.0715557187795639,0.23067566752433777,0.7245705127716064,-0.036093976348638535,0.21571798622608185,0.636118471622467,-0.05732084438204765,0.19077932834625244,0.5843590497970581,-0.07486768811941147,0.16534358263015747,0.5368838310241699,-0.08889353275299072,0.25335392355918884,0.7565694451332092,-0.05983024090528488,0.27126628160476685,0.6955856084823608,-0.07958918809890747,0.268783837556839,0.6480832099914551,-0.08866848796606064,0.2595629096031189,0.6018942594528198,-0.09612689912319183
0.27352777123451233,0.8029323816299438,8.201623380443834e-09,0.20858004689216614,0.7663813829421997,-0.004251664038747549,0.15771909058094025,0.7148101925849915,-0.012748826295137405,0.1108124852180481,0.6903132796287537,-0.025591595098376274,0.06911468505859375,0.6730495095252991,-0.039106328040361404,0.19255568087100983,0.613361120223999,0.006626312620937824,0.14188000559806824,0.5804006457328796,-0.02413793094456196,0.10885027050971985,0.609903872013092,-0.05374974012374878,0.09170426428318024,0.6428724527359009,-0.07079164683818817,0.20935271680355072,0.6011432409286499,-0.006108539178967476,0.17107592523097992,0.5253425240516663,-0.021248534321784973,0.1393759548664093,0.4792947769165039,-0.03925106301903725,0.11386140435934067,0.43919098377227783,-0.053918175399303436,0.23437127470970154,0.6076278686523438,-0.023758288472890854,0.21859201788902283,0.5255306959152222,-0.03969772905111313,0.19809140264987946,0.47350573539733887,-0.05462878197431564,0.17725035548210144,0.42814725637435913,-0.06615091860294342,0.2607031762599945,0.6319622993469238,-0.042332231998443604,0.2698622941970825,0.5698621273040771,-0.05535374581813812,0.2659212648868561,0.5243866443634033,-0.061278749257326126,0.2556736171245575,0.48182401061058044,-0.06629784405231476
0.27763959765434265,0.7044834494590759,-4.53520989651679e-08,0.21305106580257416,0.6657611131668091,0.0004601215769071132,0.16209901869297028,0.6105014085769653,-0.006530093029141426,0.11642246693372726,0.580167829990387,-0.019595995545387268,0.07662585377693176,0.5533702969551086,-0.03346453607082367,0.19542458653450012,0.5101598501205444,0.011014287360012531,0.14238914847373962,0.4725118577480316,-0.01869821362197399,0.10536957532167435,0.5003390908241272,-0.04793177545070648,0.08401696383953094,0.532652735710144,-0.06526781618595123,0.2105938345193863,0.49508482217788696,-0.004753816872835159,0.1760166734457016,0.414955198764801,-0.019776245579123497,0.14536966383457184,0.3684688210487366,-0.03731432184576988,0.12075693160295486,0.3288547396659851,-0.05164666846394539,0.23323455452919006,0.5012220740318298,-0.02519974298775196,0.22075991332530975,0.412512868642807,-0.04128675162792206,0.20120638608932495,0.3606148958206177,-0.05419982969760895,0.18074052035808563,0.3163895606994629,-0.06479005515575409,0.25796523690223694,0.5257866382598877,-0.046453457325696945,0.27564847469329834,0.4641600549221039,-0.06122170761227608,0.27455204725265503,0.41644608974456787,-0.06711539626121521,0.26458659768104553,0.3733442425727844,-0.07212929427623749
0.35615605115890503,0.5940893888473511,-1.7747041169968725e-07,0.2721385061740875,0.5254901051521301,0.051723919808864594,0.2316458821296692,0.4811724126338959,0.05701872333884239,0.18909341096878052,0.4577925205230713,0.04578651860356331,0.14979955554008484,0.43053653836250305,0.031841423362493515,0.27163803577423096,0.3787471354007721,0.04227912053465843,0.20534038543701172,0.3527091145515442,0.023780591785907745,0.16944517195224762,0.38685256242752075,0.0032769087702035904,0.1498982459306717,0.4206749498844147,-0.0103254783898592,0.28485560417175293,0.3773190975189209,-0.0009495384874753654,0.22914744913578033,0.28287217020988464,-0.011575127951800823,0.19476169347763062,0.22794726490974426,-0.023458339273929596,0.1742916703224182,0.18654772639274597,-0.036369044333696365,0.29044315218925476,0.4005545675754547,-0.043904729187488556,0.25198978185653687,0.28732919692993164,-0.05008760467171669,0.2272215038537979,0.22395673394203186,-0.04974792152643204,0.21168744564056396,0.1741429567337036,-0.054975587874650955,0.28434476256370544,0.4298301637172699,-0.08370990306138992,0.2666006088256836,0.3540797829627991,-0.09489812701940536,0.24943648278713226,0.3007966876029968,-0.09628280252218246,0.23131424188613892,0.25497162342071533,-0.09971825778484344
0.3684791326522827,0.5506767630577087,-4.6052345936686834e-08,0.29418450593948364,0.5108137130737305,0.0038275348488241434,0.24019278585910797,0.460409551858902,-0.007372438907623291,0.19042843580245972,0.43940964341163635,-0.026206372305750847,0.14344021677970886,0.41690847277641296,-0.04678242281079292,0.2638939619064331,0.3453279137611389,0.005328937899321318,0.20821130275726318,0.3110186755657196,-0.030189149081707,0.17340052127838135,0.3515304923057556,-0.06332685798406601,0.15519794821739197,0.3936290144920349,-0.08351854234933853,0.28018662333488464,0.33365365862846375,-0.01765063777565956,0.23805776238441467,0.24650220572948456,-0.037127844989299774,0.20219013094902039,0.19541426002979279,-0.057871051132678986,0.173455610871315,0.15193672478199005,-0.07587065547704697,0.30398547649383545,0.345551997423172,-0.04535207524895668,0.28295591473579407,0.24564459919929504,-0.0651138424873352,0.25859543681144714,0.18497319519519806,-0.08251342922449112,0.2362356185913086,0.1319284439086914,-0.09790496528148651,0.327957421541214,0.37666767835617065,-0.07338377833366394,0.3292393386363983,0.30636388063430786,-0.09316087514162064,0.3180621862411499,0.2542901039123535,-0.10293691605329514,0.30281779170036316,0.20660609006881714,-0.11179330199956894
0.3831123411655426,0.5379235744476318,5.677352632460497e-08,0.3064160645008087,0.5279431939125061,-0.011530532501637936,0.23649334907531738,0.49362847208976746,-0.028602123260498047,0.18066933751106262,0.48106271028518677,-0.049909673631191254,0.13078273832798004,0.472584068775177,-0.07261674106121063,0.24014823138713837,0.36281803250312805,-0.012996712699532509,0.17382606863975525,0.34824419021606445,-0.05992364510893822,0.1469024121761322,0.3985935151576996,-0.09991388767957687,0.13481685519218445,0.4455277919769287,-0.12240388244390488,0.2583887577056885,0.3413083553314209,-0.0299599040299654,0.18788784742355347,0.26013410091400146,-0.059853535145521164,0.13828159868717194,0.21142786741256714,-0.08584394305944443,0.09498997032642365,0.1670924723148346,-0.1041124239563942,0.2929147183895111,0.34178978204727173,-0.0523553192615509,0.24688255786895752,0.2440185844898224,-0.08299257606267929,0.21196478605270386,0.18508896231651306,-0.10498954355716705,0.1754174828529358,0.13130253553390503,-0.11937805265188217,0.3359318971633911,0.36415594816207886,-0.07563021779060364,0.33355456590652466,0.28699034452438354,-0.10056821256875992,0.3227229714393616,0.23332226276397705,-0.10978855192661285,0.30428871512413025,0.18375712633132935,-0.1156909242272377
0.38570311665534973,0.5267211198806763,4.2189192583919066e-08,0.3102039098739624,0.5251704454421997,-0.011909982189536095,0.2392415553331375,0.503319263458252,-0.031459663063287735,0.18342991173267365,0.5034065246582031,-0.054854463785886765,0.13110798597335815,0.5048248171806335,-0.07992936670780182,0.22597786784172058,0.3699820339679718,-0.02275548316538334,0.15649673342704773,0.36143869161605835,-0.07189831137657166,0.13899388909339905,0.41970333456993103,-0.11128798872232437,0.1349514275789261,0.4685935080051422,-0.13357889652252197,0.24454554915428162,0.34572863578796387,-0.042043279856443405,0.15707385540008545,0.27409324049949646,-0.07648497074842453,0.098704993724823,0.23393528163433075,-0.10540105402469635,0.04627954959869385,0.1938735991716385,-0.12567317485809326,0.2819253206253052,0.3435252010822296,-0.06598182022571564,0.22253213822841644,0.2480236291885376,-0.10287672281265259,0.17961502075195312,0.19290791451931,-0.13023249804973602,0.13331615924835205,0.14086376130580902,-0.1482955664396286,0.3296973705291748,0.36189836263656616,-0.0898471549153328,0.3234848082065582,0.28419938683509827,-0.12073929607868195,0.31003910303115845,0.23183725774288177,-0.13381560146808624,0.2873220443725586,0.18277139961719513,-0.14267916977405548
0.3813886046409607,0.5173380374908447,8.943919738158002e-08,0.30959397554397583,0.5208605527877808,-0.015694912523031235,0.23959018290042877,0.5037055015563965,-0.03738640248775482,0.18576602637767792,0.5041537284851074,-0.06193145737051964,0.13534745573997498,0.5023702383041382,-0.08752068877220154,0.22284956276416779,0.3720535337924957,-0.03146592527627945,0.1509438008069992,0.35509443283081055,-0.08144400268793106,0.1390087604522705,0.4143095314502716,-0.11937955021858215,0.14035511016845703,0.46472930908203125,-0.14004355669021606,0.2438814640045166,0.34503746032714844,-0.049005262553691864,0.15473759174346924,0.27177074551582336,-0.0854412242770195,0.09489361941814423,0.23350797593593597,-0.11403974145650864,0.04018865525722504,0.19593480229377747,-0.1332903951406479,0.283507764339447,0.3395177721977234,-0.070856474339962,0.22316384315490723,0.24887597560882568,-0.10828285664319992,0.17958807945251465,0.19517120718955994,-0.1348341405391693,0.1325697898864746,0.14425593614578247,-0.1518060714006424,0.3338244557380676,0.3540610074996948,-0.0927896499633789,0.3264363408088684,0.2768007814884186,-0.12209637463092804,0.3140488564968109,0.22453086078166962,-0.13300205767154694,0.2942489981651306,0.1755683422088623,-0.140030637383461
0.380011647939682,0.5133780241012573,1.2587098296990007e-07,0.315827339887619,0.5023776292800903,-0.019751546904444695,0.2533233165740967,0.47359079122543335,-0.03889037296175957,0.20395486056804657,0.45231786370277405,-0.06072194501757622,0.16275039315223694,0.4223555624485016,-0.081444151699543,0.23453326523303986,0.3477952778339386,-0.013889928348362446,0.17825111746788025,0.307575523853302,-0.06082722544670105,0.16222918033599854,0.34485629200935364,-0.09907269477844238,0.1619023084640503,0.38685303926467896,-0.11940351128578186,0.25944602489471436,0.31225132942199707,-0.02536601759493351,0.19514769315719604,0.22909530997276306,-0.05181557685136795,0.14873789250850677,0.17531953752040863,-0.0754602774977684,0.10687333345413208,0.12783145904541016,-0.09228460490703583,0.300731360912323,0.30203014612197876,-0.04353313893079758,0.2608344852924347,0.20822742581367493,-0.0709865540266037,0.23112371563911438,0.14862139523029327,-0.0905318632721901,0.19766822457313538,0.09667536616325378,-0.10350679606199265,0.352627158164978,0.31681933999061584,-0.06360995769500732,0.35781973600387573,0.24417313933372498,-0.08654260635375977,0.35250353813171387,0.19225338101387024,-0.09479762613773346,0.34073686599731445,0.14358608424663544,-0.09955166280269623
0.37928497791290283,0.5152533054351807,1.2883681677067216e-07,0.3192872107028961,0.5032681822776794,-0.024107424542307854,0.25928500294685364,0.46923619508743286,-0.042619489133358,0.21277965605258942,0.43766212463378906,-0.06245473027229309,0.17834168672561646,0.3933278024196625,-0.07996626198291779,0.23715433478355408,0.34827721118927,-0.013479572720825672,0.18399614095687866,0.2937403619289398,-0.057183802127838135,0.1778181493282318,0.32040268182754517,-0.0918288454413414,0.18541647493839264,0.35386526584625244,-0.10925804078578949,0.265415221452713,0.3099128007888794,-0.02076493576169014,0.20382490754127502,0.2231627106666565,-0.045287951827049255,0.16224220395088196,0.1706659346818924,-0.06797365844249725,0.12463507056236267,0.12305940687656403,-0.08367831259965897,0.30747711658477783,0.29693862795829773,-0.03499452769756317,0.2699658274650574,0.2086687982082367,-0.06031208857893944,0.24182690680027008,0.1517283171415329,-0.07921086251735687,0.21141499280929565,0.10073365271091461,-0.0914689302444458,0.3574695885181427,0.3076085150241852,-0.051477838307619095,0.3552202582359314,0.23863935470581055,-0.07030341029167175,0.3506729304790497,0.19155353307724,-0.07652409374713898,0.3418058454990387,0.14789770543575287,-0.07998396456241608
0.38083866238594055,0.5161601305007935,1.1547610512252504e-07,0.3190667927265167,0.5040709972381592,-0.02146504819393158,0.25729697942733765,0.47060883045196533,-0.03942681476473808,0.21021977066993713,0.44117727875709534,-0.05891216918826103,0.17280763387680054,0.40087971091270447,-0.07664123177528381,0.2436908781528473,0.34698423743247986,-0.015334371477365494,0.18948841094970703,0.2983679175376892,-0.05796459689736366,0.1741984337568283,0.3287355899810791,-0.09217897802591324,0.171707421541214,0.365064412355423,-0.10997063666582108,0.27051693201065063,0.3112136721611023,-0.02432200126349926,0.20789746940135956,0.2252170741558075,-0.04912690073251724,0.16484478116035461,0.17209908366203308,-0.07130753248929977,0.12590372562408447,0.12374338507652283,-0.08673284947872162,0.3117927610874176,0.29972904920578003,-0.03951117768883705,0.2747843265533447,0.21260149776935577,-0.06417446583509445,0.24487172067165375,0.15614105761051178,-0.08181428909301758,0.21268685162067413,0.10616979002952576,-0.0934683158993721,0.3617130517959595,0.3117595314979553,-0.05683666467666626,0.3604227304458618,0.24250231683254242,-0.07482423633337021,0.35485169291496277,0.19463592767715454,-0.07988723367452621,0.3445667028427124,0.1513642966747284,-0.08280429244041443
0.37908366322517395,0.5551112294197083,-1.3650740093851255e-08,0.31583651900291443,0.5197186470031738,-0.01421893760561943,0.2635161876678467,0.4573396146297455,-0.027322813868522644,0.21859556436538696,0.4117780327796936,-0.04408876225352287,0.18128088116645813,0.368266761302948,-0.060341447591781616,0.294712632894516,0.3496222496032715,0.0009851501090452075,0.2483605146408081,0.2975672483444214,-0.0382077731192112,0.21216502785682678,0.3149811625480652,-0.07266507297754288,0.1902846395969391,0.3419295847415924,-0.09208135306835175,0.31556469202041626,0.3307947516441345,-0.009283057413995266,0.2725759744644165,0.2457692176103592,-0.029889654368162155,0.2386869490146637,0.19497282803058624,-0.04923409968614578,0.20921465754508972,0.14985430240631104,-0.06365057080984116,0.3478594720363617,0.33278244733810425,-0.02619932033121586,0.32456472516059875,0.24359358847141266,-0.04731695353984833,0.3027188777923584,0.18996751308441162,-0.05930333584547043,0.27814415097236633,0.14271020889282227,-0.06778363138437271,0.38473910093307495,0.3565613031387329,-0.0455237440764904,0.3965545892715454,0.290761798620224,-0.06365710496902466,0.39668723940849304,0.24305415153503418,-0.0693679004907608,0.3893469572067261,0.19912248849868774,-0.0730653777718544
0.3883476257324219,0.5957193374633789,-6.305990751798163e-08,0.33335819840431213,0.5500732660293579,-0.011432096362113953,0.29134902358055115,0.4786100387573242,-0.021051252260804176,0.255510151386261,0.4279208481311798,-0.034679196774959564,0.22366377711296082,0.3846530318260193,-0.0474759079515934,0.3374430239200592,0.3934614658355713,0.010875636711716652,0.30123385787010193,0.3444371521472931,-0.020448172464966774,0.26491260528564453,0.3495575487613678,-0.04933464154601097,0.23934929072856903,0.3650664687156677,-0.06544190645217896,0.35853010416030884,0.3763233423233032,0.002080719219520688,0.33284157514572144,0.29654693603515625,-0.012982134707272053,0.31073006987571716,0.24540382623672485,-0.026592230424284935,0.2927492558956146,0.19937646389007568,-0.03652789443731308,0.38637685775756836,0.38098305463790894,-0.01356147974729538,0.37764987349510193,0.30021893978118896,-0.029540739953517914,0.36386018991470337,0.24703849852085114,-0.037661001086235046,0.3476850986480713,0.19932721555233002,-0.04285580292344093,0.4156361520290375,0.40386369824409485,-0.0317184180021286,0.43129247426986694,0.3441048264503479,-0.04431696608662605,0.4312162399291992,0.2980629503726959,-0.04760567471385002,0.4221537709236145,0.2543579936027527,-0.04958115145564079
0.43367937207221985,0.610885739326477,-5.328258279035936e-09,0.38122159242630005,0.5724962949752808,-0.006645952817052603,0.3441896140575409,0.5035788416862488,-0.011805894784629345,0.31519049406051636,0.4499547779560089,-0.02164064534008503,0.29863613843917847,0.39659860730171204,-0.029777318239212036,0.3814021050930023,0.4231713116168976,0.023265626281499863,0.3565245568752289,0.37194687128067017,-0.0007036711322143674,0.3272961676120758,0.3746834993362427,-0.024742083624005318,0.30774936079978943,0.38845333456993103,-0.037431750446558,0.4005749225616455,0.40958303213119507,0.013749954290688038,0.38196054100990295,0.3283260762691498,0.006002749782055616,0.36540234088897705,0.2751334309577942,-0.002301784697920084,0.35343432426452637,0.22927342355251312,-0.008285424672067165,0.4250413775444031,0.41571375727653503,-0.0027474393136799335,0.41249561309814453,0.33888545632362366,-0.010091456584632397,0.4007960855960846,0.2892873287200928,-0.011278169229626656,0.3894645571708679,0.24633236229419708,-0.011923626996576786,0.45020797848701477,0.43519407510757446,-0.02219795063138008,0.44121992588043213,0.3739836513996124,-0.02712395042181015,0.43163737654685974,0.3338305354118347,-0.024118850007653236,0.4207500219345093,0.2961277961730957,-0.021581068634986877
0.4432792663574219,0.6367776393890381,3.568063888792494e-08,0.3924187421798706,0.6040394306182861,-0.01012855488806963,0.3550814688205719,0.539502739906311,-0.0161756481975317,0.32933932542800903,0.4846176207065582,-0.02561403252184391,0.3106917440891266,0.43117332458496094,-0.03332219272851944,0.38180986046791077,0.4646316468715668,0.01641843095421791,0.3599088490009308,0.41088733077049255,-0.007657794747501612,0.33695557713508606,0.41203758120536804,-0.031003177165985107,0.32113924622535706,0.42345955967903137,-0.043670181185007095,0.4010508954524994,0.4474811255931854,0.008816455490887165,0.3827458322048187,0.36540430784225464,-0.00201468076556921,0.3689199984073639,0.3116677403450012,-0.013769186101853848,0.359080970287323,0.26564931869506836,-0.02214183658361435,0.4252358376979828,0.4495358467102051,-0.0052177743054926395,0.4100397229194641,0.3737737536430359,-0.016135452315211296,0.3993685245513916,0.32493582367897034,-0.02214992791414261,0.38895726203918457,0.2821013927459717,-0.025896012783050537,0.45222899317741394,0.4637123942375183,-0.02187970094382763,0.44144225120544434,0.4051620364189148,-0.029186667874455452,0.4315167963504791,0.36736470460891724,-0.029359377920627594,0.42017853260040283,0.333171010017395,-0.02931433543562889
0.47325220704078674,0.6555318236351013,2.078009053718688e-08,0.42172253131866455,0.617322564125061,-0.004080232698470354,0.3878387212753296,0.5541990995407104,-0.008893193677067757,0.36778461933135986,0.49978384375572205,-0.01869761385023594,0.3529917299747467,0.447292685508728,-0.027124427258968353,0.4072602093219757,0.47893089056015015,0.025144755840301514,0.38785237073898315,0.4250001609325409,0.0015807084273546934,0.36819520592689514,0.42858630418777466,-0.021961063146591187,0.35508352518081665,0.4435400068759918,-0.034005582332611084,0.42717087268829346,0.4623425006866455,0.015114890411496162,0.4119393825531006,0.38267022371292114,0.008251634426414967,0.40023285150527954,0.33294567465782166,-0.0009057346032932401,0.3925606310367584,0.2903428077697754,-0.007488260976970196,0.45218056440353394,0.46433186531066895,-0.0012396025704219937,0.4367476999759674,0.38952577114105225,-0.007736466359347105,0.42433276772499084,0.34163203835487366,-0.010197179391980171,0.4133547246456146,0.30093473196029663,-0.012036365456879139,0.4796631634235382,0.47842735052108765,-0.020090723410248756,0.46825316548347473,0.42147451639175415,-0.024486109614372253,0.45863357186317444,0.3849549889564514,-0.02163017727434635,0.4487104117870331,0.35337144136428833,-0.019211318343877792
0.5204769968986511,0.6704490780830383,5.927100943381447e-08,0.472919762134552,0.6323002576828003,-0.011678829789161682,0.43446826934814453,0.5664334297180176,-0.019393419846892357,0.40882670879364014,0.5050491690635681,-0.030699843540787697,0.4066506028175354,0.4449596107006073,-0.039486970752477646,0.4401874542236328,0.49652212858200073,0.02001294679939747,0.42178770899772644,0.43475601077079773,-0.007347733248025179,0.4142816364765167,0.4458310604095459,-0.03363688662648201,0.41239073872566223,0.4644896984100342,-0.047301750630140305,0.4641205966472626,0.4770716726779938,0.014137635007500648,0.4456152319908142,0.3965657949447632,0.003878552233800292,0.4319179952144623,0.34545862674713135,-0.00948939099907875,0.42118412256240845,0.3000328838825226,-0.01941523142158985,0.4937600791454315,0.475877583026886,0.0011556311510503292,0.4769462049007416,0.40042656660079956,-0.008474001660943031,0.4625175893306732,0.355216920375824,-0.015141153708100319,0.4481421113014221,0.3157886266708374,-0.01974457874894142,0.5260692834854126,0.4877089262008667,-0.014644220471382141,0.511760950088501,0.430452823638916,-0.019712233915925026,0.49952632188796997,0.3956466019153595,-0.01886821910738945,0.486507773399353,0.36492496728897095,-0.018288766965270042
0.5967997312545776,0.6917149424552917,3.6932239488862706e-09,0.5500277876853943,0.6600635647773743,-0.013800610788166523,0.516451358795166,0.5965123772621155,-0.023189982399344444,0.5008364915847778,0.5385339260101318,-0.03520800173282623,0.4931606352329254,0.48452234268188477,-0.04460611566901207,0.5208049416542053,0.5095345973968506,0.007705070544034243,0.5038266777992249,0.44252172112464905,-0.019354667514562607,0.5015373229980469,0.45220860838890076,-0.04406506195664406,0.5053582787513733,0.46777430176734924,-0.057498641312122345,0.5475364923477173,0.4911366105079651,0.0013283356092870235,0.5259910821914673,0.4099804759025574,-0.011376144364476204,0.51137375831604,0.35969409346580505,-0.025934496894478798,0.49938198924064636,0.3145277500152588,-0.03707239776849747,0.5785459280014038,0.4919639825820923,-0.011070040054619312,0.5594954490661621,0.4145243167877197,-0.023114778101444244,0.5443945527076721,0.3706074357032776,-0.03092384524643421,0.5292696952819824,0.3318997919559479,-0.0366729274392128,0.6133589148521423,0.5070073008537292,-0.026100849732756615,0.597850501537323,0.44882190227508545,-0.03447266295552254,0.5833001732826233,0.41307517886161804,-0.035435959696769714,0.5681658983230591,0.38180026412010193,-0.03602833300828934
0.6413047909736633,0.6902492046356201,2.0881573803421816e-08,0.5980191230773926,0.6535761952400208,-0.018614305183291435,0.5692434906959534,0.5862622261047363,-0.03137220814824104,0.553259015083313,0.5259295105934143,-0.04640161618590355,0.5502651333808899,0.46820932626724243,-0.058233801275491714,0.5786765217781067,0.4939531683921814,0.0049281553365290165,0.559989869594574,0.4223432242870331,-0.028611982241272926,0.5548497438430786,0.4427355229854584,-0.057374704629182816,0.556900680065155,0.47296538949012756,-0.07138831913471222,0.6067504286766052,0.4785746932029724,0.0008625505724921823,0.5894758105278015,0.3905486464500427,-0.012363852933049202,0.5776309370994568,0.33893319964408875,-0.026544302701950073,0.5682252645492554,0.292296826839447,-0.037179529666900635,0.6379300355911255,0.484772652387619,-0.010531563311815262,0.624671995639801,0.4046465754508972,-0.021419672295451164,0.6133589744567871,0.3586283326148987,-0.02814328670501709,0.6017060279846191,0.3167598843574524,-0.033335160464048386,0.6707879900932312,0.5067166090011597,-0.025361081585288048,0.6594499945640564,0.445734441280365,-0.03147091343998909,0.6483335494995117,0.40831729769706726,-0.03129451349377632,0.6364005208015442,0.3731871247291565,-0.031308963894844055
0.6712798476219177,0.6536287665367126,-1.526871429291532e-08,0.6224082112312317,0.6037728190422058,-0.013364898972213268,0.594199001789093,0.521235466003418,-0.021266361698508263,0.5827801823616028,0.4526360034942627,-0.032493047416210175,0.5901837348937988,0.3928324580192566,-0.04081721976399422,0.6163491606712341,0.4415616989135742,0.013706644997000694,0.6017060279846191,0.3707725703716278,-0.017205093055963516,0.5931116938591003,0.38613951206207275,-0.04409581795334816,0.5908588171005249,0.411647230386734,-0.0573376826941967,0.6445589065551758,0.4269023537635803,0.007146602962166071,0.628713846206665,0.3335423469543457,-0.0059454296715557575,0.6192115545272827,0.2771158516407013,-0.019921734929084778,0.6124486327171326,0.22739659249782562,-0.029765397310256958,0.677348792552948,0.4344106614589691,-0.006525412667542696,0.6642488837242126,0.34752410650253296,-0.019344652071595192,0.6534014344215393,0.2962850332260132,-0.027674591168761253,0.6421781778335571,0.25050273537635803,-0.032999373972415924,0.7124938368797302,0.45722872018814087,-0.022990481927990913,0.7022160887718201,0.39260655641555786,-0.030720042064785957,0.691636860370636,0.35309046506881714,-0.031170601025223732,0.6804319024085999,0.31659963726997375,-0.03106102906167507
0.6918854713439941,0.6292893886566162,7.233904142367464e-08,0.6436355113983154,0.5663420557975769,-0.017357297241687775,0.6122826933860779,0.47559788823127747,-0.029159527271986008,0.5965519547462463,0.3934136629104614,-0.04465046897530556,0.6192783117294312,0.3289935886859894,-0.05760122090578079,0.6439200043678284,0.39758267998695374,0.017830831930041313,0.6336432099342346,0.3208143413066864,-0.01440773531794548,0.6255432963371277,0.3227710425853729,-0.043660081923007965,0.6233381628990173,0.33711808919906616,-0.05943826958537102,0.6773777008056641,0.3844960331916809,0.011518128216266632,0.6694817543029785,0.2831743359565735,-0.002935917116701603,0.6645819544792175,0.2227977216243744,-0.01984671875834465,0.6612278819084167,0.1669718623161316,-0.03226790577173233,0.7134702205657959,0.39562779664993286,-0.0028894494753330946,0.7065156698226929,0.30345621705055237,-0.017372621223330498,0.6995742917060852,0.24544590711593628,-0.02799386717379093,0.6914796233177185,0.19258040189743042,-0.03528827056288719,0.7499682307243347,0.42271047830581665,-0.020495515316724777,0.7430387139320374,0.3528873324394226,-0.028870536014437675,0.7360643744468689,0.30823150277137756,-0.03069945052266121,0.7275903820991516,0.26570433378219604,-0.032305557280778885
0.6908261775970459,0.639668881893158,1.0373628178683703e-08,0.6446970701217651,0.5685873031616211,-0.010401027277112007,0.6160061359405518,0.4821127951145172,-0.022768564522266388,0.5915833115577698,0.4144676625728607,-0.04025592654943466,0.5915365219116211,0.3491734564304352,-0.05639883503317833,0.6701021790504456,0.39925652742385864,0.012885015457868576,0.6572253108024597,0.3225857615470886,-0.025116832926869392,0.6276268362998962,0.3268352150917053,-0.05970079079270363,0.6075608134269714,0.35137370228767395,-0.0781509205698967,0.696222186088562,0.39527395367622375,0.001231593545526266,0.6931712627410889,0.2897321879863739,-0.016174813732504845,0.6884233355522156,0.22160090506076813,-0.03364149481058121,0.6869226098060608,0.1642771065235138,-0.046424418687820435,0.7254019379615784,0.4157381057739258,-0.017928624525666237,0.7230183482170105,0.3162365257740021,-0.03392377868294716,0.7195927500724792,0.25029897689819336,-0.04332740977406502,0.7166346907615662,0.19292566180229187,-0.04960707947611809,0.754062831401825,0.4518783986568451,-0.039831310510635376,0.7538138628005981,0.3737502098083496,-0.05184459686279297,0.750007688999176,0.32100802659988403,-0.05364883318543434,0.7459053993225098,0.2714236378669739,-0.054426372051239014
0.6954471468925476,0.6415082216262817,-3.8930650703150604e-08,0.6512210965156555,0.5687476992607117,-0.010189159773290157,0.624599277973175,0.4815467894077301,-0.02174295112490654,0.601099967956543,0.41539162397384644,-0.03819722682237625,0.5972706079483032,0.35136282444000244,-0.05339175835251808,0.6830812096595764,0.40372002124786377,0.010437696240842342,0.6682940125465393,0.32764965295791626,-0.027877388522028923,0.6374932527542114,0.3300081789493561,-0.06249202415347099,0.6155561804771423,0.35026150941848755,-0.08126246184110641,0.7070460319519043,0.4008423984050751,-0.0016075613675639033,0.7038938403129578,0.2929847240447998,-0.02162255346775055,0.7000906467437744,0.22455377876758575,-0.04087045416235924,0.6992208361625671,0.16722407937049866,-0.05454106628894806,0.733877420425415,0.4218592941761017,-0.020764920860528946,0.7330390214920044,0.32090988755226135,-0.03938506171107292,0.7325798273086548,0.2541296184062958,-0.05095240846276283,0.73158860206604,0.19415296614170074,-0.058134403079748154,0.7594763040542603,0.4585478603839874,-0.042371563613414764,0.7607200741767883,0.38023892045021057,-0.05578763410449028,0.7585839629173279,0.32652294635772705,-0.058558139950037,0.7553825378417969,0.27533140778541565,-0.059904780238866806
0.7095657587051392,0.6429009437561035,-7.146919500655713e-08,0.6602344512939453,0.5594606399536133,0.009029310196638107,0.6354610919952393,0.48004400730133057,0.0020764735527336597,0.6117824912071228,0.4209590554237366,-0.015596581622958183,0.6045143008232117,0.35560810565948486,-0.03410864621400833,0.6984367370605469,0.40405598282814026,0.029952533543109894,0.6792192459106445,0.3290333151817322,-0.0035574412904679775,0.6459264755249023,0.3343236446380615,-0.0359916016459465,0.6232181191444397,0.357185423374176,-0.054683618247509,0.7216463685035706,0.4050150513648987,0.0036720726639032364,0.7160064578056335,0.2983877658843994,-0.013024473562836647,0.7097999453544617,0.22995728254318237,-0.033975835889577866,0.7074580192565918,0.17217114567756653,-0.05085686966776848,0.7441856265068054,0.4265555441379547,-0.029017705470323563,0.742133617401123,0.3256291449069977,-0.04586616903543472,0.7389209270477295,0.2574042081832886,-0.060313642024993896,0.7368160486221313,0.19880349934101105,-0.07176212966442108,0.7639768123626709,0.45936939120292664,-0.06285560131072998,0.7650042176246643,0.38070183992385864,-0.07729410380125046,0.762247622013092,0.32619428634643555,-0.08298224210739136,0.7593318223953247,0.2750670909881592,-0.08808870613574982
0.7056627869606018,0.6110543012619019,-5.413750514549065e-08,0.6571394801139832,0.5336725115776062,0.0015880989376455545,0.6293960213661194,0.45357638597488403,-0.004685088526457548,0.604276716709137,0.39565175771713257,-0.018595021218061447,0.5926564931869507,0.334997296333313,-0.03259967267513275,0.6856856346130371,0.37823837995529175,0.02335859090089798,0.664871871471405,0.306812047958374,-0.010791316628456116,0.6349512934684753,0.30775925517082214,-0.043555691838264465,0.6148234605789185,0.3279585540294647,-0.06129990518093109,0.7069505453109741,0.37409508228302,0.0054151625372469425,0.6993191838264465,0.267860472202301,-0.01120104268193245,0.6916396021842957,0.20195399224758148,-0.03052413836121559,0.6878089904785156,0.14857223629951477,-0.04486757889389992,0.7308805584907532,0.3910762369632721,-0.0189155712723732,0.727989912033081,0.29120686650276184,-0.03449416160583496,0.7240020632743835,0.22572223842144012,-0.04750454053282738,0.7200892567634583,0.1704876869916916,-0.05631866306066513,0.7544428110122681,0.4217441976070404,-0.04480980336666107,0.7558739185333252,0.3434114456176758,-0.05561555176973343,0.7514100670814514,0.29038122296333313,-0.05883235111832619,0.7449241280555725,0.2412550151348114,-0.06123587116599083
0.7157185673713684,0.5746567249298096,-4.148067489495588e-08,0.6691275835037231,0.5080297589302063,-0.00858260691165924,0.6397125124931335,0.42822614312171936,-0.018749333918094635,0.6141200065612793,0.3682568669319153,-0.03395466506481171,0.607022225856781,0.3073051869869232,-0.04806884378194809,0.6941713690757751,0.3520129919052124,0.014880525879561901,0.672818660736084,0.287632554769516,-0.021524500101804733,0.6427849531173706,0.2860679626464844,-0.05545632541179657,0.6223053932189941,0.2995851933956146,-0.07365148514509201,0.7174969911575317,0.3438020944595337,0.0031489082612097263,0.7082262635231018,0.24094828963279724,-0.015992790460586548,0.7006484866142273,0.17392930388450623,-0.03387625515460968,0.6963476538658142,0.11813497543334961,-0.04589882865548134,0.7448605895042419,0.3568495213985443,-0.015565671026706696,0.7377434372901917,0.2600584626197815,-0.03290630877017975,0.7320416569709778,0.19665536284446716,-0.04179053753614426,0.7258575558662415,0.14117081463336945,-0.046223510056734085,0.7726917266845703,0.3862300515174866,-0.03673873841762543,0.7703268527984619,0.3086321949958801,-0.047367312014102936,0.7650071382522583,0.2567260265350342,-0.04714040085673332,0.7573867440223694,0.2089618742465973,-0.04595888406038284
0.7772848010063171,0.7070387601852417,-1.2019665973639349e-07,0.7363649010658264,0.6345645785331726,-0.012773075141012669,0.7121593952178955,0.5527259707450867,-0.026189222931861877,0.6923729777336121,0.4900834262371063,-0.044144921004772186,0.6929842829704285,0.4298938810825348,-0.06041639670729637,0.7722470164299011,0.4751158356666565,0.007032764609903097,0.7611403465270996,0.39713039994239807,-0.033097997307777405,0.733416736125946,0.4006008505821228,-0.06888119131326675,0.711406946182251,0.4187391996383667,-0.08787650614976883,0.7968862652778625,0.4742729067802429,-0.0030244654044508934,0.792616605758667,0.3720463812351227,-0.025091081857681274,0.7844955325126648,0.3057631850242615,-0.04605594277381897,0.7783442735671997,0.2476460039615631,-0.06063710153102875,0.8251407742500305,0.493956595659256,-0.019968511536717415,0.8233885169029236,0.39524441957473755,-0.03899503871798515,0.8170357346534729,0.33379316329956055,-0.050342973321676254,0.8096818327903748,0.2776452898979187,-0.0569755993783474,0.8538119792938232,0.5310378074645996,-0.03959009051322937,0.8568977117538452,0.4543319642543793,-0.05201142281293869,0.8520264029502869,0.40292882919311523,-0.054000839591026306,0.8445343375205994,0.35534965991973877,-0.054329801350831985
0.8491628170013428,0.632287323474884,-1.481104927592014e-08,0.8083896040916443,0.5565216541290283,-0.016705112531781197,0.7835572361946106,0.4717226028442383,-0.03164226934313774,0.7642581462860107,0.40141183137893677,-0.0503506101667881,0.7705458998680115,0.33643844723701477,-0.06700760126113892,0.8444029092788696,0.397342324256897,0.0038778907619416714,0.832787811756134,0.3160010874271393,-0.03792767971754074,0.8081599473953247,0.3146122694015503,-0.07264817506074905,0.7935582995414734,0.335692822933197,-0.09018504619598389,0.8740535974502563,0.3932347595691681,-0.003788613248616457,0.8708716034889221,0.28311872482299805,-0.02711598388850689,0.8659387826919556,0.2147921770811081,-0.0463605672121048,0.8642340898513794,0.15611806511878967,-0.05897822231054306,0.9073752164840698,0.4120742380619049,-0.018929218873381615,0.9093326330184937,0.30893006920814514,-0.039782289415597916,0.9069963097572327,0.24553485214710236,-0.05034080520272255,0.9028717875480652,0.18867525458335876,-0.05544020235538483,0.9404850006103516,0.4503698945045471,-0.036922648549079895,0.9466720819473267,0.3694266974925995,-0.04987378418445587,0.9435267448425293,0.3159749209880829,-0.05162449926137924,0.9373629093170166,0.26628607511520386,-0.051224421709775925
0.8535653352737427,0.5455109477043152,-6.325947055074721e-08,0.8073627352714539,0.4716258645057678,-0.012712526135146618,0.7799099087715149,0.3853902816772461,-0.025748591870069504,0.7603375315666199,0.31676676869392395,-0.04313153773546219,0.7662774324417114,0.25232502818107605,-0.05909585952758789,0.8454251289367676,0.3121986389160156,0.00881945714354515,0.8289700746536255,0.23894408345222473,-0.02915794588625431,0.8068362474441528,0.23129689693450928,-0.06247802823781967,0.7925949692726135,0.2403540015220642,-0.08048250526189804,0.8763796091079712,0.30425921082496643,-0.0015187242534011602,0.8688818216323853,0.19664809107780457,-0.02312462031841278,0.8607640266418457,0.12835340201854706,-0.042327530682086945,0.8541895151138306,0.07025665044784546,-0.05550786480307579,0.9108192324638367,0.3187345564365387,-0.01884952187538147,0.9084509015083313,0.21401701867580414,-0.03843913599848747,0.9015679359436035,0.14795787632465363,-0.04932491481304169,0.893342912197113,0.08962640166282654,-0.055316053330898285,0.9454638957977295,0.35158103704452515,-0.03875827416777611,0.9479801654815674,0.2670736014842987,-0.05131744593381882,0.9428821206092834,0.21096046268939972,-0.05367443338036537,0.9341315031051636,0.15944033861160278,-0.054288700222969055
0.7733601331710815,0.4924502670764923,-1.3264069309570914e-07,0.7294207215309143,0.4272313714027405,-0.006634882185608149,0.7043712735176086,0.3544018864631653,-0.014354807324707508,0.6843263506889343,0.29553958773612976,-0.027167733758687973,0.685914933681488,0.2394513189792633,-0.03848131000995636,0.769929051399231,0.2878309190273285,0.020131831988692284,0.7511889338493347,0.22489801049232483,-0.012301151640713215,0.7233554720878601,0.22452491521835327,-0.04347427561879158,0.7054891586303711,0.2406679093837738,-0.059598930180072784,0.7920193076133728,0.2779487371444702,0.01038458850234747,0.7853802442550659,0.18496428430080414,-0.0051611484959721565,0.7745393514633179,0.12567152082920074,-0.02088206447660923,0.7676724791526794,0.07541503012180328,-0.03151296451687813,0.818425714969635,0.28602439165115356,-0.0059644076973199844,0.8144298791885376,0.19344447553157806,-0.01897844858467579,0.8063190579414368,0.13507714867591858,-0.02607392892241478,0.7994260787963867,0.08513246476650238,-0.029384789988398552,0.8428720831871033,0.30892011523246765,-0.024800878018140793,0.8451879024505615,0.23474043607711792,-0.030455540865659714,0.8422769904136658,0.1863519251346588,-0.028394946828484535,0.8382887244224548,0.1428130865097046,-0.025931641459465027
0.7234390377998352,0.5175949931144714,-7.774417554173851e-08,0.6804472208023071,0.4719912111759186,-0.008120544254779816,0.6498270630836487,0.4156716763973236,-0.01666191965341568,0.6249552369117737,0.3707759976387024,-0.028663286939263344,0.6157888770103455,0.3235323131084442,-0.03983599320054054,0.6899803280830383,0.3474837839603424,0.009043321944773197,0.6685469150543213,0.2957991361618042,-0.019433600828051567,0.6472067832946777,0.2962702512741089,-0.04519812390208244,0.6343661546707153,0.3092201352119446,-0.05855806916952133,0.7121953368186951,0.33325427770614624,0.001429293886758387,0.6936012506484985,0.2573000192642212,-0.01308349147439003,0.6805068850517273,0.20886985957622528,-0.02678922563791275,0.6712486147880554,0.16930650174617767,-0.036215730011463165,0.7396528124809265,0.33539634943008423,-0.011478629894554615,0.7270509600639343,0.2586907744407654,-0.025008847936987877,0.7173668146133423,0.21116064488887787,-0.03223075345158577,0.7082844972610474,0.17085255682468414,-0.03589831292629242,0.7688810229301453,0.35098397731781006,-0.02622408978641033,0.7689483761787415,0.2874155044555664,-0.03437488153576851,0.7673293948173523,0.24516050517559052,-0.03474705293774605,0.7635848522186279,0.20652775466442108,-0.034023839980363846
0.7348045706748962,0.5421847701072693,-6.475253400139991e-08,0.6937414407730103,0.49785175919532776,-0.010914932005107403,0.6637117266654968,0.4428599178791046,-0.020679112523794174,0.6393927335739136,0.39736753702163696,-0.033360570669174194,0.6314038634300232,0.35089120268821716,-0.04497510567307472,0.7009252309799194,0.3764674663543701,0.006626961752772331,0.6800750494003296,0.32698896527290344,-0.02265603095293045,0.6606584787368774,0.3264993131160736,-0.04875480756163597,0.6489385962486267,0.3377431631088257,-0.06255682557821274,0.7226282358169556,0.3634927272796631,0.0002391308080404997,0.703471839427948,0.29016831517219543,-0.01572411321103573,0.6903465986251831,0.24384702742099762,-0.0301404669880867,0.6804907917976379,0.2043323516845703,-0.039852820336818695,0.7500184178352356,0.36618390679359436,-0.011612570844590664,0.7385244965553284,0.294792115688324,-0.026482803747057915,0.7289349436759949,0.2494167685508728,-0.03424105793237686,0.7187080979347229,0.209787979722023,-0.03807371109724045,0.778964102268219,0.3824622333049774,-0.025492239743471146,0.7777818441390991,0.32378852367401123,-0.03424500301480293,0.7741730213165283,0.2850935459136963,-0.03493695706129074,0.7678348422050476,0.24990853667259216,-0.034404754638671875
0.7587266564369202,0.5503579378128052,-6.884658887429396e-08,0.7175474762916565,0.5028821229934692,-0.01163388416171074,0.6877555251121521,0.44423073530197144,-0.022286344319581985,0.6645431518554688,0.39457055926322937,-0.03605618327856064,0.6583646535873413,0.34470483660697937,-0.04863081872463226,0.7280881404876709,0.3757452070713043,0.006777782458811998,0.7087723612785339,0.32074013352394104,-0.0235335323959589,0.6894413232803345,0.32191693782806396,-0.05069296807050705,0.6778968572616577,0.33531609177589417,-0.06534719467163086,0.7502400279045105,0.3638073205947876,-2.8192000172566622e-05,0.7347446084022522,0.28532251715660095,-0.01596403494477272,0.7215332984924316,0.23674413561820984,-0.031073953956365585,0.7111462950706482,0.19556233286857605,-0.041743483394384384,0.7768294811248779,0.3687842786312103,-0.012560050003230572,0.765394926071167,0.29307684302330017,-0.027103101834654808,0.7551076412200928,0.24433302879333496,-0.03558879345655441,0.744194746017456,0.20244689285755157,-0.04051991552114487,0.8047818541526794,0.38790762424468994,-0.027330584824085236,0.799744725227356,0.3272244334220886,-0.036424171179533005,0.7917003035545349,0.2871634066104889,-0.03781925514340401,0.7811942100524902,0.25093528628349304,-0.038180217146873474
0.7862483859062195,0.5363254547119141,-2.9583549832068456e-08,0.7423934936523438,0.48063451051712036,-0.01138145849108696,0.7114622592926025,0.4124319553375244,-0.022624140605330467,0.6881657838821411,0.3556370735168457,-0.037658851593732834,0.6883732676506042,0.2983703911304474,-0.05091450363397598,0.7627127170562744,0.3395048975944519,0.011221015825867653,0.7441251277923584,0.2802623510360718,-0.019844897091388702,0.7215856313705444,0.28070181608200073,-0.04769458621740341,0.7068614959716797,0.2934897541999817,-0.0625670775771141,0.7861133813858032,0.330080509185791,0.0027031206991523504,0.7724552154541016,0.23878616094589233,-0.013770420104265213,0.7604378461837769,0.1834801584482193,-0.02867008186876774,0.7510474324226379,0.13635237514972687,-0.03875600919127464,0.8146636486053467,0.33993035554885864,-0.012242809869349003,0.8044812083244324,0.25189223885536194,-0.02772499807178974,0.7949775457382202,0.19667497277259827,-0.03606339544057846,0.7844026684761047,0.14913320541381836,-0.040525052696466446,0.8450653553009033,0.3643576204776764,-0.029554925858974457,0.8418964147567749,0.294374942779541,-0.039169758558273315,0.8344418406486511,0.24856775999069214,-0.04019731283187866,0.8242422938346863,0.2073376178741455,-0.04005816951394081
0.7482299208641052,0.5268926620483398,-1.3508486063074088e-07,0.7024457454681396,0.4670093059539795,-0.010989817790687084,0.6723111271858215,0.39038974046707153,-0.021794063970446587,0.6488935947418213,0.3321923017501831,-0.0364016555249691,0.6438411474227905,0.2755123972892761,-0.0496482215821743,0.7341904044151306,0.3116326630115509,0.00513925775885582,0.7114877104759216,0.2440592646598816,-0.028315816074609756,0.6810625195503235,0.24718961119651794,-0.05788799747824669,0.6609160304069519,0.26311570405960083,-0.07388883829116821,0.7581281065940857,0.30347394943237305,-0.004524320363998413,0.7429400086402893,0.20455163717269897,-0.02488807402551174,0.7276175618171692,0.14194822311401367,-0.04291709512472153,0.7163472175598145,0.0878901332616806,-0.05514916405081749,0.7869454622268677,0.3152201771736145,-0.0200102049857378,0.7784271836280823,0.21799755096435547,-0.03867815062403679,0.7669421434402466,0.15580341219902039,-0.05029658228158951,0.7560105919837952,0.10068616271018982,-0.056644752621650696,0.8159303069114685,0.34369248151779175,-0.03755016252398491,0.8147798776626587,0.2666073143482208,-0.04994215816259384,0.8082130551338196,0.21443261206150055,-0.052782993763685226,0.7993178963661194,0.1664346158504486,-0.053600408136844635
0.6742326617240906,0.5307703614234924,-2.0121439092690707e-07,0.6150591373443604,0.46551597118377686,-0.002533653751015663,0.580161988735199,0.38638240098953247,-0.009289433248341084,0.551506519317627,0.32855093479156494,-0.022460944950580597,0.541623592376709,0.2699560225009918,-0.034168489277362823,0.650363564491272,0.30097639560699463,0.02282116189599037,0.6175257563591003,0.23691561818122864,-0.01106259785592556,0.5814371705055237,0.24444255232810974,-0.045392751693725586,0.5569948554039001,0.26566341519355774,-0.0644460916519165,0.6691029071807861,0.29027193784713745,0.009273369796574116,0.6438920497894287,0.19079579412937164,-0.007722843438386917,0.6215676665306091,0.12632134556770325,-0.026054324582219124,0.6053353548049927,0.07065662741661072,-0.03928936645388603,0.6936781406402588,0.2972503900527954,-0.010835785418748856,0.6763931512832642,0.19456647336483002,-0.02426663599908352,0.6597814559936523,0.13111674785614014,-0.03372230753302574,0.6456214189529419,0.07684528827667236,-0.03959956765174866,0.7183997631072998,0.3198835849761963,-0.033275306224823,0.7139104008674622,0.24025332927703857,-0.04037323594093323,0.7009767293930054,0.18791112303733826,-0.04000319167971611,0.6856951117515564,0.14107684791088104,-0.03919854760169983
0.5993055701255798,0.5244230031967163,-1.5145789689086087e-07,0.5339037179946899,0.4643300771713257,0.006697639357298613,0.49036988615989685,0.38543999195098877,0.0032435681205242872,0.45312508940696716,0.3323413133621216,-0.009483309462666512,0.43017345666885376,0.27496337890625,-0.02066141739487648,0.548504650592804,0.28341376781463623,0.037552233785390854,0.5094373822212219,0.22147060930728912,0.0047072782181203365,0.4709269404411316,0.23021617531776428,-0.0283315721899271,0.44564029574394226,0.2558629512786865,-0.04456005617976189,0.5639732480049133,0.2728492021560669,0.019223298877477646,0.533706784248352,0.1724156141281128,0.00851377472281456,0.5047736167907715,0.10909189283847809,-0.0020459163933992386,0.4837343096733093,0.06087815761566162,-0.008426986634731293,0.5863377451896667,0.28017351031303406,-0.006419259123504162,0.5621632933616638,0.1747695654630661,-0.013420452363789082,0.5414038300514221,0.10845039784908295,-0.012629745528101921,0.5259181261062622,0.05697813630104065,-0.010856623761355877,0.6065453886985779,0.30127233266830444,-0.03468338027596474,0.5937293171882629,0.22011344134807587,-0.037115056067705154,0.5802677273750305,0.1640816181898117,-0.030544986948370934,0.5678860545158386,0.11467975378036499,-0.024223200976848602
0.5154111385345459,0.534792423248291,-6.842352462399504e-08,0.43756574392318726,0.4630565047264099,0.019295083358883858,0.39102494716644287,0.3821360170841217,0.02024122327566147,0.3525817394256592,0.330486536026001,0.008401974104344845,0.322193443775177,0.2750263214111328,-0.00343938241712749,0.4510052800178528,0.28592443466186523,0.05270637199282646,0.4026804268360138,0.22543206810951233,0.02827729843556881,0.3626326024532318,0.23707863688468933,-4.449723564903252e-05,0.335758775472641,0.26243776082992554,-0.015367724932730198,0.4649434983730316,0.2744678258895874,0.025115150958299637,0.42816945910453796,0.1666555255651474,0.018888700753450394,0.39788389205932617,0.101122185587883,0.0059827519580721855,0.3785717487335205,0.04940235614776611,-0.004428622778505087,0.4819437265396118,0.28512078523635864,-0.008877065032720566,0.4528886675834656,0.17229489982128143,-0.014986244961619377,0.4275739789009094,0.10272717475891113,-0.01986580528318882,0.40956932306289673,0.05020913481712341,-0.02448900230228901,0.4946923553943634,0.30718135833740234,-0.0441645011305809,0.4818859398365021,0.2217768430709839,-0.04901478812098503,0.4663677215576172,0.1603996753692627,-0.0477718859910965,0.44938966631889343,0.10799802839756012,-0.047351568937301636
0.4615732431411743,0.5391324758529663,-3.258496974467562e-07,0.38095512986183167,0.4502662420272827,0.06172672659158707,0.33809712529182434,0.3766702115535736,0.07399044930934906,0.30166441202163696,0.327188104391098,0.06462245434522629,0.2682366967201233,0.2690887451171875,0.05202952399849892,0.4087921977043152,0.2805032432079315,0.07696051150560379,0.3534768223762512,0.21756216883659363,0.055880606174468994,0.3117176294326782,0.2344001978635788,0.030992304906249046,0.283433735370636,0.26415425539016724,0.01788516901433468,0.42370471358299255,0.2815598249435425,0.02545577473938465,0.3791797459125519,0.16373910009860992,0.022689446806907654,0.34489765763282776,0.0988740622997284,0.015896068885922432,0.3206751346588135,0.05049765110015869,0.009190065786242485,0.43556657433509827,0.29880157113075256,-0.029377616941928864,0.3991461396217346,0.17022056877613068,-0.03179836645722389,0.37345319986343384,0.10038995742797852,-0.025841092690825462,0.35719192028045654,0.04936179518699646,-0.02398933283984661,0.4381033182144165,0.31822699308395386,-0.08213434368371964,0.42017999291419983,0.2235918492078781,-0.08748063445091248,0.4039950668811798,0.16115956008434296,-0.08143605291843414,0.38787055015563965,0.10601305961608887,-0.07721968740224838
0.4519191384315491,0.5661247968673706,-3.604655205435847e-07,0.37540844082832336,0.4760504364967346,0.06591648608446121,0.33581939339637756,0.40862953662872314,0.08025019615888596,0.3003617227077484,0.35849499702453613,0.07273310422897339,0.26940014958381653,0.30313944816589355,0.062095627188682556,0.40056273341178894,0.31320589780807495,0.07415702939033508,0.33892136812210083,0.2635015845298767,0.04697805643081665,0.2971383333206177,0.2751805782318115,0.01909545063972473,0.2690144181251526,0.2973155379295349,0.005811997223645449,0.41613340377807617,0.31727463006973267,0.022316183894872665,0.37305232882499695,0.19729731976985931,0.015569995157420635,0.34097373485565186,0.13395431637763977,0.009648209437727928,0.31576335430145264,0.0874137282371521,0.005986468400806189,0.4277518689632416,0.3355085253715515,-0.03214079886674881,0.3898701071739197,0.2068394124507904,-0.03513733297586441,0.3631528615951538,0.14124788343906403,-0.021857673302292824,0.3446415662765503,0.09231388568878174,-0.012469012290239334,0.4286595582962036,0.35419705510139465,-0.08441063016653061,0.4100815951824188,0.26411867141723633,-0.0884208008646965,0.3955513834953308,0.20682203769683838,-0.0774407684803009,0.38149023056030273,0.15660028159618378,-0.06713477522134781
0.43968185782432556,0.6142865419387817,-1.9741325729683012e-07,0.3705988824367523,0.5368228554725647,0.06736115366220474,0.33711808919906616,0.4796164929866791,0.08105497807264328,0.3094170391559601,0.43823885917663574,0.07218228280544281,0.27929064631462097,0.38962921500205994,0.05821738392114639,0.4026290476322174,0.4021227955818176,0.08359656482934952,0.353120893239975,0.35089242458343506,0.07866425812244415,0.32030123472213745,0.35959726572036743,0.06643147766590118,0.3016928732395172,0.3778330683708191,0.05814049020409584,0.4143107831478119,0.40299299359321594,0.029769057407975197,0.37077298760414124,0.3100150227546692,0.03287625312805176,0.3403792679309845,0.25897809863090515,0.026808246970176697,0.3216754198074341,0.21905769407749176,0.01934869773685932,0.41940903663635254,0.41335123777389526,-0.025313185527920723,0.38531428575515747,0.3156733512878418,-0.026449061930179596,0.36138391494750977,0.25679779052734375,-0.023843444883823395,0.3480629622936249,0.21232858300209045,-0.025619879364967346,0.41550973057746887,0.42562180757522583,-0.07694792747497559,0.3990720212459564,0.35121411085128784,-0.08167552947998047,0.3867861330509186,0.3012721538543701,-0.07719207555055618,0.37650150060653687,0.25760799646377563,-0.07579273730516434
0.41900357604026794,0.6675391793251038,-2.6490013738111884e-07,0.35369256138801575,0.5845622420310974,0.07120054960250854,0.3236059546470642,0.529639482498169,0.09159621596336365,0.2974303960800171,0.48801401257514954,0.08931796997785568,0.2755548059940338,0.43683937191963196,0.08410821110010147,0.3904605805873871,0.45823439955711365,0.1018335223197937,0.3413262963294983,0.41357865929603577,0.09377799183130264,0.30377572774887085,0.42473745346069336,0.07877591252326965,0.2815954089164734,0.4449596107006073,0.07312390208244324,0.40086913108825684,0.4550293982028961,0.05248664692044258,0.36555182933807373,0.3615025579929352,0.06374450773000717,0.33598971366882324,0.3110416531562805,0.06746231764554977,0.3163861036300659,0.2750084698200226,0.06999523192644119,0.4069750905036926,0.46291384100914,6.223812670214102e-05,0.3782508671283722,0.36309829354286194,0.007959186099469662,0.357960969209671,0.3057791590690613,0.022855054587125778,0.3462597131729126,0.2698233723640442,0.03298322111368179,0.39989566802978516,0.4700086712837219,-0.04987642914056778,0.3918118178844452,0.39666351675987244,-0.04610026255249977,0.3814588189125061,0.34875500202178955,-0.033097825944423676,0.37170088291168213,0.3102526366710663,-0.02186095528304577
0.37441831827163696,0.6927892565727234,-2.72604182782743e-07,0.3170015513896942,0.6201112270355225,0.056736089289188385,0.2932625114917755,0.5571158528327942,0.07276314496994019,0.2687203586101532,0.5120777487754822,0.07198548316955566,0.24779778718948364,0.4735311269760132,0.06620870530605316,0.3700573444366455,0.4857315123081207,0.06160454452037811,0.33764150738716125,0.419438898563385,0.06466094404459,0.30886951088905334,0.3823496699333191,0.06234079599380493,0.28719353675842285,0.3547896146774292,0.05718030408024788,0.38046830892562866,0.4888359606266022,0.01779734157025814,0.343464732170105,0.395211786031723,0.01708298735320568,0.31436285376548767,0.34153103828430176,0.01346938032656908,0.2924511730670929,0.30243998765945435,0.007945746183395386,0.3782111704349518,0.5040372014045715,-0.02557712234556675,0.35068485140800476,0.40363171696662903,-0.03394990414381027,0.3260197937488556,0.3486553430557251,-0.03637814149260521,0.3068520128726959,0.3086491525173187,-0.04089231416583061,0.3618636727333069,0.5224255919456482,-0.06503833085298538,0.3550943434238434,0.45129919052124023,-0.08418337255716324,0.34547939896583557,0.3985043168067932,-0.09380363672971725,0.33544817566871643,0.3531956970691681,-0.10164125263690948
0.33987483382225037,0.7528606653213501,-1.9996157618606958e-07,0.28679877519607544,0.6761065125465393,0.04374072700738907,0.2648286521434784,0.61259526014328,0.05695921927690506,0.2406015396118164,0.5671247839927673,0.05486387759447098,0.2211068868637085,0.5218189358711243,0.05087835341691971,0.3166617751121521,0.5555938482284546,0.07405232638120651,0.27715831995010376,0.5046504735946655,0.06749537587165833,0.24368679523468018,0.5059735178947449,0.05347767844796181,0.22303050756454468,0.52010577917099,0.047638170421123505,0.32562822103500366,0.5462151169776917,0.04203890636563301,0.3047681748867035,0.4517301023006439,0.050546202808618546,0.2822043299674988,0.40050631761550903,0.04988398775458336,0.266664057970047,0.3640998303890228,0.04851512238383293,0.32955703139305115,0.5521177053451538,0.006884925067424774,0.3168199956417084,0.45593005418777466,0.015945129096508026,0.3017532229423523,0.3991154730319977,0.021521449089050293,0.29217997193336487,0.35975584387779236,0.023095611482858658,0.322723925113678,0.5647280812263489,-0.027181748300790787,0.31455469131469727,0.4936056137084961,-0.017825933173298836,0.30530422925949097,0.447640985250473,-0.0070129502564668655,0.29590263962745667,0.4115986227989197,-0.00037960574263706803
0.3726441562175751,0.7986757755279541,-1.529697755131565e-07,0.31141233444213867,0.7315611839294434,0.025806810706853867,0.2888318598270416,0.6631240248680115,0.027876989915966988,0.2679121494293213,0.6165302991867065,0.019445158541202545,0.24872884154319763,0.5722894668579102,0.009715908206999302,0.35767462849617004,0.6157758831977844,0.040704865008592606,0.3168892562389374,0.5516133308410645,0.03470384329557419,0.28556761145591736,0.5449334979057312,0.02312471531331539,0.2638814151287079,0.5456487536430359,0.01479993388056755,0.36578404903411865,0.6105068325996399,0.01592431589961052,0.3223980963230133,0.5256404876708984,0.014296494424343109,0.29435256123542786,0.4861462712287903,0.006276709493249655,0.2773337662220001,0.45849400758743286,-0.0017879372462630272,0.36588212847709656,0.6185839176177979,-0.010468559339642525,0.3391288220882416,0.5242952108383179,-0.009676845744252205,0.3195725381374359,0.4695260226726532,-0.009733367711305618,0.30886802077293396,0.42747968435287476,-0.013406512327492237,0.35616856813430786,0.6325797438621521,-0.03603506088256836,0.3485177457332611,0.5651113390922546,-0.03370428830385208,0.3400700092315674,0.5165621042251587,-0.029037443920969963,0.3312120735645294,0.4736695885658264,-0.028473444283008575
0.44751888513565063,0.8280935287475586,-7.922118783199039e-08,0.3995042145252228,0.765908420085907,-0.004792052321135998,0.37290269136428833,0.7010255455970764,-0.012849281542003155,0.3510008454322815,0.655656635761261,-0.02604077011346817,0.33398106694221497,0.6135860085487366,-0.038677409291267395,0.4182504713535309,0.6304793357849121,0.014694930985569954,0.39707186818122864,0.5755939483642578,-0.014438541606068611,0.36820757389068604,0.5839664340019226,-0.042419638484716415,0.3461558520793915,0.6009320020675659,-0.057849202305078506,0.4325031638145447,0.6273252964019775,0.0036547838244587183,0.41686680912971497,0.5453171133995056,-0.010082556866109371,0.40140944719314575,0.49611034989356995,-0.024723336100578308,0.389874130487442,0.45192408561706543,-0.03552314639091492,0.4511227309703827,0.639792799949646,-0.01306418888270855,0.43967926502227783,0.5590832233428955,-0.025434032082557678,0.4276584982872009,0.5076898336410522,-0.0341511107981205,0.4175623953342438,0.4625263214111328,-0.03999024257063866,0.46869444847106934,0.6638533473014832,-0.03179674595594406,0.46487218141555786,0.6016146540641785,-0.03958909586071968,0.4591079652309418,0.5593445897102356,-0.04044567793607712,0.4530926048755646,0.5201797485351562,-0.04101872444152832
0.5056465864181519,0.8097273111343384,-6.971830401880652e-08,0.461576372385025,0.7718406915664673,-0.015897633507847786,0.4271045923233032,0.7234774827957153,-0.03225107863545418,0.4022165536880493,0.6866113543510437,-0.05162958800792694,0.3905959725379944,0.64634108543396,-0.06923354417085648,0.4464684724807739,0.624782919883728,-0.0075950585305690765,0.4229775369167328,0.5562241077423096,-0.04399706423282623,0.40887847542762756,0.5806999206542969,-0.07405296713113785,0.402664452791214,0.6107031106948853,-0.08973043411970139,0.46969321370124817,0.6167587637901306,-0.015179329551756382,0.44855305552482605,0.531550407409668,-0.03587615489959717,0.43038591742515564,0.4835697412490845,-0.05431647226214409,0.414135217666626,0.4378407895565033,-0.06725487858057022,0.4988328218460083,0.6259117126464844,-0.028325380757451057,0.4827568233013153,0.5431901812553406,-0.04513144865632057,0.4673594832420349,0.494768887758255,-0.05618702247738838,0.45199400186538696,0.44789543747901917,-0.06359897553920746,0.5297595262527466,0.6499849557876587,-0.04389665648341179,0.5228766798973083,0.5882670879364014,-0.05478300154209137,0.5115209817886353,0.5479178428649902,-0.05729905888438225,0.49874791502952576,0.5092005133628845,-0.05850446596741676
0.5211884379386902,0.7741786241531372,-1.8568050208500608e-08,0.47944390773773193,0.7415211796760559,-0.01852821372449398,0.4415229558944702,0.7017687559127808,-0.03712058067321777,0.4119788408279419,0.6737127304077148,-0.05761139094829559,0.40085601806640625,0.6339895725250244,-0.07632167637348175,0.46134045720100403,0.601192831993103,-0.014954637736082077,0.43436145782470703,0.5366131067276001,-0.05286622419953346,0.42012035846710205,0.5671256184577942,-0.08325545489788055,0.416317880153656,0.6021243929862976,-0.09902315586805344,0.48369088768959045,0.5950093269348145,-0.02123410440981388,0.4587872624397278,0.5130571722984314,-0.043644435703754425,0.4394528567790985,0.46851521730422974,-0.06242545321583748,0.4218539297580719,0.4241490364074707,-0.07546086609363556,0.5121315717697144,0.6056387424468994,-0.03289836645126343,0.49372994899749756,0.5283108353614807,-0.051813170313835144,0.47745808959007263,0.48441314697265625,-0.06308432668447495,0.46113723516464233,0.44004732370376587,-0.07022115588188171,0.5425598621368408,0.6303733587265015,-0.04683598875999451,0.532834529876709,0.5722951292991638,-0.05970418453216553,0.5214309692382812,0.5350649952888489,-0.06279722601175308,0.5095110535621643,0.49724888801574707,-0.06416811794042587
0.5412348508834839,0.7260586619377136,1.0029886965412516e-07,0.5032796263694763,0.7081979513168335,-0.024173835292458534,0.46532562375068665,0.6817601919174194,-0.04663533717393875,0.43608731031417847,0.6633166670799255,-0.0690465047955513,0.434063583612442,0.6342898607254028,-0.08932571858167648,0.4747058153152466,0.5781662464141846,-0.02788209728896618,0.45083022117614746,0.517124354839325,-0.06576116383075714,0.44352495670318604,0.5582414269447327,-0.0939859077334404,0.44322875142097473,0.5979479551315308,-0.10788675397634506,0.5022972226142883,0.5717650055885315,-0.030817599967122078,0.48498988151550293,0.49702438712120056,-0.053110480308532715,0.47638869285583496,0.4555360674858093,-0.0696604922413826,0.4691603481769562,0.4137430787086487,-0.08096389472484589,0.5330636501312256,0.5844517946243286,-0.0388634093105793,0.522408664226532,0.5187586545944214,-0.057277679443359375,0.5118956565856934,0.4783569872379303,-0.06755571067333221,0.500482976436615,0.437680184841156,-0.07386238873004913,0.5638889074325562,0.6110870242118835,-0.049227274954319,0.5574907660484314,0.5599519610404968,-0.06155020371079445,0.5498626828193665,0.5251247882843018,-0.0637444257736206,0.5415257811546326,0.4902794361114502,-0.06436791270971298
0.5431345701217651,0.7160554528236389,1.0536076899825275e-07,0.5066843628883362,0.7010244727134705,-0.027336839586496353,0.4678288698196411,0.6686696410179138,-0.05055806413292885,0.4378248453140259,0.6423901319503784,-0.07299721240997314,0.4384269416332245,0.6053368449211121,-0.09307742118835449,0.47995030879974365,0.5634239315986633,-0.030931750312447548,0.4574969708919525,0.4994858503341675,-0.07038630545139313,0.45059478282928467,0.5385303497314453,-0.09871295839548111,0.45062148571014404,0.5768870115280151,-0.11223681271076202,0.5082225799560547,0.55594402551651,-0.03221624344587326,0.48982876539230347,0.47937047481536865,-0.05658194422721863,0.48091912269592285,0.43563324213027954,-0.07438115775585175,0.4728183448314667,0.39089804887771606,-0.08606385439634323,0.5396096706390381,0.5675116777420044,-0.03879112750291824,0.5277420282363892,0.49603012204170227,-0.059283547103405,0.5172040462493896,0.453738272190094,-0.0712028369307518,0.5056576132774353,0.4109041690826416,-0.07839754968881607,0.5713158845901489,0.5929513573646545,-0.04768262431025505,0.5641511678695679,0.539052426815033,-0.061911702156066895,0.5567612051963806,0.5047326683998108,-0.06599550694227219,0.5487794280052185,0.470166951417923,-0.06771975755691528
0.5501453876495361,0.7215310335159302,1.7588236289611814e-07,0.5130358338356018,0.7013378143310547,-0.024172205477952957,0.4812069833278656,0.6679656505584717,-0.046323101967573166,0.4687213897705078,0.639191746711731,-0.06857500225305557,0.4813521206378937,0.6189875602722168,-0.08853726089000702,0.48906636238098145,0.5569779872894287,-0.02439367026090622,0.47432011365890503,0.48589956760406494,-0.061791758984327316,0.4789271652698517,0.5117154121398926,-0.09011697769165039,0.48619070649147034,0.5423836708068848,-0.10377487540245056,0.5203090906143188,0.5487837791442871,-0.027611270546913147,0.5129011869430542,0.46631544828414917,-0.04875105246901512,0.5106505155563354,0.4214874505996704,-0.0653170496225357,0.50785231590271,0.3754216730594635,-0.07673737406730652,0.5516189932823181,0.5583456158638,-0.03625565022230148,0.5493998527526855,0.48292434215545654,-0.05270616337656975,0.5451949238777161,0.43700110912323,-0.06284723430871964,0.5384647250175476,0.39072683453559875,-0.06933926790952682,0.5821343064308167,0.5802101492881775,-0.047677528113126755,0.5815175771713257,0.5210334658622742,-0.056011445820331573,0.5781612396240234,0.4849752187728882,-0.056435246020555496,0.5733505487442017,0.4488796293735504,-0.056518252938985825
0.5631499290466309,0.7322648763656616,1.8580516325528151e-07,0.5309906005859375,0.7134608030319214,-0.034465186297893524,0.5077229738235474,0.6757354736328125,-0.06084161996841431,0.5172236561775208,0.6424199342727661,-0.08513694256544113,0.5392358303070068,0.6062909364700317,-0.10615837574005127,0.5101032853126526,0.5504494905471802,-0.032829005271196365,0.5076414942741394,0.4861048460006714,-0.0732627734541893,0.5220862030982971,0.5265570282936096,-0.10482142120599747,0.5359774827957153,0.5660388469696045,-0.12081519514322281,0.5446990728378296,0.5368417501449585,-0.03185425326228142,0.5488281846046448,0.4575064480304718,-0.05474932864308357,0.556513249874115,0.4138392210006714,-0.07526087015867233,0.5628572106361389,0.3636780083179474,-0.09067998081445694,0.5768788456916809,0.5467280745506287,-0.03710472211241722,0.5826798677444458,0.47340425848960876,-0.05664537101984024,0.5843519568443298,0.42348235845565796,-0.07130682468414307,0.5837993621826172,0.37054571509361267,-0.08169969171285629,0.607952892780304,0.5711919665336609,-0.04569969326257706,0.6114629507064819,0.5118880271911621,-0.05701356381177902,0.6113166213035583,0.4730718433856964,-0.060473304241895676,0.6104395389556885,0.4321136474609375,-0.06329533457756042
0.5622804760932922,0.7306417226791382,1.7431669618872547e-07,0.5268642902374268,0.711000919342041,-0.02977314591407776,0.4973267912864685,0.6716947555541992,-0.05361863225698471,0.4974433183670044,0.6377305388450623,-0.07657315582036972,0.5161278247833252,0.605948805809021,-0.09679305553436279,0.5039794445037842,0.5508638024330139,-0.02962787076830864,0.49332088232040405,0.48155301809310913,-0.06932507455348969,0.5050172209739685,0.5189219117164612,-0.09970274567604065,0.518520712852478,0.5558686256408691,-0.11473572254180908,0.5396889448165894,0.5390970706939697,-0.031041892245411873,0.5375877618789673,0.4545557200908661,-0.05424889922142029,0.5407989621162415,0.40863731503486633,-0.07479225844144821,0.5434411764144897,0.3554123640060425,-0.08985594660043716,0.5731698274612427,0.5495080947875977,-0.038197629153728485,0.5741416215896606,0.47184431552886963,-0.05766316130757332,0.5725876092910767,0.42180949449539185,-0.0721622109413147,0.5695614814758301,0.3690604567527771,-0.0820838212966919,0.6053333282470703,0.5734883546829224,-0.048256199806928635,0.6070455312728882,0.5119659900665283,-0.05861913785338402,0.605451762676239,0.47210240364074707,-0.061505816876888275,0.6035204529762268,0.43060633540153503,-0.06389544159173965
0.5726492404937744,0.7390193939208984,1.2880484234756295e-07,0.5317345261573792,0.7114056944847107,-0.027621794492006302,0.4974510073661804,0.663710355758667,-0.048950787633657455,0.4785493016242981,0.618740439414978,-0.07014544308185577,0.47932568192481995,0.5733373761177063,-0.08844664692878723,0.5014744400978088,0.5491204857826233,-0.021103061735630035,0.4861336350440979,0.46937450766563416,-0.0596865750849247,0.4887067973613739,0.4892606735229492,-0.0894906148314476,0.49401402473449707,0.5145809650421143,-0.10471823066473007,0.5351382493972778,0.5364156365394592,-0.023749949410557747,0.5208812355995178,0.44507455825805664,-0.045810434967279434,0.51372230052948,0.3936117887496948,-0.06496591866016388,0.505711019039154,0.34114909172058105,-0.0787789523601532,0.5704512000083923,0.5451226830482483,-0.03270273655653,0.5603477954864502,0.4619590640068054,-0.052187129855155945,0.5518876314163208,0.4112396836280823,-0.06533008813858032,0.5409345626831055,0.3591011166572571,-0.07414653152227402,0.6062096953392029,0.5689178705215454,-0.044677142053842545,0.5989844799041748,0.5039569735527039,-0.0584777295589447,0.5904054045677185,0.46280908584594727,-0.06335785239934921,0.5805324912071228,0.42134416103363037,-0.06629335135221481
0.5723764300346375,0.7632408142089844,4.411878506971334e-08,0.526133120059967,0.7272807359695435,-0.024831213057041168,0.48636555671691895,0.6719904541969299,-0.046458374708890915,0.45631295442581177,0.6243587732315063,-0.06975726783275604,0.46435919404029846,0.5720734596252441,-0.09056635200977325,0.5100203156471252,0.5633082985877991,-0.013506652787327766,0.49013808369636536,0.48179206252098083,-0.05516188219189644,0.47847962379455566,0.5054823160171509,-0.0885767787694931,0.4757935702800751,0.5371142625808716,-0.10626644641160965,0.5387879610061646,0.5554068088531494,-0.018494781106710434,0.5188212394714355,0.460046648979187,-0.04256099462509155,0.5050934553146362,0.40542107820510864,-0.06436159461736679,0.4932723939418793,0.35107994079589844,-0.08011514693498611,0.572184145450592,0.5672791600227356,-0.030333755537867546,0.5569372177124023,0.4805275797843933,-0.050973400473594666,0.5450147390365601,0.42728057503700256,-0.06551695615053177,0.5324464440345764,0.3746489882469177,-0.07542527467012405,0.6067772507667542,0.5944855213165283,-0.04519118368625641,0.5970983505249023,0.52739018201828,-0.058994755148887634,0.5867204666137695,0.4840705096721649,-0.06441330164670944,0.5756896138191223,0.4416574537754059,-0.06817741692066193
0.5722095966339111,0.7809674143791199,-4.399820952016853e-08,0.5229028463363647,0.7302742004394531,-0.013636855408549309,0.4844990670681,0.6635217070579529,-0.02934984304010868,0.4535585641860962,0.6155492663383484,-0.04851611703634262,0.4397866427898407,0.5635421276092529,-0.06674829870462418,0.5245994329452515,0.5676644444465637,-0.007832786068320274,0.4999518394470215,0.49588218331336975,-0.0481608621776104,0.47496655583381653,0.5076135396957397,-0.08139897137880325,0.45911166071891785,0.5313565135002136,-0.09954351931810379,0.5473422408103943,0.5656176209449768,-0.01907968707382679,0.5234618186950684,0.4682726263999939,-0.04377970099449158,0.5062673687934875,0.41004544496536255,-0.06478065997362137,0.4918903708457947,0.3572844862937927,-0.07981309294700623,0.5747378468513489,0.583001434803009,-0.036163508892059326,0.5571704506874084,0.491099089384079,-0.05863381549715996,0.5422836542129517,0.435912549495697,-0.07270216196775436,0.5278874039649963,0.3843854069709778,-0.08179869502782822,0.6027149558067322,0.6156225800514221,-0.05527334287762642,0.591812789440155,0.5455625057220459,-0.07230635732412338,0.579663097858429,0.4997653365135193,-0.07867538928985596,0.5669768452644348,0.45642873644828796,-0.08267240226268768
0.5843299627304077,0.7903062105178833,-1.5457879953828524e-07,0.5317386984825134,0.7140182256698608,0.0145748695358634,0.4962199032306671,0.6402620077133179,0.005228887312114239,0.4646512269973755,0.593520998954773,-0.013248915784060955,0.4403582215309143,0.5414150357246399,-0.03333475813269615,0.5553607940673828,0.5615870952606201,0.003644508309662342,0.5138866901397705,0.49292975664138794,-0.03153311833739281,0.4770839214324951,0.5051165819168091,-0.06231650710105896,0.44888582825660706,0.5290687084197998,-0.0814257562160492,0.5726293325424194,0.5723496079444885,-0.025340139865875244,0.5363526940345764,0.46371930837631226,-0.04904859885573387,0.5106033682823181,0.4043067991733551,-0.07144695520401001,0.4902958571910858,0.3557535409927368,-0.08979810774326324,0.5870184302330017,0.6025753021240234,-0.056700486689805984,0.5555311441421509,0.49168458580970764,-0.0770791694521904,0.5354865789413452,0.4328179359436035,-0.09006918221712112,0.5205731987953186,0.38094204664230347,-0.10144857317209244,0.593703031539917,0.6405559778213501,-0.08745747059583664,0.5766926407814026,0.5684235095977783,-0.10643699020147324,0.5632319450378418,0.5164096355438232,-0.1139056384563446,0.5508399605751038,0.4642614722251892,-0.12053056806325912
0.590427041053772,0.7975940108299255,-1.601825232455667e-07,0.5352492928504944,0.7169067859649658,0.01659807749092579,0.5002101063728333,0.6436436772346497,0.00684521347284317,0.4678007960319519,0.5963178873062134,-0.012248856946825981,0.44150811433792114,0.542881190776825,-0.03353595361113548,0.5654363632202148,0.5696148872375488,-0.00046940831816755235,0.5187377333641052,0.4973866641521454,-0.03498653322458267,0.48150140047073364,0.5074976086616516,-0.06545168161392212,0.4528893232345581,0.5279045701026917,-0.08482728153467178,0.5799387097358704,0.5841280221939087,-0.030457956716418266,0.5407166481018066,0.4695877432823181,-0.05458462983369827,0.5129544138908386,0.4094714820384979,-0.0773693174123764,0.4903212785720825,0.3593515157699585,-0.09659001231193542,0.5918607711791992,0.6167480945587158,-0.06193407252430916,0.5579646825790405,0.4974203109741211,-0.08165090531110764,0.5372942686080933,0.43699097633361816,-0.09431663900613785,0.5227035880088806,0.3838784694671631,-0.10631947219371796,0.5951497554779053,0.6538283824920654,-0.09250229597091675,0.5791459083557129,0.5769133567810059,-0.11118507385253906,0.5667821764945984,0.5221520662307739,-0.11887209117412567,0.5558087825775146,0.4670800268650055,-0.12625369429588318
0.5938701629638672,0.827409029006958,-1.1800356247704258e-07,0.5362362861633301,0.7261585593223572,0.032219789922237396,0.5132598280906677,0.6391211748123169,0.028884729370474815,0.48391208052635193,0.5802175998687744,0.015642350539565086,0.4538133442401886,0.5312280058860779,-0.0015710553852841258,0.6006439328193665,0.5833507180213928,0.0022408566437661648,0.5529143810272217,0.4880368709564209,-0.013820791617035866,0.5237847566604614,0.43990984559059143,-0.025153661146759987,0.49890580773353577,0.39265352487564087,-0.03589622303843498,0.6067401170730591,0.6033028960227966,-0.03298267722129822,0.5554018020629883,0.48186665773391724,-0.0545835979282856,0.524647057056427,0.4175925850868225,-0.06728532910346985,0.4978009760379791,0.3608331084251404,-0.07929367572069168,0.5947266221046448,0.6353721022605896,-0.06597237288951874,0.5552188158035278,0.5110690593719482,-0.08546292781829834,0.5329076647758484,0.44597557187080383,-0.09152630716562271,0.5165179371833801,0.3868645131587982,-0.09910546243190765,0.5673699975013733,0.6660202741622925,-0.09590959548950195,0.5500300526618958,0.5833433270454407,-0.11738919466733932,0.5394070148468018,0.5270646810531616,-0.12647446990013123,0.5325587391853333,0.47157371044158936,-0.13529518246650696
0.5801513195037842,0.8195346593856812,-1.083936780332806e-07,0.5281103849411011,0.7101068496704102,0.04581817239522934,0.5138692259788513,0.6258618831634521,0.04877622425556183,0.48983141779899597,0.5663709044456482,0.038151249289512634,0.46384182572364807,0.5154279470443726,0.02319779060781002,0.5926461815834045,0.5771878361701965,0.022573601454496384,0.5556340217590332,0.4772603213787079,0.012776752933859825,0.531513512134552,0.4276796579360962,0.006262825336307287,0.5098535418510437,0.3798927366733551,-0.0006876495899632573,0.6003680229187012,0.5908215045928955,-0.018134774640202522,0.5576388835906982,0.47118470072746277,-0.03414798900485039,0.5282920598983765,0.4059559404850006,-0.044118572026491165,0.501101016998291,0.3522510826587677,-0.05349519103765488,0.5878968238830566,0.6152088046073914,-0.05605141073465347,0.554492712020874,0.4872068166732788,-0.0690225139260292,0.531015932559967,0.422422856092453,-0.06998829543590546,0.5123903155326843,0.3662707209587097,-0.07352486997842789,0.5570152401924133,0.6384218335151672,-0.09023363143205643,0.540044367313385,0.5403900742530823,-0.10382236540317535,0.5323505997657776,0.4791424870491028,-0.10695479065179825,0.5279126167297363,0.4233532249927521,-0.11101780831813812
0.5553097128868103,0.7503299117088318,-1.370577820125618e-07,0.5184265375137329,0.6343182325363159,0.07087709754705429,0.5163902640342712,0.5593216419219971,0.08818564563989639,0.505295991897583,0.5019021034240723,0.08552370965480804,0.49483445286750793,0.4458649158477783,0.07727505266666412,0.6032457947731018,0.5380008220672607,0.07391791045665741,0.5848497152328491,0.44912436604499817,0.08155334740877151,0.5680855512619019,0.3990930914878845,0.08326040953397751,0.5571033954620361,0.3550262451171875,0.07977516204118729,0.6111040115356445,0.5460543036460876,0.021480930969119072,0.5905116200447083,0.43600383400917053,0.023775918409228325,0.5721341371536255,0.3720299005508423,0.02078627422451973,0.5594088435173035,0.3215165436267853,0.014964296482503414,0.602128803730011,0.5570623278617859,-0.029061906039714813,0.5891964435577393,0.44279754161834717,-0.03160691261291504,0.5775725841522217,0.37967586517333984,-0.029480013996362686,0.570818305015564,0.3253523111343384,-0.03240566328167915,0.5801554322242737,0.5645785927772522,-0.07482068985700607,0.5815708637237549,0.4827510416507721,-0.0842454805970192,0.5834165811538696,0.4276842474937439,-0.08621838688850403,0.585228681564331,0.3773854076862335,-0.09031204879283905
0.5551314949989319,0.750054121017456,-2.0744737128097768e-07,0.5135768055915833,0.6334043145179749,0.06360352039337158,0.5079473257064819,0.5598847270011902,0.07904426753520966,0.4976525604724884,0.5043370127677917,0.07482948154211044,0.49146127700805664,0.444194495677948,0.0663849264383316,0.594628632068634,0.5437103509902954,0.08440452069044113,0.5686143040657043,0.4647386372089386,0.08843431621789932,0.5391325950622559,0.43883925676345825,0.08234929293394089,0.5178669691085815,0.4216875433921814,0.0751575157046318,0.6069269776344299,0.548763632774353,0.035881295800209045,0.586223304271698,0.44007664918899536,0.04080794379115105,0.5661913156509399,0.3772508203983307,0.03411528095602989,0.5510965585708618,0.33062344789505005,0.024913305416703224,0.602592408657074,0.5583984851837158,-0.012900149449706078,0.5864148736000061,0.44872573018074036,-0.011946606449782848,0.572300136089325,0.38567009568214417,-0.010366879403591156,0.5627904534339905,0.3353648781776428,-0.013991069979965687,0.58555006980896,0.5644029974937439,-0.058316055685281754,0.5860146284103394,0.48524874448776245,-0.06171773374080658,0.5856484770774841,0.4299318194389343,-0.059817902743816376,0.5842034220695496,0.37911349534988403,-0.061639949679374695
0.5398759245872498,0.7099327445030212,-9.906828069006224e-08,0.4987456202507019,0.6430023312568665,0.003794322954490781,0.4829406440258026,0.5610513687133789,0.008740594610571861,0.47056683897972107,0.49864262342453003,0.007148988079279661,0.4740630090236664,0.44725146889686584,0.006944459863007069,0.536663293838501,0.5258274674415588,0.04828309267759323,0.5219525694847107,0.4698208272457123,0.038888171315193176,0.5011285543441772,0.44799867272377014,0.02336161397397518,0.48406827449798584,0.43576204776763916,0.014097563922405243,0.5544689893722534,0.5157460570335388,0.03778639808297157,0.54490065574646,0.4386053681373596,0.038053881376981735,0.533040463924408,0.38818681240081787,0.029720807448029518,0.5220433473587036,0.3463094234466553,0.02331501804292202,0.5745574831962585,0.5185189843177795,0.021411530673503876,0.5661395192146301,0.4398432672023773,0.0201705489307642,0.5552555322647095,0.38836532831192017,0.01607348397374153,0.5439308881759644,0.34520983695983887,0.013245683163404465,0.5942908525466919,0.5293203592300415,0.0031233057379722595,0.5908588171005249,0.4623962342739105,0.004140886478126049,0.58469557762146,0.42057186365127563,0.006243644282221794,0.576551079750061,0.3840100169181824,0.007479230407625437
0.5348663330078125,0.7012239694595337,-4.5187846353655914e-08,0.49078893661499023,0.6428959369659424,-0.002457136521115899,0.46925124526023865,0.5636429190635681,0.0005267449305392802,0.45455116033554077,0.5000526905059814,-0.0017696875147521496,0.4571381211280823,0.4463847279548645,-0.0024512370582669973,0.5169327855110168,0.5267015695571899,0.04314731806516647,0.5017976760864258,0.4709644317626953,0.03202921152114868,0.4821113348007202,0.4498711824417114,0.01564871519804001,0.46610695123672485,0.43854179978370667,0.005933966021984816,0.5358868837356567,0.5144094228744507,0.03580212965607643,0.5252387523651123,0.4383260905742645,0.0343896709382534,0.5126252174377441,0.38732969760894775,0.02472827583551407,0.5016090869903564,0.3441651463508606,0.017339246347546577,0.5577703714370728,0.5151736736297607,0.02204638347029686,0.5485607981681824,0.43890684843063354,0.01886746473610401,0.5368657112121582,0.38739562034606934,0.012795446440577507,0.5245652794837952,0.3440580368041992,0.008763340301811695,0.5806907415390015,0.5238197445869446,0.006010986864566803,0.5745320916175842,0.4593936502933502,0.005510188639163971,0.5663136839866638,0.41893240809440613,0.0060987467877566814,0.556348979473114,0.3837434649467468,0.006180491764098406
0.5352897047996521,0.7016172409057617,-1.595825693812003e-08,0.49002715945243835,0.6490960717201233,-0.005173077806830406,0.46455708146095276,0.5666607022285461,-0.002805200172588229,0.44717201590538025,0.5008132457733154,-0.004885498434305191,0.44638386368751526,0.4462573230266571,-0.005196945741772652,0.5086938142776489,0.5215752720832825,0.038707390427589417,0.49275046586990356,0.4656592011451721,0.02841726504266262,0.473983496427536,0.44263458251953125,0.013593422248959541,0.45861202478408813,0.42826780676841736,0.004338718019425869,0.5289244055747986,0.5085908770561218,0.03246937692165375,0.5157153606414795,0.43151646852493286,0.029706450179219246,0.5021868348121643,0.380520761013031,0.019899988546967506,0.48980996012687683,0.336121141910553,0.012646052986383438,0.552271842956543,0.5093390345573425,0.019994357600808144,0.5413298606872559,0.4322775900363922,0.014414471574127674,0.5288763642311096,0.380977988243103,0.007035226561129093,0.5152256488800049,0.33734744787216187,0.002426892751827836,0.5769538879394531,0.5185043811798096,0.005316473077982664,0.5691164135932922,0.4542897343635559,0.0022049066610634327,0.5597633719444275,0.41426223516464233,0.0010774522088468075,0.5483670830726624,0.37936562299728394,0.00012020660506095737
0.5367132425308228,0.7089222073554993,6.785939632436566e-08,0.4867812991142273,0.661400556564331,-0.011672013439238071,0.453946053981781,0.5689971446990967,-0.013926236890256405,0.4375881552696228,0.493821382522583,-0.01950925588607788,0.44477367401123047,0.43283721804618835,-0.023408465087413788,0.4845045804977417,0.5142827033996582,0.027394987642765045,0.4698009788990021,0.45513948798179626,0.01264150720089674,0.45859217643737793,0.43831026554107666,-0.004511630162596703,0.4510909914970398,0.42526543140411377,-0.015454353764653206,0.5109267234802246,0.49763065576553345,0.022147007286548615,0.494917631149292,0.415714293718338,0.01609169691801071,0.4819604456424713,0.36265140771865845,0.004769066348671913,0.4710681140422821,0.3151802718639374,-0.003803071565926075,0.5403560996055603,0.4989050328731537,0.010293858125805855,0.5261847376823425,0.41708970069885254,0.0017356438329443336,0.5132290124893188,0.3659495711326599,-0.006615153979510069,0.4998290240764618,0.3221682608127594,-0.01240533497184515,0.5712450742721558,0.5117272138595581,-0.0041967276483774185,0.5605422258377075,0.4466749131679535,-0.009893053211271763,0.5501784682273865,0.4052489995956421,-0.012159213423728943,0.5381984710693359,0.3679264187812805,-0.014267446473240852
0.543145477771759,0.7148231863975525,5.071425235314564e-08,0.4905077815055847,0.6729466319084167,-0.015140950679779053,0.45244842767715454,0.5800076723098755,-0.01918318122625351,0.4327594041824341,0.5013561248779297,-0.025827931240200996,0.4390406906604767,0.4369083642959595,-0.030466271564364433,0.47739848494529724,0.5184663534164429,0.02055320329964161,0.45950764417648315,0.45196089148521423,-0.0010583508992567658,0.4518478512763977,0.4443047046661377,-0.02256239578127861,0.4493643641471863,0.44468557834625244,-0.034861791878938675,0.5043941736221313,0.49892938137054443,0.016398387029767036,0.48421671986579895,0.41107073426246643,0.006978772114962339,0.468886137008667,0.35730281472206116,-0.006823014467954636,0.45646923780441284,0.3089628219604492,-0.016815204173326492,0.5356626510620117,0.49907630681991577,0.005317388102412224,0.5167673826217651,0.4144609272480011,-0.005708655342459679,0.5011518597602844,0.36184877157211304,-0.015254759229719639,0.4859796166419983,0.31518790125846863,-0.021678481251001358,0.5690471529960632,0.5121437311172485,-0.00862775556743145,0.5557801127433777,0.44715139269828796,-0.015706339851021767,0.5436699986457825,0.4058564603328705,-0.017957231029868126,0.5303589701652527,0.3676118850708008,-0.019791387021541595
0.5591233968734741,0.7462952136993408,1.1221853668530457e-07,0.508593738079071,0.7007781863212585,-0.02105463109910488,0.46986082196235657,0.6230544447898865,-0.03649720922112465,0.4476448893547058,0.5529565215110779,-0.054515641182661057,0.4604332149028778,0.48845094442367554,-0.07011422514915466,0.48986199498176575,0.5229278802871704,0.004236075095832348,0.47538328170776367,0.43859565258026123,-0.02952011302113533,0.4689352214336395,0.43707454204559326,-0.05927819386124611,0.46896132826805115,0.4461517632007599,-0.07587173581123352,0.5200996994972229,0.5096927881240845,-0.0020407377742230892,0.5009015202522278,0.4057583808898926,-0.020312706008553505,0.4870680570602417,0.343492329120636,-0.039563581347465515,0.47555506229400635,0.2859402000904083,-0.053485170006752014,0.5550609230995178,0.5189189910888672,-0.015592443756759167,0.5401473641395569,0.4190521240234375,-0.03247835114598274,0.5273906588554382,0.361394464969635,-0.044353436678647995,0.5145217776298523,0.3075578808784485,-0.05248718708753586,0.5918241739273071,0.5442938208580017,-0.032435331493616104,0.5795403718948364,0.4686316251754761,-0.044123582541942596,0.568700909614563,0.4198046326637268,-0.04784974828362465,0.55750572681427,0.3728336691856384,-0.05046598240733147
0.5597395896911621,0.7452341318130493,1.5823260923752969e-07,0.511906623840332,0.7002622485160828,-0.024408569559454918,0.47465789318084717,0.6271322965621948,-0.04231039434671402,0.4518015384674072,0.5585815906524658,-0.06190960109233856,0.46439045667648315,0.49228236079216003,-0.07901904731988907,0.4901728332042694,0.5228097438812256,0.0008485503494739532,0.47544997930526733,0.4394441545009613,-0.03220384940505028,0.4685366749763489,0.43673425912857056,-0.061931487172842026,0.46811893582344055,0.44405022263526917,-0.07907213270664215,0.5206232666969299,0.5088883638381958,-0.00341457175090909,0.5008321404457092,0.4074705243110657,-0.02067815512418747,0.48705190420150757,0.3471374809741974,-0.039998702704906464,0.47532138228416443,0.2901378571987152,-0.0545995756983757,0.5560135245323181,0.5175517797470093,-0.015002312138676643,0.5399302244186401,0.42099297046661377,-0.030800577253103256,0.5262483954429626,0.3628438711166382,-0.0432601235806942,0.5127994418144226,0.3081003725528717,-0.052620429545640945,0.5935984253883362,0.5427547097206116,-0.030109522864222527,0.5805292129516602,0.4698447585105896,-0.04136123135685921,0.5696683526039124,0.42197662591934204,-0.04592403396964073,0.5585037469863892,0.37510383129119873,-0.04966820031404495
0.5987746715545654,0.7182020545005798,2.3943269411574875e-07,0.5598270893096924,0.6704111099243164,-0.03241492062807083,0.5461242198944092,0.594831109046936,-0.05203681066632271,0.568625271320343,0.5298111438751221,-0.0699811726808548,0.5949156284332275,0.4738759696483612,-0.08540356159210205,0.5494634509086609,0.48670274019241333,-0.01742161437869072,0.5536373853683472,0.4141165018081665,-0.05555261671543121,0.5773829221725464,0.4205736815929413,-0.0898410752415657,0.6029154062271118,0.44035688042640686,-0.10960801690816879,0.5910521745681763,0.4770357012748718,-0.01826777681708336,0.6021120548248291,0.3868556320667267,-0.03804360702633858,0.6130980849266052,0.3359832167625427,-0.06235180050134659,0.6250640153884888,0.28319376707077026,-0.08216818422079086,0.6276430487632751,0.4923752546310425,-0.026010459288954735,0.6398202776908875,0.4040118455886841,-0.0459836944937706,0.6439847350120544,0.35083943605422974,-0.06436342000961304,0.6482987403869629,0.2991351783275604,-0.07863931357860565,0.6619983315467834,0.5278433561325073,-0.03730330616235733,0.6697922348976135,0.4610084295272827,-0.052009109407663345,0.6717492341995239,0.41911306977272034,-0.05884994566440582,0.6726394295692444,0.37743139266967773,-0.06496042758226395
0.6197990775108337,0.6954975128173828,3.769636975903268e-07,0.5898476839065552,0.649418830871582,-0.046310678124427795,0.5900641083717346,0.5749196410179138,-0.07225095480680466,0.6247313618659973,0.5133492350578308,-0.09325665980577469,0.6634848117828369,0.4609123468399048,-0.1112026497721672,0.5839442610740662,0.4609048366546631,-0.03272436931729317,0.6006953120231628,0.38198208808898926,-0.07806618511676788,0.6302881240844727,0.39557844400405884,-0.11836443841457367,0.6574624180793762,0.4266524016857147,-0.1406496912240982,0.6284904479980469,0.44902142882347107,-0.024410469457507133,0.6511012315750122,0.35563957691192627,-0.045877184718847275,0.6733424067497253,0.30696243047714233,-0.07208585739135742,0.6947460174560547,0.2573666572570801,-0.09336357563734055,0.6648015379905701,0.46459460258483887,-0.023949431255459785,0.6841739416122437,0.3798246383666992,-0.04244665056467056,0.6970524191856384,0.32340192794799805,-0.0622471459209919,0.7106863260269165,0.2696281671524048,-0.0780358836054802,0.6955896019935608,0.5000020265579224,-0.02815876714885235,0.7093492746353149,0.4310598373413086,-0.04027518630027771,0.7163164019584656,0.3889733850955963,-0.047026775777339935,0.7235003113746643,0.3476925492286682,-0.05332310125231743
0.6392440795898438,0.6530507206916809,5.360456043490558e-07,0.629853367805481,0.6162723302841187,-0.07410438358783722,0.6490959525108337,0.5507313013076782,-0.10539804399013519,0.6956632733345032,0.4907855987548828,-0.12430660426616669,0.7384530305862427,0.440558522939682,-0.13813883066177368,0.606727123260498,0.4230978488922119,-0.04880371317267418,0.6488852500915527,0.3527495563030243,-0.09281500428915024,0.6906546354293823,0.3736206591129303,-0.13283079862594604,0.7224653959274292,0.40687668323516846,-0.1537848711013794,0.6483932137489319,0.41216832399368286,-0.01993376947939396,0.6859325170516968,0.3297862410545349,-0.04264108091592789,0.7224692106246948,0.28772616386413574,-0.07086575776338577,0.751386284828186,0.2421896904706955,-0.09229292720556259,0.6857857704162598,0.4208863079547882,-0.0004607122391462326,0.7133716940879822,0.3416420817375183,-0.02053794451057911,0.7374910712242126,0.2853847146034241,-0.04415767639875412,0.7573463916778564,0.23368890583515167,-0.06063034012913704,0.7137775421142578,0.44120335578918457,0.012779456563293934,0.7335281372070312,0.365700900554657,0.0021879111882299185,0.7456724047660828,0.3225749433040619,-0.006726088933646679,0.7569202780723572,0.2844181954860687,-0.013580363243818283
0.6151302456855774,0.6046075820922852,7.724443094048183e-07,0.6220369935035706,0.5810584425926208,-0.09421897679567337,0.6587417125701904,0.5276479721069336,-0.12449124455451965,0.7196769714355469,0.4852350056171417,-0.13436901569366455,0.7664539217948914,0.43951886892318726,-0.1369415670633316,0.6165754795074463,0.3923286199569702,-0.07223459333181381,0.6828657984733582,0.3326191008090973,-0.10911618173122406,0.7224008440971375,0.3655315339565277,-0.14147576689720154,0.7428464889526367,0.40316516160964966,-0.15784265100955963,0.6480032801628113,0.38838908076286316,-0.03151822090148926,0.710597038269043,0.3019920587539673,-0.050035830587148666,0.7606172561645508,0.25850075483322144,-0.07497464120388031,0.7999370694160461,0.21550649404525757,-0.09307529777288437,0.6757805943489075,0.4039282500743866,-0.0006435379036702216,0.7184939384460449,0.3311466574668884,-0.024839583784341812,0.7474052906036377,0.30519765615463257,-0.054588910192251205,0.770158052444458,0.2768020033836365,-0.07334394007921219,0.6977115273475647,0.4275043308734894,0.023359723389148712,0.7246456146240234,0.3933414816856384,0.0002212968101957813,0.7399774789810181,0.40169548988342285,-0.015833044424653053,0.7520739436149597,0.4103255271911621,-0.024936214089393616
0.6073400974273682,0.6091806292533875,3.477315431155148e-07,0.624534547328949,0.5877202749252319,-0.07884138822555542,0.6655387282371521,0.5447317361831665,-0.10693096369504929,0.7269006967544556,0.5111103057861328,-0.11780788004398346,0.7740172743797302,0.4713099002838135,-0.12155424803495407,0.6289116740226746,0.40753409266471863,-0.05854438245296478,0.6974403262138367,0.366479754447937,-0.08643002063035965,0.7383093237876892,0.39896008372306824,-0.11099742352962494,0.7627668380737305,0.4280455410480499,-0.12454129755496979,0.6539685726165771,0.40963441133499146,-0.023531462997198105,0.7118788361549377,0.3545435667037964,-0.05295979604125023,0.7508975863456726,0.3921089470386505,-0.07637114822864532,0.7757527828216553,0.4233093559741974,-0.08561357855796814,0.6792610287666321,0.42258158326148987,0.004363778978586197,0.7241359949111938,0.3586617112159729,-0.018057014793157578,0.7507261037826538,0.33338284492492676,-0.039414677768945694,0.7680721879005432,0.3060610890388489,-0.050089169293642044,0.6982923746109009,0.4414181709289551,0.02647523768246174,0.7302066087722778,0.4049985408782959,0.01360280904918909,0.7483921051025391,0.39545202255249023,0.0036011189222335815,0.7625163793563843,0.3856540322303772,-0.001447135815396905
0.6174191236495972,0.5975623726844788,6.998696449045383e-07,0.6351343989372253,0.5950117111206055,-0.08803814649581909,0.6849796772003174,0.5651772022247314,-0.11883336305618286,0.7491672039031982,0.5461537837982178,-0.1276465505361557,0.8036403656005859,0.5176830887794495,-0.1288197785615921,0.6583516597747803,0.42678648233413696,-0.08008953928947449,0.7357408404350281,0.40788012742996216,-0.11161860078573227,0.7788285613059998,0.45075756311416626,-0.13897578418254852,0.8047487139701843,0.48702383041381836,-0.15312767028808594,0.6803927421569824,0.43219608068466187,-0.038179170340299606,0.7502368092536926,0.3853476345539093,-0.062279004603624344,0.7944465279579163,0.39504748582839966,-0.08378638327121735,0.8229376673698425,0.4028964638710022,-0.09491395205259323,0.7008031606674194,0.44786590337753296,-0.002912944182753563,0.7568934559822083,0.39464324712753296,-0.02132394164800644,0.7892806529998779,0.3621569573879242,-0.040140602737665176,0.812909722328186,0.32595062255859375,-0.0506136529147625,0.7154937386512756,0.4667205214500427,0.02606385201215744,0.7552837133407593,0.4351935386657715,0.01649320311844349,0.775364339351654,0.41372817754745483,0.00956154614686966,0.7922850847244263,0.38987550139427185,0.006147137843072414
0.6608655452728271,0.6190182566642761,1.758163392651113e-07,0.6281783580780029,0.5978991985321045,-0.0332418717443943,0.6075969338417053,0.5375106930732727,-0.05190562456846237,0.6165001392364502,0.4774444103240967,-0.06765628606081009,0.6350739002227783,0.4278697073459625,-0.08037275820970535,0.5915542244911194,0.4356365501880646,-0.021777214482426643,0.5804786086082458,0.3681323826313019,-0.056948043406009674,0.5993947386741638,0.3753850758075714,-0.08676918596029282,0.6188713908195496,0.3992389738559723,-0.10254300385713577,0.6255282163619995,0.4177051782608032,-0.018176471814513206,0.6208401322364807,0.34058231115341187,-0.03527560830116272,0.6263502240180969,0.2990571856498718,-0.05387292802333832,0.6308823823928833,0.2594529986381531,-0.06847591698169708,0.6572102904319763,0.42269331216812134,-0.020928306505084038,0.6547661423683167,0.3510841727256775,-0.03584594652056694,0.653741717338562,0.3042806386947632,-0.04905543103814125,0.6518166661262512,0.2610815465450287,-0.05914555862545967,0.6867635250091553,0.44427117705345154,-0.02721394971013069,0.6827359199523926,0.38719722628593445,-0.03656360134482384,0.6786694526672363,0.35172510147094727,-0.04034465551376343,0.6744145750999451,0.3195004165172577,-0.04363233596086502
0.6459032297134399,0.6296584010124207,7.412668878714612e-08,0.6034224033355713,0.5909004807472229,-0.02541293017566204,0.5690181851387024,0.5345206260681152,-0.04489950090646744,0.5434397459030151,0.48546329140663147,-0.06514399498701096,0.5331088304519653,0.4336918890476227,-0.08354605734348297,0.5889756083488464,0.4352684020996094,-0.011721749790012836,0.566789448261261,0.3728417158126831,-0.04949601739645004,0.5532074570655823,0.3820085823535919,-0.08107437193393707,0.5483937859535217,0.40187567472457886,-0.09830603003501892,0.6179316639900208,0.41926437616348267,-0.015401527285575867,0.5921921730041504,0.3339771032333374,-0.037451133131980896,0.5743584632873535,0.2793094217777252,-0.05796254053711891,0.5599839687347412,0.23007044196128845,-0.07269132882356644,0.6524732112884521,0.42522138357162476,-0.02566066011786461,0.6382677555084229,0.3401838541030884,-0.04667631536722183,0.627590000629425,0.2852131128311157,-0.06072107329964638,0.6164206266403198,0.2346041351556778,-0.0699322298169136,0.6882686614990234,0.44965317845344543,-0.038761816918849945,0.6874532699584961,0.3839610517024994,-0.05384865775704384,0.6840843558311462,0.3393123149871826,-0.05942510440945625,0.6785290837287903,0.2974362075328827,-0.06292606890201569
0.6519685387611389,0.6363529562950134,2.6505022177047977e-08,0.6073766350746155,0.5918802618980408,-0.020952509716153145,0.5707702040672302,0.5338910222053528,-0.04011169448494911,0.5398552417755127,0.49040305614471436,-0.06073671951889992,0.518213152885437,0.4435780644416809,-0.08047280460596085,0.6072190403938293,0.4349067509174347,-0.014364262111485004,0.578295111656189,0.37791699171066284,-0.05658205598592758,0.5526136159896851,0.39050012826919556,-0.0917535126209259,0.5368239283561707,0.4155404269695282,-0.11038301885128021,0.6350648999214172,0.4223523736000061,-0.02131110616028309,0.612051248550415,0.3281240463256836,-0.04674519971013069,0.5960493683815002,0.26836028695106506,-0.06787285953760147,0.5839969515800476,0.21493370831012726,-0.082238107919693,0.6689547300338745,0.434235155582428,-0.034335214644670486,0.6624166965484619,0.3437430262565613,-0.05796239152550697,0.6563056707382202,0.2856614589691162,-0.07203049212694168,0.6490516662597656,0.23141075670719147,-0.08022921532392502,0.7036228775978088,0.46731331944465637,-0.04961968958377838,0.7099561095237732,0.3982340693473816,-0.06577996909618378,0.7103548645973206,0.35049623250961304,-0.0694170743227005,0.7070270776748657,0.3042517900466919,-0.07084586471319199
0.660551130771637,0.6453404426574707,3.740570164723067e-08,0.6142650842666626,0.59477299451828,-0.017903300002217293,0.5776494741439819,0.5325655937194824,-0.03647761791944504,0.5449329614639282,0.4890442192554474,-0.05717850849032402,0.519882082939148,0.4446904957294464,-0.07784879952669144,0.6197887659072876,0.4361346662044525,-0.013931462541222572,0.5842330455780029,0.3823810815811157,-0.056732114404439926,0.5537651777267456,0.3959449827671051,-0.09312870353460312,0.5353659391403198,0.42061543464660645,-0.11290295422077179,0.6477803587913513,0.4241912364959717,-0.02313329465687275,0.6272873878479004,0.3275822103023529,-0.04814431816339493,0.6137561798095703,0.26510369777679443,-0.06904543191194534,0.6048111319541931,0.21021267771720886,-0.08367475867271423,0.681138277053833,0.4400681257247925,-0.03816010430455208,0.681476891040802,0.3453522324562073,-0.06149806082248688,0.6797040700912476,0.28510528802871704,-0.07510620355606079,0.677233099937439,0.22951652109622955,-0.0834210216999054,0.7133588194847107,0.4791094660758972,-0.05520113185048103,0.7255704998970032,0.40985316038131714,-0.07186660170555115,0.7297601103782654,0.3598804473876953,-0.07489975541830063,0.7298954725265503,0.31087714433670044,-0.0761142373085022
0.6651219725608826,0.6625824570655823,2.131366727553541e-08,0.6183014512062073,0.6090373396873474,-0.014602531678974628,0.5819944739341736,0.5450255870819092,-0.031801145523786545,0.5475094318389893,0.5018929243087769,-0.0514557920396328,0.5201985836029053,0.4602419137954712,-0.07157228142023087,0.6266007423400879,0.4494491219520569,-0.014194995164871216,0.5861786007881165,0.3965221047401428,-0.05452188476920128,0.5538685321807861,0.4128284454345703,-0.08849475532770157,0.5357314944267273,0.43727216124534607,-0.10723810642957687,0.6556034684181213,0.43736618757247925,-0.025063659995794296,0.6340381503105164,0.3403891324996948,-0.0513424351811409,0.6205886602401733,0.27678680419921875,-0.07249131053686142,0.6119052767753601,0.22082678973674774,-0.08717197924852371,0.6881173253059387,0.4549007713794708,-0.04092276468873024,0.6943680047988892,0.3588486611843109,-0.06602152436971664,0.6967533230781555,0.29702550172805786,-0.08054445683956146,0.6976795792579651,0.23936046659946442,-0.08914576470851898,0.7175954580307007,0.4959730803966522,-0.05803730711340904,0.7347099184989929,0.4266936480998993,-0.07542837411165237,0.742401659488678,0.3759094476699829,-0.07843421399593353,0.7461230754852295,0.3260183334350586,-0.07970298826694489
0.6546415090560913,0.6399345993995667,-3.7404241481908684e-08,0.6047314405441284,0.5826175212860107,-0.0076329754665493965,0.5713769197463989,0.5158050060272217,-0.020397434011101723,0.5409103035926819,0.4699043035507202,-0.0372132733464241,0.5175309181213379,0.4241311550140381,-0.054703641682863235,0.6222675442695618,0.43075811862945557,-0.002857185434550047,0.5916513204574585,0.3761826455593109,-0.038948122411966324,0.5575356483459473,0.3873646855354309,-0.07132872939109802,0.5348676443099976,0.40791866183280945,-0.09002268314361572,0.6467331647872925,0.4240364730358124,-0.017053205519914627,0.6315271258354187,0.3300548493862152,-0.03926735743880272,0.6163870692253113,0.2698180675506592,-0.059718430042266846,0.6052124500274658,0.21684925258159637,-0.0750645250082016,0.6722666621208191,0.44121670722961426,-0.03618674352765083,0.6744499802589417,0.35127776861190796,-0.05754733085632324,0.6709235906600952,0.2931782007217407,-0.07188636809587479,0.6671014428138733,0.23882964253425598,-0.08151496946811676,0.6956215500831604,0.4769740104675293,-0.056580983102321625,0.7039612531661987,0.40854930877685547,-0.07218325138092041,0.7050470113754272,0.36082783341407776,-0.07642955332994461,0.7035474181175232,0.31421342492103577,-0.0794524997472763
0.6005747318267822,0.5880271792411804,-7.562228887536548e-08,0.5559473037719727,0.5398604869842529,-0.006601505912840366,0.5244911909103394,0.48182517290115356,-0.015774410218000412,0.4955611228942871,0.4430234730243683,-0.02873929776251316,0.4710104465484619,0.40727171301841736,-0.04178902506828308,0.5671115517616272,0.40570878982543945,0.004811879247426987,0.535185694694519,0.35912758111953735,-0.023830002173781395,0.5034738779067993,0.3691229522228241,-0.05076106637716293,0.48216402530670166,0.38674092292785645,-0.066072978079319,0.584690272808075,0.3953567147254944,-0.005483413580805063,0.5659439563751221,0.31611841917037964,-0.021699491888284683,0.5475152730941772,0.26473933458328247,-0.03741016611456871,0.5329281091690063,0.220211461186409,-0.049233753234148026,0.6067813634872437,0.4037860333919525,-0.02052445523440838,0.6024768948554993,0.32551294565200806,-0.03505914285778999,0.5943330526351929,0.2749856114387512,-0.04528983682394028,0.5854271054267883,0.2303342968225479,-0.052162863314151764,0.628239631652832,0.42792969942092896,-0.03719174116849899,0.6310186982154846,0.3672158718109131,-0.04733874276280403,0.6269619464874268,0.3231948912143707,-0.04990878328680992,0.6193350553512573,0.2821614742279053,-0.05173400416970253
0.5186259746551514,0.5418518781661987,-1.135720637535087e-07,0.47013482451438904,0.5120419859886169,0.000383705657441169,0.4361167252063751,0.4654904007911682,-0.004169478081166744,0.40480682253837585,0.43549859523773193,-0.013969776220619678,0.378807008266449,0.40704187750816345,-0.02303733490407467,0.46923473477363586,0.389016717672348,0.017331622540950775,0.4347713589668274,0.35259100794792175,-0.004822082817554474,0.40550559759140015,0.37053537368774414,-0.026383325457572937,0.3873164653778076,0.3943694829940796,-0.037418466061353683,0.4799850583076477,0.376153826713562,0.0073115043342113495,0.45549488067626953,0.31503942608833313,-0.0008567572222091258,0.4327874183654785,0.2776353359222412,-0.008604107424616814,0.4143487513065338,0.24473552405834198,-0.0143883116543293,0.49643540382385254,0.3758542537689209,-0.0074517205357551575,0.4816048741340637,0.31144440174102783,-0.012905572541058064,0.46833351254463196,0.2698836922645569,-0.014129283837974072,0.45645779371261597,0.23457930982112885,-0.01509921345859766,0.5119260549545288,0.3853450119495392,-0.024093616753816605,0.5030127167701721,0.3303329050540924,-0.026746932417154312,0.4935605227947235,0.2941320538520813,-0.024118028581142426,0.4828195571899414,0.2614058256149292,-0.021926715970039368
0.4332428276538849,0.4770181179046631,-9.490523211752588e-08,0.38278138637542725,0.44168418645858765,0.0073091634549200535,0.3495166599750519,0.3966619074344635,0.005793619900941849,0.32017040252685547,0.3667048513889313,-0.002229374134913087,0.2971828579902649,0.3330813944339752,-0.00930836983025074,0.387975811958313,0.3212355077266693,0.027878310531377792,0.3503757119178772,0.28530365228652954,0.006437007337808609,0.3177525997161865,0.2994624674320221,-0.016894938424229622,0.2969647943973541,0.32061636447906494,-0.028702158480882645,0.3968798816204071,0.310152530670166,0.015281696803867817,0.3675546646118164,0.2470448911190033,0.009114141575992107,0.343759149312973,0.20885653793811798,0.0007555318297818303,0.3263545632362366,0.17383882403373718,-0.005579149350523949,0.4087444543838501,0.30940812826156616,-0.0019486788660287857,0.38786596059799194,0.24138548970222473,-0.004738824442028999,0.3719361424446106,0.19813208281993866,-0.004577460698783398,0.3605741262435913,0.16123174130916595,-0.004878414794802666,0.41797885298728943,0.31680330634117126,-0.02073509246110916,0.40692633390426636,0.2606668472290039,-0.020226716995239258,0.3966580629348755,0.22489739954471588,-0.015163611620664597,0.38584011793136597,0.19307008385658264,-0.011371229775249958
0.35928142070770264,0.4416172504425049,-1.3122945574650657e-07,0.3033984303474426,0.4039275348186493,0.02467036060988903,0.2702471613883972,0.35815081000328064,0.0303038302809,0.2378893494606018,0.3328535556793213,0.024596810340881348,0.21141815185546875,0.29949235916137695,0.018487082794308662,0.31186577677726746,0.28276997804641724,0.056385546922683716,0.2711634039878845,0.2535812258720398,0.0449456050992012,0.23816940188407898,0.26657959818840027,0.02777009829878807,0.21771560609340668,0.28555241227149963,0.01972818560898304,0.3211382329463959,0.2690041959285736,0.033527832478284836,0.28349533677101135,0.20212793350219727,0.039628587663173676,0.2555690407752991,0.1625119149684906,0.038206178694963455,0.23613479733467102,0.1306067556142807,0.03616611659526825,0.3308621644973755,0.26720941066741943,0.005991099402308464,0.29879236221313477,0.1948585957288742,0.011405674740672112,0.2735723555088043,0.1489243358373642,0.015571133233606815,0.2573489546775818,0.11597910523414612,0.017177440226078033,0.33410269021987915,0.2711605727672577,-0.022236311808228493,0.3120226562023163,0.21714498102664948,-0.018064500764012337,0.295891672372818,0.1799895316362381,-0.010995672084391117,0.2818659245967865,0.1493675261735916,-0.005984154064208269
0.31947189569473267,0.4290000796318054,-1.0898136082460042e-07,0.23917481303215027,0.37703970074653625,0.0384388267993927,0.19193881750106812,0.3254958987236023,0.04345261678099632,0.15019243955612183,0.291801393032074,0.032974425703287125,0.1129128560423851,0.24937406182289124,0.020429611206054688,0.2423572540283203,0.22493204474449158,0.058365598320961,0.18268148601055145,0.18857192993164062,0.03850819543004036,0.14441952109336853,0.2148377001285553,0.0133594935759902,0.1209535300731659,0.24502339959144592,4.0802853618515655e-05,0.2534288465976715,0.2177569419145584,0.02308896742761135,0.20026132464408875,0.12286706268787384,0.022604867815971375,0.16376645863056183,0.06938746571540833,0.013950241729617119,0.13963790237903595,0.027092263102531433,0.005786298308521509,0.26460570096969604,0.2298743575811386,-0.015793774276971817,0.2158963829278946,0.12723325192928314,-0.014781427569687366,0.18702580034732819,0.06546157598495483,-0.012348637916147709,0.1704789102077484,0.01802241802215576,-0.012799978256225586,0.26669150590896606,0.2487928569316864,-0.05407217890024185,0.23647451400756836,0.17162713408470154,-0.05344471335411072,0.21905027329921722,0.12031912803649902,-0.04588858410716057,0.20430117845535278,0.07502096891403198,-0.040797244757413864
0.38814210891723633,0.4511028230190277,-1.5843185963149153e-07,0.3116498589515686,0.4000556468963623,0.010113279335200787,0.2594710886478424,0.3341953754425049,0.007821246981620789,0.22068153321743011,0.29198765754699707,-0.0035262745805084705,0.18800732493400574,0.24786192178726196,-0.015360960736870766,0.3047159016132355,0.22737982869148254,0.03190859779715538,0.25639837980270386,0.18954560160636902,0.003592710243538022,0.22042207419872284,0.21090006828308105,-0.027875391766428947,0.1944502592086792,0.23564918339252472,-0.046364858746528625,0.32079988718032837,0.21712838113307953,0.00888882391154766,0.2794400155544281,0.12139229476451874,-0.004422816447913647,0.24357181787490845,0.06583817303180695,-0.022096021100878716,0.2150360643863678,0.018754780292510986,-0.03631271794438362,0.3378679156303406,0.2278689444065094,-0.019700247794389725,0.2992352247238159,0.1288604438304901,-0.03307164087891579,0.2670847177505493,0.07017488777637482,-0.044123392552137375,0.24280527234077454,0.022745519876480103,-0.052479375153779984,0.3492391109466553,0.2544695734977722,-0.049212612211704254,0.3228009045124054,0.17794856429100037,-0.058441657572984695,0.30007046461105347,0.1287568211555481,-0.05948811024427414,0.2776118218898773,0.08762969076633453,-0.061062660068273544
0.5022479891777039,0.4375593960285187,-2.9509891419365886e-07,0.4333884119987488,0.38585180044174194,0.018108893185853958,0.3877595365047455,0.32378628849983215,0.015461593866348267,0.35248714685440063,0.2837163209915161,0.0010642181150615215,0.3287951946258545,0.22976043820381165,-0.013504463247954845,0.4470055103302002,0.21815553307533264,0.04365283623337746,0.4041160047054291,0.1725827157497406,0.017366183921694756,0.3676837086677551,0.1846165657043457,-0.013171934522688389,0.33977606892585754,0.20611126720905304,-0.031380794942379,0.46897953748703003,0.20907361805438995,0.015401157550513744,0.43248122930526733,0.1271761655807495,8.912507473723963e-05,0.39919424057006836,0.08481712639331818,-0.019061099737882614,0.3704136312007904,0.05034862458705902,-0.031957026571035385,0.4884116053581238,0.2166506052017212,-0.01784772239625454,0.4539906680583954,0.12599754333496094,-0.030905278399586678,0.4228285253047943,0.07173885405063629,-0.036499250680208206,0.3994313180446625,0.024442583322525024,-0.03984271362423897,0.5016229748725891,0.23551614582538605,-0.05164891853928566,0.47465935349464417,0.16242510080337524,-0.060472555458545685,0.451049268245697,0.1176147311925888,-0.05689958110451698,0.430462121963501,0.07655054330825806,-0.05342738330364227
0.6564634442329407,0.5142118334770203,-2.199663384772066e-08,0.6019802689552307,0.4759758412837982,-0.01483591552823782,0.5606345534324646,0.40438181161880493,-0.02638404816389084,0.5303916335105896,0.346987247467041,-0.04114208742976189,0.5184080004692078,0.2862856090068817,-0.05438261851668358,0.5859089493751526,0.3038584589958191,0.006743889767676592,0.5602558255195618,0.23817867040634155,-0.026868604123592377,0.5389938354492188,0.23889687657356262,-0.0577126145362854,0.5254628658294678,0.24992886185646057,-0.07488077878952026,0.6115453839302063,0.2842177152633667,-0.0028678267262876034,0.5850492119789124,0.1849261373281479,-0.021942520514130592,0.5637362599372864,0.12138023972511292,-0.04162733256816864,0.5459470152854919,0.06517845392227173,-0.055640049278736115,0.6444298028945923,0.2865307927131653,-0.018959099426865578,0.6251318454742432,0.1913793534040451,-0.03656071424484253,0.6093438863754272,0.13382382690906525,-0.048253145068883896,0.5931051969528198,0.0814894586801529,-0.05581348016858101,0.6807025074958801,0.30647534132003784,-0.03772552311420441,0.666764497756958,0.2322959005832672,-0.04968428239226341,0.6547040939331055,0.184335857629776,-0.05184875801205635,0.6411113739013672,0.1407894790172577,-0.05304107442498207
0.7051156759262085,0.5629346370697021,1.7329117696363028e-08,0.6535338759422302,0.5206230878829956,-0.019481278955936432,0.6137944459915161,0.45245951414108276,-0.035240672528743744,0.5853601694107056,0.39121490716934204,-0.05421862006187439,0.5905018448829651,0.3291076421737671,-0.07047531753778458,0.6304789185523987,0.34650272130966187,0.005081246607005596,0.6091697216033936,0.2680608034133911,-0.03318209573626518,0.6015676856040955,0.2811351418495178,-0.06712599098682404,0.603447437286377,0.3041083812713623,-0.08533977717161179,0.6610715389251709,0.3267427682876587,-0.002121115103363991,0.6385218501091003,0.22669173777103424,-0.021189158782362938,0.6220803260803223,0.16430148482322693,-0.0413668118417263,0.6093477010726929,0.10789479315280914,-0.05647043138742447,0.6975330114364624,0.32930997014045715,-0.016999302431941032,0.6791020035743713,0.23616375029087067,-0.03378552570939064,0.6645734906196594,0.18122528493404388,-0.044926803559064865,0.6493323445320129,0.13065749406814575,-0.052503813058137894,0.7366107702255249,0.34915247559547424,-0.03525532782077789,0.7209532856941223,0.27360033988952637,-0.04570510610938072,0.7070269584655762,0.22752581536769867,-0.04748255014419556,0.6915810108184814,0.18512213230133057,-0.0486491434276104
0.7685295343399048,0.6145240068435669,4.510403073254565e-08,0.7125647068023682,0.5705044269561768,-0.020940357819199562,0.6694623827934265,0.49350860714912415,-0.036213185638189316,0.6439966559410095,0.42379167675971985,-0.054257430136203766,0.6484660506248474,0.3562394976615906,-0.06941583752632141,0.6814924478530884,0.3895230293273926,0.001625453936867416,0.6577975749969482,0.30213844776153564,-0.03792603686451912,0.6540601253509521,0.31335145235061646,-0.07130386680364609,0.658715009689331,0.3365545868873596,-0.08835970610380173,0.7150192260742188,0.3686278164386749,-0.004802830517292023,0.6908215284347534,0.2626873254776001,-0.024316180497407913,0.672971248626709,0.1978607177734375,-0.04379582032561302,0.6575677990913391,0.13880684971809387,-0.05762609466910362,0.7545143961906433,0.3714907467365265,-0.018817272037267685,0.7336479425430298,0.2726236581802368,-0.03593594953417778,0.7151559591293335,0.2147907316684723,-0.04688813537359238,0.69576096534729,0.1610000878572464,-0.05393748730421066,0.7966161370277405,0.39224642515182495,-0.03623846918344498,0.7807749509811401,0.3155127465724945,-0.04725206643342972,0.7655187249183655,0.2680348753929138,-0.04881419986486435,0.7491633892059326,0.22471843659877777,-0.049167830497026443
0.8282460570335388,0.6840218901634216,-1.1665648891323599e-08,0.7659451961517334,0.6385534405708313,-0.022919438779354095,0.7153586745262146,0.5534558296203613,-0.03892343491315842,0.6818158030509949,0.47790372371673584,-0.05826563388109207,0.682899534702301,0.404274582862854,-0.07389871776103973,0.7270420789718628,0.437256783246994,0.0038999835960566998,0.6990264654159546,0.33920449018478394,-0.03902740776538849,0.6941109299659729,0.35851043462753296,-0.0752122700214386,0.6982431411743164,0.3857172727584839,-0.09411724656820297,0.7646036744117737,0.41520118713378906,-0.0035726060159504414,0.7342687249183655,0.30214402079582214,-0.026285842061042786,0.712913453578949,0.2345348447561264,-0.04937217757105827,0.6943031549453735,0.170329749584198,-0.06582260876893997,0.808640718460083,0.41793179512023926,-0.019533392041921616,0.7833378314971924,0.31039923429489136,-0.04113427922129631,0.7619566917419434,0.2483544796705246,-0.05567966401576996,0.7387287020683289,0.18962012231349945,-0.064691461622715,0.8557879328727722,0.438677042722702,-0.03895524889230728,0.8366397023200989,0.3542328476905823,-0.05400502681732178,0.8172848224639893,0.3019227385520935,-0.05840077996253967,0.7965592741966248,0.254425585269928,-0.06046031042933464
0.18869829177856445,0.6113392114639282,3.537406598752568e-07,0.2487475872039795,0.5920447707176208,-0.02608059160411358,0.29970583319664,0.5440679788589478,-0.03931521996855736,0.3328165113925934,0.48766398429870605,-0.0538950115442276,0.34819483757019043,0.42593953013420105,-0.0650680810213089,0.3160654902458191,0.42719948291778564,0.004227863624691963,0.35546162724494934,0.3554564118385315,-0.02865385264158249,0.35423988103866577,0.36750704050064087,-0.058355312794446945,0.3403712213039398,0.40071776509284973,-0.07143153250217438,0.2855274975299835,0.39669373631477356,0.0035811224952340126,0.3300468623638153,0.3140934109687805,-0.008772389963269234,0.3553013503551483,0.2638387084007263,-0.024153266102075577,0.37678584456443787,0.2236923724412918,-0.03505965694785118,0.24752458930015564,0.3850982189178467,-0.0054520657286047935,0.27890512347221375,0.3109845221042633,-0.01622295379638672,0.29999709129333496,0.2652943730354309,-0.02520347572863102,0.3198282718658447,0.23220092058181763,-0.031236300244927406,0.20019863545894623,0.38991138339042664,-0.018678976222872734,0.21642819046974182,0.3264376223087311,-0.024381430819630623,0.22805699706077576,0.2844823896884918,-0.02330004796385765,0.24187248945236206,0.2465398758649826,-0.02237437106668949
0.223119854927063,0.6084215641021729,4.659673038531764e-07,0.2710481584072113,0.5820541977882385,-0.04206330329179764,0.3067474961280823,0.5345675945281982,-0.06098641827702522,0.3267608880996704,0.4713025689125061,-0.0786466971039772,0.3449496030807495,0.40908241271972656,-0.09228626638650894,0.3380715548992157,0.41720089316368103,0.005530890543013811,0.3649787902832031,0.35333648324012756,-0.013831797055900097,0.3607410192489624,0.34193509817123413,-0.03424625098705292,0.34819310903549194,0.35090702772140503,-0.0429593101143837,0.30720674991607666,0.39262086153030396,0.016692399978637695,0.34315282106399536,0.3151557445526123,0.019549807533621788,0.3599889874458313,0.27075451612472534,0.015649303793907166,0.37907683849334717,0.23263151943683624,0.012770547531545162,0.27360981702804565,0.3862423300743103,0.018001552671194077,0.2991608679294586,0.32266736030578613,0.020753609016537666,0.31542956829071045,0.28115540742874146,0.02117151767015457,0.3321584463119507,0.2497159242630005,0.02085169404745102,0.23051024973392487,0.39322859048843384,0.012648043222725391,0.2375783920288086,0.33693069219589233,0.016498340293765068,0.2443796843290329,0.30044448375701904,0.021882442757487297,0.2542111277580261,0.2713686227798462,0.025914248079061508
0.24057845771312714,0.5969803333282471,3.5566225164984644e-07,0.2857683300971985,0.5709689855575562,-0.03179879114031792,0.3217836320400238,0.5242271423339844,-0.04682588949799538,0.34353193640708923,0.4669472277164459,-0.06202181428670883,0.36028265953063965,0.4096482992172241,-0.07413196563720703,0.3475981056690216,0.42101484537124634,0.0049543906934559345,0.3752470314502716,0.3595072031021118,-0.0169934444129467,0.3748604357242584,0.34571602940559387,-0.038348909467458725,0.3669290840625763,0.3502267003059387,-0.04873938858509064,0.3201032876968384,0.39718538522720337,0.008720981888473034,0.3518257737159729,0.32416418194770813,0.003096837317571044,0.36673247814178467,0.27918773889541626,-0.0067866831086575985,0.38327616453170776,0.23906877636909485,-0.013949180953204632,0.287598192691803,0.3912464380264282,0.004298540763556957,0.308131605386734,0.32875847816467285,-0.0017613961827009916,0.32286855578422546,0.28659313917160034,-0.007192172575742006,0.33854272961616516,0.2521840035915375,-0.011194366030395031,0.24680311977863312,0.3996851146221161,-0.005117838270962238,0.2507491111755371,0.34516534209251404,-0.009180247783660889,0.2566099762916565,0.30709174275398254,-0.008888776414096355,0.2657516300678253,0.272405743598938,-0.008584287017583847
0.2740623950958252,0.5883724689483643,1.8635087428719999e-07,0.31223931908607483,0.5631958842277527,-0.026169704273343086,0.3430183231830597,0.5192058682441711,-0.040409646928310394,0.3620572090148926,0.4680919051170349,-0.05501840263605118,0.3747377395629883,0.41793549060821533,-0.06726673990488052,0.36114034056663513,0.4224444627761841,-0.0009685890399850905,0.38032811880111694,0.369213342666626,-0.024477699771523476,0.38058173656463623,0.36079227924346924,-0.04538414627313614,0.3743310570716858,0.37313345074653625,-0.05586182326078415,0.33249637484550476,0.40017229318618774,-0.00029590120539069176,0.34762826561927795,0.3249826431274414,-0.010334979742765427,0.3505711555480957,0.28184008598327637,-0.021851975470781326,0.35445311665534973,0.24438391625881195,-0.029834285378456116,0.3023896813392639,0.3982672095298767,-0.006148491986095905,0.31220728158950806,0.3302639126777649,-0.016568856313824654,0.3179677128791809,0.28641846776008606,-0.024423163384199142,0.32537907361984253,0.2469215840101242,-0.02997639589011669,0.2683729827404022,0.4134643077850342,-0.015681471675634384,0.2686598002910614,0.3625665307044983,-0.024463264271616936,0.2712392807006836,0.32709217071533203,-0.027220232412219048,0.2767271101474762,0.2918671667575836,-0.02874772436916828
0.2798899710178375,0.5867401361465454,1.9106501270016452e-07,0.3139644265174866,0.5650219321250916,-0.029023177921772003,0.34472790360450745,0.5247785449028015,-0.04523328319191933,0.36582881212234497,0.48008570075035095,-0.06078017130494118,0.3762245178222656,0.43079674243927,-0.07390061765909195,0.368287056684494,0.4288049638271332,-0.006462178658694029,0.3858107626438141,0.3772434890270233,-0.029959505423903465,0.3839607536792755,0.36550354957580566,-0.05128699541091919,0.37611013650894165,0.37237513065338135,-0.06276297569274902,0.33991825580596924,0.40634363889694214,-0.004224746022373438,0.3530304431915283,0.3349548578262329,-0.015938356518745422,0.3546580672264099,0.29214179515838623,-0.029509320855140686,0.3579133450984955,0.2521039843559265,-0.03940623626112938,0.31049466133117676,0.4040546417236328,-0.008173772133886814,0.3213767409324646,0.3388214707374573,-0.019675390794873238,0.32731518149375916,0.29711753129959106,-0.029126280918717384,0.33358362317085266,0.25770804286003113,-0.036088816821575165,0.2782699465751648,0.4178560972213745,-0.015772301703691483,0.2841072976589203,0.3688983917236328,-0.024955810979008675,0.2896106243133545,0.3353264331817627,-0.02885645255446434,0.2970675230026245,0.30085182189941406,-0.03172415494918823
0.27944594621658325,0.57645583152771,3.685444838197327e-08,0.3250919282436371,0.5610969662666321,-0.01434771716594696,0.3652116358280182,0.5141013860702515,-0.02197803556919098,0.3879247307777405,0.4687125086784363,-0.031209496781229973,0.409171998500824,0.4351493716239929,-0.038817137479782104,0.36929580569267273,0.42247268557548523,-0.0007556555210612714,0.384770005941391,0.37173259258270264,-0.02668031118810177,0.3945060968399048,0.3798116445541382,-0.04907451570034027,0.3981025218963623,0.402994304895401,-0.06069205328822136,0.34511598944664,0.4008209705352783,-0.005284161772578955,0.35323724150657654,0.32242804765701294,-0.020406702533364296,0.3524996340274811,0.2727459669113159,-0.03518587350845337,0.3489186465740204,0.23280248045921326,-0.0449993833899498,0.32016777992248535,0.3984031081199646,-0.014357293955981731,0.32477813959121704,0.32577627897262573,-0.02801370434463024,0.32585182785987854,0.2794821858406067,-0.03645697608590126,0.32693859934806824,0.23764489591121674,-0.04160460829734802,0.29213666915893555,0.4114829897880554,-0.025712991133332253,0.2902784049510956,0.3577377498149872,-0.034960776567459106,0.29109111428260803,0.32252615690231323,-0.03681033477187157,0.2938944697380066,0.2870635390281677,-0.03740419074892998
0.2819148004055023,0.5708997249603271,-5.596182006684103e-08,0.33265501260757446,0.5534272789955139,-0.0010066996328532696,0.3753919005393982,0.4973071217536926,-0.004584925714880228,0.4050237834453583,0.4526483714580536,-0.013173982501029968,0.4339066743850708,0.4232107102870941,-0.02114628069102764,0.36446356773376465,0.4043314456939697,0.009415351785719395,0.3826792538166046,0.3508283197879791,-0.013074330985546112,0.4014870226383209,0.3691760003566742,-0.03331747651100159,0.41392165422439575,0.3981737196445465,-0.04445458576083183,0.34756192564964294,0.3918786644935608,-0.0026832178700715303,0.3493148386478424,0.30984896421432495,-0.014347056858241558,0.34689033031463623,0.25687652826309204,-0.02616157755255699,0.3385271430015564,0.2123199850320816,-0.03503157198429108,0.3290092945098877,0.3966480791568756,-0.018625549972057343,0.32727545499801636,0.31922662258148193,-0.027522314339876175,0.32693973183631897,0.26888540387153625,-0.03205319121479988,0.3237687945365906,0.222670316696167,-0.03641176223754883,0.3098987936973572,0.41567689180374146,-0.03634162247180939,0.3009778559207916,0.359855979681015,-0.04358624294400215,0.29634323716163635,0.32200145721435547,-0.04404794052243233,0.29174599051475525,0.28411048650741577,-0.04446910321712494
0.2797877788543701,0.5631433725357056,-1.9940994633316222e-08,0.3301839232444763,0.5450746417045593,-0.0011936163064092398,0.3740330636501312,0.49189305305480957,-0.0043402560986578465,0.40477803349494934,0.44883298873901367,-0.012565464712679386,0.43073219060897827,0.416117399930954,-0.02005303092300892,0.36212289333343506,0.39866629242897034,0.012276497669517994,0.38376396894454956,0.34986722469329834,-0.008654233068227768,0.4046291708946228,0.36704692244529724,-0.02817836031317711,0.41864949464797974,0.39448103308677673,-0.039070963859558105,0.3453872501850128,0.38501212000846863,0.0006419950514100492,0.3489723801612854,0.30709582567214966,-0.009661737829446793,0.3465644419193268,0.2542891502380371,-0.021062014624476433,0.33842340111732483,0.20898352563381195,-0.02969301864504814,0.327377587556839,0.3883877694606781,-0.014951309189200401,0.3276776671409607,0.31405332684516907,-0.022837363183498383,0.3282706141471863,0.26370424032211304,-0.026544921100139618,0.32576292753219604,0.21783965826034546,-0.030300816521048546,0.3092344403266907,0.4058259427547455,-0.032454632222652435,0.302219033241272,0.35097742080688477,-0.038954395800828934,0.2985020577907562,0.313121497631073,-0.038493506610393524,0.2948094606399536,0.2757568955421448,-0.03807792067527771
0.2802638113498688,0.5571017265319824,-6.7247469814901706e-09,0.32930582761764526,0.542111873626709,-0.006969900336116552,0.3724169433116913,0.4926750063896179,-0.012809078209102154,0.40277183055877686,0.44964638352394104,-0.02246960625052452,0.42897623777389526,0.4165811538696289,-0.031037116423249245,0.3644063472747803,0.4007547199726105,0.00579413678497076,0.3824051320552826,0.3447710871696472,-0.017983419820666313,0.39907321333885193,0.361512690782547,-0.038965024054050446,0.40920281410217285,0.3917612135410309,-0.050027940422296524,0.34488391876220703,0.3839605748653412,-0.002453119494020939,0.35110390186309814,0.3074350953102112,-0.014952996745705605,0.3502148687839508,0.25996747612953186,-0.02700718306005001,0.34435296058654785,0.22034290432929993,-0.03533891960978508,0.3238334059715271,0.3843453526496887,-0.015110756270587444,0.32477879524230957,0.3109177350997925,-0.024729030206799507,0.32621368765830994,0.2615165114402771,-0.029444387182593346,0.32607313990592957,0.21698015928268433,-0.03317085653543472,0.300898015499115,0.3990861475467682,-0.029946373775601387,0.2960582673549652,0.3456926941871643,-0.03656617924571037,0.2940855920314789,0.3084634840488434,-0.03646330162882805,0.2930794060230255,0.2720893621444702,-0.036086902022361755
0.2838438153266907,0.5624907612800598,3.4489708866658475e-08,0.3282910883426666,0.5468446016311646,-0.013577332720160484,0.36837533116340637,0.5028594136238098,-0.021529732272028923,0.3944840729236603,0.4604571461677551,-0.03165886178612709,0.4165998697280884,0.4268621504306793,-0.040029946714639664,0.3727435767650604,0.40897712111473083,0.001566826133057475,0.39228910207748413,0.350341796875,-0.025962362065911293,0.39992213249206543,0.36781734228134155,-0.050234612077474594,0.40137702226638794,0.40109506249427795,-0.06251244992017746,0.3486028015613556,0.3871166706085205,-0.0033897790126502514,0.36173880100250244,0.30983465909957886,-0.017123546451330185,0.3673585057258606,0.26310455799102783,-0.032425638288259506,0.3707513213157654,0.2237192988395691,-0.04351917281746864,0.3231877088546753,0.3854961693286896,-0.013385315425693989,0.33239224553108215,0.316128671169281,-0.02494056336581707,0.34017056226730347,0.2715027928352356,-0.03314264118671417,0.34854656457901,0.23061199486255646,-0.039191752672195435,0.2949531078338623,0.3986336886882782,-0.025872863829135895,0.2996872067451477,0.3467062711715698,-0.033212218433618546,0.3039173483848572,0.3120166063308716,-0.03405285254120827,0.30982327461242676,0.277544766664505,-0.034604113548994064
0.2724749743938446,0.5548233985900879,2.2613178884967056e-07,0.31082281470298767,0.5397676825523376,-0.03529728949069977,0.3409738540649414,0.5027763247489929,-0.05449884384870529,0.35663869976997375,0.45695969462394714,-0.07244491577148438,0.36298108100891113,0.40554267168045044,-0.08755014836788177,0.36388903856277466,0.40068319439888,-0.01368318684399128,0.3836226463317871,0.3432491719722748,-0.044293537735939026,0.37319034337997437,0.3468371033668518,-0.07067830860614777,0.3560858368873596,0.3667708933353424,-0.08364842087030411,0.33830609917640686,0.3780534267425537,-0.00839261058717966,0.3617689609527588,0.305859237909317,-0.021884329617023468,0.37257900834083557,0.2602669596672058,-0.035704392939805984,0.385353147983551,0.21538834273815155,-0.04564352706074715,0.3112557530403137,0.3742944896221161,-0.01042237225919962,0.3312154710292816,0.31414633989334106,-0.02131037227809429,0.34450632333755493,0.2710275650024414,-0.029290471225976944,0.3581392168998718,0.23115238547325134,-0.034997180104255676,0.2795763611793518,0.38454267382621765,-0.017117761075496674,0.29301461577415466,0.33691835403442383,-0.02356954663991928,0.3054126501083374,0.30403390526771545,-0.02453823946416378,0.31966596841812134,0.27255502343177795,-0.025329846888780594
0.26535436511039734,0.5533241629600525,2.7299319071971695e-07,0.3046584725379944,0.5330284237861633,-0.039370231330394745,0.3336300551891327,0.4922243058681488,-0.06048286333680153,0.3473610281944275,0.4421560764312744,-0.07995256781578064,0.34455230832099915,0.38498198986053467,-0.09666813910007477,0.3522454500198364,0.3875233232975006,-0.013971689157187939,0.36712613701820374,0.3283805847167969,-0.043189968913793564,0.35426104068756104,0.3297170400619507,-0.06873708963394165,0.3359871208667755,0.3496812582015991,-0.08112960308790207,0.32477807998657227,0.36777517199516296,-0.0068651591427624226,0.3453943431377411,0.2916247844696045,-0.017636658623814583,0.3539837896823883,0.24484723806381226,-0.029294420033693314,0.365153044462204,0.19936858117580414,-0.03784254193305969,0.2968466579914093,0.36647021770477295,-0.007707103621214628,0.3138714134693146,0.303695946931839,-0.016276130452752113,0.32462090253829956,0.2593863010406494,-0.022465212270617485,0.33530089259147644,0.21964797377586365,-0.027155887335538864,0.26432740688323975,0.3790690302848816,-0.013879300095140934,0.27587762475013733,0.32788556814193726,-0.019050071015954018,0.2863798439502716,0.2919779419898987,-0.019258424639701843,0.2979391813278198,0.2582261264324188,-0.019615184515714645
0.25296714901924133,0.550929844379425,2.1675452899216907e-07,0.2896105945110321,0.532879650592804,-0.04143825173377991,0.3194153904914856,0.4887586236000061,-0.06476893275976181,0.33168283104896545,0.4390801787376404,-0.0858941301703453,0.32115763425827026,0.3833905756473541,-0.10456396639347076,0.33172982931137085,0.3759849965572357,-0.02639017626643181,0.3453623354434967,0.3153018653392792,-0.06128091365098953,0.32924723625183105,0.32162368297576904,-0.09001323580741882,0.3095778822898865,0.3430159091949463,-0.1051417738199234,0.3025372326374054,0.3541123867034912,-0.02117474377155304,0.3169499933719635,0.2721075117588043,-0.04067395627498627,0.31981590390205383,0.22041055560112,-0.05926916003227234,0.3258373737335205,0.1676662117242813,-0.07307283580303192,0.272732138633728,0.35442841053009033,-0.02314894087612629,0.2849010229110718,0.2804614305496216,-0.04055749624967575,0.29143932461738586,0.23028884828090668,-0.05380816385149956,0.2992219030857086,0.1829833835363388,-0.06331810355186462,0.23966488242149353,0.37056466937065125,-0.02976127155125141,0.2489001303911209,0.3127341866493225,-0.041748084127902985,0.2565608322620392,0.2721862196922302,-0.04716206341981888,0.2662696838378906,0.23306219279766083,-0.051659878343343735
0.24798238277435303,0.5508182048797607,2.8486545033956645e-07,0.28195807337760925,0.5353469848632812,-0.060589101165533066,0.3072313964366913,0.49062326550483704,-0.09316913038492203,0.3165702223777771,0.44332951307296753,-0.12027396261692047,0.306257963180542,0.38755831122398376,-0.14456002414226532,0.32407262921333313,0.36943519115448,-0.04557054489850998,0.33179983496665955,0.30373480916023254,-0.0838698223233223,0.30943605303764343,0.31229087710380554,-0.11507920175790787,0.284427285194397,0.3370248079299927,-0.13168315589427948,0.2920432984828949,0.351528525352478,-0.03195350989699364,0.3038659393787384,0.2634308934211731,-0.05173399671912193,0.3046800196170807,0.20886743068695068,-0.0709451362490654,0.3097960948944092,0.15176191926002502,-0.08611175417900085,0.2610202729701996,0.3538517355918884,-0.027141837403178215,0.27343860268592834,0.2777175009250641,-0.04441951960325241,0.2799987196922302,0.22426393628120422,-0.06032995134592056,0.2875884473323822,0.17413482069969177,-0.07284267991781235,0.22845685482025146,0.37014225125312805,-0.028726188465952873,0.23675231635570526,0.3104066252708435,-0.040851857513189316,0.2442621886730194,0.268766850233078,-0.04884334281086922,0.25344836711883545,0.22844451665878296,-0.05649758502840996
0.23695814609527588,0.5622518658638,2.235615852441697e-07,0.2764885127544403,0.5433253049850464,-0.052583713084459305,0.30551445484161377,0.49516066908836365,-0.08151868730783463,0.3154463768005371,0.4426923990249634,-0.10689865797758102,0.3029644191265106,0.3831005394458771,-0.1295338273048401,0.31133100390434265,0.3774851858615875,-0.036192040890455246,0.32373887300491333,0.30995917320251465,-0.07644836604595184,0.3049886226654053,0.32630404829978943,-0.10878530889749527,0.2838062644004822,0.35852494835853577,-0.12516628205776215,0.28015029430389404,0.35896459221839905,-0.026502085849642754,0.2940290570259094,0.26912522315979004,-0.04732472822070122,0.29323187470436096,0.21415448188781738,-0.06681479513645172,0.2955314815044403,0.15687862038612366,-0.0813489630818367,0.2497570961713791,0.36039167642593384,-0.02545296773314476,0.2634592056274414,0.28303325176239014,-0.04262183979153633,0.2701939642429352,0.22749336063861847,-0.057154588401317596,0.2771584689617157,0.1756332516670227,-0.06811584532260895,0.2165706306695938,0.37696030735969543,-0.030280081555247307,0.22594678401947021,0.31685158610343933,-0.041580215096473694,0.2335151582956314,0.2727207541465759,-0.047651395201683044,0.24228861927986145,0.23033618927001953,-0.0532778725028038
0.7119753956794739,0.5497522354125977,1.7683710495930427e-07,0.6563965082168579,0.5220177173614502,-0.02113942801952362,0.6117507219314575,0.4521634578704834,-0.03614749759435654,0.5849793553352356,0.38584110140800476,-0.05309078097343445,0.5859957337379456,0.3230492174625397,-0.06707102805376053,0.6185768246650696,0.34337180852890015,0.002002711407840252,0.5931830406188965,0.2647682726383209,-0.03359584882855415,0.5897877216339111,0.277910053730011,-0.06504184007644653,0.5932092666625977,0.306029736995697,-0.08090364933013916,0.6503986716270447,0.31757912039756775,-0.00260166241787374,0.6319217085838318,0.2128123790025711,-0.019480424001812935,0.6210522055625916,0.14896510541439056,-0.037247709929943085,0.6120415329933167,0.09278464317321777,-0.04941360652446747,0.6887460947036743,0.3163548409938812,-0.0143746891990304,0.6696088314056396,0.21969734132289886,-0.029252760112285614,0.6540152430534363,0.1569553017616272,-0.0398724302649498,0.6389201283454895,0.10118094086647034,-0.04659833014011383,0.7299644351005554,0.3335842490196228,-0.029341816902160645,0.7144803404808044,0.26049572229385376,-0.03827877715229988,0.7010602951049805,0.21310731768608093,-0.03853575512766838,0.6872689127922058,0.1709602028131485,-0.03808507323265076
0.7160764932632446,0.611721396446228,2.0856062121765717e-07,0.6514964699745178,0.5814319252967834,-0.031515706330537796,0.5913900136947632,0.49602532386779785,-0.05137372016906738,0.5568916201591492,0.4094240069389343,-0.0722217708826065,0.5785662531852722,0.3359737992286682,-0.08857563883066177,0.6068345904350281,0.37084823846817017,-0.0018917989218607545,0.5797762274742126,0.2739199995994568,-0.0444505549967289,0.5853484272956848,0.2998805344104767,-0.07995757460594177,0.5945913791656494,0.33231663703918457,-0.0976041927933693,0.64853435754776,0.33949679136276245,-0.0036789420992136,0.6301435232162476,0.2163681834936142,-0.02501014992594719,0.618640661239624,0.1446048617362976,-0.04570234566926956,0.6057724356651306,0.07772183418273926,-0.059392061084508896,0.6948128938674927,0.3396121859550476,-0.014747830107808113,0.672899067401886,0.22768057882785797,-0.034356098622083664,0.6552838087081909,0.15597626566886902,-0.04867016151547432,0.6372836232185364,0.09232541918754578,-0.05691678449511528,0.742994487285614,0.35876110196113586,-0.029848167672753334,0.7256109714508057,0.27049535512924194,-0.04035486280918121,0.7101266384124756,0.21594978868961334,-0.04273494333028793,0.693645179271698,0.1676519215106964,-0.04365033656358719
0.7017049193382263,0.6616690158843994,1.811419991781804e-07,0.6327258348464966,0.6168151497840881,-0.03577934950590134,0.574398934841156,0.528007984161377,-0.05908070504665375,0.5403721928596497,0.44119277596473694,-0.08371059596538544,0.5525115132331848,0.3558650612831116,-0.1039702445268631,0.582561194896698,0.3912443220615387,-0.0034245874267071486,0.558122992515564,0.2878687381744385,-0.053652893751859665,0.5585073232650757,0.32124772667884827,-0.09656604379415512,0.5657756328582764,0.36547842621803284,-0.11846528202295303,0.6282385587692261,0.3593047261238098,-0.005586362909525633,0.6118062138557434,0.22674554586410522,-0.028956400230526924,0.5980870723724365,0.1506967544555664,-0.05437683314085007,0.584352970123291,0.07760614156723022,-0.07327845692634583,0.6788502931594849,0.3603288531303406,-0.01836928352713585,0.6616274118423462,0.24056178331375122,-0.040115922689437866,0.644656240940094,0.16636885702610016,-0.05737053602933884,0.6248563528060913,0.09574738144874573,-0.06920867413282394,0.7312254905700684,0.3843062222003937,-0.03578052669763565,0.7176086902618408,0.291195809841156,-0.04926557466387749,0.703880250453949,0.2336808294057846,-0.05313996970653534,0.6866252422332764,0.18016064167022705,-0.055887315422296524
0.6916779279708862,0.6982870101928711,1.9128189876482793e-07,0.6192643046379089,0.6532257199287415,-0.03275707736611366,0.5584821701049805,0.5640143156051636,-0.05448239669203758,0.5223178267478943,0.47224190831184387,-0.07839170843362808,0.531161904335022,0.3796673119068146,-0.09729120880365372,0.5651397109031677,0.42694514989852905,0.007003266829997301,0.5379395484924316,0.3245258033275604,-0.03927291929721832,0.534886360168457,0.35234206914901733,-0.08070158213376999,0.5403660535812378,0.3894762098789215,-0.1017322912812233,0.6076552867889404,0.39370158314704895,0.004242331720888615,0.5830548405647278,0.25775718688964844,-0.013361041434109211,0.5657576322555542,0.17897137999534607,-0.034436121582984924,0.5510882139205933,0.10539531707763672,-0.05048796907067299,0.6574054956436157,0.3921518921852112,-0.00957519095391035,0.6325128078460693,0.27253639698028564,-0.024719327688217163,0.6124034523963928,0.19938872754573822,-0.03691329434514046,0.5919191241264343,0.13226932287216187,-0.0460633859038353,0.7111681699752808,0.4125277101993561,-0.028595542535185814,0.6890027523040771,0.3223910927772522,-0.035723116248846054,0.6712408661842346,0.26724979281425476,-0.03525795787572861,0.6521956920623779,0.21682105958461761,-0.035387370735406876
0.695368230342865,0.707648515701294,2.3445079477824038e-07,0.6265695095062256,0.6641545295715332,-0.034323956817388535,0.5685445666313171,0.580589234828949,-0.05896468460559845,0.532024085521698,0.49259814620018005,-0.08599569648504257,0.5418694615364075,0.40275877714157104,-0.10838064551353455,0.571953535079956,0.4387280344963074,0.004334127996116877,0.5439944863319397,0.335973858833313,-0.043446242809295654,0.5400104522705078,0.3614300489425659,-0.08554026484489441,0.5453566312789917,0.39684978127479553,-0.10683762282133102,0.6136809587478638,0.4069787561893463,0.0012667340924963355,0.5877501964569092,0.2719040513038635,-0.017209969460964203,0.5714598298072815,0.19239908456802368,-0.03831176459789276,0.5580232739448547,0.11665016412734985,-0.05439745634794235,0.662708580493927,0.40657877922058105,-0.013204241171479225,0.6398722529411316,0.287342369556427,-0.02926863729953766,0.6206514835357666,0.21395599842071533,-0.04318583384156227,0.6003541946411133,0.1460871398448944,-0.0536251924932003,0.715246319770813,0.4273069202899933,-0.03298239782452583,0.6945146918296814,0.3372824788093567,-0.041540659964084625,0.6770142316818237,0.28166770935058594,-0.04346199333667755,0.6576550006866455,0.2304510623216629,-0.045444149523973465
0.6658105254173279,0.7078403234481812,1.2802921389720723e-07,0.5903984308242798,0.6593109369277954,-0.027340615168213844,0.5286930203437805,0.5752162337303162,-0.04602932557463646,0.4899561405181885,0.49314767122268677,-0.06792967766523361,0.5024678707122803,0.4122183620929718,-0.08642753958702087,0.5461801290512085,0.44843724370002747,0.00873636920005083,0.519832968711853,0.3536067306995392,-0.03728969395160675,0.5089523792266846,0.3739982843399048,-0.0784841924905777,0.5067512392997742,0.40564030408859253,-0.10058385878801346,0.5862654447555542,0.41786521673202515,0.0026612866204231977,0.5608124136924744,0.2939384877681732,-0.018745606765151024,0.5412220358848572,0.2198224514722824,-0.04227150231599808,0.523970901966095,0.14950785040855408,-0.0599486269056797,0.6345587372779846,0.41517502069473267,-0.013548873364925385,0.6084851622581482,0.2989542484283447,-0.03406902402639389,0.5877852439880371,0.2273494452238083,-0.04840096831321716,0.5666147470474243,0.16158422827720642,-0.05820925906300545,0.6862845420837402,0.4349536597728729,-0.03398330509662628,0.665353536605835,0.34881389141082764,-0.046277742832899094,0.6486939191818237,0.2956279218196869,-0.048095401376485825,0.6304658055305481,0.24638423323631287,-0.049533531069755554
0.5462847948074341,0.7211182117462158,-3.5541332099597867e-09,0.4771672785282135,0.6912309527397156,-0.01828313060104847,0.4129364490509033,0.6164809465408325,-0.033392276614904404,0.3680090010166168,0.5532673597335815,-0.052615560591220856,0.3689398169517517,0.482333779335022,-0.06960602104663849,0.4373999536037445,0.4917868673801422,0.01074071042239666,0.40000882744789124,0.42251694202423096,-0.027889573946595192,0.3773500323295593,0.43515872955322266,-0.0629105493426323,0.3686346411705017,0.45833244919776917,-0.08201914280653,0.4662005305290222,0.46273574233055115,0.0008827302372083068,0.4247981607913971,0.35480964183807373,-0.016748182475566864,0.3956548571586609,0.29034286737442017,-0.03419266268610954,0.37386569380760193,0.23517468571662903,-0.04679485782980919,0.505919337272644,0.46041542291641235,-0.01743881218135357,0.471828818321228,0.3588952422142029,-0.03382517397403717,0.4453974664211273,0.2983209490776062,-0.04293697699904442,0.4207543134689331,0.24585220217704773,-0.04909193515777588,0.5493261814117432,0.4786631464958191,-0.03940265253186226,0.5251042246818542,0.39814049005508423,-0.04992375150322914,0.5052398443222046,0.34782975912094116,-0.050209593027830124,0.4833122193813324,0.301185667514801,-0.05027687922120094
0.5992136001586914,0.683463454246521,6.316929201943822e-09,0.5294459462165833,0.6455161571502686,-0.017332209274172783,0.4740569591522217,0.5559180974960327,-0.02786259539425373,0.43674755096435547,0.47850659489631653,-0.04209538549184799,0.4229094088077545,0.4001850187778473,-0.053580835461616516,0.4999155104160309,0.44576284289360046,0.015600115992128849,0.46657031774520874,0.3648165464401245,-0.019153356552124023,0.4417208731174469,0.3729369640350342,-0.05202694237232208,0.4290703535079956,0.3930085301399231,-0.07022979855537415,0.5291938185691833,0.4191685616970062,0.006977269425988197,0.4945472180843353,0.30910468101501465,-0.0073592704720795155,0.46956920623779297,0.23934735357761383,-0.024580057710409164,0.451774001121521,0.1780151128768921,-0.03822247311472893,0.5690750479698181,0.41911718249320984,-0.01023719273507595,0.5417547821998596,0.31012940406799316,-0.024525675922632217,0.5195523500442505,0.24521222710609436,-0.03443189337849617,0.49832382798194885,0.18710440397262573,-0.04233720898628235,0.613190770149231,0.43756556510925293,-0.031097056344151497,0.593689501285553,0.3566216230392456,-0.042929455637931824,0.5760507583618164,0.30330875515937805,-0.045602038502693176,0.5564822554588318,0.25285887718200684,-0.04781650751829147
0.6924722790718079,0.6682920455932617,1.1717573045189056e-07,0.6193161010742188,0.6257829666137695,-0.021157387644052505,0.5634589791297913,0.5279790759086609,-0.03153691068291664,0.5350980758666992,0.43445587158203125,-0.04524260014295578,0.5411654114723206,0.3519870638847351,-0.056180886924266815,0.5837655663490295,0.4312555193901062,0.019751857966184616,0.5585468411445618,0.3490268588066101,-0.011586518958210945,0.5470893383026123,0.34518834948539734,-0.041139017790555954,0.5440797805786133,0.35054102540016174,-0.058025747537612915,0.6197814345359802,0.40084823966026306,0.012766042724251747,0.5884487628936768,0.2905164957046509,-0.003446102375164628,0.5645667314529419,0.22179119288921356,-0.022669717669487,0.5446838140487671,0.15994828939437866,-0.0362735390663147,0.6644924879074097,0.3957170844078064,-0.002943523460999131,0.6312235593795776,0.2880995273590088,-0.02224167250096798,0.6071950793266296,0.22368064522743225,-0.03484014421701431,0.5834985375404358,0.16626045107841492,-0.04255395010113716,0.7141198515892029,0.4081348478794098,-0.022021489217877388,0.6903576850891113,0.33009636402130127,-0.03605693206191063,0.6713039875030518,0.28089162707328796,-0.0392821840941906,0.6505469679832458,0.23632435500621796,-0.04103035852313042
0.7520871758460999,0.6462730765342712,1.5410483911182382e-07,0.6854950785636902,0.5859530568122864,-0.021206406876444817,0.6423766613006592,0.4851185083389282,-0.032966576516628265,0.616761326789856,0.39426881074905396,-0.048691459000110626,0.6224110126495361,0.31300321221351624,-0.06132912635803223,0.6573288440704346,0.3928758502006531,0.02130560576915741,0.6379585862159729,0.3029016852378845,-0.015769146382808685,0.632328987121582,0.3068919777870178,-0.05092162638902664,0.6333416104316711,0.3221730887889862,-0.06979101896286011,0.6956563591957092,0.3661004900932312,0.014483865350484848,0.6736411452293396,0.24419845640659332,-0.002077621640637517,0.6561919450759888,0.16879965364933014,-0.02369055151939392,0.640593409538269,0.10088115930557251,-0.03932623192667961,0.7409496307373047,0.366255521774292,-0.001693292404524982,0.7202562093734741,0.25211983919143677,-0.01888420432806015,0.7029656767845154,0.184647798538208,-0.031766485422849655,0.6842219829559326,0.12546944618225098,-0.040065694600343704,0.7896291017532349,0.3853629529476166,-0.021668873727321625,0.7727352976799011,0.29977691173553467,-0.03199117258191109,0.7579090595245361,0.24638916552066803,-0.03315059095621109,0.7405604720115662,0.19776158034801483,-0.03384954109787941
0.7698453664779663,0.6297611594200134,2.460575672103005e-07,0.7053870558738708,0.5695320963859558,-0.02224159613251686,0.6657628417015076,0.46662890911102295,-0.03106766752898693,0.6494694948196411,0.37175583839416504,-0.04259122908115387,0.652741551399231,0.2864428460597992,-0.05205183103680611,0.6825194358825684,0.38310033082962036,0.02106914483010769,0.6710105538368225,0.3020511269569397,-0.007159611210227013,0.6697938442230225,0.28287357091903687,-0.03661766275763512,0.6731768846511841,0.26867997646331787,-0.054721467196941376,0.7198650240898132,0.3581041097640991,0.014923742972314358,0.7011075615882874,0.23911719024181366,-0.00146872503682971,0.6862393617630005,0.16243506968021393,-0.024376709014177322,0.6724038124084473,0.09230419993400574,-0.04102052003145218,0.761908233165741,0.3597460091114044,0.0004001777560915798,0.7434346079826355,0.2489985078573227,-0.019260546192526817,0.7293562293052673,0.17975963652133942,-0.035431791096925735,0.7144845724105835,0.11999496817588806,-0.045566171407699585,0.8073648810386658,0.3778812885284424,-0.01748237945139408,0.7922893762588501,0.29194095730781555,-0.03123069927096367,0.7796891927719116,0.23789411783218384,-0.03585469350218773,0.7649567127227783,0.1889406144618988,-0.03903268277645111
0.7487872242927551,0.6325528621673584,1.5124514618491958e-07,0.6849554777145386,0.5756654739379883,-0.02095610648393631,0.6468852758407593,0.47793489694595337,-0.03261762484908104,0.6294137239456177,0.3889528810977936,-0.04813772067427635,0.6378722190856934,0.3136160671710968,-0.06079697236418724,0.6642619371414185,0.3912728726863861,0.01838839426636696,0.6532554626464844,0.3021528422832489,-0.018651563674211502,0.6546836495399475,0.3085671365261078,-0.052408330142498016,0.6593753099441528,0.32651838660240173,-0.06976261734962463,0.7011189460754395,0.36791524291038513,0.011334029957652092,0.6858108043670654,0.24988116323947906,-0.006015745457261801,0.6727567911148071,0.1783856302499771,-0.026418685913085938,0.6600054502487183,0.11437839269638062,-0.04062551259994507,0.7433342337608337,0.37008190155029297,-0.004914931487292051,0.7285346984863281,0.2598026990890503,-0.023093394935131073,0.7167412042617798,0.1945856660604477,-0.03511067107319832,0.7017432451248169,0.13745176792144775,-0.042277492582798004,0.7881317138671875,0.39020836353302,-0.024770401418209076,0.7768190503120422,0.30549100041389465,-0.03509106487035751,0.7670438289642334,0.2544429302215576,-0.03538614511489868,0.7540393471717834,0.20896533131599426,-0.03522241860628128
0.6966500282287598,0.6471961140632629,1.5506751083194104e-07,0.6337288618087769,0.593042254447937,-0.0181654654443264,0.5934755802154541,0.504338800907135,-0.028677048161625862,0.5710974335670471,0.4232674241065979,-0.042706940323114395,0.5836778879165649,0.35500800609588623,-0.05467209964990616,0.6109374165534973,0.42160990834236145,0.019121745601296425,0.5970091819763184,0.34488096833229065,-0.012975811026990414,0.5899245142936707,0.3375539183616638,-0.04425663873553276,0.5877647399902344,0.34188076853752136,-0.061560533940792084,0.6435171365737915,0.39764612913131714,0.012679162435233593,0.6277700066566467,0.2891693711280823,-0.001963274087756872,0.6138160228729248,0.2235942780971527,-0.01972726359963417,0.6010119915008545,0.16512459516525269,-0.03243480995297432,0.6838898658752441,0.39637282490730286,-0.0019045594381168485,0.6657406687736511,0.2919536828994751,-0.017161604017019272,0.6529306769371033,0.2292744666337967,-0.026951268315315247,0.6391466856002808,0.17486494779586792,-0.0329815112054348,0.7273367643356323,0.41295284032821655,-0.01985316351056099,0.7134648561477661,0.3342936336994171,-0.028294425457715988,0.7029745578765869,0.2877342700958252,-0.027913741767406464,0.6902573108673096,0.24782836437225342,-0.027482789009809494
0.6000593900680542,0.7550143003463745,3.813022075860317e-08,0.5491653084754944,0.6957220435142517,-0.011168484576046467,0.5155606269836426,0.6234905123710632,-0.022080043330788612,0.49118557572364807,0.5622183084487915,-0.03821174055337906,0.4958113431930542,0.5043985247612,-0.05338893458247185,0.5436456203460693,0.5398915410041809,0.021876251325011253,0.5267634987831116,0.47540169954299927,-0.011287439614534378,0.511489987373352,0.47835615277290344,-0.04458471015095711,0.503386378288269,0.49330222606658936,-0.06334781646728516,0.5692946910858154,0.5278842449188232,0.012740891426801682,0.5550282001495361,0.43880826234817505,-0.003221520222723484,0.5419726967811584,0.3838665783405304,-0.022657595574855804,0.5317932963371277,0.3353041410446167,-0.03705966845154762,0.6011174321174622,0.5338118672370911,-0.0036917554680258036,0.5866339206695557,0.44651052355766296,-0.017788100987672806,0.5747601985931396,0.3929029107093811,-0.026448555290699005,0.5630857944488525,0.34476372599601746,-0.03241841867566109,0.6339773535728455,0.5572943687438965,-0.023093024268746376,0.6241886019706726,0.49032819271087646,-0.030838437378406525,0.6167540550231934,0.4458453059196472,-0.03034910187125206,0.6087748408317566,0.4041922688484192,-0.030089309439063072
0.5423340797424316,0.7164891362190247,2.8822421782592755e-08,0.500927209854126,0.667254626750946,-0.015683988109230995,0.4699022173881531,0.6036932468414307,-0.0279675479978323,0.4463433027267456,0.5477772355079651,-0.04303691163659096,0.4486173093318939,0.4937029480934143,-0.055983077734708786,0.49307653307914734,0.5204144716262817,0.009313136339187622,0.48064112663269043,0.4555811583995819,-0.023366866633296013,0.46643969416618347,0.4677274823188782,-0.05295983701944351,0.45910149812698364,0.49246513843536377,-0.06844470649957657,0.518276572227478,0.5085611939430237,0.004625534638762474,0.5083513259887695,0.42579320073127747,-0.00946686789393425,0.49675002694129944,0.375904381275177,-0.02414689213037491,0.4869615435600281,0.33223438262939453,-0.03485441952943802,0.5487068891525269,0.5162888169288635,-0.0070305815897881985,0.5404499173164368,0.4349573254585266,-0.01929689198732376,0.5311405658721924,0.3854181170463562,-0.025814902037382126,0.5215257406234741,0.3405779004096985,-0.030151790007948875,0.5790377855300903,0.5398634672164917,-0.021656233817338943,0.5741416811943054,0.47828230261802673,-0.02936067432165146,0.5679299235343933,0.4391842484474182,-0.02916833944618702,0.5614073872566223,0.4022713601589203,-0.02849952131509781
0.43397656083106995,0.7073742151260376,-4.394566843757275e-08,0.3942975401878357,0.6595777273178101,-0.01029275543987751,0.3708600699901581,0.5971794128417969,-0.01893419213593006,0.3534373641014099,0.5448720455169678,-0.030969815328717232,0.35322773456573486,0.4967174828052521,-0.04188092052936554,0.4075862765312195,0.5271859765052795,0.011815117672085762,0.39518216252326965,0.4683932065963745,-0.016446737572550774,0.3739839196205139,0.471966952085495,-0.042889226227998734,0.3603214621543884,0.48843520879745483,-0.05707721784710884,0.42762258648872375,0.5185612440109253,0.005520368926227093,0.41992688179016113,0.4421066641807556,-0.007377412635833025,0.4065822660923004,0.3942411541938782,-0.02137349173426628,0.3948395848274231,0.3535346984863281,-0.03168242797255516,0.4519229233264923,0.5270947217941284,-0.006674840115010738,0.4484727382659912,0.45166265964508057,-0.01798156462609768,0.4400099813938141,0.40469062328338623,-0.025252994149923325,0.4305720329284668,0.36341437697410583,-0.030215909704566002,0.47510799765586853,0.5498874187469482,-0.021224642172455788,0.4742635190486908,0.4930853843688965,-0.028414055705070496,0.4689445495605469,0.45605921745300293,-0.02911846898496151,0.46188756823539734,0.422056645154953,-0.02940233051776886
0.38247939944267273,0.7307992577552795,-7.450768890748805e-08,0.34074828028678894,0.6922708749771118,-0.012264975346624851,0.31247782707214355,0.6243667602539062,-0.020251300185918808,0.29500991106033325,0.569688618183136,-0.030508190393447876,0.2866166830062866,0.5222645401954651,-0.03972306475043297,0.3511533737182617,0.5485831499099731,0.004983037710189819,0.33219560980796814,0.49036794900894165,-0.02037617191672325,0.3115171194076538,0.48998188972473145,-0.043827030807733536,0.29642271995544434,0.4987667500972748,-0.0570388101041317,0.3740088939666748,0.5385157465934753,-0.0017771059647202492,0.35739028453826904,0.45750659704208374,-0.016715768724679947,0.34394532442092896,0.4075690507888794,-0.03180767968297005,0.33307814598083496,0.3638324737548828,-0.04237869381904602,0.39994263648986816,0.5475525259971619,-0.013736030086874962,0.39027878642082214,0.4683663249015808,-0.02855207771062851,0.38070985674858093,0.41744285821914673,-0.0386890210211277,0.3714500963687897,0.3710029721260071,-0.04487777501344681,0.42582541704177856,0.5711501240730286,-0.02770482562482357,0.4198308289051056,0.5088890194892883,-0.03864644467830658,0.41312533617019653,0.4678574502468109,-0.041863687336444855,0.40496817231178284,0.42939016222953796,-0.04351052641868591
0.34952589869499207,0.7083830833435059,-5.2373625436530347e-08,0.3056305944919586,0.6643266081809998,-0.010130423121154308,0.27523255348205566,0.5926850438117981,-0.018118612468242645,0.2527838945388794,0.5387383699417114,-0.029443176463246346,0.2473495900630951,0.4913173019886017,-0.03991607949137688,0.31529247760772705,0.5103904008865356,0.009824845008552074,0.29308372735977173,0.4494132995605469,-0.01872188411653042,0.26694393157958984,0.44128352403640747,-0.04525088146328926,0.24831146001815796,0.4455742835998535,-0.05969232693314552,0.3378743827342987,0.49924978613853455,0.001542682875879109,0.31870561838150024,0.4126545190811157,-0.013598605059087276,0.2993858754634857,0.3581010699272156,-0.02891048975288868,0.28280627727508545,0.311572790145874,-0.03930756449699402,0.36585360765457153,0.5066867470741272,-0.012470894493162632,0.35452061891555786,0.4195491075515747,-0.026791291311383247,0.34065142273902893,0.3671620488166809,-0.035522863268852234,0.3272797763347626,0.32016798853874207,-0.04062914475798607,0.3937239646911621,0.5287982821464539,-0.02871493250131607,0.38627105951309204,0.46210983395576477,-0.038595620542764664,0.37676382064819336,0.41997626423835754,-0.040298257023096085,0.3655911087989807,0.3800220489501953,-0.04072980955243111
0.29425981640815735,0.696673572063446,-6.851004030750119e-08,0.2369406521320343,0.6441671848297119,-0.014149357564747334,0.19229617714881897,0.5737079381942749,-0.025879748165607452,0.1580352932214737,0.5133646726608276,-0.04134783148765564,0.14735588431358337,0.4499988257884979,-0.05506407096982002,0.23647809028625488,0.4773348569869995,0.013751685619354248,0.20664629340171814,0.4063953459262848,-0.02151079848408699,0.17100583016872406,0.4080691635608673,-0.05433838441967964,0.14602160453796387,0.42610251903533936,-0.07163377106189728,0.26075682044029236,0.4616619646549225,0.006566982716321945,0.23524218797683716,0.3660411238670349,-0.010406840592622757,0.2106562852859497,0.3068552613258362,-0.026994483545422554,0.18994520604610443,0.2559354901313782,-0.0380488820374012,0.29313334822654724,0.4647078514099121,-0.008107335306704044,0.27253660559654236,0.37149494886398315,-0.023340508341789246,0.2555486857891083,0.31151282787323,-0.03023264929652214,0.23986250162124634,0.2599736154079437,-0.0334140919148922,0.32737141847610474,0.484228253364563,-0.02584073506295681,0.31322428584098816,0.410382479429245,-0.035399094223976135,0.30182501673698425,0.3637845516204834,-0.03418523073196411,0.28950434923171997,0.32185688614845276,-0.03186170011758804
0.33891695737838745,0.6873321533203125,-7.673533275465161e-08,0.2754676640033722,0.6402628421783447,-0.013171269558370113,0.2257138341665268,0.5522136092185974,-0.019477520138025284,0.19763141870498657,0.48171302676200867,-0.029464052990078926,0.17706355452537537,0.41756442189216614,-0.03748838230967522,0.26045581698417664,0.4531293511390686,0.01694771647453308,0.2317412942647934,0.3794861435890198,-0.009562299586832523,0.20240673422813416,0.3727189004421234,-0.035878170281648636,0.1785918027162552,0.37944337725639343,-0.051402077078819275,0.2884414792060852,0.4351971745491028,0.0076779453083872795,0.2584705054759979,0.3375611901283264,-0.0066492585465312,0.23035301268100739,0.27880653738975525,-0.024577468633651733,0.20495818555355072,0.22901597619056702,-0.03792976215481758,0.3233095407485962,0.43877920508384705,-0.008370017632842064,0.3012397885322571,0.3410343527793884,-0.02426784113049507,0.2801312506198883,0.2853882610797882,-0.03583114594221115,0.25759831070899963,0.23877111077308655,-0.043625060468912125,0.3634512722492218,0.4571347236633301,-0.027131689712405205,0.35064497590065,0.38033705949783325,-0.03988127410411835,0.3354590833187103,0.33261385560035706,-0.04375699907541275,0.3147036135196686,0.29162609577178955,-0.046277306973934174
0.43989911675453186,0.6729669570922852,-1.0536500560931472e-08,0.37580499053001404,0.6244713664054871,-0.013038518838584423,0.32875582575798035,0.5336710214614868,-0.02232685312628746,0.29751187562942505,0.4567810297012329,-0.03632510080933571,0.3025140166282654,0.385804682970047,-0.04805591329932213,0.35107529163360596,0.43564510345458984,0.020113421604037285,0.3286212086677551,0.3528527617454529,-0.015636542811989784,0.31565555930137634,0.3580228090286255,-0.04899456351995468,0.3120062053203583,0.3775631785392761,-0.06701118499040604,0.3812941908836365,0.41587767004966736,0.009946604259312153,0.35518109798431396,0.3116142153739929,-0.006651222240179777,0.3328968286514282,0.24824215471744537,-0.02581205405294895,0.3146206736564636,0.19333001971244812,-0.03954349458217621,0.42029428482055664,0.4186473488807678,-0.008164472877979279,0.39806801080703735,0.3158528804779053,-0.024114664644002914,0.3794819414615631,0.2553119659423828,-0.03381655365228653,0.3608614206314087,0.19972646236419678,-0.04030065983533859,0.4620305001735687,0.4398081302642822,-0.02935335971415043,0.4459887742996216,0.36113402247428894,-0.040247052907943726,0.4336187541484833,0.3123720586299896,-0.0406213253736496,0.4208276569843292,0.2654429078102112,-0.040479905903339386
0.5022487640380859,0.6732867956161499,1.394540589672033e-07,0.44668132066726685,0.6201680302619934,-0.025752650573849678,0.40601232647895813,0.5222315788269043,-0.03786211833357811,0.38254112005233765,0.43338558077812195,-0.05242197960615158,0.39472106099128723,0.35683897137641907,-0.06337171792984009,0.42470261454582214,0.4338659942150116,0.01931132934987545,0.41087427735328674,0.3518145680427551,-0.013303585350513458,0.4063560664653778,0.3555198311805725,-0.04478715732693672,0.4071456789970398,0.3666388690471649,-0.06215493381023407,0.4587004780769348,0.4136289358139038,0.01665927842259407,0.4415132999420166,0.30742570757865906,0.0023511224426329136,0.42740365862846375,0.23989728093147278,-0.01743810437619686,0.41539275646209717,0.1748579442501068,-0.031959086656570435,0.49794715642929077,0.4197450876235962,0.004665003158152103,0.4842342734336853,0.31967437267303467,-0.010100443847477436,0.4720189571380615,0.2594943940639496,-0.021719181910157204,0.45819544792175293,0.20374539494514465,-0.029276955872774124,0.5383810997009277,0.4426872134208679,-0.011572198942303658,0.5249567627906799,0.36541882157325745,-0.019846051931381226,0.5129129886627197,0.31713056564331055,-0.021007124334573746,0.49989861249923706,0.2705790102481842,-0.021848157048225403
0.5197843909263611,0.6922773122787476,9.256904576204761e-08,0.4654167592525482,0.6391981840133667,-0.022373946383595467,0.42892420291900635,0.5421480536460876,-0.03459673002362251,0.4086849093437195,0.4579305350780487,-0.05009354278445244,0.4170965254306793,0.380900502204895,-0.06231237202882767,0.44666239619255066,0.4526940584182739,0.01667645014822483,0.43253400921821594,0.36831897497177124,-0.01756777986884117,0.42849791049957275,0.3772995173931122,-0.04992298036813736,0.43191710114479065,0.3953307867050171,-0.06739141047000885,0.47999072074890137,0.43331876397132874,0.011507837101817131,0.4639712870121002,0.3252629041671753,-0.0039373221807181835,0.4494197964668274,0.25740355253219604,-0.02427428402006626,0.4376988112926483,0.19583213329315186,-0.039445556700229645,0.51750648021698,0.44043952226638794,-0.0025540071073919535,0.5070253610610962,0.3367876708507538,-0.017790846526622772,0.49447137117385864,0.27645087242126465,-0.03003663942217827,0.48066943883895874,0.22239601612091064,-0.03857555240392685,0.5555404424667358,0.46489599347114563,-0.02045874111354351,0.5473586320877075,0.3849075734615326,-0.02980852499604225,0.5368853807449341,0.3343261480331421,-0.03193950280547142,0.5248791575431824,0.2875906825065613,-0.03370709344744682
0.5207704901695251,0.76271653175354,7.87807223900927e-08,0.46944132447242737,0.7079982757568359,-0.021711645647883415,0.4362785816192627,0.6212643384933472,-0.03593301400542259,0.41763079166412354,0.5428317785263062,-0.05334949120879173,0.4268418550491333,0.4738754332065582,-0.06780937314033508,0.4543660283088684,0.5228779911994934,0.010779846459627151,0.44298630952835083,0.4332493543624878,-0.025057515129446983,0.4360152781009674,0.44083020091056824,-0.05758604407310486,0.4356185495853424,0.45866501331329346,-0.07496888190507889,0.48768559098243713,0.5064682960510254,0.005401791073381901,0.47479379177093506,0.3968810439109802,-0.011768569238483906,0.4635448455810547,0.33208227157592773,-0.03151781111955643,0.45512112975120544,0.272897332906723,-0.0459648072719574,0.525263249874115,0.514137327671051,-0.00830883253365755,0.5180427432060242,0.412468820810318,-0.02475663460791111,0.5094352960586548,0.35169804096221924,-0.03681951388716698,0.4988134205341339,0.2970691919326782,-0.044915758073329926,0.5633420944213867,0.539058268070221,-0.025640960782766342,0.5582462549209595,0.45871272683143616,-0.035870280116796494,0.5500962138175964,0.40914106369018555,-0.03810178115963936,0.5392221808433533,0.3641570210456848,-0.03959891200065613
0.5218387246131897,0.8145668506622314,7.185024486489056e-08,0.4733990728855133,0.7639089822769165,-0.022126035764813423,0.44272810220718384,0.6871522665023804,-0.03849560767412186,0.4245416224002838,0.618248462677002,-0.05723452940583229,0.43421539664268494,0.5530655384063721,-0.07360558211803436,0.47120463848114014,0.5827344655990601,0.0028147725388407707,0.46232208609580994,0.4980827271938324,-0.031956784427165985,0.450370192527771,0.4969632625579834,-0.06362631916999817,0.44461411237716675,0.5091556310653687,-0.08118744939565659,0.5024609565734863,0.5719677209854126,-0.0026044805999845266,0.49275386333465576,0.4702664315700531,-0.019973302260041237,0.48161062598228455,0.40858012437820435,-0.03958681598305702,0.4723335802555084,0.35321491956710815,-0.05448927357792854,0.5365733504295349,0.583855152130127,-0.01549671869724989,0.5311211943626404,0.4868101477622986,-0.03063899651169777,0.5225883722305298,0.42853212356567383,-0.04242110624909401,0.5129262208938599,0.37473803758621216,-0.05127593129873276,0.5702849626541138,0.6125072836875916,-0.03195395693182945,0.5650039911270142,0.5354496240615845,-0.042294323444366455,0.5577025413513184,0.48635077476501465,-0.045797210186719894,0.5488860607147217,0.44010791182518005,-0.04862689599394798
0.45693162083625793,0.8411875367164612,-4.410901510709664e-08,0.4031057059764862,0.792498767375946,-0.02051275223493576,0.3620004653930664,0.7183454036712646,-0.03575253114104271,0.3303917646408081,0.6543227434158325,-0.05373871326446533,0.3364286422729492,0.5927394032478333,-0.06914454698562622,0.3970220983028412,0.6104626655578613,0.0070197321474552155,0.3785707652568817,0.5318616032600403,-0.03138866648077965,0.3620917797088623,0.5407622456550598,-0.06593520939350128,0.3542991876602173,0.5648372173309326,-0.08457033336162567,0.4275572597980499,0.5956969857215881,0.002097076503559947,0.411506325006485,0.5014240741729736,-0.0170632004737854,0.39413630962371826,0.44462278485298157,-0.036528412252664566,0.3779242932796478,0.3956381380558014,-0.0508076548576355,0.4631480276584625,0.6039183139801025,-0.010873259045183659,0.45212066173553467,0.5099695920944214,-0.027493659406900406,0.4404943883419037,0.45219555497169495,-0.03803538531064987,0.4270918369293213,0.3998624384403229,-0.045095011591911316,0.49738529324531555,0.6313394904136658,-0.027223391458392143,0.4900009036064148,0.5572481751441956,-0.03789834305644035,0.4805591404438019,0.5103878974914551,-0.04023835062980652,0.46946796774864197,0.4663394093513489,-0.04151854291558266
0.40269821882247925,0.8589804768562317,-5.8154263626875036e-08,0.3511160612106323,0.8098328113555908,-0.022868143394589424,0.31453150510787964,0.7371073961257935,-0.03979772701859474,0.285060852766037,0.6756948232650757,-0.05906558036804199,0.2712489068508148,0.6157436370849609,-0.07573644816875458,0.34691110253334045,0.6313000917434692,0.0002672359987627715,0.3222411870956421,0.5539429783821106,-0.040363505482673645,0.3024929165840149,0.5747714042663574,-0.07551832497119904,0.2946562170982361,0.6061034202575684,-0.09405805170536041,0.3759951889514923,0.6176352500915527,-0.00477984081953764,0.3531813323497772,0.5196638107299805,-0.02471165359020233,0.3344072699546814,0.46197766065597534,-0.04394884780049324,0.31947457790374756,0.4083457291126251,-0.057963550090789795,0.4110596179962158,0.6270120739936829,-0.017869241535663605,0.3958306312561035,0.5305578112602234,-0.03591117262840271,0.3817877173423767,0.46960002183914185,-0.04679747298359871,0.36743929982185364,0.4115927815437317,-0.05397158861160278,0.445401668548584,0.6549259424209595,-0.0344335176050663,0.4353998601436615,0.5795941352844238,-0.046624574810266495,0.42466795444488525,0.530028223991394,-0.04903900623321533,0.4124399423599243,0.48260629177093506,-0.05019208416342735
0.3785824179649353,0.851210355758667,-5.499832766986401e-08,0.32397323846817017,0.8060811758041382,-0.02189342863857746,0.2852635085582733,0.7314774990081787,-0.03802186995744705,0.25498807430267334,0.6703560948371887,-0.05633900687098503,0.2348674237728119,0.609895646572113,-0.07262613624334335,0.32114455103874207,0.6277162432670593,-0.0009415335371159017,0.29295283555984497,0.5544986724853516,-0.040572430938482285,0.26634085178375244,0.5647607445716858,-0.07507363706827164,0.2518044710159302,0.587047278881073,-0.0939895436167717,0.3485357165336609,0.6130945086479187,-0.006906616967171431,0.3214452266693115,0.518473744392395,-0.02820095233619213,0.2984086573123932,0.4607337713241577,-0.048377618193626404,0.2798246443271637,0.4074133336544037,-0.06317894160747528,0.38233423233032227,0.6230668425559998,-0.020431477576494217,0.365374356508255,0.526296854019165,-0.040125809609889984,0.3495674431324005,0.4660940170288086,-0.051316216588020325,0.3336174786090851,0.40902918577194214,-0.05871298164129257,0.41597944498062134,0.6521121263504028,-0.03721356764435768,0.4041634500026703,0.5774908065795898,-0.051723700016736984,0.3914375305175781,0.5275709629058838,-0.0554022490978241,0.37707120180130005,0.4793802499771118,-0.057435669004917145
0.35161229968070984,0.7937099933624268,4.448688883940122e-08,0.29734811186790466,0.7584773898124695,-0.017186110839247704,0.2520255744457245,0.6908900737762451,-0.03125455975532532,0.21787473559379578,0.634836733341217,-0.04742903634905815,0.1988208293914795,0.5791460871696472,-0.06234496459364891,0.2784585654735565,0.5788701772689819,-0.002737099304795265,0.24433618783950806,0.5043184161186218,-0.03744884207844734,0.21626970171928406,0.491837739944458,-0.06728220731019974,0.19696345925331116,0.4927765429019928,-0.08329548686742783,0.3066953718662262,0.5582666397094727,-0.010776721872389317,0.27359768748283386,0.4550524950027466,-0.03186976909637451,0.24790804088115692,0.3943791687488556,-0.04996806010603905,0.2262878119945526,0.34274646639823914,-0.061479680240154266,0.3421002924442291,0.5597852468490601,-0.0246433112770319,0.31740260124206543,0.46094200015068054,-0.043524522334337234,0.2970450222492218,0.4011308550834656,-0.0527510792016983,0.27742621302604675,0.3468649387359619,-0.05754799768328667,0.38020214438438416,0.5800028443336487,-0.041099827736616135,0.3633812367916107,0.5021808743476868,-0.05304713547229767,0.34897714853286743,0.45515596866607666,-0.053300634026527405,0.33268117904663086,0.412428617477417,-0.05215419456362724
0.22260501980781555,0.7197939157485962,1.0087180868367795e-07,0.13782614469528198,0.6761950254440308,-0.005867338739335537,0.07906726002693176,0.5880711078643799,-0.00945710577070713,0.03502269089221954,0.5308063626289368,-0.01852354407310486,-0.0006167739629745483,0.47916603088378906,-0.02662482112646103,0.12401692569255829,0.4727601706981659,0.02543777786195278,0.07756039500236511,0.40412864089012146,-0.003859603777527809,0.03521491587162018,0.4064682126045227,-0.0334678515791893,0.004179060459136963,0.41856637597084045,-0.04973459616303444,0.15069280564785004,0.45179030299186707,0.011884425766766071,0.1060057133436203,0.3522012531757355,-0.001955732237547636,0.07154533267021179,0.2906249165534973,-0.017921270802617073,0.041975244879722595,0.23810845613479614,-0.028578178957104683,0.18616342544555664,0.45323920249938965,-0.008680489845573902,0.15172922611236572,0.3529667854309082,-0.022234151139855385,0.12577426433563232,0.2857714295387268,-0.030405865982174873,0.10084141045808792,0.22858542203903198,-0.03475002571940422,0.22560548782348633,0.4727987051010132,-0.031729891896247864,0.20113657414913177,0.389331579208374,-0.03981536254286766,0.1803402155637741,0.3352001905441284,-0.03795332834124565,0.15869082510471344,0.28605300188064575,-0.035446830093860626
0.19693607091903687,0.6582706570625305,4.1721047949749845e-08,0.11146746575832367,0.6164251565933228,-0.0019296722020953894,0.049451522529125214,0.5318821668624878,-0.002960667945444584,0.003894127905368805,0.47752854228019714,-0.010065197013318539,-0.03005632758140564,0.43447166681289673,-0.017422759905457497,0.0953407734632492,0.41937440633773804,0.02691720798611641,0.05092665180563927,0.345460444688797,0.001979950349777937,0.010135121643543243,0.32617974281311035,-0.024520372971892357,-0.02161101996898651,0.31918221712112427,-0.04049457237124443,0.12239041924476624,0.397956907749176,0.009714343585073948,0.07847799360752106,0.2895239591598511,-0.004274861421436071,0.04231216013431549,0.2202952653169632,-0.023193174973130226,0.012945190072059631,0.16446831822395325,-0.03702336177229881,0.1577330082654953,0.3989984691143036,-0.013713540509343147,0.12782418727874756,0.28773200511932373,-0.02839050069451332,0.10131561011075974,0.2201709747314453,-0.042203858494758606,0.07618284225463867,0.16346117854118347,-0.052246931940317154,0.19580936431884766,0.41702792048454285,-0.03903108462691307,0.18088901042938232,0.33427679538726807,-0.051445893943309784,0.16278080642223358,0.27915918827056885,-0.05637900531291962,0.1419498473405838,0.22899854183197021,-0.060349203646183014
0.10971435159444809,0.6486028432846069,3.0296740760604735e-07,0.02343161404132843,0.6137743592262268,-0.016223400831222534,-0.042948588728904724,0.5111587047576904,-0.025309288874268532,-0.07664785534143448,0.42491814494132996,-0.03728126361966133,-0.10020139068365097,0.3536575138568878,-0.049312107264995575,-0.012788861989974976,0.3381969630718231,-0.000653420458547771,-0.04261941462755203,0.21552281081676483,-0.023283278569579124,-0.06739406287670135,0.14043506979942322,-0.044447798281908035,-0.08473356813192368,0.07964843511581421,-0.06119845435023308,0.028868066146969795,0.31640705466270447,-0.01524216216057539,-0.005435463041067123,0.17849750816822052,-0.03970004990696907,-0.02882799506187439,0.0939890444278717,-0.06349794566631317,-0.04795260727405548,0.026898175477981567,-0.07930699735879898,0.07659995555877686,0.3193049430847168,-0.03448878228664398,0.04522585868835449,0.18313337862491608,-0.06078401580452919,0.024398598819971085,0.09768342971801758,-0.07780058681964874,0.00392458401620388,0.026355326175689697,-0.0884324386715889,0.12907390296459198,0.3448638617992401,-0.05591307953000069,0.11085614562034607,0.2322675585746765,-0.08088827133178711,0.0909372940659523,0.15616434812545776,-0.09105509519577026,0.06885704398155212,0.08870804309844971,-0.09659568220376968
0.15629923343658447,0.7469612956047058,2.5386603397237195e-07,0.05292712152004242,0.6722133159637451,0.039912670850753784,0.007946435362100601,0.545136570930481,0.062008365988731384,-0.006877202540636063,0.4438551366329193,0.06713501363992691,-0.026940371841192245,0.3642837107181549,0.07080107927322388,0.0022110305726528168,0.4149036407470703,0.09738380461931229,-0.036646272987127304,0.28200072050094604,0.09983275830745697,-0.06276509165763855,0.19485072791576385,0.08766266703605652,-0.07723267376422882,0.115416020154953,0.07489173859357834,0.029616326093673706,0.38913941383361816,0.056986287236213684,-0.020997580140829086,0.24284310638904572,0.05637405440211296,-0.04817800596356392,0.14273664355278015,0.03707573190331459,-0.06446570158004761,0.06265872716903687,0.021405957639217377,0.06562767922878265,0.38440632820129395,0.012508079409599304,0.014167048037052155,0.2369437962770462,0.0061867921613156796,-0.009897232055664062,0.14018836617469788,-0.0044290125370025635,-0.026920583099126816,0.0629410445690155,-0.014161870814859867,0.11257728934288025,0.3911956250667572,-0.03195801377296448,0.07171090692281723,0.2638823986053467,-0.03941604867577553,0.045347701758146286,0.18047918379306793,-0.04041023552417755,0.02204488031566143,0.10393160581588745,-0.043004341423511505
0.20549613237380981,0.8387792706489563,3.0287995400613e-07,0.09815088659524918,0.7968449592590332,0.0002433034242130816,0.007795356214046478,0.6833841800689697,0.00048541088472120464,-0.041413091123104095,0.5965240001678467,-0.007281757425516844,-0.07966835051774979,0.5244098901748657,-0.015627939254045486,0.014272637665271759,0.4718380272388458,0.03321802243590355,-0.03989120572805405,0.3383272886276245,0.017153238877654076,-0.07659222930669785,0.2597598731517792,-0.001918385038152337,-0.10304110497236252,0.19496193528175354,-0.017710885033011436,0.05877690017223358,0.4429325461387634,0.006736117415130138,-0.0044421181082725525,0.2936704158782959,-0.014401588588953018,-0.04366656392812729,0.20333492755889893,-0.03776315599679947,-0.0771612897515297,0.13331642746925354,-0.05229819938540459,0.11356965452432632,0.43563446402549744,-0.025470059365034103,0.04947059601545334,0.28524714708328247,-0.05300997197628021,0.008650548756122589,0.1894691288471222,-0.06991623342037201,-0.028451494872570038,0.10962748527526855,-0.0785871148109436,0.17496392130851746,0.45046356320381165,-0.05938272550702095,0.12687137722969055,0.3139309883117676,-0.08750282227993011,0.08813825249671936,0.2229575514793396,-0.0976739227771759,0.049117982387542725,0.14046984910964966,-0.10191082209348679
0.21376460790634155,0.9031754732131958,4.315401440635469e-07,0.10172207653522491,0.8509899377822876,-0.03224590793251991,-0.009627819061279297,0.7037529945373535,-0.052814047783613205,-0.07720039784908295,0.6045745015144348,-0.07831546664237976,-0.11888156831264496,0.5093227028846741,-0.10380563884973526,0.026073478162288666,0.46220025420188904,-0.0010222705313935876,-0.05335788428783417,0.3160075545310974,-0.038054730743169785,-0.1129549890756607,0.23124423623085022,-0.07388969510793686,-0.15698634088039398,0.15484529733657837,-0.10161808878183365,0.08750595897436142,0.42943713068962097,-0.025116313248872757,0.008141614496707916,0.24298539757728577,-0.062257520854473114,-0.04201843589544296,0.12180918455123901,-0.10137178003787994,-0.08113178610801697,0.019791603088378906,-0.1278211623430252,0.16007158160209656,0.43539896607398987,-0.05835749953985214,0.08406980335712433,0.25152772665023804,-0.10329945385456085,0.03427315130829811,0.12844514846801758,-0.13530398905277252,-0.010809369385242462,0.02181541919708252,-0.15505753457546234,0.23868079483509064,0.4722021520137787,-0.09557875990867615,0.19167742133140564,0.3229401707649231,-0.13632673025131226,0.15090936422348022,0.2195499837398529,-0.15460702776908875,0.10754002630710602,0.12562626600265503,-0.16594122350215912
0.27848225831985474,0.9020763635635376,2.0419523139025841e-07,0.15996885299682617,0.8518420457839966,-0.04254348203539848,0.044390372931957245,0.7113754749298096,-0.07025351375341415,-0.025011032819747925,0.6105643510818481,-0.09995955973863602,-0.061688438057899475,0.5289797186851501,-0.13044221699237823,0.09184937179088593,0.4437538981437683,-0.023006580770015717,0.012070886790752411,0.2957698702812195,-0.06958211213350296,-0.049611568450927734,0.21805444359779358,-0.11249189078807831,-0.10263390839099884,0.1490544080734253,-0.1443166434764862,0.1541949212551117,0.41177213191986084,-0.04207038879394531,0.08078288286924362,0.22330984473228455,-0.0850997343659401,0.025327041745185852,0.10906115174293518,-0.12585097551345825,-0.023069709539413452,0.008245289325714111,-0.15429551899433136,0.22612734138965607,0.42573532462120056,-0.07053008675575256,0.16341303288936615,0.23276671767234802,-0.11647286266088486,0.111835777759552,0.10929253697395325,-0.15010033547878265,0.06392108649015427,-0.002684652805328369,-0.17254561185836792,0.30555304884910583,0.4723767936229706,-0.10391157865524292,0.26838597655296326,0.31429409980773926,-0.14595675468444824,0.23013561964035034,0.2083589732646942,-0.16642814874649048,0.18911758065223694,0.10831987857818604,-0.1799667626619339
0.3186224102973938,0.8956242799758911,1.0535207195516705e-07,0.19778934121131897,0.8303931951522827,-0.037349846214056015,0.08800126612186432,0.6969559788703918,-0.06893736124038696,0.004559442400932312,0.6102392673492432,-0.10450071841478348,-0.0641067773103714,0.5379577875137329,-0.14136521518230438,0.14459672570228577,0.4438682198524475,-0.014407486654818058,0.06874622404575348,0.3135605752468109,-0.07511802762746811,0.01101800799369812,0.2748003602027893,-0.13181965053081512,-0.0375150591135025,0.2476274073123932,-0.16823428869247437,0.20358210802078247,0.40742653608322144,-0.037063006311655045,0.12605537474155426,0.21839025616645813,-0.08240815997123718,0.06561631709337234,0.10593307018280029,-0.1276583969593048,0.011994078755378723,0.006789147853851318,-0.15979692339897156,0.2773911952972412,0.41772428154945374,-0.0703577846288681,0.21971119940280914,0.21571654081344604,-0.1151852235198021,0.1729680746793747,0.08893641829490662,-0.14778724312782288,0.1287698596715927,-0.02735203504562378,-0.169782817363739,0.3594813346862793,0.46331578493118286,-0.10836128145456314,0.32677361369132996,0.30032747983932495,-0.14545901119709015,0.2947697043418884,0.18840759992599487,-0.1606646031141281,0.259178102016449,0.08070528507232666,-0.17101448774337769
0.40570563077926636,0.922935962677002,4.962573996181163e-08,0.28184083104133606,0.8602293729782104,-0.05473162978887558,0.16642317175865173,0.7162290811538696,-0.09909386187791824,0.07254809141159058,0.6136140823364258,-0.14599016308784485,-0.0021057873964309692,0.5043373107910156,-0.19247686862945557,0.22615282237529755,0.4619792103767395,-0.041572678834199905,0.14262676239013672,0.31116777658462524,-0.12945427000522614,0.07009957730770111,0.3195027709007263,-0.20594894886016846,0.01624181866645813,0.3509316146373749,-0.25048166513442993,0.28511449694633484,0.41773736476898193,-0.05903404578566551,0.2039034515619278,0.19963222742080688,-0.11704912036657333,0.13424569368362427,0.06856173276901245,-0.17445926368236542,0.07210363447666168,-0.05232268571853638,-0.21600548923015594,0.3623238503932953,0.4309532046318054,-0.0887860432267189,0.3013828694820404,0.20580703020095825,-0.14133556187152863,0.2523508369922638,0.06310033798217773,-0.1792321503162384,0.20441997051239014,-0.07049959897994995,-0.20570893585681915,0.4465947151184082,0.48418375849723816,-0.12436889857053757,0.4126560688018799,0.3153272867202759,-0.16511720418930054,0.37806206941604614,0.20008939504623413,-0.17951267957687378,0.34120339155197144,0.08958321809768677,-0.1894269436597824
0.4686571955680847,0.9781434535980225,-2.7849910821942103e-08,0.34751689434051514,0.9014993906021118,-0.05983239412307739,0.23681418597698212,0.7602607607841492,-0.10908161848783493,0.15512898564338684,0.6431650519371033,-0.16061022877693176,0.10611124336719513,0.5073077082633972,-0.2094314694404602,0.29460251331329346,0.5097444653511047,-0.045618537813425064,0.22301125526428223,0.34363996982574463,-0.1485375612974167,0.174446240067482,0.38129520416259766,-0.2345212996006012,0.150990828871727,0.4411843717098236,-0.28223279118537903,0.35904520750045776,0.4689645767211914,-0.06072570011019707,0.2832105755805969,0.2374906837940216,-0.12863107025623322,0.22163572907447815,0.09747225046157837,-0.19316516816616058,0.1671847403049469,-0.03648883104324341,-0.2388034611940384,0.43888455629348755,0.486479252576828,-0.08910564333200455,0.3855915665626526,0.25696852803230286,-0.1494511067867279,0.34174466133117676,0.1152004599571228,-0.1904706060886383,0.29638731479644775,-0.02042466402053833,-0.21732141077518463,0.5244941711425781,0.5484031438827515,-0.12332979589700699,0.5005938410758972,0.38094741106033325,-0.16725051403045654,0.4715562164783478,0.2677398920059204,-0.1812860369682312,0.4383866786956787,0.15805402398109436,-0.18946310877799988
0.48444557189941406,0.9940810203552246,2.005255623771518e-07,0.37297067046165466,0.9247733950614929,-0.0730045735836029,0.26423680782318115,0.7942997217178345,-0.1308780014514923,0.1785164326429367,0.6814056038856506,-0.19049005210399628,0.15146468579769135,0.5458880066871643,-0.2461055964231491,0.3039934039115906,0.5384323000907898,-0.04910935088992119,0.24209435284137726,0.36585772037506104,-0.15837600827217102,0.21423767507076263,0.4163646996021271,-0.24778948724269867,0.2125224620103836,0.4851241111755371,-0.2962639629840851,0.3746999502182007,0.4957859218120575,-0.059857483953237534,0.303297758102417,0.25829198956489563,-0.1279015988111496,0.24574750661849976,0.11148717999458313,-0.19500143826007843,0.1949630081653595,-0.03620350360870361,-0.243333637714386,0.4597230851650238,0.5099634528160095,-0.08633360266685486,0.41252976655960083,0.2788720428943634,-0.1461806744337082,0.37296658754348755,0.13779446482658386,-0.18912537395954132,0.33042582869529724,-0.0004999041557312012,-0.21793793141841888,0.5494344830513,0.5686852931976318,-0.12008345127105713,0.5266456007957458,0.400179386138916,-0.16143207252025604,0.5002583861351013,0.28825709223747253,-0.1754700094461441,0.47030824422836304,0.17701628804206848,-0.1845054179430008
0.4796425998210907,1.1265605688095093,2.614238496789767e-07,0.3730185329914093,1.0684080123901367,-0.10662239789962769,0.26394930481910706,0.9446960091590881,-0.18460536003112793,0.1882239580154419,0.8400352001190186,-0.2591618001461029,0.16208934783935547,0.7028036117553711,-0.32745975255966187,0.30868351459503174,0.644646167755127,-0.09729816764593124,0.2587680220603943,0.4466721713542938,-0.22300946712493896,0.2429877370595932,0.5419541597366333,-0.31938087940216064,0.2413727343082428,0.6346738934516907,-0.37066662311553955,0.3967031240463257,0.6082419157028198,-0.09675602614879608,0.3334728181362152,0.36033934354782104,-0.18174652755260468,0.2807087302207947,0.21651336550712585,-0.2604697644710541,0.22822991013526917,0.05719614028930664,-0.31734389066696167,0.49077022075653076,0.630202054977417,-0.11408018320798874,0.45277923345565796,0.3906780779361725,-0.19038933515548706,0.4143364727497101,0.2511294484138489,-0.24537669122219086,0.3683311939239502,0.1077161431312561,-0.28140151500701904,0.5841245651245117,0.6939636468887329,-0.14003489911556244,0.5654857158660889,0.5172865390777588,-0.19190853834152222,0.5412384867668152,0.40320342779159546,-0.21427500247955322,0.5109195709228516,0.2892363369464874,-0.22969096899032593
0.48007336258888245,1.1057994365692139,4.0920122046372853e-07,0.36362725496292114,1.0411357879638672,-0.10438820719718933,0.2518119812011719,0.9214532375335693,-0.18755677342414856,0.16735821962356567,0.8308185338973999,-0.26864194869995117,0.09207600355148315,0.7019540667533875,-0.3442055881023407,0.29780036211013794,0.6119946837425232,-0.11005013436079025,0.2217608094215393,0.4245082437992096,-0.24333269894123077,0.18493583798408508,0.5457744598388672,-0.3445766866207123,0.17664435505867004,0.661669909954071,-0.3994605243206024,0.3768414855003357,0.5783839821815491,-0.11822658032178879,0.28802624344825745,0.31181374192237854,-0.22193948924541473,0.22871020436286926,0.13971421122550964,-0.3143109381198883,0.176278218626976,-0.05453997850418091,-0.38000455498695374,0.4652472138404846,0.6071438193321228,-0.14230866730213165,0.4157209098339081,0.3696308135986328,-0.23249506950378418,0.37641605734825134,0.22541603446006775,-0.2943561375141144,0.33081161975860596,0.07789021730422974,-0.334019273519516,0.557013750076294,0.6776247620582581,-0.17430764436721802,0.532180666923523,0.5036334991455078,-0.23322232067584991,0.5057176351547241,0.3866676688194275,-0.2557147741317749,0.474343866109848,0.26902520656585693,-0.27139392495155334
0.4787446856498718,1.086280107498169,3.397677801331156e-07,0.36380890011787415,1.0247554779052734,-0.10374771058559418,0.2576313316822052,0.903419017791748,-0.1865745335817337,0.1718548685312271,0.8097516298294067,-0.2682361900806427,0.0889417827129364,0.6826023459434509,-0.34533557295799255,0.30262455344200134,0.6009038090705872,-0.10563687235116959,0.2278234362602234,0.41789931058883667,-0.23973500728607178,0.19377891719341278,0.535662055015564,-0.3426198661327362,0.1873370260000229,0.64713054895401,-0.3979003429412842,0.38067135214805603,0.5663972496986389,-0.11393453180789948,0.29207488894462585,0.30472368001937866,-0.21396495401859283,0.23251952230930328,0.13803604245185852,-0.3048211932182312,0.1785823255777359,-0.052728354930877686,-0.37015706300735474,0.4680578410625458,0.5910288095474243,-0.13883434236049652,0.41843995451927185,0.35555124282836914,-0.22430358827114105,0.37838172912597656,0.21355918049812317,-0.28435245156288147,0.3323712646961212,0.0683736801147461,-0.32408785820007324,0.5579827427864075,0.6561986804008484,-0.1721404790878296,0.53056800365448,0.48493534326553345,-0.22612981498241425,0.5033647418022156,0.36926379799842834,-0.24711352586746216,0.47238969802856445,0.2540265619754791,-0.26286014914512634
0.4646061062812805,1.0235768556594849,5.085425769379981e-08,0.348174512386322,0.9432564377784729,-0.06931136548519135,0.24014827609062195,0.8002161383628845,-0.12397239357233047,0.1537502259016037,0.6905931234359741,-0.18102703988552094,0.10667212307453156,0.5620089173316956,-0.2341894954442978,0.29916876554489136,0.5354557037353516,-0.04745975881814957,0.2215869277715683,0.3738330900669098,-0.15900707244873047,0.1806367188692093,0.4530094861984253,-0.2509693205356598,0.17175614833831787,0.5451768040657043,-0.3000486195087433,0.36587414145469666,0.4972584545612335,-0.06154734641313553,0.2863360345363617,0.25307324528694153,-0.12644894421100616,0.22106607258319855,0.10380297899246216,-0.1916704773902893,0.16597366333007812,-0.04633563756942749,-0.23950159549713135,0.446918249130249,0.5178795456886292,-0.09179120510816574,0.397859126329422,0.28053152561187744,-0.14960774779319763,0.3559522032737732,0.13584786653518677,-0.19144807755947113,0.3122164011001587,-0.007490277290344238,-0.22046111524105072,0.5325061082839966,0.5875881910324097,-0.12930172681808472,0.5093976855278015,0.4159265160560608,-0.16859760880470276,0.4844295382499695,0.29886385798454285,-0.17954830825328827,0.4549211859703064,0.18139168620109558,-0.1870802938938141
0.4804772436618805,0.9159839153289795,6.5696479367716165e-09,0.3659813106060028,0.8531261682510376,-0.05121985822916031,0.2717548608779907,0.7195443511009216,-0.0894080400466919,0.2022194117307663,0.6067854166030884,-0.13153794407844543,0.17074359953403473,0.4796505570411682,-0.16968470811843872,0.32270321249961853,0.5033859014511108,-0.017580758780241013,0.26282161474227905,0.3525635898113251,-0.10220474004745483,0.2277550995349884,0.3889649510383606,-0.1735118329524994,0.21661384403705597,0.4400877058506012,-0.21335357427597046,0.3791441023349762,0.4720403552055359,-0.03154805675148964,0.3145195543766022,0.27407002449035645,-0.0792049914598465,0.2651411294937134,0.15720194578170776,-0.1294100284576416,0.2222156971693039,0.0395662784576416,-0.168257474899292,0.4466015696525574,0.487973690032959,-0.06050674617290497,0.399178683757782,0.2991955876350403,-0.1051720455288887,0.3633754551410675,0.18479996919631958,-0.13976898789405823,0.32608121633529663,0.07120400667190552,-0.16573578119277954,0.5172122120857239,0.540404200553894,-0.09596386551856995,0.4888719320297241,0.4006795287132263,-0.12943553924560547,0.4639541506767273,0.30757567286491394,-0.14447279274463654,0.4353402554988861,0.21487224102020264,-0.1568443328142166
0.45858877897262573,0.8556245565414429,7.18309323133326e-08,0.35898441076278687,0.7977345585823059,-0.04346070438623428,0.2757980525493622,0.6733056902885437,-0.0763225108385086,0.2142760455608368,0.5696121454238892,-0.11312701553106308,0.1841152310371399,0.45586061477661133,-0.1468551903963089,0.324231892824173,0.4875778257846832,-0.010766489431262016,0.2726680338382721,0.3556476831436157,-0.08170182257890701,0.23216059803962708,0.37149250507354736,-0.14197157323360443,0.21159249544143677,0.40578001737594604,-0.17562918365001678,0.3744853138923645,0.4582015573978424,-0.02377067320048809,0.31785646080970764,0.28155624866485596,-0.06425204128026962,0.273783802986145,0.17305025458335876,-0.10489937663078308,0.2361232340335846,0.06920823454856873,-0.13534267246723175,0.4356415271759033,0.47061148285865784,-0.04997740313410759,0.3945945203304291,0.30098891258239746,-0.08729977160692215,0.3630755543708801,0.19947320222854614,-0.11292894929647446,0.33130520582199097,0.10240104794502258,-0.13152924180030823,0.4986083507537842,0.5140721797943115,-0.0821339562535286,0.470785528421402,0.38442230224609375,-0.1096436083316803,0.44982844591140747,0.29820406436920166,-0.1194358691573143,0.4274791479110718,0.21365800499916077,-0.12707048654556274
0.48672062158584595,0.8559955358505249,6.844627620239407e-08,0.39006751775741577,0.7976560592651367,-0.037514735013246536,0.3079470694065094,0.6762108206748962,-0.06750646978616714,0.246463805437088,0.5756914019584656,-0.10138623416423798,0.23127825558185577,0.46420684456825256,-0.13173221051692963,0.35151612758636475,0.4774164855480194,-0.006708740256726742,0.30066269636154175,0.34159964323043823,-0.07390197366476059,0.255138635635376,0.34677034616470337,-0.13224554061889648,0.22944818437099457,0.3761364221572876,-0.16467979550361633,0.3986510634422302,0.44743549823760986,-0.020371118560433388,0.3458978831768036,0.26438531279563904,-0.05983025208115578,0.30079904198646545,0.15120038390159607,-0.09740833938121796,0.26271137595176697,0.048564612865448,-0.12404376268386841,0.45957010984420776,0.45813125371932983,-0.0459321029484272,0.41981908679008484,0.2816304862499237,-0.07915462553501129,0.3867819309234619,0.17388460040092468,-0.09878969192504883,0.3551054298877716,0.07342210412025452,-0.11234813183546066,0.5251419544219971,0.5015014410018921,-0.07717938721179962,0.4993940591812134,0.3679655194282532,-0.10006307810544968,0.4768487811088562,0.27921921014785767,-0.10405995696783066,0.4535441994667053,0.19463509321212769,-0.10650695115327835
0.5850685834884644,0.926376461982727,6.778942207574801e-08,0.49962255358695984,0.8509130477905273,-0.0467398427426815,0.43034628033638,0.7287782430648804,-0.08489752560853958,0.3768100440502167,0.6229385137557983,-0.1263197362422943,0.3874106705188751,0.5083560943603516,-0.16231705248355865,0.46835410594940186,0.5205606818199158,-0.014407014474272728,0.43957823514938354,0.35731053352355957,-0.0912756621837616,0.4187330901622772,0.38787057995796204,-0.15515370666980743,0.41301846504211426,0.44651371240615845,-0.1879081130027771,0.526328980922699,0.49835917353630066,-0.022854970768094063,0.4916338622570038,0.30513468384742737,-0.06343632936477661,0.4590214490890503,0.18660876154899597,-0.10248702019453049,0.42903777956962585,0.07736372947692871,-0.13017988204956055,0.5943557024002075,0.5157139897346497,-0.0448090098798275,0.5701223611831665,0.32888031005859375,-0.07798675447702408,0.5468628406524658,0.21559235453605652,-0.09906907379627228,0.5195615291595459,0.10824599862098694,-0.11337819695472717,0.6642316579818726,0.5671996474266052,-0.07307705283164978,0.6493053436279297,0.42689165472984314,-0.09472878277301788,0.6319327354431152,0.3355792164802551,-0.0978950709104538,0.6127051115036011,0.2479638159275055,-0.09910363703966141
0.6874974370002747,0.9146474003791809,1.8820415448317362e-07,0.6131566166877747,0.8444948196411133,-0.050243087112903595,0.5530246496200562,0.732399046421051,-0.09220200777053833,0.5220497250556946,0.6326460242271423,-0.13639894127845764,0.5403613448143005,0.5353736877441406,-0.1769334226846695,0.5798619985580444,0.5197164416313171,-0.029613072052598,0.557823896408081,0.36128944158554077,-0.11104316264390945,0.5551888942718506,0.36761975288391113,-0.17773263156414032,0.5646800994873047,0.4113883972167969,-0.21265847980976105,0.6432547569274902,0.4952816367149353,-0.038361262530088425,0.6211395263671875,0.30404168367385864,-0.0838690921664238,0.6025885343551636,0.18742680549621582,-0.12508690357208252,0.5870533585548401,0.08098053932189941,-0.15421612560749054,0.7122084498405457,0.5143445730209351,-0.06017468124628067,0.7012848854064941,0.3301815688610077,-0.09855833649635315,0.6878453493118286,0.21821418404579163,-0.12370041012763977,0.6710071563720703,0.11067554354667664,-0.14080052077770233,0.7822697162628174,0.5678590536117554,-0.08825459331274033,0.7781333327293396,0.4320034384727478,-0.1154058426618576,0.768147885799408,0.34425753355026245,-0.1228538304567337,0.7548966407775879,0.25559374690055847,-0.12726087868213654
0.7891783714294434,0.8959394693374634,3.734748759143258e-07,0.7293468713760376,0.8309327960014343,-0.07128260284662247,0.6946845054626465,0.7031316161155701,-0.11522084474563599,0.7052252888679504,0.5851253271102905,-0.1553574502468109,0.7410597801208496,0.47587326169013977,-0.1890924721956253,0.7026997804641724,0.5017419457435608,-0.045668743550777435,0.6948340535163879,0.3510361611843109,-0.1257748156785965,0.7263909578323364,0.38250380754470825,-0.19085364043712616,0.760208249092102,0.43184423446655273,-0.22555573284626007,0.7743108868598938,0.4713592827320099,-0.04297077655792236,0.7764707207679749,0.2821420431137085,-0.08858948200941086,0.7834283113479614,0.17068955302238464,-0.1363242268562317,0.7904784083366394,0.05482637882232666,-0.17238345742225647,0.8400952816009521,0.48999616503715515,-0.054280590265989304,0.8462443351745605,0.31395256519317627,-0.09660609066486359,0.8473005890846252,0.2021506428718567,-0.13259275257587433,0.8452370166778564,0.09181985259056091,-0.15808667242527008,0.905332088470459,0.5438392162322998,-0.07285740971565247,0.9096534848213196,0.41239672899246216,-0.10070092231035233,0.9083163738250732,0.3260737657546997,-0.11489324271678925,0.9037997722625732,0.23930856585502625,-0.12630289793014526
0.8068801760673523,0.8475335836410522,4.255604153513559e-07,0.7558039426803589,0.7811887264251709,-0.07715801894664764,0.7306846380233765,0.6478382349014282,-0.12393153458833694,0.742678165435791,0.5234978199005127,-0.16604991257190704,0.7766416072845459,0.40834546089172363,-0.20091553032398224,0.733235239982605,0.44028428196907043,-0.05256778001785278,0.7336099743843079,0.2848244309425354,-0.13959409296512604,0.7597378492355347,0.3202618360519409,-0.20851562917232513,0.7866434454917908,0.3826392889022827,-0.24275220930576324,0.8102335929870605,0.41389042139053345,-0.04648394510149956,0.8199352622032166,0.20821022987365723,-0.0930170938372612,0.833419144153595,0.08524072170257568,-0.14111937582492828,0.8453874588012695,-0.039500802755355835,-0.17715993523597717,0.8776107430458069,0.4363937973976135,-0.05501413345336914,0.8860195279121399,0.2583872079849243,-0.09745632112026215,0.8871131539344788,0.14891189336776733,-0.13319525122642517,0.884000837802887,0.04608312249183655,-0.1577642560005188,0.9436980485916138,0.49488261342048645,-0.07140209525823593,0.9487377405166626,0.36185336112976074,-0.09724719822406769,0.9455516338348389,0.2773251235485077,-0.10985331982374191,0.9380232691764832,0.19645783305168152,-0.11966454982757568
0.8120074272155762,0.9432358145713806,2.8197186452416645e-07,0.7569640874862671,0.8817493915557861,-0.08779559284448624,0.7286098599433899,0.7497884631156921,-0.13710442185401917,0.7459721565246582,0.6200854778289795,-0.17892299592494965,0.7854948043823242,0.49997347593307495,-0.21218353509902954,0.7331879138946533,0.53053218126297,-0.058727066963911057,0.7360472679138184,0.3731425404548645,-0.14064715802669525,0.7751495838165283,0.4191944897174835,-0.20602665841579437,0.8104096055030823,0.4848307967185974,-0.23997674882411957,0.8107465505599976,0.5030630826950073,-0.04609287902712822,0.8170963525772095,0.317541241645813,-0.08934629708528519,0.8316578269004822,0.2191365361213684,-0.1362544745206833,0.8442952632904053,0.11261323094367981,-0.1731180101633072,0.8783657550811768,0.5242194533348083,-0.048749200999736786,0.889034628868103,0.3576023578643799,-0.08874283730983734,0.8923447132110596,0.2526390850543976,-0.12316296994686127,0.8912426233291626,0.14571034908294678,-0.1486770659685135,0.9439780712127686,0.5808994770050049,-0.060158323496580124,0.9477572441101074,0.4494932293891907,-0.08545832335948944,0.9475176334381104,0.3689482808113098,-0.0988512858748436,0.9435552358627319,0.28657814860343933,-0.11036255210638046
0.7785505652427673,0.9723414182662964,3.2913558811742405e-07,0.7143179774284363,0.9088394641876221,-0.057496391236782074,0.6734501719474792,0.7937556505203247,-0.10057263821363449,0.6786956787109375,0.689932644367218,-0.1431787759065628,0.7210572957992554,0.5921222567558289,-0.1818200796842575,0.6951497793197632,0.5891806483268738,-0.04013926163315773,0.6849640607833862,0.454836368560791,-0.11833195388317108,0.7188409566879272,0.4947413206100464,-0.18461066484451294,0.761233389377594,0.5550729036331177,-0.2217739224433899,0.7665627002716064,0.5634703040122986,-0.04487038031220436,0.7703609466552734,0.3925403356552124,-0.08688213676214218,0.7821628451347351,0.29768145084381104,-0.13402794301509857,0.7963703870773315,0.20395314693450928,-0.17183715105056763,0.8315713405609131,0.5859920978546143,-0.06199868395924568,0.8353936672210693,0.4184073805809021,-0.10047520697116852,0.8391677737236023,0.3195650577545166,-0.1331968456506729,0.8394666314125061,0.2254703938961029,-0.1584005206823349,0.8956438302993774,0.6449360847473145,-0.0851302519440651,0.8979223370552063,0.5235973000526428,-0.11116504669189453,0.8990835547447205,0.44477176666259766,-0.12364435940980911,0.8959878087043762,0.36777055263519287,-0.13478662073612213
0.680653989315033,0.901900053024292,9.655445865064394e-08,0.6148512959480286,0.8312422037124634,-0.03673168644309044,0.5687972903251648,0.7236288785934448,-0.06665833294391632,0.5462254285812378,0.6317039132118225,-0.09871196746826172,0.5711060166358948,0.5556254982948303,-0.12785053253173828,0.5999532341957092,0.5521256327629089,-0.016995549201965332,0.5811033248901367,0.4301416575908661,-0.07436573505401611,0.5823298096656799,0.44089046120643616,-0.12330485135316849,0.5938959121704102,0.464302659034729,-0.1518104523420334,0.6573582291603088,0.5332186222076416,-0.026837904006242752,0.6422575116157532,0.3840981721878052,-0.0600598119199276,0.6326917409896851,0.2997100055217743,-0.09342939406633377,0.6274257898330688,0.21804001927375793,-0.11933137476444244,0.7157198190689087,0.5533314943313599,-0.046599436551332474,0.7119346261024475,0.4062449336051941,-0.07775621861219406,0.7066283226013184,0.3190164268016815,-0.09984239935874939,0.6989363431930542,0.232499897480011,-0.11626210063695908,0.7714424133300781,0.6047614216804504,-0.07086804509162903,0.7673536539077759,0.4910281300544739,-0.09359975904226303,0.7614707946777344,0.417955607175827,-0.10181847959756851,0.7533329129219055,0.3440709412097931,-0.1083277016878128
0.579319953918457,0.8270100355148315,-6.644656025400764e-08,0.5122180581092834,0.7542582750320435,-0.018449682742357254,0.46801337599754333,0.655631959438324,-0.03331293538212776,0.438381552696228,0.5776541233062744,-0.05344828963279724,0.4404869079589844,0.499811053276062,-0.07209018617868423,0.5036031603813171,0.5383837223052979,0.01798236556351185,0.48123323917388916,0.4559193551540375,-0.02400888130068779,0.46413013339042664,0.4596794843673706,-0.06534934043884277,0.4562658965587616,0.4742288291454315,-0.09002518653869629,0.5377060770988464,0.5231749415397644,0.0067612240090966225,0.5157026648521423,0.41458839178085327,-0.01622902601957321,0.49566027522087097,0.34813711047172546,-0.04330199584364891,0.47878211736679077,0.2828872501850128,-0.06465839594602585,0.5785431265830994,0.5333563089370728,-0.01359554473310709,0.5590580701828003,0.4216034412384033,-0.03518728166818619,0.5443214774131775,0.3533004820346832,-0.050444524735212326,0.529121994972229,0.2872729003429413,-0.062055911868810654,0.6207176446914673,0.5662500858306885,-0.03768668696284294,0.6091113090515137,0.4775044918060303,-0.0524679534137249,0.5992256999015808,0.41835951805114746,-0.05705093592405319,0.5878816246986389,0.3598063588142395,-0.06126178428530693
0.5227562785148621,0.7777613997459412,-4.9726612161293815e-08,0.46554461121559143,0.7260717153549194,-0.015527449548244476,0.4249603748321533,0.6469345688819885,-0.027860527858138084,0.3921588659286499,0.5824556946754456,-0.044367678463459015,0.38097915053367615,0.5166913866996765,-0.05880100652575493,0.456211119890213,0.5422629714012146,0.015515362843871117,0.4307573735713959,0.4687544107437134,-0.021182067692279816,0.409349650144577,0.4769018292427063,-0.05545597895979881,0.3981766998767853,0.5009639263153076,-0.07427442073822021,0.4824928641319275,0.5239138007164001,0.006929176859557629,0.45785656571388245,0.4275822639465332,-0.010003942996263504,0.4335995316505432,0.36886686086654663,-0.0293436199426651,0.41261065006256104,0.31788918375968933,-0.04432222992181778,0.5163468718528748,0.5296182632446289,-0.009852666407823563,0.5000268220901489,0.4332408905029297,-0.025430209934711456,0.4829447865486145,0.37405580282211304,-0.03605272248387337,0.4646272659301758,0.3202328681945801,-0.044216495007276535,0.550894558429718,0.5550517439842224,-0.029953181743621826,0.5409205555915833,0.4799421727657318,-0.04064137861132622,0.5291557312011719,0.4319498538970947,-0.043265387415885925,0.5150750875473022,0.3858805000782013,-0.045634616166353226
0.4705435633659363,0.7131302952766418,-3.9136793361649325e-08,0.4153185486793518,0.6692638397216797,-0.01233005989342928,0.37618517875671387,0.5969253778457642,-0.021077822893857956,0.3454822897911072,0.5387460589408875,-0.03381494805216789,0.3343937397003174,0.48089566826820374,-0.04476834088563919,0.40767186880111694,0.5091744065284729,0.018186410889029503,0.38384753465652466,0.44342392683029175,-0.01047997735440731,0.3615107536315918,0.4486129581928253,-0.03806566819548607,0.3475165069103241,0.4656546711921692,-0.053289223462343216,0.4301653504371643,0.49348121881484985,0.010776347480714321,0.40664029121398926,0.4083324074745178,-0.001989353448152542,0.3844129741191864,0.35720160603523254,-0.01733485795557499,0.3653262257575989,0.3120725154876709,-0.029079057276248932,0.45882681012153625,0.49784886837005615,-0.003917419817298651,0.4427550137042999,0.4136776924133301,-0.015844356268644333,0.4255281984806061,0.36045271158218384,-0.024365853518247604,0.4082000255584717,0.31248828768730164,-0.030778761953115463,0.48777443170547485,0.5166376233100891,-0.02154865674674511,0.47562694549560547,0.4496319591999054,-0.029528344050049782,0.46329694986343384,0.4072045385837555,-0.03118571639060974,0.4494639039039612,0.36632806062698364,-0.032776836305856705
0.44989001750946045,0.6708441972732544,-6.342941727410789e-09,0.39874881505966187,0.6256858706474304,-0.010846502147614956,0.36363425850868225,0.5578446984291077,-0.01746104471385479,0.3379769027233124,0.5057315826416016,-0.027461687102913857,0.3185168504714966,0.45488566160202026,-0.03619720786809921,0.3908655345439911,0.4828742742538452,0.01516355574131012,0.3692153990268707,0.42214226722717285,-0.009187374264001846,0.3468542695045471,0.42101597785949707,-0.03327952325344086,0.3303532004356384,0.42987409234046936,-0.04714629799127579,0.4103538393974304,0.4700310230255127,0.007807417772710323,0.3882920444011688,0.3897431492805481,-0.004622689913958311,0.3683268129825592,0.34202730655670166,-0.02010136842727661,0.35195106267929077,0.30030888319015503,-0.03209717571735382,0.4351108968257904,0.4748087525367737,-0.005740167573094368,0.4195036292076111,0.3956753611564636,-0.01813989132642746,0.4039195477962494,0.348235547542572,-0.027762509882450104,0.3885508179664612,0.3061105012893677,-0.03494394198060036,0.46218860149383545,0.49260038137435913,-0.021771283820271492,0.45236724615097046,0.43111690878868103,-0.03097904659807682,0.441142737865448,0.3906061053276062,-0.03452365845441818,0.4273602366447449,0.35202085971832275,-0.0376625582575798
0.44513073563575745,0.6689518690109253,-7.957939374136913e-08,0.3950442671775818,0.6227459907531738,-0.006251422222703695,0.3638273775577545,0.5555241703987122,-0.010867888107895851,0.3392643630504608,0.5044596195220947,-0.019583093002438545,0.3226519823074341,0.4560467600822449,-0.0274739358574152,0.40094488859176636,0.4862523674964905,0.01803005486726761,0.3787952959537506,0.42837414145469666,-0.005027555860579014,0.3526468276977539,0.4300065338611603,-0.028186924755573273,0.3333684206008911,0.4410316050052643,-0.041332654654979706,0.419059157371521,0.4754202961921692,0.009133126586675644,0.3991115093231201,0.39956480264663696,-0.0024700136855244637,0.3769570291042328,0.3544568419456482,-0.017343631014227867,0.35873663425445557,0.3155612349510193,-0.02862207591533661,0.44139358401298523,0.48298221826553345,-0.0052648731507360935,0.4290713965892792,0.4086119532585144,-0.016560552641749382,0.4132414162158966,0.3612481355667114,-0.02547185681760311,0.39818447828292847,0.31997179985046387,-0.03184475377202034,0.4638442397117615,0.5028094053268433,-0.0216310266405344,0.4568878710269928,0.4426942467689514,-0.029507528990507126,0.44714242219924927,0.40371835231781006,-0.0316990502178669,0.43610942363739014,0.36714261770248413,-0.033524587750434875
0.4226517081260681,0.681485116481781,-1.0411133644083748e-07,0.37656164169311523,0.6354198455810547,-0.007138525601476431,0.34826231002807617,0.5675917863845825,-0.012504281476140022,0.32631349563598633,0.5174018740653992,-0.021911844611167908,0.3118038773536682,0.47022417187690735,-0.030368449166417122,0.39010146260261536,0.5029954314231873,0.016358627006411552,0.367242693901062,0.44579651951789856,-0.006825771648436785,0.33893612027168274,0.4485921561717987,-0.02985767088830471,0.319443941116333,0.4629310667514801,-0.04272071644663811,0.4066197872161865,0.4953326880931854,0.008591380901634693,0.3895167410373688,0.4228569269180298,-0.0023539371322840452,0.3673616051673889,0.37883278727531433,-0.015581244602799416,0.34992846846580505,0.34072351455688477,-0.02542215958237648,0.4271761178970337,0.5041405558586121,-0.004778658971190453,0.41636350750923157,0.4297628402709961,-0.015141977928578854,0.4020346999168396,0.38467782735824585,-0.02175884321331978,0.39004141092300415,0.34583979845046997,-0.026274248957633972,0.44686201214790344,0.524058997631073,-0.020322924479842186,0.4403778612613678,0.46535423398017883,-0.027866622433066368,0.432233601808548,0.427160382270813,-0.028864573687314987,0.4239681661128998,0.39116889238357544,-0.029348066076636314
0.3883835971355438,0.6691665649414062,-7.128178225457305e-08,0.34548813104629517,0.6243839263916016,-0.007054475601762533,0.31701576709747314,0.5598400831222534,-0.011767909862101078,0.2951163649559021,0.5130677819252014,-0.019866880029439926,0.28211870789527893,0.46884703636169434,-0.026973314583301544,0.35860487818717957,0.5030655860900879,0.014589684084057808,0.33558031916618347,0.4535788297653198,-0.007942073047161102,0.30804717540740967,0.4518968164920807,-0.03035268373787403,0.28614962100982666,0.4605138897895813,-0.042832378298044205,0.37419775128364563,0.4952491521835327,0.0074505857191979885,0.3554055094718933,0.42437744140625,-0.0041285064071416855,0.33579564094543457,0.37971922755241394,-0.017335839569568634,0.3190796375274658,0.34217244386672974,-0.026894088834524155,0.3933601975440979,0.5012041926383972,-0.004936677403748035,0.3816432058811188,0.42794615030288696,-0.01663983426988125,0.36869433522224426,0.3831264078617096,-0.024682026356458664,0.3559313416481018,0.3443768322467804,-0.02953425981104374,0.4122162461280823,0.5171072483062744,-0.019155163317918777,0.40616363286972046,0.4602411389350891,-0.027590299025177956,0.398183673620224,0.42242199182510376,-0.029861433431506157,0.3878156542778015,0.3874039649963379,-0.031146010383963585
0.3576129078865051,0.6242288947105408,-2.1287426932303788e-08,0.30066484212875366,0.5770386457443237,0.01375966053456068,0.27058181166648865,0.5190386176109314,0.018262334167957306,0.2488078773021698,0.4715082347393036,0.013481329195201397,0.22521603107452393,0.42698001861572266,0.007374663837254047,0.31504568457603455,0.4610798954963684,0.04875612631440163,0.2904450595378876,0.4123741388320923,0.03985009342432022,0.2632557153701782,0.3973940908908844,0.02479003183543682,0.24070847034454346,0.3925464451313019,0.01456836424767971,0.33096131682395935,0.45282039046287537,0.02815517783164978,0.30611565709114075,0.38428395986557007,0.025050830096006393,0.2816603183746338,0.34043270349502563,0.012604079209268093,0.2615332305431366,0.30253148078918457,0.0017715874128043652,0.34827861189842224,0.45693227648735046,0.0025637957733124495,0.33079278469085693,0.3844698667526245,-0.005085828714072704,0.3130296766757965,0.3376684784889221,-0.014715488068759441,0.2976070046424866,0.2988450527191162,-0.022622298449277878,0.36569100618362427,0.4673529863357544,-0.0235608983784914,0.3559841513633728,0.40612611174583435,-0.031321052461862564,0.34554365277290344,0.36777251958847046,-0.035337600857019424,0.33390212059020996,0.3330526053905487,-0.03953928127884865
0.3521825075149536,0.5767782926559448,-9.059416328227599e-08,0.2901648283004761,0.5307245850563049,0.01983712613582611,0.2572793960571289,0.4771568179130554,0.025829439982771873,0.23267102241516113,0.4341464936733246,0.020665599033236504,0.2086053490638733,0.38553178310394287,0.013889760710299015,0.3015219569206238,0.41661667823791504,0.052687231451272964,0.26897457242012024,0.36648470163345337,0.03823234140872955,0.2383984923362732,0.3613184690475464,0.017663659527897835,0.21340331435203552,0.3679981827735901,0.0047919671051204205,0.31935542821884155,0.40862682461738586,0.027367791160941124,0.2924835979938507,0.3371417820453644,0.021720075979828835,0.26403218507766724,0.295528769493103,0.0038138069212436676,0.24034515023231506,0.2614681124687195,-0.011199518106877804,0.33637169003486633,0.41182103753089905,-0.0028046169318258762,0.3166188895702362,0.3392869234085083,-0.011206688359379768,0.2936118543148041,0.2937227487564087,-0.02400936372578144,0.27509164810180664,0.2569136321544647,-0.03453444316983223,0.3517777621746063,0.42084360122680664,-0.03299517557024956,0.3382696509361267,0.3613160252571106,-0.04073911905288696,0.3238752484321594,0.3251290023326874,-0.045516181737184525,0.3097264766693115,0.29211345314979553,-0.05047692731022835
0.39793163537979126,0.560544490814209,-7.683052416496139e-08,0.34555092453956604,0.5204663276672363,-0.0027758050709962845,0.31206241250038147,0.4591458737850189,-0.005270438734441996,0.28684473037719727,0.410948783159256,-0.01313877571374178,0.2707543969154358,0.36552339792251587,-0.01994919776916504,0.34569525718688965,0.3927251994609833,0.028179572895169258,0.32123494148254395,0.34096235036849976,0.0047941808588802814,0.29207324981689453,0.3390403985977173,-0.01959560066461563,0.26814594864845276,0.3488101363182068,-0.03305373713374138,0.3619196116924286,0.3807041645050049,0.017900913953781128,0.33726638555526733,0.31245917081832886,0.0063198828138411045,0.31109869480133057,0.26996374130249023,-0.008427422493696213,0.2868499755859375,0.23139117658138275,-0.01857948489487171,0.383733332157135,0.38188859820365906,0.001657820655964315,0.3616885840892792,0.3123094439506531,-0.009651387110352516,0.33944404125213623,0.2704944908618927,-0.016693348065018654,0.31825196743011475,0.23406165838241577,-0.0205296091735363,0.40587446093559265,0.39230936765670776,-0.01662481389939785,0.3929617702960968,0.33660921454429626,-0.02419714257121086,0.3814948797225952,0.3001894950866699,-0.024917375296354294,0.3699137270450592,0.2656160891056061,-0.02466455101966858
0.5007907748222351,0.5529091954231262,-6.847602662674035e-08,0.4523712396621704,0.5209193229675293,-0.01297028362751007,0.4188360571861267,0.44798120856285095,-0.019165189936757088,0.3947133421897888,0.3903247117996216,-0.02798546850681305,0.3832545578479767,0.3400646448135376,-0.03526551276445389,0.4469803273677826,0.3750400245189667,0.009355058893561363,0.4261569082736969,0.31038400530815125,-0.016504570841789246,0.40636107325553894,0.31239065527915955,-0.04001746326684952,0.3946892321109772,0.328343003988266,-0.0528220534324646,0.4688126742839813,0.3603101670742035,0.003542952472344041,0.4474232792854309,0.2809465825557709,-0.00944944191724062,0.4260253310203552,0.23244476318359375,-0.023920228704810143,0.4086218476295471,0.19204497337341309,-0.03454561531543732,0.4958626329898834,0.364698201417923,-0.00814612116664648,0.4798567593097687,0.2861533761024475,-0.020558461546897888,0.4642481803894043,0.23935279250144958,-0.028708484023809433,0.44915536046028137,0.19782881438732147,-0.03447908163070679,0.5238569378852844,0.3827022612094879,-0.022291159257292747,0.5139380097389221,0.3223111927509308,-0.03154675289988518,0.5034399032592773,0.28328055143356323,-0.03364068269729614,0.4923364818096161,0.2453702986240387,-0.03503088280558586
0.5435827970504761,0.5367403030395508,-1.3019811007097815e-08,0.49755269289016724,0.4962365925312042,-0.012173203751444817,0.47017157077789307,0.4178113639354706,-0.01706026680767536,0.4526034891605377,0.35659080743789673,-0.024863047525286674,0.45075103640556335,0.3029199242591858,-0.03108617477118969,0.49333494901657104,0.357420951128006,0.013979015871882439,0.4776460528373718,0.296604186296463,-0.011436560191214085,0.4660833775997162,0.29342424869537354,-0.03513089567422867,0.4600650668144226,0.3015013635158539,-0.048143237829208374,0.5170370936393738,0.3427128195762634,0.008382800035178661,0.5017474293708801,0.2647876441478729,-0.0046546910889446735,0.486332505941391,0.2153775691986084,-0.019500311464071274,0.4735637307167053,0.17203687131404877,-0.029919235035777092,0.5453417897224426,0.34651824831962585,-0.003198607824742794,0.5346468687057495,0.2676617503166199,-0.01594584994018078,0.5227092504501343,0.22050799429416656,-0.024009475484490395,0.5100342631340027,0.17788110673427582,-0.029100527986884117,0.5743342638015747,0.36434200406074524,-0.01724887639284134,0.5679629445075989,0.3046413064002991,-0.025953907519578934,0.5593530535697937,0.26570576429367065,-0.02741304412484169,0.5490759611129761,0.22871136665344238,-0.028076285496354103
0.5646350383758545,0.5753733515739441,-3.8361889664884075e-08,0.5264840722084045,0.5312974452972412,-0.01127751637250185,0.5024275183677673,0.4548799693584442,-0.017885081470012665,0.4864349365234375,0.39748984575271606,-0.027661889791488647,0.48748183250427246,0.34934860467910767,-0.036439068615436554,0.5243808031082153,0.39371806383132935,0.00994096789509058,0.5118098258972168,0.33273255825042725,-0.016105137765407562,0.5008038878440857,0.32343143224716187,-0.039769720286130905,0.49556443095207214,0.32555079460144043,-0.05285777151584625,0.548545241355896,0.38289114832878113,0.002889398718252778,0.534225344657898,0.3037322759628296,-0.012758453376591206,0.5217457413673401,0.25393933057785034,-0.028715312480926514,0.5127047300338745,0.21153680980205536,-0.03922341763973236,0.5759120583534241,0.38897231221199036,-0.009502971544861794,0.5678457021713257,0.3103564381599426,-0.02486312761902809,0.5577538013458252,0.2641385495662689,-0.03377764672040939,0.5473074913024902,0.22356019914150238,-0.038644082844257355,0.6038433313369751,0.4081119894981384,-0.02400626614689827,0.5999614596366882,0.3459286093711853,-0.034067876636981964,0.5928656458854675,0.3064941167831421,-0.035681456327438354,0.5846976637840271,0.27135080099105835,-0.03602748364210129
0.5689648985862732,0.6524276733398438,-1.0961782592744385e-08,0.5322097539901733,0.603136420249939,-0.011081917211413383,0.5096032023429871,0.5324987769126892,-0.019332142546772957,0.4942108690738678,0.47585421800613403,-0.03067401424050331,0.4976769685745239,0.42475318908691406,-0.041153114289045334,0.5348396301269531,0.4747074842453003,0.009136514738202095,0.525327205657959,0.41651225090026855,-0.016872892156243324,0.5140426158905029,0.40559840202331543,-0.04097340628504753,0.5068212747573853,0.4031227231025696,-0.05489147827029228,0.5583122372627258,0.4653591215610504,0.0022497670724987984,0.5491107702255249,0.3894713521003723,-0.013073521666228771,0.537733793258667,0.34181511402130127,-0.028793644160032272,0.5282328128814697,0.29966026544570923,-0.03972579911351204,0.5848302245140076,0.4723881781101227,-0.009889784269034863,0.580112099647522,0.39549627900123596,-0.02470395341515541,0.5710880756378174,0.34892547130584717,-0.03344173729419708,0.5614843964576721,0.3083854913711548,-0.0386202409863472,0.6111817955970764,0.492872416973114,-0.024137230589985847,0.6091060042381287,0.4330892562866211,-0.03449171409010887,0.6026009321212769,0.39371663331985474,-0.03697136417031288,0.5942985415458679,0.35840293765068054,-0.03810969367623329
0.5632721185684204,0.6961724758148193,-2.7537172542224653e-08,0.5280218720436096,0.6500703692436218,-0.010395944118499756,0.5090465545654297,0.5838319659233093,-0.018630241975188255,0.4945923089981079,0.5301199555397034,-0.02998780459165573,0.4960818290710449,0.482986718416214,-0.03997710719704628,0.5348858833312988,0.523407518863678,0.010465594008564949,0.5265036225318909,0.4622485339641571,-0.014800277538597584,0.5128002166748047,0.462231308221817,-0.03764722868800163,0.5037860870361328,0.4764474034309387,-0.049894068390131,0.5556535124778748,0.5160132646560669,0.004644550383090973,0.5477079749107361,0.44343456625938416,-0.007631770335137844,0.5345971584320068,0.40241527557373047,-0.020511789247393608,0.5229629278182983,0.3688964247703552,-0.029615694656968117,0.5803164839744568,0.5244449973106384,-0.006609157659113407,0.5745859146118164,0.45084354281425476,-0.01758706197142601,0.5648383498191833,0.40727826952934265,-0.023966427892446518,0.5548398494720459,0.37004756927490234,-0.028347522020339966,0.6042463779449463,0.5455419421195984,-0.020093698054552078,0.6023635268211365,0.48998039960861206,-0.027303077280521393,0.5965415239334106,0.4537837505340576,-0.028310555964708328,0.5896254777908325,0.42031756043434143,-0.028821729123592377
0.5034388303756714,0.6925137639045715,-7.4295300578342e-08,0.46254342794418335,0.6440179347991943,-0.004335743375122547,0.43861985206604004,0.5759548544883728,-0.007923351600766182,0.4208316206932068,0.5296394228935242,-0.015399058349430561,0.40763670206069946,0.48655202984809875,-0.0225770715624094,0.47772467136383057,0.522157609462738,0.014745011925697327,0.45787668228149414,0.47094911336898804,-0.006940613035112619,0.4336852431297302,0.4694332778453827,-0.028415702283382416,0.41323351860046387,0.4779990315437317,-0.04064493253827095,0.49470022320747375,0.5166230201721191,0.005780643783509731,0.47882792353630066,0.4480299949645996,-0.006786334328353405,0.45984745025634766,0.4058646559715271,-0.021314702928066254,0.4431641101837158,0.3681291937828064,-0.03186650946736336,0.513850212097168,0.5273478031158447,-0.007806300651282072,0.504371166229248,0.45531803369522095,-0.019871367141604424,0.4901571273803711,0.41152775287628174,-0.02905239909887314,0.4764893054962158,0.37218010425567627,-0.03516392409801483,0.5316891670227051,0.5496824979782104,-0.022844333201646805,0.5274832248687744,0.49486643075942993,-0.03191603720188141,0.520309567451477,0.45746010541915894,-0.03521439805626869,0.5115717053413391,0.421384334564209,-0.03744182735681534
0.4806255102157593,0.6906012296676636,-1.8441710381011944e-07,0.4383384883403778,0.6235161423683167,0.017920326441526413,0.4160591661930084,0.5629445910453796,0.018541142344474792,0.3932812213897705,0.5246555805206299,0.009381270036101341,0.37511342763900757,0.48127803206443787,-0.0009326105937361717,0.46877428889274597,0.5120601058006287,0.035881686955690384,0.4362514317035675,0.45993098616600037,0.017650168389081955,0.4054274260997772,0.46047234535217285,-0.00398615887388587,0.38147661089897156,0.47181135416030884,-0.017042910680174828,0.48029085993766785,0.512977123260498,0.01355397142469883,0.45489954948425293,0.43911445140838623,0.006046552676707506,0.43161946535110474,0.397577166557312,-0.006845432333648205,0.4126273989677429,0.3647874593734741,-0.017776519060134888,0.49098220467567444,0.5260326862335205,-0.012352586723864079,0.47206225991249084,0.4492362439632416,-0.017953436821699142,0.4558582603931427,0.40471702814102173,-0.02239948883652687,0.44385889172554016,0.3680335283279419,-0.02732052095234394,0.4953764081001282,0.54344242811203,-0.038579389452934265,0.48452773690223694,0.48592978715896606,-0.04241346940398216,0.4762023091316223,0.44836556911468506,-0.0411045104265213,0.4683851897716522,0.412718802690506,-0.04133198782801628
0.45382189750671387,0.6942290663719177,-2.877189615446696e-07,0.4071936011314392,0.6138032674789429,0.037038013339042664,0.38974523544311523,0.556476891040802,0.03742387890815735,0.3662864565849304,0.5191263556480408,0.025674104690551758,0.34388047456741333,0.48091474175453186,0.010402955114841461,0.45726144313812256,0.5112574696540833,0.025928568094968796,0.40830400586128235,0.4596908390522003,0.013989153318107128,0.3769526183605194,0.4582502543926239,0.0014016296481713653,0.35262635350227356,0.46027183532714844,-0.008052695542573929,0.46281275153160095,0.5210018157958984,-0.008125380612909794,0.41990381479263306,0.4364240765571594,-0.016718657687306404,0.39165791869163513,0.3964916467666626,-0.02542635053396225,0.3671058714389801,0.3638686537742615,-0.03516834229230881,0.45848599076271057,0.5415968298912048,-0.04142879694700241,0.42648518085479736,0.45111557841300964,-0.04820270463824272,0.4064408242702484,0.40761154890060425,-0.04881347343325615,0.39069363474845886,0.36945873498916626,-0.053540244698524475,0.44241875410079956,0.5597505569458008,-0.07245249301195145,0.4291403293609619,0.5026838183403015,-0.08168221265077591,0.4217752516269684,0.4601795971393585,-0.08331014215946198,0.41353780031204224,0.41766786575317383,-0.08709689974784851
0.43758222460746765,0.6413689255714417,-3.8136196423010915e-08,0.38479965925216675,0.5756031274795532,0.03944583609700203,0.3582856059074402,0.5232858657836914,0.04354679211974144,0.33588463068008423,0.48633864521980286,0.033169910311698914,0.312195748090744,0.445757657289505,0.018902909010648727,0.4108380377292633,0.47090595960617065,0.04523723945021629,0.3801147937774658,0.42013007402420044,0.04105548933148384,0.3556448221206665,0.38873910903930664,0.03422670438885689,0.33678293228149414,0.36263716220855713,0.026747267693281174,0.4231525659561157,0.473705530166626,0.007080540992319584,0.3896207809448242,0.40319663286209106,0.0016041925409808755,0.36399421095848083,0.36179500818252563,-0.0049950429238379,0.3459262251853943,0.3257800340652466,-0.012250293046236038,0.42943042516708374,0.48372989892959595,-0.03215368837118149,0.40050244331359863,0.4097013473510742,-0.0410173274576664,0.37995800375938416,0.3649142384529114,-0.043409302830696106,0.36594370007514954,0.32667768001556396,-0.04812827706336975,0.42957329750061035,0.4967731237411499,-0.06956232339143753,0.4164459705352783,0.4404340386390686,-0.08074688911437988,0.4060886800289154,0.4008403718471527,-0.0842074602842331,0.39701977372169495,0.3640230894088745,-0.08900776505470276
0.4171757996082306,0.5693625211715698,3.690619010399132e-08,0.37459272146224976,0.5330277681350708,-0.009542679414153099,0.346600741147995,0.47413384914398193,-0.014693956822156906,0.3244215250015259,0.42608723044395447,-0.02270469442009926,0.3060346245765686,0.38375622034072876,-0.029660796746611595,0.37990233302116394,0.40962889790534973,0.014562210999429226,0.3561708331108093,0.36058852076530457,-0.006715656258165836,0.3307056128978729,0.3546140193939209,-0.02782532013952732,0.3110577464103699,0.35961204767227173,-0.039148371666669846,0.39964696764945984,0.3957440257072449,0.00929650291800499,0.3806472718715668,0.32941219210624695,-0.001119703403674066,0.3635816276073456,0.2869846820831299,-0.01338830217719078,0.34951353073120117,0.24975794553756714,-0.021744199097156525,0.4224990904331207,0.39804142713546753,-0.0012702366802841425,0.4109720289707184,0.3311602473258972,-0.012140485458076,0.39797869324684143,0.2881457805633545,-0.019289633259177208,0.38515737652778625,0.25020650029182434,-0.02338007278740406,0.4463436007499695,0.4122816026210785,-0.013847029767930508,0.4435161054134369,0.3589840531349182,-0.020796220749616623,0.4376896023750305,0.3240394592285156,-0.021523455157876015,0.4299915134906769,0.2917415201663971,-0.021373197436332703
0.41670095920562744,0.5612372756004333,2.9699679160444248e-08,0.37435126304626465,0.5305219292640686,-0.012789084576070309,0.3446740508079529,0.46825918555259705,-0.020179525017738342,0.32281869649887085,0.41452786326408386,-0.029525093734264374,0.3087758421897888,0.3657427430152893,-0.037771910429000854,0.36564579606056213,0.39845606684684753,0.00789476279169321,0.3460332453250885,0.3466506600379944,-0.016342643648386,0.3269631862640381,0.33994168043136597,-0.038175318390131,0.3135538697242737,0.3435654938220978,-0.04969290643930435,0.3896127939224243,0.38254866003990173,0.0027890957426279783,0.370290070772171,0.31000351905822754,-0.009124210104346275,0.35505691170692444,0.26401376724243164,-0.021442342549562454,0.34286463260650635,0.22395360469818115,-0.029769085347652435,0.4182232916355133,0.3856433033943176,-0.007732814643532038,0.4066917896270752,0.31787148118019104,-0.019766531884670258,0.3960109353065491,0.27688542008399963,-0.02697652392089367,0.38471850752830505,0.2388896942138672,-0.031348101794719696,0.4478538930416107,0.4017704427242279,-0.02041000686585903,0.4433528482913971,0.3501907289028168,-0.028686704114079475,0.43922775983810425,0.31717246770858765,-0.02991337515413761,0.4335659146308899,0.2853059768676758,-0.03026670403778553
0.4272323250770569,0.5761352777481079,9.594582905947391e-08,0.3841708302497864,0.5523632764816284,-0.020213238894939423,0.34811416268348694,0.49527716636657715,-0.03233068063855171,0.3243979811668396,0.44001832604408264,-0.04561503976583481,0.3260977566242218,0.3846101760864258,-0.055998545140028,0.3515934944152832,0.4122464954853058,0.0030314158648252487,0.33313944935798645,0.3523300588130951,-0.026983942836523056,0.33065667748451233,0.36550846695899963,-0.05276092141866684,0.33340367674827576,0.384775847196579,-0.06546474248170853,0.37854084372520447,0.39128512144088745,0.0009455986437387764,0.3591836094856262,0.31110918521881104,-0.011870509013533592,0.3450448513031006,0.2632291913032532,-0.025383230298757553,0.3321462869644165,0.21987342834472656,-0.034850046038627625,0.410182386636734,0.39105135202407837,-0.00779701117426157,0.39617452025413513,0.3207610249519348,-0.019148532301187515,0.38531577587127686,0.28032493591308594,-0.025417491793632507,0.37247297167778015,0.2421361804008484,-0.02926117740571499,0.44228923320770264,0.4061586260795593,-0.01964428462088108,0.4314890503883362,0.3532029390335083,-0.025437481701374054,0.4239294230937958,0.32135218381881714,-0.02406085468828678,0.41556257009506226,0.2912488281726837,-0.022626949474215508
0.42773574590682983,0.5849334001541138,1.1015441003792148e-07,0.38369184732437134,0.5597051382064819,-0.021869290620088577,0.34743109345436096,0.5015475749969482,-0.035596683621406555,0.32442203164100647,0.44358542561531067,-0.05053575336933136,0.32758280634880066,0.3848162889480591,-0.06259103864431381,0.3494395613670349,0.41351833939552307,0.0027863881550729275,0.3297915458679199,0.34912681579589844,-0.02681247517466545,0.32926854491233826,0.3635987937450409,-0.05294223129749298,0.33428266644477844,0.38418203592300415,-0.06641115993261337,0.3768147826194763,0.39377063512802124,0.0008230630774050951,0.3572215735912323,0.3105446994304657,-0.010947247967123985,0.34451040625572205,0.2617834806442261,-0.025578336790204048,0.33297085762023926,0.21605853736400604,-0.03691360354423523,0.40825504064559937,0.3952682316303253,-0.00812158640474081,0.3926384150981903,0.3215279281139374,-0.01916714943945408,0.3791176974773407,0.27896279096603394,-0.028491972014307976,0.3639161288738251,0.23892483115196228,-0.0356077216565609,0.44130605459213257,0.4111514091491699,-0.020287616178393364,0.4287991523742676,0.3567603826522827,-0.026959018781781197,0.4183816909790039,0.3234802484512329,-0.02863685041666031,0.406547874212265,0.2917270064353943,-0.03030925616621971
0.4270273447036743,0.5817989706993103,1.2062049847827438e-07,0.3836406171321869,0.5556766986846924,-0.02198546566069126,0.3478167653083801,0.49761903285980225,-0.035659756511449814,0.3259568214416504,0.43908682465553284,-0.050268370658159256,0.3311418890953064,0.380377858877182,-0.062016088515520096,0.3505958020687103,0.41259875893592834,0.002684550592675805,0.33287182450294495,0.34948164224624634,-0.02606736309826374,0.33221688866615295,0.36381977796554565,-0.05172086879611015,0.3363693952560425,0.38370445370674133,-0.06505843251943588,0.37782981991767883,0.3935391902923584,0.0013137089554220438,0.36095914244651794,0.31106963753700256,-0.009853435680270195,0.3495367765426636,0.2634727358818054,-0.024130672216415405,0.33894866704940796,0.21884527802467346,-0.035317953675985336,0.40877628326416016,0.39574724435806274,-0.0069211251102387905,0.39407363533973694,0.32266509532928467,-0.017401568591594696,0.3811427056789398,0.2803196907043457,-0.026399875059723854,0.3669832646846771,0.2407117784023285,-0.03338724002242088,0.4413284957408905,0.4120677709579468,-0.018349532037973404,0.4291350841522217,0.35847094655036926,-0.024534830823540688,0.41888827085494995,0.32580089569091797,-0.026006346568465233,0.4074590802192688,0.29480692744255066,-0.02761506661772728
0.43534421920776367,0.5937332510948181,7.987269867726354e-08,0.39351963996887207,0.5671772956848145,-0.016206232830882072,0.35997891426086426,0.5127341747283936,-0.02635950967669487,0.3384057879447937,0.46186280250549316,-0.03833131492137909,0.3414679169654846,0.41282448172569275,-0.04798080772161484,0.36756280064582825,0.4382583796977997,0.005827811546623707,0.3511616885662079,0.38039663434028625,-0.02105010114610195,0.348493367433548,0.39025935530662537,-0.04512485861778259,0.3520055115222931,0.40859857201576233,-0.05731366574764252,0.391991525888443,0.4210314154624939,0.0028297998942434788,0.3772084712982178,0.3452948331832886,-0.008484012447297573,0.3658107817173004,0.299155592918396,-0.02161790058016777,0.3571910262107849,0.25919246673583984,-0.03113400749862194,0.4203663766384125,0.42141902446746826,-0.006136445328593254,0.4082314372062683,0.3538411557674408,-0.016051603481173515,0.3969317078590393,0.31450262665748596,-0.022644076496362686,0.38494032621383667,0.2792605757713318,-0.027086708694696426,0.4503687024116516,0.43509674072265625,-0.017848744988441467,0.4419974684715271,0.3844051659107208,-0.02265431173145771,0.43337753415107727,0.35520365834236145,-0.021471653133630753,0.4232480525970459,0.3292495310306549,-0.02052966132760048
0.5042086243629456,0.6932612657546997,-4.642068063276383e-08,0.4656895399093628,0.6592097878456116,-0.013398255221545696,0.4392753541469574,0.611272931098938,-0.025150511413812637,0.4219694435596466,0.5685563087463379,-0.03865605592727661,0.42200905084609985,0.5339210629463196,-0.05149102583527565,0.45403656363487244,0.532622218132019,-0.0034588314592838287,0.4404914677143097,0.47614988684654236,-0.029585743322968483,0.4286678433418274,0.47346872091293335,-0.053360119462013245,0.42063531279563904,0.4809129238128662,-0.06702590733766556,0.47692689299583435,0.5230076313018799,-0.009563447907567024,0.4618961811065674,0.44826817512512207,-0.02469339594244957,0.4479907155036926,0.4066268503665924,-0.040015850216150284,0.4347238540649414,0.37332117557525635,-0.05111721158027649,0.5041992664337158,0.5290148854255676,-0.01981886848807335,0.49306178092956543,0.4576342701911926,-0.033443570137023926,0.48071879148483276,0.41766107082366943,-0.04255996644496918,0.4670245051383972,0.38346436619758606,-0.04884955659508705,0.5328900218009949,0.5478461384773254,-0.03204280138015747,0.5283071994781494,0.4956694543361664,-0.04161999747157097,0.5209526419639587,0.4636591076850891,-0.04356882721185684,0.5112699866294861,0.43600812554359436,-0.044784847646951675
0.16544082760810852,0.6562758684158325,2.2747484251794958e-07,0.2087070643901825,0.6476511359214783,-0.014936053194105625,0.2470330446958542,0.6147598028182983,-0.024397728964686394,0.27716076374053955,0.5828332901000977,-0.03485958278179169,0.2999816834926605,0.5515949726104736,-0.043747205287218094,0.2383682131767273,0.5241267681121826,-0.007406340911984444,0.27119582891464233,0.4800691306591034,-0.03597679361701012,0.2763291001319885,0.5024222135543823,-0.05884449928998947,0.272353857755661,0.5302648544311523,-0.06877844780683517,0.21686741709709167,0.500523030757904,-0.011380989104509354,0.24886678159236908,0.4345856308937073,-0.02629423886537552,0.2705744206905365,0.39437609910964966,-0.04005450755357742,0.2881717085838318,0.3583137094974518,-0.04851001873612404,0.1892659217119217,0.4943857491016388,-0.019821058958768845,0.2090369462966919,0.4304691255092621,-0.03380793705582619,0.22643959522247314,0.39116913080215454,-0.04382951557636261,0.24336054921150208,0.3576369285583496,-0.04919958487153053,0.15760424733161926,0.5044434070587158,-0.029936399310827255,0.16981664299964905,0.455465167760849,-0.038546133786439896,0.18245749175548553,0.42531293630599976,-0.0390579029917717,0.19604161381721497,0.3996126055717468,-0.03814641758799553
0.23161260783672333,0.6203149557113647,2.889692893859319e-07,0.27905070781707764,0.5974759459495544,-0.010697425343096256,0.31700485944747925,0.5625603199005127,-0.019047869369387627,0.34703558683395386,0.5298000574111938,-0.030761536210775375,0.36665043234825134,0.4973423480987549,-0.04136870428919792,0.3078681230545044,0.4761161804199219,0.006857744418084621,0.3331511914730072,0.4341818690299988,-0.016640176996588707,0.3437761068344116,0.44412994384765625,-0.037953656166791916,0.34696948528289795,0.4673328697681427,-0.04801137372851372,0.2859518229961395,0.45502397418022156,0.0009800627594813704,0.31466415524482727,0.39190536737442017,-0.00872598122805357,0.33247730135917664,0.35333317518234253,-0.01940261386334896,0.34790274500846863,0.32077014446258545,-0.026630066335201263,0.2604694366455078,0.4488033056259155,-0.010039422661066055,0.27317047119140625,0.38537514209747314,-0.018466517329216003,0.28454482555389404,0.34693586826324463,-0.02438230812549591,0.29761818051338196,0.31766897439956665,-0.028160370886325836,0.23022836446762085,0.457044392824173,-0.023520244285464287,0.2364988625049591,0.4072793126106262,-0.02754044719040394,0.24290266633033752,0.3757416605949402,-0.02576601132750511,0.2519392967224121,0.34963566064834595,-0.02427425980567932
0.3078361451625824,0.608942449092865,2.561420160418493e-07,0.3500249683856964,0.5868320465087891,-0.011568820104002953,0.38625454902648926,0.5481587648391724,-0.01992778107523918,0.4163358807563782,0.5145000219345093,-0.030760589987039566,0.4346816837787628,0.48108235001564026,-0.04026264324784279,0.37397950887680054,0.46436071395874023,0.0016748522175475955,0.3989208936691284,0.4227602481842041,-0.021810226142406464,0.41250771284103394,0.4321204125881195,-0.04196319729089737,0.4183705151081085,0.4555877447128296,-0.051042843610048294,0.3514963388442993,0.4452657997608185,-0.003479204373434186,0.37234705686569214,0.3816463351249695,-0.013287167996168137,0.3865894675254822,0.3418313264846802,-0.02306763082742691,0.3973807990550995,0.30881577730178833,-0.02955392375588417,0.3264974355697632,0.44274425506591797,-0.013308892957866192,0.3322203755378723,0.3822634220123291,-0.02153795026242733,0.339630663394928,0.34413498640060425,-0.026092585176229477,0.34852835536003113,0.31383565068244934,-0.028867634013295174,0.2984601855278015,0.45442578196525574,-0.02554127387702465,0.29772573709487915,0.406457781791687,-0.030228791758418083,0.3000057339668274,0.37457969784736633,-0.02845020219683647,0.3056347072124481,0.34707725048065186,-0.026557352393865585
0.3310396075248718,0.6161876320838928,1.7030065180279053e-07,0.375870019197464,0.5889920592308044,-0.003014052752405405,0.4119919240474701,0.5436631441116333,-0.009187164716422558,0.44223660230636597,0.5125893950462341,-0.01983933337032795,0.46567079424858093,0.4860144555568695,-0.029541224241256714,0.3863513171672821,0.45898446440696716,0.006630985531955957,0.4128188490867615,0.42137765884399414,-0.016647469252347946,0.4327169358730316,0.43451857566833496,-0.03611289709806442,0.44455957412719727,0.4609738290309906,-0.045091819018125534,0.36585232615470886,0.4443027377128601,-0.004274299833923578,0.37701350450515747,0.37673628330230713,-0.014841170981526375,0.3860664665699005,0.3308310806751251,-0.024892516434192657,0.39111071825027466,0.2916930019855499,-0.03144471347332001,0.34516412019729614,0.44730105996131897,-0.018962597474455833,0.33952969312667847,0.38507920503616333,-0.028151527047157288,0.3430235683917999,0.3432471752166748,-0.03175570070743561,0.3480429947376251,0.30692338943481445,-0.03373539447784424,0.3252890408039093,0.4648038148880005,-0.03533867374062538,0.31100133061408997,0.4180803596973419,-0.04116299748420715,0.3093827962875366,0.38448500633239746,-0.038917768746614456,0.31286609172821045,0.35392624139785767,-0.03640811890363693
0.31974998116493225,0.6130569577217102,1.3977386004171422e-07,0.3640339970588684,0.5808604955673218,0.0007728947093710303,0.39968353509902954,0.5337659120559692,-0.0030034612864255905,0.4281961917877197,0.5037612915039062,-0.011497646570205688,0.4499080777168274,0.47959256172180176,-0.018949801102280617,0.3708820044994354,0.45284903049468994,0.008014566265046597,0.3979249596595764,0.4157721698284149,-0.014133775606751442,0.4193214774131775,0.4267430007457733,-0.03299427777528763,0.43317627906799316,0.45026278495788574,-0.04209309443831444,0.35098952054977417,0.4397667646408081,-0.0040074619464576244,0.35667699575424194,0.370118647813797,-0.014181351289153099,0.36607760190963745,0.32360029220581055,-0.023838909342885017,0.3722198009490967,0.2851702570915222,-0.030632056295871735,0.33219456672668457,0.4442344307899475,-0.019386544823646545,0.3209713101387024,0.38182103633880615,-0.02760254591703415,0.3219607174396515,0.34001779556274414,-0.031732380390167236,0.325112521648407,0.30389678478240967,-0.03485533222556114,0.31569403409957886,0.4626310467720032,-0.03613686189055443,0.29819944500923157,0.4175940752029419,-0.042309463024139404,0.29554322361946106,0.3843684494495392,-0.041734784841537476,0.2980308532714844,0.3538125157356262,-0.04091141000390053
0.29678499698638916,0.6111831665039062,1.901689898886616e-07,0.340912789106369,0.5807793140411377,-0.003705918090417981,0.3771219849586487,0.5348615646362305,-0.009516572579741478,0.40592724084854126,0.5008324980735779,-0.01959296129643917,0.42737627029418945,0.47231313586235046,-0.02878575585782528,0.34913069009780884,0.45412981510162354,0.007630965672433376,0.37368035316467285,0.41829240322113037,-0.014041939750313759,0.3934084177017212,0.4260078966617584,-0.032559480518102646,0.4067632853984833,0.44648173451423645,-0.041491106152534485,0.3274109959602356,0.43957582116127014,-0.0024088432546705008,0.3360599875450134,0.37458324432373047,-0.012441820465028286,0.3447556495666504,0.3311716616153717,-0.02172788977622986,0.35056811571121216,0.293265163898468,-0.027841174975037575,0.3064802587032318,0.44281911849975586,-0.016327423974871635,0.29874640703201294,0.3829607665538788,-0.025650108233094215,0.30064502358436584,0.34342867136001587,-0.029136890545487404,0.3044661283493042,0.3090028166770935,-0.03101656399667263,0.2869362533092499,0.46046575903892517,-0.03198911249637604,0.274227499961853,0.4154053032398224,-0.03842804208397865,0.27303677797317505,0.3831251263618469,-0.03690142184495926,0.2763497531414032,0.3539191484451294,-0.03490573540329933
0.28212177753448486,0.6065058708190918,1.8683098801375309e-07,0.3246462345123291,0.5774669051170349,-0.003570282831788063,0.35926908254623413,0.5329622030258179,-0.00946384109556675,0.3861292898654938,0.5023378133773804,-0.019368914887309074,0.405109703540802,0.47399306297302246,-0.02842104062438011,0.3318004310131073,0.45156311988830566,0.0036511195357888937,0.3566446006298065,0.4131869673728943,-0.019435936585068703,0.37680864334106445,0.42437744140625,-0.03859356418251991,0.389697790145874,0.4469057023525238,-0.04777267202734947,0.31062862277030945,0.4380532205104828,-0.006507932208478451,0.3197663128376007,0.373812198638916,-0.017980098724365234,0.3282277286052704,0.3298283815383911,-0.028753560036420822,0.33293429017066956,0.2912669777870178,-0.03609487786889076,0.28974345326423645,0.4427518844604492,-0.020187532529234886,0.2818242907524109,0.38318949937820435,-0.030236927792429924,0.28290924429893494,0.34301212430000305,-0.03500247374176979,0.28608185052871704,0.30708247423171997,-0.037978462874889374,0.26975464820861816,0.46185362339019775,-0.03540032356977463,0.2564544081687927,0.4168495833873749,-0.04226225987076759,0.2557995915412903,0.38490721583366394,-0.04133790358901024,0.2601715326309204,0.3554220199584961,-0.03994394838809967
0.265400767326355,0.6121140718460083,2.216932131204885e-07,0.3078129291534424,0.5823649764060974,-0.005986364092677832,0.34238380193710327,0.5404766201972961,-0.013428892008960247,0.3693811893463135,0.5064106583595276,-0.024332934990525246,0.3906489312648773,0.47697046399116516,-0.034278079867362976,0.3165493607521057,0.45876726508140564,0.001782192150130868,0.3407629728317261,0.4196360409259796,-0.020314449444413185,0.3618890941143036,0.4274197220802307,-0.03879840299487114,0.3764525055885315,0.44679319858551025,-0.047829970717430115,0.2936716079711914,0.44483551383018494,-0.00678878091275692,0.3026719391345978,0.3795071542263031,-0.017728473991155624,0.31032252311706543,0.33673378825187683,-0.027571599930524826,0.3142862319946289,0.2992968261241913,-0.03415972739458084,0.2714253067970276,0.44814956188201904,-0.018869690597057343,0.2630511522293091,0.3885660767555237,-0.028713861480355263,0.2634572386741638,0.34857988357543945,-0.03291092813014984,0.26544612646102905,0.31370753049850464,-0.035257045179605484,0.25018075108528137,0.46603018045425415,-0.0326186940073967,0.2385946661233902,0.4203120768070221,-0.039032403379678726,0.237234428524971,0.3884061872959137,-0.037494052201509476,0.23959612846374512,0.3597162365913391,-0.0354941301047802
0.2423902451992035,0.6200640797615051,2.0868354511094367e-07,0.2860264778137207,0.590723991394043,-0.007122699171304703,0.32185620069503784,0.5489203333854675,-0.015832502394914627,0.35018450021743774,0.5166281461715698,-0.027735669165849686,0.3688764274120331,0.4848962724208832,-0.038596365600824356,0.29585883021354675,0.46306943893432617,-0.003008853644132614,0.3223462402820587,0.4197029173374176,-0.02894747257232666,0.34131747484207153,0.43434301018714905,-0.05036476254463196,0.3520626425743103,0.460940957069397,-0.060611121356487274,0.27224451303482056,0.4494607150554657,-0.012061050161719322,0.2837822437286377,0.38208192586898804,-0.025715962052345276,0.2936418950557709,0.3366832137107849,-0.03890812024474144,0.29923877120018005,0.29772159457206726,-0.04813697934150696,0.24849560856819153,0.4543643891811371,-0.024611283093690872,0.24138352274894714,0.3910807967185974,-0.03652966022491455,0.24375706911087036,0.3484080135822296,-0.04393067955970764,0.2480449080467224,0.31036514043807983,-0.04872152954339981,0.2258068323135376,0.4745941460132599,-0.03864147514104843,0.21235819160938263,0.42641371488571167,-0.04648493602871895,0.2114190310239792,0.39297881722450256,-0.04634634032845497,0.21520617604255676,0.3627323508262634,-0.04555339738726616
0.7321564555168152,0.5678512454032898,-9.568434933271419e-08,0.6876439452171326,0.5329470634460449,-0.008531559258699417,0.6541155576705933,0.4743120074272156,-0.014010639861226082,0.6278518438339233,0.4270159900188446,-0.022541910409927368,0.6119058728218079,0.38092947006225586,-0.03011065348982811,0.6826316714286804,0.4090283513069153,0.013249420560896397,0.6571673154830933,0.3615456521511078,-0.010280033573508263,0.6371992230415344,0.35854554176330566,-0.03244733437895775,0.6236213445663452,0.36436811089515686,-0.0447382852435112,0.7033666968345642,0.39209872484207153,0.006470958702266216,0.6780865788459778,0.3264565169811249,-0.0061715757474303246,0.6599010825157166,0.2851468324661255,-0.020027633756399155,0.6449532508850098,0.25021564960479736,-0.029884206131100655,0.7304248809814453,0.3904934227466583,-0.005549535620957613,0.7138116955757141,0.3251044750213623,-0.01868608221411705,0.6995157599449158,0.28384774923324585,-0.02742055617272854,0.6844984292984009,0.24825972318649292,-0.03249238431453705,0.7606013417243958,0.40144041180610657,-0.019316183403134346,0.7500167489051819,0.3474341630935669,-0.02825877070426941,0.7393673658370972,0.3135659396648407,-0.03028438426554203,0.7258583903312683,0.2836981415748596,-0.031096797436475754
0.7420924305915833,0.5838877558708191,-7.416726077735802e-08,0.6989529132843018,0.5468030571937561,-0.010162228718400002,0.6667636632919312,0.4869193434715271,-0.017206871882081032,0.6421828866004944,0.4389204680919647,-0.026897365227341652,0.6267921924591064,0.3930635452270508,-0.03560176119208336,0.6955673694610596,0.42046883702278137,0.008839997462928295,0.6727771759033203,0.36933860182762146,-0.016845041885972023,0.6530948877334595,0.3674936294555664,-0.040580544620752335,0.6391804814338684,0.3753068149089813,-0.05358497053384781,0.7170793414115906,0.4051509499549866,0.0022448243107646704,0.6952715516090393,0.3357636332511902,-0.01142963208258152,0.6782265305519104,0.29200857877731323,-0.025908073410391808,0.6644972562789917,0.255282461643219,-0.03615987300872803,0.7442489266395569,0.40622779726982117,-0.009527357295155525,0.7300365567207336,0.33871564269065857,-0.022897614166140556,0.7172114849090576,0.2967914640903473,-0.03138267248868942,0.7039877772331238,0.2606997489929199,-0.03636646270751953,0.7741163969039917,0.42042094469070435,-0.023201949894428253,0.7646012306213379,0.36513590812683105,-0.032192908227443695,0.7549697756767273,0.33008381724357605,-0.033733807504177094,0.7431939244270325,0.2990726828575134,-0.03416689485311508
0.7306535840034485,0.5936346054077148,2.1636200386865312e-08,0.6880437731742859,0.5539394617080688,-0.011216077953577042,0.6586858034133911,0.4908449947834015,-0.018358996137976646,0.6366704702377319,0.4355858564376831,-0.02844422124326229,0.6330129504203796,0.3868164122104645,-0.03732583299279213,0.6773679852485657,0.42873990535736084,0.014554860070347786,0.6581334471702576,0.3772880434989929,-0.009300807490944862,0.6466400027275085,0.3751848340034485,-0.03132784739136696,0.641191303730011,0.38258814811706543,-0.04311278462409973,0.7013742327690125,0.41155627369880676,0.00904352031648159,0.6820365786552429,0.33983784914016724,-0.002218811074271798,0.6683732867240906,0.29653698205947876,-0.015428507700562477,0.6571666598320007,0.2576912045478821,-0.02469252049922943,0.7304311990737915,0.4117855727672577,-0.0022426042705774307,0.7175816893577576,0.3457605242729187,-0.014295991510152817,0.7055789232254028,0.3039548993110657,-0.02299456298351288,0.6929593682289124,0.26644599437713623,-0.028352132067084312,0.7605468034744263,0.42555317282676697,-0.015608719550073147,0.750346302986145,0.3727574944496155,-0.02344607561826706,0.741214394569397,0.339688777923584,-0.02511415258049965,0.7303088903427124,0.3087788224220276,-0.025996629148721695
0.7253983020782471,0.5906403064727783,2.5817090687496602e-08,0.6819515824317932,0.5517262816429138,-0.013470455072820187,0.6517691612243652,0.48422175645828247,-0.021695302799344063,0.6318091154098511,0.4243997633457184,-0.03257450833916664,0.6393769979476929,0.37468647956848145,-0.041823722422122955,0.6745445728302002,0.42474302649497986,0.012296211905777454,0.6578341722488403,0.36819928884506226,-0.012720500119030476,0.6497514247894287,0.366720587015152,-0.03464801236987114,0.6477674245834351,0.3746519386768341,-0.04614636301994324,0.6991020441055298,0.40970221161842346,0.007756152655929327,0.6816658973693848,0.33593881130218506,-0.004270667210221291,0.6701433658599854,0.29167085886001587,-0.017087170854210854,0.6617830395698547,0.2508120536804199,-0.02582201361656189,0.7283799052238464,0.41162797808647156,-0.002828886266797781,0.7169594168663025,0.3443812131881714,-0.01542515866458416,0.7060141563415527,0.30294156074523926,-0.023475762456655502,0.6943346858024597,0.2648211717605591,-0.028165843337774277,0.7588467597961426,0.42592549324035645,-0.015744468197226524,0.7489379048347473,0.37366244196891785,-0.023451225832104683,0.7397385835647583,0.3412068486213684,-0.02479204721748829,0.7290281057357788,0.3098035454750061,-0.02539047598838806
0.759576141834259,0.6114951372146606,-7.421263603646366e-08,0.7154777646064758,0.5661773681640625,-0.0077699897810816765,0.6854202151298523,0.5006054043769836,-0.012114070355892181,0.6653026342391968,0.4459344148635864,-0.020128784701228142,0.6582213044166565,0.3950403928756714,-0.027054736390709877,0.7144928574562073,0.44376811385154724,0.0192678552120924,0.697859525680542,0.3952094316482544,-0.0015841395361348987,0.6813503503799438,0.3881441354751587,-0.022972114384174347,0.668411910533905,0.3866364657878876,-0.03572139889001846,0.736505389213562,0.4296053349971771,0.011468065902590752,0.7194803953170776,0.35860246419906616,-0.0011568618938326836,0.7051480412483215,0.3118293881416321,-0.016530094668269157,0.6933786869049072,0.2701541781425476,-0.027413953095674515,0.7631987929344177,0.4307097792625427,-0.0015849391929805279,0.7504177093505859,0.35895439982414246,-0.015526832081377506,0.7379637360572815,0.31516405940055847,-0.02551966719329357,0.7252612709999084,0.27724993228912354,-0.031322430819272995,0.7926849722862244,0.44325754046440125,-0.01633630506694317,0.7828372120857239,0.38782039284706116,-0.02613108605146408,0.7724054455757141,0.3515555262565613,-0.02877154015004635,0.7603015303611755,0.31984785199165344,-0.03004133515059948
0.7938669323921204,0.6231716871261597,-7.392135614736617e-08,0.7523938417434692,0.58121258020401,-0.008665980771183968,0.7223530411720276,0.5160120129585266,-0.01382131315767765,0.6974258422851562,0.46601900458335876,-0.021950414404273033,0.6872923970222473,0.4172947406768799,-0.028855198994278908,0.755848228931427,0.4536413848400116,0.01368225272744894,0.7371549606323242,0.4001213014125824,-0.008738736622035503,0.7173632979393005,0.39948004484176636,-0.03016350232064724,0.7037109732627869,0.4079653024673462,-0.04217708855867386,0.7759161591529846,0.44251197576522827,0.007014057133346796,0.7574589252471924,0.3705521821975708,-0.004805647302418947,0.742357075214386,0.32626214623451233,-0.01823439449071884,0.7297012805938721,0.2882251739501953,-0.02793467789888382,0.8010511994361877,0.44774192571640015,-0.004925923887640238,0.7896378040313721,0.3771247863769531,-0.01708708330988884,0.778124988079071,0.3321850895881653,-0.025566833093762398,0.76537024974823,0.291983038187027,-0.030853768810629845,0.8278517127037048,0.4649477005004883,-0.018677763640880585,0.8195651173591614,0.407889187335968,-0.027141055092215538,0.8106370568275452,0.371468186378479,-0.02917550317943096,0.8000985980033875,0.33739614486694336,-0.03034944273531437
0.8059754371643066,0.6357665061950684,-1.128804925087934e-07,0.7666880488395691,0.5915838479995728,-0.00879700481891632,0.7393320798873901,0.526390790939331,-0.01523611880838871,0.7158836126327515,0.475792795419693,-0.02489434741437435,0.7065824866294861,0.4263691306114197,-0.03318340331315994,0.779927670955658,0.46664783358573914,0.012626162730157375,0.7606008648872375,0.4129447937011719,-0.011601981706917286,0.7397068738937378,0.41499459743499756,-0.0340568982064724,0.7260388135910034,0.4273461103439331,-0.046406716108322144,0.7989813089370728,0.4571748971939087,0.005761908832937479,0.7814299464225769,0.3843066692352295,-0.006471093278378248,0.7665836811065674,0.33937889337539673,-0.01934298686683178,0.7549539804458618,0.3020748198032379,-0.02865363284945488,0.8226752877235413,0.46422624588012695,-0.006608862429857254,0.8113610148429871,0.391324907541275,-0.01898403838276863,0.8013216257095337,0.3458557426929474,-0.026495039463043213,0.7914973497390747,0.3054139018058777,-0.03101881965994835,0.8472152948379517,0.48319804668426514,-0.020898213610053062,0.8395541310310364,0.4250793755054474,-0.02974766679108143,0.8307569026947021,0.3874695301055908,-0.03154567629098892,0.8209353089332581,0.35195693373680115,-0.03236864134669304
0.8051140308380127,0.6344267725944519,-1.1297694157974547e-07,0.7660875916481018,0.5884831547737122,-0.007763192988932133,0.7406014204025269,0.5232868194580078,-0.013850713148713112,0.7177618741989136,0.4738847017288208,-0.023512691259384155,0.7075393795967102,0.4257519543170929,-0.031945496797561646,0.7807545065879822,0.4653155207633972,0.013873504474759102,0.760333240032196,0.4128756523132324,-0.010398924350738525,0.7395229935646057,0.41495150327682495,-0.03332383558154106,0.7260867953300476,0.4279073476791382,-0.046110451221466064,0.7992502450942993,0.45580458641052246,0.00662552285939455,0.7830283641815186,0.38475504517555237,-0.005911479238420725,0.7677867412567139,0.34025728702545166,-0.019364008679986,0.755399227142334,0.30365660786628723,-0.0292876698076725,0.8222513794898987,0.46284380555152893,-0.006074754986912012,0.8122667670249939,0.39067813754081726,-0.018254363909363747,0.8020769357681274,0.3464760482311249,-0.025646084919571877,0.7917883992195129,0.3076781928539276,-0.030233122408390045,0.8453691005706787,0.48163753747940063,-0.020711852237582207,0.8383267521858215,0.4231010675430298,-0.029362186789512634,0.8293967843055725,0.38490527868270874,-0.03126199543476105,0.8188793659210205,0.3489687442779541,-0.03229442611336708
0.7813098430633545,0.6301071047782898,-1.2314936270740873e-07,0.7434093356132507,0.5859522223472595,-0.005238736514002085,0.7197131514549255,0.5248057246208191,-0.00920719001442194,0.6987980604171753,0.4787095785140991,-0.017022570595145226,0.6877972483634949,0.4340776801109314,-0.02372867986559868,0.7611950635910034,0.47099196910858154,0.01804322935640812,0.7416314482688904,0.4205995202064514,-0.00257981289178133,0.7172995805740356,0.4206255078315735,-0.02354065701365471,0.6997885704040527,0.43115031719207764,-0.035415612161159515,0.7773758769035339,0.4615526795387268,0.010881265625357628,0.7622683644294739,0.3945436477661133,-0.00010966776608256623,0.7463045120239258,0.35218346118927,-0.01284558791667223,0.7330343127250671,0.3168668746948242,-0.022108109667897224,0.7980947494506836,0.4666493535041809,-0.0012877892004325986,0.7892097234725952,0.3976818323135376,-0.01184612326323986,0.7789549827575684,0.35533785820007324,-0.018553059548139572,0.7687094211578369,0.31910502910614014,-0.022501328960061073,0.8187066912651062,0.48197075724601746,-0.015170754864811897,0.8128505945205688,0.4263479709625244,-0.022403426468372345,0.8049968481063843,0.38963839411735535,-0.023625604808330536,0.7958524227142334,0.35557225346565247,-0.024051770567893982
0.7467269897460938,0.6473427414894104,-1.2851721464812726e-07,0.7099125981330872,0.6069112420082092,-0.0037954486906528473,0.6877291202545166,0.551357626914978,-0.006982681341469288,0.6681419610977173,0.5085141062736511,-0.013984967954456806,0.6575823426246643,0.4666531980037689,-0.020019326359033585,0.7247000336647034,0.503109335899353,0.018737589940428734,0.7068979740142822,0.4580838084220886,-0.0003376950044184923,0.6834205985069275,0.45564359426498413,-0.019990578293800354,0.6656389236450195,0.4617842733860016,-0.031083397567272186,0.7398396134376526,0.4934888780117035,0.01174223329871893,0.7247880101203918,0.43299242854118347,0.001830885885283351,0.7089545130729675,0.3944588601589203,-0.009488137438893318,0.6956172585487366,0.3614664673805237,-0.017530126497149467,0.759064257144928,0.49636122584342957,9.222007065545768e-05,0.7486709356307983,0.43377381563186646,-0.008991947397589684,0.7366893887519836,0.39384299516677856,-0.014235839247703552,0.7248061299324036,0.35941004753112793,-0.01711445488035679,0.778169572353363,0.5085563659667969,-0.013189786113798618,0.7704927921295166,0.4576732814311981,-0.01895584911108017,0.7615907192230225,0.424104779958725,-0.019044816493988037,0.751503586769104,0.39371880888938904,-0.018583843484520912
0.7265430092811584,0.664040207862854,-1.1616606343523017e-07,0.6916099786758423,0.6270906329154968,-0.0034437188878655434,0.6705063581466675,0.5731995701789856,-0.005539191421121359,0.6510999202728271,0.5338510274887085,-0.01108949538320303,0.6386993527412415,0.4962614178657532,-0.01579832099378109,0.7030727863311768,0.5292267799377441,0.01728774793446064,0.6855562329292297,0.48509079217910767,-0.001011751708574593,0.6634787917137146,0.4838995337486267,-0.019448820501565933,0.6469336748123169,0.4922846853733063,-0.029353251680731773,0.7167759537696838,0.5199823975563049,0.011233938857913017,0.7021812796592712,0.462358683347702,0.002547298325225711,0.6863732933998108,0.4263145327568054,-0.007384598720818758,0.6725366115570068,0.3962557017803192,-0.014211122877895832,0.7348375916481018,0.5222989916801453,0.0007910045678727329,0.7240490913391113,0.4628967046737671,-0.006972267292439938,0.7118484973907471,0.424932062625885,-0.011647669598460197,0.6996234059333801,0.39251434803009033,-0.014049221761524677,0.7527949213981628,0.5330106019973755,-0.011181583628058434,0.7452219724655151,0.4850600063800812,-0.015827447175979614,0.7366608381271362,0.4538438320159912,-0.01557767204940319,0.7271020412445068,0.4257410168647766,-0.014817769639194012
0.6963093876838684,0.6795928478240967,-1.2287190997994912e-07,0.6626070141792297,0.6452363729476929,-0.0002581088338047266,0.6430367231369019,0.5973251461982727,-0.0017279927851632237,0.6226421594619751,0.5619252324104309,-0.007643029093742371,0.6077136993408203,0.526779294013977,-0.013064551167190075,0.6758350133895874,0.5489916801452637,0.02179623953998089,0.6564656496047974,0.5082882046699524,0.005767433904111385,0.6333954334259033,0.5085594654083252,-0.011526969261467457,0.6148491501808167,0.5168710350990295,-0.021084683015942574,0.6857501268386841,0.540841281414032,0.013619323261082172,0.6687782406806946,0.4841335415840149,0.0058533563278615475,0.6514506936073303,0.4510990381240845,-0.00394478440284729,0.6363705992698669,0.4220660924911499,-0.010691322386264801,0.6998594403266907,0.5415621399879456,0.0011918942909687757,0.6857575178146362,0.48302727937698364,-0.00585554726421833,0.6722389459609985,0.44750964641571045,-0.010772123001515865,0.6593326926231384,0.41704416275024414,-0.013412713073194027,0.7149105072021484,0.5491326451301575,-0.012609800323843956,0.7060842514038086,0.5009817481040955,-0.01615265943109989,0.697234570980072,0.47084811329841614,-0.01563166081905365,0.6874291300773621,0.4446265995502472,-0.01493594329804182
0.6715553402900696,0.6780641078948975,-1.1881871841978864e-07,0.6388971209526062,0.6479657888412476,-0.0027106287889182568,0.6179311871528625,0.5983024835586548,-0.0037687753792852163,0.5978675484657288,0.5638588070869446,-0.008076876401901245,0.5849341750144958,0.5299262404441833,-0.011662887409329414,0.6499150395393372,0.5523735880851746,0.01710674911737442,0.6300252079963684,0.5148414969444275,0.0010035330196842551,0.6067677140235901,0.512320876121521,-0.01550072431564331,0.5887376070022583,0.5182210206985474,-0.024256715551018715,0.66133052110672,0.543131947517395,0.011271992698311806,0.6443877220153809,0.4896928071975708,0.004014520440250635,0.6277139782905579,0.4568612277507782,-0.004228116013109684,0.6134009957313538,0.4282521605491638,-0.009679590351879597,0.6773495078086853,0.5436152815818787,0.0013059349730610847,0.6631789207458496,0.4882452189922333,-0.005684764124453068,0.6493287682533264,0.4530670940876007,-0.009721243754029274,0.6362459063529968,0.4220109283924103,-0.011416156776249409,0.6936715841293335,0.5509205460548401,-0.010097538121044636,0.683729887008667,0.5041365027427673,-0.014187220484018326,0.6744014620780945,0.4750385284423828,-0.013708490878343582,0.6642967462539673,0.44879406690597534,-0.012651262804865837
0.6179928183555603,0.716711163520813,-1.319459244086829e-07,0.5804802775382996,0.6855758428573608,0.00047821091720834374,0.5577256083488464,0.6367582678794861,-0.00036955380346626043,0.5365118384361267,0.6005367636680603,-0.0059122624807059765,0.519984245300293,0.5679879188537598,-0.010625890456140041,0.5906920433044434,0.5829259753227234,0.024525662884116173,0.5663673877716064,0.5469233989715576,0.00877920538187027,0.541176438331604,0.5484504699707031,-0.008649343624711037,0.5209957361221313,0.5549412965774536,-0.018240947276353836,0.6004646420478821,0.572145938873291,0.015808677300810814,0.5812565684318542,0.5152155756950378,0.008092098869383335,0.5614953637123108,0.4812432527542114,-0.0010678439866751432,0.5445908308029175,0.4509158134460449,-0.007129950448870659,0.6138056516647339,0.5718727111816406,0.002690989291295409,0.5993780493736267,0.5124527215957642,-0.003943316638469696,0.5844935178756714,0.47700148820877075,-0.007781802676618099,0.5711891651153564,0.44760751724243164,-0.009416918270289898,0.6270723938941956,0.5786530375480652,-0.011984268203377724,0.6174935698509216,0.5299419164657593,-0.013706104829907417,0.6065963506698608,0.5005876421928406,-0.011827881447970867,0.5951921343803406,0.4761011302471161,-0.010166277177631855
0.6137309074401855,0.7259617447853088,-1.1946895028813742e-07,0.5782334804534912,0.6940760612487793,-0.0015323717379942536,0.5535687804222107,0.638720691204071,-0.001930074766278267,0.5327417850494385,0.5994669795036316,-0.00623706728219986,0.5166482329368591,0.5638245940208435,-0.0096902372315526,0.5866625905036926,0.5840394496917725,0.020477233454585075,0.5642924904823303,0.5450726747512817,0.005397769156843424,0.5395747423171997,0.5466164350509644,-0.011370262131094933,0.5201939940452576,0.5552961230278015,-0.02091517113149166,0.5979255437850952,0.5757122039794922,0.012620980851352215,0.5793616771697998,0.5170471668243408,0.006564893294125795,0.5609152913093567,0.48115038871765137,-0.00265310425311327,0.5461929440498352,0.45055049657821655,-0.0096235116943717,0.6129679083824158,0.579399824142456,0.00038177400710992515,0.6002862453460693,0.518602192401886,-0.006828380282968283,0.5861939787864685,0.48137524724006653,-0.012535320594906807,0.5739762783050537,0.45068031549453735,-0.01600029692053795,0.6280666589736938,0.5908031463623047,-0.013266968540847301,0.6188681125640869,0.540868878364563,-0.018297648057341576,0.6086704730987549,0.5095638036727905,-0.019084177911281586,0.5978094339370728,0.48217594623565674,-0.01944301649928093
0.587162435054779,0.7305026650428772,-1.3006888366362546e-07,0.5514563918113708,0.6939464211463928,-0.0033477446995675564,0.5308547616004944,0.6356321573257446,-0.0064107016660273075,0.5114866495132446,0.5951334834098816,-0.013149397447705269,0.49821510910987854,0.5570428371429443,-0.019238237291574478,0.5658986568450928,0.5789963603019714,0.015097467228770256,0.5448790788650513,0.5378377437591553,-0.005879069212824106,0.5181558132171631,0.5355482697486877,-0.027321962639689445,0.49677279591560364,0.542942225933075,-0.03890762850642204,0.5785642266273499,0.5708342790603638,0.008157949894666672,0.5630763173103333,0.5098236799240112,-0.0003896492999047041,0.5451284646987915,0.4719843864440918,-0.01054419856518507,0.5296173095703125,0.4403432011604309,-0.01761319860816002,0.5962214469909668,0.5742172002792358,-0.003163099754601717,0.5819700956344604,0.509403645992279,-0.010465318337082863,0.5672129392623901,0.4687143862247467,-0.014997217804193497,0.5539822578430176,0.4336487650871277,-0.017548298463225365,0.6138074994087219,0.5871558785438538,-0.016236145049333572,0.6057970523834229,0.5358114838600159,-0.020451104268431664,0.5971859693527222,0.5029693245887756,-0.019593819975852966,0.5880122780799866,0.47397327423095703,-0.018379351124167442
0.5604516267776489,0.7119616270065308,-7.175640348577872e-08,0.5222170948982239,0.6725926995277405,-0.009487990289926529,0.49646008014678955,0.6076159477233887,-0.016759907826781273,0.47494351863861084,0.5603398084640503,-0.026497604325413704,0.4648536145687103,0.5145818591117859,-0.03508128970861435,0.5362074971199036,0.5476613640785217,0.004753296263515949,0.5194921493530273,0.4969715178012848,-0.01835402473807335,0.5010775923728943,0.49223408102989197,-0.03830274939537048,0.4878710210323334,0.4965292811393738,-0.049231283366680145,0.5528494119644165,0.5416115522384644,-0.0022671001497656107,0.534734308719635,0.4710897207260132,-0.017003607004880905,0.5172467231750488,0.42731738090515137,-0.029553929343819618,0.5018602609634399,0.38874703645706177,-0.037766579538583755,0.5729170441627502,0.550079882144928,-0.013916433788836002,0.5603899359703064,0.47640344500541687,-0.028868230059742928,0.5472975373268127,0.43068426847457886,-0.03656464442610741,0.5346167087554932,0.3890957236289978,-0.040301740169525146,0.592749834060669,0.5688862204551697,-0.027185337617993355,0.5849611759185791,0.5078078508377075,-0.038371823728084564,0.5757080316543579,0.46797528862953186,-0.04136538878083229,0.5650860667228699,0.4321163296699524,-0.04232599213719368
0.5619980096817017,0.6602906584739685,-1.0692080110175084e-07,0.5169490575790405,0.6183422803878784,-0.007897396571934223,0.4874224066734314,0.5487516522407532,-0.01435930747538805,0.4627867043018341,0.4974774122238159,-0.024560514837503433,0.4457637071609497,0.4478415846824646,-0.03315027058124542,0.5250847935676575,0.47900062799453735,0.011377664282917976,0.5037558078765869,0.4197988212108612,-0.01401964109390974,0.4821084439754486,0.4223601818084717,-0.036869876086711884,0.4671817123889923,0.4371144473552704,-0.049010515213012695,0.5435393452644348,0.46939998865127563,0.0031717494130134583,0.5223045349121094,0.39326804876327515,-0.009663012810051441,0.5026640892028809,0.34667670726776123,-0.021956345066428185,0.4858325719833374,0.3086613416671753,-0.030710522085428238,0.5654900074005127,0.4766150116920471,-0.010580604895949364,0.5511331558227539,0.39824870228767395,-0.022380702197551727,0.5374864339828491,0.35287362337112427,-0.028057999908924103,0.5240534543991089,0.31385794281959534,-0.03153849393129349,0.5868833661079407,0.49594831466674805,-0.0264678206294775,0.5781387090682983,0.4337437152862549,-0.035010918974876404,0.568056046962738,0.3934043049812317,-0.036104246973991394,0.556706428527832,0.35684657096862793,-0.03624220937490463
0.5745994448661804,0.6284598708152771,-1.1812294076207763e-07,0.5305752754211426,0.5780203342437744,-0.0070737977512180805,0.5010582208633423,0.5077745914459229,-0.012604853138327599,0.47535473108291626,0.45509904623031616,-0.022623741999268532,0.46003949642181396,0.40404820442199707,-0.03128911554813385,0.5384806394577026,0.4408343434333801,0.018260927870869637,0.5144758820533752,0.38394737243652344,-0.009014002978801727,0.4872390925884247,0.3885210454463959,-0.03466195985674858,0.4683361053466797,0.40650230646133423,-0.048027850687503815,0.556847870349884,0.4307132363319397,0.010112440213561058,0.5375579595565796,0.3543301820755005,-0.0021316769998520613,0.5162827968597412,0.3075057864189148,-0.014646219089627266,0.4979581832885742,0.2672123312950134,-0.02343468926846981,0.5798813104629517,0.4376693069934845,-0.004334559664130211,0.5656101703643799,0.3594823479652405,-0.015429099090397358,0.5495573282241821,0.31297045946121216,-0.020748546347022057,0.5340237617492676,0.27235203981399536,-0.023632844910025597,0.6024371385574341,0.4567039906978607,-0.021161627024412155,0.5942126512527466,0.39384713768959045,-0.028430422767996788,0.5834031701087952,0.3527570366859436,-0.028478920459747314,0.5714514255523682,0.3149257302284241,-0.027758557349443436
0.6610401272773743,0.5894296169281006,-1.2786586012225598e-07,0.6164857745170593,0.5298317074775696,-0.0029765476938337088,0.5923779606819153,0.4513082504272461,-0.004766831640154123,0.5700884461402893,0.39192497730255127,-0.012440967373549938,0.5592559576034546,0.3366676867008209,-0.01891745626926422,0.6394773125648499,0.3879530429840088,0.030991677194833755,0.61886066198349,0.32312437891960144,0.004363358020782471,0.5887047052383423,0.3175959885120392,-0.02231639251112938,0.5653668642044067,0.3282034397125244,-0.036185070872306824,0.6590408682823181,0.377796471118927,0.021278411149978638,0.6460906863212585,0.29248949885368347,0.00846309494227171,0.6284505128860474,0.23827390372753143,-0.006354806013405323,0.6135232448577881,0.18977056443691254,-0.01603778637945652,0.6842519044876099,0.38561880588531494,0.004864145535975695,0.6778181195259094,0.29939085245132446,-0.007158951368182898,0.6648626327514648,0.24553872644901276,-0.01467945333570242,0.6517727971076965,0.19863949716091156,-0.018042679876089096,0.7096644639968872,0.40588513016700745,-0.013646461069583893,0.7068977355957031,0.3368641436100006,-0.02014097571372986,0.6986474990844727,0.2929479777812958,-0.019833192229270935,0.6888980865478516,0.25298207998275757,-0.018485143780708313
0.7353693842887878,0.5538028478622437,-6.206325764424037e-08,0.6887057423591614,0.49689197540283203,-0.01125345565378666,0.6641833782196045,0.41005244851112366,-0.015695879235863686,0.6455217599868774,0.3425992727279663,-0.023691367357969284,0.6383623480796814,0.28257063031196594,-0.02994813583791256,0.7078872323036194,0.34882864356040955,0.020075218752026558,0.6916700601577759,0.28021714091300964,-0.00471631670370698,0.670529842376709,0.27020227909088135,-0.02864118292927742,0.6549457907676697,0.2729946970939636,-0.041778139770030975,0.7336682677268982,0.3363720178604126,0.013266094028949738,0.7201793789863586,0.24652624130249023,0.0009262679377570748,0.705905556678772,0.1898580938577652,-0.013921526260674,0.6931337714195251,0.13969847559928894,-0.02446165680885315,0.763664722442627,0.34384527802467346,-0.0001255390961887315,0.7549723386764526,0.2563675045967102,-0.012798014096915722,0.7454826831817627,0.2007279247045517,-0.02164793759584427,0.7338783740997314,0.14989878237247467,-0.027020104229450226,0.7944473028182983,0.365526407957077,-0.01602984592318535,0.7886189818382263,0.2943912148475647,-0.02421708218753338,0.7805630564689636,0.24832646548748016,-0.025661757215857506,0.7700190544128418,0.20493052899837494,-0.026389455422759056
0.7344090342521667,0.5241698026657104,-7.24107920291317e-08,0.6844594478607178,0.469849169254303,-0.010916109196841717,0.6560471057891846,0.38275277614593506,-0.01504568848758936,0.6372867226600647,0.31522390246391296,-0.022597523406147957,0.6334419846534729,0.25608372688293457,-0.028918134048581123,0.6998018026351929,0.3226363956928253,0.018630756065249443,0.6831355094909668,0.2602745294570923,-0.007207497023046017,0.661592423915863,0.24414798617362976,-0.03193206712603569,0.6431325078010559,0.2389996349811554,-0.045711878687143326,0.7275683283805847,0.30703940987586975,0.01151258870959282,0.7125645279884338,0.2191934585571289,-0.003558514639735222,0.6973650455474854,0.16232305765151978,-0.01951678656041622,0.6835099458694458,0.11108420789241791,-0.030209647491574287,0.759477436542511,0.3102324306964874,-0.001959618180990219,0.7488494515419006,0.22327256202697754,-0.017611857503652573,0.7360649704933167,0.1685652881860733,-0.027285374701023102,0.7217782735824585,0.11779193580150604,-0.03225215896964073,0.7921690344810486,0.32717788219451904,-0.017696265131235123,0.7848467230796814,0.25599056482315063,-0.027733314782381058,0.7755732536315918,0.21172496676445007,-0.029650205746293068,0.7627081871032715,0.1708349585533142,-0.030168047174811363
0.6783531904220581,0.5035254955291748,-9.065472283964482e-08,0.6194716691970825,0.45803016424179077,-0.010516975075006485,0.5846722722053528,0.3754073977470398,-0.012581507675349712,0.5574929714202881,0.3089040517807007,-0.01882239617407322,0.5451560020446777,0.25096824765205383,-0.023533081635832787,0.6273143291473389,0.31499868631362915,0.028221240267157555,0.6040010452270508,0.25116315484046936,0.003984158858656883,0.576165497303009,0.23736461997032166,-0.020501432940363884,0.5537932515144348,0.2377621829509735,-0.03359230235219002,0.6508505940437317,0.2929913103580475,0.022052714601159096,0.628615140914917,0.20915870368480682,0.010965051129460335,0.6057880520820618,0.15532127022743225,-0.00329303159378469,0.5854493379592896,0.10952980816364288,-0.012848073616623878,0.6813119649887085,0.2876000702381134,0.00857244711369276,0.6636398434638977,0.20428186655044556,-0.0030299995560199022,0.6452050805091858,0.15113641321659088,-0.011447500437498093,0.626295268535614,0.10565291345119476,-0.015694791451096535,0.7133223414421082,0.29473310708999634,-0.007641179487109184,0.6996489763259888,0.2252228558063507,-0.014734076336026192,0.6859913468360901,0.1811942160129547,-0.015879742801189423,0.6698773503303528,0.1422625035047531,-0.015827791765332222
0.6700601577758789,0.5843214392662048,-1.3804508114390046e-07,0.6126556396484375,0.5330239534378052,-0.010662439279258251,0.5759144425392151,0.4477119445800781,-0.015099435113370419,0.5463939905166626,0.3799525499343872,-0.024072689935564995,0.5307097434997559,0.31474897265434265,-0.031297069042921066,0.6273475885391235,0.37814828753471375,0.026337208226323128,0.6009149551391602,0.3124021291732788,-0.0016183963743969798,0.5709964632987976,0.3011465072631836,-0.029301702976226807,0.5475110411643982,0.30522215366363525,-0.04403555393218994,0.6515313386917114,0.3599579334259033,0.018503738567233086,0.6292051076889038,0.2661477029323578,0.005484490189701319,0.6057594418525696,0.20873621106147766,-0.009874101728200912,0.5864360332489014,0.16129618883132935,-0.019987599924206734,0.6832329034805298,0.3598073720932007,0.003050608094781637,0.6648489832878113,0.2645937204360962,-0.010928461328148842,0.6464091539382935,0.20447424054145813,-0.01960078813135624,0.6289335489273071,0.1542321741580963,-0.023416446521878242,0.7170567512512207,0.37312039732933044,-0.015120473690330982,0.7052327394485474,0.2940196096897125,-0.0242630522698164,0.6905432343482971,0.2445453554391861,-0.025151774287223816,0.6733699440956116,0.2021777182817459,-0.024324195459485054
0.7072600722312927,0.5930546522140503,-1.0060858812721563e-07,0.6515718102455139,0.5404133200645447,-0.01141021866351366,0.6149330139160156,0.4505588710308075,-0.016504107043147087,0.5870348811149597,0.37850338220596313,-0.02573682740330696,0.5760730504989624,0.3115979731082916,-0.03330094739794731,0.664513349533081,0.37418460845947266,0.020961996167898178,0.6376739740371704,0.3035445511341095,-0.009083886630833149,0.60715252161026,0.2960285246372223,-0.03768403083086014,0.5832828879356384,0.3042559027671814,-0.05293339863419533,0.6902332305908203,0.3565044403076172,0.013389626517891884,0.6707513928413391,0.2587926387786865,-0.0023650014773011208,0.6502833962440491,0.19769078493118286,-0.018775172531604767,0.6325210928916931,0.14426130056381226,-0.029591616243124008,0.7229897379875183,0.35993024706840515,-0.001467869384214282,0.7098037600517273,0.26193249225616455,-0.016543952748179436,0.6940528750419617,0.2011231631040573,-0.025284526869654655,0.6777751445770264,0.1475846767425537,-0.029654450714588165,0.7573804259300232,0.37874555587768555,-0.019006427377462387,0.7479371428489685,0.29956966638565063,-0.028225580230355263,0.7373194694519043,0.24884909391403198,-0.028825100511312485,0.7241576313972473,0.20275744795799255,-0.02824617363512516
0.7404974699020386,0.6008591055870056,-8.36929530123598e-08,0.6808626651763916,0.54450523853302,-0.013705596327781677,0.6437773704528809,0.450513631105423,-0.019437355920672417,0.6145207285881042,0.3772170841693878,-0.0293081346899271,0.5979252457618713,0.3105889558792114,-0.03730933368206024,0.6904791593551636,0.3747682571411133,0.024502065032720566,0.6658187508583069,0.30203548073768616,-0.0030860817059874535,0.6382590532302856,0.29241666197776794,-0.030343905091285706,0.6178814172744751,0.29782161116600037,-0.04519196227192879,0.7184019088745117,0.3574962913990021,0.0177047997713089,0.6955408453941345,0.2615808844566345,0.005386972334235907,0.6741100549697876,0.20075960457324982,-0.010323218069970608,0.6556940674781799,0.14680242538452148,-0.021500959992408752,0.7536200284957886,0.3604757785797119,0.003029552521184087,0.7359867691993713,0.2650347948074341,-0.009832841344177723,0.7192515134811401,0.20291152596473694,-0.018963230773806572,0.7013736963272095,0.14733290672302246,-0.024483343586325645,0.7912963032722473,0.3781220614910126,-0.014750425703823566,0.7782857418060303,0.2993486523628235,-0.023299220949411392,0.7652891874313354,0.24821771681308746,-0.024599995464086533,0.7501499652862549,0.2002178579568863,-0.025092530995607376
0.7170741558074951,0.6139240264892578,-1.8589456374229485e-07,0.6562191843986511,0.556083083152771,-0.010583561845123768,0.6184622049331665,0.4632093906402588,-0.017490634694695473,0.5884051322937012,0.39315131306648254,-0.029313070699572563,0.5729343295097351,0.32498955726623535,-0.03924056887626648,0.6771467924118042,0.3792140483856201,0.02175077795982361,0.6497223973274231,0.3014094829559326,-0.01085719745606184,0.6153776049613953,0.3018544614315033,-0.04211883246898651,0.5912778377532959,0.3206845223903656,-0.05872132256627083,0.7022706270217896,0.3643726408481598,0.012571696192026138,0.6821032762527466,0.26591187715530396,-0.0035980073735117912,0.6540436744689941,0.20494374632835388,-0.02045489102602005,0.6296538710594177,0.15559127926826477,-0.03190886974334717,0.7336152791976929,0.3700977861881256,-0.004327305592596531,0.7188708782196045,0.2668130397796631,-0.018434852361679077,0.6983793377876282,0.20182554423809052,-0.026138870045542717,0.6795480847358704,0.14583134651184082,-0.03025210276246071,0.7640018463134766,0.3910291790962219,-0.024194449186325073,0.7550816535949707,0.30650588870048523,-0.03347856178879738,0.7425464987754822,0.25181475281715393,-0.03373093903064728,0.7294015884399414,0.20252864062786102,-0.03274746611714363
0.6919578909873962,0.6305694580078125,-1.7602957314011292e-07,0.630259096622467,0.579274594783783,-0.00868147611618042,0.5897305607795715,0.49001064896583557,-0.01322837546467781,0.5566785931587219,0.4247753322124481,-0.022931275889277458,0.5362033843994141,0.362953782081604,-0.03109484724700451,0.6391284465789795,0.4073212444782257,0.025317030027508736,0.6077528595924377,0.3408413529396057,-0.0033493060618638992,0.5751714706420898,0.3414148986339569,-0.03202449902892113,0.5527924299240112,0.35663166642189026,-0.047579966485500336,0.6616806983947754,0.39062759280204773,0.015669571235775948,0.6357699036598206,0.30025309324264526,0.00402185320854187,0.6073856949806213,0.24411557614803314,-0.01014648750424385,0.5840041637420654,0.1990392655134201,-0.02074836939573288,0.6906473636627197,0.39491304755210876,-0.0017090777400881052,0.6726195812225342,0.2998344600200653,-0.013178065419197083,0.6513427495956421,0.24200527369976044,-0.019918393343687057,0.6318249106407166,0.19304415583610535,-0.02421279437839985,0.7197481989860535,0.41461893916130066,-0.022078251466155052,0.7069180011749268,0.33623069524765015,-0.030438467860221863,0.6911088228225708,0.2857811450958252,-0.03120908886194229,0.6732470989227295,0.24063663184642792,-0.031321655958890915
0.6816048622131348,0.6338945627212524,-1.9630796543879114e-07,0.6137577891349792,0.5827915072441101,0.0010046883253380656,0.5783302187919617,0.5058740973472595,0.0013887474779039621,0.5503103733062744,0.446805477142334,-0.005447734612971544,0.5281096696853638,0.39353540539741516,-0.01143850851804018,0.625632107257843,0.4302090108394623,0.03949741646647453,0.5938079953193665,0.371711790561676,0.01862163282930851,0.5626364946365356,0.37443244457244873,-0.0055169169791042805,0.5403194427490234,0.386401504278183,-0.018719354644417763,0.6435826420783997,0.4151637852191925,0.027185406535863876,0.6167057156562805,0.3365069627761841,0.021427175030112267,0.5893910527229309,0.2898595929145813,0.010211777873337269,0.5661516189575195,0.2519000768661499,0.0013800286687910557,0.667275607585907,0.4163752496242523,0.008017027750611305,0.6461623311042786,0.33234938979148865,0.0031955132726579905,0.6244316101074219,0.28252142667770386,0.0002654219279065728,0.6046879291534424,0.2409099042415619,-0.002417529234662652,0.6901565194129944,0.4300515055656433,-0.013773893006145954,0.6764527559280396,0.3636119067668915,-0.015502555295825005,0.6640556454658508,0.31952163577079773,-0.012762795202434063,0.6515585780143738,0.2800898551940918,-0.011071781627833843
0.6682835817337036,0.6237605214118958,-1.613686038126616e-07,0.613427996635437,0.5842784643173218,-0.003470553318038583,0.5791218280792236,0.5150322914123535,-0.003388670040294528,0.5512389540672302,0.4619824290275574,-0.008681113831698895,0.5302909016609192,0.4141899645328522,-0.012837792746722698,0.6206030249595642,0.44686976075172424,0.0338420607149601,0.5920427441596985,0.39528563618659973,0.01436664443463087,0.5610904097557068,0.39491569995880127,-0.008121051825582981,0.5381553173065186,0.405913770198822,-0.0203065425157547,0.6370857954025269,0.43157657980918884,0.025500236079096794,0.612917423248291,0.35901254415512085,0.019956404343247414,0.586730420589447,0.315671443939209,0.009173396974802017,0.5645516514778137,0.2786915898323059,0.0010246626334264874,0.659653902053833,0.4303765594959259,0.010473081842064857,0.6395832896232605,0.35444459319114685,0.004469824954867363,0.6182775497436523,0.30841854214668274,-0.0003092892875429243,0.5989441871643066,0.269456148147583,-0.003338827285915613,0.6829696893692017,0.4395185708999634,-0.007069372572004795,0.6677964329719543,0.3757486641407013,-0.010598069988191128,0.6529515981674194,0.335967093706131,-0.009561521001160145,0.6373829245567322,0.2999346852302551,-0.008561319671571255
0.6609916090965271,0.6201238632202148,-1.7511966632355325e-07,0.6081631183624268,0.5803925395011902,-0.0004423968493938446,0.578009843826294,0.5170896053314209,0.0006672141025774181,0.5523273944854736,0.46931010484695435,-0.003341785166412592,0.5329716205596924,0.4241201877593994,-0.005967878736555576,0.6212046146392822,0.4564272165298462,0.032348763197660446,0.5934656858444214,0.4046933948993683,0.015305779874324799,0.5629897713661194,0.4078461825847626,-0.0052164881490170956,0.5405254364013672,0.42117738723754883,-0.016367962583899498,0.635635256767273,0.4422554075717926,0.024053523316979408,0.6113044023513794,0.3728642463684082,0.01913389563560486,0.585616409778595,0.33241838216781616,0.00828116200864315,0.5635398626327515,0.297792911529541,4.7601151891285554e-05,0.6553337574005127,0.4396030604839325,0.010181215591728687,0.6347495913505554,0.3672204613685608,0.005947553087025881,0.6144793629646301,0.32300567626953125,0.0010167151922360063,0.5963338017463684,0.285442590713501,-0.0024162721820175648,0.6746297478675842,0.4454633295536041,-0.005648947320878506,0.6611144542694092,0.3843919634819031,-0.006616326980292797,0.6483051180839539,0.34687983989715576,-0.004795310087502003,0.6351358890533447,0.3133273720741272,-0.003591622458770871
0.6139385104179382,0.6687039136886597,-2.50711480020982e-07,0.5511915683746338,0.6314200758934021,0.01423045713454485,0.5167418122291565,0.5737837553024292,0.019870124757289886,0.49125486612319946,0.5338993072509766,0.01759098283946514,0.4697878658771515,0.4940008521080017,0.015533532947301865,0.5588269233703613,0.4948693811893463,0.04344363138079643,0.5197155475616455,0.4558413028717041,0.026574591174721718,0.4874139428138733,0.46931350231170654,0.002397659933194518,0.46401679515838623,0.48934152722358704,-0.011286105960607529,0.5717114210128784,0.48509475588798523,0.027438610792160034,0.5372496843338013,0.41849642992019653,0.025540754199028015,0.5080623626708984,0.3830806016921997,0.013122521340847015,0.4839930534362793,0.35689419507980347,0.0029196038376539946,0.5887353420257568,0.4859490692615509,0.006916574202477932,0.5598021149635315,0.4108324348926544,0.007304984610527754,0.5353904366493225,0.368480384349823,0.0027420271653681993,0.5168418884277344,0.3358333110809326,-0.002112746937200427,0.6023857593536377,0.4942910969257355,-0.014609701000154018,0.5859998464584351,0.4373592734336853,-0.012519313022494316,0.5709376335144043,0.4006360173225403,-0.00933484174311161,0.5558072328567505,0.36666762828826904,-0.007792337331920862
0.5875366926193237,0.7155993580818176,-2.781333421353338e-07,0.52237868309021,0.6726553440093994,0.03886253759264946,0.4890875220298767,0.6238976120948792,0.050925735384225845,0.4571332633495331,0.5920200347900391,0.04815718159079552,0.4277598559856415,0.5538142919540405,0.044523801654577255,0.5259748697280884,0.5437797904014587,0.07628089189529419,0.480861634016037,0.5036976337432861,0.06811508536338806,0.4484159052371979,0.5209059119224548,0.05001499876379967,0.42839086055755615,0.5458874702453613,0.041084714233875275,0.5368444919586182,0.5336562395095825,0.0479193814098835,0.494739830493927,0.46372997760772705,0.05683547630906105,0.4591234028339386,0.43376582860946655,0.05177386477589607,0.4314107894897461,0.41305527091026306,0.046322643756866455,0.546809732913971,0.5333786606788635,0.01564144343137741,0.5138358473777771,0.4539644420146942,0.027451379224658012,0.48262912034988403,0.4167039394378662,0.03402587026357651,0.4598483145236969,0.39321762323379517,0.035703711211681366,0.5497339963912964,0.5365411639213562,-0.01662588119506836,0.5268747210502625,0.47458019852638245,-0.004787878133356571,0.5061718225479126,0.43840622901916504,0.006557876709848642,0.48567503690719604,0.40795549750328064,0.013641944155097008
0.5894927382469177,0.7251295447349548,-2.058364572121718e-07,0.5161620378494263,0.6824303865432739,0.04057300090789795,0.4779290556907654,0.6354028582572937,0.05337422341108322,0.44379740953445435,0.6055788397789001,0.05152370035648346,0.4121783673763275,0.567243754863739,0.049036167562007904,0.5181593894958496,0.5563902854919434,0.07636023312807083,0.4713597893714905,0.5144937634468079,0.06908836960792542,0.4398776590824127,0.5321981310844421,0.05352172628045082,0.4203057289123535,0.557017982006073,0.04601479694247246,0.5295829772949219,0.547451913356781,0.04697313532233238,0.48448532819747925,0.4795114994049072,0.056417226791381836,0.4500558376312256,0.45122843980789185,0.054467540234327316,0.4224480390548706,0.4302421808242798,0.05152503401041031,0.5415428876876831,0.5511062145233154,0.013675035908818245,0.5012553930282593,0.47532790899276733,0.02408677525818348,0.47133851051330566,0.43716973066329956,0.03350448980927467,0.44946813583374023,0.40873241424560547,0.03758545592427254,0.5487663745880127,0.5604226589202881,-0.01930052414536476,0.5217325687408447,0.5022519826889038,-0.010389842092990875,0.5019931793212891,0.4666597843170166,0.0014091570628806949,0.4833967983722687,0.4343870282173157,0.00947350263595581
0.5832294821739197,0.7135424017906189,-1.8367569509791792e-07,0.5210947394371033,0.6800544261932373,0.02383199892938137,0.48531731963157654,0.6342033743858337,0.03058774396777153,0.45199263095855713,0.6028328537940979,0.026612425222992897,0.42384815216064453,0.5667701363563538,0.022997627034783363,0.5204376578330994,0.5578145384788513,0.056382182985544205,0.4786512553691864,0.5167646408081055,0.0454237200319767,0.44864362478256226,0.5328741073608398,0.02817652001976967,0.42970943450927734,0.5564084053039551,0.019568532705307007,0.529857337474823,0.5474188327789307,0.03632703423500061,0.4909016788005829,0.4834786057472229,0.042225614190101624,0.4594401717185974,0.456020712852478,0.03868373855948448,0.4345766603946686,0.43462538719177246,0.034607939422130585,0.5421087741851807,0.5477093458175659,0.01185208186507225,0.5084598660469055,0.47690916061401367,0.0197345782071352,0.4806889295578003,0.44046497344970703,0.025186747312545776,0.4606954753398895,0.4133577346801758,0.026578830555081367,0.5514703392982483,0.5544494986534119,-0.013433689251542091,0.5294676423072815,0.4998841881752014,-0.006034043151885271,0.5110456943511963,0.4663567543029785,0.002476495923474431,0.4942902624607086,0.4364497661590576,0.007915197871625423
0.6018937826156616,0.6870933175086975,-2.3026348117127782e-07,0.5439513921737671,0.6531746983528137,0.027418818324804306,0.5111397504806519,0.6023146510124207,0.039331696927547455,0.4808558225631714,0.5700058341026306,0.04065233841538429,0.4547286033630371,0.5349531173706055,0.04226718842983246,0.5479878783226013,0.5321100354194641,0.062199629843235016,0.5085718631744385,0.4946688413619995,0.056463271379470825,0.47809967398643494,0.5044997930526733,0.04208814352750778,0.4586740732192993,0.522027850151062,0.034814488142728806,0.558138906955719,0.5193227529525757,0.042221080511808395,0.5192545652389526,0.45772480964660645,0.05177663639187813,0.4896728992462158,0.4280236065387726,0.048109736293554306,0.4651821553707123,0.4031102657318115,0.04351605102419853,0.5703418254852295,0.5155864953994751,0.018465200439095497,0.5371497273445129,0.4476889669895172,0.02803506702184677,0.5101622939109802,0.41042572259902954,0.030297091230750084,0.48902958631515503,0.381030410528183,0.029371969401836395,0.5801583528518677,0.5161751508712769,-0.005442225839942694,0.5612233281135559,0.46135807037353516,0.00389364967122674,0.5441997647285461,0.4279205799102783,0.01152856182307005,0.5269776582717896,0.400542676448822,0.015796935185790062
0.636020839214325,0.6236371397972107,-2.3794440195956668e-08,0.595986008644104,0.5510388016700745,0.014787910506129265,0.5816988945007324,0.47865766286849976,0.01683538220822811,0.5643115639686584,0.42902427911758423,0.01051459088921547,0.5507535338401794,0.38011759519577026,0.003087791847065091,0.64138263463974,0.42287492752075195,0.02599937468767166,0.6162838339805603,0.3603559732437134,0.008832966908812523,0.586179792881012,0.3653416633605957,-0.0109993452206254,0.5681111216545105,0.3837031126022339,-0.023499222472310066,0.6590391993522644,0.41979897022247314,0.003771304851397872,0.6521706581115723,0.3295091390609741,-0.004153450019657612,0.6403722167015076,0.2737816572189331,-0.020401060581207275,0.6333119869232178,0.2310856282711029,-0.03475699946284294,0.6728891134262085,0.43601173162460327,-0.020981913432478905,0.6798732280731201,0.3447229266166687,-0.030679168179631233,0.6774890422821045,0.2878683805465698,-0.04300638288259506,0.6763216257095337,0.24258199334144592,-0.05450328439474106,0.6803504228591919,0.46417146921157837,-0.0451921746134758,0.6915874481201172,0.3997132182121277,-0.05561186373233795,0.6946645975112915,0.35356593132019043,-0.059492576867341995,0.6959546804428101,0.3113541007041931,-0.06387383490800858
0.66544109582901,0.6091634035110474,-1.2216806055675988e-07,0.624394953250885,0.5306575894355774,5.027298902859911e-05,0.6093606948852539,0.4469331204891205,-0.004152493551373482,0.5951582193374634,0.38848602771759033,-0.014070471748709679,0.5939430594444275,0.33254343271255493,-0.023311546072363853,0.6844632625579834,0.393612265586853,0.01905878446996212,0.6723120212554932,0.3250311613082886,-0.007855294272303581,0.6355624794960022,0.3198232352733612,-0.03414282202720642,0.6082032322883606,0.3332805037498474,-0.04834529012441635,0.7057269811630249,0.39492085576057434,0.005074129905551672,0.7125141620635986,0.30354517698287964,-0.006696206983178854,0.7086301445960999,0.24269630014896393,-0.019379179924726486,0.7080039381980896,0.19150176644325256,-0.029032155871391296,0.7258556485176086,0.4161125719547272,-0.014577927067875862,0.742564857006073,0.32415127754211426,-0.026591196656227112,0.747861921787262,0.26281189918518066,-0.033842362463474274,0.7527219653129578,0.20905159413814545,-0.038844168186187744,0.7412711381912231,0.44888168573379517,-0.03573913872241974,0.7560657262802124,0.3796609342098236,-0.04581226035952568,0.7617801427841187,0.3297252058982849,-0.04664838686585426,0.766649067401886,0.281579852104187,-0.04676102101802826
0.666107714176178,0.6079466938972473,-1.0471025291280966e-07,0.6225199699401855,0.5381643772125244,-0.003680046182125807,0.6094938516616821,0.4546404182910919,-0.007466005627065897,0.597989022731781,0.3894454836845398,-0.016467664390802383,0.5944615602493286,0.3315085768699646,-0.024285808205604553,0.6805241107940674,0.4044361114501953,0.02388857491314411,0.6682984828948975,0.3356834053993225,-0.002678751479834318,0.6350471377372742,0.32456257939338684,-0.02877158485352993,0.6102538108825684,0.33296146988868713,-0.04202670231461525,0.7034396529197693,0.3999731242656708,0.013499168679118156,0.7125012278556824,0.3084332346916199,0.0018880566349253058,0.7094712257385254,0.24657656252384186,-0.009852331131696701,0.7098424434661865,0.19352883100509644,-0.017468389123678207,0.7262088060379028,0.41512998938560486,-0.003297643968835473,0.7431653141975403,0.32605916261672974,-0.014063745737075806,0.7495129108428955,0.2656736373901367,-0.019304906949400902,0.7553389072418213,0.21228905022144318,-0.021555859595537186,0.7435327172279358,0.4439348578453064,-0.022265600040555,0.7603718042373657,0.3748701214790344,-0.027629364281892776,0.7674811482429504,0.32705503702163696,-0.02525211125612259,0.7725607752799988,0.28261810541152954,-0.02268107421696186
0.5844330787658691,0.593989372253418,-1.1683252409966371e-07,0.5494756698608398,0.5256419777870178,-0.0016773915849626064,0.5422504544258118,0.45683014392852783,-0.005965423304587603,0.5331560373306274,0.4004855751991272,-0.015527398325502872,0.5314235091209412,0.3495444059371948,-0.024378780275583267,0.6113379001617432,0.4153060019016266,0.020958632230758667,0.5980729460716248,0.3521628975868225,-0.004506206139922142,0.5655556917190552,0.33951008319854736,-0.029842166230082512,0.5411664247512817,0.34529241919517517,-0.04278426617383957,0.6283431649208069,0.41190779209136963,0.01079544797539711,0.6394966840744019,0.32863497734069824,-0.0007069797138683498,0.6345887780189514,0.2718577980995178,-0.013182658702135086,0.6332971453666687,0.22295129299163818,-0.0215064138174057,0.6446678638458252,0.4242863655090332,-0.004658997058868408,0.6625733971595764,0.3444908857345581,-0.014215788803994656,0.6653549075126648,0.2918602228164673,-0.019725866615772247,0.6681658625602722,0.24745994806289673,-0.022406546398997307,0.6541990041732788,0.44809243083000183,-0.021927041932940483,0.6733161807060242,0.38898390531539917,-0.025469988584518433,0.6815184354782104,0.3472920358181,-0.0229590255767107,0.6877004504203796,0.3107122778892517,-0.02041122317314148
0.4953858554363251,0.5919884443283081,-2.4469599679832754e-07,0.46541082859039307,0.5175889730453491,0.020534712821245193,0.46480679512023926,0.4615705609321594,0.0270489901304245,0.4569331407546997,0.41634538769721985,0.024267718195915222,0.4522666335105896,0.37193161249160767,0.02129899151623249,0.5270612239837646,0.43308213353157043,0.04892668500542641,0.5089805722236633,0.3794874846935272,0.0346299447119236,0.47780728340148926,0.37102261185646057,0.015036269091069698,0.4564208686351776,0.3764284551143646,0.005676988046616316,0.5433873534202576,0.4314369559288025,0.031245939433574677,0.5449314713478088,0.3577370047569275,0.031776100397109985,0.5371362566947937,0.3082248568534851,0.02610972337424755,0.5320826172828674,0.2687719762325287,0.02134964056313038,0.5542556047439575,0.43847522139549255,0.009352569468319416,0.5662219524383545,0.366397500038147,0.011886782944202423,0.5660109519958496,0.3184473514556885,0.014081512577831745,0.5655412673950195,0.2830614149570465,0.015180659480392933,0.5554466247558594,0.4473339915275574,-0.01314338855445385,0.5699693560600281,0.39337393641471863,-0.006456918083131313,0.5734643936157227,0.3549049198627472,0.0019940112251788378,0.573860764503479,0.32263052463531494,0.007946515455842018
0.44331094622612,0.6157082319259644,5.622637218039017e-07,0.430728018283844,0.5170639157295227,0.0064060138538479805,0.4019860327243805,0.43393951654434204,0.010193681344389915,0.36831095814704895,0.3814809024333954,0.008627517148852348,0.3392428755760193,0.335920125246048,0.007418401539325714,0.40173640847206116,0.406012624502182,0.028759252279996872,0.40486589074134827,0.3284907341003418,0.02283460460603237,0.402374267578125,0.2744579315185547,0.016740646213293076,0.39902952313423157,0.23143868148326874,0.012166011147201061,0.38771677017211914,0.42510274052619934,0.01579810306429863,0.39582109451293945,0.33078497648239136,0.014344879426062107,0.38862425088882446,0.27757373452186584,0.011801560409367085,0.3828980028629303,0.23140788078308105,0.009896483272314072,0.3777543604373932,0.4559769928455353,-0.0008801096118986607,0.38478273153305054,0.36086615920066833,-0.007520792540162802,0.3800217807292938,0.3149733543395996,-0.009015442803502083,0.3793680965900421,0.2809746265411377,-0.008974997326731682,0.3731399178504944,0.4968690574169159,-0.018046213313937187,0.38392916321754456,0.4234488308429718,-0.025965159758925438,0.38410383462905884,0.38064315915107727,-0.027579376474022865,0.3869212865829468,0.34939199686050415,-0.02759440615773201
0.31428417563438416,0.4565795063972473,-1.9478133594930114e-07,0.2727070152759552,0.377704381942749,0.028410961851477623,0.2694603502750397,0.33073797821998596,0.03253788501024246,0.25509214401245117,0.2891526222229004,0.026699276641011238,0.2426435649394989,0.24561777710914612,0.018773091956973076,0.34578049182891846,0.3119332790374756,0.045014359056949615,0.3133060336112976,0.2516978681087494,0.03847352787852287,0.2786369323730469,0.2401573359966278,0.02333587035536766,0.25519639253616333,0.24183301627635956,0.013687603175640106,0.359002947807312,0.3140375316143036,0.02214626967906952,0.34001338481903076,0.2256956249475479,0.028183748945593834,0.320956826210022,0.17311851680278778,0.022078000009059906,0.31006956100463867,0.13676628470420837,0.012301690876483917,0.3552284240722656,0.31952759623527527,-0.002566685201600194,0.3515116572380066,0.22976891696453094,0.00288204662501812,0.34362971782684326,0.17382335662841797,0.0003713411570060998,0.3425065875053406,0.13587740063667297,-0.006717894226312637,0.334796667098999,0.3162772059440613,-0.026176009327173233,0.34157174825668335,0.2576969265937805,-0.02284427359700203,0.3445017635822296,0.21562299132347107,-0.021014176309108734,0.34736546874046326,0.17896732687950134,-0.023490674793720245
0.2853003442287445,0.44304585456848145,-3.009222950822732e-07,0.24233299493789673,0.3657768964767456,0.03599267080426216,0.23473457992076874,0.312250554561615,0.044547729194164276,0.21722684800624847,0.2683257758617401,0.04118047654628754,0.20201647281646729,0.22231066226959229,0.03537272661924362,0.3154342770576477,0.28583768010139465,0.056684475392103195,0.2764083445072174,0.22527635097503662,0.050389889627695084,0.23954953253269196,0.2180173248052597,0.03394583985209465,0.214348703622818,0.22304028272628784,0.023895494639873505,0.32771363854408264,0.28759831190109253,0.030228348448872566,0.30482518672943115,0.196284681558609,0.038906559348106384,0.282016396522522,0.14289923012256622,0.03307968005537987,0.2671377956867218,0.10473655164241791,0.023974504321813583,0.32591986656188965,0.29445064067840576,0.001931292936205864,0.3150738477706909,0.20042911171913147,0.011298833414912224,0.30428043007850647,0.14351394772529602,0.011129646562039852,0.300934374332428,0.10373221337795258,0.005560994613915682,0.3073105812072754,0.2926754653453827,-0.025159664452075958,0.3069606423377991,0.23121294379234314,-0.018101997673511505,0.30770984292030334,0.18753750622272491,-0.013344144448637962,0.3099784851074219,0.14895449578762054,-0.01336490549147129
0.30608659982681274,0.41174769401550293,-1.722560369898929e-07,0.26790469884872437,0.35151827335357666,0.011036984622478485,0.2585501968860626,0.29873189330101013,0.01333522517234087,0.24518823623657227,0.25587424635887146,0.009033184498548508,0.23342712223529816,0.21394851803779602,0.005386933218687773,0.3191528022289276,0.2567489743232727,0.03749331459403038,0.2954784333705902,0.20839175581932068,0.02242046408355236,0.2631362974643707,0.20150387287139893,0.0018450823845341802,0.23921038210391998,0.20770394802093506,-0.008930268697440624,0.33128365874290466,0.2555946409702301,0.02433788776397705,0.32635465264320374,0.18302255868911743,0.024882277473807335,0.3123001754283905,0.13815000653266907,0.017561499029397964,0.30307552218437195,0.09997954964637756,0.011210124008357525,0.34063708782196045,0.26256200671195984,0.006855820771306753,0.34292951226234436,0.18727415800094604,0.007720069494098425,0.33894288539886475,0.1388542801141739,0.005901699885725975,0.33930355310440063,0.10157947242259979,0.0038506879936903715,0.340934157371521,0.27197039127349854,-0.01160768885165453,0.34668728709220886,0.21709463000297546,-0.008994738571345806,0.34689298272132874,0.1785951852798462,-0.004257888067513704,0.3475099503993988,0.1453094482421875,-0.0010700878920033574
0.37612274289131165,0.3897559642791748,-1.4079093091368122e-07,0.33799299597740173,0.3306368589401245,0.011794162914156914,0.32884669303894043,0.27818289399147034,0.015667550265789032,0.3169163465499878,0.23304350674152374,0.012457109056413174,0.30848437547683716,0.1886245608329773,0.009639871306717396,0.38924679160118103,0.23984727263450623,0.04605209454894066,0.3674694299697876,0.1912660300731659,0.03458985686302185,0.33698612451553345,0.17907321453094482,0.015948699787259102,0.3133208155632019,0.17941121757030487,0.0061592902056872845,0.40238797664642334,0.2355530858039856,0.03348749876022339,0.4008527100086212,0.16430288553237915,0.03605325147509575,0.3879828155040741,0.12177741527557373,0.028694437816739082,0.3781065046787262,0.08314149081707001,0.0226780716329813,0.4129042625427246,0.2403586208820343,0.01636502332985401,0.41873306035995483,0.1683053821325302,0.018695851787924767,0.415563702583313,0.12014110386371613,0.01733667030930519,0.4151332676410675,0.08282913267612457,0.015950050204992294,0.4177023470401764,0.24903982877731323,-0.0017662609461694956,0.4273459315299988,0.19300001859664917,0.002804321004077792,0.4308147430419922,0.1550145447254181,0.008526578545570374,0.43333542346954346,0.12190656363964081,0.01250124629586935
0.4397807717323303,0.38766154646873474,-1.4754469646049984e-07,0.40653926134109497,0.33754250407218933,0.0003813685034401715,0.3963344097137451,0.2824046015739441,-0.0006567904492840171,0.3847237825393677,0.2340627908706665,-0.005792783573269844,0.3788244128227234,0.19003623723983765,-0.009688950143754482,0.45664864778518677,0.2435852438211441,0.026266274973750114,0.43854227662086487,0.19503098726272583,0.00874942634254694,0.4109591245651245,0.18004004657268524,-0.011231165379285812,0.38837024569511414,0.17882457375526428,-0.02139662578701973,0.47045230865478516,0.237311452627182,0.019188744947314262,0.46827152371406555,0.16747170686721802,0.013039860874414444,0.4594065546989441,0.12357570230960846,0.004692109767347574,0.4524467885494232,0.0828830897808075,-0.0005300380289554596,0.4850633442401886,0.24253343045711517,0.00749547965824604,0.49112164974212646,0.17486009001731873,0.0026527841109782457,0.49008089303970337,0.1295781135559082,0.0011975548695772886,0.48935559391975403,0.09033341705799103,0.0015316599747166038,0.49689236283302307,0.25668734312057495,-0.005749492906033993,0.5063952803611755,0.20208340883255005,-0.005113800521939993,0.5104011297225952,0.16568750143051147,-4.29192696174141e-05,0.5122247934341431,0.13280488550662994,0.004383991938084364
0.5100027322769165,0.40471982955932617,-1.2994152598366782e-07,0.47434717416763306,0.3523392677307129,-0.0009533546399325132,0.4614625871181488,0.29248735308647156,2.8323553124209866e-05,0.450650155544281,0.2380886822938919,-0.003266787389293313,0.44750985503196716,0.1893262267112732,-0.005429516546428204,0.5153379440307617,0.26251640915870667,0.031021857634186745,0.5026947259902954,0.20910649001598358,0.017350656911730766,0.47911199927330017,0.1878994256258011,0.00035380932968109846,0.4587152600288391,0.179149329662323,-0.008631270378828049,0.5334590673446655,0.25412553548812866,0.02449987083673477,0.5346565842628479,0.18339432775974274,0.020865006372332573,0.5267143249511719,0.13637103140354156,0.011855991557240486,0.5196244716644287,0.09515371918678284,0.0053133489564061165,0.552177906036377,0.25731217861175537,0.012919953092932701,0.5621410608291626,0.19042044878005981,0.009453817270696163,0.5599656105041504,0.14432932436466217,0.004246111959218979,0.5561590790748596,0.10446423292160034,0.0010758236749097705,0.5690909028053284,0.2685641050338745,-0.00022497955069411546,0.5812963247299194,0.21589428186416626,9.460416185902432e-05,0.584414541721344,0.17920002341270447,0.00171141535975039,0.5831458568572998,0.14610660076141357,0.0028597109485417604
0.5420393347740173,0.427847683429718,-1.3065492510122567e-07,0.510164737701416,0.37821999192237854,-0.00554761802777648,0.4975346326828003,0.31734105944633484,-0.007638902403414249,0.48706698417663574,0.264221727848053,-0.012922978959977627,0.48513180017471313,0.21705996990203857,-0.016917280852794647,0.5534836053848267,0.2884642481803894,0.021309267729520798,0.5390570759773254,0.23558427393436432,0.00298404973000288,0.5159881114959717,0.21226926147937775,-0.01626206375658512,0.4958462119102478,0.20155702531337738,-0.026415858417749405,0.5716957449913025,0.28055012226104736,0.015920275822281837,0.5695937871932983,0.20928744971752167,0.006594548467546701,0.5613981485366821,0.1618325561285019,-0.0043282280676066875,0.553502082824707,0.120882049202919,-0.011336475610733032,0.5909046530723572,0.28549936413764954,0.00550881028175354,0.5970809459686279,0.21842357516288757,-0.0034773549996316433,0.5950851440429688,0.17206501960754395,-0.008509629406034946,0.5907357931137085,0.1326267123222351,-0.010167264379560947,0.6080254912376404,0.29937493801116943,-0.006635415367782116,0.6183144450187683,0.24498426914215088,-0.010445230640470982,0.621364176273346,0.20784854888916016,-0.009163923561573029,0.6195761561393738,0.17511528730392456,-0.007205390837043524
0.575849711894989,0.49207037687301636,-1.344434252814608e-07,0.5450259447097778,0.44420212507247925,-0.007763396017253399,0.5321505665779114,0.3786211907863617,-0.011142577975988388,0.5210610628128052,0.3226179778575897,-0.017354290932416916,0.5211626887321472,0.2733226418495178,-0.022314464673399925,0.5840391516685486,0.34871232509613037,0.0163723137229681,0.5723637342453003,0.29380086064338684,-0.004195068031549454,0.551190972328186,0.2730434536933899,-0.024191075935959816,0.5331370830535889,0.26625174283981323,-0.03470436483621597,0.6031179428100586,0.34007027745246887,0.011326905339956284,0.6015146970748901,0.2668086290359497,0.0009016792755573988,0.5928975939750671,0.21719147264957428,-0.01051856204867363,0.5848032832145691,0.1762794405221939,-0.017791155725717545,0.6240682005882263,0.3462095558643341,0.0011922013945877552,0.6297413110733032,0.2749498188495636,-0.009530668146908283,0.628057599067688,0.2272670567035675,-0.015857530757784843,0.6239403486251831,0.18641416728496552,-0.018314704298973083,0.642850399017334,0.36275091767311096,-0.01067536324262619,0.6532605886459351,0.3071257174015045,-0.01731766201555729,0.65501469373703,0.26844990253448486,-0.017808670178055763,0.6521850824356079,0.2338462769985199,-0.016847779974341393
0.5940426588058472,0.6089849472045898,-1.0629002389350717e-07,0.5583595633506775,0.5567941069602966,-0.008682988584041595,0.5412007570266724,0.4853428304195404,-0.013165157288312912,0.5268909931182861,0.4285910427570343,-0.020871400833129883,0.5238144397735596,0.376725971698761,-0.027501223608851433,0.5874021053314209,0.44332486391067505,0.016786009073257446,0.5752625465393066,0.3867691159248352,-0.0072964332066476345,0.55335533618927,0.37228095531463623,-0.030550938099622726,0.5351943969726562,0.3714028298854828,-0.04286098852753639,0.6079844832420349,0.43549224734306335,0.010550974868237972,0.6029019951820374,0.35889771580696106,-0.001493605668656528,0.5921694040298462,0.30872201919555664,-0.015161442570388317,0.5826953053474426,0.26672595739364624,-0.024127241224050522,0.6309012174606323,0.4437093436717987,-0.0013241426786407828,0.633446991443634,0.36928215622901917,-0.013755169697105885,0.6287928223609924,0.320743590593338,-0.021591708064079285,0.622198760509491,0.2782523036003113,-0.025226760655641556,0.6518818736076355,0.4633999764919281,-0.015097568742930889,0.6576210260391235,0.4045448899269104,-0.02328328788280487,0.6565831303596497,0.364798367023468,-0.024355579167604446,0.6523259878158569,0.3283388614654541,-0.023915013298392296
0.6035025119781494,0.6857253313064575,-1.3141358579105145e-07,0.5695577263832092,0.6349382400512695,-0.008675754070281982,0.5541985630989075,0.5585805773735046,-0.013419169001281261,0.5399581789970398,0.5002902150154114,-0.021063942462205887,0.5335967540740967,0.4488988518714905,-0.027409721165895462,0.5997485518455505,0.5088397264480591,0.011569630354642868,0.5887562036514282,0.4457920789718628,-0.013433554209768772,0.5650321841239929,0.4338896870613098,-0.03624401241540909,0.5453852415084839,0.437560498714447,-0.04802264645695686,0.6198238134384155,0.503034770488739,0.004764101468026638,0.6165782809257507,0.41978323459625244,-0.009768566116690636,0.6069662570953369,0.36739206314086914,-0.023575663566589355,0.5979887247085571,0.32390761375427246,-0.032068539410829544,0.6415854096412659,0.5143259763717651,-0.007160290610045195,0.6455597281455994,0.4334687888622284,-0.02117057703435421,0.6415693759918213,0.38231199979782104,-0.029408205300569534,0.6352741122245789,0.3373810350894928,-0.03322269767522812,0.6614797115325928,0.5387610197067261,-0.02078809030354023,0.6689638495445251,0.4771885573863983,-0.029200978577136993,0.668545126914978,0.43574512004852295,-0.029901763424277306,0.6648086905479431,0.3989447355270386,-0.029298314824700356
0.6005391478538513,0.759915828704834,-1.1634556074113789e-07,0.5693672895431519,0.7056294083595276,-0.012753747403621674,0.5578441023826599,0.6270565390586853,-0.02104627713561058,0.5447590351104736,0.5664666295051575,-0.031686656177043915,0.5388965010643005,0.5118582248687744,-0.041184376925230026,0.603941798210144,0.5749133229255676,0.004218824673444033,0.5965193510055542,0.5067657232284546,-0.02468707226216793,0.5756941437721252,0.49825626611709595,-0.04944845288991928,0.5595133900642395,0.5069586634635925,-0.062252141535282135,0.625906229019165,0.5720670223236084,-0.002263222122564912,0.6262488961219788,0.4854469299316406,-0.020653536543250084,0.6181778311729431,0.4324733018875122,-0.03678130730986595,0.6107746362686157,0.3890565037727356,-0.04670132324099541,0.6486457586288452,0.5874821543693542,-0.014013302512466908,0.65645831823349,0.5055455565452576,-0.03126249834895134,0.6553051471710205,0.45419782400131226,-0.04031917825341225,0.6521861553192139,0.4077596664428711,-0.04461164399981499,0.6678228378295898,0.6166815161705017,-0.027657827362418175,0.6776071190834045,0.5536383390426636,-0.03851444646716118,0.6800148487091064,0.5118851065635681,-0.03961830586194992,0.6802868247032166,0.47345924377441406,-0.03912864252924919
