0.7276018857955933,0.9369142055511475,-2.54655816434024e-07,0.6843308806419373,0.7887709140777588,-0.0413723960518837,0.6190015077590942,0.6649040579795837,-0.10069313645362854,0.5684723854064941,0.5730317831039429,-0.15314804017543793,0.5316529273986816,0.472841739654541,-0.20846886932849884,0.7184411287307739,0.6625098586082458,-0.15446726977825165,0.583983302116394,0.637973427772522,-0.23742040991783142,0.489813894033432,0.6227750182151794,-0.2847670018672943,0.40909820795059204,0.6352341771125793,-0.31385958194732666,0.725865364074707,0.7536240816116333,-0.17035110294818878,0.550041675567627,0.7126859426498413,-0.23935022950172424,0.5690848231315613,0.7357211112976074,-0.24105070531368256,0.6155968904495239,0.7547117471694946,-0.24344371259212494,0.716970682144165,0.8463748097419739,-0.18732644617557526,0.5486247539520264,0.8126358985900879,-0.24418704211711884,0.5786505937576294,0.8255205750465393,-0.20788221061229706,0.6287846565246582,0.8330535292625427,-0.18279826641082764,0.6984935998916626,0.9274115562438965,-0.20739033818244934,0.5711201429367065,0.8960145711898804,-0.25187212228775024,0.6006385087966919,0.9029240012168884,-0.22826090455055237,0.646170437335968,0.9089945554733276,-0.20986133813858032
0.5855566263198853,0.7980208992958069,-4.53735225391938e-07,0.5322599411010742,0.6534782648086548,-0.011868515983223915,0.453280508518219,0.5280107855796814,-0.0394543893635273,0.3667812645435333,0.472969114780426,-0.0666259154677391,0.287564218044281,0.43539923429489136,-0.09152393043041229,0.5293567776679993,0.43077021837234497,-0.048485055565834045,0.40237507224082947,0.4443902373313904,-0.08161860704421997,0.35133272409439087,0.4686407446861267,-0.0972638726234436,0.3150750696659088,0.4799150228500366,-0.10950491577386856,0.5405827760696411,0.5022097826004028,-0.06393322348594666,0.3878321051597595,0.5418078899383545,-0.09852196276187897,0.4193649888038635,0.5815390944480896,-0.09881635755300522,0.4587150812149048,0.5753294825553894,-0.10234618932008743,0.545706570148468,0.5839637517929077,-0.08026943355798721,0.4010045528411865,0.6156044006347656,-0.11036902666091919,0.44015705585479736,0.6433096528053284,-0.0910288542509079,0.4802870750427246,0.6290194988250732,-0.08055780827999115,0.5508666634559631,0.6658406853675842,-0.09770204871892929,0.43836554884910583,0.6767451763153076,-0.12174823135137558,0.4620116651058197,0.6996263265609741,-0.11083054542541504,0.49635782837867737,0.6920590400695801,-0.1028156653046608
0.540111780166626,0.5926178097724915,-2.1436822805753764e-07,0.48502427339553833,0.45579463243484497,0.006879277527332306,0.40243569016456604,0.3691057562828064,-0.005945633165538311,0.32612714171409607,0.3325396776199341,-0.022830571979284286,0.26805606484413147,0.29953476786613464,-0.04046117886900902,0.4343201518058777,0.29995182156562805,-0.012118304148316383,0.3300410509109497,0.32464560866355896,-0.030140196904540062,0.28082364797592163,0.3360769748687744,-0.04259029030799866,0.24527473747730255,0.3415902554988861,-0.05434216186404228,0.44177258014678955,0.35823893547058105,-0.03100087121129036,0.31502285599708557,0.398722380399704,-0.05099433287978172,0.33872514963150024,0.41897135972976685,-0.0540061816573143,0.369828999042511,0.4135012626647949,-0.05974321812391281,0.4467611014842987,0.4280078411102295,-0.04958735778927803,0.3310946524143219,0.46338212490081787,-0.06917392462491989,0.3670395016670227,0.47307443618774414,-0.05911068618297577,0.4021734893321991,0.45817330479621887,-0.05472357198596001,0.45352673530578613,0.49955761432647705,-0.06761337071657181,0.3651883006095886,0.5119994282722473,-0.08552040904760361,0.3871627748012543,0.5219876170158386,-0.07974746078252792,0.41517046093940735,0.5142982602119446,-0.0754338875412941
0.5205352902412415,0.4785903990268707,-3.632362393091171e-07,0.479930579662323,0.38283565640449524,-0.0021052705124020576,0.39962467551231384,0.3115408420562744,-0.020075451582670212,0.3180650472640991,0.2873399257659912,-0.038214061409235,0.25658905506134033,0.2793850302696228,-0.05801359564065933,0.4114440381526947,0.23454131186008453,-0.04431004077196121,0.29921966791152954,0.26300564408302307,-0.07594119757413864,0.23495569825172424,0.28238317370414734,-0.09605668485164642,0.18498317897319794,0.30004170536994934,-0.11130691319704056,0.4196065664291382,0.2945888638496399,-0.059640537947416306,0.30186110734939575,0.3582100570201874,-0.09016115218400955,0.3328300714492798,0.3761249780654907,-0.09192702174186707,0.3692840039730072,0.3618968427181244,-0.09563398361206055,0.42556697130203247,0.366156667470932,-0.07437224686145782,0.3185068368911743,0.42479968070983887,-0.10117395222187042,0.35312578082084656,0.437055379152298,-0.0864114910364151,0.38774827122688293,0.41583436727523804,-0.07764510065317154,0.43147847056388855,0.4379670023918152,-0.08914415538311005,0.34654995799064636,0.47488898038864136,-0.11097188293933868,0.3732295334339142,0.48474228382110596,-0.10288908332586288,0.4033963978290558,0.4680277705192566,-0.09657461196184158
0.5385552644729614,0.4976120591163635,-3.640379588887299e-07,0.5053756237030029,0.392539381980896,-0.007823794148862362,0.42309141159057617,0.31200215220451355,-0.028683729469776154,0.33704784512519836,0.27932366728782654,-0.048394471406936646,0.27134767174720764,0.2699688673019409,-0.07009658217430115,0.4182353615760803,0.24950629472732544,-0.06029599532485008,0.29194971919059753,0.2706494629383087,-0.09640465676784515,0.22101905941963196,0.2852957248687744,-0.11682147532701492,0.1677195131778717,0.2970327138900757,-0.1315244734287262,0.42151954770088196,0.3169383406639099,-0.07298920303583145,0.30672550201416016,0.38381198048591614,-0.10891751945018768,0.34522971510887146,0.3990902304649353,-0.10899066179990768,0.3871111273765564,0.38039445877075195,-0.11000128090381622,0.42345935106277466,0.3954867720603943,-0.08487853407859802,0.3150938153266907,0.4518420100212097,-0.11576870083808899,0.35520729422569275,0.4637538492679596,-0.09874460846185684,0.39474916458129883,0.4399051070213318,-0.08752769976854324,0.426349937915802,0.4716009795665741,-0.09697729349136353,0.34416720271110535,0.5132020711898804,-0.12153466790914536,0.3768550157546997,0.5210244655609131,-0.11256057024002075,0.41127508878707886,0.500332236289978,-0.10482949018478394
0.5597790479660034,0.5504811406135559,-2.8182623168504506e-07,0.5304144620895386,0.4419567584991455,-0.0015996263828128576,0.4569762349128723,0.36055535078048706,-0.017129816114902496,0.3777819573879242,0.33692121505737305,-0.03264385834336281,0.3206772208213806,0.3384079039096832,-0.05050620064139366,0.4369860589504242,0.300476998090744,-0.04803038388490677,0.3203868865966797,0.3144894242286682,-0.07553449273109436,0.252102792263031,0.32176536321640015,-0.090493343770504,0.19806015491485596,0.3241931200027466,-0.10302740335464478,0.43256306648254395,0.3683977425098419,-0.0634080320596695,0.32274338603019714,0.4278898239135742,-0.09647887200117111,0.3605201244354248,0.44232314825057983,-0.09723024815320969,0.40409794449806213,0.4252837300300598,-0.09699191153049469,0.4301004111766815,0.4488166868686676,-0.07701782137155533,0.33029887080192566,0.4994203448295593,-0.1055450364947319,0.36792224645614624,0.51237553358078,-0.08957318216562271,0.40669482946395874,0.491737961769104,-0.07758884876966476,0.4296092092990875,0.5299972295761108,-0.09036792069673538,0.35705050826072693,0.5650030374526978,-0.11108525842428207,0.3868575394153595,0.5735133290290833,-0.10086292028427124,0.41768187284469604,0.5563597083091736,-0.09152989089488983
0.579391360282898,0.5811805129051208,-2.5403514314348286e-07,0.5564348697662354,0.470833420753479,-0.0019200213719159365,0.49048155546188354,0.38692307472229004,-0.018472202122211456,0.41760188341140747,0.35799160599708557,-0.03475102782249451,0.36652085185050964,0.3565664291381836,-0.053010959178209305,0.46876487135887146,0.3258989453315735,-0.0507202185690403,0.35001760721206665,0.32106903195381165,-0.07897289097309113,0.2827509045600891,0.3186061680316925,-0.09420774132013321,0.2300473153591156,0.31301283836364746,-0.10589156299829483,0.4575595557689667,0.39415794610977173,-0.06441064178943634,0.3559485375881195,0.4354308247566223,-0.09638767689466476,0.38990822434425354,0.4573066830635071,-0.0958569198846817,0.43198156356811523,0.44713282585144043,-0.09452283382415771,0.4466842710971832,0.4715964198112488,-0.07627664506435394,0.3570539355278015,0.5031883716583252,-0.10205218195915222,0.39082005620002747,0.5243127942085266,-0.08558546751737595,0.42922505736351013,0.5113387107849121,-0.07355178892612457,0.4379538297653198,0.5477747917175293,-0.08810478448867798,0.3734917938709259,0.5689237117767334,-0.1053353026509285,0.40472468733787537,0.5852257013320923,-0.09371645748615265,0.4369625449180603,0.5756285786628723,-0.08354991674423218
0.6087234020233154,0.5966936349868774,-5.30397187503695e-07,0.5867335200309753,0.49506035447120667,-0.0017567597096785903,0.5349316000938416,0.3996623456478119,-0.016817187890410423,0.4826526641845703,0.3334479331970215,-0.03239179775118828,0.448448121547699,0.2756418287754059,-0.04802935943007469,0.5427833795547485,0.3291589021682739,-0.042761269956827164,0.43679165840148926,0.3051662743091583,-0.07657648622989655,0.3742440342903137,0.32086318731307983,-0.09296261519193649,0.32889387011528015,0.3438286781311035,-0.10325783491134644,0.5432307720184326,0.3785259425640106,-0.05842142179608345,0.4082805812358856,0.41259557008743286,-0.09049611538648605,0.43055909872055054,0.4492907226085663,-0.08949535340070724,0.4664350152015686,0.4506843388080597,-0.09022883325815201,0.535739004611969,0.4452519714832306,-0.07433593273162842,0.411753386259079,0.48209893703460693,-0.10444840788841248,0.44093695282936096,0.515458881855011,-0.08591324836015701,0.47466644644737244,0.5101059079170227,-0.07382241636514664,0.5280198454856873,0.5161464810371399,-0.09029696881771088,0.4330729842185974,0.5453599095344543,-0.1165967509150505,0.45933523774147034,0.5703914165496826,-0.10766472667455673,0.4907662570476532,0.5649446845054626,-0.09951476752758026
0.6206479072570801,0.5795758962631226,-4.2812180822693335e-07,0.6051279902458191,0.4756947159767151,-0.007415795233100653,0.5472773313522339,0.3863762319087982,-0.022959435358643532,0.4837067723274231,0.32406237721443176,-0.03688422217965126,0.4424973130226135,0.27513420581817627,-0.05148893594741821,0.5488165616989136,0.32831010222435,-0.05098278447985649,0.43781858682632446,0.3045580983161926,-0.08320591598749161,0.3723047375679016,0.30652448534965515,-0.09837262332439423,0.3231465518474579,0.3142448365688324,-0.1074817106127739,0.5407909154891968,0.3770878314971924,-0.060503192245960236,0.4242040812969208,0.420511394739151,-0.09093494713306427,0.44791728258132935,0.45812883973121643,-0.0883394181728363,0.4846777021884918,0.45930761098861694,-0.08659909665584564,0.5270271301269531,0.4414713382720947,-0.07010545581579208,0.43253955245018005,0.48857972025871277,-0.09583989530801773,0.45896172523498535,0.5149150490760803,-0.0812014788389206,0.49019429087638855,0.5056107044219971,-0.07145681977272034,0.5120982527732849,0.5073642134666443,-0.08036478608846664,0.4479619264602661,0.5467491149902344,-0.10032996535301208,0.4702557325363159,0.5687265992164612,-0.09424678236246109,0.49428030848503113,0.5610564351081848,-0.08854040503501892
0.6286008358001709,0.5631049871444702,-3.083833348682674e-07,0.6062166094779968,0.46313413977622986,0.0025456093717366457,0.546413779258728,0.39043915271759033,-0.010625270195305347,0.4787524938583374,0.3696640133857727,-0.02470901980996132,0.4352565407752991,0.3712804615497589,-0.04024470970034599,0.5372810363769531,0.3223477005958557,-0.03414679691195488,0.43530261516571045,0.324194997549057,-0.059355661273002625,0.3759738504886627,0.32778340578079224,-0.07457295805215836,0.3291093409061432,0.3292921781539917,-0.08649703115224838,0.5318199396133423,0.373479962348938,-0.04904105141758919,0.42705023288726807,0.421970397233963,-0.07623337209224701,0.45646417140960693,0.44769519567489624,-0.07665042579174042,0.49362805485725403,0.43965670466423035,-0.07685520499944687,0.5247208476066589,0.4372972548007965,-0.06286763399839401,0.434940904378891,0.48593372106552124,-0.0834803506731987,0.46355995535850525,0.5060644745826721,-0.07011470198631287,0.49438172578811646,0.4891092777252197,-0.061611294746398926,0.5178753137588501,0.5043027997016907,-0.07680082321166992,0.453814297914505,0.5416172742843628,-0.09095288068056107,0.4784219264984131,0.5562551021575928,-0.08240331709384918,0.5038627982139587,0.5421209931373596,-0.07568135112524033
0.6239492893218994,0.56154865026474,-3.059531081817113e-07,0.5946413278579712,0.46658191084861755,0.001101735164411366,0.5274134874343872,0.40044552087783813,-0.012973276898264885,0.4562007486820221,0.3856980502605438,-0.028186459094285965,0.4118049442768097,0.39191699028015137,-0.04515016824007034,0.5226886868476868,0.3305075466632843,-0.03115026094019413,0.42362722754478455,0.34333401918411255,-0.05544775724411011,0.3660215735435486,0.35287654399871826,-0.07118945568799973,0.32071465253829956,0.35985738039016724,-0.08375054597854614,0.5213162302970886,0.3813801407814026,-0.045475348830223083,0.42082709074020386,0.44023558497428894,-0.07168726623058319,0.4505658447742462,0.4612587094306946,-0.07277735322713852,0.4857732653617859,0.4502788782119751,-0.07420229911804199,0.5197713971138,0.44650036096572876,-0.05896289646625519,0.4304879903793335,0.49803483486175537,-0.08050419390201569,0.45735520124435425,0.5146220326423645,-0.06750870496034622,0.4867836534976959,0.5000175833702087,-0.05911223962903023,0.518073558807373,0.5157386660575867,-0.07254580408334732,0.4494360685348511,0.5507545471191406,-0.08861178904771805,0.4715002179145813,0.5625268816947937,-0.08049182593822479,0.4968182444572449,0.5517431497573853,-0.07380813360214233
0.6120252013206482,0.5623714327812195,-3.359082825227233e-07,0.5793650150299072,0.47716212272644043,-0.00375958438962698,0.5051060318946838,0.4089686870574951,-0.017097432166337967,0.44184163212776184,0.36340856552124023,-0.030726250261068344,0.40828466415405273,0.3064311444759369,-0.04587775841355324,0.5113184452056885,0.3425610065460205,-0.03556762635707855,0.4119356870651245,0.36662542819976807,-0.06258901953697205,0.35394129157066345,0.3820480406284332,-0.07911787927150726,0.3095717430114746,0.39285120368003845,-0.09189741313457489,0.5139331221580505,0.39285945892333984,-0.04807426035404205,0.4109637439250946,0.4466138780117035,-0.07770869135856628,0.43755337595939636,0.4663141369819641,-0.08065525442361832,0.47301456332206726,0.45878177881240845,-0.08287349343299866,0.5146605968475342,0.4598962962627411,-0.06037646532058716,0.41954728960990906,0.5079064965248108,-0.089670330286026,0.4441058933734894,0.5274639129638672,-0.0778084471821785,0.4747035503387451,0.5156645774841309,-0.06792104244232178,0.5141140818595886,0.5296030044555664,-0.07243506610393524,0.4354744851589203,0.5639804005622864,-0.09616639465093613,0.4521806538105011,0.5782495141029358,-0.0906665027141571,0.4756510257720947,0.569040060043335,-0.08440838754177094
0.6136415004730225,0.5754058361053467,-3.621347559601418e-07,0.5846573710441589,0.4842665195465088,0.0015329048037528992,0.5160353183746338,0.42049282789230347,-0.0126405144110322,0.4406464099884033,0.4059964120388031,-0.028069183230400085,0.3916119635105133,0.40139544010162354,-0.04458943009376526,0.5205903649330139,0.33554911613464355,-0.02667207457125187,0.42315787076950073,0.35357117652893066,-0.048986293375492096,0.368725061416626,0.36184126138687134,-0.06320077180862427,0.32680588960647583,0.36525705456733704,-0.07520619034767151,0.5217509865760803,0.37896400690078735,-0.040924519300460815,0.42071688175201416,0.43887677788734436,-0.06668263673782349,0.4499426484107971,0.46249836683273315,-0.06839930266141891,0.4818378984928131,0.44992631673812866,-0.07024189084768295,0.5203438401222229,0.4375545382499695,-0.05445360019803047,0.4270488917827606,0.4937398135662079,-0.07751322537660599,0.4561839699745178,0.5133442282676697,-0.0655365139245987,0.48467889428138733,0.49611279368400574,-0.05749361589550972,0.5178808569908142,0.502383291721344,-0.06778232753276825,0.4443385601043701,0.5397850871086121,-0.08671553432941437,0.4688798189163208,0.5559512376785278,-0.08002546429634094,0.49552419781684875,0.5452829599380493,-0.07374447584152222
0.600841224193573,0.5907716751098633,-4.503139621192531e-07,0.5445549488067627,0.5129022002220154,0.001159347710199654,0.48710906505584717,0.4525192975997925,-0.016139153391122818,0.4300703704357147,0.4298974871635437,-0.035916849970817566,0.3859264850616455,0.41864436864852905,-0.05467477813363075,0.5266679525375366,0.3298262059688568,-0.01816859468817711,0.43139493465423584,0.35762977600097656,-0.042324770241975784,0.37955012917518616,0.37967216968536377,-0.0616409033536911,0.34026750922203064,0.39631614089012146,-0.07680406421422958,0.5342496037483215,0.35957837104797363,-0.03435104712843895,0.4337395429611206,0.4234660267829895,-0.0569639578461647,0.4565390944480896,0.45472899079322815,-0.062014829367399216,0.4834466576576233,0.45389771461486816,-0.06873101741075516,0.5350929498672485,0.4085388779640198,-0.05113684758543968,0.4380194842815399,0.47354575991630554,-0.06718247383832932,0.46340498328208923,0.5025566220283508,-0.055119503289461136,0.48951730132102966,0.49379000067710876,-0.05074535310268402,0.534247636795044,0.46613162755966187,-0.06919832527637482,0.45478689670562744,0.5107651948928833,-0.08287277817726135,0.4738180637359619,0.5334774255752563,-0.07580716907978058,0.49783334136009216,0.5287233591079712,-0.07139089703559875
0.5917098522186279,0.5815926194190979,-4.261761432644562e-07,0.5302815437316895,0.5152208805084229,0.0008596415864303708,0.4753982424736023,0.4588799476623535,-0.016673509031534195,0.42165327072143555,0.43864360451698303,-0.0370168462395668,0.3747301697731018,0.42797377705574036,-0.05606077238917351,0.5176928043365479,0.3301491141319275,-0.014577149413526058,0.42598187923431396,0.35843002796173096,-0.04094284772872925,0.3766128420829773,0.37926825881004333,-0.061342429369688034,0.3387255072593689,0.3959049582481384,-0.07614047825336456,0.5294804573059082,0.3518070578575134,-0.030976997688412666,0.4301578402519226,0.4069184362888336,-0.05398808419704437,0.4501035511493683,0.4443063735961914,-0.05847974866628647,0.4741680324077606,0.4475419521331787,-0.06336408108472824,0.5333734750747681,0.394024521112442,-0.048822592943906784,0.435975044965744,0.45548373460769653,-0.06461295485496521,0.46199703216552734,0.48954883217811584,-0.05297735333442688,0.48911187052726746,0.48256635665893555,-0.0482676737010479,0.5335867404937744,0.44687530398368835,-0.06819012761116028,0.45635297894477844,0.4950302541255951,-0.08084789663553238,0.47489434480667114,0.5202947854995728,-0.07464153319597244,0.4986099898815155,0.5147669315338135,-0.07070662081241608
0.5870937705039978,0.580346405506134,-4.219635911795194e-07,0.5222893357276917,0.5141945481300354,0.0023303194902837276,0.46658435463905334,0.45849844813346863,-0.014791357330977917,0.41277289390563965,0.4373154938220978,-0.03501587733626366,0.3647671937942505,0.4216417968273163,-0.054002545773983,0.5164285898208618,0.33094632625579834,-0.014847868122160435,0.42401137948036194,0.3584948182106018,-0.04031083360314369,0.37547072768211365,0.37721607089042664,-0.059667035937309265,0.33834245800971985,0.3907874822616577,-0.07409949600696564,0.5285732746124268,0.35309797525405884,-0.03239022195339203,0.4297247529029846,0.4070588946342468,-0.05464572086930275,0.4493887722492218,0.44184985756874084,-0.0586218498647213,0.47341805696487427,0.4431562125682831,-0.06370166689157486,0.5327108502388,0.39610555768013,-0.05119716003537178,0.4340740740299225,0.45369964838027954,-0.06704063713550568,0.4596697986125946,0.48718175292015076,-0.055145274847745895,0.48691874742507935,0.4795815944671631,-0.05063946917653084,0.5327721238136292,0.44921931624412537,-0.07131490111351013,0.4541483223438263,0.49451300501823425,-0.08546433597803116,0.4715275764465332,0.5191953182220459,-0.07989481091499329,0.49510475993156433,0.5130535364151001,-0.07636924088001251
0.5884447693824768,0.579272985458374,-1.952097079538362e-07,0.5714346766471863,0.4833332300186157,-0.002591115888208151,0.5196531414985657,0.4161214828491211,-0.017943838611245155,0.4556003212928772,0.39461401104927063,-0.0344499908387661,0.41242802143096924,0.38859111070632935,-0.05211719125509262,0.5358845591545105,0.33915525674819946,-0.027656635269522667,0.44433775544166565,0.3417791724205017,-0.04973282665014267,0.3936978578567505,0.34945812821388245,-0.06503420323133469,0.35536932945251465,0.3517409861087799,-0.07688910514116287,0.5303853750228882,0.3876047730445862,-0.04237240552902222,0.41885897517204285,0.3846018612384796,-0.060855038464069366,0.38737931847572327,0.3802986443042755,-0.06876052170991898,0.36750370264053345,0.3594878911972046,-0.07844624668359756,0.5226894021034241,0.4460160732269287,-0.05682586878538132,0.42151379585266113,0.46548664569854736,-0.07647528499364853,0.4466001093387604,0.4906264841556549,-0.07190767675638199,0.47727227210998535,0.4904399514198303,-0.06975087523460388,0.5130831003189087,0.508339524269104,-0.0715423971414566,0.43610307574272156,0.5205076336860657,-0.09031762182712555,0.45813173055648804,0.5387360453605652,-0.08657528460025787,0.4873634874820709,0.5361988544464111,-0.0834931954741478
0.5916033983230591,0.5818811058998108,-1.81829264533917e-07,0.5738795399665833,0.4857114851474762,-0.009875863790512085,0.5152392387390137,0.40359020233154297,-0.03179234266281128,0.43785911798477173,0.377390056848526,-0.05105304345488548,0.38210025429725647,0.3710329830646515,-0.07207351922988892,0.5394976139068604,0.3691609799861908,-0.06259763240814209,0.4319104552268982,0.3508757948875427,-0.0918608158826828,0.3738805651664734,0.34809213876724243,-0.10723979771137238,0.32850927114486694,0.3479287922382355,-0.11871622502803802,0.5262767672538757,0.43940243124961853,-0.07342854887247086,0.4148961305618286,0.4325428605079651,-0.10354079306125641,0.44308769702911377,0.4498259723186493,-0.102797731757164,0.4806332588195801,0.45147693157196045,-0.10301687568426132,0.5114019513130188,0.5083566904067993,-0.08263173699378967,0.4088146984577179,0.4925283193588257,-0.10927983373403549,0.442185640335083,0.5093016028404236,-0.09179718792438507,0.4793187081813812,0.5108969807624817,-0.07956499606370926,0.4959075152873993,0.5734426379203796,-0.09181100130081177,0.41971662640571594,0.555477499961853,-0.11263526231050491,0.4467778205871582,0.5652530789375305,-0.10138580948114395,0.4772018790245056,0.5650330781936646,-0.09230219572782516
0.5827845335006714,0.5895304679870605,-1.7826414477895014e-07,0.5620402693748474,0.4892245829105377,-0.008544903248548508,0.4964645206928253,0.4106319546699524,-0.031780730932950974,0.4123910665512085,0.39053648710250854,-0.05302228778600693,0.35409048199653625,0.3887713551521301,-0.07643797993659973,0.5235815048217773,0.375593364238739,-0.06434207409620285,0.40953853726387024,0.3631521463394165,-0.09580182284116745,0.34861987829208374,0.36528903245925903,-0.11196169257164001,0.3035946190357208,0.37160709500312805,-0.12347124516963959,0.5120735168457031,0.4499780535697937,-0.0763750746846199,0.39773666858673096,0.4551449418067932,-0.10658442974090576,0.4265228509902954,0.46896329522132874,-0.10413042455911636,0.4652731120586395,0.46468475461006165,-0.10413577407598495,0.49976015090942383,0.522860586643219,-0.08692391961812973,0.39461347460746765,0.515186071395874,-0.11339110136032104,0.42653539776802063,0.5275838375091553,-0.09405983984470367,0.46395349502563477,0.5253740549087524,-0.08156626671552658,0.48681432008743286,0.5914969444274902,-0.09745465964078903,0.4076818525791168,0.5805994272232056,-0.11870145052671432,0.4344121813774109,0.5876348614692688,-0.10704220086336136,0.46560192108154297,0.5844957828521729,-0.09814453125
0.5691545605659485,0.5900673270225525,-2.434660189010174e-07,0.5399362444877625,0.49285486340522766,-0.003113341983407736,0.46450871229171753,0.4257596433162689,-0.018620425835251808,0.38713181018829346,0.3930165767669678,-0.03224243223667145,0.3341135084629059,0.3528015911579132,-0.04840031638741493,0.4735161364078522,0.3901680111885071,-0.06205415725708008,0.35840117931365967,0.39898788928985596,-0.09006035327911377,0.2960151433944702,0.41159453988075256,-0.10405521839857101,0.24872764945030212,0.42123258113861084,-0.11379536241292953,0.47147417068481445,0.45910802483558655,-0.07157503068447113,0.3820194602012634,0.4845058023929596,-0.09702740609645844,0.4107898473739624,0.491961270570755,-0.09323853254318237,0.4455002248287201,0.4825555980205536,-0.09272488951683044,0.4676136374473572,0.5325446724891663,-0.07854989171028137,0.3805586099624634,0.54694664478302,-0.09786327183246613,0.40910103917121887,0.5600818395614624,-0.07898354530334473,0.4432842433452606,0.5534449815750122,-0.06772912293672562,0.46291518211364746,0.6003634929656982,-0.08500923961400986,0.3886106014251709,0.6103234887123108,-0.10001164674758911,0.40855672955513,0.6198815703392029,-0.0885654017329216,0.4346030652523041,0.6136980652809143,-0.0798276886343956
0.5631965398788452,0.587013840675354,-3.1016782031656476e-07,0.5295051336288452,0.4959312081336975,0.003528531640768051,0.45461153984069824,0.431314080953598,-0.012723890133202076,0.3889647424221039,0.3810683786869049,-0.026915447786450386,0.3618145287036896,0.31625688076019287,-0.04379168152809143,0.4631917476654053,0.3931075930595398,-0.07206705957651138,0.3500596284866333,0.40676403045654297,-0.10445845127105713,0.28685569763183594,0.4198912978172302,-0.122122623026371,0.23765552043914795,0.4323963224887848,-0.13448762893676758,0.4636087119579315,0.4638982117176056,-0.08476338535547256,0.373261421918869,0.494873046875,-0.10799014568328857,0.40447837114334106,0.5026125311851501,-0.09936726838350296,0.441594660282135,0.4945048391819,-0.09764876961708069,0.4614516794681549,0.5392183065414429,-0.094056136906147,0.37572577595710754,0.5541408658027649,-0.11334720999002457,0.40842604637145996,0.5659801959991455,-0.09008946269750595,0.4461981952190399,0.5602641701698303,-0.07716779410839081,0.4588726758956909,0.6070120930671692,-0.10193131119012833,0.39082276821136475,0.6163508892059326,-0.11634589731693268,0.4200059175491333,0.623530387878418,-0.10036991536617279,0.45030492544174194,0.6187052726745605,-0.08927075564861298
0.5665957927703857,0.587430477142334,-2.8797936124647094e-07,0.5359772443771362,0.4935988187789917,-0.0010970060247927904,0.4602920413017273,0.42844390869140625,-0.01737530529499054,0.39197838306427,0.3822004199028015,-0.031249061226844788,0.36299318075180054,0.31929874420166016,-0.047725528478622437,0.46857455372810364,0.3899998664855957,-0.06770717352628708,0.3561926484107971,0.4034005403518677,-0.0974351167678833,0.2934015393257141,0.41612008213996887,-0.11281844973564148,0.2443598210811615,0.426574170589447,-0.12396889925003052,0.4677065908908844,0.4582057297229767,-0.0785398855805397,0.37718719244003296,0.49138143658638,-0.10236864537000656,0.40741628408432007,0.5005311965942383,-0.09515580534934998,0.44413110613822937,0.4924509525299072,-0.09354644268751144,0.46478450298309326,0.5326377153396606,-0.08663871884346008,0.3799816370010376,0.5523073077201843,-0.10688173025846481,0.41149333119392395,0.5655199289321899,-0.0853210836648941,0.44772934913635254,0.5593411326408386,-0.07278788834810257,0.4611876606941223,0.6010777354240417,-0.09385441988706589,0.3936057388782501,0.6136167645454407,-0.10933854430913925,0.4220341444015503,0.623199999332428,-0.09502764046192169,0.4515987038612366,0.6187835931777954,-0.08470304310321808
0.5657064318656921,0.5856364965438843,-2.8794096351703047e-07,0.538711667060852,0.49161621928215027,-0.00347791681997478,0.46986111998558044,0.4272363781929016,-0.020104780793190002,0.3937501013278961,0.41046324372291565,-0.035064298659563065,0.339150995016098,0.4082617461681366,-0.052607711404561996,0.47052517533302307,0.380488783121109,-0.05552878975868225,0.36434680223464966,0.3933534622192383,-0.0832989439368248,0.30438530445098877,0.4066624939441681,-0.09831308573484421,0.25858843326568604,0.41760531067848206,-0.10942690819501877,0.46888864040374756,0.444439172744751,-0.06734760850667953,0.36811569333076477,0.48679253458976746,-0.09494400024414062,0.39628371596336365,0.5017416477203369,-0.09306327998638153,0.43342775106430054,0.4928475320339203,-0.09280949085950851,0.4666672945022583,0.5146072506904602,-0.07738538831472397,0.37399914860725403,0.5483354330062866,-0.10102735459804535,0.4033629298210144,0.564000129699707,-0.08450175821781158,0.43722617626190186,0.5529823303222656,-0.0737278163433075,0.46566739678382874,0.582040548324585,-0.08695726841688156,0.39104053378105164,0.605679452419281,-0.10485981404781342,0.4149094223976135,0.6189480423927307,-0.093695268034935,0.4431362748146057,0.6112286448478699,-0.08497880399227142
0.567119300365448,0.5869389176368713,-2.9590665917567094e-07,0.5390630960464478,0.49329766631126404,-0.00032091059256345034,0.47000357508659363,0.43247318267822266,-0.017777075991034508,0.38910600543022156,0.43085798621177673,-0.03429177775979042,0.3348013460636139,0.43838757276535034,-0.05370187386870384,0.4731329381465912,0.381355881690979,-0.05370752513408661,0.36587288975715637,0.39340823888778687,-0.08013268560171127,0.306375652551651,0.4068670868873596,-0.09435323625802994,0.26244044303894043,0.41624701023101807,-0.10529425740242004,0.47080081701278687,0.4458894729614258,-0.06765434145927429,0.3636697232723236,0.485944002866745,-0.09351927042007446,0.387384831905365,0.5063878297805786,-0.09078016132116318,0.42301255464553833,0.5003210306167603,-0.09046896547079086,0.4685512185096741,0.5149341225624084,-0.07940275222063065,0.37286853790283203,0.5468915104866028,-0.09983736276626587,0.39934492111206055,0.5659054517745972,-0.08181239664554596,0.4318491816520691,0.5567255616188049,-0.07125875353813171,0.46709638833999634,0.5820841789245605,-0.0906020849943161,0.39129137992858887,0.6027413606643677,-0.10611618310213089,0.41322195529937744,0.6177666187286377,-0.09396139532327652,0.4405278265476227,0.611066460609436,-0.08532550185918808
0.5666623115539551,0.5861726999282837,-2.806806662647432e-07,0.5395702719688416,0.493781179189682,-0.004877330735325813,0.4721124470233917,0.42834311723709106,-0.022890981286764145,0.39344653487205505,0.417050838470459,-0.039714302867650986,0.3397029638290405,0.4182904064655304,-0.058971188962459564,0.4760604202747345,0.374919056892395,-0.04959270358085632,0.37166136503219604,0.3862849473953247,-0.07724200189113617,0.3118322491645813,0.39797115325927734,-0.09177045524120331,0.2680484354496002,0.4057680070400238,-0.10281220078468323,0.47476083040237427,0.4342617392539978,-0.0622134730219841,0.365083783864975,0.47623130679130554,-0.09083933383226395,0.3889731168746948,0.4995018243789673,-0.08940679579973221,0.4239751100540161,0.49224334955215454,-0.08877398073673248,0.4729589521884918,0.501664936542511,-0.07375867664813995,0.37493017315864563,0.5378367900848389,-0.09937252104282379,0.40252402424812317,0.5581897497177124,-0.08274736255407333,0.43524879217147827,0.5475134253501892,-0.07128366082906723,0.47096115350723267,0.5701760649681091,-0.08508538454771042,0.39546090364456177,0.5965748429298401,-0.10539384186267853,0.41852709650993347,0.6114264726638794,-0.09544849395751953,0.44610223174095154,0.6018566489219666,-0.08718404173851013
0.5277068614959717,0.6227275729179382,-5.448904971672164e-07,0.4478982090950012,0.5487593412399292,0.007019821088761091,0.3976876735687256,0.48000094294548035,-0.008218750357627869,0.3504634499549866,0.44240403175354004,-0.029230259358882904,0.29919642210006714,0.4190215766429901,-0.050237443298101425,0.4790556728839874,0.3539074957370758,-0.002003776142373681,0.3855503499507904,0.3488268256187439,-0.028707344084978104,0.3319186866283417,0.3436013460159302,-0.05070694535970688,0.287947416305542,0.33850276470184326,-0.06721565127372742,0.4959748089313507,0.36853939294815063,-0.02332659810781479,0.3851681649684906,0.4049631357192993,-0.049480464309453964,0.40238112211227417,0.4650720953941345,-0.0547962486743927,0.4300766885280609,0.481692910194397,-0.05807362496852875,0.501374363899231,0.40467119216918945,-0.0462719164788723,0.39272403717041016,0.45387032628059387,-0.06491007655858994,0.41491761803627014,0.5070760250091553,-0.052783310413360596,0.4440065622329712,0.5140586495399475,-0.046094708144664764,0.497640460729599,0.45307812094688416,-0.07055980712175369,0.4119100570678711,0.49448028206825256,-0.0861748531460762,0.4267581105232239,0.5328671336174011,-0.08008340746164322,0.45300740003585815,0.538183331489563,-0.07474912703037262
0.534493088722229,0.6307916641235352,-5.783130063719e-07,0.4458599388599396,0.5742776393890381,0.01904284581542015,0.38991621136665344,0.5195643305778503,0.01821967028081417,0.34211045503616333,0.49255043268203735,0.005938817281275988,0.29277411103248596,0.4871189296245575,-0.006684883031994104,0.4430360496044159,0.40759292244911194,0.049216922372579575,0.36625245213508606,0.4079712927341461,0.03199977055191994,0.3198205828666687,0.41001853346824646,0.011943584308028221,0.2773328423500061,0.40791118144989014,-0.004163254052400589,0.4590665102005005,0.3912808299064636,0.023149246349930763,0.37423160672187805,0.43105220794677734,-0.004801145289093256,0.4030115604400635,0.4907061457633972,-0.019241878762841225,0.43450674414634705,0.5054969191551208,-0.023647192865610123,0.47247567772865295,0.39027145504951477,-0.006157283671200275,0.38718360662460327,0.44289448857307434,-0.028763892129063606,0.41872212290763855,0.4983252286911011,-0.02344917319715023,0.45166295766830444,0.5012767314910889,-0.01593909226357937,0.48286110162734985,0.4049316346645355,-0.035997189581394196,0.4075823128223419,0.44881686568260193,-0.04909633845090866,0.4296787679195404,0.49333426356315613,-0.04102559760212898,0.4598812758922577,0.49714359641075134,-0.03250468522310257
0.5230677723884583,0.6276794672012329,-5.30132581388898e-07,0.4405195116996765,0.5858403444290161,0.015607290901243687,0.38619327545166016,0.5337132215499878,0.0152362622320652,0.3391709327697754,0.5083568096160889,0.004064870998263359,0.29071372747421265,0.5018799901008606,-0.007480477914214134,0.43365463614463806,0.42346882820129395,0.04614066705107689,0.35977903008461,0.4234524369239807,0.02898298017680645,0.31288331747055054,0.42937350273132324,0.00969612505286932,0.27092623710632324,0.4314787983894348,-0.005461050197482109,0.44673365354537964,0.4076171815395355,0.022800572216510773,0.36785417795181274,0.4370155930519104,-0.003383154748007655,0.3721238374710083,0.486904114484787,-0.018735595047473907,0.37833887338638306,0.49398568272590637,-0.02496429905295372,0.4581529200077057,0.4027979075908661,-0.003977762535214424,0.37761232256889343,0.45084860920906067,-0.02976522222161293,0.40780767798423767,0.50479656457901,-0.026745229959487915,0.4372396171092987,0.5068909525871277,-0.019629091024398804,0.4663483798503876,0.4117357134819031,-0.030999964103102684,0.3961053192615509,0.4513101577758789,-0.04663778841495514,0.4187961220741272,0.4941118061542511,-0.039221324026584625,0.4484393298625946,0.4968753755092621,-0.0306170005351305
0.5251954197883606,0.6260288953781128,-5.181311166779778e-07,0.4425603151321411,0.5882096290588379,0.019689997658133507,0.38806450366973877,0.5371737480163574,0.021872511133551598,0.34252676367759705,0.5101701021194458,0.01244456134736538,0.29571688175201416,0.5010559558868408,0.00244659255258739,0.4352998435497284,0.4235599637031555,0.051366522908210754,0.35964784026145935,0.4245222806930542,0.03653915598988533,0.3107560873031616,0.43009164929389954,0.01804114133119583,0.2678104043006897,0.43128758668899536,0.003239750163629651,0.447380006313324,0.4070008099079132,0.02612607553601265,0.36648809909820557,0.43738776445388794,0.002478235401213169,0.3606134057044983,0.48034748435020447,-0.013096054084599018,0.35780850052833557,0.4838142395019531,-0.02002837136387825,0.4582754075527191,0.40210863947868347,-0.002324505243450403,0.3755943775177002,0.4516386091709137,-0.02648530900478363,0.4054085910320282,0.5068747997283936,-0.024101585149765015,0.4351671636104584,0.5114875435829163,-0.017559977248311043,0.46571722626686096,0.4109075665473938,-0.03077954240143299,0.39432573318481445,0.4536013901233673,-0.04566086456179619,0.41660216450691223,0.4973653256893158,-0.03838371858000755,0.44614556431770325,0.5012112259864807,-0.02990817464888096
0.528336763381958,0.6261117458343506,-4.6899617700546514e-07,0.442695289850235,0.5852813720703125,0.026099327951669693,0.3867071866989136,0.5354577898979187,0.03134095296263695,0.339397668838501,0.5126031041145325,0.02323283813893795,0.29097962379455566,0.5021232962608337,0.013711097650229931,0.435124009847641,0.42449963092803955,0.0619642399251461,0.3579382300376892,0.43036097288131714,0.049629997462034225,0.31032708287239075,0.4372246563434601,0.0311314444988966,0.2671220302581787,0.4386194944381714,0.016589082777500153,0.4462360143661499,0.40849778056144714,0.032522644847631454,0.3619025647640228,0.4236881732940674,0.01430338155478239,0.3296179175376892,0.4531833529472351,-0.0026643394958227873,0.30171841382980347,0.4511242210865021,-0.011779473163187504,0.45773208141326904,0.4031246602535248,5.225501809036359e-06,0.3734316825866699,0.447997123003006,-0.02084548957645893,0.40328648686408997,0.506446123123169,-0.020971475169062614,0.43472880125045776,0.5153553485870361,-0.016491800546646118,0.46586060523986816,0.41197025775909424,-0.03215603530406952,0.3944327235221863,0.4526957869529724,-0.04449508711695671,0.4161330461502075,0.49768587946891785,-0.037090614438056946,0.44700703024864197,0.503558874130249,-0.029122238978743553
0.5284836292266846,0.6223096251487732,-4.971037128598255e-07,0.4527502655982971,0.579159677028656,0.012573739513754845,0.4010193347930908,0.5263251662254333,0.013558235950767994,0.3571561574935913,0.4996761381626129,0.004783253651112318,0.3110158443450928,0.4902852773666382,-0.004365698900073767,0.4452531337738037,0.4202292561531067,0.04354541376233101,0.37477535009384155,0.4199557304382324,0.024874089285731316,0.3274596929550171,0.42257368564605713,0.0047906492836773396,0.287230908870697,0.4233527183532715,-0.0095829414203763,0.45470285415649414,0.4057883620262146,0.022167250514030457,0.3752688765525818,0.42395326495170593,-0.0007584569393657148,0.3420598804950714,0.4536459743976593,-0.01835409738123417,0.3141651153564453,0.4489072263240814,-0.027569610625505447,0.46615564823150635,0.4006194472312927,-0.0028306501917541027,0.3877524435520172,0.44557490944862366,-0.029078403487801552,0.41379421949386597,0.5004533529281616,-0.029732998460531235,0.44163602590560913,0.5072788596153259,-0.02408336102962494,0.4757958650588989,0.4090581238269806,-0.028100289404392242,0.40716084837913513,0.4456215500831604,-0.04406650736927986,0.426545113325119,0.48895424604415894,-0.03717596083879471,0.45479434728622437,0.4950300455093384,-0.02836601436138153
0.5661318302154541,0.5782400965690613,-4.348526942976605e-07,0.5044720768928528,0.5428475737571716,0.013233288191258907,0.4692913889884949,0.4968491792678833,0.013166425749659538,0.43564674258232117,0.46804291009902954,0.0040573012083768845,0.3963926136493683,0.45002344250679016,-0.006005592178553343,0.5029044151306152,0.41325727105140686,0.036519963294267654,0.44766488671302795,0.4006797671318054,0.02201673574745655,0.4080338776111603,0.40097811818122864,0.00707345362752676,0.3753538727760315,0.3996303975582123,-0.003437547944486141,0.5106806755065918,0.39818158745765686,0.016672533005475998,0.4427741765975952,0.39949357509613037,2.8892016416648403e-05,0.4048749804496765,0.42117974162101746,-0.012551805935800076,0.37395283579826355,0.4093397259712219,-0.019229529425501823,0.5221089124679565,0.389114111661911,-0.005965621676295996,0.4551286995410919,0.4117588400840759,-0.027999069541692734,0.47479915618896484,0.46372243762016296,-0.02723515033721924,0.4990752339363098,0.4696517288684845,-0.021775169298052788,0.5322944521903992,0.38980650901794434,-0.028439145535230637,0.47307854890823364,0.40833941102027893,-0.04310579597949982,0.48687857389450073,0.45000526309013367,-0.036297690123319626,0.5105507373809814,0.45913586020469666,-0.02807946875691414
0.5956323146820068,0.5584809184074402,-4.0328478689843905e-07,0.5432441830635071,0.5282268524169922,0.0007017467287369072,0.5036426186561584,0.48447737097740173,-0.00630153575912118,0.46795329451560974,0.45864030718803406,-0.018783697858452797,0.4315965175628662,0.4441280663013458,-0.030269194394350052,0.54780513048172,0.40682661533355713,0.014566468074917793,0.49362626671791077,0.3938877284526825,-0.005281715653836727,0.45557087659835815,0.38918185234069824,-0.019884159788489342,0.4234371781349182,0.38699325919151306,-0.03029060736298561,0.5602872371673584,0.39353129267692566,0.0013968759449198842,0.5002288818359375,0.40108761191368103,-0.023981750011444092,0.516869306564331,0.4525763988494873,-0.0291444081813097,0.5400717258453369,0.45514339208602905,-0.027652699500322342,0.573115885257721,0.38737642765045166,-0.015341568738222122,0.5094297528266907,0.40189114212989807,-0.03875255957245827,0.5245324969291687,0.4508930742740631,-0.02892961911857128,0.5482258200645447,0.45039093494415283,-0.01790906861424446,0.5832644104957581,0.390776664018631,-0.03329940885305405,0.5252153873443604,0.40179067850112915,-0.047741156071424484,0.5327719449996948,0.44070470333099365,-0.0391572006046772,0.5533822774887085,0.4456101655960083,-0.03011619858443737
0.6633700728416443,0.5370249152183533,-3.3904578344845504e-07,0.624404788017273,0.5188732147216797,0.004914815071970224,0.5821932554244995,0.4767131507396698,0.0016340917209163308,0.5474896430969238,0.44926437735557556,-0.00848413910716772,0.5105324983596802,0.43390652537345886,-0.019062340259552002,0.6052138209342957,0.4133634865283966,0.023226028308272362,0.5638167858123779,0.40101224184036255,0.005911362357437611,0.5332586765289307,0.4003404974937439,-0.006042844150215387,0.5044327974319458,0.40052127838134766,-0.013420265167951584,0.6171951293945312,0.397835373878479,0.007365149911493063,0.5659339427947998,0.3813663423061371,-0.01107602845877409,0.5480617880821228,0.4074569642543793,-0.01696600578725338,0.5325493812561035,0.39511317014694214,-0.016579551622271538,0.6359978914260864,0.38713595271110535,-0.011978180147707462,0.584304690361023,0.39378586411476135,-0.036279600113630295,0.6053146123886108,0.44464248418807983,-0.031197860836982727,0.628020703792572,0.4479723274707794,-0.02138696424663067,0.6557287573814392,0.3842012286186218,-0.031407248228788376,0.6085391044616699,0.3911139667034149,-0.046514928340911865,0.6205822229385376,0.4282371699810028,-0.03822437673807144,0.6424048542976379,0.4345617890357971,-0.02862960658967495
0.7172470688819885,0.5325876474380493,-4.4056773162992613e-07,0.6679582595825195,0.5046616196632385,-0.002013727556914091,0.6262523531913757,0.4586949348449707,-0.010915208607912064,0.5907752513885498,0.4300467073917389,-0.024228377267718315,0.5523196458816528,0.4144773483276367,-0.035590920597314835,0.6687621474266052,0.36585733294487,0.010800128802657127,0.6135443449020386,0.3620627820491791,-0.013351979665458202,0.5754558444023132,0.3612704277038574,-0.031428784132003784,0.5406648516654968,0.3619716763496399,-0.04367982596158981,0.6850574016571045,0.3538779616355896,-0.0013656610390171409,0.6216083765029907,0.3722130358219147,-0.026082485914230347,0.642058789730072,0.4310236871242523,-0.029121026396751404,0.6664385795593262,0.4317930042743683,-0.026809211820364,0.7029383778572083,0.3513277769088745,-0.017660703510046005,0.637440025806427,0.37781375646591187,-0.039782002568244934,0.6552252173423767,0.43063434958457947,-0.02586316131055355,0.6787886619567871,0.4281312823295593,-0.013385913334786892,0.7189907431602478,0.3610514998435974,-0.03577018529176712,0.6609051823616028,0.3801998198032379,-0.049677301198244095,0.6698880195617676,0.4207298755645752,-0.03850630298256874,0.6910757422447205,0.42373576760292053,-0.027853097766637802
0.7672992944717407,0.5410705804824829,-4.912500912723772e-07,0.7070979475975037,0.5028303265571594,0.0009683753014542162,0.6549363136291504,0.4468866288661957,-0.009698341600596905,0.6110421419143677,0.41497498750686646,-0.02660195343196392,0.5642411112785339,0.395691454410553,-0.04120054841041565,0.7059527039527893,0.3402699828147888,0.012631074525415897,0.6375351548194885,0.33388400077819824,-0.016072789207100868,0.5961226224899292,0.33417099714279175,-0.035303737968206406,0.5580251812934875,0.33017921447753906,-0.04809967428445816,0.727771520614624,0.3313435912132263,-0.00409144489094615,0.6532411575317383,0.35627904534339905,-0.03256366401910782,0.680873692035675,0.42569589614868164,-0.03343866392970085,0.7105752229690552,0.42159509658813477,-0.02936485968530178,0.7519067525863647,0.3337392210960388,-0.02557416446506977,0.6756299734115601,0.3669576048851013,-0.051379404962062836,0.700190007686615,0.42812466621398926,-0.03321605920791626,0.7290285229682922,0.42087480425834656,-0.0178036168217659,0.7742478251457214,0.3495800197124481,-0.04885124787688255,0.7080462574958801,0.3684470057487488,-0.06479983031749725,0.7186043858528137,0.41420453786849976,-0.050968799740076065,0.7427106499671936,0.41726091504096985,-0.03820503130555153
0.7825127840042114,0.5552586317062378,-5.098926294522244e-07,0.715659499168396,0.5105834007263184,0.0042318012565374374,0.6646843552589417,0.4571363925933838,-0.0050538936629891396,0.6215314269065857,0.4249093234539032,-0.0217629112303257,0.5749356150627136,0.4066540598869324,-0.038069743663072586,0.7116108536720276,0.3586663007736206,0.01679624617099762,0.6515340805053711,0.3468872904777527,-0.007534272037446499,0.6094550490379333,0.34532666206359863,-0.026245521381497383,0.5700633525848389,0.34344685077667236,-0.04038105905056,0.7335278987884521,0.34801915287971497,-0.0022627052385360003,0.6637839078903198,0.37003543972969055,-0.030552733689546585,0.689744770526886,0.43299996852874756,-0.03555207699537277,0.7184508442878723,0.43716248869895935,-0.035148900002241135,0.758665919303894,0.34979575872421265,-0.025249211117625237,0.6877296566963196,0.3806912302970886,-0.05085568502545357,0.7118547558784485,0.4386783242225647,-0.03577081486582756,0.739568829536438,0.43652787804603577,-0.022588515654206276,0.7840619087219238,0.367422878742218,-0.04965820163488388,0.7210536003112793,0.3836263418197632,-0.06521107256412506,0.7320703864097595,0.42965883016586304,-0.05229592323303223,0.7559381723403931,0.4343792796134949,-0.040995653718709946
0.7853464484214783,0.5511925220489502,-4.852437882618688e-07,0.7246996760368347,0.5155289769172668,0.0018066386692225933,0.6756250858306885,0.4637013375759125,-0.006802636198699474,0.6346248388290405,0.4336768388748169,-0.021249985322356224,0.591321587562561,0.41886425018310547,-0.03511054813861847,0.7188409566879272,0.3685045838356018,0.011466584168374538,0.6607534885406494,0.3581862151622772,-0.01137227937579155,0.6210685968399048,0.3567214608192444,-0.029505915939807892,0.5832036733627319,0.3554038405418396,-0.04333402216434479,0.7387812733650208,0.3562474548816681,-0.004418899770826101,0.6725649237632751,0.3803521394729614,-0.030069496482610703,0.6976004838943481,0.4399655759334564,-0.03484857827425003,0.7249718904495239,0.44476714730262756,-0.034964464604854584,0.761627733707428,0.35720759630203247,-0.023710908368229866,0.6954400539398193,0.39017993211746216,-0.04531961306929588,0.717682957649231,0.4442671537399292,-0.031084805727005005,0.7433621883392334,0.4429984986782074,-0.019514594227075577,0.7840093374252319,0.3728296160697937,-0.044647205621004105,0.7261121869087219,0.3932698965072632,-0.05781349539756775,0.7364833354949951,0.4353002905845642,-0.04608187451958656,0.7583145499229431,0.4387156367301941,-0.03609722852706909
0.7916554808616638,0.5104784369468689,-4.1393215610696643e-07,0.7363641858100891,0.4828844368457794,0.0005195490084588528,0.6900358200073242,0.44138452410697937,-0.005511939059942961,0.651964545249939,0.4162156581878662,-0.016914084553718567,0.6135911345481873,0.4066668152809143,-0.02813989482820034,0.7160342931747437,0.3625335991382599,0.012435900047421455,0.6694275736808777,0.3523653447628021,-0.0065158661454916,0.6364535689353943,0.3505710959434509,-0.019722912460565567,0.6052354574203491,0.3463003933429718,-0.03002328798174858,0.7342255711555481,0.3488959074020386,-0.001355935470201075,0.6844054460525513,0.37146225571632385,-0.025388116016983986,0.7109652757644653,0.4213917851448059,-0.02874785102903843,0.7346986532211304,0.4213772118091583,-0.027271712198853493,0.7576519250869751,0.34571322798728943,-0.018605953082442284,0.7095558643341064,0.3765273988246918,-0.04180724918842316,0.732212483882904,0.4220576882362366,-0.03014427423477173,0.7535917162895203,0.4168219268321991,-0.018787898123264313,0.7834049463272095,0.3537822365760803,-0.03708347678184509,0.7384535670280457,0.36986204981803894,-0.05010310932993889,0.7479207515716553,0.40787240862846375,-0.03957546874880791,0.7655375003814697,0.4107374846935272,-0.03014964796602726
0.7924779653549194,0.486880898475647,-3.514596471632103e-07,0.7417217493057251,0.46350234746932983,-0.0012681634398177266,0.6967844367027283,0.4269316494464874,-0.007780078798532486,0.6599400043487549,0.40423229336738586,-0.019016556441783905,0.6240715980529785,0.39611950516700745,-0.030130095779895782,0.7165879607200623,0.35524502396583557,0.009236941114068031,0.6737704277038574,0.3434993326663971,-0.008145551197230816,0.6435089111328125,0.34019550681114197,-0.01913434825837612,0.6148682832717896,0.3343393802642822,-0.027839355170726776,0.7343054413795471,0.33994060754776,-0.002818254753947258,0.6899079084396362,0.3599131107330322,-0.024284616112709045,0.7167322635650635,0.40586528182029724,-0.025436611846089363,0.7386288642883301,0.4023909270763397,-0.022762803360819817,0.7576697468757629,0.33459317684173584,-0.018217507749795914,0.7155569791793823,0.3624734878540039,-0.039699725806713104,0.7377068996429443,0.4054611027240753,-0.02766202762722969,0.7567782998085022,0.3990500867366791,-0.016478674486279488,0.7835326194763184,0.33985692262649536,-0.03486538678407669,0.7442643642425537,0.3549031615257263,-0.047432683408260345,0.7537669539451599,0.39096736907958984,-0.037362631410360336,0.7703210711479187,0.3935239613056183,-0.02839585579931736
0.7923497557640076,0.463384211063385,-3.1316449167206883e-07,0.7473577857017517,0.44274741411209106,-0.002523621544241905,0.707417905330658,0.40968653559684753,-0.00996600091457367,0.6753663420677185,0.3854979872703552,-0.02210279181599617,0.641380250453949,0.375739187002182,-0.03409614413976669,0.7265657782554626,0.342501699924469,0.007473750505596399,0.6877784729003906,0.3302318751811981,-0.008892268873751163,0.6602603197097778,0.3254825174808502,-0.016566652804613113,0.6356128454208374,0.31790170073509216,-0.022168871015310287,0.7436755299568176,0.33102041482925415,-0.0036566562484949827,0.7028409838676453,0.34257352352142334,-0.023706387728452682,0.7261065244674683,0.38900020718574524,-0.02130758948624134,0.7454286217689514,0.3829575777053833,-0.015421313233673573,0.7657516598701477,0.3258223533630371,-0.018377162516117096,0.726391077041626,0.34346041083335876,-0.04101552069187164,0.746808648109436,0.3862767517566681,-0.027542905882000923,0.7648587822914124,0.37903204560279846,-0.014261356554925442,0.7906730771064758,0.32879090309143066,-0.03423517569899559,0.7543007135391235,0.3324372470378876,-0.04815949127078056,0.7611553072929382,0.36913272738456726,-0.03769460693001747,0.7762937545776367,0.37465667724609375,-0.027687009423971176
0.7879002094268799,0.4683058559894562,-2.7967226401415246e-07,0.7437494397163391,0.44808077812194824,-0.0028878969606012106,0.7033300995826721,0.4143635630607605,-0.009393373504281044,0.6705859899520874,0.3907141387462616,-0.020217008888721466,0.6380524635314941,0.38228657841682434,-0.03086499497294426,0.7210469245910645,0.3537847101688385,0.008647036738693714,0.6849332451820374,0.3395273983478546,-0.0064016589894890785,0.6584522724151611,0.3332065939903259,-0.01341854315251112,0.6345599889755249,0.32378384470939636,-0.01877002604305744,0.7380867600440979,0.3416385352611542,-0.0013579105725511909,0.6999233961105347,0.34783560037612915,-0.019613269716501236,0.7215054631233215,0.3949345052242279,-0.016958968713879585,0.7398117184638977,0.3891891539096832,-0.010974351316690445,0.7601250410079956,0.33653524518013,-0.01485493779182434,0.7237672209739685,0.3500089943408966,-0.03560619801282883,0.7411625981330872,0.3933838903903961,-0.022868167608976364,0.7580462098121643,0.38695207238197327,-0.010223610326647758,0.7839782238006592,0.3395612835884094,-0.029429184272885323,0.7504116296768188,0.34348681569099426,-0.04177512228488922,0.7558107376098633,0.37863361835479736,-0.03186466172337532,0.7698736786842346,0.3833621144294739,-0.02247852087020874
0.7668277621269226,0.46758177876472473,-2.7178120376447623e-07,0.7296745777130127,0.4493897557258606,-0.002941713435575366,0.692941427230835,0.41660040616989136,-0.010397481732070446,0.6644628047943115,0.39290985465049744,-0.02168450318276882,0.6341733932495117,0.3839004337787628,-0.032892871648073196,0.7128595113754272,0.3559792935848236,0.0028831104282289743,0.6763198971748352,0.34381452202796936,-0.012085113674402237,0.6512479186058044,0.33773529529571533,-0.018520386889576912,0.629120945930481,0.32942259311676025,-0.023320157080888748,0.7303358912467957,0.3447263240814209,-0.00641944445669651,0.691797137260437,0.3549467921257019,-0.023678194731473923,0.7112959623336792,0.3991886079311371,-0.02002064324915409,0.7279898524284363,0.39295080304145813,-0.014131027273833752,0.7510282397270203,0.3410792648792267,-0.01872333139181137,0.7123473882675171,0.35596850514411926,-0.03759318217635155,0.7288486957550049,0.3966197073459625,-0.023952625691890717,0.7447766661643982,0.39091867208480835,-0.011866704560816288,0.7728182077407837,0.3460948169231415,-0.03208968788385391,0.7377229332923889,0.3515784442424774,-0.04442385584115982,0.7438766956329346,0.3840749263763428,-0.03488487750291824,0.7579494714736938,0.3877127468585968,-0.026061324402689934
0.7346094846725464,0.42364996671676636,-2.543990262893203e-07,0.6957032084465027,0.40399986505508423,-0.0006385017186403275,0.6583630442619324,0.3699815273284912,-0.004748142324388027,0.6286532878875732,0.34945255517959595,-0.012787196785211563,0.599555253982544,0.34002068638801575,-0.02105698175728321,0.6813368797302246,0.31517934799194336,0.007956267334520817,0.6442360877990723,0.3020802140235901,-0.006211777217686176,0.617883026599884,0.29628679156303406,-0.014774504117667675,0.5953906178474426,0.2900519371032715,-0.020873812958598137,0.6974475383758545,0.30606386065483093,-0.0013724480522796512,0.661769688129425,0.30558454990386963,-0.01843784749507904,0.6772984862327576,0.3477831780910492,-0.018617207184433937,0.6953226327896118,0.34935155510902405,-0.01486921776086092,0.7171592116355896,0.30302995443344116,-0.013320116326212883,0.6824102401733398,0.3073785603046417,-0.03063042461872101,0.6934036016464233,0.3464986979961395,-0.019999278709292412,0.7092804908752441,0.3447093069553375,-0.009342753328382969,0.7382891774177551,0.30754199624061584,-0.026019588112831116,0.7072840332984924,0.30268603563308716,-0.03542422503232956,0.7091559767723083,0.3340469300746918,-0.025498362258076668,0.7221682071685791,0.34123122692108154,-0.01648535020649433
0.6773020625114441,0.38682618737220764,-2.998743866555742e-07,0.633886456489563,0.36766213178634644,-0.0026156397070735693,0.5943509340286255,0.3314158320426941,-0.009231839329004288,0.5605797171592712,0.31082865595817566,-0.019729673862457275,0.525887131690979,0.3014355003833771,-0.02981216087937355,0.6269248723983765,0.2593071162700653,0.008415800519287586,0.5815668106079102,0.2524482011795044,-0.00935892853885889,0.5498507022857666,0.2514922618865967,-0.02296803705394268,0.5219823122024536,0.24951674044132233,-0.03266804292798042,0.642954409122467,0.24822139739990234,-0.0012997722951695323,0.5942310094833374,0.25870269536972046,-0.021632783114910126,0.6087808609008789,0.3040531277656555,-0.02555348351597786,0.629098653793335,0.3092505931854248,-0.024796413257718086,0.659879207611084,0.246544748544693,-0.014166471548378468,0.6126302480697632,0.26051822304725647,-0.03368377685546875,0.6234608888626099,0.3027299642562866,-0.02477685734629631,0.6429944038391113,0.3034619390964508,-0.015514752827584743,0.6753657460212708,0.25415802001953125,-0.028116632252931595,0.635482907295227,0.25239297747612,-0.04055820405483246,0.6373423337936401,0.28828758001327515,-0.032214343547821045,0.6539010405540466,0.29775089025497437,-0.024070024490356445
0.5667432546615601,0.3797219693660736,-3.7666333696506626e-07,0.4983771741390228,0.34531286358833313,0.013110661879181862,0.45426052808761597,0.3077201247215271,0.0111181465908885,0.4181322455406189,0.291582852602005,0.0013604055857285857,0.38176167011260986,0.28876739740371704,-0.008733946830034256,0.5002517700195312,0.2149258852005005,0.02977629378437996,0.44018998742103577,0.22240397334098816,0.015958281233906746,0.40609297156333923,0.23107752203941345,-0.00013949444110039622,0.37648114562034607,0.2350555807352066,-0.012476228177547455,0.5112645030021667,0.20529402792453766,0.010725346393883228,0.446617066860199,0.23321953415870667,-0.006305399816483259,0.4623996615409851,0.2748474180698395,-0.01463085226714611,0.48344549536705017,0.2831777036190033,-0.018376801162958145,0.519497811794281,0.20876704156398773,-0.010688995011150837,0.4550021290779114,0.2393813282251358,-0.024117710068821907,0.47187820076942444,0.27885115146636963,-0.017892668023705482,0.4945914149284363,0.27963292598724365,-0.012742829509079456,0.5242924094200134,0.22505074739456177,-0.03266848623752594,0.4718392789363861,0.2451954185962677,-0.0403035543859005,0.4820689558982849,0.2785046100616455,-0.03239837661385536,0.501953661441803,0.28469184041023254,-0.025709528475999832
0.4732022285461426,0.37878745794296265,-5.091436037218955e-07,0.40578359365463257,0.35761508345603943,0.00990267377346754,0.36458486318588257,0.32519951462745667,0.0068970671854913235,0.3288293480873108,0.3110416531562805,-0.002280143089592457,0.2917516827583313,0.30750909447669983,-0.01111477892845869,0.4065609574317932,0.2078005075454712,0.023006131872534752,0.340511292219162,0.22968779504299164,0.0068547991104424,0.30625230073928833,0.24561861157417297,-0.010055133141577244,0.2791208028793335,0.2529948353767395,-0.021459683775901794,0.41310733556747437,0.20137256383895874,0.006746250204741955,0.33908671140670776,0.24669979512691498,-0.01291697844862938,0.35481682419776917,0.2915785312652588,-0.022068554535508156,0.3774520754814148,0.3033381402492523,-0.024947617202997208,0.4150776267051697,0.20683541893959045,-0.011530849151313305,0.3410267233848572,0.25557422637939453,-0.027503885328769684,0.3609052896499634,0.29654064774513245,-0.022677447646856308,0.38612180948257446,0.30199509859085083,-0.01636032573878765,0.4129389524459839,0.22310414910316467,-0.030377376824617386,0.34882852435112,0.2560994029045105,-0.04049748182296753,0.3624342978000641,0.289185494184494,-0.033996403217315674,0.3844170868396759,0.29862844944000244,-0.026207083836197853
0.46536320447921753,0.48989149928092957,-6.450945875258185e-07,0.39725467562675476,0.47360992431640625,0.021608490496873856,0.3551238477230072,0.43692415952682495,0.024360962212085724,0.3194984197616577,0.4174661934375763,0.018446005880832672,0.28514745831489563,0.40210047364234924,0.012489189393818378,0.3891088366508484,0.31264162063598633,0.03465669974684715,0.32225531339645386,0.3475928008556366,0.021176429465413094,0.28686243295669556,0.3731912076473236,0.004900377243757248,0.25848186016082764,0.38720524311065674,-0.006413583178073168,0.3918071985244751,0.3080606460571289,0.012688752263784409,0.31847110390663147,0.368417888879776,-0.004281265195459127,0.33843979239463806,0.4159074127674103,-0.013312403112649918,0.36314696073532104,0.43373435735702515,-0.016578124836087227,0.38998979330062866,0.31846633553504944,-0.010489694774150848,0.3181128203868866,0.3796103000640869,-0.0250032190233469,0.3451898694038391,0.4226357340812683,-0.020511159673333168,0.3747433125972748,0.43283694982528687,-0.014950526878237724,0.3843664526939392,0.33807018399238586,-0.03342752903699875,0.322168231010437,0.37986117601394653,-0.044015660881996155,0.33640962839126587,0.41690728068351746,-0.03880186378955841,0.3571796715259552,0.4311840236186981,-0.032086119055747986
0.47940361499786377,0.6021796464920044,-6.151891511763097e-07,0.40780723094940186,0.5613452792167664,0.018945643678307533,0.3689126968383789,0.5133199095726013,0.01665102131664753,0.33508700132369995,0.48811283707618713,0.0066086784936487675,0.30100294947624207,0.46998652815818787,-0.0026446243282407522,0.4116588830947876,0.3955095112323761,0.02589050680398941,0.3337213695049286,0.4291061758995056,0.007937763817608356,0.2905050814151764,0.45390015840530396,-0.011482148431241512,0.2561792731285095,0.47323012351989746,-0.024982858449220657,0.4151356518268585,0.3991568684577942,0.0042965831235051155,0.32961323857307434,0.4579848349094391,-0.01351739838719368,0.3486168682575226,0.5040343999862671,-0.021931365132331848,0.37216514348983765,0.5185557007789612,-0.026691555976867676,0.41270720958709717,0.418278306722641,-0.018548348918557167,0.3290983736515045,0.47850340604782104,-0.03182871639728546,0.3565014600753784,0.5206054449081421,-0.025192780420184135,0.38566768169403076,0.5267742872238159,-0.020668569952249527,0.4076268970966339,0.44785159826278687,-0.04183832183480263,0.33963167667388916,0.4946150779724121,-0.051758650690317154,0.3532005250453949,0.5308043956756592,-0.04635697230696678,0.37112367153167725,0.5390807390213013,-0.041082244366407394
0.44581395387649536,0.6493662595748901,-5.268159384286264e-07,0.3821427822113037,0.6200134754180908,0.004424076993018389,0.3412151336669922,0.5626753568649292,0.0005398535286076367,0.30551910400390625,0.5269613862037659,-0.010177908465266228,0.2639819085597992,0.5087050199508667,-0.021126559004187584,0.37272897362709045,0.4749252200126648,0.025754712522029877,0.3239043951034546,0.46860185265541077,0.002633692231029272,0.2814539074897766,0.4726857841014862,-0.018929501995444298,0.24290494620800018,0.4813428819179535,-0.033988796174526215,0.3912249803543091,0.4529889225959778,0.008587965741753578,0.32355797290802,0.4512932300567627,-0.0174243226647377,0.325773686170578,0.5042455792427063,-0.029294952750205994,0.33868828415870667,0.5198038220405579,-0.03258766978979111,0.41413408517837524,0.4459037780761719,-0.012372113764286041,0.34251686930656433,0.4614565968513489,-0.037738651037216187,0.3617335259914398,0.5201231837272644,-0.032329291105270386,0.38961976766586304,0.5284153819084167,-0.024101819843053818,0.4351559579372406,0.4543705880641937,-0.034264422953128815,0.36634641885757446,0.47788873314857483,-0.05166337639093399,0.3787589967250824,0.521860659122467,-0.044718530029058456,0.4048086702823639,0.5279302000999451,-0.03664296865463257
0.46108418703079224,0.576762318611145,-3.0916598348085245e-07,0.397458553314209,0.5870733261108398,0.0016876430017873645,0.33399486541748047,0.5620971918106079,0.004743692930787802,0.2906581461429596,0.5229966044425964,0.000764284806791693,0.24863718450069427,0.5061388611793518,-0.004647477064281702,0.34263908863067627,0.5127440690994263,0.03121151030063629,0.29977646470069885,0.4943528473377228,0.019151831045746803,0.26755189895629883,0.48572179675102234,0.00952623225748539,0.23710545897483826,0.47683414816856384,0.001475097262300551,0.3640398383140564,0.48184552788734436,0.019992750138044357,0.3266270160675049,0.4699167013168335,-0.0029167605098336935,0.3664793074131012,0.5081220865249634,-0.008213530294597149,0.3938252031803131,0.5122578144073486,-0.004380710422992706,0.39130839705467224,0.45136237144470215,0.00489970576018095,0.3508540987968445,0.43823862075805664,-0.019290456548333168,0.386461079120636,0.48095202445983887,-0.008566807955503464,0.4132080376148224,0.4890635013580322,0.00613201130181551,0.4247070252895355,0.4235363304615021,-0.010879408568143845,0.3820309638977051,0.40426158905029297,-0.024772023782134056,0.4000142514705658,0.4448816478252411,-0.01276014931499958,0.42341166734695435,0.4607931971549988,-0.00021755315538030118
0.4577772617340088,0.5681663751602173,-3.421001224523934e-07,0.3967377543449402,0.5851513743400574,0.004325269255787134,0.3322771191596985,0.5635155439376831,0.011007421649992466,0.2892776429653168,0.5229619145393372,0.010757694952189922,0.24973759055137634,0.5081586837768555,0.009538480080664158,0.3412553668022156,0.5116041898727417,0.03444498032331467,0.2969299256801605,0.4947643578052521,0.023530449718236923,0.2640475034713745,0.4894416630268097,0.013733312487602234,0.23296460509300232,0.48179712891578674,0.005644528660923243,0.3629869818687439,0.47835618257522583,0.02350921928882599,0.32336145639419556,0.4697590172290802,0.000781875685788691,0.36586663126945496,0.5063304901123047,-0.00502360425889492,0.39640167355537415,0.5129835605621338,-0.0009126543300226331,0.3894704580307007,0.4470559060573578,0.009065111167728901,0.34610432386398315,0.43415385484695435,-0.015278462320566177,0.38450688123703003,0.47870296239852905,-0.005067052785307169,0.41692054271698,0.4912424683570862,0.010233376175165176,0.4210398197174072,0.4164070188999176,-0.005714923609048128,0.37776896357536316,0.40027207136154175,-0.019973590970039368,0.39658451080322266,0.4414656162261963,-0.009047265164554119,0.4218638241291046,0.4575406014919281,0.0034513589926064014
0.43846383690834045,0.5955950617790222,-5.166077130525082e-07,0.38047054409980774,0.5704456567764282,0.002832975937053561,0.3340815007686615,0.5189151167869568,0.001371385296806693,0.2961061894893646,0.48650962114334106,-0.0067276619374752045,0.256319135427475,0.4754646420478821,-0.015225924551486969,0.37089264392852783,0.43455013632774353,0.023573217913508415,0.3164862394332886,0.4327409565448761,0.003859419608488679,0.2743595540523529,0.43987512588500977,-0.013505552895367146,0.2391737550497055,0.4442349076271057,-0.02661013789474964,0.38678663969039917,0.41562196612358093,0.008257236331701279,0.3267531991004944,0.43495750427246094,-0.018602008000016212,0.34343329071998596,0.4897216856479645,-0.02899032272398472,0.36550554633140564,0.5026673078536987,-0.030922014266252518,0.4038245677947998,0.40836480259895325,-0.010759685188531876,0.34232479333877563,0.43768635392189026,-0.038089070469141006,0.3611759841442108,0.49476924538612366,-0.03147106245160103,0.38696062564849854,0.5044183135032654,-0.020902419462800026,0.42011773586273193,0.41447511315345764,-0.030663862824440002,0.363995760679245,0.4359804689884186,-0.04899362847208977,0.37361496686935425,0.4793819189071655,-0.041871216148138046,0.3968074321746826,0.48839378356933594,-0.03297978639602661
0.4742248058319092,0.5857219099998474,-3.6280900417295925e-07,0.41112592816352844,0.5317888259887695,0.003165758680552244,0.36826393008232117,0.481572687625885,-0.011087246239185333,0.32313841581344604,0.4594658315181732,-0.028926722705364227,0.28660428524017334,0.4569942057132721,-0.047729041427373886,0.4104728102684021,0.3649493455886841,-0.011415176093578339,0.32674115896224976,0.3862919211387634,-0.033182136714458466,0.27950936555862427,0.4050305485725403,-0.05025121942162514,0.24187606573104858,0.41573482751846313,-0.06306112557649612,0.42039060592651367,0.3807290494441986,-0.02982920967042446,0.31974318623542786,0.40236297249794006,-0.046597424894571304,0.29543036222457886,0.42556655406951904,-0.05299123004078865,0.2799991965293884,0.4301803708076477,-0.0607617124915123,0.42335280776023865,0.41645944118499756,-0.049107786267995834,0.32829049229621887,0.4671964943408966,-0.06350725889205933,0.3497791290283203,0.5060150027275085,-0.05706926807761192,0.3750728666782379,0.510240375995636,-0.05551208555698395,0.4198831617832184,0.46216171979904175,-0.06937313079833984,0.34578967094421387,0.5019373893737793,-0.08260000497102737,0.3576848804950714,0.5340308547019958,-0.07884955406188965,0.37755945324897766,0.539023756980896,-0.07703234255313873
0.4556885361671448,0.5471599102020264,-2.808105250551307e-07,0.43226853013038635,0.4672077000141144,0.005501303356140852,0.37857046723365784,0.414765328168869,-0.005173216108232737,0.31313812732696533,0.4122101664543152,-0.017436135560274124,0.26882055401802063,0.4248632788658142,-0.031473323702812195,0.37909120321273804,0.349076509475708,-0.019779834896326065,0.2972553074359894,0.3674384653568268,-0.035262174904346466,0.2497970163822174,0.3850651979446411,-0.0472523458302021,0.21397994458675385,0.39758652448654175,-0.05813341215252876,0.374067485332489,0.39182254672050476,-0.03348775580525398,0.2873716950416565,0.42941075563430786,-0.047363150864839554,0.30051952600479126,0.45061904191970825,-0.04807249829173088,0.32037168741226196,0.4489186704158783,-0.051897093653678894,0.36861634254455566,0.4457232356071472,-0.04584658145904541,0.2842378616333008,0.48259127140045166,-0.058481037616729736,0.30917888879776,0.5067352056503296,-0.046715594828128815,0.33685192465782166,0.5042316913604736,-0.04127246513962746,0.36420753598213196,0.504665195941925,-0.057918716222047806,0.2965312898159027,0.5286616683006287,-0.07064758986234665,0.31424739956855774,0.5474359393119812,-0.0632057636976242,0.3358584940433502,0.546794056892395,-0.05804584547877312
0.4369269907474518,0.554135262966156,-3.0040547471799073e-07,0.41281047463417053,0.4720671772956848,0.009850683622062206,0.36222952604293823,0.41338419914245605,0.0009787698509171605,0.29991233348846436,0.40627676248550415,-0.009450406767427921,0.259881854057312,0.4198359549045563,-0.022307593375444412,0.3507896065711975,0.3585870862007141,-0.026021767407655716,0.2700406312942505,0.37391841411590576,-0.038835763931274414,0.2240290343761444,0.39543116092681885,-0.047234755009412766,0.187655970454216,0.4132288694381714,-0.055422451347112656,0.34520596265792847,0.4030892252922058,-0.04119814559817314,0.26608914136886597,0.4412035644054413,-0.052108220756053925,0.2891567349433899,0.4602327346801758,-0.048870086669921875,0.31696832180023193,0.4568042457103729,-0.04977692291140556,0.3407439887523651,0.45874300599098206,-0.05361662432551384,0.26652032136917114,0.4961615800857544,-0.06111270934343338,0.2925401031970978,0.516995370388031,-0.04642340913414955,0.31962814927101135,0.5103244185447693,-0.0401669479906559,0.33844083547592163,0.5184793472290039,-0.06539177894592285,0.2803803086280823,0.5450621843338013,-0.07312606275081635,0.30108487606048584,0.5626094937324524,-0.06252891570329666,0.32302626967430115,0.5598614811897278,-0.05573141574859619
0.4297371506690979,0.5443490743637085,-2.3937764126458205e-07,0.40862447023391724,0.46379223465919495,0.0038909162394702435,0.3525604009628296,0.40700191259384155,-0.005804504733532667,0.2888302505016327,0.39720043540000916,-0.01489620003849268,0.24761129915714264,0.40456610918045044,-0.026576178148388863,0.34697598218917847,0.3689790368080139,-0.03799315541982651,0.26560282707214355,0.38024649024009705,-0.05275212600827217,0.2208864986896515,0.3986150622367859,-0.06052383780479431,0.18648065626621246,0.4133477509021759,-0.0675344243645668,0.34208792448043823,0.42396771907806396,-0.049762967973947525,0.2625002861022949,0.44656363129615784,-0.0624946765601635,0.28377875685691833,0.45999258756637573,-0.05812598019838333,0.31195583939552307,0.45732489228248596,-0.057745203375816345,0.3382686674594879,0.4836197793483734,-0.05888710543513298,0.2657620310783386,0.5005413293838501,-0.06885337829589844,0.28936561942100525,0.5151388049125671,-0.05357546731829643,0.3158673048019409,0.5123627185821533,-0.04580973833799362,0.3365236520767212,0.5423358678817749,-0.06732601672410965,0.27821847796440125,0.5527278780937195,-0.07538087666034698,0.29608750343322754,0.5633062720298767,-0.06428414583206177,0.3164120614528656,0.5610174536705017,-0.05713825300335884
0.429695188999176,0.5594897866249084,-2.077839127423431e-07,0.40816017985343933,0.4749646484851837,0.006157184951007366,0.3523732125759125,0.41800829768180847,-0.0036041701678186655,0.2859060764312744,0.4104962944984436,-0.012436517514288425,0.2403545081615448,0.4213724136352539,-0.023959752172231674,0.34803059697151184,0.38440054655075073,-0.04181773588061333,0.2618538737297058,0.392110675573349,-0.0545683279633522,0.21605859696865082,0.4080354571342468,-0.05996880307793617,0.1790839582681656,0.4220069348812103,-0.06518027931451797,0.339478999376297,0.4435432553291321,-0.053918056190013885,0.26004666090011597,0.45594245195388794,-0.06225227937102318,0.2814502716064453,0.4668167531490326,-0.053729332983493805,0.309963583946228,0.4658142328262329,-0.05134550854563713,0.3314295709133148,0.5039371252059937,-0.06287848204374313,0.26447415351867676,0.5077828764915466,-0.06645762175321579,0.28937801718711853,0.5203806161880493,-0.04722556844353676,0.3149632215499878,0.5196913480758667,-0.03867729753255844,0.32534199953079224,0.5602894425392151,-0.07124344259500504,0.27379247546195984,0.5538663268089294,-0.07274508476257324,0.2955859303474426,0.5634677410125732,-0.0578925646841526,0.316414475440979,0.5650023818016052,-0.04952199012041092
0.3773900866508484,0.5595401525497437,-3.1107262543628167e-07,0.3686320185661316,0.4762975871562958,0.025536812841892242,0.3385656476020813,0.4170010983943939,0.02583051472902298,0.29822027683258057,0.3890053927898407,0.021293001249432564,0.2686414420604706,0.38301610946655273,0.013552811928093433,0.30667513608932495,0.3676875829696655,-0.007349340245127678,0.2307664453983307,0.36896002292633057,-0.012598629109561443,0.18753348290920258,0.38387244939804077,-0.0159531868994236,0.15603165328502655,0.39631208777427673,-0.019580576568841934,0.2905334532260895,0.40469831228256226,-0.025398248806595802,0.2198810875415802,0.4336317181587219,-0.02558218501508236,0.235981285572052,0.45592156052589417,-0.017831815406680107,0.2605174481868744,0.4570924639701843,-0.01619812101125717,0.27703696489334106,0.455870658159256,-0.039676375687122345,0.2150534987449646,0.47826242446899414,-0.0368320569396019,0.2318996638059616,0.4991372227668762,-0.020858531817793846,0.25470128655433655,0.4976489245891571,-0.014842896722257137,0.26653915643692017,0.5113868713378906,-0.05203630030155182,0.21066930890083313,0.5167666077613831,-0.049833960831165314,0.22283005714416504,0.5308595895767212,-0.035990554839372635,0.24188245832920074,0.5319010019302368,-0.027419326826930046
0.38395652174949646,0.5623800754547119,-4.629024488167488e-07,0.366750031709671,0.48098015785217285,0.0218825563788414,0.3305891454219818,0.43072038888931274,0.016937952488660812,0.27996009588241577,0.4184165298938751,0.006248620804399252,0.2395034283399582,0.42695707082748413,-0.006682007573544979,0.3328931927680969,0.3690512478351593,-0.0031729512847959995,0.25197911262512207,0.379142165184021,-0.013557881116867065,0.20724155008792877,0.39690089225769043,-0.021703705191612244,0.17521297931671143,0.4130650758743286,-0.028944700956344604,0.32590535283088684,0.3899715542793274,-0.023181583732366562,0.23972488939762115,0.42202818393707275,-0.029621414840221405,0.24665315449237823,0.4551847577095032,-0.027654865756630898,0.26380655169487,0.46946394443511963,-0.030589813366532326,0.31535759568214417,0.4251156151294708,-0.040920838713645935,0.23251157999038696,0.46012741327285767,-0.04256884753704071,0.24870729446411133,0.49312824010849,-0.030231107026338577,0.27225354313850403,0.5010820627212524,-0.027509624138474464,0.30457425117492676,0.4675862491130829,-0.057664088904857635,0.23655298352241516,0.49032294750213623,-0.0614016093313694,0.24958233535289764,0.5166943073272705,-0.05276402458548546,0.26907989382743835,0.5257368087768555,-0.0485929399728775
0.42875969409942627,0.5872750878334045,-4.585940303059033e-07,0.3873947262763977,0.5207003355026245,0.012766927480697632,0.3382068872451782,0.4697577655315399,0.006344648078083992,0.27926063537597656,0.45664870738983154,-0.005579149816185236,0.23021003603935242,0.45379894971847534,-0.017883824184536934,0.3689136505126953,0.3671990633010864,0.012022326700389385,0.284444123506546,0.38501232862472534,-0.0002252254489576444,0.24117311835289001,0.40113189816474915,-0.013406851328909397,0.20928703248500824,0.41033199429512024,-0.024873219430446625,0.3672899603843689,0.382955938577652,-0.004464025143533945,0.27920636534690857,0.42649754881858826,-0.020306266844272614,0.2973633408546448,0.46475425362586975,-0.02617170661687851,0.3197357952594757,0.4754892885684967,-0.03108820505440235,0.360162615776062,0.41367051005363464,-0.021082915365695953,0.2756984829902649,0.45880547165870667,-0.034055739641189575,0.301810622215271,0.4968203902244568,-0.026989856734871864,0.32782649993896484,0.5008803606033325,-0.02334757149219513,0.35086050629615784,0.45313385128974915,-0.03750341385602951,0.2842487692832947,0.48419004678726196,-0.050224244594573975,0.30362600088119507,0.5168644189834595,-0.04643048718571663,0.32662102580070496,0.5241467952728271,-0.04269632697105408
0.44094783067703247,0.5959532260894775,-4.895121605841268e-07,0.3714311122894287,0.5479100942611694,0.011651316657662392,0.32542967796325684,0.49842092394828796,0.005755935795605183,0.28391891717910767,0.4780699610710144,-0.005573553498834372,0.24262462556362152,0.46957501769065857,-0.01626037247478962,0.3766360580921173,0.3778432607650757,0.015839891508221626,0.29572439193725586,0.39706146717071533,-0.0010565593838691711,0.2519116997718811,0.4105231761932373,-0.019501956179738045,0.21615934371948242,0.4180866479873657,-0.03360427916049957,0.3812370002269745,0.38874030113220215,-0.0017801421927288175,0.29229816794395447,0.4310629367828369,-0.020116722211241722,0.31026753783226013,0.4719688892364502,-0.02834802307188511,0.33289316296577454,0.483700692653656,-0.03373084217309952,0.37871286273002625,0.4142744839191437,-0.020404966548085213,0.29202625155448914,0.4583228528499603,-0.03313399478793144,0.31474569439888,0.49776405096054077,-0.024956345558166504,0.3391226530075073,0.5019882321357727,-0.019900308921933174,0.37300530076026917,0.4499228298664093,-0.03963237255811691,0.30453789234161377,0.4832489788532257,-0.04922458156943321,0.32093220949172974,0.5164146423339844,-0.04233347252011299,0.3421873152256012,0.5224577188491821,-0.03612002357840538
0.44720616936683655,0.6224517226219177,-5.768042115050775e-07,0.381634384393692,0.5730909705162048,0.01743466965854168,0.3393903374671936,0.5295537114143372,0.014672034420073032,0.29759711027145386,0.5094344615936279,0.004145607352256775,0.25828322768211365,0.4954623878002167,-0.00656488724052906,0.3982357680797577,0.4167945981025696,0.024671046063303947,0.30964136123657227,0.43231457471847534,0.010199007578194141,0.2634558081626892,0.44195958971977234,-0.006349591072648764,0.2279730588197708,0.4429236054420471,-0.019430968910455704,0.40321269631385803,0.4133935570716858,0.004009586293250322,0.3110368847846985,0.45632484555244446,-0.015884079039096832,0.32686856389045715,0.5023479461669922,-0.026297656819224358,0.3510223925113678,0.520450234413147,-0.03188776969909668,0.40004870295524597,0.42428356409072876,-0.01740437187254429,0.30875277519226074,0.47216224670410156,-0.03225790336728096,0.33226320147514343,0.5173056721687317,-0.02763434313237667,0.361049085855484,0.5268446207046509,-0.023937266319990158,0.39182502031326294,0.44689154624938965,-0.03897707909345627,0.3178098499774933,0.4860897958278656,-0.05092101916670799,0.3318359851837158,0.5251149535179138,-0.04699399694800377,0.3542000651359558,0.5369328260421753,-0.04226433485746384
0.4402785301208496,0.6181390285491943,-6.368532012857031e-07,0.3710135817527771,0.586165726184845,0.01055220142006874,0.3308323621749878,0.5415374636650085,0.00819141324609518,0.29232046008110046,0.5189283490180969,-0.0012651273282244802,0.25572115182876587,0.509536862373352,-0.009072201326489449,0.3965444266796112,0.4378812313079834,0.026915371417999268,0.3229389190673828,0.452332466840744,0.005318472161889076,0.319183886051178,0.49182477593421936,-0.015998728573322296,0.3197017014026642,0.5111448764801025,-0.029075225815176964,0.4075576066970825,0.4290791451931,0.009594709612429142,0.3195345401763916,0.45150429010391235,-0.015507581643760204,0.3168223202228546,0.5021785497665405,-0.031016996130347252,0.321819931268692,0.5222651958465576,-0.03677559271454811,0.41243159770965576,0.4283163249492645,-0.010078879073262215,0.32208776473999023,0.45406773686408997,-0.0308377705514431,0.3416430652141571,0.5076243281364441,-0.02969885617494583,0.3699987828731537,0.5186552405357361,-0.02420148439705372,0.4104579985141754,0.435343861579895,-0.03003925085067749,0.33512046933174133,0.4618562161922455,-0.04345959052443504,0.34797799587249756,0.5037322640419006,-0.038595445454120636,0.3745787441730499,0.5128973722457886,-0.03083779290318489
0.4593796133995056,0.6263568997383118,-4.948681180394487e-07,0.3938371539115906,0.594773530960083,0.020474161952733994,0.35357481241226196,0.5511743426322937,0.025024157017469406,0.3155003786087036,0.5263791084289551,0.01972382329404354,0.2782479524612427,0.5126927495002747,0.013044296763837337,0.40210506319999695,0.456546813249588,0.04224240779876709,0.3394400477409363,0.45186400413513184,0.031920529901981354,0.30554112792015076,0.46069517731666565,0.016855552792549133,0.2753533124923706,0.46219220757484436,0.005666376557201147,0.4098884165287018,0.44233939051628113,0.01978512480854988,0.33822786808013916,0.44427555799484253,0.007007497828453779,0.296845018863678,0.4644399583339691,-0.007177416235208511,0.2635571360588074,0.46382349729537964,-0.0158559400588274,0.41898784041404724,0.43646371364593506,-0.0042200456373393536,0.3461131155490875,0.45993492007255554,-0.020704835653305054,0.36269673705101013,0.5155371427536011,-0.021071627736091614,0.3866232931613922,0.531439483165741,-0.01754647307097912,0.42540308833122253,0.44197532534599304,-0.02747296169400215,0.3614921569824219,0.45795735716819763,-0.03823315352201462,0.37314414978027344,0.5019118785858154,-0.03079412877559662,0.39741694927215576,0.5160747766494751,-0.022770073264837265
0.45354974269866943,0.6280778050422668,-3.8740492414035543e-07,0.3966100215911865,0.5989599823951721,0.01642141118645668,0.3509800136089325,0.5537001490592957,0.018029360100626945,0.3095647990703583,0.5303610563278198,0.009276089258491993,0.26691147685050964,0.5172236561775208,-0.00031893994309939444,0.3885456919670105,0.4787489175796509,0.0392373725771904,0.33345022797584534,0.46629300713539124,0.0222299974411726,0.29779762029647827,0.4666268229484558,0.006261077709496021,0.2667395770549774,0.46049976348876953,-0.0051284851506352425,0.39947837591171265,0.4612800180912018,0.016674427315592766,0.3332776129245758,0.4500892460346222,-0.0057015931233763695,0.3010031282901764,0.4729093611240387,-0.019136132672429085,0.27457481622695923,0.46184271574020386,-0.02443673647940159,0.41566699743270874,0.4455191493034363,-0.008668454363942146,0.3454328179359436,0.4569281339645386,-0.03426007181406021,0.3700259327888489,0.5151886343955994,-0.03135722503066063,0.3982241451740265,0.5229583382606506,-0.02253119833767414,0.43338853120803833,0.43878260254859924,-0.033688127994537354,0.3729439377784729,0.4482913613319397,-0.04907216131687164,0.3866925835609436,0.4928857684135437,-0.04073579981923103,0.4129995107650757,0.5033273696899414,-0.030974702909588814
0.46475091576576233,0.6382551789283752,-4.6277432375063654e-07,0.4010407328605652,0.6047704219818115,0.016517899930477142,0.35236355662345886,0.5569081902503967,0.01579008623957634,0.31307339668273926,0.526385486125946,0.0037333148065954447,0.26779842376708984,0.5170421004295349,-0.009370381943881512,0.389184832572937,0.47472113370895386,0.039221908897161484,0.33348527550697327,0.457622766494751,0.0234804879873991,0.28903549909591675,0.4493127465248108,0.00902450829744339,0.2502484917640686,0.4447336494922638,-0.0027977852150797844,0.40391749143600464,0.4568327069282532,0.015509992837905884,0.3381982445716858,0.46452027559280396,-0.011137058027088642,0.3627384305000305,0.52162104845047,-0.018775083124637604,0.3898559510707855,0.5329615473747253,-0.017395049333572388,0.41979241371154785,0.44172823429107666,-0.01125893834978342,0.3489733934402466,0.45975786447525024,-0.0362081415951252,0.37655287981033325,0.5167528986930847,-0.024935778230428696,0.40661683678627014,0.5226308703422546,-0.011527866125106812,0.4374710023403168,0.4370994567871094,-0.03832954168319702,0.37233075499534607,0.4475043714046478,-0.0522964783012867,0.38672539591789246,0.4947366416454315,-0.040066879242658615,0.413262277841568,0.5049817562103271,-0.028156552463769913
0.4471473693847656,0.6502540111541748,-5.462114245347038e-07,0.36794742941856384,0.6301956176757812,0.009868532419204712,0.31958746910095215,0.5915564298629761,0.006619932129979134,0.28014683723449707,0.5781813859939575,-0.0028786957263946533,0.24090975522994995,0.5754852890968323,-0.010204625315964222,0.37203046679496765,0.47385549545288086,0.02261968143284321,0.2900646924972534,0.5070978999137878,0.000733549299184233,0.2563945949077606,0.5367292165756226,-0.02227058820426464,0.22658154368400574,0.5454158186912537,-0.038694486021995544,0.38102203607559204,0.46354785561561584,0.004103268031030893,0.3001023232936859,0.5112470984458923,-0.01734735257923603,0.3281477093696594,0.5496243834495544,-0.028725648298859596,0.3561415672302246,0.5492177605628967,-0.03525364771485329,0.38606593012809753,0.4627472162246704,-0.017232252284884453,0.2986263632774353,0.5169085264205933,-0.031500134617090225,0.3283851146697998,0.5582320690155029,-0.024021677672863007,0.36070653796195984,0.549943745136261,-0.019249839708209038,0.3856313228607178,0.4725956320762634,-0.04015340656042099,0.3063141703605652,0.5173356533050537,-0.05178288742899895,0.32594946026802063,0.5527834296226501,-0.04500795528292656,0.35389482975006104,0.5517404675483704,-0.038464710116386414
0.38144397735595703,0.7284390926361084,-6.343204290715221e-07,0.3150217831134796,0.7246291637420654,-0.007250935770571232,0.2569930851459503,0.6950881481170654,-0.014140126295387745,0.2067563831806183,0.6816181540489197,-0.02347005344927311,0.1658603847026825,0.685538113117218,-0.028751462697982788,0.28222206234931946,0.5609622597694397,0.009361336939036846,0.21189454197883606,0.6070339679718018,-0.010984155349433422,0.21152731776237488,0.6629970669746399,-0.02721862867474556,0.21708768606185913,0.688084065914154,-0.034774456173181534,0.2851598560810089,0.552581787109375,0.004007464740425348,0.2172282338142395,0.6172414422035217,-0.012305324897170067,0.22952689230442047,0.6659823656082153,-0.01950361579656601,0.24441802501678467,0.679135799407959,-0.021988391876220703,0.2866130471229553,0.5566511154174805,-0.0051771122962236404,0.218644917011261,0.6174319982528687,-0.017291270196437836,0.23164065182209015,0.6631031632423401,-0.01381845586001873,0.24907413125038147,0.676809549331665,-0.009341703727841377,0.2873854339122772,0.5695290565490723,-0.016249334439635277,0.22727306187152863,0.6107829809188843,-0.02156207710504532,0.21547558903694153,0.64472496509552,-0.01676938496530056,0.2128785252571106,0.6621266603469849,-0.010542959906160831
0.32049989700317383,0.9005889296531677,-6.52736844131141e-07,0.2578064799308777,0.8975265026092529,0.0055588409304618835,0.20517534017562866,0.8641985654830933,0.0009309114539064467,0.16181278228759766,0.8460548520088196,-0.008914874866604805,0.12277407944202423,0.8456832766532898,-0.015908606350421906,0.23567508161067963,0.7314362525939941,0.013356810435652733,0.16116946935653687,0.7617653608322144,-0.006080553866922855,0.12044183164834976,0.7817382216453552,-0.020773136988282204,0.08628716319799423,0.7936276793479919,-0.03148308023810387,0.243703693151474,0.7199863791465759,-0.0026206206530332565,0.16325286030769348,0.7951778769493103,-0.027110418304800987,0.18992088735103607,0.8410466909408569,-0.031553518027067184,0.2145502120256424,0.8416017293930054,-0.031470198184251785,0.24665981531143188,0.7289615273475647,-0.02147066779434681,0.16768968105316162,0.8061076402664185,-0.04285478591918945,0.197001650929451,0.8440560102462769,-0.0333486907184124,0.2236822545528412,0.8378410935401917,-0.024753857403993607,0.2449268400669098,0.75249183177948,-0.0415666289627552,0.1773565709590912,0.808005154132843,-0.059271980077028275,0.18250134587287903,0.8435398936271667,-0.056446779519319534,0.19368788599967957,0.8491588830947876,-0.05168018117547035
0.4389267563819885,0.769871711730957,-5.741542850046244e-07,0.36210352182388306,0.7995924949645996,0.010916559025645256,0.30435076355934143,0.8096113801002502,0.004650163929909468,0.26023539900779724,0.8287218809127808,-0.010303392075002193,0.22092558443546295,0.8545186519622803,-0.023929474875330925,0.27986112236976624,0.6920705437660217,0.023532260209321976,0.2183462381362915,0.7511491775512695,-0.00019639203674159944,0.1892862319946289,0.7880425453186035,-0.019373472779989243,0.16347560286521912,0.8144385814666748,-0.032029345631599426,0.2873321771621704,0.6736375689506531,0.0033553377725183964,0.24512651562690735,0.7752771377563477,-0.029034601524472237,0.28776413202285767,0.7926994562149048,-0.040666136890649796,0.3167104125022888,0.7816370725631714,-0.04364772513508797,0.29832136631011963,0.6686928272247314,-0.019882645457983017,0.25891241431236267,0.7706573605537415,-0.04601078853011131,0.30587729811668396,0.7842816114425659,-0.0391668975353241,0.33485445380210876,0.769573986530304,-0.03022640384733677,0.31362298130989075,0.6745156049728394,-0.04415271803736687,0.2796560823917389,0.752467930316925,-0.060650311410427094,0.30576351284980774,0.7732670307159424,-0.0558927059173584,0.32416832447052,0.7689786553382874,-0.04907982051372528
0.4698300361633301,0.7119630575180054,-5.192536036702222e-07,0.4036894142627716,0.7465409636497498,0.004287130665034056,0.34577512741088867,0.7689880728721619,-0.004725427366793156,0.3039848804473877,0.7994095087051392,-0.019682716578245163,0.27170613408088684,0.8402013778686523,-0.03283775597810745,0.3149607479572296,0.6532219648361206,0.007337893359363079,0.2765062749385834,0.742591381072998,-0.018302978947758675,0.25874507427215576,0.7862870097160339,-0.03853848949074745,0.2351943850517273,0.8180163502693176,-0.05314872786402702,0.32563677430152893,0.6371185779571533,-0.009714278392493725,0.3024628460407257,0.7511860132217407,-0.0392678938806057,0.34566736221313477,0.7512873411178589,-0.04649343341588974,0.363238662481308,0.7301933765411377,-0.049091361463069916,0.34364214539527893,0.6347073316574097,-0.029651744291186333,0.3186133801937103,0.7445302605628967,-0.053500477224588394,0.36143192648887634,0.7410358190536499,-0.04281945526599884,0.3802648186683655,0.7176311612129211,-0.03330440819263458,0.3655414879322052,0.6418333053588867,-0.051105983555316925,0.3356940746307373,0.7167004346847534,-0.06740011274814606,0.35060325264930725,0.7313423156738281,-0.06237900257110596,0.3570637106895447,0.7255702018737793,-0.05674143508076668
0.49038365483283997,0.6883870959281921,-4.224336862534983e-07,0.42988061904907227,0.7110630869865417,-0.004646885674446821,0.37027207016944885,0.7155666947364807,-0.015035562217235565,0.3283959627151489,0.732772171497345,-0.028706781566143036,0.29210081696510315,0.7617802619934082,-0.04018373042345047,0.3550395667552948,0.5985585451126099,0.00031026062788441777,0.30796873569488525,0.6773326396942139,-0.02544616535305977,0.2852524220943451,0.7192040681838989,-0.045483265072107315,0.2602757215499878,0.7485994100570679,-0.05976266786456108,0.3639167249202728,0.5825076699256897,-0.011416011489927769,0.3329114317893982,0.679570734500885,-0.03821524232625961,0.3744909167289734,0.6864944100379944,-0.04432684928178787,0.3925214409828186,0.6633485555648804,-0.04623013362288475,0.3807538151741028,0.579082727432251,-0.026568830013275146,0.3520232141017914,0.6761963367462158,-0.04786321893334389,0.39131230115890503,0.6812977194786072,-0.03605326637625694,0.40593355894088745,0.6567040085792542,-0.02664816565811634,0.40214571356773376,0.5862205028533936,-0.044077955186367035,0.376430869102478,0.6582340002059937,-0.06020199507474899,0.4018833339214325,0.6677125692367554,-0.05352085828781128,0.4160015881061554,0.6507455706596375,-0.04631189629435539
0.4737881124019623,0.6760640144348145,-5.639633968712587e-07,0.4146086871623993,0.6675367951393127,0.0012802204582840204,0.3724914491176605,0.6369900703430176,-0.0017316668527200818,0.3421446681022644,0.6166120767593384,-0.009474794380366802,0.315788596868515,0.5977410078048706,-0.013800006359815598,0.38776275515556335,0.525657594203949,0.019668523222208023,0.344404399394989,0.5683689713478088,-0.004191881977021694,0.37172549962997437,0.6083254218101501,-0.0218011774122715,0.39862126111984253,0.6160183548927307,-0.03057510033249855,0.40060189366340637,0.5149561166763306,0.008312810212373734,0.3513125777244568,0.5684177875518799,-0.017260301858186722,0.38218024373054504,0.6110284328460693,-0.025883197784423828,0.4084298014640808,0.612152636051178,-0.025571852922439575,0.41547632217407227,0.5126317143440247,-0.006747742183506489,0.3638092875480652,0.5643209218978882,-0.028804633766412735,0.39236879348754883,0.6055890321731567,-0.022553224116563797,0.41675418615341187,0.6051729321479797,-0.012499341741204262,0.4327300190925598,0.52079838514328,-0.02305888943374157,0.3871002197265625,0.560311496257782,-0.03655454143881798,0.4029182493686676,0.592157781124115,-0.030515937134623528,0.423878014087677,0.5933935046195984,-0.020909201353788376
0.4751228988170624,0.6551973819732666,-2.486810330992739e-07,0.4283788502216339,0.636436939239502,0.012538383714854717,0.3976861536502838,0.5941146612167358,0.016561411321163177,0.37361177802085876,0.5636773109436035,0.011681568808853626,0.345155268907547,0.5438981056213379,0.005642786156386137,0.41324666142463684,0.5439110398292542,0.03648153319954872,0.37053585052490234,0.5371789932250977,0.024369273334741592,0.33739250898361206,0.5416838526725769,0.011524773202836514,0.31031307578086853,0.5449592471122742,0.003221093909814954,0.4236299395561218,0.5219275951385498,0.018508290871977806,0.37379851937294006,0.49843528866767883,0.006032806821167469,0.3369576036930084,0.492294579744339,-0.005777187179774046,0.30568328499794006,0.47654521465301514,-0.012189875356853008,0.4419538080692291,0.5051509737968445,-0.0021590543910861015,0.3888736963272095,0.5097904205322266,-0.021895209327340126,0.4078931212425232,0.5557839870452881,-0.022886967286467552,0.4298474192619324,0.5706238150596619,-0.017761169001460075,0.4622505307197571,0.49862775206565857,-0.022579072043299675,0.4131592810153961,0.502027153968811,-0.03527682274580002,0.4212777614593506,0.5374350547790527,-0.029223429039120674,0.4397772252559662,0.5540013313293457,-0.021767623722553253
0.48425599932670593,0.6376968622207642,-1.9751635704778892e-07,0.446678102016449,0.5851429104804993,0.011270732618868351,0.432604044675827,0.5306875109672546,0.012218275107443333,0.41682255268096924,0.4803910255432129,0.0036830862518399954,0.3905084729194641,0.4436561167240143,-0.00608123978599906,0.47807982563972473,0.49790552258491516,0.045070987194776535,0.45096147060394287,0.4544956684112549,0.03698791190981865,0.421764612197876,0.4241195023059845,0.029024967923760414,0.40071845054626465,0.396269291639328,0.023188648745417595,0.49527740478515625,0.4900393486022949,0.028573332354426384,0.4535088837146759,0.4426085352897644,0.015942562371492386,0.42461371421813965,0.44731584191322327,0.008829941041767597,0.41435906291007996,0.43031176924705505,0.007830004207789898,0.5113198757171631,0.4878973364830017,0.008457033894956112,0.46292585134506226,0.45254749059677124,-0.01137510035187006,0.4565965235233307,0.5030770301818848,-0.010510955937206745,0.4720205068588257,0.5258271098136902,-0.003044699551537633,0.5233451128005981,0.49022001028060913,-0.011322099715471268,0.48068100214004517,0.4564046859741211,-0.021984733641147614,0.4723104238510132,0.4922369718551636,-0.015831358730793,0.48537686467170715,0.5170060396194458,-0.00795027520507574
0.5223783850669861,0.6153921484947205,-4.623363167866046e-07,0.47263944149017334,0.5653899908065796,0.003649142337962985,0.4502869248390198,0.5114230513572693,-0.0025214534252882004,0.4250326156616211,0.47008275985717773,-0.013711085543036461,0.3944287896156311,0.4360774755477905,-0.022470621392130852,0.5312753319740295,0.4444120526313782,0.017272943630814552,0.46795719861984253,0.41794711351394653,-0.0007571118185296655,0.44129127264022827,0.41913002729415894,-0.015428846701979637,0.4246092140674591,0.4076441824436188,-0.02571794204413891,0.5400700569152832,0.4427175521850586,0.0031583013478666544,0.46237143874168396,0.42695578932762146,-0.017471540719270706,0.46018433570861816,0.4784594476222992,-0.021800287067890167,0.4767453074455261,0.4943566918373108,-0.02181209996342659,0.5406038761138916,0.44802188873291016,-0.014124165289103985,0.46055808663368225,0.4294125735759735,-0.03164365515112877,0.4633772075176239,0.48345333337783813,-0.021483702585101128,0.4856284260749817,0.49866974353790283,-0.01265457458794117,0.5342892408370972,0.46071895956993103,-0.032759521156549454,0.46933627128601074,0.44593411684036255,-0.04550904408097267,0.47093847393989563,0.4839668869972229,-0.03921688348054886,0.49083396792411804,0.5001761317253113,-0.03221042826771736
0.5438965559005737,0.626697301864624,-4.800793931281078e-07,0.49449315667152405,0.5672218203544617,0.011933949775993824,0.46637365221977234,0.5115364789962769,0.008357247337698936,0.4385890066623688,0.47384804487228394,-0.0018955577397719026,0.407564252614975,0.4463643729686737,-0.011565050110220909,0.5421943664550781,0.44153037667274475,0.017364835366606712,0.4790337085723877,0.41424721479415894,0.0025886802468448877,0.4465705454349518,0.40292680263519287,-0.010844754986464977,0.4221590459346771,0.38638877868652344,-0.021491341292858124,0.5527560114860535,0.4428028464317322,-0.001140847452916205,0.4732925295829773,0.43849435448646545,-0.020231187343597412,0.4754023551940918,0.4864356219768524,-0.02568100392818451,0.4909721612930298,0.5074445009231567,-0.028177017346024513,0.5524998307228088,0.4565173387527466,-0.02137640491127968,0.47439759969711304,0.4518275260925293,-0.037631869316101074,0.4819338917732239,0.4982258677482605,-0.030905654653906822,0.5024926066398621,0.5180733799934387,-0.025560075417160988,0.543239176273346,0.4770316183567047,-0.041999999433755875,0.484457403421402,0.4635738134384155,-0.05633755400776863,0.48212432861328125,0.4850262701511383,-0.05488298833370209,0.4934406280517578,0.4961625039577484,-0.05225439742207527
0.15616723895072937,0.5506985783576965,-1.3734599235704081e-07,0.20256777107715607,0.544567883014679,-0.01153807807713747,0.24927055835723877,0.5119152069091797,-0.01761236973106861,0.28790420293807983,0.48898717761039734,-0.025388313457369804,0.32156339287757874,0.4823935627937317,-0.03106711618602276,0.22736653685569763,0.4382118582725525,0.007351810112595558,0.24605321884155273,0.41875648498535156,-0.01370125450193882,0.2387973517179489,0.45969662070274353,-0.027413148432970047,0.22764670848846436,0.4866429269313812,-0.03249620273709297,0.20490138232707977,0.43095722794532776,0.004978470969945192,0.22972726821899414,0.41767242550849915,-0.015456954948604107,0.21804551780223846,0.4690808057785034,-0.023281937465071678,0.20443785190582275,0.4865843653678894,-0.023279204964637756,0.18008777499198914,0.4305577576160431,-0.0017808332340791821,0.2080114483833313,0.4193650186061859,-0.02456742711365223,0.19828680157661438,0.4677968919277191,-0.021487457677721977,0.18502765893936157,0.4818441569805145,-0.013032402843236923,0.15217000246047974,0.4331330955028534,-0.009257960133254528,0.18078941106796265,0.4252682030200958,-0.0224006325006485,0.17567633092403412,0.4632613956928253,-0.015510974451899529,0.16462135314941406,0.47685694694519043,-0.006442200392484665
0.22365550696849823,0.5041150450706482,1.3635636264552886e-07,0.27534183859825134,0.4972381293773651,-0.00412815622985363,0.3254944086074829,0.4638460576534271,-0.0091306297108531,0.36704790592193604,0.4557599425315857,-0.018892643973231316,0.3986169099807739,0.45344606041908264,-0.02969701588153839,0.3075369894504547,0.3825710415840149,0.012364925816655159,0.3408803343772888,0.357807993888855,-0.00434552226215601,0.37030383944511414,0.35782334208488464,-0.016683626919984818,0.39631766080856323,0.3554500639438629,-0.024702446535229683,0.28679484128952026,0.36780208349227905,0.0037625660188496113,0.32263678312301636,0.35115987062454224,-0.018813440576195717,0.30637314915657043,0.4013061225414276,-0.025657067075371742,0.28825876116752625,0.4079763889312744,-0.024815965443849564,0.2612571716308594,0.359025239944458,-0.008001678623259068,0.2990008294582367,0.3477662205696106,-0.034588295966386795,0.28667551279067993,0.3979504406452179,-0.02858072705566883,0.26806119084358215,0.4013686776161194,-0.017525948584079742,0.22770771384239197,0.3547362685203552,-0.019951973110437393,0.2654447853565216,0.3453082740306854,-0.035718437284231186,0.2624047100543976,0.3862787187099457,-0.025534573942422867,0.2454615831375122,0.3956282138824463,-0.01405865978449583
0.26870739459991455,0.5032426118850708,3.6286172644395265e-07,0.31825822591781616,0.4970056712627411,0.006798493675887585,0.35790377855300903,0.4651533365249634,0.0034874440170824528,0.395696222782135,0.45382827520370483,-0.005428190343081951,0.43126317858695984,0.4528532922267914,-0.014755940064787865,0.336155503988266,0.36930418014526367,0.01260872557759285,0.3866770565509796,0.3788255453109741,-0.005356478039175272,0.4201970100402832,0.3829368054866791,-0.020514927804470062,0.4501262605190277,0.37994661927223206,-0.03245720639824867,0.322632372379303,0.3522738218307495,-0.0018532639369368553,0.38543960452079773,0.37980329990386963,-0.022105073556303978,0.3939429819583893,0.4153690040111542,-0.030760224908590317,0.3993507921695709,0.41060030460357666,-0.03547507897019386,0.3107602298259735,0.3498835265636444,-0.017796676605939865,0.37069568037986755,0.39342984557151794,-0.041751209646463394,0.34988531470298767,0.4381382167339325,-0.03702646866440773,0.3275095224380493,0.4338454008102417,-0.03000679984688759,0.29832276701927185,0.3584097623825073,-0.0335221104323864,0.34982284903526306,0.3958166539669037,-0.05041024088859558,0.3371504545211792,0.43023014068603516,-0.044136323034763336,0.3166681230068207,0.42891725897789,-0.03682640567421913
0.25014495849609375,0.47906064987182617,3.712347051987308e-07,0.30790001153945923,0.4719204902648926,0.0002141059812856838,0.3539994955062866,0.43932241201400757,-0.004674943629652262,0.3913399875164032,0.4269934594631195,-0.01303156465291977,0.4280242919921875,0.4290962815284729,-0.021024534478783607,0.33254677057266235,0.33831703662872314,0.00660767313092947,0.3849152624607086,0.37283504009246826,-0.01388360746204853,0.417919397354126,0.39345285296440125,-0.031577546149492264,0.4478144645690918,0.4068466126918793,-0.04492408409714699,0.31685870885849,0.3202798366546631,-0.004613171331584454,0.38092201948165894,0.3593779504299164,-0.026224344968795776,0.39243149757385254,0.3974360525608063,-0.03581243008375168,0.40262991189956665,0.403170645236969,-0.040996577590703964,0.3029211461544037,0.3225976526737213,-0.01783975586295128,0.3587776720523834,0.38396885991096497,-0.04094921424984932,0.338825523853302,0.42283934354782104,-0.03710969164967537,0.3200855553150177,0.41977277398109436,-0.030817626044154167,0.28980666399002075,0.33782804012298584,-0.03185863792896271,0.3331120014190674,0.38739603757858276,-0.04715697839856148,0.3211342990398407,0.41596731543540955,-0.04195568338036537,0.3042696714401245,0.4109475910663605,-0.03585965931415558
0.23136569559574127,0.48078835010528564,2.773336120753811e-07,0.2848355770111084,0.47534292936325073,0.0008355035679414868,0.3278830945491791,0.43583595752716064,-0.0038120662793517113,0.3694620132446289,0.41745051741600037,-0.012494434602558613,0.4081280827522278,0.41993340849876404,-0.020638030022382736,0.30917981266975403,0.3481065034866333,0.012510721571743488,0.3585021495819092,0.3723661005496979,-0.008830906823277473,0.38743075728416443,0.38726523518562317,-0.0249691940844059,0.41700953245162964,0.39170926809310913,-0.0371248684823513,0.2928083539009094,0.328541100025177,0.0004657310782931745,0.35587480664253235,0.35894840955734253,-0.026001226156949997,0.35489779710769653,0.4045727550983429,-0.03401586413383484,0.35819104313850403,0.4042973816394806,-0.03539455682039261,0.27829796075820923,0.32394441962242126,-0.014478862285614014,0.3372626006603241,0.371797651052475,-0.04398191347718239,0.31392523646354675,0.4188472032546997,-0.03890258073806763,0.29469436407089233,0.4134204089641571,-0.0293414443731308,0.2635970711708069,0.33080729842185974,-0.029756998643279076,0.31135204434394836,0.3717069625854492,-0.04917675629258156,0.2978453040122986,0.40593504905700684,-0.043869081884622574,0.27995920181274414,0.4005014896392822,-0.036492519080638885
0.20153412222862244,0.4297916293144226,-8.12572320540994e-09,0.2528514564037323,0.4646452069282532,-0.003915267996490002,0.3106004297733307,0.45384925603866577,-0.0024698658380657434,0.35220059752464294,0.4351813495159149,-0.004803579766303301,0.38659343123435974,0.4351033866405487,-0.007736716885119677,0.3137572407722473,0.4152035415172577,0.017929960042238235,0.35480865836143494,0.4144211411476135,0.007898167707026005,0.377620130777359,0.42357712984085083,0.0022595489863306284,0.39916473627090454,0.4228813350200653,-0.0017438693903386593,0.3011210858821869,0.3849020302295685,0.012510987929999828,0.33411043882369995,0.3911547362804413,-0.007752460893243551,0.298770934343338,0.4150215983390808,-0.012144622392952442,0.28005585074424744,0.4022741913795471,-0.009192341938614845,0.2841049134731293,0.3569234609603882,0.00397484889253974,0.3177134394645691,0.3637755513191223,-0.022177737206220627,0.2809749245643616,0.39391064643859863,-0.016369251534342766,0.2620738744735718,0.38199347257614136,-0.005230496637523174,0.2622964680194855,0.3250861167907715,-0.004375781398266554,0.2931870222091675,0.33856868743896484,-0.02129695750772953,0.27064216136932373,0.3645482361316681,-0.01458684355020523,0.25381141901016235,0.35467666387557983,-0.005785103887319565
0.15693041682243347,0.3817318081855774,-1.7540013885763983e-08,0.20250141620635986,0.42924997210502625,-0.01374131254851818,0.2676037847995758,0.4325598180294037,-0.010234623216092587,0.3220338523387909,0.4129646420478821,-0.008860207162797451,0.36059027910232544,0.4088749587535858,-0.0063045634888112545,0.2786480486392975,0.42313265800476074,0.03599728271365166,0.31540462374687195,0.4184653162956238,0.0340874120593071,0.3338909149169922,0.4119947552680969,0.033879656344652176,0.3536064028739929,0.40163400769233704,0.032854460179805756,0.2669106125831604,0.38551512360572815,0.03709760308265686,0.2978173792362213,0.3825891315937042,0.023265665397047997,0.25850528478622437,0.39445602893829346,0.019420383498072624,0.24824568629264832,0.39253342151641846,0.023778129369020462,0.25136369466781616,0.3508701026439667,0.03281762823462486,0.2819642722606659,0.34852179884910583,0.008238369598984718,0.2394523024559021,0.36604636907577515,0.010348482057452202,0.22782735526561737,0.36226361989974976,0.019950928166508675,0.23559603095054626,0.3137103021144867,0.027862779796123505,0.25866201519966125,0.319309800863266,0.010898813605308533,0.2293282151222229,0.3356897234916687,0.013835356570780277,0.21926634013652802,0.3353354036808014,0.02033579908311367
0.1483326554298401,0.3533599078655243,-1.1443648872955237e-07,0.19338370859622955,0.3978450894355774,-0.03081960789859295,0.24892498552799225,0.42090803384780884,-0.025862038135528564,0.300775945186615,0.40725740790367126,-0.016061093658208847,0.34094467759132385,0.40173831582069397,-0.0011007694993168116,0.2609676122665405,0.4520719647407532,0.028128281235694885,0.30967003107070923,0.434659868478775,0.021031301468610764,0.3361629545688629,0.4141773283481598,0.01403608825057745,0.3578600287437439,0.40090250968933105,0.010818200185894966,0.25383350253105164,0.41106709837913513,0.041260480880737305,0.29435044527053833,0.38762661814689636,0.021318567916750908,0.26453539729118347,0.3781193792819977,0.007471943274140358,0.24589884281158447,0.38342610001564026,0.007894963026046753,0.24669988453388214,0.37179943919181824,0.047538530081510544,0.2837466299533844,0.3520132303237915,0.0171691682189703,0.24479417502880096,0.3466796875,0.006529597565531731,0.2297830879688263,0.3567456007003784,0.011839021928608418,0.24030038714408875,0.33432281017303467,0.05208779126405716,0.2663366198539734,0.32717365026474,0.027528373524546623,0.23694351315498352,0.3266041576862335,0.021060271188616753,0.22293084859848022,0.3375056982040405,0.024944445118308067
0.15133538842201233,0.3493736684322357,-1.669924500902198e-07,0.19030219316482544,0.39101579785346985,-0.03888564929366112,0.24525977671146393,0.423628568649292,-0.041026778519153595,0.29845568537712097,0.41478002071380615,-0.03632074221968651,0.33886027336120605,0.4087197184562683,-0.026781916618347168,0.26502344012260437,0.4632282853126526,0.004548753146082163,0.318375825881958,0.44297805428504944,-0.010758776217699051,0.34310612082481384,0.4190942943096161,-0.021575359627604485,0.361603707075119,0.4058939218521118,-0.026367248967289925,0.2633282244205475,0.42170098423957825,0.019581953063607216,0.3045142590999603,0.39535701274871826,-0.006301986053586006,0.27741801738739014,0.37775105237960815,-0.01989280991256237,0.25763437151908875,0.37722116708755493,-0.01934046484529972,0.25955620408058167,0.3815481662750244,0.02802896685898304,0.29441797733306885,0.35716086626052856,-0.0067345621064305305,0.2580314874649048,0.3454379141330719,-0.016039833426475525,0.2403806746006012,0.35074931383132935,-0.009740641340613365,0.25428855419158936,0.34492895007133484,0.03409118205308914,0.27971184253692627,0.33391931653022766,0.0055666156113147736,0.2514033317565918,0.328689843416214,-0.0007410382386296988,0.23465804755687714,0.3346009850502014,0.003845748258754611
0.15589195489883423,0.3642519414424896,-2.975968094176551e-08,0.20812970399856567,0.4120328426361084,-0.012935887090861797,0.265879362821579,0.42264607548713684,-0.008715852163732052,0.31749364733695984,0.41133496165275574,-0.006501596421003342,0.35705670714378357,0.40845197439193726,-0.0026842327788472176,0.2733493447303772,0.43593889474868774,0.04195365309715271,0.31664660573005676,0.43077123165130615,0.04170434549450874,0.33998292684555054,0.42131051421165466,0.03578808903694153,0.35903850197792053,0.41244521737098694,0.030639255419373512,0.2652127146720886,0.394931435585022,0.04349522665143013,0.2986576557159424,0.3839263319969177,0.030298927798867226,0.26921388506889343,0.3818286657333374,0.015748362988233566,0.24858053028583527,0.3821045756340027,0.01147238165140152,0.25382399559020996,0.356380820274353,0.040435608476400375,0.2841920256614685,0.3520137071609497,0.019541854038834572,0.25007927417755127,0.35521823167800903,0.011921950615942478,0.2311951369047165,0.3557855784893036,0.014580233953893185,0.24083855748176575,0.32105010747909546,0.03653222322463989,0.2656909227371216,0.32666003704071045,0.02139233984053135,0.24276244640350342,0.3316552937030792,0.020005954429507256,0.2277189940214157,0.3359053432941437,0.023669637739658356
0.19232729077339172,0.46746379137039185,3.6347654486235115e-07,0.2488003820180893,0.4392298460006714,-0.013288766145706177,0.28720250725746155,0.4034128189086914,-0.026510057970881462,0.3232417106628418,0.39423882961273193,-0.03922572731971741,0.3553168773651123,0.4000670313835144,-0.05086347460746765,0.22479775547981262,0.29966023564338684,-0.024856355041265488,0.2987423241138458,0.32853567600250244,-0.05046936124563217,0.33428627252578735,0.35539939999580383,-0.07173500210046768,0.36153510212898254,0.37421953678131104,-0.08743986487388611,0.20951545238494873,0.3160998225212097,-0.030637025833129883,0.28455862402915955,0.34512150287628174,-0.05911142751574516,0.28259706497192383,0.37960609793663025,-0.07109078764915466,0.2707729935646057,0.3897019028663635,-0.07767178863286972,0.20302441716194153,0.3506430983543396,-0.03764638304710388,0.27038687467575073,0.3840186297893524,-0.060995928943157196,0.25913798809051514,0.41088321805000305,-0.05958091840147972,0.2404194325208664,0.409209281206131,-0.056319426745176315,0.20127558708190918,0.3905491232872009,-0.0463261678814888,0.25279346108436584,0.4212464392185211,-0.0612991638481617,0.2434956431388855,0.44149094820022583,-0.05895611271262169,0.22759944200515747,0.4400421977043152,-0.05571264773607254
0.20750196278095245,0.3795635402202606,6.987237952671421e-07,0.23368807137012482,0.3460465669631958,-0.017734698951244354,0.27328285574913025,0.34405696392059326,-0.040642354637384415,0.3082263171672821,0.3752589225769043,-0.059977591037750244,0.3285869061946869,0.39085760712623596,-0.07756006717681885,0.22167044878005981,0.3136429488658905,-0.07201983034610748,0.29454684257507324,0.33450162410736084,-0.10012751072645187,0.33451783657073975,0.3464492857456207,-0.11639644205570221,0.36477771401405334,0.3621155619621277,-0.12685954570770264,0.2059219926595688,0.3543289303779602,-0.0755905732512474,0.293948233127594,0.3864824175834656,-0.10354876518249512,0.30929169058799744,0.3815264105796814,-0.10413810610771179,0.31030991673469543,0.37944158911705017,-0.1050565093755722,0.20235255360603333,0.3988349437713623,-0.07780029624700546,0.29006490111351013,0.43073534965515137,-0.09115542471408844,0.2857713997364044,0.4181898236274719,-0.07300914824008942,0.2661808431148529,0.4059750437736511,-0.06193804740905762,0.20517539978027344,0.43731456995010376,-0.08294692635536194,0.2769951820373535,0.468569278717041,-0.0891197994351387,0.2742618918418884,0.45585235953330994,-0.07708393037319183,0.25657790899276733,0.4424589276313782,-0.06960020214319229
0.2041623592376709,0.4663803279399872,7.477343046957685e-07,0.2343728244304657,0.4116114377975464,-0.022165177389979362,0.27829915285110474,0.37591177225112915,-0.05095410719513893,0.32896730303764343,0.3773007094860077,-0.07810558378696442,0.36213618516921997,0.3834898769855499,-0.10490408539772034,0.23070141673088074,0.3269613981246948,-0.06605202704668045,0.31388628482818604,0.33730876445770264,-0.10144169628620148,0.35420283675193787,0.3523482084274292,-0.12651358544826508,0.38389307260513306,0.3662704825401306,-0.14337840676307678,0.22287780046463013,0.3722415566444397,-0.0735597237944603,0.3173684775829315,0.3864743709564209,-0.10781878978013992,0.35308998823165894,0.39089083671569824,-0.11999461054801941,0.3813737630844116,0.38729405403137207,-0.12980155646800995,0.2244374006986618,0.42130836844444275,-0.08108855038881302,0.3100881278514862,0.44219741225242615,-0.10292419046163559,0.2929651141166687,0.45154526829719543,-0.094437375664711,0.2724126875400543,0.4499433636665344,-0.08987374603748322,0.23105134069919586,0.46754229068756104,-0.09196490049362183,0.2992132604122162,0.47968006134033203,-0.10528604686260223,0.2866983711719513,0.48134782910346985,-0.09754233807325363,0.2671174705028534,0.47731813788414,-0.09253820031881332
0.24050235748291016,0.4595758616924286,7.248024758155225e-07,0.272224485874176,0.402523934841156,-0.025719616562128067,0.3136908710002899,0.3683833181858063,-0.057117968797683716,0.3625919222831726,0.37708210945129395,-0.08493414521217346,0.39520201086997986,0.3883605897426605,-0.11263569444417953,0.254560261964798,0.320959210395813,-0.07970676571130753,0.3401057720184326,0.3303165137767792,-0.11231957376003265,0.373635470867157,0.34580254554748535,-0.13297361135482788,0.39616531133651733,0.35686448216438293,-0.14751815795898438,0.24650155007839203,0.3655025064945221,-0.08364276587963104,0.3405638337135315,0.3756785988807678,-0.11529287695884705,0.3685600757598877,0.3871253728866577,-0.12231719493865967,0.3871329426765442,0.39105212688446045,-0.12893740832805634,0.24837332963943481,0.41410136222839355,-0.08678896725177765,0.3379986584186554,0.41492316126823425,-0.10610999912023544,0.33122602105140686,0.4184562861919403,-0.09557036310434341,0.3178381025791168,0.41521796584129333,-0.0905112475156784,0.257222056388855,0.4595857262611389,-0.09293971955776215,0.3229542374610901,0.45921000838279724,-0.10512416809797287,0.31347882747650146,0.45773911476135254,-0.0973493754863739,0.2966308891773224,0.45391082763671875,-0.09297128021717072
0.2550581097602844,0.43974435329437256,6.405889507732354e-07,0.28076374530792236,0.3883512616157532,-0.02795790694653988,0.3161221146583557,0.3533232510089874,-0.06184627115726471,0.35978204011917114,0.3558122515678406,-0.09213809669017792,0.3838620185852051,0.36937615275382996,-0.12232565879821777,0.26721441745758057,0.31573817133903503,-0.07970865070819855,0.34887245297431946,0.3275323808193207,-0.118338942527771,0.3893194794654846,0.3436005413532257,-0.1448885053396225,0.4181477725505829,0.35856908559799194,-0.16204138100147247,0.25752103328704834,0.36067861318588257,-0.0831163078546524,0.3482568860054016,0.374874472618103,-0.11705730110406876,0.36016401648521423,0.38647863268852234,-0.12462414801120758,0.36146578192710876,0.3879135847091675,-0.13106033205986023,0.25935685634613037,0.4079926311969757,-0.08657866716384888,0.34471026062965393,0.4198814928531647,-0.10793501138687134,0.33224835991859436,0.4238051176071167,-0.09558840095996857,0.3125283718109131,0.41882702708244324,-0.08860599994659424,0.26723209023475647,0.44900941848754883,-0.09349905699491501,0.3341014087200165,0.4543013870716095,-0.10562045127153397,0.32541990280151367,0.45413103699684143,-0.09545443207025528,0.30667605996131897,0.4505973160266876,-0.08905503898859024
0.2540396451950073,0.4129532277584076,6.103711598370865e-07,0.27575191855430603,0.36808139085769653,-0.026582447811961174,0.30492106080055237,0.3396631181240082,-0.05807685852050781,0.34422582387924194,0.34202200174331665,-0.08590645343065262,0.37242332100868225,0.34894847869873047,-0.1137072816491127,0.26377010345458984,0.30555179715156555,-0.07758516818284988,0.3414769470691681,0.32018426060676575,-0.11309876292943954,0.38006991147994995,0.33591723442077637,-0.13645429909229279,0.4062744975090027,0.34904876351356506,-0.15135163068771362,0.25493037700653076,0.34683194756507874,-0.080589160323143,0.3411746025085449,0.36258283257484436,-0.11239819973707199,0.3551666736602783,0.3717021346092224,-0.11867185682058334,0.35779526829719543,0.373432993888855,-0.12363217025995255,0.2574545443058014,0.3918633460998535,-0.08333669602870941,0.33927077054977417,0.40648749470710754,-0.10350249707698822,0.3324950039386749,0.4087364077568054,-0.09076698124408722,0.3161088824272156,0.4044238328933716,-0.08288101106882095,0.2660749554634094,0.4308074712753296,-0.08923017978668213,0.3306204676628113,0.4406346082687378,-0.10056434571743011,0.3296040892601013,0.4364285469055176,-0.09020820260047913,0.31761112809181213,0.430167019367218,-0.08307968080043793
0.25727957487106323,0.46146416664123535,-5.668632230282356e-10,0.2854839861392975,0.4259951114654541,-0.013804539106786251,0.30755963921546936,0.3963358700275421,-0.03193367272615433,0.3253621459007263,0.3806931972503662,-0.04833565652370453,0.3371547758579254,0.37530049681663513,-0.062026772648096085,0.26006627082824707,0.32649439573287964,-0.03775522857904434,0.32838842272758484,0.3338717222213745,-0.06490103900432587,0.34295958280563354,0.3531018793582916,-0.07929708063602448,0.3428202271461487,0.36078524589538574,-0.08791028708219528,0.2565310597419739,0.352214515209198,-0.043333861976861954,0.33319786190986633,0.37081944942474365,-0.06900206953287125,0.3293154239654541,0.3962559103965759,-0.0716097429394722,0.3136269748210907,0.3988713324069977,-0.07276614755392075,0.25891876220703125,0.3860786557197571,-0.05014776438474655,0.3271579444408417,0.410570353269577,-0.06877268105745316,0.31706124544143677,0.4318692088127136,-0.06003689020872116,0.2989979386329651,0.4330630600452423,-0.05381648987531662,0.26393207907676697,0.42069241404533386,-0.05915158614516258,0.3166091740131378,0.44490671157836914,-0.07207734137773514,0.3091748356819153,0.4610287547111511,-0.06882932782173157,0.2919914424419403,0.46219000220298767,-0.06545993685722351
0.20247578620910645,0.47471678256988525,1.2128467119509878e-07,0.25058630108833313,0.4720902740955353,-0.00041184839210473,0.2938392758369446,0.43706682324409485,-0.002802528440952301,0.33095651865005493,0.42033863067626953,-0.010186496190726757,0.36571812629699707,0.4154750108718872,-0.017516884952783585,0.28765860199928284,0.3749871551990509,0.017060136422514915,0.3262611925601959,0.37147462368011475,-0.0008960079867392778,0.3561124801635742,0.3745124340057373,-0.012452404946088791,0.38323742151260376,0.37236669659614563,-0.019887417554855347,0.27115458250045776,0.3577079176902771,0.006407942157238722,0.31743621826171875,0.36860039830207825,-0.019712764769792557,0.29241448640823364,0.4127010405063629,-0.025269340723752975,0.271763414144516,0.40895864367485046,-0.022340577095746994,0.2532337009906769,0.3457460403442383,-0.0076995245181024075,0.29871267080307007,0.3664160370826721,-0.03919754922389984,0.2748410105705261,0.41311079263687134,-0.033972807228565216,0.25245633721351624,0.40423306822776794,-0.022047344595193863,0.23020116984844208,0.33728623390197754,-0.02173338644206524,0.27380046248435974,0.3605954945087433,-0.041875582188367844,0.2614506185054779,0.39690136909484863,-0.03540608659386635,0.2401345819234848,0.3913384974002838,-0.02597196213901043
0.20136025547981262,0.47945401072502136,1.5630784844233858e-07,0.24841442704200745,0.4812012016773224,-0.0021693126764148474,0.2930445671081543,0.4468272626399994,-0.005406791809946299,0.3308386504650116,0.4303765594959259,-0.01323300413787365,0.3657265305519104,0.4253191351890564,-0.020737970247864723,0.28605976700782776,0.3872383236885071,0.015125670470297337,0.32491961121559143,0.3802606463432312,-0.003318079048767686,0.35634130239486694,0.3823889493942261,-0.015133863314986229,0.3846382796764374,0.3810374140739441,-0.022652162238955498,0.2699427604675293,0.3689540922641754,0.00509246438741684,0.31516703963279724,0.3759361505508423,-0.023078327998518944,0.29027122259140015,0.42022237181663513,-0.02941114827990532,0.2695818841457367,0.4181159436702728,-0.026222635060548782,0.25237199664115906,0.35541287064552307,-0.008505061268806458,0.29684266448020935,0.3741290867328644,-0.04110182821750641,0.2725021243095398,0.4205932915210724,-0.03611054643988609,0.24985873699188232,0.41156795620918274,-0.023821664974093437,0.22989265620708466,0.34378528594970703,-0.02219494618475437,0.2715376615524292,0.3689770996570587,-0.04315609112381935,0.25867897272109985,0.4041188359260559,-0.037416256964206696,0.23761354386806488,0.3967992961406708,-0.028240708634257317
0.1981208622455597,0.48546141386032104,1.95590089901998e-07,0.2487771362066269,0.48650336265563965,0.0003429482749197632,0.2935102581977844,0.45398250222206116,-0.005032998044043779,0.33479025959968567,0.43913137912750244,-0.01615285314619541,0.37273603677749634,0.4365800619125366,-0.02699127048254013,0.28901877999305725,0.3794080317020416,0.015867488458752632,0.33644741773605347,0.3811832070350647,-0.004881246015429497,0.37016212940216064,0.3837521970272064,-0.018225714564323425,0.4000377655029297,0.38102036714553833,-0.027169637382030487,0.27294662594795227,0.3615718483924866,0.003790503367781639,0.3235214352607727,0.3826650083065033,-0.024697156623005867,0.30197998881340027,0.42327234148979187,-0.03178902715444565,0.2878742218017578,0.4137694835662842,-0.030672941356897354,0.25745144486427307,0.35130640864372253,-0.011595632880926132,0.30723506212234497,0.3876778781414032,-0.04447126016020775,0.2807425558567047,0.42964330315589905,-0.03967133164405823,0.259764701128006,0.41610974073410034,-0.02867199294269085,0.239007368683815,0.3459415137767792,-0.02699565514922142,0.28328731656074524,0.38297921419143677,-0.047970809042453766,0.26773473620414734,0.4160236120223999,-0.042436856776475906,0.24787384271621704,0.4058099687099457,-0.03388731926679611
0.20278406143188477,0.4887040853500366,2.2633317087183968e-07,0.27020949125289917,0.477538526058197,-0.006683474872261286,0.3149188160896301,0.4427611529827118,-0.018963558599352837,0.3574855327606201,0.427311509847641,-0.034160494804382324,0.39953064918518066,0.4304962754249573,-0.04885273799300194,0.27541765570640564,0.3228151500225067,-0.006306904833763838,0.3442404270172119,0.34594789147377014,-0.03092438355088234,0.38375553488731384,0.3571498692035675,-0.05017704889178276,0.4172033369541168,0.3615138828754425,-0.0642753466963768,0.2614072859287262,0.31975483894348145,-0.01676216907799244,0.33818715810775757,0.3636819124221802,-0.048913273960351944,0.31952688097953796,0.4072224497795105,-0.058738745748996735,0.2954041659832001,0.41290900111198425,-0.06021464616060257,0.2530389130115509,0.338267982006073,-0.02940516732633114,0.32330724596977234,0.39640921354293823,-0.05689229443669319,0.3020637631416321,0.4343778192996979,-0.05379164591431618,0.2791539430618286,0.43184730410575867,-0.04624417796730995,0.24831068515777588,0.368466317653656,-0.043538570404052734,0.3026523292064667,0.4175128638744354,-0.058967556804418564,0.2897922396659851,0.4446781575679779,-0.05557689815759659,0.27213045954704285,0.4413836896419525,-0.05007917061448097
0.21145591139793396,0.48810720443725586,2.237737106725035e-07,0.279287189245224,0.4749700725078583,-0.005132187157869339,0.32172322273254395,0.4414009153842926,-0.017159035429358482,0.36215922236442566,0.4252704083919525,-0.03236309438943863,0.4019586145877838,0.42420515418052673,-0.04685909301042557,0.2811913788318634,0.3235376477241516,-0.006224765907973051,0.3509216606616974,0.3464481234550476,-0.030750900506973267,0.3908185362815857,0.3579978942871094,-0.050026826560497284,0.4243341088294983,0.36339542269706726,-0.06433980166912079,0.267988383769989,0.3203941583633423,-0.017342783510684967,0.3437815308570862,0.3631051182746887,-0.04888344928622246,0.3257717788219452,0.40400299429893494,-0.05874600633978844,0.302685409784317,0.40850621461868286,-0.06072640046477318,0.2608071267604828,0.3386729061603546,-0.030414802953600883,0.3296072781085968,0.3979003429412842,-0.056720130145549774,0.3089337646961212,0.43357518315315247,-0.05306028202176094,0.2868472635746002,0.4298081398010254,-0.04576762765645981,0.2571033239364624,0.36879831552505493,-0.04495775327086449,0.3087867498397827,0.41901251673698425,-0.060067057609558105,0.29538285732269287,0.4443698823451996,-0.05674612149596214,0.2782069444656372,0.43941691517829895,-0.05155496299266815
0.2202320396900177,0.49405819177627563,2.4259512088065094e-07,0.2879136800765991,0.4761778712272644,-0.006341457832604647,0.33345460891723633,0.44134989380836487,-0.019380785524845123,0.37540286779403687,0.42568594217300415,-0.0354684479534626,0.4155479967594147,0.42788153886795044,-0.05095478892326355,0.2874574065208435,0.326667845249176,-0.007860642857849598,0.35635486245155334,0.3495989441871643,-0.033458516001701355,0.39550384879112244,0.3593830466270447,-0.05283891037106514,0.42862585186958313,0.3626730442047119,-0.06667579710483551,0.27296608686447144,0.32384979724884033,-0.01875331997871399,0.35042381286621094,0.368073970079422,-0.051953449845314026,0.33192598819732666,0.4125435948371887,-0.06149689853191376,0.3076765537261963,0.4196607768535614,-0.06221584975719452,0.26498717069625854,0.3428749740123749,-0.03175237029790878,0.3342212736606598,0.40339329838752747,-0.06008238345384598,0.31303274631500244,0.4425395727157593,-0.05702042579650879,0.29046377539634705,0.4413718283176422,-0.04900815710425377,0.26106926798820496,0.3735637068748474,-0.046223148703575134,0.314298540353775,0.4251675307750702,-0.061515435576438904,0.3010048270225525,0.452918142080307,-0.05819384381175041,0.2833123505115509,0.45049968361854553,-0.05267792567610741
0.19692054390907288,0.4971280097961426,2.3774576618507126e-07,0.26393261551856995,0.4762382507324219,-0.007829925045371056,0.30977001786231995,0.438923180103302,-0.021769264712929726,0.3507097065448761,0.42209774255752563,-0.038392044603824615,0.3924580216407776,0.42518311738967896,-0.05412018671631813,0.26815369725227356,0.32203856110572815,-0.009285452775657177,0.3359196186065674,0.3430768847465515,-0.034396056085824966,0.37418004870414734,0.3545333445072174,-0.052927207201719284,0.40654081106185913,0.3589925765991211,-0.06615187227725983,0.25117507576942444,0.32149219512939453,-0.01945638097822666,0.3266282081604004,0.36378568410873413,-0.050909023731946945,0.30976343154907227,0.4067029356956482,-0.059982988983392715,0.2872587740421295,0.4122300148010254,-0.06123563274741173,0.23988401889801025,0.3413762152194977,-0.03183981403708458,0.30820420384407043,0.3983781933784485,-0.05940202996134758,0.28982478380203247,0.43672966957092285,-0.056048616766929626,0.2701910734176636,0.43487420678138733,-0.048349663615226746,0.23304793238639832,0.3731863498687744,-0.045705851167440414,0.28581702709198,0.41852444410324097,-0.06049232557415962,0.2745809257030487,0.44611573219299316,-0.05628957599401474,0.2579547166824341,0.44346997141838074,-0.05033496022224426
0.7800363302230835,0.5759816765785217,-4.2723496562757646e-07,0.726001501083374,0.5361005663871765,-0.0028002802282571793,0.6831623911857605,0.4791548252105713,-0.01191465463489294,0.643821656703949,0.4495672285556793,-0.02567608654499054,0.6036148071289062,0.4364299774169922,-0.038475945591926575,0.7235498428344727,0.3880745470523834,0.01067560724914074,0.6677049994468689,0.3807036280632019,-0.013830835931003094,0.6309335231781006,0.38195109367370605,-0.034036584198474884,0.5958003401756287,0.3815109133720398,-0.04793460667133331,0.746019721031189,0.37917500734329224,-0.0019720252603292465,0.6838554739952087,0.402804434299469,-0.023472126573324203,0.7020812034606934,0.4581967294216156,-0.027923427522182465,0.725470781326294,0.46157461404800415,-0.028675204142928123,0.7700700163841248,0.39093175530433655,-0.018811702728271484,0.7103726267814636,0.4186013340950012,-0.03597065806388855,0.7219906449317932,0.46876150369644165,-0.02381427027285099,0.7417506575584412,0.46858152747154236,-0.014662645757198334,0.791238009929657,0.416793555021286,-0.037916358560323715,0.7428067922592163,0.43413400650024414,-0.046935178339481354,0.7444117069244385,0.4707324206829071,-0.03659600019454956,0.7600398063659668,0.4758842885494232,-0.0282141100615263
0.8758147954940796,0.5124191641807556,-4.0705634773985366e-07,0.8196064829826355,0.4742530286312103,0.0025243733543902636,0.7750535011291504,0.41734254360198975,0.0009323970880359411,0.7377365231513977,0.3853643238544464,-0.006265146657824516,0.6999183297157288,0.37017524242401123,-0.013217843137681484,0.7979234457015991,0.3438328206539154,0.02080191671848297,0.7638540863990784,0.32003456354141235,0.0014280175091698766,0.7370295524597168,0.3187222480773926,-0.014668410643935204,0.7087540626525879,0.3182581663131714,-0.025341717526316643,0.8217476606369019,0.3325405716896057,0.007471946999430656,0.784658670425415,0.33812978863716125,-0.014436661265790462,0.8034784197807312,0.3929474949836731,-0.021969741210341454,0.823988676071167,0.4061153531074524,-0.02258968912065029,0.8514470458030701,0.3330295979976654,-0.00953504629433155,0.8142289519309998,0.34563958644866943,-0.03126784414052963,0.8302018642425537,0.3978593051433563,-0.023578109219670296,0.8485553860664368,0.4033508896827698,-0.01425163820385933,0.8833895325660706,0.3450258672237396,-0.027315085753798485,0.848473072052002,0.3461182117462158,-0.039177943021059036,0.8537182807922363,0.39093470573425293,-0.0282399021089077,0.8688878417015076,0.40227729082107544,-0.017782151699066162
0.8783958554267883,0.3734714984893799,-3.4191600661870325e-07,0.8260893225669861,0.3349864184856415,0.0027638976462185383,0.7791391015052795,0.2807091772556305,-0.00016120240616146475,0.7418974041938782,0.24394762516021729,-0.009413267485797405,0.7000689506530762,0.22590360045433044,-0.018825437873601913,0.8115003108978271,0.20852693915367126,0.019208813086152077,0.7697210907936096,0.18306457996368408,-0.001074111321941018,0.7357848286628723,0.17033469676971436,-0.015186460688710213,0.7067534923553467,0.15533395111560822,-0.02545694261789322,0.8353539705276489,0.20309066772460938,0.004222812131047249,0.784281313419342,0.18437734246253967,-0.021908504888415337,0.8017379641532898,0.24858050048351288,-0.024935079738497734,0.8291230797767639,0.2574552595615387,-0.02036062814295292,0.865475058555603,0.2017454206943512,-0.014477529563009739,0.8156806826591492,0.1904108077287674,-0.04074349254369736,0.8287626504898071,0.2503521144390106,-0.0258687362074852,0.8524394631385803,0.2524409294128418,-0.009743199683725834,0.9002615213394165,0.20838889479637146,-0.03395676985383034,0.8584918975830078,0.18825167417526245,-0.047913361340761185,0.8591720461845398,0.2378663718700409,-0.0325346477329731,0.8768157958984375,0.2523428797721863,-0.018227001652121544
0.8560574054718018,0.3148178458213806,-3.475584264833742e-07,0.8024218082427979,0.2809738516807556,-0.0023782311473041773,0.754867672920227,0.23144881427288055,-0.011830508708953857,0.7161358594894409,0.19725443422794342,-0.026074504479765892,0.6744786500930786,0.17865242063999176,-0.03964345529675484,0.7898995280265808,0.15208080410957336,0.006532109808176756,0.7408615946769714,0.13222919404506683,-0.018119100481271744,0.7068119645118713,0.12589487433433533,-0.03321618214249611,0.6758920550346375,0.11634737998247147,-0.04269959405064583,0.814166247844696,0.14211173355579376,-0.00597890792414546,0.7581202983856201,0.13596099615097046,-0.029928477481007576,0.7776734828948975,0.20012930035591125,-0.028064202517271042,0.8044192790985107,0.19983646273612976,-0.0214243046939373,0.8437405228614807,0.14014287292957306,-0.022744063287973404,0.7915023565292358,0.14040574431419373,-0.048375505954027176,0.8060029745101929,0.19984868168830872,-0.032273225486278534,0.8298155069351196,0.19665873050689697,-0.016583168879151344,0.8767520189285278,0.14722523093223572,-0.04043867811560631,0.8332419395446777,0.13578751683235168,-0.054121680557727814,0.8342352509498596,0.18504495918750763,-0.03851671889424324,0.8513239026069641,0.19749075174331665,-0.02447611838579178
0.8135107755661011,0.27909165620803833,-4.0391455513599794e-07,0.7554527521133423,0.24922657012939453,-0.002907236572355032,0.7026574015617371,0.20196537673473358,-0.013557461090385914,0.6610242128372192,0.17088612914085388,-0.029787933453917503,0.6163398027420044,0.15797986090183258,-0.045611780136823654,0.7361749410629272,0.1182560920715332,0.005665078293532133,0.680639386177063,0.1035013347864151,-0.02001182734966278,0.6434428691864014,0.10153979063034058,-0.03406316787004471,0.6094154119491577,0.09669498354196548,-0.042899034917354584,0.7603640556335449,0.10510045289993286,-0.008053554221987724,0.6979431509971619,0.1048692986369133,-0.03517107293009758,0.7257601022720337,0.17220303416252136,-0.03252137079834938,0.7533901333808899,0.16652730107307434,-0.024206098169088364,0.7912459373474121,0.09771905094385147,-0.026271359995007515,0.7319654822349548,0.10846371948719025,-0.05472743511199951,0.754797637462616,0.1707904040813446,-0.03677264228463173,0.780379056930542,0.1628633290529251,-0.019008846953511238,0.8260170817375183,0.0988503098487854,-0.04565460979938507,0.7738741636276245,0.09606187790632248,-0.06214772164821625,0.7814616560935974,0.1470494121313095,-0.046451374888420105,0.8030739426612854,0.1551755964756012,-0.03174255043268204
0.8277894854545593,0.2975722551345825,-5.165589413991256e-07,0.7608461380004883,0.26193320751190186,-9.149301149591338e-06,0.7023850083351135,0.21219147741794586,-0.010184979066252708,0.6557906270027161,0.1852227747440338,-0.027220232412219048,0.6060648560523987,0.17421023547649384,-0.04393690451979637,0.7353449463844299,0.11296845227479935,0.012312331236898899,0.6792272329330444,0.10999279469251633,-0.018201353028416634,0.6377453804016113,0.11107084155082703,-0.040592946112155914,0.5971931219100952,0.11340083926916122,-0.05548134446144104,0.7634844183921814,0.0996069386601448,-0.00528964726254344,0.70036780834198,0.11964981257915497,-0.03698670119047165,0.7313591837882996,0.18953734636306763,-0.04203680902719498,0.7610202431678772,0.1914387047290802,-0.03999767825007439,0.797218382358551,0.09537176787853241,-0.02758111245930195,0.7340208292007446,0.12544037401676178,-0.05848609283566475,0.7595934271812439,0.1882612109184265,-0.04375230148434639,0.7866706252098083,0.18557626008987427,-0.028754979372024536,0.8338249921798706,0.10350169241428375,-0.051249705255031586,0.7761302590370178,0.11690131574869156,-0.06763569265604019,0.783581018447876,0.16932649910449982,-0.051700297743082047,0.804187536239624,0.17823293805122375,-0.03744813799858093
0.797940731048584,0.3486765921115875,-5.457884526549606e-07,0.7268915772438049,0.3109109103679657,-0.002879812614992261,0.6667783260345459,0.26066917181015015,-0.014383605681359768,0.6193348169326782,0.2383333444595337,-0.03184886649250984,0.5690471529960632,0.2279255986213684,-0.048297375440597534,0.7150475978851318,0.14578278362751007,0.01020857971161604,0.6503676176071167,0.1575482189655304,-0.020037660375237465,0.6069003343582153,0.17100000381469727,-0.04404384642839432,0.5651438236236572,0.1823136955499649,-0.060744769871234894,0.7391944527626038,0.13134858012199402,-0.006121286656707525,0.6651976704597473,0.18001629412174225,-0.038492269814014435,0.6970893144607544,0.2430996149778366,-0.04674055799841881,0.727662205696106,0.24482709169387817,-0.04852559417486191,0.766512393951416,0.13207435607910156,-0.027189312502741814,0.6932708024978638,0.18932321667671204,-0.0545545257627964,0.7219563722610474,0.24312402307987213,-0.0414174348115921,0.7501987218856812,0.238572359085083,-0.02963121607899666,0.7939807176589966,0.14973774552345276,-0.0506281852722168,0.7302914261817932,0.18551935255527496,-0.06736616045236588,0.7428666353225708,0.22742746770381927,-0.05585525929927826,0.7655932903289795,0.22987256944179535,-0.04515761137008667
0.772191047668457,0.377469539642334,-5.213229883338499e-07,0.6962515711784363,0.3428013324737549,-0.000757073110435158,0.6365373134613037,0.29158666729927063,-0.013850618153810501,0.5890201330184937,0.27160853147506714,-0.03250302001833916,0.5395575761795044,0.26343613862991333,-0.04872545599937439,0.6904603838920593,0.15676605701446533,0.007934059016406536,0.6145801544189453,0.18819603323936462,-0.02110830880701542,0.5702863335609436,0.2120705097913742,-0.04377952590584755,0.5278249979019165,0.2307640016078949,-0.059043627232313156,0.7102047801017761,0.1485603153705597,-0.00948190689086914,0.6233234405517578,0.21146592497825623,-0.03690670430660248,0.6552848219871521,0.26860421895980835,-0.04140598326921463,0.6853112578392029,0.2642417252063751,-0.041907038539648056,0.7288480997085571,0.15928196907043457,-0.03129953518509865,0.6406095623970032,0.22802890837192535,-0.053224023431539536,0.673512876033783,0.27474236488342285,-0.03814791515469551,0.7040397524833679,0.26296475529670715,-0.02692510560154915,0.7427607774734497,0.18771399557590485,-0.05559312924742699,0.6674731373786926,0.23179736733436584,-0.07062431424856186,0.6852476596832275,0.26795250177383423,-0.05923719331622124,0.7116418480873108,0.26585865020751953,-0.048780981451272964
0.7469006180763245,0.38832947611808777,-5.211938400861982e-07,0.6726545691490173,0.3567352294921875,-0.0027362771797925234,0.6165304183959961,0.30691444873809814,-0.015468133613467216,0.5708351731300354,0.28624892234802246,-0.032603297382593155,0.5237051844596863,0.27840298414230347,-0.0474344864487648,0.6692677736282349,0.1713409125804901,0.00609824201092124,0.5952279567718506,0.20570193231105804,-0.022495612502098083,0.5525985360145569,0.23156483471393585,-0.045945748686790466,0.5118429660797119,0.25228890776634216,-0.06171673536300659,0.6865357756614685,0.1640867292881012,-0.009252355434000492,0.6032539010047913,0.22227998077869415,-0.035924214869737625,0.6327922940254211,0.27510717511177063,-0.041725028306245804,0.66032475233078,0.27438589930534363,-0.0433087982237339,0.7033430933952332,0.1758992224931717,-0.028737427666783333,0.6194794774055481,0.23985932767391205,-0.04957655072212219,0.65011066198349,0.28414520621299744,-0.035720858722925186,0.6780465245246887,0.27506473660469055,-0.025429481640458107,0.7171478271484375,0.20514559745788574,-0.05074555054306984,0.6459007859230042,0.24872931838035583,-0.06525631994009018,0.6637834906578064,0.28317105770111084,-0.054649654775857925,0.6888300180435181,0.281143456697464,-0.04484143480658531
0.62070631980896,0.4300287067890167,-4.3425802687124815e-07,0.5654507279396057,0.4013851284980774,-0.0024787154980003834,0.5152770280838013,0.35214489698410034,-0.011894628405570984,0.4753949046134949,0.3191983997821808,-0.025859935209155083,0.43341273069381714,0.3014422357082367,-0.03806391730904579,0.5453781485557556,0.2662363350391388,0.005571185145527124,0.49003976583480835,0.2595950663089752,-0.022358184680342674,0.4539552330970764,0.2671710252761841,-0.03993754833936691,0.4199250638484955,0.2716846764087677,-0.050200190395116806,0.5655143857002258,0.2532505393028259,-0.006412121932953596,0.508121132850647,0.2594985365867615,-0.03252241015434265,0.5385950803756714,0.3213241994380951,-0.03229707479476929,0.5665475726127625,0.3182927668094635,-0.027059663087129593,0.5920793414115906,0.24399107694625854,-0.02271346002817154,0.5347686409950256,0.257523775100708,-0.047816887497901917,0.5604477524757385,0.3149958550930023,-0.03111046366393566,0.5866490006446838,0.30937355756759644,-0.015555121935904026,0.6228598952293396,0.24276544153690338,-0.04033708572387695,0.5708949565887451,0.24259361624717712,-0.05417834222316742,0.5809472799301147,0.28975459933280945,-0.03885361924767494,0.6021220684051514,0.29714256525039673,-0.024820897728204727
0.584610641002655,0.41211891174316406,-2.9539373258558044e-07,0.5337374210357666,0.41053739190101624,-0.012619632296264172,0.46675071120262146,0.3628053665161133,-0.015734169632196426,0.42492443323135376,0.3081243932247162,-0.021962039172649384,0.3858778476715088,0.27853474020957947,-0.028123360127210617,0.4661615490913391,0.3095490038394928,0.008076590485870838,0.4297637939453125,0.2835708260536194,-0.009044475853443146,0.40169644355773926,0.27056241035461426,-0.013986476697027683,0.37665855884552,0.2515539824962616,-0.017149724066257477,0.4934662878513336,0.2812502980232239,0.002421789104118943,0.46151939034461975,0.2656696140766144,-0.023130590096116066,0.5008817911148071,0.3236752450466156,-0.017050979658961296,0.523124098777771,0.32584184408187866,-0.0038960089441388845,0.5279884338378906,0.2588104009628296,-0.008619050495326519,0.4973110556602478,0.24222338199615479,-0.04064299166202545,0.5284887552261353,0.30209943652153015,-0.022857017815113068,0.5483938455581665,0.31185173988342285,-0.0013255205703899264,0.5659427046775818,0.24183781445026398,-0.02125086635351181,0.5341163873672485,0.21615442633628845,-0.0422438308596611,0.5479052662849426,0.26715365052223206,-0.02954597771167755,0.5642566084861755,0.28847479820251465,-0.014914986677467823
0.5711151361465454,0.42061227560043335,-2.1599434774088877e-07,0.5203454494476318,0.4289831519126892,-0.014351443387567997,0.45698869228363037,0.3830021619796753,-0.016013404354453087,0.4169467091560364,0.3220842480659485,-0.019550492987036705,0.38281968235969543,0.2897583544254303,-0.023125242441892624,0.4480117857456207,0.3386169672012329,0.004311403725296259,0.41600900888442993,0.3024022877216339,-0.0135555574670434,0.39184263348579407,0.2812744379043579,-0.021027706563472748,0.37012627720832825,0.2574443519115448,-0.025519462302327156,0.4754834771156311,0.3088081479072571,0.0008425055420957506,0.44857627153396606,0.2830162048339844,-0.0251554474234581,0.4845295250415802,0.3351193070411682,-0.021917639300227165,0.5033578276634216,0.3445392847061157,-0.010727806016802788,0.5090416669845581,0.28502222895622253,-0.007448385935276747,0.48493731021881104,0.25868695974349976,-0.039392728358507156,0.514605700969696,0.31688210368156433,-0.023116208612918854,0.532158374786377,0.334979385137558,-0.00204100483097136,0.545841634273529,0.26751336455345154,-0.01734676957130432,0.5216366648674011,0.23828138411045074,-0.03814117982983589,0.5365265607833862,0.2862691879272461,-0.02578107826411724,0.5498104691505432,0.3096882700920105,-0.010929929092526436
0.5602895617485046,0.475383460521698,-1.1551161804845833e-07,0.5358947515487671,0.46167123317718506,-0.06641262024641037,0.5098010301589966,0.4190148115158081,-0.09495647996664047,0.5056744813919067,0.3517209589481354,-0.11169319599866867,0.5077048540115356,0.29597949981689453,-0.12033139914274216,0.429212749004364,0.364460825920105,-0.051155876368284225,0.46577781438827515,0.28427451848983765,-0.09099043160676956,0.5090513229370117,0.3060157001018524,-0.11231716722249985,0.5251052379608154,0.3366153836250305,-0.12028849869966507,0.4500100612640381,0.3334488272666931,-0.028706245124340057,0.482933908700943,0.2587880492210388,-0.07066499441862106,0.5255120396614075,0.30469298362731934,-0.08356114476919174,0.5281597971916199,0.34647563099861145,-0.08158927410840988,0.4750489890575409,0.3112087845802307,-0.0138718131929636,0.5053295493125916,0.2576064467430115,-0.05600323528051376,0.5395482182502747,0.30339595675468445,-0.05714007094502449,0.5351840257644653,0.34054064750671387,-0.045869193971157074,0.5000925660133362,0.3022753596305847,-0.0034904219210147858,0.5182721614837646,0.2591876983642578,-0.030096303671598434,0.541332483291626,0.2926202714443207,-0.02807004749774933,0.5352108478546143,0.3270750641822815,-0.018186017870903015
0.5487028360366821,0.4888039231300354,5.026747089686978e-07,0.5842500925064087,0.4950706362724304,-0.0540446862578392,0.6362929344177246,0.46519017219543457,-0.08212866634130478,0.6968646049499512,0.43289655447006226,-0.09674140810966492,0.7427014112472534,0.4113508462905884,-0.10709546506404877,0.5796306133270264,0.3572765588760376,-0.07712352275848389,0.6703854203224182,0.3584618866443634,-0.0996483638882637,0.7220813632011414,0.37334662675857544,-0.10861480236053467,0.7573025226593018,0.3870203197002411,-0.11371182650327682,0.572117030620575,0.31958043575286865,-0.05451572686433792,0.6569230556488037,0.33220991492271423,-0.07458103448152542,0.6731032133102417,0.3768440783023834,-0.07357325404882431,0.674484133720398,0.4006565809249878,-0.07109741866588593,0.5733769536018372,0.3043237328529358,-0.033949173986911774,0.6488465070724487,0.32502809166908264,-0.05065181478857994,0.6538398265838623,0.36591944098472595,-0.043967846781015396,0.6486017107963562,0.3845217525959015,-0.03673080727458,0.5800833702087402,0.3063562214374542,-0.01760575734078884,0.6391510963439941,0.320786714553833,-0.03080826811492443,0.6437349915504456,0.35123583674430847,-0.028721883893013,0.6369923949241638,0.36454299092292786,-0.02374783530831337
0.607702374458313,0.45864030718803406,3.901849083831621e-07,0.6606096029281616,0.465358704328537,-0.04044574126601219,0.72664475440979,0.43795502185821533,-0.06095261126756668,0.7917394638061523,0.41883960366249084,-0.06980540603399277,0.8422366976737976,0.4099978506565094,-0.0760795995593071,0.6844712495803833,0.32127562165260315,-0.062299616634845734,0.77712482213974,0.33842676877975464,-0.07479874789714813,0.8217186331748962,0.36773356795310974,-0.08265762031078339,0.850753664970398,0.38814568519592285,-0.08815716952085495,0.6678122878074646,0.28392335772514343,-0.04024236649274826,0.7446414828300476,0.31924569606781006,-0.04424571618437767,0.7459348440170288,0.3608887195587158,-0.04221225902438164,0.7334141135215759,0.3772237300872803,-0.04328867420554161,0.6565264463424683,0.27044767141342163,-0.01812843047082424,0.7255752086639404,0.2979378402233124,-0.01983584836125374,0.7218524217605591,0.3341895341873169,-0.014265969395637512,0.7081027626991272,0.34881630539894104,-0.0121455742046237,0.6495808362960815,0.27064278721809387,0.001327121863141656,0.7033591270446777,0.2865663766860962,-0.0012468395289033651,0.7007690072059631,0.3172670304775238,0.0031108937691897154,0.6863568425178528,0.33093807101249695,0.007408593315631151
0.680108904838562,0.44361552596092224,5.284545636641269e-07,0.755775511264801,0.4472205638885498,-0.03183310478925705,0.8324030041694641,0.4167396128177643,-0.04368394613265991,0.8968901038169861,0.39734023809432983,-0.0473831407725811,0.946078896522522,0.3930214047431946,-0.048472948372364044,0.7912048697471619,0.27481508255004883,-0.029010716825723648,0.8832496404647827,0.3063151240348816,-0.03448621556162834,0.9235534071922302,0.3442126214504242,-0.04180335998535156,0.9497089385986328,0.3782857060432434,-0.04657995328307152,0.7649849653244019,0.24051780998706818,-0.011286264285445213,0.8497890830039978,0.28619495034217834,-0.010702191852033138,0.8709901571273804,0.3330506682395935,-0.013767162337899208,0.8765457272529602,0.365874707698822,-0.01701408065855503,0.7440341711044312,0.2356957644224167,0.005657616537064314,0.8193290829658508,0.27461743354797363,0.007868759334087372,0.8332829475402832,0.31267982721328735,0.0073109278455376625,0.8329124450683594,0.3418080508708954,0.006475044880062342,0.729600191116333,0.24698925018310547,0.020148716866970062,0.7883787155151367,0.26814132928848267,0.021114977076649666,0.8029571771621704,0.29519224166870117,0.02343624457716942,0.8030283451080322,0.31573739647865295,0.027319107204675674
0.6699928045272827,0.4325591027736664,6.044207339073182e-07,0.742318332195282,0.4246257245540619,-0.042099401354789734,0.8136818408966064,0.3792172968387604,-0.05464395508170128,0.8759220838546753,0.34978780150413513,-0.05674876272678375,0.9281753897666931,0.3385762870311737,-0.05554463714361191,0.7593750953674316,0.243552565574646,-0.02869865857064724,0.8551972508430481,0.2619503140449524,-0.03461620584130287,0.9035226106643677,0.293330579996109,-0.04208153858780861,0.9371774792671204,0.32209181785583496,-0.04659131541848183,0.7335246205329895,0.22006559371948242,-0.004641165491193533,0.8258883953094482,0.24846237897872925,-0.0062415581196546555,0.8516676425933838,0.2950904071331024,-0.009420309215784073,0.8596756458282471,0.3301633894443512,-0.011305254884064198,0.7159209251403809,0.22487181425094604,0.017164265736937523,0.7972646355628967,0.24690690636634827,0.014221256598830223,0.8164700865745544,0.2857306897640228,0.011205272749066353,0.8197156190872192,0.31829383969306946,0.011341477744281292,0.7072714567184448,0.2439282387495041,0.036030638962984085,0.7714007496833801,0.2501746416091919,0.03137187287211418,0.7925816178321838,0.2732926309108734,0.030307859182357788,0.7976455092430115,0.293573260307312,0.03353141248226166
0.6158075332641602,0.4529339373111725,4.727085354261362e-07,0.6662182807922363,0.4270547926425934,-0.05929772928357124,0.7276918888092041,0.3736487329006195,-0.07460606098175049,0.7879020571708679,0.3364502787590027,-0.07409849017858505,0.8318468928337097,0.3149091601371765,-0.06888638436794281,0.6593579649925232,0.25898006558418274,-0.05390152335166931,0.7534115314483643,0.25856560468673706,-0.06780295819044113,0.8050582408905029,0.28155142068862915,-0.07733222842216492,0.8462401628494263,0.30110275745391846,-0.08289198577404022,0.6556001901626587,0.24468137323856354,-0.0211670882999897,0.7388832569122314,0.2613695561885834,-0.031248724088072777,0.7577317357063293,0.3060987889766693,-0.03635191544890404,0.7678097486495972,0.33626583218574524,-0.03927379846572876,0.6578925848007202,0.24959349632263184,0.007881143130362034,0.7342231869697571,0.2648988664150238,-0.0025520382914692163,0.7467749714851379,0.29938173294067383,-0.009889732114970684,0.75203537940979,0.32101166248321533,-0.012646340765058994,0.6629129648208618,0.2645685076713562,0.03271021321415901,0.7229060530662537,0.2801734209060669,0.02494257129728794,0.7337533831596375,0.3052300214767456,0.019156765192747116,0.7331152558326721,0.3209298849105835,0.018059149384498596
0.5481169819831848,0.4470547139644623,7.313452670132392e-07,0.5722077488899231,0.4258289337158203,-0.0601511225104332,0.6247652769088745,0.37927258014678955,-0.07868416607379913,0.6809698343276978,0.345173180103302,-0.08137396723031998,0.7189578413963318,0.3190596103668213,-0.0798923671245575,0.5618570446968079,0.27086320519447327,-0.05785152688622475,0.6504226922988892,0.2669076919555664,-0.07567192614078522,0.7039350271224976,0.275554358959198,-0.08981075882911682,0.749220609664917,0.2888081967830658,-0.09980260580778122,0.5754261016845703,0.2608168423175812,-0.02886267937719822,0.654191255569458,0.2664758265018463,-0.04482673481106758,0.6980255246162415,0.2825043797492981,-0.054984282702207565,0.7360681295394897,0.29668745398521423,-0.0626915842294693,0.5926651954650879,0.2702910304069519,-0.0038976625073701143,0.6632190942764282,0.27488332986831665,-0.023051319643855095,0.6991171836853027,0.2841181755065918,-0.03397656977176666,0.7310510277748108,0.29223164916038513,-0.03980216756463051,0.6086932420730591,0.2871929705142975,0.01695907674729824,0.6638440489768982,0.29849424958229065,-0.002272067591547966,0.6906177997589111,0.3108088970184326,-0.012874389067292213,0.7130895853042603,0.31753242015838623,-0.017042648047208786
0.5710559487342834,0.4233338236808777,-6.072227876074976e-08,0.5311241149902344,0.43668055534362793,-0.0790795311331749,0.52279132604599,0.3936845064163208,-0.11807338893413544,0.5597878098487854,0.3395555913448334,-0.13849638402462006,0.5943440198898315,0.2970891296863556,-0.14819027483463287,0.48412221670150757,0.2635039687156677,-0.10994620621204376,0.5813649892807007,0.27440595626831055,-0.15498749911785126,0.5954768657684326,0.32228395342826843,-0.16734249889850616,0.5882399678230286,0.3325064778327942,-0.1741175651550293,0.5115921497344971,0.23395708203315735,-0.08282817900180817,0.607247531414032,0.27082177996635437,-0.13347496092319489,0.596419632434845,0.3312198519706726,-0.13396665453910828,0.5720787644386292,0.3356451094150543,-0.13012737035751343,0.5429944396018982,0.22748644649982452,-0.06174710392951965,0.6242599487304688,0.2689674496650696,-0.10361965745687485,0.6048110127449036,0.3226543962955475,-0.09075097739696503,0.5781175494194031,0.32391777634620667,-0.07855900377035141,0.5747284889221191,0.23519137501716614,-0.04735317453742027,0.6275439262390137,0.26345306634902954,-0.08291744440793991,0.6150831580162048,0.3033159673213959,-0.08646085113286972,0.5939120054244995,0.30454352498054504,-0.08388421684503555
0.5998655557632446,0.4705634117126465,-4.6488801785926626e-07,0.539068877696991,0.4387257397174835,-0.011481656692922115,0.4864601492881775,0.38252121210098267,-0.02813529595732689,0.44696974754333496,0.3566698729991913,-0.04692599177360535,0.40182286500930786,0.3484114408493042,-0.06268125772476196,0.5435706377029419,0.24803125858306885,-0.012284733355045319,0.46486932039260864,0.2773374915122986,-0.04640420898795128,0.42059895396232605,0.3063960075378418,-0.07094279676675797,0.38661763072013855,0.3258991837501526,-0.08590219914913177,0.5717141628265381,0.246572345495224,-0.022916557267308235,0.49034661054611206,0.30329760909080505,-0.04889300838112831,0.5151640176773071,0.3505459725856781,-0.05119415745139122,0.5430637001991272,0.3475387394428253,-0.051275935024023056,0.5975974798202515,0.2688019275665283,-0.038166359066963196,0.515712320804596,0.3301459848880768,-0.0578581802546978,0.5384120941162109,0.3719472587108612,-0.040394749492406845,0.5625820755958557,0.36505261063575745,-0.02811422385275364,0.6200319528579712,0.3074871301651001,-0.05698937177658081,0.5533949136734009,0.3434773087501526,-0.07207296788692474,0.5629742741584778,0.37354445457458496,-0.06141820549964905,0.5822595953941345,0.3743929862976074,-0.050836287438869476
0.576026201248169,0.5155141353607178,-5.856098823642242e-07,0.5025988817214966,0.45135438442230225,0.0145844966173172,0.459173321723938,0.3920561373233795,0.008295614272356033,0.41932713985443115,0.3639828562736511,-0.00480403658002615,0.37834271788597107,0.3453080952167511,-0.017732784152030945,0.5314434170722961,0.27572664618492126,0.013602565042674541,0.448844313621521,0.28773337602615356,-0.007462380453944206,0.4033939242362976,0.3050558865070343,-0.026118531823158264,0.366003155708313,0.31670498847961426,-0.03914155438542366,0.545635461807251,0.2833804190158844,-0.008011803962290287,0.4467528164386749,0.31373047828674316,-0.029510101303458214,0.45924636721611023,0.36796119809150696,-0.03514309227466583,0.48184525966644287,0.38688457012176514,-0.03812883421778679,0.5501465201377869,0.30874037742614746,-0.030972035601735115,0.45367467403411865,0.3410704731941223,-0.04563388600945473,0.4726245403289795,0.3900323808193207,-0.03431401774287224,0.4989306330680847,0.4004718065261841,-0.02749798074364662,0.5483840107917786,0.3471392095088959,-0.05455764755606651,0.4733356833457947,0.3709421455860138,-0.06581871956586838,0.4843291640281677,0.40643709897994995,-0.05806184932589531,0.5058587193489075,0.415730744600296,-0.051328036934137344
0.525194525718689,0.495290070772171,-5.883367748538149e-07,0.4518764019012451,0.43597927689552307,0.017657572403550148,0.4137447476387024,0.37854453921318054,0.013698220252990723,0.3759257197380066,0.3412126302719116,0.0015772489132359624,0.3354467451572418,0.31844857335090637,-0.01084741111844778,0.48099422454833984,0.2670021057128906,0.022821271792054176,0.40139666199684143,0.27068251371383667,0.007679459638893604,0.35913553833961487,0.2860250771045685,-0.008046519011259079,0.3281681537628174,0.2912595570087433,-0.019637059420347214,0.49049410223960876,0.2700948119163513,7.47730300645344e-05,0.3925377428531647,0.3018384873867035,-0.017844239249825478,0.40165847539901733,0.35974830389022827,-0.023526284843683243,0.4216237962245941,0.3875632882118225,-0.026379959657788277,0.49117404222488403,0.292351633310318,-0.023932049050927162,0.39487946033477783,0.31934359669685364,-0.03816630318760872,0.4132159352302551,0.37395554780960083,-0.02948639914393425,0.43901216983795166,0.3994971811771393,-0.023355675861239433,0.4855533242225647,0.32597747445106506,-0.04820362851023674,0.4102872312068939,0.33520323038101196,-0.061102770268917084,0.415470689535141,0.3664073348045349,-0.056619979441165924,0.4320404529571533,0.38338473439216614,-0.051662296056747437
0.493527352809906,0.4841168522834778,-6.70085285037203e-07,0.4184611439704895,0.4304256737232208,0.02447224035859108,0.38430047035217285,0.3727155923843384,0.026406683027744293,0.35069847106933594,0.33367180824279785,0.018610021099448204,0.31647610664367676,0.3085620403289795,0.010506871156394482,0.44409075379371643,0.2596815824508667,0.031833868473768234,0.3650971055030823,0.2560075521469116,0.020111387595534325,0.3235856890678406,0.2697165012359619,0.007362937089055777,0.295073926448822,0.2769232392311096,-0.0009562383056618273,0.4519542157649994,0.261072039604187,0.007613652385771275,0.3585231304168701,0.2849385440349579,-0.009220153093338013,0.36544114351272583,0.34070801734924316,-0.01592271216213703,0.3837997615337372,0.3695060908794403,-0.018064608797430992,0.4497627913951874,0.28088703751564026,-0.0171748548746109,0.35862329602241516,0.30054131150245667,-0.033567603677511215,0.3745264410972595,0.3550494611263275,-0.02822718769311905,0.40011918544769287,0.3837369382381439,-0.02229820191860199,0.43727511167526245,0.3104610741138458,-0.040949009358882904,0.36296436190605164,0.2993481755256653,-0.053421132266521454,0.35059553384780884,0.31506550312042236,-0.04991039261221886,0.34943678975105286,0.3229013681411743,-0.045361824333667755
0.42091843485832214,0.43445533514022827,-7.11476786818821e-07,0.3500586748123169,0.39250776171684265,0.013553890399634838,0.31316936016082764,0.3439125418663025,0.012580198235809803,0.27799350023269653,0.30909478664398193,0.004419965669512749,0.24408525228500366,0.2818906009197235,-0.0016404165653511882,0.3703882396221161,0.22334697842597961,0.02497137151658535,0.29246875643730164,0.23997578024864197,0.009677201509475708,0.2687983214855194,0.2730868458747864,-0.003558680647984147,0.2557148337364197,0.28469446301460266,-0.010842137970030308,0.37697896361351013,0.22353848814964294,0.006714936345815659,0.2891276478767395,0.26572251319885254,-0.014048642478883266,0.3055434823036194,0.32057857513427734,-0.022141288965940475,0.3282981216907501,0.34040313959121704,-0.0235796719789505,0.3749118149280548,0.23830635845661163,-0.013104706071317196,0.28595778346061707,0.27620482444763184,-0.03411667048931122,0.3116992115974426,0.3300209641456604,-0.03142581880092621,0.3432772159576416,0.35032108426094055,-0.024854199960827827,0.3639150857925415,0.2610269784927368,-0.03262219950556755,0.2860603332519531,0.26951104402542114,-0.04799018055200577,0.2804975211620331,0.29641878604888916,-0.04552174359560013,0.28688961267471313,0.3091123104095459,-0.03942515328526497
0.41082608699798584,0.4388607144355774,-6.418871407731785e-07,0.33647996187210083,0.3985172212123871,0.02873877063393593,0.2994286119937897,0.35331636667251587,0.03316700458526611,0.2631755769252777,0.32822003960609436,0.027416620403528214,0.2274453192949295,0.30555465817451477,0.02067681960761547,0.34728023409843445,0.24120235443115234,0.041747041046619415,0.27399149537086487,0.2565402388572693,0.032195039093494415,0.2410515993833542,0.27747759222984314,0.01789318583905697,0.21792423725128174,0.2859913110733032,0.007285985164344311,0.3525312542915344,0.23731747269630432,0.01705934852361679,0.27092278003692627,0.2788865566253662,0.0039429129101336,0.2848578691482544,0.32919010519981384,-0.005339224822819233,0.3080591559410095,0.3481729328632355,-0.00992945022881031,0.35112428665161133,0.24807775020599365,-0.007771867793053389,0.26952147483825684,0.2885328531265259,-0.0186423622071743,0.29103291034698486,0.33803388476371765,-0.014649116434156895,0.3186524510383606,0.3505348861217499,-0.010820036754012108,0.3435906171798706,0.26878517866134644,-0.031467780470848083,0.2762073874473572,0.29694050550460815,-0.03941080719232559,0.2935309112071991,0.3363282382488251,-0.032920416444540024,0.3184358775615692,0.3490756154060364,-0.025997359305620193
0.38342058658599854,0.4476495087146759,-5.464510195452021e-07,0.3132111728191376,0.4113336503505707,0.0225114393979311,0.2756548523902893,0.3716174364089966,0.022469183430075645,0.23930507898330688,0.35354194045066833,0.014082614332437515,0.20296555757522583,0.3404272496700287,0.005401345435529947,0.31966328620910645,0.2520388662815094,0.03114337846636772,0.2457306981086731,0.26976078748703003,0.01878991909325123,0.21170800924301147,0.2867588698863983,0.005094005260616541,0.18662294745445251,0.28902682662010193,-0.004739935975521803,0.3225141763687134,0.24895845353603363,0.009172223508358002,0.24070778489112854,0.2960083782672882,-0.004592346027493477,0.25437507033348083,0.3436260223388672,-0.010459011420607567,0.2766838073730469,0.3509823977947235,-0.013310701586306095,0.3193552792072296,0.262076199054718,-0.013401970267295837,0.2387927919626236,0.3090098202228546,-0.024837719276547432,0.2588343918323517,0.35437577962875366,-0.01828738860785961,0.28434258699417114,0.3563922941684723,-0.013403138145804405,0.3096616566181183,0.2860828638076782,-0.03530468791723251,0.2437780797481537,0.3176494836807251,-0.04324162378907204,0.26063603162765503,0.35423949360847473,-0.035970788449048996,0.28475648164749146,0.35989198088645935,-0.02879905141890049
0.3905450999736786,0.45511168241500854,-5.886129201826407e-07,0.3204486668109894,0.4191308617591858,0.029720157384872437,0.2818147540092468,0.38283446431159973,0.03304413706064224,0.2432721108198166,0.3658236563205719,0.026721656322479248,0.20514366030693054,0.3539547622203827,0.019642530009150505,0.3233911097049713,0.264647901058197,0.03539435192942619,0.24860040843486786,0.28378409147262573,0.02677404135465622,0.21619991958141327,0.29927802085876465,0.014660971239209175,0.19015353918075562,0.2987537682056427,0.004138763528317213,0.3259156346321106,0.266781210899353,0.009815029799938202,0.24336761236190796,0.3101137578487396,-0.0036728254053741693,0.26291412115097046,0.3574039936065674,-0.010461387224495411,0.28731200098991394,0.37132027745246887,-0.014481468126177788,0.32214945554733276,0.28268927335739136,-0.015288794413208961,0.24077779054641724,0.32238003611564636,-0.02597382664680481,0.2657901644706726,0.36808696389198303,-0.019362157210707664,0.2934901714324951,0.3769848346710205,-0.014920040033757687,0.31403815746307373,0.3078248202800751,-0.03907759487628937,0.24876916408538818,0.3326060175895691,-0.04857063293457031,0.26587367057800293,0.36856308579444885,-0.042658641934394836,0.28901052474975586,0.37816986441612244,-0.03669843450188637
0.4130731225013733,0.5144134759902954,-6.263832688091497e-07,0.3401692509651184,0.47523853182792664,0.0025471108965575695,0.2900904417037964,0.4225645065307617,-0.0056083668023347855,0.24605296552181244,0.39524921774864197,-0.019172774627804756,0.2028178870677948,0.38313180208206177,-0.031343765556812286,0.34793925285339355,0.3012489676475525,0.010257279500365257,0.26868945360183716,0.3281576931476593,-0.014015545137226582,0.2326432168483734,0.34934893250465393,-0.03357170894742012,0.20132778584957123,0.35368767380714417,-0.047506559640169144,0.3577418029308319,0.300768107175827,-0.006867678835988045,0.27094870805740356,0.34590134024620056,-0.03891386091709137,0.29200640320777893,0.39968180656433105,-0.048647306859493256,0.31596848368644714,0.41295361518859863,-0.05045398697257042,0.3651066720485687,0.31668463349342346,-0.026746001094579697,0.27783462405204773,0.36166906356811523,-0.05615503713488579,0.3043166399002075,0.4134558439254761,-0.04746805503964424,0.332059383392334,0.42064937949180603,-0.03641524165868759,0.37064915895462036,0.34549346566200256,-0.047793690115213394,0.30276545882225037,0.37303146719932556,-0.07017956674098969,0.3166806399822235,0.4109143018722534,-0.06484375149011612,0.33920353651046753,0.41992682218551636,-0.056284062564373016
0.4273727834224701,0.525780975818634,-5.044769864070986e-07,0.35373324155807495,0.4884720742702484,0.001257202005945146,0.29746851325035095,0.43712887167930603,-0.005358006805181503,0.24941101670265198,0.41429221630096436,-0.01829805038869381,0.20439456403255463,0.40655359625816345,-0.030397627502679825,0.3420969843864441,0.33338844776153564,0.01664995215833187,0.2730587422847748,0.33439311385154724,-0.007628191728144884,0.22994227707386017,0.3373755216598511,-0.02851654216647148,0.1904822736978531,0.34195956587791443,-0.043619703501462936,0.358303040266037,0.3224536180496216,0.0003454230900388211,0.288796991109848,0.35472333431243896,-0.031594034284353256,0.31482622027397156,0.4114532470703125,-0.043178655207157135,0.3416527211666107,0.4248160421848297,-0.04574107751250267,0.3769376575946808,0.32626011967658997,-0.019554924219846725,0.309246301651001,0.3684879541397095,-0.04671080783009529,0.334146112203598,0.41857749223709106,-0.038801610469818115,0.3607622981071472,0.42032286524772644,-0.02862495929002762,0.39339497685432434,0.34572261571884155,-0.040981780737638474,0.33531323075294495,0.36949095129966736,-0.05684645473957062,0.34879252314567566,0.40780574083328247,-0.04794143885374069,0.3718933165073395,0.410675585269928,-0.03841530159115791
0.44169190526008606,0.5209068059921265,-4.206069945666968e-07,0.3725934326648712,0.48383861780166626,0.0068908268585801125,0.3224475085735321,0.4316715896129608,0.006077093072235584,0.28002113103866577,0.4050084352493286,-0.0026859911158680916,0.2376762330532074,0.39175674319267273,-0.012088845483958721,0.36532145738601685,0.3350948393344879,0.028881723061203957,0.29687392711639404,0.3592694103717804,0.006927552632987499,0.25476956367492676,0.3734186589717865,-0.014800217933952808,0.21488314867019653,0.38145554065704346,-0.029996486380696297,0.379586786031723,0.3204232156276703,0.008839749731123447,0.3006819486618042,0.32347428798675537,-0.014071035198867321,0.2625538110733032,0.33937352895736694,-0.030694056302309036,0.228745236992836,0.32742130756378174,-0.040309805423021317,0.3994171917438507,0.3198503851890564,-0.014608357101678848,0.32575300335884094,0.35463085770606995,-0.042737364768981934,0.3494219481945038,0.41094696521759033,-0.04133162647485733,0.3758796155452728,0.42010149359703064,-0.03421303629875183,0.41667142510414124,0.337679922580719,-0.03874669969081879,0.3560001254081726,0.3597632050514221,-0.05671534314751625,0.36919599771499634,0.3995341360569,-0.04927349463105202,0.3932753801345825,0.4060726463794708,-0.04045863077044487
0.44806361198425293,0.5437469482421875,-5.284057920107443e-07,0.3766248822212219,0.5073271989822388,-0.0005618800059892237,0.32600629329681396,0.4557473659515381,-0.0071631125174462795,0.28178542852401733,0.42693421244621277,-0.018776729702949524,0.23796653747558594,0.415076345205307,-0.029964162036776543,0.3744161128997803,0.35227760672569275,0.014111499302089214,0.30312466621398926,0.3619733452796936,-0.009587635286152363,0.25910070538520813,0.36754828691482544,-0.031534869223833084,0.2198125720024109,0.3707525432109833,-0.0475781187415123,0.39069682359695435,0.3413054049015045,-0.00039062052383087575,0.31717267632484436,0.371971994638443,-0.03246570751070976,0.3331880271434784,0.4292576313018799,-0.04642356559634209,0.3554525077342987,0.4482734203338623,-0.050610173493623734,0.40578681230545044,0.34951379895210266,-0.017984963953495026,0.33379608392715454,0.38929271697998047,-0.0470062755048275,0.3534112572669983,0.44010964035987854,-0.042042411863803864,0.379177987575531,0.44695302844047546,-0.03313281759619713,0.41640394926071167,0.37383273243904114,-0.03674544021487236,0.35637378692626953,0.39812538027763367,-0.05552101880311966,0.3658657968044281,0.4370257258415222,-0.04886867105960846,0.3868683874607086,0.44384706020355225,-0.040157120674848557
0.4502280652523041,0.6052789688110352,-4.791403966919461e-07,0.3765074908733368,0.5719940662384033,0.008951031602919102,0.32997727394104004,0.5315154194831848,0.0030860761180520058,0.2891780436038971,0.5146885514259338,-0.009651507250964642,0.24958479404449463,0.5120031237602234,-0.02233208157122135,0.3719381093978882,0.4289078712463379,0.019895898178219795,0.30707380175590515,0.4413924813270569,0.0003759808896575123,0.27162206172943115,0.45213258266448975,-0.018179628998041153,0.23943491280078888,0.45774585008621216,-0.03190549463033676,0.38498690724372864,0.42106446623802185,0.0012439913116395473,0.31086573004722595,0.45389097929000854,-0.02054016664624214,0.32471519708633423,0.4992201030254364,-0.028926100581884384,0.3417893648147583,0.5096954107284546,-0.03265480324625969,0.39686769247055054,0.4301658570766449,-0.01988459937274456,0.3225751519203186,0.46974948048591614,-0.03811893239617348,0.3438616991043091,0.5141503214836121,-0.030622120946645737,0.3672112822532654,0.5161685943603516,-0.02425612136721611,0.4043765664100647,0.454032838344574,-0.04176366701722145,0.3435114920139313,0.4861406981945038,-0.05384119227528572,0.3583936095237732,0.5193955898284912,-0.04672563448548317,0.3806874454021454,0.5203695297241211,-0.0402473546564579
0.45425930619239807,0.6667981743812561,-6.405720114344149e-07,0.3863239884376526,0.6398558616638184,0.009804523549973965,0.35041049122810364,0.6048470139503479,0.005379493813961744,0.3207216262817383,0.5804697275161743,-0.005403126124292612,0.29524728655815125,0.5587059855461121,-0.014968113042414188,0.38561567664146423,0.4953615069389343,0.018794940784573555,0.3211466670036316,0.5310944318771362,-0.0026050186716020107,0.3222910463809967,0.5737507939338684,-0.021115180104970932,0.3322160542011261,0.5888878703117371,-0.03163851797580719,0.3929882347583771,0.4947298765182495,0.002839818596839905,0.3221159279346466,0.5443806052207947,-0.018880905583500862,0.3358188271522522,0.5895631313323975,-0.028604980558156967,0.3568006157875061,0.6007989048957825,-0.031621843576431274,0.3968115448951721,0.507172703742981,-0.015132665634155273,0.3289651572704315,0.5579994320869446,-0.03275426849722862,0.3456815481185913,0.6009347438812256,-0.028414521366357803,0.367332398891449,0.6074700951576233,-0.02228686399757862,0.3967275023460388,0.530286431312561,-0.03351719304919243,0.3426879048347473,0.569268524646759,-0.044529132544994354,0.35591334104537964,0.6019526124000549,-0.039214227348566055,0.37576422095298767,0.60648512840271,-0.031820882111787796
0.44093912839889526,0.7261891961097717,-5.264425908535486e-07,0.37757405638694763,0.7037153840065002,0.00971011258661747,0.34840697050094604,0.6680607795715332,0.007053488865494728,0.3221827447414398,0.6446475982666016,-0.0009683064417913556,0.3000778555870056,0.6250625252723694,-0.0068936836905777454,0.3827175498008728,0.5641804337501526,0.018554292619228363,0.3168850839138031,0.603776216506958,4.652539064409211e-05,0.3291641175746918,0.6484649777412415,-0.013986453413963318,0.35171008110046387,0.6602538824081421,-0.0208122581243515,0.3877851665019989,0.5647740960121155,0.0040024323388934135,0.31584998965263367,0.6131476759910583,-0.014087229035794735,0.3312832713127136,0.6564734578132629,-0.01998860202729702,0.35413897037506104,0.6637185215950012,-0.020549247041344643,0.3886730670928955,0.5782479643821716,-0.012480443343520164,0.3191515803337097,0.6215903759002686,-0.02758721448481083,0.33572521805763245,0.6634899377822876,-0.0219916719943285,0.35918840765953064,0.6687026023864746,-0.015382222831249237,0.38719260692596436,0.6010582447052002,-0.029369749128818512,0.33209407329559326,0.6360914707183838,-0.04027716815471649,0.34244799613952637,0.6695255041122437,-0.0359933003783226,0.36202213168144226,0.6773564219474792,-0.02926803007721901
0.42630505561828613,0.8054907321929932,-4.029539013572503e-07,0.36496222019195557,0.7847966551780701,0.010548556223511696,0.32781732082366943,0.754453182220459,0.004093267023563385,0.29443883895874023,0.7391052842140198,-0.008093372918665409,0.2605152428150177,0.7327450513839722,-0.02007710561156273,0.3649703562259674,0.649221658706665,0.014083543792366982,0.30098599195480347,0.6790461540222168,-0.0006546792574226856,0.26911360025405884,0.6956945061683655,-0.014524748548865318,0.2436390221118927,0.7026498913764954,-0.024828940629959106,0.36991915106773376,0.6536259651184082,-0.0027438870165497065,0.30070728063583374,0.7025145292282104,-0.02000999264419079,0.3177298605442047,0.7372710704803467,-0.025187231600284576,0.33756011724472046,0.7450451850891113,-0.027558593079447746,0.3696950674057007,0.6710385084152222,-0.020754855126142502,0.301322340965271,0.7195456624031067,-0.0335751548409462,0.322322279214859,0.7526448369026184,-0.025800714269280434,0.3448271155357361,0.7546225786209106,-0.020464541390538216,0.3668976128101349,0.6966946721076965,-0.03940710052847862,0.31284844875335693,0.7350798845291138,-0.05053102225065231,0.3264143764972687,0.7630133628845215,-0.0463278591632843,0.34452036023139954,0.7674804925918579,-0.04180392995476723
0.4262003004550934,0.82682865858078,-3.9454366174140887e-07,0.36145561933517456,0.8014669418334961,0.010698428377509117,0.323642373085022,0.769277036190033,0.005208876449614763,0.29247501492500305,0.7540374398231506,-0.005326937884092331,0.26163265109062195,0.7486789226531982,-0.015514768660068512,0.3623584508895874,0.6630741357803345,0.011440765112638474,0.29690614342689514,0.6952016949653625,-0.005019053816795349,0.265913724899292,0.7133084535598755,-0.020058486610651016,0.24058544635772705,0.7206355929374695,-0.030757002532482147,0.3678022623062134,0.6708175539970398,-0.004941870458424091,0.29821014404296875,0.7177059650421143,-0.023218216374516487,0.3145703077316284,0.7520400881767273,-0.028994759544730186,0.3331835865974426,0.7577933669090271,-0.03192590922117233,0.36785706877708435,0.6909310817718506,-0.022310998290777206,0.29827749729156494,0.7384337186813354,-0.03634735569357872,0.31946125626564026,0.7725523114204407,-0.0287174042314291,0.341403990983963,0.771847665309906,-0.023457050323486328,0.3656870126724243,0.7200433015823364,-0.04001964256167412,0.3099989593029022,0.7596616148948669,-0.051293112337589264,0.3260188400745392,0.7869892120361328,-0.04620259627699852,0.3453766405582428,0.7867254018783569,-0.04103270173072815
0.42474815249443054,0.8500423431396484,-3.940056387818913e-07,0.36709064245224,0.8166089057922363,0.01577291078865528,0.3327299654483795,0.7821375727653503,0.011387473903596401,0.2988726496696472,0.7658639550209045,0.0008265022770501673,0.2654021978378296,0.7615688443183899,-0.009676849469542503,0.3619937598705292,0.6899287700653076,0.016283931210637093,0.29840368032455444,0.7147692441940308,0.00246001617051661,0.2643482983112335,0.7309054732322693,-0.011244138702750206,0.23654872179031372,0.7421977519989014,-0.02124990150332451,0.3665708601474762,0.6997144222259521,-0.001369175617583096,0.30017539858818054,0.7415085434913635,-0.0155502213165164,0.3186921179294586,0.7727179527282715,-0.020096300169825554,0.33709293603897095,0.7788322567939758,-0.023058205842971802,0.36642205715179443,0.7215855717658997,-0.01951434090733528,0.3011837899684906,0.7635641098022461,-0.030095789581537247,0.3238171935081482,0.7923065423965454,-0.022879937663674355,0.34561264514923096,0.792937695980072,-0.018469680100679398,0.36365291476249695,0.750855028629303,-0.03752533346414566,0.31066930294036865,0.7839629054069519,-0.045576062053442,0.3254203796386719,0.8064603805541992,-0.04036944359540939,0.3427363634109497,0.8074854016304016,-0.03584091737866402
0.4374219477176666,0.852395236492157,-4.252806036220136e-07,0.37679556012153625,0.8230855464935303,0.013014953583478928,0.34139490127563477,0.7879586219787598,0.007773751858621836,0.3082619905471802,0.770601749420166,-0.0027913860976696014,0.27431949973106384,0.7643845677375793,-0.013202671892940998,0.3745587468147278,0.6907523274421692,0.012366916984319687,0.31299564242362976,0.7110856175422668,-0.0021561167668551207,0.27884137630462646,0.7258227467536926,-0.015764271840453148,0.25101152062416077,0.734455943107605,-0.025794295594096184,0.38027238845825195,0.6964709758758545,-0.004755220841616392,0.31149211525917053,0.7393173575401306,-0.018812624737620354,0.32819652557373047,0.7729512453079224,-0.0222220066934824,0.34753715991973877,0.7795114517211914,-0.024648210033774376,0.3822902739048004,0.7160341143608093,-0.022586863487958908,0.31587082147598267,0.7608544826507568,-0.032620400190353394,0.3366256654262543,0.7923827767372131,-0.023447245359420776,0.357327401638031,0.7934809327125549,-0.018334848806262016,0.3819151818752289,0.7448526620864868,-0.04064267873764038,0.32837095856666565,0.7797015309333801,-0.048378098756074905,0.34334394335746765,0.8048692941665649,-0.04151403531432152,0.3616034686565399,0.8075547218322754,-0.035965025424957275
0.4583894908428192,0.8418557643890381,-4.4068394799978705e-07,0.3952443599700928,0.8068087100982666,0.015457965433597565,0.3613443970680237,0.770313560962677,0.012848366983234882,0.3292250633239746,0.7518585920333862,0.004157988354563713,0.2965395748615265,0.7440791726112366,-0.004827055148780346,0.3951403498649597,0.6789782643318176,0.017788074910640717,0.33437344431877136,0.6986827850341797,0.004678240045905113,0.3007367253303528,0.7127131819725037,-0.008844896219670773,0.27288204431533813,0.7202315330505371,-0.01884322240948677,0.4039252698421478,0.6841995120048523,0.00031590601429343224,0.33582574129104614,0.726538896560669,-0.014746387489140034,0.3528596758842468,0.7617965936660767,-0.020697802305221558,0.37267500162124634,0.7744135856628418,-0.02409704402089119,0.40812167525291443,0.7030925154685974,-0.017691321671009064,0.3419026732444763,0.7444395422935486,-0.029254548251628876,0.3614223301410675,0.7789683938026428,-0.022644158452749252,0.38216760754585266,0.7889795303344727,-0.01779857650399208,0.4095512330532074,0.730791449546814,-0.035566799342632294,0.3561207056045532,0.7589210867881775,-0.04352792724967003,0.3675728738307953,0.7857216596603394,-0.03772083669900894,0.38331717252731323,0.7949697971343994,-0.032354723662137985
0.4562431275844574,0.8376449942588806,-4.4319929770608724e-07,0.392233282327652,0.8008173704147339,0.01726655103266239,0.35824811458587646,0.7664909958839417,0.013922504149377346,0.32587337493896484,0.7483893036842346,0.0037205039989203215,0.29259517788887024,0.7384490370750427,-0.006894169840961695,0.39665618538856506,0.6751968860626221,0.019728053361177444,0.3364293575286865,0.6913963556289673,0.005542196799069643,0.301128625869751,0.7052381634712219,-0.008822762407362461,0.27218225598335266,0.7152456641197205,-0.019182348623871803,0.40590429306030273,0.6795927286148071,0.0006060563027858734,0.3366532325744629,0.7176870703697205,-0.014248923398554325,0.3515686094760895,0.7561613917350769,-0.01971443183720112,0.37146884202957153,0.7693554759025574,-0.022921990603208542,0.40991923213005066,0.6973878145217896,-0.01920691505074501,0.3421916961669922,0.7361063957214355,-0.02962499111890793,0.3600366413593292,0.7727242112159729,-0.02157864347100258,0.3810506761074066,0.7818110585212708,-0.01645863801240921,0.41056349873542786,0.72405606508255,-0.03893095627427101,0.35598501563072205,0.7517427206039429,-0.04596471041440964,0.3672943711280823,0.7795040011405945,-0.038987237960100174,0.38389259576797485,0.7870501279830933,-0.033192817121744156
0.4597683548927307,0.8353419303894043,-4.381745952741767e-07,0.396794855594635,0.7982304096221924,0.01655248925089836,0.3621046245098114,0.7611063718795776,0.014725208282470703,0.32882851362228394,0.7420664429664612,0.006317880470305681,0.2955910861492157,0.730303943157196,-0.0025164883118122816,0.40172046422958374,0.6711241602897644,0.021103117614984512,0.34127044677734375,0.6876446008682251,0.008427309803664684,0.3071135878562927,0.7005981206893921,-0.005277818068861961,0.27961859107017517,0.7081286907196045,-0.015580390579998493,0.4105880558490753,0.6751903295516968,0.0027890969067811966,0.34066852927207947,0.710864782333374,-0.011457866057753563,0.3553191125392914,0.7462896704673767,-0.017619626596570015,0.37489163875579834,0.7594631910324097,-0.02147156372666359,0.41427844762802124,0.6929737329483032,-0.016238220036029816,0.3464970588684082,0.7304221391677856,-0.027031200006604195,0.364890992641449,0.7655494213104248,-0.020409077405929565,0.3859312832355499,0.7755749821662903,-0.016010738909244537,0.41471216082572937,0.7199584245681763,-0.03515667840838432,0.3611225187778473,0.7454326152801514,-0.042409803718328476,0.37139955163002014,0.772753119468689,-0.036258067935705185,0.3868051767349243,0.7826239466667175,-0.031043002381920815
0.4748830497264862,0.8176936507225037,-4.1722847754499526e-07,0.4176892936229706,0.7798048853874207,0.010530197992920876,0.3805582523345947,0.7375171780586243,0.008828052319586277,0.34686216711997986,0.7152019143104553,0.0006895469850860536,0.31280407309532166,0.7024674415588379,-0.007268439047038555,0.4120517373085022,0.6565945744514465,0.02224423736333847,0.3589380085468292,0.6659178137779236,0.007280666846781969,0.32626816630363464,0.6763617992401123,-0.00814743060618639,0.29994112253189087,0.6824195981025696,-0.019000373780727386,0.42342886328697205,0.6561282873153687,0.006720010656863451,0.3641977608203888,0.6936763525009155,-0.01104746200144291,0.3803039491176605,0.7297555804252625,-0.020004374906420708,0.3996533453464508,0.7401893734931946,-0.02427760325372219,0.4330388903617859,0.6695560812950134,-0.01064266823232174,0.374432772397995,0.7102790474891663,-0.02519952692091465,0.39310887455940247,0.7422218322753906,-0.021332791075110435,0.41354310512542725,0.7498047351837158,-0.01702137663960457,0.43902987241744995,0.6927943825721741,-0.028577430173754692,0.3922111392021179,0.7184218764305115,-0.037259820848703384,0.39949747920036316,0.7437065243721008,-0.03268507122993469,0.41350269317626953,0.753253698348999,-0.027849944308400154
0.5310652852058411,0.773246169090271,-4.755826523705764e-07,0.4755207300186157,0.7347463369369507,0.0009722973336465657,0.43705087900161743,0.6823723912239075,-0.0017419105861335993,0.4075780510902405,0.6517806053161621,-0.008031763136386871,0.3815823793411255,0.6301611661911011,-0.010912933386862278,0.48703283071517944,0.5877225399017334,0.016598904505372047,0.42582187056541443,0.6208657026290894,-0.0031088264659047127,0.4401639997959137,0.6623460054397583,-0.01790795847773552,0.46188750863075256,0.6650444269180298,-0.025931989774107933,0.500387966632843,0.5912180542945862,0.006541199050843716,0.4325736463069916,0.6361905932426453,-0.012131567113101482,0.4479520618915558,0.6744590401649475,-0.018000774085521698,0.46852239966392517,0.6740143299102783,-0.018734939396381378,0.5083401799201965,0.6080591082572937,-0.006762875244021416,0.44318047165870667,0.6483754515647888,-0.021820347756147385,0.4574480652809143,0.6827540993690491,-0.01544821634888649,0.47646772861480713,0.6817393898963928,-0.008477577939629555,0.5121931433677673,0.6335951089859009,-0.02156856283545494,0.46133095026016235,0.6625295877456665,-0.03130054473876953,0.4701719582080841,0.6898351311683655,-0.026925358921289444,0.4882690906524658,0.6919609904289246,-0.02014095149934292
0.6427086591720581,0.6979801654815674,-3.8586364325965405e-07,0.59077388048172,0.6594746112823486,-0.004274430684745312,0.5522012710571289,0.6080886125564575,-0.013363570906221867,0.5197468996047974,0.5815020799636841,-0.025167064741253853,0.48381397128105164,0.5666793584823608,-0.035530079156160355,0.6003170609474182,0.5200514793395996,0.0009518940350972116,0.5394561290740967,0.5241461992263794,-0.021387171000242233,0.5035334229469299,0.5331202745437622,-0.04071818292140961,0.4723469913005829,0.5381894111633301,-0.05408959090709686,0.6199086904525757,0.5187700390815735,-0.00869178120046854,0.5532212257385254,0.550673246383667,-0.028236592188477516,0.5692854523658752,0.5905774831771851,-0.03455977886915207,0.5896817445755005,0.5968610048294067,-0.03849441930651665,0.6366862654685974,0.5373197793960571,-0.021413706243038177,0.5706592202186584,0.5707507729530334,-0.035955313593149185,0.5851230621337891,0.6054394245147705,-0.027108021080493927,0.6041334271430969,0.6057272553443909,-0.02135024219751358,0.649143397808075,0.5685176253318787,-0.03628280758857727,0.5960210561752319,0.5864888429641724,-0.046121496707201004,0.6014483571052551,0.6105153560638428,-0.03967922180891037,0.616750180721283,0.6140897274017334,-0.03409447520971298
0.6870401501655579,0.6612498164176941,-3.713559522111609e-07,0.6435335874557495,0.6360323429107666,-0.011498775333166122,0.6041291952133179,0.5883392691612244,-0.023953458294272423,0.5718877911567688,0.565850019454956,-0.037523239850997925,0.5367510914802551,0.5508946776390076,-0.04855644702911377,0.6491365432739258,0.4890845715999603,-0.009812884964048862,0.5915560126304626,0.5012767314910889,-0.036596477031707764,0.5576493740081787,0.5157566070556641,-0.0543036051094532,0.5276750922203064,0.5243431329727173,-0.06488273292779922,0.6698483824729919,0.4879184067249298,-0.016972411423921585,0.6058094501495361,0.5245160460472107,-0.03826996684074402,0.6244800090789795,0.5710331201553345,-0.038575563579797745,0.6463785767555237,0.5699933767318726,-0.036284636706113815,0.6899145841598511,0.5058764815330505,-0.028260810300707817,0.6266262531280518,0.5457667708396912,-0.04638422653079033,0.6439218521118164,0.5853047370910645,-0.03268022462725639,0.6639642715454102,0.5776609182357788,-0.021758481860160828,0.7075748443603516,0.5357472896575928,-0.042254749685525894,0.659308135509491,0.5568321943283081,-0.055727336555719376,0.6645540595054626,0.5823420882225037,-0.04750877246260643,0.6791689991950989,0.5816330313682556,-0.03881697356700897
0.6977521777153015,0.6628454923629761,-3.8181519812496845e-07,0.6503064036369324,0.6346798539161682,-0.011039387434720993,0.6089953184127808,0.585308313369751,-0.023815561085939407,0.5745745301246643,0.5620443820953369,-0.03790086507797241,0.5383375883102417,0.5454686880111694,-0.04943373054265976,0.6550310850143433,0.4855799078941345,-0.00932374782860279,0.5965823531150818,0.49610328674316406,-0.03663387894630432,0.5616649389266968,0.5097503662109375,-0.05456111580133438,0.5302392840385437,0.518769383430481,-0.06533434987068176,0.6773291826248169,0.48339906334877014,-0.017104733735322952,0.6118314862251282,0.5199097990989685,-0.04001642018556595,0.6308314204216003,0.5685224533081055,-0.04137392342090607,0.6539071202278137,0.5680593252182007,-0.039538804441690445,0.6992316246032715,0.5005686283111572,-0.028924651443958282,0.6344964504241943,0.5422903299331665,-0.047994617372751236,0.6516199111938477,0.5833403468132019,-0.03457403555512428,0.6722049713134766,0.5755274891853333,-0.02382785454392433,0.7184402942657471,0.530445396900177,-0.043389588594436646,0.6685348153114319,0.5537652373313904,-0.05708258971571922,0.6739555597305298,0.5816030502319336,-0.04857692867517471,0.6889891028404236,0.580662727355957,-0.03979481756687164
0.7115568518638611,0.6615514159202576,-3.7459395230143855e-07,0.6605766415596008,0.6331786513328552,-0.011257288046181202,0.6157092452049255,0.5818746089935303,-0.025829805061221123,0.5789135098457336,0.556034505367279,-0.04192151874303818,0.5405130982398987,0.5378761291503906,-0.05547412857413292,0.664563000202179,0.4771030843257904,-0.011755438521504402,0.6021728515625,0.48782679438591003,-0.04016801714897156,0.5642909407615662,0.5024334788322449,-0.05859340354800224,0.5311105847358704,0.5126537680625916,-0.06991782784461975,0.6883211731910706,0.47632110118865967,-0.020689059048891068,0.6191152334213257,0.5135087966918945,-0.04399224370718002,0.639988899230957,0.5623642802238464,-0.044624436646699905,0.6650918126106262,0.5603839159011841,-0.04281168058514595,0.7116503119468689,0.4959009885787964,-0.03370501473546028,0.6439090967178345,0.537929356098175,-0.05255663022398949,0.6621434092521667,0.5792345404624939,-0.03704535961151123,0.6844361424446106,0.569945216178894,-0.025651296600699425,0.7319077849388123,0.5283181071281433,-0.04953557252883911,0.6792955994606018,0.5513023734092712,-0.0633508563041687,0.6855727434158325,0.5791904330253601,-0.05368461459875107,0.7025597095489502,0.5772950053215027,-0.04447357729077339
0.7162479162216187,0.6576704978942871,-3.771173169297981e-07,0.6651988625526428,0.6320028305053711,-0.012616931460797787,0.6153749823570251,0.5818780660629272,-0.028832294046878815,0.5768965482711792,0.5573339462280273,-0.04630346596240997,0.536441445350647,0.541374146938324,-0.061090122908353806,0.6624876260757446,0.4704606831073761,-0.017126539722085,0.5987576246261597,0.48680102825164795,-0.04811887443065643,0.5613335371017456,0.5047163367271423,-0.06762036681175232,0.5277268886566162,0.5173487663269043,-0.07959500700235367,0.6876076459884644,0.47008803486824036,-0.02658681571483612,0.6170306205749512,0.5126133561134338,-0.05237969383597374,0.6402420401573181,0.5606778264045715,-0.052904415875673294,0.6654397249221802,0.5562036633491516,-0.05106005072593689,0.7122682929039001,0.48975175619125366,-0.04026298224925995,0.6430043578147888,0.5389446020126343,-0.061270572245121,0.66379714012146,0.5800080299377441,-0.044607628136873245,0.6868120431900024,0.5685945749282837,-0.03246273845434189,0.7341570854187012,0.5223469734191895,-0.05690886452794075,0.679492712020874,0.5491700172424316,-0.07268261909484863,0.6863451600074768,0.5781198143959045,-0.06294604390859604,0.7036414742469788,0.5752614736557007,-0.05360758304595947
0.7254615426063538,0.6709296703338623,-4.2543462086541695e-07,0.6690228581428528,0.6440527439117432,-0.009410683996975422,0.6152634620666504,0.590117871761322,-0.024273494258522987,0.5746806263923645,0.5645248293876648,-0.04122060164809227,0.5309053659439087,0.5510348677635193,-0.0558641254901886,0.6658544540405273,0.4725090265274048,-0.013510564342141151,0.5955770611763,0.4917740821838379,-0.044603362679481506,0.5559672117233276,0.5115213394165039,-0.06510995328426361,0.52146315574646,0.5233117938041687,-0.0778733640909195,0.6918309330940247,0.47275274991989136,-0.024603629484772682,0.6161412596702576,0.521156907081604,-0.0506204329431057,0.6411826014518738,0.5701051354408264,-0.05163073539733887,0.6675852537155151,0.565991997718811,-0.05018552392721176,0.7164726853370667,0.49412697553634644,-0.039720602333545685,0.6418021321296692,0.5460550785064697,-0.06087082251906395,0.6655316352844238,0.5882283449172974,-0.04417641833424568,0.690279483795166,0.5776407122612,-0.03189435228705406,0.7384377717971802,0.5291748046875,-0.0575282946228981,0.6795801520347595,0.5557147860527039,-0.07332920283079147,0.6885466575622559,0.5850100517272949,-0.06314471364021301,0.7075109481811523,0.5835297703742981,-0.053204696625471115
0.7403025031089783,0.6734170913696289,-4.5800143766427936e-07,0.6820096373558044,0.6435593366622925,-0.009018771350383759,0.6283803582191467,0.5875886082649231,-0.023545946925878525,0.586553692817688,0.5627622604370117,-0.04053886979818344,0.5417180061340332,0.5501137971878052,-0.055162329226732254,0.6822943091392517,0.46926724910736084,-0.01058246847242117,0.6123479604721069,0.4854518473148346,-0.04279834404587746,0.5719687938690186,0.5057955980300903,-0.06446672230958939,0.5360283851623535,0.5185637474060059,-0.07791613787412643,0.7078030705451965,0.4695052206516266,-0.02228868566453457,0.6288990378379822,0.5156727433204651,-0.0495440810918808,0.6540138125419617,0.5703575015068054,-0.0511903315782547,0.6820670366287231,0.5672407150268555,-0.04985428601503372,0.7323265671730042,0.49099045991897583,-0.03833721950650215,0.6536679267883301,0.5418077111244202,-0.060603562742471695,0.6780023574829102,0.5881993770599365,-0.04437628015875816,0.7042716145515442,0.5780050754547119,-0.03212219476699829,0.7540345191955566,0.527308464050293,-0.05711980164051056,0.6917538642883301,0.5534043908119202,-0.07302042841911316,0.700678288936615,0.5842305421829224,-0.06270375847816467,0.7205333709716797,0.5831811428070068,-0.052716128528118134
0.7451022863388062,0.6815980672836304,-4.820494723389857e-07,0.6859311461448669,0.6488345265388489,-0.008625364862382412,0.6306820511817932,0.5905612707138062,-0.024175187572836876,0.587915301322937,0.5633565783500671,-0.042563118040561676,0.5414843559265137,0.5483004450798035,-0.058673325926065445,0.6876817941665649,0.4710594713687897,-0.010361757129430771,0.6145023703575134,0.48695188760757446,-0.043734852224588394,0.5725836753845215,0.5076908469200134,-0.06601555645465851,0.5349506139755249,0.52033931016922,-0.0799456387758255,0.7139490842819214,0.47169917821884155,-0.023142697289586067,0.6298907995223999,0.5149983763694763,-0.051980793476104736,0.6550830006599426,0.5721785426139832,-0.05337459221482277,0.6827452182769775,0.5703770518302917,-0.05173315480351448,0.7380135655403137,0.492972731590271,-0.04040402173995972,0.6543564200401306,0.5418696403503418,-0.06437746435403824,0.6802845001220703,0.5907334685325623,-0.047145333141088486,0.7074596285820007,0.5827426910400391,-0.034082505851984024,0.7584946155548096,0.5294017195701599,-0.060378868132829666,0.6914858222007751,0.5555542707443237,-0.07764396071434021,0.7017953991889954,0.5888432264328003,-0.06730064004659653,0.7231166362762451,0.5889549255371094,-0.057279687374830246
0.7489910125732422,0.6829307675361633,-4.5699792394771066e-07,0.6902077794075012,0.6502633690834045,-0.010179017670452595,0.6380850672721863,0.5924550294876099,-0.025778507813811302,0.5961248278617859,0.5650493502616882,-0.04377659410238266,0.5501772165298462,0.5499665141105652,-0.05929223448038101,0.6935713291168213,0.47369813919067383,-0.010852137580513954,0.6221460103988647,0.48838740587234497,-0.04319531470537186,0.5816940069198608,0.5078426599502563,-0.06488480418920517,0.545925498008728,0.5194118618965149,-0.07832754403352737,0.7198195457458496,0.4755905270576477,-0.02259710617363453,0.6377272009849548,0.5187301635742188,-0.04999753087759018,0.661016583442688,0.5745157599449158,-0.05152975022792816,0.6883909106254578,0.5726998448371887,-0.05011463165283203,0.7444583177566528,0.4991321861743927,-0.03887296840548515,0.6628413200378418,0.5461345911026001,-0.06189785897731781,0.6857628226280212,0.5935383439064026,-0.04557361826300621,0.7123314738273621,0.5847604870796204,-0.03303355351090431,0.7658938765525818,0.5374217629432678,-0.05794929713010788,0.7014473676681519,0.5598975419998169,-0.07393170148134232,0.7085137367248535,0.591053307056427,-0.06342007964849472,0.7281327843666077,0.5915540456771851,-0.053298868238925934
0.7535510063171387,0.6867695450782776,-4.604886782999529e-07,0.6922853589057922,0.6532894968986511,-0.010142029263079166,0.6382301449775696,0.594577431678772,-0.025855891406536102,0.5962755680084229,0.5664772987365723,-0.043851085007190704,0.5506079792976379,0.550434410572052,-0.05921825394034386,0.6956981420516968,0.47468844056129456,-0.012219362892210484,0.6225916743278503,0.48995500802993774,-0.044325195252895355,0.5814148187637329,0.5107789635658264,-0.0658358559012413,0.5454705953598022,0.5240336656570435,-0.0793880820274353,0.7224457859992981,0.47598111629486084,-0.02392551489174366,0.6398670673370361,0.5206332206726074,-0.05117034167051315,0.6644253134727478,0.5750748515129089,-0.05260292813181877,0.6920307278633118,0.5733133554458618,-0.05143999680876732,0.7471669912338257,0.49880650639533997,-0.040034182369709015,0.6646561622619629,0.5474907755851746,-0.06236566975712776,0.6896872520446777,0.5937401652336121,-0.04563910886645317,0.716528058052063,0.5849772095680237,-0.03330773115158081,0.7687472105026245,0.536539614200592,-0.05903596803545952,0.7026835083961487,0.5616908073425293,-0.07520059496164322,0.7120937705039978,0.5927858948707581,-0.06489111483097076,0.7321383953094482,0.59215247631073,-0.055104926228523254
0.7515043616294861,0.6838245987892151,-4.517142997428891e-07,0.6921896934509277,0.6515880227088928,-0.011007032357156277,0.6375761032104492,0.5935293436050415,-0.026792103424668312,0.5956292152404785,0.5661388039588928,-0.044608570635318756,0.5503372550010681,0.5498117208480835,-0.05974522978067398,0.693794846534729,0.47531813383102417,-0.013311631046235561,0.6216608285903931,0.49072787165641785,-0.04515887796878815,0.5806297659873962,0.5106587409973145,-0.06572593748569489,0.5444862246513367,0.5233514308929443,-0.07866370677947998,0.7209253311157227,0.4763696491718292,-0.024607403203845024,0.6385229229927063,0.5210350751876831,-0.05217624455690384,0.6636576652526855,0.5755245089530945,-0.053165994584560394,0.6913017630577087,0.5731828808784485,-0.051528457552194595,0.7460054755210876,0.4984884560108185,-0.040380239486694336,0.6637863516807556,0.5487414598464966,-0.06353354454040527,0.689531683921814,0.5951125621795654,-0.04687279835343361,0.7163237929344177,0.5855342149734497,-0.034392423927783966,0.7680005431175232,0.5351738929748535,-0.05903000757098198,0.7020670771598816,0.5612746477127075,-0.07615892589092255,0.711653470993042,0.5928624272346497,-0.06634221971035004,0.7315698862075806,0.5917809009552002,-0.05680466070771217
0.7513478994369507,0.6855946779251099,-4.570248677282507e-07,0.6907165050506592,0.65086829662323,-0.011032775044441223,0.6362976431846619,0.5915892124176025,-0.02720027230679989,0.5938283801078796,0.563173234462738,-0.04568824917078018,0.5481234788894653,0.545345664024353,-0.06182876601815224,0.6928077340126038,0.4749777913093567,-0.011598377488553524,0.6211337447166443,0.48645105957984924,-0.04498883709311485,0.579342782497406,0.5007319450378418,-0.06739602982997894,0.5418296456336975,0.5087548494338989,-0.08182182163000107,0.721595823764801,0.4738393723964691,-0.023219745606184006,0.6390174627304077,0.5171553492546082,-0.052862413227558136,0.6646783351898193,0.5759161710739136,-0.05523708090186119,0.6929971575737,0.5752798914909363,-0.0542333647608757,0.7484951615333557,0.495229035615921,-0.03955565020442009,0.6661138534545898,0.5460715293884277,-0.0642928034067154,0.6907509565353394,0.5952112674713135,-0.04831164702773094,0.7171477675437927,0.5864512920379639,-0.03613970801234245,0.771040678024292,0.5319399833679199,-0.05870574712753296,0.703663170337677,0.5594319105148315,-0.07642920315265656,0.7131372094154358,0.5926303863525391,-0.06681853532791138,0.7339227199554443,0.5911843180656433,-0.0575442872941494
0.7485210299491882,0.6862566471099854,-4.561217679110996e-07,0.6900801658630371,0.6526396870613098,-0.01063661277294159,0.6359343528747559,0.5915849804878235,-0.02630465105175972,0.5945882797241211,0.5604115724563599,-0.0447302870452404,0.5483039617538452,0.542009711265564,-0.061056092381477356,0.6906123161315918,0.47567224502563477,-0.010168942622840405,0.6204496622085571,0.4847458600997925,-0.04342016950249672,0.5789270997047424,0.4938392639160156,-0.0652695894241333,0.5411148071289062,0.4966117739677429,-0.07950539886951447,0.7197526693344116,0.4753613770008087,-0.022490832954645157,0.6376345753669739,0.515716552734375,-0.05313628166913986,0.6623817086219788,0.5786739587783813,-0.054827261716127396,0.6906154751777649,0.5791406035423279,-0.05271066725254059,0.7470214366912842,0.4972752034664154,-0.03973647579550743,0.6642801761627197,0.5457586050033569,-0.06623223423957825,0.6884016990661621,0.5983749032020569,-0.04976329952478409,0.715162456035614,0.591353178024292,-0.03660368546843529,0.7700245380401611,0.5340248942375183,-0.059776220470666885,0.7028026580810547,0.5583160519599915,-0.07881174981594086,0.7107632756233215,0.5936229825019836,-0.06926093995571136,0.7312496900558472,0.5942463874816895,-0.05975711718201637
0.7428445816040039,0.6905531287193298,-4.6330444547493244e-07,0.6844179034233093,0.654823899269104,-0.009639948606491089,0.6301934719085693,0.5949104428291321,-0.02504190430045128,0.58845055103302,0.5654528737068176,-0.04322582855820656,0.5431658625602722,0.5478625297546387,-0.05925822630524635,0.6858264803886414,0.4763295650482178,-0.008524052798748016,0.6142789125442505,0.4877167344093323,-0.03998851031064987,0.5736648440361023,0.4984941780567169,-0.060470856726169586,0.5371681451797485,0.5025865435600281,-0.07393095642328262,0.7141362428665161,0.4765213131904602,-0.021286366507411003,0.6311720013618469,0.5181277990341187,-0.05062054842710495,0.6559358239173889,0.5798231959342957,-0.05245799943804741,0.6834767460823059,0.580337405204773,-0.05071109160780907,0.7413623929023743,0.4982704520225525,-0.03870384767651558,0.658790111541748,0.5482366681098938,-0.06417340040206909,0.6831043362617493,0.6007605791091919,-0.04842698574066162,0.7088666558265686,0.5932592749595642,-0.036144644021987915,0.7646452188491821,0.5352717041969299,-0.0587548166513443,0.6975852847099304,0.5622330904006958,-0.07682585716247559,0.7066753506660461,0.5988624095916748,-0.06720870733261108,0.7275123596191406,0.5989471673965454,-0.05795339494943619
0.7477962374687195,0.6944939494132996,-4.609566417457245e-07,0.6871979236602783,0.658916175365448,-0.010065682232379913,0.6324368715286255,0.5982485413551331,-0.02671508677303791,0.5905857086181641,0.5675679445266724,-0.04621223360300064,0.543982207775116,0.548765242099762,-0.06341425329446793,0.6906634569168091,0.4801725745201111,-0.011824461631476879,0.6167676448822021,0.4892866015434265,-0.04557818919420242,0.5748676061630249,0.5002580881118774,-0.06688814610242844,0.5368790030479431,0.5037139058113098,-0.08052994310855865,0.7191624045372009,0.4814189374446869,-0.024620356038212776,0.6338468194007874,0.5217099189758301,-0.05581549555063248,0.6594878435134888,0.5856999158859253,-0.05657651275396347,0.6881936192512512,0.5853779911994934,-0.05364921689033508,0.7457391023635864,0.5042462944984436,-0.04214753583073616,0.6612134575843811,0.5519431829452515,-0.06848327070474625,0.6859725117683411,0.6050708293914795,-0.05069132149219513,0.713216245174408,0.597392201423645,-0.036777693778276443,0.7679861187934875,0.5416695475578308,-0.06244124472141266,0.7009846568107605,0.5666157007217407,-0.0814475491642952,0.7100200057029724,0.602096676826477,-0.07136793434619904,0.73133784532547,0.6017929315567017,-0.06141413375735283
0.7475584149360657,0.6990436315536499,-4.700048918948596e-07,0.6886430978775024,0.6638268232345581,-0.010137593373656273,0.633635401725769,0.6013443470001221,-0.0262973140925169,0.5914003252983093,0.5687395334243774,-0.0453813336789608,0.5441330075263977,0.5488919019699097,-0.06186262518167496,0.6924581527709961,0.47973954677581787,-0.010068352334201336,0.6175578236579895,0.49112966656684875,-0.043345388025045395,0.5749996304512024,0.5032491087913513,-0.0639537125825882,0.5368866324424744,0.5070315003395081,-0.07710684090852737,0.7211642861366272,0.4821073114871979,-0.023111198097467422,0.6342764496803284,0.5214753150939941,-0.05379585549235344,0.6594276428222656,0.5858433246612549,-0.05392003431916237,0.6883127689361572,0.5836672782897949,-0.05051774904131889,0.7478988766670227,0.5057873725891113,-0.04108323156833649,0.6618616580963135,0.5532768368721008,-0.06766031682491302,0.6864631772041321,0.60728520154953,-0.04944805055856705,0.7138727307319641,0.5983662009239197,-0.035112787038087845,0.7703694105148315,0.5442308783531189,-0.061919063329696655,0.7023807168006897,0.5679030418395996,-0.08117629587650299,0.7100844979286194,0.6039239764213562,-0.07090824842453003,0.7307883501052856,0.6037379503250122,-0.06069726496934891
0.739842414855957,0.6821784377098083,-4.741061161439575e-07,0.6779036521911621,0.6466725468635559,-0.007552907802164555,0.6262711882591248,0.5846532583236694,-0.020331278443336487,0.5841548442840576,0.5521005988121033,-0.036089539527893066,0.537569522857666,0.533281683921814,-0.04986907169222832,0.6844055652618408,0.4688607454299927,-0.006027662195265293,0.6101820468902588,0.47857168316841125,-0.03650518134236336,0.5666639804840088,0.48662325739860535,-0.05794607847929001,0.5283316969871521,0.4876042306423187,-0.07258240878582001,0.712108850479126,0.46842867136001587,-0.01897979900240898,0.6258831024169922,0.5063382983207703,-0.04674017056822777,0.6462066173553467,0.5692307353019714,-0.0493142195045948,0.6745600700378418,0.572397768497467,-0.0487494096159935,0.7376761436462402,0.4918496012687683,-0.03622728958725929,0.6525576710700989,0.5332003235816956,-0.06068767234683037,0.6716936230659485,0.5862085819244385,-0.045098356902599335,0.6990005970001221,0.5823452472686768,-0.03291420638561249,0.7581218481063843,0.5310454368591309,-0.055909447371959686,0.6924921274185181,0.5488518476486206,-0.07324302941560745,0.6955080628395081,0.5832429528236389,-0.06326723843812943,0.7145769000053406,0.5871181488037109,-0.05367389693856239
0.7188130021095276,0.6690592169761658,-4.5715691499026434e-07,0.6593786478042603,0.6307244300842285,-0.004950879141688347,0.6118326187133789,0.5711706280708313,-0.018015194684267044,0.5722045302391052,0.5406261086463928,-0.03476720303297043,0.5274763107299805,0.521896481513977,-0.04955379664897919,0.674221396446228,0.4588870108127594,-0.002816588617861271,0.6009371876716614,0.4657647907733917,-0.032141439616680145,0.5583001375198364,0.4733389914035797,-0.05376134812831879,0.5200494527816772,0.4748547673225403,-0.06892213970422745,0.6991380453109741,0.4587458074092865,-0.01660480536520481,0.6120669841766357,0.4919678568840027,-0.042643532156944275,0.6318281292915344,0.5528504252433777,-0.044933684170246124,0.6590714454650879,0.5539242029190063,-0.044759396463632584,0.7206602096557617,0.480064332485199,-0.0345250740647316,0.6335127353668213,0.5175955295562744,-0.0563226081430912,0.6529168486595154,0.5700289011001587,-0.04038381204009056,0.6797877550125122,0.5662129521369934,-0.02892940118908882,0.7361219525337219,0.5170599818229675,-0.054832711815834045,0.6684028506278992,0.5347093343734741,-0.0708952397108078,0.6742129325866699,0.5687238574028015,-0.06129401549696922,0.6952307820320129,0.5716511607170105,-0.05252730846405029
0.7202065587043762,0.6618566513061523,-4.6844186840644397e-07,0.6601647138595581,0.6264227032661438,-0.005940679926425219,0.6115920543670654,0.567425549030304,-0.01877300627529621,0.573110044002533,0.5356811285018921,-0.03469715267419815,0.5292880535125732,0.5154681205749512,-0.048694755882024765,0.6702311038970947,0.45482760667800903,-0.005724812392145395,0.5995327830314636,0.46189412474632263,-0.0355101004242897,0.5578572154045105,0.4696599841117859,-0.056970588862895966,0.5212132334709167,0.47128745913505554,-0.0716429129242897,0.6955857276916504,0.4543812572956085,-0.018475595861673355,0.6133075952529907,0.4904707670211792,-0.04514102637767792,0.632469117641449,0.5505433678627014,-0.04735090211033821,0.6588201522827148,0.5533643960952759,-0.04682399705052376,0.7175187468528748,0.47528091073036194,-0.03530677780508995,0.6350309252738953,0.5151251554489136,-0.05781808868050575,0.6544174551963806,0.566750705242157,-0.04206540435552597,0.6805854439735413,0.5643298029899597,-0.030362606048583984,0.7340415120124817,0.510958194732666,-0.05450291931629181,0.6691916584968567,0.529173731803894,-0.0717589259147644,0.6752094626426697,0.5635789036750793,-0.06266126036643982,0.6953575611114502,0.5673236846923828,-0.05373437702655792
0.7099521160125732,0.6409947872161865,-4.182931547802582e-07,0.6525493860244751,0.6012246608734131,-0.006895334925502539,0.6071409583091736,0.5421012043952942,-0.018891725689172745,0.5687121152877808,0.5099067687988281,-0.03389016538858414,0.5267536640167236,0.4901876151561737,-0.04702193662524223,0.6636947393417358,0.43823444843292236,-0.0013495467137545347,0.5983629822731018,0.4395972192287445,-0.027757013216614723,0.5581227540969849,0.44420212507247925,-0.047885503619909286,0.5216002464294434,0.4453999698162079,-0.06233867257833481,0.6864026188850403,0.4353936016559601,-0.013201244175434113,0.608216404914856,0.46458402276039124,-0.03832929953932762,0.6260471343994141,0.5238047242164612,-0.04217067360877991,0.6519659757614136,0.5286540985107422,-0.04305974394083023,0.706973135471344,0.45391732454299927,-0.02912682108581066,0.6294428110122681,0.4871923327445984,-0.05070989951491356,0.6457544565200806,0.5369750261306763,-0.036611735820770264,0.6704297065734863,0.5362277030944824,-0.025982080027461052,0.7222448587417603,0.48832860589027405,-0.04747580736875534,0.6610297560691833,0.5034875273704529,-0.06296288967132568,0.6652895212173462,0.5366898775100708,-0.05358942598104477,0.6838318109512329,0.5416132211685181,-0.04498421400785446
0.7010170817375183,0.6030667424201965,-4.189624860373442e-07,0.6229185461997986,0.5536595582962036,0.01268741674721241,0.5729644894599915,0.4969511032104492,0.007830747403204441,0.5288819074630737,0.4651503264904022,-0.0059362794272601604,0.48178428411483765,0.4457598626613617,-0.020382747054100037,0.6294205188751221,0.3989219665527344,0.030028650537133217,0.5639808773994446,0.3878990709781647,0.006624948233366013,0.5223245024681091,0.39232128858566284,-0.017432227730751038,0.4826938509941101,0.3973298668861389,-0.034681450575590134,0.6477389931678772,0.3912801146507263,0.006936328951269388,0.5709361433982849,0.3992534875869751,-0.019075199961662292,0.5806530117988586,0.4545500874519348,-0.03165377303957939,0.6031080484390259,0.4790644347667694,-0.037636805325746536,0.6615536212921143,0.4034392833709717,-0.019759120419621468,0.5858914852142334,0.41429391503334045,-0.041286543011665344,0.5976130962371826,0.46636927127838135,-0.03395944833755493,0.6235182285308838,0.47951406240463257,-0.027059117332100868,0.6683198809623718,0.43121159076690674,-0.047187790274620056,0.6097111701965332,0.43674591183662415,-0.06117316707968712,0.6154831647872925,0.47462233901023865,-0.05367819964885712,0.6378676295280457,0.48623761534690857,-0.04680733382701874
0.6246442794799805,0.48466774821281433,-4.4860826164949685e-07,0.550046443939209,0.43362903594970703,0.005216559395194054,0.499994695186615,0.3716542720794678,-0.003068955149501562,0.4548085629940033,0.3351210653781891,-0.01900269091129303,0.407550573348999,0.3141128420829773,-0.03386685997247696,0.5650975108146667,0.2690863311290741,0.02567010559141636,0.4914795756340027,0.26339614391326904,0.003434381913393736,0.4480131268501282,0.2668272852897644,-0.017086807638406754,0.4077330529689789,0.26515698432922363,-0.032635629177093506,0.5825298428535461,0.25627243518829346,0.0069086370058357716,0.49833959341049194,0.27614277601242065,-0.020215656608343124,0.516772985458374,0.3376622498035431,-0.029362564906477928,0.5436056852340698,0.34726208448410034,-0.0319935567677021,0.5958853363990784,0.2607131600379944,-0.01584741100668907,0.5135962963104248,0.2878836393356323,-0.03905511647462845,0.5326511859893799,0.34617871046066284,-0.028923625126481056,0.5620743632316589,0.34914326667785645,-0.019335579127073288,0.602037787437439,0.2806379795074463,-0.04001530632376671,0.5373900532722473,0.29791200160980225,-0.054289281368255615,0.5485179424285889,0.34189486503601074,-0.04500240832567215,0.5744868516921997,0.34868332743644714,-0.0362529493868351
0.5982272624969482,0.4697716236114502,-4.535946231953858e-07,0.5250390768051147,0.4156797230243683,-0.0025334765668958426,0.4740983247756958,0.3493884205818176,-0.01580781117081642,0.42702212929725647,0.30913886427879333,-0.03499786555767059,0.3787239193916321,0.28151533007621765,-0.05192452669143677,0.5481804609298706,0.24079543352127075,0.013626893050968647,0.46699076890945435,0.23473802208900452,-0.015286567620933056,0.4203771650791168,0.23530447483062744,-0.03838815912604332,0.37725865840911865,0.2321666181087494,-0.0547698475420475,0.564916729927063,0.23018723726272583,-0.0024868922773748636,0.47091031074523926,0.24679256975650787,-0.035270046442747116,0.49383544921875,0.3174823224544525,-0.04348797723650932,0.5249045491218567,0.3269760310649872,-0.044057369232177734,0.5790472030639648,0.23511599004268646,-0.023235272616147995,0.48635002970695496,0.2628730833530426,-0.050147101283073425,0.5083460807800293,0.327030211687088,-0.03766367584466934,0.5399388074874878,0.3303180932998657,-0.02568807266652584,0.5858414769172668,0.2558636963367462,-0.04624265059828758,0.5117212533950806,0.27743351459503174,-0.0635676309466362,0.5251031517982483,0.3212452828884125,-0.054240867495536804,0.553276002407074,0.32674145698547363,-0.04448904097080231
0.5074775815010071,0.4651641249656677,-7.16199281214358e-07,0.4206852316856384,0.40354275703430176,0.022621002048254013,0.3713114559650421,0.34530189633369446,0.022076042369008064,0.3270105719566345,0.31040874123573303,0.010153502225875854,0.27928048372268677,0.29087328910827637,-0.0022518986370414495,0.44058653712272644,0.21898546814918518,0.04054606705904007,0.3559717535972595,0.22285199165344238,0.021876489743590355,0.31077733635902405,0.23561905324459076,0.0016801226884126663,0.2762741446495056,0.23764152824878693,-0.012389562092721462,0.45614224672317505,0.21246828138828278,0.01292180735617876,0.35448649525642395,0.25191640853881836,-0.012423474341630936,0.36601465940475464,0.3166324198246002,-0.024287959560751915,0.391907274723053,0.34591159224510193,-0.028315169736742973,0.46342915296554565,0.2266128659248352,-0.017120027914643288,0.36263537406921387,0.26407212018966675,-0.03829117864370346,0.380763441324234,0.32398954033851624,-0.03171742334961891,0.4109489917755127,0.34899118542671204,-0.023591749370098114,0.46239978075027466,0.2560916543006897,-0.04740387201309204,0.38011401891708374,0.26609551906585693,-0.06263585388660431,0.3821523189544678,0.30642446875572205,-0.056335799396038055,0.3991149961948395,0.3315700888633728,-0.047948285937309265
0.41705015301704407,0.4369331896305084,-8.32407920370315e-07,0.3214941620826721,0.3802418112754822,0.02934424951672554,0.2737533450126648,0.32467660307884216,0.03245656564831734,0.2278469055891037,0.2916734516620636,0.02346755936741829,0.1804296374320984,0.2685262858867645,0.014816096983850002,0.34164413809776306,0.18336766958236694,0.04981217905879021,0.24745605885982513,0.20017331838607788,0.03467020019888878,0.2186417579650879,0.2396419644355774,0.01695214956998825,0.20257873833179474,0.25744327902793884,0.005386182107031345,0.3505091369152069,0.1794794797897339,0.021257614716887474,0.24055126309394836,0.22051605582237244,0.0001795405987650156,0.2555217444896698,0.2887164056301117,-0.011350512504577637,0.284301221370697,0.32016927003860474,-0.015093153342604637,0.34884586930274963,0.19091646373271942,-0.008796931244432926,0.24117256700992584,0.23249642550945282,-0.026118606328964233,0.2660457193851471,0.29628440737724304,-0.020677948370575905,0.30203819274902344,0.32111024856567383,-0.013397480361163616,0.33784493803977966,0.21384277939796448,-0.03815580904483795,0.24827998876571655,0.2369304597377777,-0.04951116815209389,0.26165851950645447,0.2827986180782318,-0.04219650477170944,0.2892145812511444,0.30387425422668457,-0.032988041639328
0.4072045385837555,0.4478027820587158,-8.506700055477268e-07,0.3086016774177551,0.3919317126274109,0.03566296771168709,0.25773122906684875,0.3354324698448181,0.038956623524427414,0.2124713659286499,0.30427905917167664,0.02882670983672142,0.16437757015228271,0.27636080980300903,0.01777326688170433,0.32154202461242676,0.19085529446601868,0.05312530696392059,0.22626778483390808,0.20121057331562042,0.03508754074573517,0.1718284785747528,0.21582016348838806,0.012413443066179752,0.12763012945652008,0.2205783724784851,-0.004261251073330641,0.3325100243091583,0.18281656503677368,0.019984407350420952,0.221978098154068,0.2386963665485382,-0.005508322734385729,0.24221888184547424,0.3089810609817505,-0.02024410292506218,0.27597641944885254,0.335484117269516,-0.026963403448462486,0.33281609416007996,0.19213953614234924,-0.014144882559776306,0.22222986817359924,0.25022178888320923,-0.033914100378751755,0.2536623179912567,0.3179684579372406,-0.027071304619312286,0.29507356882095337,0.33470138907432556,-0.02007647603750229,0.32548925280570984,0.21377497911453247,-0.047319188714027405,0.23329758644104004,0.2573128342628479,-0.061107952147722244,0.2565697133541107,0.3122945725917816,-0.0525970421731472,0.29103991389274597,0.3283303678035736,-0.04329220950603485
0.48103249073028564,0.5109570026397705,-7.513506830036931e-07,0.37410008907318115,0.4376491606235504,0.017226943746209145,0.30472996830940247,0.35903632640838623,0.008786835707724094,0.24115508794784546,0.3198137581348419,-0.011184792965650558,0.17846199870109558,0.29348134994506836,-0.030537385493516922,0.38492679595947266,0.20085681974887848,0.03484224155545235,0.27213603258132935,0.21569958329200745,0.006531336810439825,0.21122205257415771,0.22726070880889893,-0.022015422582626343,0.1584475040435791,0.22366762161254883,-0.044076934456825256,0.4038044810295105,0.1981455385684967,0.0038522982504218817,0.2725900709629059,0.2491232454776764,-0.032584790140390396,0.2985806465148926,0.32562753558158875,-0.04724173620343208,0.3352160155773163,0.3492394983768463,-0.053766701370477676,0.41441094875335693,0.22189655900001526,-0.0305841863155365,0.2870623469352722,0.2698153555393219,-0.05889037624001503,0.3168725073337555,0.3432477116584778,-0.046187613159418106,0.35684359073638916,0.35807377099990845,-0.03547871112823486,0.4170536398887634,0.26490259170532227,-0.06645074486732483,0.3213523328304291,0.2915427088737488,-0.08617798984050751,0.33677905797958374,0.3444158434867859,-0.07630723714828491,0.36912035942077637,0.3603156805038452,-0.06646263599395752
0.5368728637695312,0.5051611661911011,-6.965258876334701e-07,0.4342033863067627,0.424271821975708,0.010724054649472237,0.37070831656455994,0.3435925245285034,0.0022820448502898216,0.3143334984779358,0.29971250891685486,-0.01698421686887741,0.2560122013092041,0.266914427280426,-0.03514424338936806,0.4454185664653778,0.20044393837451935,0.03908068314194679,0.34721696376800537,0.20580631494522095,0.01049104705452919,0.2892684042453766,0.20970571041107178,-0.01821104995906353,0.2390279918909073,0.20937126874923706,-0.039947882294654846,0.46762141585350037,0.19217516481876373,0.012518971227109432,0.35044148564338684,0.23302200436592102,-0.02493617869913578,0.3746011257171631,0.3109050989151001,-0.04163732752203941,0.4074104130268097,0.33188024163246155,-0.04802948981523514,0.48415952920913696,0.2073950171470642,-0.018609894439578056,0.36684784293174744,0.255166232585907,-0.04973621666431427,0.39500659704208374,0.32693105936050415,-0.03930490463972092,0.43160098791122437,0.3383907675743103,-0.02813069336116314,0.49190354347229004,0.2451137751340866,-0.051485419273376465,0.3973248600959778,0.28068411350250244,-0.07085494697093964,0.41539466381073,0.3313795328140259,-0.06063549593091011,0.449045330286026,0.33950886130332947,-0.050021491944789886
0.6067184209823608,0.49225759506225586,-5.797573408017342e-07,0.5189142227172852,0.4148516356945038,0.01310655102133751,0.46793442964553833,0.34306031465530396,0.008286260068416595,0.41918933391571045,0.3024236261844635,-0.007324886973947287,0.3699832856655121,0.26932382583618164,-0.0230293869972229,0.5467659831047058,0.22899571061134338,0.04032578319311142,0.4632362127304077,0.21602371335029602,0.017108667641878128,0.41028547286987305,0.21665483713150024,-0.008167844265699387,0.3618375062942505,0.21607032418251038,-0.026636190712451935,0.5622127056121826,0.21959589421749115,0.014641165733337402,0.45687568187713623,0.21767443418502808,-0.008021865040063858,0.41846227645874023,0.2431776225566864,-0.026446644216775894,0.3907597064971924,0.231758713722229,-0.039579782634973526,0.5750105381011963,0.2286524772644043,-0.014963427558541298,0.4708579182624817,0.25284212827682495,-0.03974878415465355,0.49050191044807434,0.3172414302825928,-0.03799682483077049,0.5213098526000977,0.32965347170829773,-0.03408334031701088,0.5773592591285706,0.2540464401245117,-0.045383572578430176,0.4946999251842499,0.2704257071018219,-0.06115690991282463,0.5085370540618896,0.31748098134994507,-0.05378805845975876,0.5397474765777588,0.3284035921096802,-0.046713363379240036
0.6559674739837646,0.4245792627334595,-4.2756084894790547e-07,0.5902733206748962,0.3762405514717102,0.0051175798289477825,0.5473085641860962,0.3117246627807617,0.002020463813096285,0.5081186294555664,0.265958696603775,-0.010649602860212326,0.46516668796539307,0.2323148548603058,-0.023821957409381866,0.5787073969841003,0.2311275601387024,0.03812865912914276,0.5331454873085022,0.20068103075027466,0.016536232084035873,0.4944993555545807,0.19497770071029663,-0.0037258968222886324,0.4582589864730835,0.18962745368480682,-0.017510436475276947,0.5993643403053284,0.2103053629398346,0.018784156069159508,0.5344938039779663,0.18887057900428772,-0.0046152109280228615,0.49894726276397705,0.20927706360816956,-0.020030423998832703,0.472467839717865,0.18967357277870178,-0.02762789838016033,0.627643883228302,0.2008165419101715,-0.005423734430223703,0.5588865876197815,0.2082536816596985,-0.034470751881599426,0.574583888053894,0.2755841612815857,-0.03219316527247429,0.6003441214561462,0.2887451946735382,-0.023827387019991875,0.6574013829231262,0.20317484438419342,-0.030484681949019432,0.5940885543823242,0.20340043306350708,-0.04715745896100998,0.5993565917015076,0.25459474325180054,-0.03739374130964279,0.6239970326423645,0.27221351861953735,-0.0267068762332201
0.7198086380958557,0.39247673749923706,-5.120468244967924e-07,0.6622564196586609,0.3450658321380615,-0.0003321568947285414,0.6174948215484619,0.28006643056869507,-0.010061698965728283,0.5811802744865417,0.23501302301883698,-0.02779967337846756,0.5380080938339233,0.20293739438056946,-0.04521944746375084,0.6678352952003479,0.19270461797714233,0.019386259838938713,0.6146920919418335,0.1686897873878479,-0.006029678042978048,0.5716955065727234,0.1597614586353302,-0.02215387299656868,0.5338510274887085,0.15291699767112732,-0.03294655680656433,0.6911461353302002,0.1841742992401123,0.002208224032074213,0.6263461709022522,0.1748429238796234,-0.027989940717816353,0.6409264802932739,0.2496541142463684,-0.030294278636574745,0.6663911938667297,0.25648361444473267,-0.024856971576809883,0.7191095352172852,0.182339608669281,-0.020049801096320152,0.651120126247406,0.18239253759384155,-0.052278824150562286,0.6671079993247986,0.251727432012558,-0.035903364419937134,0.6965373158454895,0.256089985370636,-0.017727995291352272,0.7491117715835571,0.19224613904953003,-0.0437232106924057,0.6905065774917603,0.17798519134521484,-0.06245601549744606,0.6932777762413025,0.22948114573955536,-0.04692274332046509,0.7176777720451355,0.24512185156345367,-0.03150247409939766
0.7528303861618042,0.41404280066490173,-5.434907848211878e-07,0.6956149339675903,0.36298662424087524,-0.0038756788708269596,0.65052729845047,0.2909206748008728,-0.017164504155516624,0.6108643412590027,0.24193546175956726,-0.036564476788043976,0.5654456615447998,0.20550678670406342,-0.054554689675569534,0.7163361310958862,0.1997406780719757,0.010690064169466496,0.654186487197876,0.1711437702178955,-0.019287899136543274,0.610645055770874,0.16292724013328552,-0.039520539343357086,0.5694380402565002,0.15444090962409973,-0.05250755697488785,0.7421455979347229,0.1933891475200653,-0.004645192995667458,0.6650897860527039,0.18547801673412323,-0.03674166649580002,0.6801010370254517,0.2680424749851227,-0.03971170634031296,0.7100083827972412,0.2773870825767517,-0.0352662168443203,0.7723289132118225,0.19593316316604614,-0.025123612955212593,0.692563533782959,0.1983693242073059,-0.05564693734049797,0.7072656154632568,0.27277809381484985,-0.038475994020700455,0.7389708161354065,0.27757886052131653,-0.021425984799861908,0.8016033172607422,0.21132290363311768,-0.047520723193883896,0.7333909869194031,0.20035286247730255,-0.0655299499630928,0.7354968786239624,0.25471216440200806,-0.05031662434339523,0.7603955268859863,0.2699185311794281,-0.03555015102028847
0.7877880334854126,0.44709640741348267,-5.607812454400118e-07,0.7302471995353699,0.3913206458091736,-0.005911391694098711,0.6848803758621216,0.31381094455718994,-0.01936158910393715,0.6451106667518616,0.2623564898967743,-0.03907628729939461,0.5973658561706543,0.2242066115140915,-0.05709516629576683,0.7519182562828064,0.22144955396652222,0.007175315637141466,0.6892276406288147,0.18803134560585022,-0.024999065324664116,0.6455304026603699,0.18203867971897125,-0.04430568590760231,0.605488121509552,0.17284831404685974,-0.055680643767118454,0.7798788547515869,0.2201431691646576,-0.007986349053680897,0.7029708623886108,0.2115602046251297,-0.04033597186207771,0.7168577909469604,0.2974555492401123,-0.03993571549654007,0.7486062049865723,0.30266234278678894,-0.03326030448079109,0.8123035430908203,0.22706645727157593,-0.029016809538006783,0.7331320643424988,0.22549818456172943,-0.06148418039083481,0.7457829713821411,0.30304813385009766,-0.04170714318752289,0.7790871262550354,0.3047705590724945,-0.022624608129262924,0.8447740077972412,0.24654078483581543,-0.0521930456161499,0.78133624792099,0.22594882547855377,-0.07100237905979156,0.778247594833374,0.2830844521522522,-0.05404803529381752,0.801720142364502,0.30133897066116333,-0.037883125245571136
0.8114657402038574,0.4776388108730316,-5.772721465291397e-07,0.7534823417663574,0.41719865798950195,-0.002838006941601634,0.7078388929367065,0.3382578492164612,-0.014919678680598736,0.6692176461219788,0.28588196635246277,-0.03443285450339317,0.6223746538162231,0.2450922131538391,-0.052656423300504684,0.7743422389030457,0.2562601864337921,0.010041486471891403,0.7173938751220703,0.21547342836856842,-0.023689590394496918,0.6733576059341431,0.2034909427165985,-0.04400495067238808,0.632077157497406,0.1895100474357605,-0.05627334490418434,0.803104043006897,0.25542306900024414,-0.007974390871822834,0.7300268411636353,0.23324204981327057,-0.043966665863990784,0.739656388759613,0.32205408811569214,-0.04545149952173233,0.7690263986587524,0.33268702030181885,-0.03879522159695625,0.8368540406227112,0.26125866174697876,-0.03184628114104271,0.7607999444007874,0.2508912682533264,-0.06820540130138397,0.77254718542099,0.33298513293266296,-0.048729535192251205,0.8064147233963013,0.33924639225006104,-0.028409577906131744,0.8708916306495667,0.27805081009864807,-0.057525504380464554,0.8103963136672974,0.2508765459060669,-0.07902604341506958,0.8059139847755432,0.31107786297798157,-0.06194454804062843,0.8288962841033936,0.3326588273048401,-0.04516112059354782
0.813410758972168,0.536612331867218,-5.462082413032476e-07,0.7517184019088745,0.4788922369480133,-0.004553773440420628,0.703276515007019,0.40140771865844727,-0.01712612435221672,0.6635765433311462,0.3536035418510437,-0.03595887869596481,0.617483913898468,0.3172881007194519,-0.05294916778802872,0.7701954245567322,0.30438941717147827,0.00907890871167183,0.7079705595970154,0.2807422876358032,-0.022475173696875572,0.6636406183242798,0.2744150161743164,-0.04392514005303383,0.6208610534667969,0.26688629388809204,-0.05853689834475517,0.801366925239563,0.30109384655952454,-0.007532693445682526,0.7205350995063782,0.31011977791786194,-0.04015147313475609,0.7371382117271423,0.392289936542511,-0.043482705950737,0.769204318523407,0.39776408672332764,-0.04124114662408829,0.8341214656829834,0.3113113343715668,-0.029813481494784355,0.7510490417480469,0.32956454157829285,-0.06023980304598808,0.765551745891571,0.4028550982475281,-0.04152132198214531,0.7978341579437256,0.4053231477737427,-0.025146428495645523,0.8644255995750427,0.33738648891448975,-0.054639287292957306,0.7941752076148987,0.3347334861755371,-0.07316570729017258,0.7926026582717896,0.388019859790802,-0.05803018435835838,0.8157511353492737,0.40129491686820984,-0.044336844235658646
0.7769392132759094,0.5424325466156006,-5.250079198049207e-07,0.7170069813728333,0.4912623465061188,-0.004852211102843285,0.6702939867973328,0.42117735743522644,-0.016457868739962578,0.6284933686256409,0.3759003281593323,-0.033099155873060226,0.5835258364677429,0.3449859917163849,-0.0488116629421711,0.7271934747695923,0.3277081847190857,0.007505661807954311,0.6680343747138977,0.307142436504364,-0.022113323211669922,0.6235155463218689,0.30300185084342957,-0.04549473151564598,0.5816679000854492,0.2991536855697632,-0.06162557750940323,0.7568039894104004,0.3183140754699707,-0.006464239675551653,0.6833814978599548,0.3291374146938324,-0.036854322999715805,0.6996683478355408,0.40399202704429626,-0.044065285474061966,0.7292302250862122,0.4171064496040344,-0.045247554779052734,0.7870875597000122,0.32499614357948303,-0.02501651644706726,0.7129449844360352,0.3451348841190338,-0.05153663456439972,0.7270722389221191,0.4099803566932678,-0.03805636242032051,0.7554068565368652,0.4162429869174957,-0.02603175863623619,0.8143097758293152,0.34729182720184326,-0.04571438580751419,0.7500371336936951,0.3544923663139343,-0.06125900149345398,0.7521203756332397,0.40206149220466614,-0.04847780615091324,0.7735924124717712,0.415153443813324,-0.03697812184691429
0.7214574217796326,0.5838568210601807,-5.721302045458287e-07,0.6472320556640625,0.5535448789596558,-0.005379341077059507,0.5956805944442749,0.49296945333480835,-0.01839345134794712,0.5517428517341614,0.46508529782295227,-0.03490839898586273,0.5065866112709045,0.4502054750919342,-0.04872874915599823,0.644487738609314,0.35647279024124146,-0.0012230533175170422,0.5644468069076538,0.3704167604446411,-0.03503374382853508,0.510733962059021,0.3887070417404175,-0.06119963526725769,0.46754753589630127,0.3987448811531067,-0.07836766541004181,0.6690192818641663,0.3456653952598572,-0.015474709682166576,0.5836429595947266,0.40376684069633484,-0.04118968918919563,0.614353597164154,0.46671754121780396,-0.04392511770129204,0.6473802328109741,0.47085514664649963,-0.04364217445254326,0.6941402554512024,0.36197325587272644,-0.034113068133592606,0.6073359251022339,0.4247216284275055,-0.052281055599451065,0.6363863348960876,0.47786009311676025,-0.032222628593444824,0.66549152135849,0.4711395800113678,-0.018544385209679604,0.7177106738090515,0.3961237668991089,-0.05588553100824356,0.6427195072174072,0.4339655041694641,-0.06940130889415741,0.6593474745750427,0.47230032086372375,-0.05422785133123398,0.6851443648338318,0.47214409708976746,-0.040456753224134445
0.6863877773284912,0.5949278473854065,-5.131533953317557e-07,0.6136589646339417,0.5600213408470154,-0.003074806649237871,0.5562067031860352,0.502517819404602,-0.01645873486995697,0.5075494647026062,0.47772160172462463,-0.03411664068698883,0.4577881693840027,0.4658629894256592,-0.049924686551094055,0.6143403053283691,0.3728523850440979,0.001251565176062286,0.5343267917633057,0.3922056555747986,-0.02774464525282383,0.4876638352870941,0.4090932309627533,-0.05047035217285156,0.44533851742744446,0.42033129930496216,-0.06682614237070084,0.6364147067070007,0.3657801151275635,-0.014879010617733002,0.5441827774047852,0.4158283770084381,-0.041947174817323685,0.570483922958374,0.477572500705719,-0.04603166878223419,0.6012657880783081,0.48033589124679565,-0.047442831099033356,0.6563839912414551,0.3838687241077423,-0.03502019867300987,0.5650479793548584,0.4377514719963074,-0.05730029195547104,0.5913460850715637,0.490877240896225,-0.041373543441295624,0.6212610006332397,0.4866800308227539,-0.03039695881307125,0.6703155040740967,0.4204770624637604,-0.05758705362677574,0.5976681113243103,0.4541485011577606,-0.07451178878545761,0.6100117564201355,0.4923239052295685,-0.06439435482025146,0.6342915296554565,0.494779109954834,-0.055401504039764404
0.6473544239997864,0.6036635637283325,-3.856890771203325e-07,0.5786247849464417,0.5681003928184509,-0.0026306267827749252,0.5317339897155762,0.5230000019073486,-0.015576484613120556,0.4922574460506439,0.49579641222953796,-0.033213406801223755,0.4523831605911255,0.478618323802948,-0.0485319085419178,0.5738503932952881,0.4069713056087494,0.009043402969837189,0.5017905235290527,0.4163927137851715,-0.015304451808333397,0.4668204188346863,0.42757946252822876,-0.033523526042699814,0.4360690712928772,0.431465208530426,-0.044973019510507584,0.5870402455329895,0.40092983841896057,-0.0036503791343420744,0.5115123391151428,0.4420360028743744,-0.029582403600215912,0.5360632538795471,0.4873467981815338,-0.03537841513752937,0.5593029856681824,0.4863201379776001,-0.03549749031662941,0.5973523259162903,0.41068845987319946,-0.020200276747345924,0.5239552855491638,0.4546389579772949,-0.04104027897119522,0.5494807362556458,0.49512869119644165,-0.031418658792972565,0.5742735266685486,0.48946595191955566,-0.022468121722340584,0.6024548411369324,0.43325966596603394,-0.03871549665927887,0.5432203412055969,0.46684277057647705,-0.05180429294705391,0.5608229637145996,0.49746397137641907,-0.04505323991179466,0.5842223167419434,0.49608156085014343,-0.03749791532754898
0.6135498285293579,0.6158139705657959,-4.3393151827331167e-07,0.5488375425338745,0.5893825888633728,0.008712224662303925,0.5052614212036133,0.5526822805404663,0.005380335729569197,0.472605437040329,0.5341095924377441,-0.004495623055845499,0.43912312388420105,0.5218800902366638,-0.013030698522925377,0.5399113893508911,0.457930326461792,0.02683696523308754,0.4841795265674591,0.4719647765159607,0.008657700382173061,0.4560810923576355,0.4860157370567322,-0.008854112587869167,0.42852842807769775,0.4913231432437897,-0.02138427644968033,0.5504423379898071,0.44828176498413086,0.010413642972707748,0.48840564489364624,0.4864725172519684,-0.013583960011601448,0.5096427798271179,0.5264586806297302,-0.024093108251690865,0.5295861959457397,0.5285389423370361,-0.027487197890877724,0.5578548908233643,0.4486071467399597,-0.008921563625335693,0.49365973472595215,0.491996169090271,-0.028310876339673996,0.5198541879653931,0.5301330089569092,-0.022539202123880386,0.5446067452430725,0.5250226855278015,-0.01583895832300186,0.5626052618026733,0.4596500098705292,-0.0290913674980402,0.5096863508224487,0.497615784406662,-0.04124615341424942,0.5284168124198914,0.5292712450027466,-0.03530148044228554,0.5509495735168457,0.5266760587692261,-0.028610140085220337
0.6058433055877686,0.6010259389877319,-3.3877196869980253e-07,0.5619521141052246,0.5872818231582642,0.0006220803479664028,0.5210975408554077,0.5550029277801514,-0.0042166272178292274,0.49097806215286255,0.5318271517753601,-0.014504860155284405,0.4576098322868347,0.520004391670227,-0.024650435894727707,0.535198450088501,0.4863227605819702,0.012069149874150753,0.4932936131954193,0.48101797699928284,-0.0064269197173416615,0.4623759090900421,0.48141157627105713,-0.017927832901477814,0.4353947639465332,0.48154687881469727,-0.025536151602864265,0.5500507950782776,0.47336503863334656,0.0004453221336007118,0.505583643913269,0.4827301502227783,-0.02118639647960663,0.5310912132263184,0.5267112255096436,-0.02241971157491207,0.5522873997688293,0.5216721296310425,-0.018301215022802353,0.5699120163917542,0.4617655873298645,-0.014581388793885708,0.5235090255737305,0.47479262948036194,-0.03695279359817505,0.5456196069717407,0.5174468159675598,-0.02518010511994362,0.566249668598175,0.512565553188324,-0.012432107701897621,0.5941985249519348,0.4550815224647522,-0.030504686757922173,0.5513145923614502,0.45946571230888367,-0.04347067326307297,0.5602304935455322,0.4950557351112366,-0.032803189009428024,0.5779256820678711,0.5003654956817627,-0.022228656336665154
0.6512488722801208,0.5773494243621826,-2.1418536277906242e-07,0.6085752248764038,0.5658528208732605,-0.01589825190603733,0.5593326687812805,0.5185785293579102,-0.020850706845521927,0.5267767310142517,0.4720931053161621,-0.026712821796536446,0.49547022581100464,0.443857342004776,-0.032057102769613266,0.5610401630401611,0.4728396236896515,-0.0030610025860369205,0.5338212847709656,0.44142335653305054,-0.021031979471445084,0.5098927021026611,0.42352214455604553,-0.02743156999349594,0.4894488751888275,0.4032132625579834,-0.031266406178474426,0.5867149233818054,0.45527470111846924,-0.005458060186356306,0.5607848763465881,0.43044817447662354,-0.027269192039966583,0.5852755308151245,0.4871366620063782,-0.020034566521644592,0.6015217304229736,0.49387285113334656,-0.007625227328389883,0.6186535358428955,0.4444131851196289,-0.012771232053637505,0.596316397190094,0.4259292483329773,-0.04075704887509346,0.6141257882118225,0.4793626666069031,-0.02377328835427761,0.6267902851104736,0.4864875078201294,-0.003881756914779544,0.6527624726295471,0.43882274627685547,-0.021850677207112312,0.6309981346130371,0.41113582253456116,-0.03954959288239479,0.6356828808784485,0.45290011167526245,-0.027315013110637665,0.6458477973937988,0.4690854549407959,-0.013876109384000301
0.6578149795532227,0.5774217247962952,-3.770620651266654e-07,0.6093218922615051,0.5445132851600647,0.0034383777529001236,0.5785815715789795,0.5043720006942749,-0.0027489583007991314,0.5518788695335388,0.47482290863990784,-0.014631694182753563,0.5217573642730713,0.45103538036346436,-0.02595151774585247,0.627407431602478,0.42012786865234375,0.019257202744483948,0.5780500173568726,0.41659030318260193,0.0016649250173941255,0.5427222847938538,0.41682884097099304,-0.0134257972240448,0.5130360722541809,0.420390784740448,-0.02384425885975361,0.6379500031471252,0.412394255399704,0.005406105425208807,0.5759215354919434,0.4205344617366791,-0.015718849375844002,0.5839336514472961,0.46945878863334656,-0.021840646862983704,0.6011601090431213,0.4813475012779236,-0.021574364975094795,0.6455907225608826,0.41408979892730713,-0.011547409929335117,0.5811278223991394,0.4317303001880646,-0.03127608820796013,0.5922466516494751,0.47920674085617065,-0.02340381033718586,0.6121755838394165,0.4857182800769806,-0.014238310046494007,0.6495246887207031,0.42727556824684143,-0.029428310692310333,0.5942535996437073,0.4418700933456421,-0.04270688444375992,0.6012492179870605,0.47745636105537415,-0.03559587523341179,0.6206269860267639,0.48425573110580444,-0.02753213420510292
0.6831859350204468,0.5720613598823547,-4.399973079216579e-07,0.6313745379447937,0.5201629996299744,0.012865257449448109,0.5987824201583862,0.4712851643562317,0.00799196120351553,0.570693850517273,0.4440750181674957,-0.00164418900385499,0.5409325957298279,0.42594829201698303,-0.0112304063513875,0.6576187014579773,0.3829893469810486,0.008371308445930481,0.5928296446800232,0.37940478324890137,-0.008619748055934906,0.5561347007751465,0.38147175312042236,-0.02465362474322319,0.5261012315750122,0.38006681203842163,-0.036421552300453186,0.664693295955658,0.391816109418869,-0.00882176123559475,0.5855333209037781,0.4060133397579193,-0.024439191445708275,0.5917015075683594,0.4496459662914276,-0.028455741703510284,0.6086294054985046,0.46657729148864746,-0.03147874400019646,0.6624318361282349,0.4134467542171478,-0.0266930740326643,0.5860151648521423,0.4301411509513855,-0.037357788532972336,0.5970129370689392,0.4712256193161011,-0.0285565797239542,0.6168440580368042,0.48260006308555603,-0.024060597643256187,0.654659628868103,0.4434031844139099,-0.044742025434970856,0.5942345261573792,0.46076202392578125,-0.054015617817640305,0.6021015644073486,0.4918317198753357,-0.04873518645763397,0.6195265054702759,0.4998748004436493,-0.04437968134880066
0.6931699514389038,0.5721006393432617,-3.543865148003533e-07,0.650214433670044,0.5156963467597961,0.0038328012451529503,0.6114183068275452,0.468074768781662,-0.005680686328560114,0.5740303993225098,0.4440303146839142,-0.017701653763651848,0.5466673374176025,0.4245959520339966,-0.028730712831020355,0.6510790586471558,0.37642353773117065,-0.0024241511709988117,0.5821774005889893,0.3814154863357544,-0.017677024006843567,0.5450731515884399,0.3854326009750366,-0.0307232104241848,0.5172207951545715,0.38430771231651306,-0.041538119316101074,0.655655026435852,0.3911864757537842,-0.015120974741876125,0.5735548138618469,0.42050987482070923,-0.03185316547751427,0.5854704976081848,0.455797016620636,-0.03555699437856674,0.6050624847412109,0.46276402473449707,-0.038942672312259674,0.6528852581977844,0.4206046164035797,-0.028466621413826942,0.5748003125190735,0.45369529724121094,-0.04088336229324341,0.5894927978515625,0.48523449897766113,-0.032254572957754135,0.6086984872817993,0.4848462641239166,-0.027894500643014908,0.6467477679252625,0.4587637186050415,-0.04248671606183052,0.5853243470191956,0.48300889134407043,-0.05264520272612572,0.595630943775177,0.5065522789955139,-0.04793078824877739,0.612284779548645,0.5074789524078369,-0.04426184296607971
0.7011169791221619,0.5698809623718262,-3.341919523336401e-07,0.6648895740509033,0.5059489011764526,0.0034541862551122904,0.6231689453125,0.4565824866294861,-0.007617257535457611,0.5811524391174316,0.4331696927547455,-0.020988933742046356,0.5512067675590515,0.4135245680809021,-0.03347394987940788,0.6595057845115662,0.3741494417190552,-0.007156072650104761,0.586862325668335,0.37747132778167725,-0.023895857855677605,0.5459667444229126,0.38318997621536255,-0.037540875375270844,0.5155824422836304,0.3862733840942383,-0.048732057213783264,0.6617037653923035,0.3950178623199463,-0.02017403207719326,0.5794330835342407,0.4264593720436096,-0.03815601021051407,0.5950194597244263,0.4565136432647705,-0.041884154081344604,0.6172893643379211,0.4590069055557251,-0.04585708677768707,0.6571049094200134,0.4296059012413025,-0.03363722935318947,0.5798394680023193,0.46317407488822937,-0.04734513536095619,0.5965143442153931,0.4894959628582001,-0.037668585777282715,0.616896390914917,0.48546499013900757,-0.03285464644432068,0.6500452756881714,0.4706242084503174,-0.04766682907938957,0.5893906354904175,0.49182748794555664,-0.05911333113908768,0.602270781993866,0.5126045942306519,-0.05339173227548599,0.6201013326644897,0.5116992592811584,-0.04907742515206337
0.7004380226135254,0.5665442943572998,-3.781617579079466e-07,0.6507962942123413,0.5031323432922363,0.0003113345883321017,0.6140326857566833,0.448898583650589,-0.011746943928301334,0.5796380639076233,0.41748079657554626,-0.025741811841726303,0.5470684766769409,0.3942919969558716,-0.03941730037331581,0.6734882593154907,0.3631077706813812,-0.012256600894033909,0.6017681360244751,0.35845947265625,-0.033937565982341766,0.5608308911323547,0.3552578091621399,-0.05029775947332382,0.5301231145858765,0.3514883518218994,-0.062472082674503326,0.6841513514518738,0.3845663070678711,-0.025112221017479897,0.5937967896461487,0.40659472346305847,-0.04618481919169426,0.6030725240707397,0.44241535663604736,-0.049656979739665985,0.6226252913475037,0.45017051696777344,-0.05256043002009392,0.6855036020278931,0.41930487751960754,-0.039088234305381775,0.5999929308891296,0.44761669635772705,-0.05583709850907326,0.6122003793716431,0.4787552058696747,-0.04547955468297005,0.6315698623657227,0.48004379868507385,-0.03907746449112892,0.6812499761581421,0.4616647958755493,-0.053949616849422455,0.6140908002853394,0.48051023483276367,-0.06674782186746597,0.6228229999542236,0.5027124881744385,-0.06067971512675285,0.6408212780952454,0.5028731226921082,-0.05558198690414429
0.6979429721832275,0.5713646411895752,-4.412424345900945e-07,0.6401020288467407,0.504032552242279,0.005342711694538593,0.6074484586715698,0.44664323329925537,-0.006079446524381638,0.5780941843986511,0.41387611627578735,-0.021627578884363174,0.5441479086875916,0.3860074579715729,-0.037471652030944824,0.6786094903945923,0.3587207794189453,-0.002999266143888235,0.6091991066932678,0.3465421199798584,-0.026456983759999275,0.5672056674957275,0.342357337474823,-0.04485388100147247,0.5324888825416565,0.34247562289237976,-0.05729880556464195,0.6946126818656921,0.37629106640815735,-0.019263187423348427,0.6057692766189575,0.3836430311203003,-0.04056694731116295,0.6108298301696777,0.4324512481689453,-0.04473413899540901,0.629082977771759,0.4479796886444092,-0.046696875244379044,0.6995933055877686,0.4080412685871124,-0.036972854286432266,0.6117143630981445,0.42917922139167786,-0.05342051386833191,0.6242652535438538,0.4700829088687897,-0.04385710507631302,0.6457620859146118,0.47595319151878357,-0.03773534670472145,0.6956504583358765,0.4491431713104248,-0.055285580456256866,0.6255113482475281,0.4660411477088928,-0.0671347975730896,0.6343756914138794,0.494742214679718,-0.060332898050546646,0.6545822620391846,0.4989764094352722,-0.054573751986026764
0.7107921242713928,0.5603628754615784,-4.5380863866739674e-07,0.6502343416213989,0.4989747405052185,0.0007882993668317795,0.6152684688568115,0.4363957941532135,-0.00803953967988491,0.5856876373291016,0.40179699659347534,-0.020884407684206963,0.548603892326355,0.3780449330806732,-0.03353814780712128,0.6862090826034546,0.3482256829738617,0.0036646213848143816,0.6221131086349487,0.33390581607818604,-0.020694876089692116,0.5810263156890869,0.3296067416667938,-0.042174991220235825,0.5449743270874023,0.3279877007007599,-0.05679158866405487,0.709545373916626,0.35451969504356384,-0.009742745198309422,0.6286405324935913,0.36286139488220215,-0.03144736588001251,0.631074070930481,0.41455790400505066,-0.03785611689090729,0.6486529111862183,0.43293213844299316,-0.04082959145307541,0.7230768799781799,0.37966102361679077,-0.02591141313314438,0.6392632126808167,0.3978313207626343,-0.04316079616546631,0.6451701521873474,0.4429973363876343,-0.034074969589710236,0.6643620133399963,0.4546549916267395,-0.027135241776704788,0.7256208062171936,0.4183691442012787,-0.043608054518699646,0.6594728231430054,0.4286946952342987,-0.05539650470018387,0.6605902910232544,0.46012985706329346,-0.04824446514248848,0.6765680313110352,0.470872700214386,-0.04149756208062172
0.6992893815040588,0.5747066140174866,-4.3078176759081543e-07,0.6427234411239624,0.5379413962364197,-0.0022410762030631304,0.5933985114097595,0.48377951979637146,-0.012367960065603256,0.5527973175048828,0.44976162910461426,-0.02856857143342495,0.509625256061554,0.42962944507598877,-0.04410487785935402,0.6360507011413574,0.39201000332832336,0.01073808316141367,0.5817949771881104,0.3783950209617615,-0.01399527583271265,0.5438008308410645,0.37513303756713867,-0.03089204803109169,0.5080766081809998,0.37107306718826294,-0.04262333735823631,0.6591576933860779,0.3811044692993164,-0.003770398674532771,0.5991158485412598,0.3918723165988922,-0.030735449865460396,0.6220633387565613,0.4577706754207611,-0.03283687308430672,0.6494213342666626,0.45823636651039124,-0.029689764603972435,0.6856777667999268,0.3805384635925293,-0.02268923632800579,0.6251780986785889,0.3980618119239807,-0.04807071387767792,0.6425804495811462,0.4580633044242859,-0.03245609253644943,0.6686660051345825,0.4563450515270233,-0.018035847693681717,0.7121396660804749,0.39309051632881165,-0.04334995523095131,0.6598031520843506,0.39643609523773193,-0.05737869068980217,0.6645499467849731,0.4402748942375183,-0.04369719699025154,0.6863640546798706,0.44713860750198364,-0.03142121061682701
0.6978096961975098,0.5686984658241272,-4.2199621930194553e-07,0.6440495252609253,0.5406671762466431,-0.0035831572022289038,0.59219890832901,0.49053698778152466,-0.014120363630354404,0.5514184236526489,0.4601406455039978,-0.030616547912359238,0.5068560242652893,0.44029828906059265,-0.04606258496642113,0.6300367712974548,0.3986891806125641,0.005865822546184063,0.5736933350563049,0.3844832479953766,-0.020882494747638702,0.5349485874176025,0.38512521982192993,-0.03549819067120552,0.4998159110546112,0.3848004639148712,-0.0441296324133873,0.6524550318717957,0.3907579481601715,-0.007956116460263729,0.5923632383346558,0.4003114104270935,-0.036442533135414124,0.6190536022186279,0.4647914469242096,-0.035071197897195816,0.6463143229484558,0.4591493308544159,-0.02805711142718792,0.6789311766624451,0.3870342969894409,-0.026672767475247383,0.6178439259529114,0.4043739438056946,-0.05595864728093147,0.6424579620361328,0.463393896818161,-0.03862583637237549,0.67030268907547,0.4551922380924225,-0.021338198333978653,0.7076581716537476,0.3919122517108917,-0.04697339981794357,0.6550465226173401,0.3894054889678955,-0.06380641460418701,0.6622336506843567,0.43681368231773376,-0.049156125634908676,0.6837143301963806,0.4450250566005707,-0.03507786989212036
0.6894785165786743,0.5693917274475098,-4.080037285802973e-07,0.6369646191596985,0.5471057295799255,-0.0024013021029531956,0.5824705958366394,0.5049951076507568,-0.011561277322471142,0.540658712387085,0.476142942905426,-0.027284909039735794,0.496037095785141,0.459258496761322,-0.04296945407986641,0.6110941171646118,0.4232732057571411,0.008877502754330635,0.5622749328613281,0.4057719111442566,-0.01686003990471363,0.5258165001869202,0.4036978781223297,-0.030881140381097794,0.49296799302101135,0.4015885591506958,-0.039225347340106964,0.6332072019577026,0.41091012954711914,-0.004792673513293266,0.5799024105072021,0.41152796149253845,-0.03297070413827896,0.6069735884666443,0.4724254012107849,-0.03186117485165596,0.632815420627594,0.4683583378791809,-0.024661589413881302,0.6605486273765564,0.40031689405441284,-0.023222196847200394,0.604056179523468,0.4042859375476837,-0.05326864495873451,0.6290764212608337,0.46282002329826355,-0.036447927355766296,0.6557043790817261,0.4603084623813629,-0.018695633858442307,0.6924489736557007,0.3959176540374756,-0.04287116229534149,0.6417014598846436,0.38443171977996826,-0.060197632759809494,0.6505215764045715,0.4313517212867737,-0.045223575085401535,0.6725300550460815,0.4431544542312622,-0.030632350593805313
0.6681593060493469,0.5739390254020691,-2.8813079211431614e-07,0.6104355454444885,0.5602676272392273,-0.0020236107520759106,0.5530486106872559,0.5263606905937195,-0.005658590700477362,0.5099620223045349,0.4953376352787018,-0.015206718817353249,0.46898216009140015,0.4815067946910858,-0.02531730756163597,0.5624074935913086,0.4678569734096527,0.02026386745274067,0.5227858424186707,0.4495712220668793,0.006394908297806978,0.49482789635658264,0.4403179883956909,-0.00022402485774364322,0.470029354095459,0.42343541979789734,-0.005533979739993811,0.5831303596496582,0.44553443789482117,0.00912512093782425,0.543222188949585,0.43133091926574707,-0.012454593554139137,0.5754719972610474,0.4850446581840515,-0.011445652693510056,0.5996884107589722,0.48467662930488586,-0.0037300647236406803,0.6119422912597656,0.4247603714466095,-0.006024565547704697,0.5725750923156738,0.4152616560459137,-0.03164949268102646,0.6002777814865112,0.4686327874660492,-0.01863035373389721,0.6226150989532471,0.4705052077770233,-0.0025254860520362854,0.6464478969573975,0.40736067295074463,-0.02187703736126423,0.6052830815315247,0.38415616750717163,-0.03620874136686325,0.6162663698196411,0.42985618114471436,-0.022915147244930267,0.6355170011520386,0.4466281235218048,-0.009431516751646996
0.658740758895874,0.5699713230133057,-3.257808032230969e-07,0.6042805910110474,0.5670217275619507,-0.0024986008647829294,0.5458067655563354,0.5363272428512573,-0.00239808252081275,0.5052629709243774,0.5005078911781311,-0.007621932774782181,0.46795302629470825,0.48165056109428406,-0.013488540425896645,0.5532569289207458,0.48214295506477356,0.019786708056926727,0.5159305334091187,0.4629947543144226,0.00631828885525465,0.4874981939792633,0.4546278119087219,-0.0006536072469316423,0.46204039454460144,0.44120150804519653,-0.00612142076715827,0.5742176175117493,0.4574805796146393,0.010160787962377071,0.5363380312919617,0.4436677396297455,-0.010848857462406158,0.5715726613998413,0.4915239214897156,-0.010084649547934532,0.5950542688369751,0.4930732250213623,-0.0022520835045725107,0.6020492315292358,0.4333421587944031,-0.0034218099899590015,0.5645737648010254,0.4206544756889343,-0.028255155310034752,0.5948008298873901,0.4708347022533417,-0.014213044196367264,0.6167258024215698,0.4767763614654541,0.0030182304326444864,0.635237991809845,0.4129036068916321,-0.0179305300116539,0.596738874912262,0.390703022480011,-0.03285324200987816,0.6099933385848999,0.4337660074234009,-0.019926587119698524,0.6290605068206787,0.4497913718223572,-0.006210725288838148
0.6430552005767822,0.571326494216919,-2.657237700987025e-07,0.5861359238624573,0.5754173398017883,0.0006400821730494499,0.531070351600647,0.5505281686782837,0.0042429277673363686,0.4941096603870392,0.5153038501739502,0.0026126184966415167,0.4629838168621063,0.49511846899986267,0.0003923217300325632,0.5343274474143982,0.509523332118988,0.023488128557801247,0.49821653962135315,0.49166423082351685,0.012964291498064995,0.4721086919307709,0.48299023509025574,0.006581856869161129,0.4485935568809509,0.4722379148006439,0.001748739741742611,0.5546119213104248,0.4815692603588104,0.01443420723080635,0.5237007141113281,0.4709042012691498,-0.0030919599812477827,0.5582150220870972,0.5052343606948853,-0.003537581767886877,0.5786964297294617,0.5070192217826843,0.002734712790697813,0.5813812017440796,0.4551907777786255,0.0020343514624983072,0.5485537648200989,0.4416310787200928,-0.018795974552631378,0.5784289836883545,0.4807245135307312,-0.006626291200518608,0.5982523560523987,0.4874936640262604,0.008615211583673954,0.6138339638710022,0.4335727393627167,-0.011000841856002808,0.579513669013977,0.41373544931411743,-0.02250407263636589,0.5936744213104248,0.4517397880554199,-0.009891164489090443,0.6106040477752686,0.4681243598461151,0.003071943996474147
0.6334072947502136,0.5769924521446228,-2.0132063127675792e-07,0.5768749117851257,0.5863773822784424,-0.00028650538297370076,0.5222992897033691,0.5619314908981323,0.004922289866954088,0.48533737659454346,0.5265135169029236,0.00561930239200592,0.45486173033714294,0.5087279081344604,0.005498563405126333,0.5233133435249329,0.5287818312644958,0.023739662021398544,0.4887935519218445,0.5102193355560303,0.015814777463674545,0.46279776096343994,0.4987994432449341,0.009448290802538395,0.43918219208717346,0.48721304535865784,0.004227249417454004,0.5412997603416443,0.4974810779094696,0.016170740127563477,0.5134947299957275,0.48265698552131653,-0.0007410675752907991,0.5469144582748413,0.509212851524353,-0.004122532904148102,0.5697395205497742,0.5178293585777283,0.00017567980103194714,0.5667670369148254,0.4691374897956848,0.005781820043921471,0.5384716987609863,0.45254337787628174,-0.014025631360709667,0.5682046413421631,0.48618921637535095,-0.00506136380136013,0.5904186367988586,0.5005471706390381,0.008135251700878143,0.5986858010292053,0.44581833481788635,-0.005117400083690882,0.5675765872001648,0.42564108967781067,-0.016009775921702385,0.582405149936676,0.45807579159736633,-0.005363542586565018,0.5999220013618469,0.4766930043697357,0.00622974568977952
0.6104320287704468,0.5675297379493713,-1.4969532458053436e-07,0.5544621348381042,0.5835335850715637,-0.0009731359896250069,0.5025313496589661,0.5679253339767456,0.004630011972039938,0.4623700678348541,0.5430237054824829,0.006320284213870764,0.4324507713317871,0.5321647524833679,0.007923224940896034,0.4986919164657593,0.5423905253410339,0.0268144141882658,0.46116548776626587,0.5290601253509521,0.021027972921729088,0.43745964765548706,0.5195043087005615,0.015582330524921417,0.4157901108264923,0.5104596018791199,0.011229859665036201,0.5144060850143433,0.5097939372062683,0.021233700215816498,0.48935189843177795,0.4954272508621216,0.00403537368401885,0.5209938883781433,0.5122219324111938,-0.002371465088799596,0.5422362685203552,0.5219308137893677,-9.444300667382777e-05,0.536066472530365,0.48020100593566895,0.01304349023848772,0.5110124349594116,0.4659895598888397,-0.00693151680752635,0.5408017635345459,0.4898306131362915,-0.001664397306740284,0.5626877546310425,0.5031430721282959,0.00950817670673132,0.5638341903686523,0.45482033491134644,0.004639289807528257,0.5348567962646484,0.439180850982666,-0.005598484072834253,0.5515798330307007,0.4636746942996979,0.003008635016158223,0.5692745447158813,0.47861188650131226,0.01339874230325222
0.600901186466217,0.5627555251121521,-1.1539649591441048e-07,0.5513038039207458,0.5914672613143921,-0.0065135229378938675,0.4949323832988739,0.5888238549232483,-0.004360199440270662,0.4496873617172241,0.5723451972007751,-0.005556588526815176,0.417208731174469,0.5673604607582092,-0.006465264596045017,0.48648929595947266,0.568318247795105,0.02032402902841568,0.4487198293209076,0.5585798621177673,0.011511936783790588,0.4237741529941559,0.5533333420753479,0.005156233441084623,0.4012470543384552,0.5484603643417358,0.0004947735578753054,0.4987119436264038,0.5341812372207642,0.01580018363893032,0.4724113941192627,0.5235971808433533,-0.0047858702018857,0.5058789849281311,0.5341678857803345,-0.010195697657763958,0.5273774266242981,0.5385792851448059,-0.0066403537057340145,0.5160192847251892,0.5007836818695068,0.007940271869301796,0.49005821347236633,0.4920264482498169,-0.01513601839542389,0.5229952931404114,0.5076489448547363,-0.008384546265006065,0.5461891889572144,0.5142555832862854,0.004481800831854343,0.538368821144104,0.4696943461894989,-0.0008269516401924193,0.5096442699432373,0.45821309089660645,-0.013667485676705837,0.5291281938552856,0.47726476192474365,-0.00525893596932292,0.5483335256576538,0.48798105120658875,0.005496939178556204
0.5575321316719055,0.5723576545715332,-1.6488060339270305e-07,0.507480263710022,0.6024701595306396,-0.003694443730637431,0.45069101452827454,0.6010557413101196,0.0004212541680317372,0.40665704011917114,0.5845053791999817,4.6869110519764945e-05,0.3739815354347229,0.5795347094535828,-0.0008148679626174271,0.4465428590774536,0.5623098611831665,0.025801021605730057,0.4106338620185852,0.5549812912940979,0.018996024504303932,0.3850584328174591,0.5559375882148743,0.014001077972352505,0.3614639639854431,0.5569671988487244,0.009919794276356697,0.4588776230812073,0.5299780368804932,0.01963941380381584,0.42899513244628906,0.5272901654243469,0.00011644842015812173,0.46525630354881287,0.54454505443573,-0.004469395615160465,0.48968514800071716,0.5467367768287659,5.084370786789805e-05,0.4776921272277832,0.4996739327907562,0.010055068880319595,0.4470820128917694,0.49500226974487305,-0.01259359810501337,0.48038890957832336,0.5186766386032104,-0.005750816315412521,0.5060840845108032,0.5253648161888123,0.0074116867035627365,0.5016380548477173,0.4701961278915405,-0.00021408296015579253,0.4692351222038269,0.46187272667884827,-0.011816531419754028,0.48646190762519836,0.4855763614177704,-0.003061817027628422,0.506625235080719,0.49442529678344727,0.007580810692161322
0.47895199060440063,0.6296968460083008,-4.77633079754014e-07,0.43033507466316223,0.6146040558815002,0.0027416476514190435,0.3918762803077698,0.5782433152198792,0.000620105944108218,0.35668596625328064,0.5574137568473816,-0.007192922756075859,0.321230411529541,0.5470896363258362,-0.012772164307534695,0.4229118227958679,0.5016162395477295,0.020578814670443535,0.37201473116874695,0.5063050985336304,0.0008481753757223487,0.36386823654174805,0.5391568541526794,-0.012419209815561771,0.3588292896747589,0.5464614033699036,-0.019729850813746452,0.43267005681991577,0.4891693592071533,0.009872490540146828,0.37882113456726074,0.4973585605621338,-0.013397397473454475,0.4023016393184662,0.5459338426589966,-0.017797837033867836,0.4253756105899811,0.5407004952430725,-0.014662856236100197,0.44321706891059875,0.4754723608493805,-0.004433062858879566,0.384424090385437,0.4877685010433197,-0.026236897334456444,0.4076303541660309,0.5364524126052856,-0.017656026408076286,0.4331917464733124,0.5303529500961304,-0.0057487208396196365,0.45436689257621765,0.4659827947616577,-0.01945088803768158,0.40179166197776794,0.474246084690094,-0.031877320259809494,0.4137827157974243,0.5129872560501099,-0.023388490080833435,0.4376879930496216,0.5168331265449524,-0.012970621697604656
0.49091196060180664,0.5922019481658936,-3.705478093252168e-07,0.4457494616508484,0.5365251302719116,0.0026414822787046432,0.39453935623168945,0.4924720823764801,-0.01077520102262497,0.34096601605415344,0.47925397753715515,-0.02660781890153885,0.30222296714782715,0.4783270061016083,-0.04268273711204529,0.41885024309158325,0.40517210960388184,-0.01853135973215103,0.3366590440273285,0.4134579598903656,-0.038399603217840195,0.28997722268104553,0.42625656723976135,-0.05203612521290779,0.25643008947372437,0.4338354468345642,-0.06261450052261353,0.42282843589782715,0.4253878593444824,-0.03175691142678261,0.33565807342529297,0.47789737582206726,-0.052173152565956116,0.35056108236312866,0.5197449326515198,-0.053600020706653595,0.37448349595069885,0.5272558927536011,-0.05556154623627663,0.41993409395217896,0.46365317702293396,-0.045014094561338425,0.3383563160896301,0.5164877772331238,-0.060335755348205566,0.3545333445072174,0.5542684197425842,-0.04934459552168846,0.3770177364349365,0.5572322607040405,-0.04332331195473671,0.41396477818489075,0.5089314579963684,-0.05877208709716797,0.35020941495895386,0.5478797554969788,-0.07246015965938568,0.3604627549648285,0.5736871957778931,-0.06757914274930954,0.37836894392967224,0.5759625434875488,-0.06337099522352219
0.5032814741134644,0.5596307516098022,-3.21276303338891e-07,0.4680551290512085,0.48907116055488586,0.007019918877631426,0.4116944670677185,0.44765356183052063,-0.004731746856123209,0.3497859239578247,0.44788461923599243,-0.017869219183921814,0.30697137117385864,0.45527294278144836,-0.03229137137532234,0.4152255356311798,0.3853330612182617,-0.025159340351819992,0.3395916521549225,0.4077538549900055,-0.03927351534366608,0.298297256231308,0.4251600503921509,-0.04685252532362938,0.26563072204589844,0.43793347477912903,-0.05413176491856575,0.4169236719608307,0.42476803064346313,-0.0390932559967041,0.34231844544410706,0.4727810025215149,-0.052546922117471695,0.36505183577537537,0.49189603328704834,-0.04937942698597908,0.38887664675712585,0.4847920835018158,-0.050210148096084595,0.41637885570526123,0.47391748428344727,-0.05110621452331543,0.345892071723938,0.517981231212616,-0.0609162338078022,0.37001147866249084,0.5355658531188965,-0.046977750957012177,0.392815500497818,0.5250297784805298,-0.04105989262461662,0.4145946502685547,0.5261104702949524,-0.06264923512935638,0.3574466109275818,0.5580821633338928,-0.07195983827114105,0.37693312764167786,0.5706301331520081,-0.06321599334478378,0.39687588810920715,0.5623265504837036,-0.05776518955826759
0.5110098123550415,0.5552835464477539,-2.8967519938305486e-07,0.4819789230823517,0.481586217880249,0.005306624807417393,0.4286077618598938,0.43710318207740784,-0.00582894729450345,0.36982718110084534,0.43264487385749817,-0.01872994750738144,0.32994332909584045,0.4438355565071106,-0.03295420855283737,0.4236382842063904,0.38265135884284973,-0.02208995446562767,0.34747904539108276,0.4014080762863159,-0.03900868818163872,0.3053707778453827,0.4172391891479492,-0.04844889044761658,0.2731408178806305,0.4305259883403778,-0.05613316223025322,0.42415452003479004,0.4184247553348541,-0.03528524562716484,0.3495095670223236,0.47168275713920593,-0.052340686321258545,0.37427839636802673,0.49141252040863037,-0.05047490447759628,0.39892879128456116,0.481661319732666,-0.050435882061719894,0.4233662188053131,0.4656640291213989,-0.04744590073823929,0.3538026511669159,0.515180766582489,-0.06135811284184456,0.3795330822467804,0.5320658087730408,-0.04896891862154007,0.4030062258243561,0.5189169049263,-0.042069751769304276,0.42238062620162964,0.5171175003051758,-0.0593092255294323,0.36833927035331726,0.5532535314559937,-0.07105156779289246,0.38936933875083923,0.5641860365867615,-0.0637800469994545,0.40987730026245117,0.5530611872673035,-0.0582425631582737
0.5398915410041809,0.5526648759841919,-3.059724917875428e-07,0.5128916501998901,0.4802159368991852,0.0017919325036928058,0.45713892579078674,0.4305938482284546,-0.010501251555979252,0.3944677412509918,0.4192682206630707,-0.023848634213209152,0.34943264722824097,0.41069287061691284,-0.03811293840408325,0.47292810678482056,0.3663416802883148,-0.023179611191153526,0.3909572660923004,0.3770217001438141,-0.04219520092010498,0.3440115451812744,0.3881460726261139,-0.0544474720954895,0.3103863596916199,0.39862245321273804,-0.06421039253473282,0.4697960615158081,0.40576836466789246,-0.03477831929922104,0.38384386897087097,0.44570615887641907,-0.053330205380916595,0.403980553150177,0.46612176299095154,-0.05356164649128914,0.4297717213630676,0.4597265422344208,-0.055599503219127655,0.46492260694503784,0.4543704688549042,-0.045836325734853745,0.386270672082901,0.4910854697227478,-0.060499388724565506,0.4074638783931732,0.5090647339820862,-0.04861444979906082,0.4310789704322815,0.4992832541465759,-0.04256720840930939,0.4596422016620636,0.5064091682434082,-0.05693850293755531,0.3973514437675476,0.5320979356765747,-0.06940463185310364,0.41430753469467163,0.5449604392051697,-0.06297691911458969,0.4350126385688782,0.5362948775291443,-0.058498308062553406
0.5507992506027222,0.5440394878387451,-3.0643326454082853e-07,0.5160108804702759,0.4694586396217346,-0.0019156988710165024,0.45452165603637695,0.4147893190383911,-0.017412621527910233,0.3891279399394989,0.3978356420993805,-0.03338521346449852,0.3413391709327698,0.3842427730560303,-0.04932284727692604,0.4878050684928894,0.3422449231147766,-0.02800307609140873,0.4026397168636322,0.3516615033149719,-0.04973543435335159,0.35711437463760376,0.36249804496765137,-0.06233194097876549,0.3260815143585205,0.37046685814857483,-0.07202575355768204,0.4878338575363159,0.3805297911167145,-0.03955313190817833,0.3950163722038269,0.41689711809158325,-0.06064783036708832,0.41347363591194153,0.44183504581451416,-0.060604047030210495,0.43839800357818604,0.43519869446754456,-0.06261496990919113,0.4835987091064453,0.43069151043891907,-0.0509503073990345,0.39500153064727783,0.46454960107803345,-0.06906052678823471,0.41543370485305786,0.4868956208229065,-0.055724889039993286,0.439889520406723,0.4778282642364502,-0.04845220595598221,0.4773337244987488,0.4847862422466278,-0.06260605901479721,0.4059334695339203,0.5056573152542114,-0.07807610183954239,0.4216760993003845,0.5225602388381958,-0.0711546242237091,0.4440440535545349,0.5173381567001343,-0.06609892100095749
0.5041043758392334,0.5305194854736328,-2.786142090371868e-07,0.47494080662727356,0.44676312804222107,-0.0034425125923007727,0.41113337874412537,0.38547754287719727,-0.021957488730549812,0.33234259486198425,0.37735605239868164,-0.040422648191452026,0.27765464782714844,0.3737030029296875,-0.06013227626681328,0.42445364594459534,0.30929407477378845,-0.03901568055152893,0.3221796452999115,0.3185904324054718,-0.06668209284543991,0.2600025534629822,0.3338022232055664,-0.08444008976221085,0.21445061266422272,0.34711867570877075,-0.09845951199531555,0.423370897769928,0.36388832330703735,-0.05334734916687012,0.30865925550460815,0.3965626358985901,-0.08227191865444183,0.32742366194725037,0.41996362805366516,-0.08537697046995163,0.3569810092449188,0.41716858744621277,-0.08863644301891327,0.4190714657306671,0.4295465052127838,-0.06708689779043198,0.3128204941749573,0.4672924280166626,-0.09335464984178543,0.34212419390678406,0.49190768599510193,-0.07861662656068802,0.37541714310646057,0.48684996366500854,-0.06834600120782852,0.41343435645103455,0.4986638128757477,-0.08089189976453781,0.3324209153652191,0.5219234228134155,-0.10224588215351105,0.35496145486831665,0.5390000939369202,-0.09363462030887604,0.38121849298477173,0.5321210026741028,-0.08627256006002426
0.5079451203346252,0.5273347496986389,-3.608265046750603e-07,0.48101121187210083,0.4444272816181183,0.0032261766027659178,0.4186156988143921,0.3864903748035431,-0.009627072140574455,0.3473838269710541,0.3795892894268036,-0.02412216179072857,0.2980102300643921,0.38364386558532715,-0.04010216146707535,0.4224936366081238,0.3122500777244568,-0.02726505696773529,0.3334491550922394,0.3257773816585541,-0.048538438975811005,0.2807363271713257,0.33994966745376587,-0.06163269653916359,0.24197153747081757,0.351426362991333,-0.07195039838552475,0.4238973557949066,0.3609883487224579,-0.0415896400809288,0.3270951211452484,0.4028639793395996,-0.06372162699699402,0.34583261609077454,0.42331627011299133,-0.0638643279671669,0.37155210971832275,0.4148525297641754,-0.06495166569948196,0.42209845781326294,0.4209325611591339,-0.054959628731012344,0.3287510871887207,0.45975571870803833,-0.07593773305416107,0.35174840688705444,0.48014122247695923,-0.06323306262493134,0.37978827953338623,0.47075968980789185,-0.054172124713659286,0.4184998869895935,0.48385751247406006,-0.06779303401708603,0.33861908316612244,0.50508052110672,-0.08455441892147064,0.348776251077652,0.5198361277580261,-0.07673772424459457,0.36757543683052063,0.5149298906326294,-0.06985750049352646
0.5556541085243225,0.5245552062988281,-3.7304405964277976e-07,0.5282076001167297,0.44480717182159424,0.003529529320076108,0.469973623752594,0.39255771040916443,-0.010977090336382389,0.4032893180847168,0.38317373394966125,-0.027437398210167885,0.355310320854187,0.3810381293296814,-0.044827476143836975,0.4823395609855652,0.31668683886528015,-0.025917064398527145,0.3946008086204529,0.3261530101299286,-0.044552598148584366,0.3442224860191345,0.3387499451637268,-0.05630599334836006,0.3065528869628906,0.3479442000389099,-0.0664493516087532,0.4818410873413086,0.3569137454032898,-0.0400339774787426,0.3904486894607544,0.40484803915023804,-0.05872223153710365,0.41131019592285156,0.42959165573120117,-0.057743173092603683,0.43798285722732544,0.42490774393081665,-0.05988270044326782,0.4771563708782196,0.4098428189754486,-0.053330034017562866,0.3921009600162506,0.4523017108440399,-0.06902464479207993,0.4154989421367645,0.47477400302886963,-0.05573934689164162,0.4416172206401825,0.467734158039093,-0.04914329573512077,0.47133392095565796,0.46493399143218994,-0.06659331172704697,0.3998410403728485,0.4886636435985565,-0.08069807291030884,0.41419121623039246,0.5098564624786377,-0.07309011369943619,0.4343808591365814,0.5107442140579224,-0.0677303746342659
0.6741295456886292,0.4792092740535736,-4.0081991414808726e-07,0.6208658218383789,0.4044715166091919,-0.010249096900224686,0.5675473213195801,0.3459118902683258,-0.033539384603500366,0.5140632390975952,0.3294904828071594,-0.05621537193655968,0.467240571975708,0.31676819920539856,-0.07819010317325592,0.6324129700660706,0.2445923089981079,-0.047244295477867126,0.5370328426361084,0.26321670413017273,-0.0775919258594513,0.484049528837204,0.2805163264274597,-0.09593109786510468,0.4446840286254883,0.2974621057510376,-0.10927490144968033,0.6471176743507385,0.28683027625083923,-0.05950072780251503,0.5350086688995361,0.32931724190711975,-0.08778032660484314,0.5490661859512329,0.35752514004707336,-0.091386578977108,0.5739306211471558,0.3570167124271393,-0.09694895148277283,0.6536094546318054,0.3410094082355499,-0.07225002348423004,0.54433274269104,0.38401877880096436,-0.09392721205949783,0.5654739737510681,0.40363046526908875,-0.08134206384420395,0.5930421352386475,0.3917180001735687,-0.0761120468378067,0.6560558676719666,0.3992238938808441,-0.0863661989569664,0.566636860370636,0.4214860796928406,-0.10570335388183594,0.5798919200897217,0.4372413754463196,-0.09907354414463043,0.6050829887390137,0.42922472953796387,-0.0946468859910965
0.7809885740280151,0.5008063316345215,-4.299257341244811e-07,0.7345430850982666,0.423397034406662,-0.018573544919490814,0.692052960395813,0.35354647040367126,-0.0441056452691555,0.6424248814582825,0.3221331238746643,-0.06727558374404907,0.5937851667404175,0.3004220724105835,-0.08909304440021515,0.7922850847244263,0.2664974331855774,-0.057920776307582855,0.6937674880027771,0.25915956497192383,-0.09604234993457794,0.6362074017524719,0.2719630002975464,-0.11905559152364731,0.5921969413757324,0.2806479334831238,-0.13354742527008057,0.8114475607872009,0.31192004680633545,-0.06659728288650513,0.692582368850708,0.3245375454425812,-0.0959295704960823,0.7039088606834412,0.3637075126171112,-0.09737503528594971,0.731573224067688,0.3700200021266937,-0.09995527565479279,0.8165895342826843,0.3744688630104065,-0.07703223824501038,0.7009093761444092,0.39417827129364014,-0.09818432480096817,0.717958927154541,0.4184253513813019,-0.08307897299528122,0.7472391128540039,0.4098198413848877,-0.07495632767677307,0.8141021728515625,0.4405308663845062,-0.08974651992321014,0.7248063683509827,0.4437751770019531,-0.1084771528840065,0.7343220710754395,0.4546120762825012,-0.10005602240562439,0.760090172290802,0.44658491015434265,-0.0927533507347107
0.7773470878601074,0.5659972429275513,-3.8049481076996017e-07,0.726632297039032,0.4856189489364624,-0.014584456570446491,0.6801361441612244,0.4186083674430847,-0.03793412819504738,0.6282680034637451,0.3929097354412079,-0.05978822708129883,0.5796802639961243,0.3736286461353302,-0.08040466159582138,0.7612121105194092,0.3271937966346741,-0.05036678910255432,0.6712685823440552,0.3273940086364746,-0.08708207309246063,0.6160125732421875,0.3382384181022644,-0.1113106906414032,0.5698351860046387,0.3478945195674896,-0.12663836777210236,0.779802143573761,0.3681175410747528,-0.05999792739748955,0.6719631552696228,0.39173027873039246,-0.08636057376861572,0.6870779991149902,0.42437514662742615,-0.08905267715454102,0.7128111124038696,0.42790350317955017,-0.09318866580724716,0.7857942581176758,0.4264470338821411,-0.07118489593267441,0.6772326827049255,0.4556726813316345,-0.09046876430511475,0.6988958120346069,0.4766417145729065,-0.0777767226099968,0.727078914642334,0.46659716963768005,-0.07154613733291626,0.7854069471359253,0.48958784341812134,-0.0843200534582138,0.6969895362854004,0.5052763223648071,-0.09935344755649567,0.7081337571144104,0.5149975419044495,-0.09058818221092224,0.7311463356018066,0.505593478679657,-0.08399820327758789
0.7385126352310181,0.5673479437828064,-3.245593234169064e-07,0.6895788311958313,0.4950282573699951,-0.007484883535653353,0.6399760842323303,0.43583813309669495,-0.027379721403121948,0.5868027210235596,0.4206898808479309,-0.04691140353679657,0.5410981178283691,0.41669586300849915,-0.06580965220928192,0.7029136419296265,0.3526829183101654,-0.042152270674705505,0.6164869666099548,0.36237627267837524,-0.07256721705198288,0.5659935474395752,0.37595459818840027,-0.09172032028436661,0.5252493023872375,0.3875637650489807,-0.10457903891801834,0.7182555794715881,0.39244091510772705,-0.05421995371580124,0.6175341010093689,0.4209058880805969,-0.07866483181715012,0.6334654688835144,0.44985827803611755,-0.08118455111980438,0.6571761965751648,0.4501391351222992,-0.0852116271853447,0.7248160243034363,0.4460929334163666,-0.06676463782787323,0.6235618591308594,0.47687846422195435,-0.08586306869983673,0.6451425552368164,0.49698004126548767,-0.07435442507266998,0.6709206700325012,0.48728907108306885,-0.06855510920286179,0.7273640632629395,0.5028531551361084,-0.0802370011806488,0.6447661519050598,0.5164130926132202,-0.09508164972066879,0.6563834547996521,0.5291792154312134,-0.08661394566297531,0.6780466437339783,0.5238733887672424,-0.08044149726629257
0.7084143161773682,0.572191059589386,-3.4060607845276536e-07,0.6540623903274536,0.5183529853820801,-0.002042127773165703,0.6068350076675415,0.47368523478507996,-0.018369775265455246,0.5620987415313721,0.46049967408180237,-0.03603058680891991,0.5228710174560547,0.4547794759273529,-0.052777327597141266,0.6463270783424377,0.3745819926261902,-0.025248778983950615,0.5708630084991455,0.39911946654319763,-0.05225098505616188,0.530123233795166,0.4201776683330536,-0.07159779220819473,0.4974794387817383,0.4394855499267578,-0.08453004062175751,0.6615523099899292,0.39876681566238403,-0.03841526433825493,0.5784620046615601,0.4427134394645691,-0.05930287390947342,0.5955122113227844,0.46825334429740906,-0.0625247210264206,0.6153289675712585,0.46707895398139954,-0.06677649170160294,0.6712857484817505,0.437760591506958,-0.05259980633854866,0.5880917906761169,0.4824126064777374,-0.06674829870462418,0.6082313656806946,0.5043047666549683,-0.05555174499750137,0.6292845606803894,0.4952647089958191,-0.050641629844903946,0.6785928606987,0.48358389735221863,-0.0679556354880333,0.6100605726242065,0.5127224922180176,-0.07752347737550735,0.6224085688591003,0.5272591710090637,-0.06898485124111176,0.6406033039093018,0.5206011533737183,-0.06341265887022018
0.7090281844139099,0.5747210383415222,-3.3688732514747244e-07,0.6511621475219727,0.5253183245658875,-0.0020581549033522606,0.6026033759117126,0.4807637333869934,-0.017400847747921944,0.5603691339492798,0.4667634963989258,-0.034700505435466766,0.5221569538116455,0.4612899720668793,-0.05089474841952324,0.6440646052360535,0.37861135601997375,-0.018089771270751953,0.5724275708198547,0.39977824687957764,-0.043821629136800766,0.5329552888870239,0.42017677426338196,-0.06334390491247177,0.5009556412696838,0.4395127296447754,-0.07696991413831711,0.6600410342216492,0.39698177576065063,-0.0312068872153759,0.5791943073272705,0.4424915313720703,-0.05221543461084366,0.5978383421897888,0.46855688095092773,-0.05688628926873207,0.6180096864700317,0.46681132912635803,-0.06191260740160942,0.670602560043335,0.43187642097473145,-0.04583970829844475,0.5905713438987732,0.4805178642272949,-0.06043214350938797,0.6125990748405457,0.5026960968971252,-0.05034691095352173,0.6337637305259705,0.49293482303619385,-0.046133507043123245,0.6782916784286499,0.47563210129737854,-0.06190229579806328,0.6150583624839783,0.5120254755020142,-0.07271825522184372,0.6283390522003174,0.5288047790527344,-0.06615591049194336,0.645710825920105,0.5219056606292725,-0.061926744878292084
0.7030653953552246,0.5707722902297974,-3.2256588156087673e-07,0.646602988243103,0.522903561592102,-0.0023436376359313726,0.5961927771568298,0.48111891746520996,-0.017102403566241264,0.5526986122131348,0.4718894958496094,-0.03361613675951958,0.5141844749450684,0.4688030183315277,-0.04951503872871399,0.6381441950798035,0.3812980651855469,-0.018785029649734497,0.5667453408241272,0.4051230549812317,-0.044152118265628815,0.5287603139877319,0.42491888999938965,-0.06386583298444748,0.49833160638809204,0.4427764415740967,-0.07755245268344879,0.6563683152198792,0.400643527507782,-0.03137803077697754,0.5760086178779602,0.4438135027885437,-0.052365709096193314,0.5936992168426514,0.4662170708179474,-0.05776004120707512,0.6131253838539124,0.4637298583984375,-0.06305096298456192,0.6694464683532715,0.435771644115448,-0.04534514248371124,0.5898944735527039,0.4814959466457367,-0.060625579208135605,0.6112655997276306,0.49948978424072266,-0.051938872784376144,0.6321858763694763,0.48851531744003296,-0.048018310219049454,0.6789711117744446,0.47958409786224365,-0.06044795364141464,0.6144421696662903,0.5108546614646912,-0.07167551666498184,0.6269890069961548,0.5235530734062195,-0.06546705961227417,0.6447982788085938,0.5154057741165161,-0.061200905591249466
0.6645970940589905,0.5800232887268066,-4.3758191736742447e-07,0.6100093126296997,0.5363264083862305,-0.0043642837554216385,0.5675074458122253,0.4913163483142853,-0.019601158797740936,0.5300947427749634,0.47419506311416626,-0.03644996136426926,0.4938172698020935,0.4717130959033966,-0.053373418748378754,0.6149601340293884,0.392067551612854,-0.025049591436982155,0.5422989130020142,0.41107529401779175,-0.050610825419425964,0.5004258751869202,0.43140897154808044,-0.06982297450304031,0.467747300863266,0.44827800989151,-0.08262651413679123,0.6363589763641357,0.4077184200286865,-0.036284513771533966,0.5545092225074768,0.45722076296806335,-0.05826200917363167,0.5654957890510559,0.49500834941864014,-0.0622878298163414,0.5818561911582947,0.5058231353759766,-0.06587762385606766,0.6501623392105103,0.4426175355911255,-0.04877534881234169,0.5694714188575745,0.48990577459335327,-0.0655483677983284,0.5887467265129089,0.5171434283256531,-0.05730268731713295,0.6101261973381042,0.5191764831542969,-0.05279375612735748,0.6595474481582642,0.4860075116157532,-0.06248387694358826,0.5972692370414734,0.5062425136566162,-0.07606036216020584,0.6018590331077576,0.5193809270858765,-0.07142078876495361,0.6141853332519531,0.5171516537666321,-0.06735999137163162
0.6141966581344604,0.5998750925064087,-3.9989762967707065e-07,0.558772087097168,0.5650723576545715,-0.008883757516741753,0.5183560848236084,0.5193911194801331,-0.022008543834090233,0.4848560690879822,0.4973447620868683,-0.03703722730278969,0.4499624967575073,0.48701465129852295,-0.052429866045713425,0.5650257468223572,0.4122544229030609,-0.015458926558494568,0.49897441267967224,0.4283963739871979,-0.044362910091876984,0.4601329267024994,0.44655969738960266,-0.067923404276371,0.42763465642929077,0.46173086762428284,-0.082628034055233,0.5882707834243774,0.4210755228996277,-0.025479711592197418,0.5148178339004517,0.4529033303260803,-0.048252057284116745,0.5006107091903687,0.4813562035560608,-0.057939283549785614,0.4927294850349426,0.484729528427124,-0.0642101839184761,0.6067547798156738,0.44841358065605164,-0.038314152508974075,0.534534215927124,0.49838969111442566,-0.057020094245672226,0.5488893389701843,0.5311250686645508,-0.05158805847167969,0.5683158040046692,0.5327643156051636,-0.046976324170827866,0.6184931397438049,0.48725101351737976,-0.05326378345489502,0.5611023306846619,0.5175324082374573,-0.06743127107620239,0.569550096988678,0.5407727956771851,-0.06303603202104568,0.5880559682846069,0.5417156219482422,-0.05779474228620529
0.5871775150299072,0.6097298860549927,-4.0131337186721794e-07,0.538162887096405,0.5800418257713318,-0.010963624343276024,0.4953479468822479,0.5309725403785706,-0.02524385042488575,0.460171639919281,0.5068140625953674,-0.040845952928066254,0.42343947291374207,0.49445974826812744,-0.05610485374927521,0.5437095165252686,0.4268120527267456,-0.016508445143699646,0.47735679149627686,0.44526681303977966,-0.044385381042957306,0.4392683506011963,0.46364322304725647,-0.06581723690032959,0.4106414318084717,0.47553694248199463,-0.07941894978284836,0.5666724443435669,0.4337857663631439,-0.02478410117328167,0.4947945475578308,0.47446611523628235,-0.04838915541768074,0.5008653998374939,0.5162521600723267,-0.05442080646753311,0.5121558308601379,0.5252886414527893,-0.05714304372668266,0.5847249627113342,0.4596397280693054,-0.036219522356987,0.5133265256881714,0.5066560506820679,-0.05728909745812416,0.531032919883728,0.5431720018386841,-0.04973926767706871,0.5516589879989624,0.5466103553771973,-0.042886823415756226,0.5980048775672913,0.49526873230934143,-0.04975287988781929,0.5410657525062561,0.5214592218399048,-0.06741061806678772,0.5495116114616394,0.5454458594322205,-0.06409396231174469,0.5667106509208679,0.5492947697639465,-0.05878109112381935
0.5587849617004395,0.6346499919891357,-3.9446211985705304e-07,0.50767982006073,0.6005833148956299,-0.009996652603149414,0.4681674540042877,0.5505276322364807,-0.024059925228357315,0.43482354283332825,0.5201708674430847,-0.03982328623533249,0.3986646234989166,0.5003065466880798,-0.05318915471434593,0.5226203799247742,0.44715189933776855,-0.007408945355564356,0.45261049270629883,0.4642716348171234,-0.03567146509885788,0.41489219665527344,0.47756391763687134,-0.05608421191573143,0.3853832185268402,0.4796994626522064,-0.06927181035280228,0.5414349436759949,0.44767677783966064,-0.016691291704773903,0.46864503622055054,0.48379436135292053,-0.04301227629184723,0.48684486746788025,0.5329161882400513,-0.04714246466755867,0.5100314617156982,0.5370801687240601,-0.04719316586852074,0.5579441785812378,0.4652484357357025,-0.02989920601248741,0.48550495505332947,0.501746416091919,-0.052807558327913284,0.5053051114082336,0.545056939125061,-0.04051888361573219,0.5287889242172241,0.544670581817627,-0.029770970344543457,0.5728729963302612,0.49589836597442627,-0.045519642531871796,0.5161887407302856,0.5137144923210144,-0.06253022700548172,0.5253384709358215,0.5446642637252808,-0.055069439113140106,0.5435360074043274,0.5503513813018799,-0.046316519379615784
0.5559015870094299,0.6329524517059326,-4.17488109860642e-07,0.5013957619667053,0.6141858696937561,0.0032673345413058996,0.45036041736602783,0.5721479654312134,-0.0005080319824628532,0.41363197565078735,0.5428621172904968,-0.009427093900740147,0.37720680236816406,0.529663622379303,-0.018350839614868164,0.47447437047958374,0.5077371001243591,0.008150146342813969,0.426152765750885,0.4998237192630768,-0.014678958803415298,0.3938596248626709,0.49852076172828674,-0.030446743592619896,0.36357080936431885,0.4937051832675934,-0.041757985949516296,0.49404722452163696,0.49230384826660156,-0.005700243636965752,0.44553571939468384,0.491630494594574,-0.03166072070598602,0.4747934341430664,0.5443657636642456,-0.03414001688361168,0.5005145072937012,0.5478955507278442,-0.030720045790076256,0.5185772180557251,0.48074018955230713,-0.022533930838108063,0.46799588203430176,0.4899362623691559,-0.04699208214879036,0.49455565214157104,0.5404688715934753,-0.03321797773241997,0.5202740430831909,0.5390927195549011,-0.01935582235455513,0.546505868434906,0.4767949879169464,-0.04006017744541168,0.5000483393669128,0.48002374172210693,-0.05551284924149513,0.5120841264724731,0.5212901830673218,-0.04406392201781273,0.5329557657241821,0.5268266797065735,-0.03299116715788841
0.5528509616851807,0.6271662712097168,-4.169289979927271e-07,0.5056910514831543,0.6136440634727478,0.005308595020323992,0.45443597435951233,0.5770518183708191,0.004874189849942923,0.4204733073711395,0.5466066598892212,-0.0017050791066139936,0.3856165409088135,0.5322408080101013,-0.008790978230535984,0.4767281711101532,0.517968475818634,0.014769339933991432,0.43152448534965515,0.511498749256134,-0.004315259866416454,0.39860665798187256,0.5135872960090637,-0.01572003774344921,0.37019336223602295,0.5093473792076111,-0.023934990167617798,0.49452829360961914,0.5019137859344482,0.0005180224543437362,0.445721834897995,0.49689239263534546,-0.024501880630850792,0.47414764761924744,0.5483931303024292,-0.025577466934919357,0.5006135106086731,0.5479304790496826,-0.019862718880176544,0.5171521306037903,0.48709431290626526,-0.016743190586566925,0.46768689155578613,0.49106884002685547,-0.042367685586214066,0.49393439292907715,0.5404203534126282,-0.029165757820010185,0.5196127891540527,0.5373821258544922,-0.014105891808867455,0.5444872379302979,0.4766393303871155,-0.034272924065589905,0.4993906319141388,0.47310224175453186,-0.050542883574962616,0.510660707950592,0.5139660835266113,-0.039289794862270355,0.5320993065834045,0.5219305753707886,-0.027544163167476654
0.5498765707015991,0.6238642334938049,-3.742873957435222e-07,0.5056799054145813,0.6088048815727234,0.004860725253820419,0.45870137214660645,0.5726892948150635,0.002184143289923668,0.42479756474494934,0.543408215045929,-0.006664805579930544,0.3888881802558899,0.5270487070083618,-0.01569490320980549,0.4861944019794464,0.5152004957199097,0.015920473262667656,0.44005587697029114,0.5107206106185913,-0.002727224724367261,0.40796592831611633,0.516974925994873,-0.013529282994568348,0.3821374773979187,0.5158107876777649,-0.02079438604414463,0.5018804669380188,0.4992997646331787,0.0018231250578537583,0.45092374086380005,0.49179133772850037,-0.02241196110844612,0.47540614008903503,0.54313725233078,-0.023819271475076675,0.5011085867881775,0.5423463582992554,-0.018170436844229698,0.5213856101036072,0.48454415798187256,-0.015317206270992756,0.46872204542160034,0.48926493525505066,-0.03907047212123871,0.4917633831501007,0.5383439064025879,-0.026769982650876045,0.5168167352676392,0.535026490688324,-0.012549245730042458,0.5446867942810059,0.47520196437835693,-0.03282112628221512,0.49689993262290955,0.47446495294570923,-0.04708437621593475,0.5064109563827515,0.5132153630256653,-0.03660561144351959,0.5276153683662415,0.5205673575401306,-0.025553790852427483
0.5686287879943848,0.6355856657028198,-4.714071906164463e-07,0.5108829140663147,0.5814316272735596,0.0002990077482536435,0.4706805348396301,0.5268627405166626,-0.012952895835042,0.4336604177951813,0.49922066926956177,-0.029510673135519028,0.3968609571456909,0.4837019741535187,-0.04572449252009392,0.526917040348053,0.42633745074272156,-0.008702090941369534,0.4557248651981354,0.4277200698852539,-0.03484124690294266,0.4134216904640198,0.43544256687164307,-0.05439426749944687,0.38004595041275024,0.4445312023162842,-0.06683232635259628,0.5434486865997314,0.441389799118042,-0.02279871702194214,0.4566599130630493,0.47433996200561523,-0.047701165080070496,0.46485936641693115,0.5201157331466675,-0.053830649703741074,0.4815898835659027,0.5347124934196472,-0.056572236120700836,0.5512121319770813,0.47297629714012146,-0.038689445704221725,0.46537452936172485,0.5152309536933899,-0.05947093665599823,0.48438555002212524,0.5555674433708191,-0.05160810798406601,0.5076063275337219,0.5616065263748169,-0.045093949884176254,0.5531177520751953,0.5140781402587891,-0.0554635189473629,0.48438599705696106,0.5415487885475159,-0.07154824584722519,0.4961334466934204,0.5712347626686096,-0.06651877611875534,0.5163422226905823,0.5771413445472717,-0.06065239757299423
0.5925579071044922,0.6307907104492188,-3.0651770543954626e-07,0.5586615800857544,0.5561216473579407,-0.004131057299673557,0.5038730502128601,0.4999159574508667,-0.023088084533810616,0.4443894922733307,0.48498865962028503,-0.04209424927830696,0.3974221348762512,0.48357826471328735,-0.061093445867300034,0.5299695134162903,0.42849868535995483,-0.039131082594394684,0.44676294922828674,0.4359113574028015,-0.06154557690024376,0.4028896689414978,0.4493500590324402,-0.07162946462631226,0.3724636435508728,0.4603652060031891,-0.07929328829050064,0.5384008288383484,0.46284180879592896,-0.05079435184597969,0.44655585289001465,0.5035319924354553,-0.07284200936555862,0.4627574384212494,0.5322138071060181,-0.07123713940382004,0.48489460349082947,0.5316035151481628,-0.07243380695581436,0.5402715802192688,0.510331392288208,-0.06215285509824753,0.45247992873191833,0.5538290143013,-0.07921410351991653,0.47506216168403625,0.5770604014396667,-0.06631547212600708,0.4990918040275574,0.5696831941604614,-0.060563161969184875,0.5403412580490112,0.5599855184555054,-0.07405493408441544,0.4725055694580078,0.591514527797699,-0.08936024457216263,0.4888937473297119,0.6082578897476196,-0.0837259292602539,0.5096743106842041,0.6028861999511719,-0.08022449165582657
0.6032311916351318,0.6236146688461304,-2.5010226067934127e-07,0.5734050869941711,0.5445820689201355,-0.007274962496012449,0.5185107588768005,0.4911927878856659,-0.028113815933465958,0.45921531319618225,0.47929221391677856,-0.04812965169548988,0.41407573223114014,0.4828333854675293,-0.06833834946155548,0.5285751223564148,0.4299123287200928,-0.048112042248249054,0.44163376092910767,0.4423549175262451,-0.07397230714559555,0.39610743522644043,0.45872604846954346,-0.0845724493265152,0.36395585536956787,0.47292667627334595,-0.09192398190498352,0.5367087125778198,0.469918817281723,-0.05969711393117905,0.44138917326927185,0.5089682340621948,-0.0851520448923111,0.4601995348930359,0.5353460907936096,-0.08275396376848221,0.48415613174438477,0.5318554043769836,-0.08262045681476593,0.5390573740005493,0.520190417766571,-0.07119529694318771,0.447513222694397,0.5629750490188599,-0.09223668277263641,0.4728322923183441,0.5839754343032837,-0.07817190140485764,0.49881452322006226,0.5738179087638855,-0.0705685243010521,0.5405548810958862,0.5712347030639648,-0.08323391526937485,0.46761786937713623,0.6011796593666077,-0.10095441341400146,0.4871775507926941,0.615358829498291,-0.09380622953176498,0.510790228843689,0.6079061627388,-0.08872456848621368
0.6178016662597656,0.6206875443458557,-2.8057584700036386e-07,0.5819013118743896,0.5439051985740662,-0.004605995491147041,0.5256162285804749,0.48824629187583923,-0.025673920288681984,0.464591920375824,0.4790460169315338,-0.04671744257211685,0.41692569851875305,0.484398752450943,-0.06858731806278229,0.5448246598243713,0.4211905300617218,-0.04918375238776207,0.4544782340526581,0.44162535667419434,-0.0738503709435463,0.4075644016265869,0.45539116859436035,-0.08336197584867477,0.37286263704299927,0.46392738819122314,-0.09082724153995514,0.5557770133018494,0.4639946520328522,-0.06253048777580261,0.4541335999965668,0.51156085729599,-0.08837002515792847,0.47669216990470886,0.5340404510498047,-0.08470848202705383,0.5025316476821899,0.5253283977508545,-0.08388309180736542,0.5613073110580444,0.5171281695365906,-0.07509272545576096,0.46149036288261414,0.5623852610588074,-0.09721124172210693,0.4888548254966736,0.5795564651489258,-0.08123594522476196,0.5162138342857361,0.5678312182426453,-0.07214867323637009,0.5649985074996948,0.5708947777748108,-0.08780824393033981,0.4854453206062317,0.5987863540649414,-0.10674182325601578,0.5048157572746277,0.6107794046401978,-0.09857147932052612,0.5301021337509155,0.603600025177002,-0.0925464928150177
0.6555102467536926,0.6242517828941345,-3.1424886515196704e-07,0.607450544834137,0.546380341053009,-0.011569696478545666,0.54399174451828,0.4870228171348572,-0.03666060417890549,0.47837358713150024,0.47549036145210266,-0.06099565699696541,0.4243761897087097,0.46909087896347046,-0.08524880558252335,0.59699547290802,0.39925363659858704,-0.052141230553388596,0.5029234886169434,0.4123755693435669,-0.08821629732847214,0.44662684202194214,0.4271330237388611,-0.11094709485769272,0.4018573760986328,0.4430890679359436,-0.1274726837873459,0.6127007603645325,0.44738340377807617,-0.06521070003509521,0.50055330991745,0.4865089952945709,-0.09925667196512222,0.5225748419761658,0.5134228467941284,-0.1041266992688179,0.5504733324050903,0.5101978182792664,-0.10965348780155182,0.620108425617218,0.5074418187141418,-0.07911757379770279,0.5098433494567871,0.5490520000457764,-0.10828853398561478,0.5398252606391907,0.5677223205566406,-0.09542162716388702,0.5711755156517029,0.5536986589431763,-0.08787760883569717,0.6244308948516846,0.568352460861206,-0.09387003630399704,0.5337331891059875,0.5917646884918213,-0.1171717420220375,0.5529534816741943,0.6056599020957947,-0.10941075533628464,0.5807161927223206,0.5959678292274475,-0.10360641777515411
0.6935198903083801,0.6375179290771484,-3.4713153240772954e-07,0.6315521597862244,0.5496361255645752,-0.014930215664207935,0.5737199783325195,0.4798281788825989,-0.044154055416584015,0.5144782066345215,0.4575223922729492,-0.07186111807823181,0.4594558775424957,0.44396844506263733,-0.09884050488471985,0.6565336585044861,0.38785749673843384,-0.06698672473430634,0.5494762659072876,0.39412325620651245,-0.10826829820871353,0.4922836124897003,0.4110449254512787,-0.12977910041809082,0.44625699520111084,0.42390176653862,-0.14413757622241974,0.6758716106414795,0.44323182106018066,-0.08191933482885361,0.5459933280944824,0.46707022190093994,-0.12032502889633179,0.5664671659469604,0.5078667402267456,-0.12132103741168976,0.5961107611656189,0.5104034543037415,-0.12302955240011215,0.6831479072570801,0.5119835138320923,-0.09776971489191055,0.5567175149917603,0.5458388328552246,-0.13105881214141846,0.586415708065033,0.5749462842941284,-0.11520097404718399,0.6206655502319336,0.561745285987854,-0.10525897145271301,0.6847475171089172,0.5812219977378845,-0.11445657163858414,0.5828380584716797,0.5994268655776978,-0.1405450403690338,0.6014345288276672,0.6180469989776611,-0.13095493614673615,0.6323568820953369,0.6071579456329346,-0.12354529649019241
0.6550186276435852,0.6160510182380676,-3.137174076073279e-07,0.6086510419845581,0.5313843488693237,-0.009098094888031483,0.5535148978233337,0.46332788467407227,-0.03023873269557953,0.4948752820491791,0.4425797462463379,-0.05148978903889656,0.4460483491420746,0.4313717782497406,-0.07189793884754181,0.611046314239502,0.3764960467815399,-0.037311602383852005,0.5174407958984375,0.38462984561920166,-0.06805738061666489,0.4647405445575714,0.39786863327026367,-0.08986455202102661,0.4238623380661011,0.4104962646961212,-0.10529189556837082,0.6212102770805359,0.4221981167793274,-0.04898363724350929,0.5156159996986389,0.4564838707447052,-0.07661204040050507,0.5353291630744934,0.4821542799472809,-0.08268444985151291,0.5602956414222717,0.47916504740715027,-0.08937729150056839,0.6238187551498413,0.4792000651359558,-0.06160480156540871,0.5190247297286987,0.5145561695098877,-0.0826292410492897,0.5458018183708191,0.5356322526931763,-0.07188708335161209,0.5738282203674316,0.5251244306564331,-0.06680888682603836,0.6248688101768494,0.5393408536911011,-0.07551893591880798,0.5407389998435974,0.5559727549552917,-0.09139396995306015,0.55842125415802,0.5711407661437988,-0.08363917469978333,0.5835839509963989,0.5647644996643066,-0.07814707607030869
0.6079114675521851,0.5905461311340332,-3.174546350237506e-07,0.5636904239654541,0.5283882021903992,0.0004284112947061658,0.5230869650840759,0.4835864305496216,-0.012508698739111423,0.48301148414611816,0.4688913822174072,-0.02720898948609829,0.44856908917427063,0.46545329689979553,-0.04188453033566475,0.5519304275512695,0.40031319856643677,-0.01652653142809868,0.48117372393608093,0.4163040220737457,-0.034611403942108154,0.4430778920650482,0.4328952729701996,-0.04817327484488487,0.41510009765625,0.444614976644516,-0.05858520790934563,0.5586733222007751,0.4285297393798828,-0.02895832061767578,0.4758748710155487,0.4562952220439911,-0.04370930790901184,0.47260913252830505,0.4755123555660248,-0.04822126403450966,0.4768076539039612,0.47639864683151245,-0.05495382100343704,0.5607255101203918,0.4672603905200958,-0.04165302589535713,0.48288968205451965,0.5008304119110107,-0.05434783548116684,0.5012576580047607,0.5209980607032776,-0.04736384004354477,0.5224288702011108,0.51922208070755,-0.04530876874923706,0.5616546273231506,0.5096781849861145,-0.05490390211343765,0.4997154474258423,0.5300612449645996,-0.06586223840713501,0.5123392939567566,0.5471330285072327,-0.060678135603666306,0.5308290123939514,0.546485960483551,-0.05763504281640053
0.5994760990142822,0.5498429536819458,-3.2468892641190905e-07,0.5525717735290527,0.506355345249176,0.001259974087588489,0.5145332217216492,0.4690817594528198,-0.00782594084739685,0.4778830409049988,0.45890167355537415,-0.019394241273403168,0.4463973343372345,0.45494937896728516,-0.03021584264934063,0.5411657094955444,0.3829197287559509,-0.0012225687969475985,0.48125138878822327,0.4043506383895874,-0.01861749030649662,0.44818925857543945,0.4214126765727997,-0.03408164530992508,0.4227204918861389,0.43602973222732544,-0.04499633610248566,0.5498116612434387,0.39796096086502075,-0.01193272229284048,0.48287224769592285,0.43651437759399414,-0.02689872495830059,0.4933255910873413,0.4614284932613373,-0.032688044011592865,0.5065744519233704,0.4637526273727417,-0.0378134585916996,0.5548560619354248,0.425086110830307,-0.023953765630722046,0.4910885989665985,0.47036200761795044,-0.03550995513796806,0.5097887516021729,0.4897335171699524,-0.029421646147966385,0.5279054045677185,0.4840203821659088,-0.02643745392560959,0.5579927563667297,0.4595727026462555,-0.036916717886924744,0.5076162219047546,0.4906681776046753,-0.04465095326304436,0.5209739804267883,0.506458580493927,-0.03919811174273491,0.5368061065673828,0.5030022263526917,-0.03528100252151489
0.5967280864715576,0.5457382202148438,-3.338840315336711e-07,0.5462440252304077,0.5075830221176147,0.0012352712219581008,0.5088052153587341,0.46948954463005066,-0.008040759712457657,0.4748394191265106,0.45524877309799194,-0.019705919548869133,0.44175028800964355,0.45001885294914246,-0.030503178015351295,0.5448861718177795,0.3801932632923126,-0.0024994828272610903,0.4864155352115631,0.3996540606021881,-0.02067605033516884,0.45317715406417847,0.41489362716674805,-0.03597095608711243,0.4257814884185791,0.4283582270145416,-0.04672844707965851,0.5562493205070496,0.3925977647304535,-0.01369484979659319,0.4897971749305725,0.43316787481307983,-0.02950870990753174,0.5040220022201538,0.46067291498184204,-0.03391238674521446,0.5199994444847107,0.4631762206554413,-0.03791734576225281,0.5620745420455933,0.41859352588653564,-0.026399707421660423,0.4961134195327759,0.4620662033557892,-0.038739386945962906,0.5138329267501831,0.4866027534008026,-0.030825195834040642,0.5308237671852112,0.4831378757953644,-0.026577426120638847,0.5643699169158936,0.4527401328086853,-0.04010752588510513,0.5109032988548279,0.4821942150592804,-0.0490201860666275,0.5228911638259888,0.500466525554657,-0.043211206793785095,0.5380718111991882,0.4981882572174072,-0.03881354257464409
0.5857488512992859,0.5945967435836792,-3.8771548815930146e-07,0.5403461456298828,0.5779765248298645,0.00392678240314126,0.49715909361839294,0.5391215085983276,0.0007453910075128078,0.4639207720756531,0.5128069519996643,-0.009050662629306316,0.4271540343761444,0.5029547810554504,-0.01927991770207882,0.5195279717445374,0.47199729084968567,0.01875108852982521,0.47788670659065247,0.46303844451904297,0.0029269286897033453,0.4468076825141907,0.46102213859558105,-0.007929819636046886,0.4190746247768402,0.4593036472797394,-0.016198070719838142,0.5340613126754761,0.458400160074234,0.004676460288465023,0.48696327209472656,0.4659162163734436,-0.01858789473772049,0.508051872253418,0.5139197707176208,-0.022562362253665924,0.5282084941864014,0.5173337459564209,-0.01967720501124859,0.5531507134437561,0.44890767335891724,-0.012478259392082691,0.5030398964881897,0.46342283487319946,-0.03702355921268463,0.5270237922668457,0.5091592073440552,-0.027656886726617813,0.5504058003425598,0.5094587206840515,-0.015654711052775383,0.5752913951873779,0.4467022716999054,-0.030155107378959656,0.5295121073722839,0.4542919993400574,-0.045433979481458664,0.5416921377182007,0.48882001638412476,-0.036647945642471313,0.5620253682136536,0.4928189516067505,-0.02703815884888172
0.6004500389099121,0.5974268913269043,-3.348816903780971e-07,0.558842658996582,0.5834676623344421,-0.002757408656179905,0.515060305595398,0.5444985628128052,-0.009797913953661919,0.48160913586616516,0.517666220664978,-0.02167549543082714,0.44381779432296753,0.5049532055854797,-0.03305940702557564,0.5409057140350342,0.4657396972179413,0.013097213581204414,0.49543851613998413,0.4655458629131317,-0.005599636118859053,0.46186667680740356,0.4642341732978821,-0.017330043017864227,0.43400970101356506,0.46498170495033264,-0.025471538305282593,0.5576480627059937,0.4521696865558624,0.00121689448133111,0.5026922225952148,0.4620615541934967,-0.021623551845550537,0.5226036310195923,0.5125068426132202,-0.0233912356197834,0.542281985282898,0.5168653130531311,-0.0185705479234457,0.5777842998504639,0.44474345445632935,-0.014741470105946064,0.5225152373313904,0.4678272604942322,-0.0404205396771431,0.5458342432975769,0.5153460502624512,-0.03005603514611721,0.5676539540290833,0.513752281665802,-0.01705593429505825,0.5985490083694458,0.44652029871940613,-0.03175025433301926,0.5498072504997253,0.46002423763275146,-0.04900806024670601,0.5611711144447327,0.4955541789531708,-0.04062263295054436,0.5802920460700989,0.499094694852829,-0.030818389728665352
0.6242742538452148,0.6201834678649902,-4.4801018361795286e-07,0.5699225664138794,0.5954458713531494,-0.001879140269011259,0.5226853489875793,0.5479286313056946,-0.010106781497597694,0.4825454354286194,0.5191152095794678,-0.02316836640238762,0.4408603310585022,0.5011337995529175,-0.03517470881342888,0.5579493641853333,0.46188053488731384,0.012232939712703228,0.5049525499343872,0.45555758476257324,-0.012201585806906223,0.4664038419723511,0.4563974142074585,-0.031625714153051376,0.430378258228302,0.45979517698287964,-0.04521193727850914,0.5757420659065247,0.44738614559173584,-0.0009585841908119619,0.5133756995201111,0.4655792713165283,-0.02803521603345871,0.5324162244796753,0.5249592661857605,-0.035185523331165314,0.5544878840446472,0.5353442430496216,-0.03515899181365967,0.596501350402832,0.4439542293548584,-0.018199605867266655,0.5322146415710449,0.47548776865005493,-0.043179307132959366,0.5572524070739746,0.5268033146858215,-0.03301379829645157,0.5843877792358398,0.5279340147972107,-0.021738488227128983,0.6165979504585266,0.4536108374595642,-0.03693816810846329,0.5577546954154968,0.47117477655410767,-0.0535406768321991,0.5712395906448364,0.5098820924758911,-0.04414110630750656,0.5935794115066528,0.5152772665023804,-0.03400544449687004
0.6386246681213379,0.6369945406913757,-4.6323677338477864e-07,0.5749420523643494,0.6026061177253723,-0.003380435286089778,0.5244591236114502,0.550473153591156,-0.014998485334217548,0.4826772212982178,0.522870659828186,-0.03145585581660271,0.43589556217193604,0.507103681564331,-0.04661327600479126,0.5740126967430115,0.44125303626060486,0.008483899757266045,0.5069873332977295,0.4485347867012024,-0.016232430934906006,0.46289774775505066,0.451618492603302,-0.03704777732491493,0.4215906858444214,0.4550762474536896,-0.052889447659254074,0.5942950248718262,0.4298965334892273,-0.006405253428965807,0.5174762010574341,0.4670705497264862,-0.03382960706949234,0.5423138737678528,0.5268072485923767,-0.04096505790948868,0.5689906477928162,0.5345999598503113,-0.04242030531167984,0.6154465079307556,0.437156081199646,-0.02526376023888588,0.5377230048179626,0.4848451018333435,-0.04819547384977341,0.5639740824699402,0.534906268119812,-0.03565913438796997,0.5909137725830078,0.5325832366943359,-0.02492036670446396,0.6327743530273438,0.4609338641166687,-0.04648701101541519,0.5667489767074585,0.48824167251586914,-0.06238464638590813,0.5797629952430725,0.5255154967308044,-0.05266359820961952,0.6020122766494751,0.5283917784690857,-0.043287601321935654
0.666641116142273,0.6190962195396423,-4.6214634608077176e-07,0.6057663559913635,0.5810807943344116,-0.008290547877550125,0.5560327172279358,0.5251781344413757,-0.021198850125074387,0.5145343542098999,0.4917996823787689,-0.03844921663403511,0.4697939157485962,0.4701787531375885,-0.053610946983098984,0.602729320526123,0.416469007730484,0.007040024735033512,0.5397188067436218,0.41535520553588867,-0.021217254921793938,0.4978145956993103,0.41812509298324585,-0.04297725111246109,0.45910316705703735,0.42287585139274597,-0.05788467824459076,0.6240558624267578,0.4057350158691406,-0.00537412753328681,0.5521753430366516,0.44136667251586914,-0.03435196354985237,0.5773342251777649,0.5008910298347473,-0.04069340229034424,0.6044154167175293,0.5055201053619385,-0.04102291911840439,0.6470674276351929,0.41232118010520935,-0.02298731729388237,0.5756866931915283,0.4585094749927521,-0.04859044775366783,0.5995413064956665,0.5105288028717041,-0.036028388887643814,0.6248250007629395,0.5088148713111877,-0.02420436590909958,0.6678717136383057,0.435249000787735,-0.043449971824884415,0.6075137257575989,0.4618135690689087,-0.05974511057138443,0.6181613206863403,0.5007272362709045,-0.04998652637004852,0.6384159326553345,0.5048801898956299,-0.04014667496085167
0.6703454256057739,0.6147764325141907,-4.3451211695355596e-07,0.6097397804260254,0.5779299139976501,-0.007353622000664473,0.5605313777923584,0.521202564239502,-0.01966851018369198,0.520802915096283,0.4865606427192688,-0.036408524960279465,0.4769939184188843,0.4643166959285736,-0.051334936171770096,0.6061724424362183,0.41444507241249084,0.008824619464576244,0.5456573367118835,0.41386738419532776,-0.018244033679366112,0.5050618648529053,0.41453713178634644,-0.03937695175409317,0.4669283628463745,0.4175105094909668,-0.054158806800842285,0.6286916732788086,0.40388423204421997,-0.004020671360194683,0.558275580406189,0.43594786524772644,-0.03269363194704056,0.5823704600334167,0.4960036873817444,-0.03913974016904831,0.609167754650116,0.5010820627212524,-0.03924064338207245,0.652183473110199,0.4101347029209137,-0.021966982632875443,0.5816746950149536,0.4539414644241333,-0.04772685840725899,0.6046231985092163,0.5060955286026001,-0.03543386980891228,0.6297895908355713,0.5039806962013245,-0.02360914833843708,0.6727073192596436,0.43252554535865784,-0.04252755269408226,0.6120599508285522,0.4576277732849121,-0.05904541537165642,0.6231481432914734,0.4973479211330414,-0.0490272231400013,0.6440751552581787,0.5009068846702576,-0.03892715275287628
0.6693503260612488,0.6171737313270569,-4.392354071569571e-07,0.6079323887825012,0.5805873870849609,-0.005870628170669079,0.5575006008148193,0.5222976207733154,-0.01757899858057499,0.5177109837532043,0.48703378438949585,-0.03419702127575874,0.4732387065887451,0.46536192297935486,-0.04914223775267601,0.6046019196510315,0.417593777179718,0.010376643389463425,0.5448734760284424,0.4165971875190735,-0.01710963435471058,0.5031794905662537,0.4170246124267578,-0.038521599024534225,0.46361833810806274,0.4197791814804077,-0.05371147394180298,0.6275593638420105,0.4069271683692932,-0.003625202225521207,0.5566224455833435,0.4371735751628876,-0.033352866768836975,0.5809836983680725,0.4975024461746216,-0.03994746878743172,0.608159601688385,0.5018295049667358,-0.03992205113172531,0.6512057781219482,0.4125722646713257,-0.02276509627699852,0.5798349380493164,0.45562565326690674,-0.048777367919683456,0.6037399172782898,0.5063185691833496,-0.036153294146060944,0.6300272345542908,0.5023839473724365,-0.024202419444918633,0.6709684133529663,0.43431857228279114,-0.044496823102235794,0.6091676354408264,0.4595505893230438,-0.061445411294698715,0.6214127540588379,0.498555064201355,-0.05164705961942673,0.6436309814453125,0.50026935338974,-0.04183724895119667
0.6489786505699158,0.6278895735740662,-4.7567553451699496e-07,0.5848895311355591,0.5886774659156799,-0.0018773182528093457,0.5349488854408264,0.5309119820594788,-0.012140280567109585,0.4956204891204834,0.4992000162601471,-0.02737949602305889,0.45115038752555847,0.48122045397758484,-0.041367411613464355,0.5874892473220825,0.4267401695251465,0.00849552359431982,0.5232597589492798,0.428730309009552,-0.017523357644677162,0.48128950595855713,0.4333750903606415,-0.03811584413051605,0.44256091117858887,0.4391723573207855,-0.05287673696875572,0.6078327894210815,0.41678184270858765,-0.0064836954697966576,0.5316078662872314,0.44767847657203674,-0.03446551784873009,0.5552608370780945,0.5093837380409241,-0.040438976138830185,0.5830689072608948,0.5169553756713867,-0.041095979511737823,0.6276581287384033,0.42459166049957275,-0.025525592267513275,0.5516414642333984,0.46665963530540466,-0.048988938331604004,0.5745909214019775,0.5171348452568054,-0.036284152418375015,0.6013535261154175,0.5169119834899902,-0.025398313999176025,0.6423622965812683,0.4483295679092407,-0.0466885045170784,0.5777809619903564,0.47472888231277466,-0.06299187988042831,0.5894562602043152,0.5104883909225464,-0.0540805384516716,0.6117988228797913,0.5133729577064514,-0.04530005156993866
0.6352120637893677,0.6270239353179932,-4.328117597651726e-07,0.5708136558532715,0.5937765836715698,-0.003978702239692211,0.5202603936195374,0.5427666902542114,-0.015759458765387535,0.47928595542907715,0.5148012042045593,-0.03197266906499863,0.43592625856399536,0.49784937500953674,-0.0464736744761467,0.5702938437461853,0.4380676746368408,0.007569996174424887,0.5046738386154175,0.4441154897212982,-0.017909623682498932,0.46354785561561584,0.4497787654399872,-0.03903363645076752,0.4247351884841919,0.45586350560188293,-0.05417243763804436,0.5877161622047424,0.4278383255004883,-0.005957468878477812,0.5128026008605957,0.4628264307975769,-0.033515240997076035,0.5366736054420471,0.5189601182937622,-0.04076561704277992,0.562541127204895,0.5257471203804016,-0.04239144176244736,0.6044986248016357,0.4346488118171692,-0.0235638115555048,0.5300159454345703,0.4787823557853699,-0.04593368619680405,0.5555375218391418,0.5244553685188293,-0.0345827117562294,0.5828641057014465,0.522276759147644,-0.02471758984029293,0.61626136302948,0.4561885595321655,-0.04347984492778778,0.5532031059265137,0.4843703508377075,-0.05867837741971016,0.5670228600502014,0.517996609210968,-0.0504005029797554,0.589905858039856,0.5191460847854614,-0.042200859636068344
0.6347907185554504,0.6267539858818054,-4.1249751348004793e-07,0.570517361164093,0.5921735167503357,-0.0027233127038925886,0.5214458703994751,0.5436367392539978,-0.013912471942603588,0.4807482957839966,0.5168694853782654,-0.03028707206249237,0.4378979206085205,0.4988592267036438,-0.04543592780828476,0.5651936531066895,0.44213762879371643,0.011886381544172764,0.5050507187843323,0.4456571936607361,-0.012283333577215672,0.4650920331478119,0.45073240995407104,-0.03315458819270134,0.4270865023136139,0.4577971398830414,-0.04852193966507912,0.5826809406280518,0.43014001846313477,-0.0025124785024672747,0.5110651850700378,0.4600381851196289,-0.02971518784761429,0.5314623117446899,0.513012707233429,-0.038805436342954636,0.552520215511322,0.520023763179779,-0.04143905267119408,0.6006178855895996,0.43422558903694153,-0.020923487842082977,0.530693769454956,0.47760140895843506,-0.04465766251087189,0.5565849542617798,0.5239466428756714,-0.03533071652054787,0.5823992490768433,0.5227488875389099,-0.025920281186699867,0.6143001317977905,0.4540925621986389,-0.04131317138671875,0.5549187064170837,0.48427748680114746,-0.056847382336854935,0.5700827240943909,0.5185151696205139,-0.04883117228746414,0.5928110480308533,0.5194330215454102,-0.040696416050195694
0.6305553913116455,0.6321831941604614,-3.8438943761320843e-07,0.5676396489143372,0.5956873297691345,-0.004249196033924818,0.5186866521835327,0.5438116788864136,-0.01704811491072178,0.47806787490844727,0.5166013240814209,-0.03451044484972954,0.4350804090499878,0.5002453923225403,-0.0501994714140892,0.567922830581665,0.4428013563156128,0.008152659051120281,0.5041466951370239,0.44747284054756165,-0.01722853071987629,0.46364977955818176,0.4532117247581482,-0.03802194446325302,0.42524564266204834,0.4613451063632965,-0.0527539886534214,0.5842443704605103,0.43077293038368225,-0.004848011769354343,0.5134385824203491,0.4667021632194519,-0.030575938522815704,0.5396220684051514,0.5185490846633911,-0.03660457581281662,0.5661551356315613,0.51957106590271,-0.03773093968629837,0.5996434688568115,0.43615663051605225,-0.02209128811955452,0.5283618569374084,0.4792858362197876,-0.042482491582632065,0.5528937578201294,0.5233826637268066,-0.03042813017964363,0.5784738063812256,0.5186569094657898,-0.0207205917686224,0.6092455387115479,0.4572180211544037,-0.041775014251470566,0.5495964884757996,0.4894655644893646,-0.0549762137234211,0.5649094581604004,0.5217475295066833,-0.04606186971068382,0.5876252055168152,0.5207771062850952,-0.037948496639728546
0.5968371033668518,0.6444417238235474,-4.995957283426833e-07,0.5259377956390381,0.6105555295944214,0.004434100352227688,0.48080772161483765,0.5633682012557983,-0.005135827232152224,0.44182121753692627,0.5388792157173157,-0.020401019603013992,0.4007054269313812,0.5236297845840454,-0.03418075293302536,0.5275982022285461,0.4472576677799225,0.010267689824104309,0.45787426829338074,0.4533727765083313,-0.016105489805340767,0.4159731864929199,0.46907126903533936,-0.03829968348145485,0.37781715393066406,0.48223215341567993,-0.05267901346087456,0.5437643527984619,0.4432309865951538,-0.006583536509424448,0.46668508648872375,0.48338833451271057,-0.03438059240579605,0.48812007904052734,0.5337862372398376,-0.04341745376586914,0.5123344659805298,0.5443592667579651,-0.04620320349931717,0.555850625038147,0.45501282811164856,-0.026386544108390808,0.4787306785583496,0.5026980638504028,-0.04590887948870659,0.503375232219696,0.5468354821205139,-0.03529884293675423,0.5288665294647217,0.5479340553283691,-0.026644306257367134,0.563145637512207,0.4806745946407318,-0.047801461070775986,0.501460611820221,0.5172909498214722,-0.06008053943514824,0.5188546776771545,0.5497979521751404,-0.05179295688867569,0.542249858379364,0.5508384704589844,-0.04375063255429268
0.5550190806388855,0.6576786637306213,-4.861615821027954e-07,0.48767951130867004,0.6338910460472107,-0.0037236243952065706,0.44119811058044434,0.5838832855224609,-0.012966480106115341,0.4000093936920166,0.5565711855888367,-0.025120871141552925,0.3585357367992401,0.5462880730628967,-0.0336189791560173,0.4973301291465759,0.471216082572937,0.006403950974345207,0.42788389325141907,0.5000665187835693,-0.018061675131320953,0.42547231912612915,0.5438175201416016,-0.038268644362688065,0.4247015714645386,0.5576760172843933,-0.05176898464560509,0.5090574622154236,0.46596571803092957,-0.005189893767237663,0.42897868156433105,0.5086156129837036,-0.02727324888110161,0.45116186141967773,0.5541354417800903,-0.03269250690937042,0.47469159960746765,0.5543594360351562,-0.03531777858734131,0.5173107981681824,0.4773279130458832,-0.020650455728173256,0.4374758005142212,0.5175945162773132,-0.03856485337018967,0.46124619245529175,0.5624080896377563,-0.027608219534158707,0.4862731397151947,0.5610874891281128,-0.019561419263482094,0.5208922624588013,0.5022012591362,-0.03831943869590759,0.4575796127319336,0.5354254841804504,-0.05312080681324005,0.4729051887989044,0.5677714943885803,-0.04752820357680321,0.4955821931362152,0.5681496858596802,-0.041163597255945206
0.49306413531303406,0.6357840895652771,-6.361970577017928e-07,0.4172956347465515,0.5959451198577881,0.016001738607883453,0.3675856590270996,0.5469598770141602,0.012430967763066292,0.3232020139694214,0.5200223922729492,0.0013013721909373999,0.27872031927108765,0.5068122744560242,-0.01042657159268856,0.4308197796344757,0.42621076107025146,0.019198644906282425,0.34891220927238464,0.4339316487312317,-0.00012904936738777906,0.30540066957473755,0.44809049367904663,-0.019004587084054947,0.27045631408691406,0.4538017511367798,-0.032836008816957474,0.44007131457328796,0.42270296812057495,-0.002469827188178897,0.3455907106399536,0.4567422866821289,-0.026422109454870224,0.3598964214324951,0.5139902234077454,-0.0351017490029335,0.3843580484390259,0.5403828620910645,-0.03875073418021202,0.44171905517578125,0.43612295389175415,-0.02548632025718689,0.34792935848236084,0.473138689994812,-0.04498029500246048,0.3713689148426056,0.5293298363685608,-0.03712889179587364,0.40168312191963196,0.5491171479225159,-0.030265532433986664,0.4391267001628876,0.46256259083747864,-0.04862242192029953,0.36366432905197144,0.4921436011791229,-0.06526270508766174,0.3784255385398865,0.5324905514717102,-0.06067608296871185,0.40344610810279846,0.5478820204734802,-0.05477047339081764
0.4490373432636261,0.5830756425857544,-6.568926096406358e-07,0.3581828773021698,0.5447754859924316,0.013065527193248272,0.2903314530849457,0.4894573986530304,0.010685143060982227,0.23474903404712677,0.459880530834198,0.0006221858784556389,0.18187199532985687,0.44695979356765747,-0.00658821128308773,0.35235583782196045,0.35108324885368347,0.03256029263138771,0.2680436372756958,0.3882666230201721,0.014108382165431976,0.2684383988380432,0.4455697238445282,-0.0048799640499055386,0.27430999279022217,0.47281357645988464,-0.017064159736037254,0.3584364056587219,0.3466974198818207,0.012146424502134323,0.2649878263473511,0.39556705951690674,-0.007002690806984901,0.29138582944869995,0.4562780261039734,-0.015611203387379646,0.31937193870544434,0.47924190759658813,-0.018816694617271423,0.3586842119693756,0.36132264137268066,-0.01105266623198986,0.2627726197242737,0.4059152603149414,-0.028473403304815292,0.29842525720596313,0.4628845751285553,-0.020279597491025925,0.33483946323394775,0.4781286120414734,-0.012122269719839096,0.3531356453895569,0.39054715633392334,-0.034813042730093,0.27388298511505127,0.4222751259803772,-0.05001848563551903,0.29511576890945435,0.46299320459365845,-0.043752629309892654,0.32586580514907837,0.47530707716941833,-0.03533725067973137
0.43040865659713745,0.5603718161582947,-6.990539986873046e-07,0.32264021039009094,0.5110198259353638,0.024880392476916313,0.25438258051872253,0.45337411761283875,0.020666711032390594,0.19468249380588531,0.4242238998413086,0.0046118781901896,0.13891178369522095,0.40391504764556885,-0.009747414849698544,0.3240852355957031,0.3024337589740753,0.0404658168554306,0.21498015522956848,0.3284916281700134,0.019807159900665283,0.180095836520195,0.360106885433197,0.0003574664006009698,0.15003350377082825,0.3639821708202362,-0.013541745021939278,0.3335980772972107,0.29814356565475464,0.010616806335747242,0.22036239504814148,0.36112549901008606,-0.020205983892083168,0.2558656632900238,0.42174190282821655,-0.03131462261080742,0.29281318187713623,0.43195658922195435,-0.03436688706278801,0.3338129222393036,0.3138188123703003,-0.021415790542960167,0.22630509734153748,0.37379521131515503,-0.04358033463358879,0.2660723924636841,0.4278241693973541,-0.03320857509970665,0.3075368404388428,0.4266811013221741,-0.023632649332284927,0.3250959813594818,0.34115874767303467,-0.053470417857170105,0.2411561906337738,0.38145899772644043,-0.0672285184264183,0.2683199346065521,0.4242967367172241,-0.05859171971678734,0.3039572834968567,0.42811712622642517,-0.04946329817175865
0.430713415145874,0.5612481236457825,-7.44050510093075e-07,0.31605225801467896,0.504912257194519,0.026801498606801033,0.24249878525733948,0.4424654245376587,0.023032817989587784,0.1805347502231598,0.4124237298965454,0.005806118715554476,0.12022267282009125,0.38957059383392334,-0.010852154344320297,0.31218093633651733,0.2802480459213257,0.050453394651412964,0.20438224077224731,0.2975115478038788,0.029155218973755836,0.14722596108913422,0.31417834758758545,0.006456409115344286,0.0977419912815094,0.31826910376548767,-0.011242344044148922,0.32590997219085693,0.27373820543289185,0.016919134184718132,0.20796123147010803,0.33185315132141113,-0.014290179125964642,0.23790405690670013,0.40087494254112244,-0.026958847418427467,0.2730010747909546,0.4196568429470062,-0.031270582228899,0.33108261227607727,0.2903353273868561,-0.019480343908071518,0.21542927622795105,0.3547062277793884,-0.043517306447029114,0.25648096203804016,0.41814103722572327,-0.03217703849077225,0.2991953492164612,0.42259544134140015,-0.02209603786468506,0.3294598460197449,0.32375219464302063,-0.056143682450056076,0.23726102709770203,0.3746519088745117,-0.0723218247294426,0.26762503385543823,0.4230109453201294,-0.06231416016817093,0.3062945008277893,0.4260225296020508,-0.052256472408771515
0.513482928276062,0.5827208757400513,-7.74358511534956e-07,0.402676522731781,0.5147912502288818,0.012210388667881489,0.3264523446559906,0.4388679563999176,-0.000586255919188261,0.2587631642818451,0.40247464179992676,-0.024296538904309273,0.19187608361244202,0.38226014375686646,-0.046651970595121384,0.4028099477291107,0.2730381190776825,0.023051626980304718,0.2864076495170593,0.28921419382095337,-0.012350769713521004,0.22263845801353455,0.3051505982875824,-0.0424770712852478,0.16799522936344147,0.30862751603126526,-0.06444554775953293,0.42494887113571167,0.27033472061157227,-0.007382831536233425,0.2961072325706482,0.33277225494384766,-0.04934943467378616,0.32769614458084106,0.408352255821228,-0.06252985447645187,0.3648953139781952,0.4248976409435272,-0.0678967759013176,0.44007158279418945,0.2961602807044983,-0.04194732382893562,0.3156319260597229,0.359365850687027,-0.07574795931577682,0.35170358419418335,0.4296892285346985,-0.060653287917375565,0.392480731010437,0.43852540850639343,-0.04776190593838692,0.4460180401802063,0.34141677618026733,-0.07838085293769836,0.3512260615825653,0.3770291209220886,-0.1018659695982933,0.368913471698761,0.42530277371406555,-0.09198442101478577,0.40032631158828735,0.43455952405929565,-0.08187223225831985
0.6153991222381592,0.5851102471351624,-7.519734026573133e-07,0.514013946056366,0.5145094394683838,-0.0018325367709621787,0.4399528503417969,0.4284058213233948,-0.019857730716466904,0.3718901574611664,0.3831636309623718,-0.04652927443385124,0.30399107933044434,0.3568664789199829,-0.07125119119882584,0.5114883184432983,0.2666947543621063,0.011362371034920216,0.4027450680732727,0.27689072489738464,-0.027677711099386215,0.3462854027748108,0.2839074432849884,-0.05579138174653053,0.29527023434638977,0.28248131275177,-0.07569003105163574,0.5441033840179443,0.2565230131149292,-0.013244304805994034,0.42664003372192383,0.3061676621437073,-0.053635187447071075,0.46034252643585205,0.39271920919418335,-0.05954587832093239,0.4986273944377899,0.3971359431743622,-0.05887775495648384,0.5757033824920654,0.2772626280784607,-0.04382387921214104,0.4615767300128937,0.3378731906414032,-0.07933840900659561,0.4907118082046509,0.4150805175304413,-0.05949394777417183,0.5288996696472168,0.41166457533836365,-0.04290531203150749,0.5988726615905762,0.3208681344985962,-0.07735379040241241,0.5074966549873352,0.3585048019886017,-0.10075954347848892,0.5209630727767944,0.41244301199913025,-0.0872756838798523,0.5540292263031006,0.415358304977417,-0.0746576339006424
0.6813642382621765,0.584502637386322,-7.02934244145581e-07,0.5899699330329895,0.5279978513717651,-0.01611785776913166,0.5188285708427429,0.4389384090900421,-0.03707154840230942,0.4570481777191162,0.384965717792511,-0.06220070645213127,0.38965949416160583,0.35267749428749084,-0.08336193859577179,0.595116376876831,0.271395742893219,-0.0013790526427328587,0.4930773973464966,0.2747544050216675,-0.047409385442733765,0.4315374791622162,0.2850184440612793,-0.08147401362657547,0.374197781085968,0.28818514943122864,-0.10436419397592545,0.6297174692153931,0.262606143951416,-0.017705721780657768,0.5162325501441956,0.31720608472824097,-0.0637906938791275,0.5500707626342773,0.40685325860977173,-0.07332534343004227,0.589542031288147,0.41296663880348206,-0.07455244660377502,0.6656018495559692,0.28666219115257263,-0.04122801125049591,0.5567967891693115,0.3523091673851013,-0.07910429686307907,0.5842458009719849,0.42919299006462097,-0.05814943090081215,0.618170976638794,0.42547425627708435,-0.0402497798204422,0.6947795152664185,0.33498814702033997,-0.06934796273708344,0.6083465218544006,0.37310266494750977,-0.09441010653972626,0.619382381439209,0.42383748292922974,-0.08082938194274902,0.6480754017829895,0.42399847507476807,-0.06688950955867767
0.7507749795913696,0.6215170621871948,-7.356657079071738e-07,0.6695857048034668,0.5604731440544128,-0.016919881105422974,0.5966336727142334,0.4627936780452728,-0.04056162014603615,0.5385580658912659,0.409501850605011,-0.06779131293296814,0.47590938210487366,0.37184274196624756,-0.09086678177118301,0.6832649111747742,0.306938111782074,-0.015338090248405933,0.5888141393661499,0.2967827022075653,-0.06592701375484467,0.5241200923919678,0.30472391843795776,-0.10026172548532486,0.46176135540008545,0.30949246883392334,-0.12193367630243301,0.7248309254646301,0.3039000630378723,-0.03114299289882183,0.6095178723335266,0.3530994653701782,-0.07740248739719391,0.6398847699165344,0.4525807797908783,-0.08217873424291611,0.6812626123428345,0.4597964286804199,-0.08003831654787064,0.7654564380645752,0.3302497863769531,-0.05412568897008896,0.650246798992157,0.39269644021987915,-0.0908646434545517,0.6805412173271179,0.47396036982536316,-0.0660451278090477,0.7196775674819946,0.46616849303245544,-0.04650091752409935,0.8018435835838318,0.3781241774559021,-0.08167663216590881,0.7073560357093811,0.40918779373168945,-0.10639457404613495,0.7179132103919983,0.4667164385318756,-0.08974334597587585,0.7478543519973755,0.4680894911289215,-0.07387396693229675
0.7410085797309875,0.6487709283828735,-7.470833907063934e-07,0.6604166626930237,0.5925947427749634,-0.016777699813246727,0.5883511900901794,0.49619340896606445,-0.03840741142630577,0.5331494212150574,0.44432106614112854,-0.06303786486387253,0.47025197744369507,0.4145451784133911,-0.08397228270769119,0.6766776442527771,0.3383442461490631,-0.014091787859797478,0.5837697386741638,0.3342168927192688,-0.06113772466778755,0.5212541818618774,0.347923219203949,-0.09473466128110886,0.4626047611236572,0.3579254448413849,-0.1167282685637474,0.719515860080719,0.3357903063297272,-0.02895454317331314,0.6018694639205933,0.3918134272098541,-0.07141108065843582,0.6311230659484863,0.48527419567108154,-0.076771080493927,0.6723869442939758,0.4902299642562866,-0.07642585039138794,0.758179783821106,0.3651190400123596,-0.050618354231119156,0.6397427320480347,0.43211185932159424,-0.08422750979661942,0.6681434512138367,0.5061237812042236,-0.061040088534355164,0.7056623101234436,0.49815061688423157,-0.04352772235870361,0.7899879813194275,0.41633209586143494,-0.07684105634689331,0.6937220692634583,0.45077991485595703,-0.10074909776449203,0.7042014002799988,0.501096785068512,-0.08614444732666016,0.7336885929107666,0.5004789233207703,-0.07218898832798004
0.7290603518486023,0.6623486876487732,-6.390073963302711e-07,0.6481124758720398,0.612195611000061,-0.009163780137896538,0.5807079076766968,0.5306425094604492,-0.025062715634703636,0.5285747647285461,0.49147680401802063,-0.04550332948565483,0.47143641114234924,0.46938154101371765,-0.06343324482440948,0.6507492661476135,0.39235687255859375,-0.0016899771289899945,0.5695720911026001,0.39652711153030396,-0.03899099677801132,0.5138696432113647,0.4078229069709778,-0.06797102838754654,0.4607974588871002,0.41842514276504517,-0.08721183985471725,0.6834713220596313,0.38661691546440125,-0.017540212720632553,0.5900508761405945,0.4407898187637329,-0.05264810845255852,0.6185593008995056,0.5162417888641357,-0.060793302953243256,0.6529130339622498,0.5236024260520935,-0.06318490207195282,0.7146466970443726,0.40799620747566223,-0.038740381598472595,0.6165651679039001,0.4699961841106415,-0.06724928319454193,0.6456776857376099,0.5330380797386169,-0.05190320312976837,0.6781367659568787,0.5287914276123047,-0.039577383548021317,0.7395912408828735,0.45008575916290283,-0.06329367309808731,0.6584259867668152,0.48132795095443726,-0.0814734697341919,0.6707860231399536,0.5255415439605713,-0.06873760372400284,0.6961535811424255,0.5274708271026611,-0.05687318742275238
0.7078102827072144,0.6502481698989868,-5.056600116404297e-07,0.6353107690811157,0.6140152215957642,-0.007270011119544506,0.5757316946983337,0.5530484914779663,-0.021211672574281693,0.5268320441246033,0.5221335887908936,-0.039536282420158386,0.4753929376602173,0.5046048760414124,-0.05580812692642212,0.631983757019043,0.42938899993896484,0.0020354031585156918,0.5570420026779175,0.4399716556072235,-0.030121924355626106,0.5087030529975891,0.4482975900173187,-0.05513913556933403,0.46458783745765686,0.4559099078178406,-0.07285787910223007,0.6568891406059265,0.41983047127723694,-0.013064390979707241,0.5718668699264526,0.46415072679519653,-0.04773790389299393,0.5979743003845215,0.5266894102096558,-0.05680022016167641,0.6289162635803223,0.5328092575073242,-0.05893136188387871,0.6814478039741516,0.43294456601142883,-0.03291540592908859,0.5973982810974121,0.4895848333835602,-0.06172759830951691,0.623435914516449,0.5413854122161865,-0.04915253445506096,0.6533088088035583,0.5361009836196899,-0.03766900673508644,0.7014869451522827,0.4638012647628784,-0.05560833960771561,0.6334992051124573,0.4977644681930542,-0.07495834678411484,0.6450960636138916,0.5346910953521729,-0.06632883846759796,0.6682778596878052,0.5341588854789734,-0.05730219930410385
0.679387629032135,0.6229000091552734,-3.8267111790446506e-07,0.6168089509010315,0.5859978199005127,-0.0012133597629144788,0.5706831216812134,0.5373940467834473,-0.009899458847939968,0.5296745896339417,0.5102230906486511,-0.023991059511899948,0.48801514506340027,0.4930001497268677,-0.03671484440565109,0.6162741184234619,0.43956130743026733,0.01724669337272644,0.5580344796180725,0.44148707389831543,-0.004296156112104654,0.5213336944580078,0.4501417577266693,-0.022956646978855133,0.48541945219039917,0.456277996301651,-0.036284949630498886,0.6293514370918274,0.4288656413555145,0.003204870503395796,0.5535914301872253,0.4488825798034668,-0.017967870458960533,0.5487299561500549,0.4816511571407318,-0.02719358168542385,0.5439572334289551,0.4703448712825775,-0.03230592980980873,0.6442546248435974,0.4322320222854614,-0.014896029606461525,0.5740570425987244,0.4696110188961029,-0.036543071269989014,0.5980218648910522,0.5147143006324768,-0.030075542628765106,0.6214163303375244,0.5116595029830933,-0.023053575307130814,0.6553593873977661,0.4495866298675537,-0.034686025232076645,0.5994919538497925,0.47712913155555725,-0.048778921365737915,0.6140633821487427,0.5089439749717712,-0.042171407490968704,0.6358796954154968,0.5089159607887268,-0.03556543216109276
0.6584729552268982,0.6152772307395935,-3.354613511419302e-07,0.6029126048088074,0.5849201679229736,-0.0014611069345846772,0.5624518394470215,0.5441898703575134,-0.008847362361848354,0.5255796313285828,0.5217155814170837,-0.021109098568558693,0.4891304075717926,0.5053074955940247,-0.032636433839797974,0.5981814861297607,0.45943278074264526,0.016370408236980438,0.5480128526687622,0.4580036401748657,-0.0031400099396705627,0.5135442614555359,0.4628659188747406,-0.02108253538608551,0.4807667136192322,0.4686420261859894,-0.033646807074546814,0.6103085875511169,0.44644033908843994,0.0043235174380242825,0.5465699434280396,0.45780065655708313,-0.01437724381685257,0.5357037782669067,0.48536813259124756,-0.02495349571108818,0.5272512435913086,0.48045605421066284,-0.030931025743484497,0.6251842975616455,0.44672518968582153,-0.01124747283756733,0.5664028525352478,0.47980955243110657,-0.030424531549215317,0.5862742066383362,0.519464373588562,-0.027981450781226158,0.6076902747154236,0.5185982584953308,-0.023544153198599815,0.6366670727729797,0.4602805972099304,-0.02818608097732067,0.5879734754562378,0.4854218363761902,-0.0397888608276844,0.6003378033638,0.5138433575630188,-0.034657325595617294,0.6200380921363831,0.5150912404060364,-0.02933955378830433
0.6304531097412109,0.634168267250061,-3.725478165961249e-07,0.581834077835083,0.6147876977920532,0.0002617338905110955,0.542508065700531,0.5782291293144226,-0.004004381131380796,0.5114037990570068,0.5574632883071899,-0.012754179537296295,0.478733092546463,0.5478416681289673,-0.020517408847808838,0.5660598874092102,0.5037175416946411,0.014793983660638332,0.5246888995170593,0.5018228888511658,-0.0029902388341724873,0.49667298793792725,0.5079086422920227,-0.017695792019367218,0.4694325923919678,0.514538586139679,-0.02801482193171978,0.5789394974708557,0.49126943945884705,0.003890418913215399,0.5341877937316895,0.5143513679504395,-0.01696624979376793,0.5562171936035156,0.5536482930183411,-0.022969819605350494,0.5760397911071777,0.5559049248695374,-0.023857902735471725,0.5947405099868774,0.48684394359588623,-0.010299941524863243,0.5499691963195801,0.5165767073631287,-0.029039673507213593,0.5700623393058777,0.5536222457885742,-0.021426845341920853,0.5886879563331604,0.5520088076591492,-0.013300750404596329,0.611236035823822,0.4925900995731354,-0.02582232654094696,0.5717750787734985,0.5126741528511047,-0.03678681328892708,0.5822948217391968,0.5411640405654907,-0.02973649464547634,0.5982311964035034,0.542171835899353,-0.022738559171557426
0.624648928642273,0.6405910849571228,-3.560131176527648e-07,0.5761102437973022,0.6227260828018188,0.0010131698800250888,0.537817120552063,0.5890507102012634,-0.004504741635173559,0.506708025932312,0.5685230493545532,-0.014722021296620369,0.47501859068870544,0.5572292804718018,-0.024052048102021217,0.5618325471878052,0.5131275057792664,0.014493747614324093,0.519288182258606,0.5111485719680786,-0.0036462557036429644,0.4896939694881439,0.5173918604850769,-0.01854068972170353,0.4625421166419983,0.5265858769416809,-0.028848446905612946,0.57407146692276,0.5002259016036987,0.0032144268043339252,0.5280249118804932,0.5242703557014465,-0.017594465985894203,0.5497788190841675,0.5629916191101074,-0.023406896740198135,0.5707892179489136,0.5632238984107971,-0.0241092499345541,0.5884517431259155,0.4959867298603058,-0.011277982965111732,0.5424582958221436,0.5262261629104614,-0.02954176813364029,0.5619734525680542,0.5623036026954651,-0.021598495543003082,0.5814855098724365,0.5587643384933472,-0.013531973585486412,0.602562665939331,0.5024663805961609,-0.02700832299888134,0.5609290599822998,0.5267097353935242,-0.03830503299832344,0.5729469060897827,0.5548793077468872,-0.03137367591261864,0.5906100869178772,0.5536290407180786,-0.024478793144226074
0.5986602902412415,0.6968391537666321,-3.9867884993327607e-07,0.543935239315033,0.6834847331047058,-0.0015135733410716057,0.5013556480407715,0.6461939811706543,-0.005811802111566067,0.46962106227874756,0.6251399517059326,-0.013777142390608788,0.43831348419189453,0.6180043816566467,-0.02079562284052372,0.527048647403717,0.5601948499679565,0.01471417024731636,0.4795161187648773,0.5732406973838806,-0.0021288052666932344,0.44541794061660767,0.5881436467170715,-0.01861588843166828,0.4168051481246948,0.6012118458747864,-0.030627893283963203,0.5380023717880249,0.5471407175064087,0.00438269879668951,0.48918554186820984,0.585722029209137,-0.013625452294945717,0.5111072063446045,0.621442973613739,-0.020994175225496292,0.5315040349960327,0.6243201494216919,-0.023706112056970596,0.5507535338401794,0.547666072845459,-0.009130740538239479,0.5017741918563843,0.594397783279419,-0.02290566824376583,0.5229399800300598,0.6242353916168213,-0.016623545438051224,0.5421459078788757,0.6209263205528259,-0.011369802057743073,0.5633652806282043,0.5601866245269775,-0.024603672325611115,0.5198456645011902,0.5983280539512634,-0.035053402185440063,0.5339877605438232,0.6244567036628723,-0.029828613623976707,0.5508584380149841,0.6247268915176392,-0.02434139885008335
0.5835099220275879,0.7377663254737854,-4.0153923919206136e-07,0.5236697196960449,0.7179749608039856,0.005627234932035208,0.48344212770462036,0.6841392517089844,0.0020946345757693052,0.451835572719574,0.6701934337615967,-0.006343434099107981,0.4199037551879883,0.6661791801452637,-0.01406993716955185,0.5141267776489258,0.5939755439758301,0.01853898912668228,0.46209871768951416,0.6104510426521301,0.0027936820406466722,0.43203306198120117,0.6250236630439758,-0.012922038324177265,0.40439656376838684,0.6371138095855713,-0.024308115243911743,0.5229974985122681,0.5844718217849731,0.0049184709787368774,0.4692399203777313,0.6244094967842102,-0.013962456956505775,0.4906559884548187,0.6599345803260803,-0.02225143276154995,0.510756254196167,0.664505124092102,-0.025302186608314514,0.5311211943626404,0.5875702500343323,-0.010990136303007603,0.4774892330169678,0.6337959170341492,-0.026166049763560295,0.5008739829063416,0.6652236580848694,-0.02043701894581318,0.5215404629707336,0.6617333292961121,-0.014889649115502834,0.5375517010688782,0.6028339862823486,-0.0278758741915226,0.4908812940120697,0.6407028436660767,-0.03852996975183487,0.5084709525108337,0.6665184497833252,-0.032804280519485474,0.5278347730636597,0.6648390293121338,-0.026782579720020294
0.6353661417961121,0.7349404692649841,-4.137662870107306e-07,0.5823575258255005,0.7164999842643738,0.001958114793524146,0.5389893054962158,0.681454062461853,-0.004845013376325369,0.5029542446136475,0.6647982001304626,-0.01570948399603367,0.4679064452648163,0.6561168432235718,-0.025651950389146805,0.5755932331085205,0.5884047746658325,0.007081353105604649,0.5164316892623901,0.6029112935066223,-0.011839966289699078,0.4834936559200287,0.6173349618911743,-0.029207618907094002,0.4535549283027649,0.6273303031921387,-0.04173569008708,0.5852988362312317,0.5835433006286621,-0.004911214113235474,0.5242228507995605,0.6204990744590759,-0.024340519681572914,0.5448451042175293,0.6555814743041992,-0.03088160790503025,0.5648905634880066,0.6609333753585815,-0.03425348550081253,0.593431293964386,0.5932514071464539,-0.01912827417254448,0.5336421728134155,0.6303410530090332,-0.03451928496360779,0.5557222366333008,0.662506103515625,-0.02658902481198311,0.5768842697143555,0.6628944277763367,-0.020456694066524506,0.5991496443748474,0.6134541630744934,-0.03473484888672829,0.5546286106109619,0.6370811462402344,-0.04574744403362274,0.5668423175811768,0.6620904803276062,-0.040228404104709625,0.5833401679992676,0.666203498840332,-0.03482063114643097
0.7737790942192078,0.7422900199890137,-4.171857881374308e-07,0.7225252985954285,0.7220923900604248,-0.004219791851937771,0.6769165396690369,0.6781224012374878,-0.015577823854982853,0.6383770108222961,0.6561803817749023,-0.030086148530244827,0.6000571250915527,0.6465713977813721,-0.04317304491996765,0.705218493938446,0.5765844583511353,0.001041065319441259,0.6492668390274048,0.5869828462600708,-0.02213430032134056,0.6166460514068604,0.6038386821746826,-0.03988216072320938,0.5870964527130127,0.6192035675048828,-0.05126642808318138,0.7244752645492554,0.5713353753089905,-0.008826022036373615,0.6646618247032166,0.6113859415054321,-0.027748873457312584,0.6879447102546692,0.6538618206977844,-0.029483314603567123,0.7078328728675842,0.654955267906189,-0.029169224202632904,0.7433828711509705,0.5846379399299622,-0.022080108523368835,0.6853727102279663,0.6264630556106567,-0.03682317957282066,0.7073742151260376,0.6631835103034973,-0.0242956280708313,0.726030170917511,0.6614332795143127,-0.015670856460928917,0.7593464255332947,0.610370397567749,-0.03741665184497833,0.7116318941116333,0.6398817896842957,-0.04759763553738594,0.7247195243835449,0.6668351292610168,-0.03961717709898949,0.741129457950592,0.6677677631378174,-0.03270381689071655
0.8129481077194214,0.7538623213768005,-3.8839303329041286e-07,0.7599979043006897,0.7334293127059937,-0.009725160896778107,0.7142388820648193,0.6892868280410767,-0.019020535051822662,0.6797612905502319,0.6687901020050049,-0.029553886502981186,0.6436107754707336,0.6593919396400452,-0.03829561546444893,0.7412566542625427,0.5955414772033691,-0.0012919626897200942,0.698001503944397,0.6050447225570679,-0.024763889610767365,0.6697399616241455,0.6205939650535583,-0.04322696477174759,0.6428529024124146,0.6379474997520447,-0.05482326075434685,0.7641565203666687,0.5928796529769897,-0.008426006883382797,0.7182947397232056,0.6330704092979431,-0.029975323006510735,0.7362270355224609,0.6699365377426147,-0.03675495460629463,0.7534131407737732,0.6732450127601624,-0.03918805345892906,0.7880248427391052,0.6086723804473877,-0.019336342811584473,0.7420098185539246,0.6571249961853027,-0.038970064371824265,0.7593564987182617,0.6892538070678711,-0.03178216144442558,0.7743528485298157,0.6835938692092896,-0.024770919233560562,0.8103584051132202,0.6343872547149658,-0.03224584087729454,0.7704373598098755,0.6689400672912598,-0.04477494955062866,0.7801410555839539,0.6932834386825562,-0.03838750347495079,0.7930502891540527,0.688937783241272,-0.031854048371315
0.779595673084259,0.7508463859558105,-2.9484465358109446e-07,0.7367860674858093,0.7226893901824951,-0.00419618422165513,0.7033808827400208,0.6764842867851257,-0.010191893205046654,0.6761879920959473,0.6540514826774597,-0.01870444230735302,0.6467741131782532,0.6407034397125244,-0.02594739943742752,0.7335559725761414,0.6118656992912292,0.004632516298443079,0.6945399045944214,0.6075519323348999,-0.012625339441001415,0.6708060503005981,0.6125319600105286,-0.02566598728299141,0.6480704545974731,0.6178880929946899,-0.03422274440526962,0.7519699335098267,0.6089890003204346,-0.0032725443597882986,0.7073944211006165,0.6270063519477844,-0.020475413650274277,0.7200629115104675,0.6639477610588074,-0.02490498311817646,0.7352489829063416,0.6679013967514038,-0.025791456922888756,0.7700109481811523,0.6204206347465515,-0.014110356569290161,0.7251108884811401,0.6442339420318604,-0.02992737852036953,0.7365131378173828,0.6772666573524475,-0.022731125354766846,0.7506808042526245,0.6758434176445007,-0.016025202348828316,0.7849546670913696,0.6414636969566345,-0.026330266147851944,0.7485962510108948,0.6549859642982483,-0.036221664398908615,0.7528642416000366,0.6789292097091675,-0.029934465885162354,0.7646396160125732,0.6801495552062988,-0.023848609998822212
0.7726780772209167,0.7136080265045166,-2.6784888973452325e-07,0.735454261302948,0.690162718296051,-0.003115787636488676,0.7054946422576904,0.6512260437011719,-0.008528160862624645,0.6817074418067932,0.6305268406867981,-0.01666242629289627,0.6556775569915771,0.6178240180015564,-0.023862618952989578,0.7294480800628662,0.592721164226532,0.005723956506699324,0.6974008679389954,0.5865893363952637,-0.009857406839728355,0.6760302186012268,0.5896104574203491,-0.020533105358481407,0.6555173397064209,0.5933643579483032,-0.027050193399190903,0.7459046244621277,0.5886452198028564,-0.001755287405103445,0.7106634378433228,0.6033831238746643,-0.017406297847628593,0.7228114008903503,0.6403077244758606,-0.020103881135582924,0.7368234992027283,0.6430193781852722,-0.019325485453009605,0.7637448310852051,0.5953120589256287,-0.012115469202399254,0.7279898524284363,0.6156664490699768,-0.027110876515507698,0.738978385925293,0.6480550765991211,-0.019658232107758522,0.7525203227996826,0.6456732153892517,-0.012376715429127216,0.7808895111083984,0.6101353764533997,-0.023608949035406113,0.7501199245452881,0.6196185350418091,-0.03201218694448471,0.7537028789520264,0.644393265247345,-0.024763649329543114,0.7645615935325623,0.6469013690948486,-0.017962776124477386
0.7615039348602295,0.6972838640213013,-2.4644623408676125e-07,0.7262410521507263,0.678312361240387,-0.003330042352899909,0.6976169347763062,0.6469618678092957,-0.010069732554256916,0.673707127571106,0.6284714937210083,-0.01937919482588768,0.6483401656150818,0.6173177361488342,-0.02786237560212612,0.7197917103767395,0.5885787010192871,0.003380637615919113,0.6879920363426208,0.5844393968582153,-0.012485229410231113,0.6665226817131042,0.5882407426834106,-0.023747382685542107,0.6464853286743164,0.5915974974632263,-0.031019026413559914,0.734731137752533,0.5841103792190552,-0.003932124935090542,0.6995469927787781,0.5988086462020874,-0.019445158541202545,0.7133215069770813,0.6330187916755676,-0.021528083831071854,0.7284635901451111,0.633140504360199,-0.020866073668003082,0.7510567903518677,0.5888745188713074,-0.014020240865647793,0.7161493301391602,0.607357919216156,-0.02822038158774376,0.7276191711425781,0.6366649866104126,-0.019884031265974045,0.7414998412132263,0.6329230666160583,-0.012565604411065578,0.7665693163871765,0.602196216583252,-0.025314727798104286,0.7363114356994629,0.6102837324142456,-0.03339293599128723,0.7399873733520508,0.6328319907188416,-0.02612837217748165,0.7507593035697937,0.6349305510520935,-0.01966816745698452
0.7519238591194153,0.6934734582901001,-2.394171190189809e-07,0.7179661393165588,0.6779955625534058,-0.003223560517653823,0.6879901885986328,0.6488062143325806,-0.009682617150247097,0.6643577814102173,0.631445050239563,-0.01875409670174122,0.6401634812355042,0.6207044124603271,-0.027039390057325363,0.7076884508132935,0.5904929637908936,0.003091723658144474,0.6767276525497437,0.5876071453094482,-0.012140681967139244,0.6562668681144714,0.5911787152290344,-0.022197408601641655,0.6376749277114868,0.5951364636421204,-0.0283961221575737,0.7225070595741272,0.5842447876930237,-0.0038775650318711996,0.6907855272293091,0.6008662581443787,-0.018174780532717705,0.7054770588874817,0.6342514753341675,-0.018998440355062485,0.7197417616844177,0.6330079436302185,-0.01727975718677044,0.7390427589416504,0.5873870253562927,-0.01357937790453434,0.7072267532348633,0.6079249978065491,-0.027000661939382553,0.7188634276390076,0.6371797323226929,-0.01838674023747444,0.7315418720245361,0.6328771710395813,-0.01076554786413908,0.754987359046936,0.5986323952674866,-0.0244384054094553,0.7268489599227905,0.6081093549728394,-0.032069675624370575,0.7305984497070312,0.6305166482925415,-0.024813488125801086,0.7406661510467529,0.6322560906410217,-0.018219171091914177
0.7485299110412598,0.6926162242889404,-2.4051101377153827e-07,0.7146201729774475,0.6778726577758789,-0.002281640190631151,0.6851118803024292,0.649147093296051,-0.008311817422509193,0.6619672775268555,0.6319493055343628,-0.017011232674121857,0.638245701789856,0.6214821934700012,-0.025065016001462936,0.7060954570770264,0.591375470161438,0.004426151048392057,0.6751158833503723,0.5881086587905884,-0.010017053224146366,0.6531064510345459,0.5905884504318237,-0.02080162800848484,0.6329398155212402,0.5947402119636536,-0.02810302935540676,0.7196449041366577,0.584572434425354,-0.002937744604423642,0.6867753267288208,0.6006125807762146,-0.017021792009472847,0.7012138366699219,0.6325708031654358,-0.018972886726260185,0.7155357003211975,0.632596492767334,-0.018405236303806305,0.734355092048645,0.587016761302948,-0.012806777842342854,0.7007409334182739,0.6070716381072998,-0.025564180687069893,0.7128751873970032,0.6344717741012573,-0.017514679580926895,0.725841224193573,0.6309216618537903,-0.01069289818406105,0.748010516166687,0.5980176329612732,-0.023804698139429092,0.7178558111190796,0.6081456542015076,-0.03139588609337807,0.7232058644294739,0.6295261383056641,-0.02443624474108219,0.7341474294662476,0.6310358047485352,-0.01830577477812767
0.7652326226234436,0.680975615978241,-2.190929677681197e-07,0.7338488698005676,0.6655259728431702,-0.005708233453333378,0.7062685489654541,0.635331928730011,-0.012402160093188286,0.6840571761131287,0.6154364943504333,-0.021014658734202385,0.6602237820625305,0.6044103503227234,-0.02835640124976635,0.722932755947113,0.5793988704681396,0.0029162117280066013,0.6928601264953613,0.5735374689102173,-0.01212090440094471,0.6731594204902649,0.5744989514350891,-0.021519919857382774,0.6558071970939636,0.5748016238212585,-0.02712971344590187,0.7380343675613403,0.5725753307342529,-0.002248600358143449,0.7052409648895264,0.5889449715614319,-0.01723756268620491,0.7185580134391785,0.6186506152153015,-0.01841099001467228,0.7317458987236023,0.6165868043899536,-0.016698719933629036,0.7543260455131531,0.5759432315826416,-0.010368695482611656,0.7225342988967896,0.5953124165534973,-0.02421865612268448,0.7329137325286865,0.6217402815818787,-0.016146821901202202,0.7437583208084106,0.6189594864845276,-0.008629169315099716,0.7695685029029846,0.5867302417755127,-0.01993483491241932,0.7433041930198669,0.5996817350387573,-0.02791801653802395,0.7473774552345276,0.6190568804740906,-0.022228116169571877,0.7563099265098572,0.6196687817573547,-0.016586139798164368
0.8581633567810059,0.6286754012107849,-3.9124978457039106e-07,0.8242942094802856,0.5948920249938965,-0.00250052846968174,0.7955226898193359,0.5484163761138916,-0.004998431541025639,0.774223268032074,0.5223072171211243,-0.01001853309571743,0.7521962523460388,0.5078139901161194,-0.014767355285584927,0.8205506801605225,0.4962931275367737,0.005961698945611715,0.7941322922706604,0.4850715398788452,-0.00943970587104559,0.7759597897529602,0.4894130527973175,-0.02226323075592518,0.7604178786277771,0.49280792474746704,-0.030645590275526047,0.8400574326515198,0.4962593913078308,-0.0019556893967092037,0.8091254830360413,0.5066237449645996,-0.019111614674329758,0.8097999691963196,0.535825252532959,-0.02609245665371418,0.8153711557388306,0.543557345867157,-0.028872743248939514,0.8591077327728271,0.5062593221664429,-0.012310532853007317,0.8256495594978333,0.5224396586418152,-0.028741970658302307,0.8281106948852539,0.5504699945449829,-0.02448108419775963,0.8360540866851807,0.5528292059898376,-0.019081158563494682,0.8768929839134216,0.5219511985778809,-0.023574238643050194,0.8453069925308228,0.5333455801010132,-0.032964933663606644,0.8455146551132202,0.5549058318138123,-0.027542119845747948,0.8546152710914612,0.5565697550773621,-0.022156765684485435
0.9087651968002319,0.577634871006012,-2.668176648512599e-07,0.8772789239883423,0.5484604239463806,-0.0046822684817016125,0.8515329957008362,0.506420910358429,-0.011842439882457256,0.8313508629798889,0.4788738489151001,-0.021670864894986153,0.8091614246368408,0.46128374338150024,-0.03032294660806656,0.883236825466156,0.449970006942749,0.003284697886556387,0.8530809879302979,0.4350839853286743,-0.0163206048309803,0.8314207792282104,0.4333999454975128,-0.029313260689377785,0.8114790916442871,0.43060266971588135,-0.03652622178196907,0.9018405675888062,0.4491575360298157,-0.003398970700800419,0.8685808181762695,0.4518580436706543,-0.019595900550484657,0.8738652467727661,0.49173063039779663,-0.020135989412665367,0.8870611190795898,0.49261361360549927,-0.01797676458954811,0.921062171459198,0.4577856957912445,-0.01363210380077362,0.888266384601593,0.462483286857605,-0.02799619548022747,0.8892759084701538,0.499057799577713,-0.016996854916214943,0.9008902311325073,0.49974942207336426,-0.007644862402230501,0.9394683241844177,0.4741755425930023,-0.02546331286430359,0.9117467403411865,0.47308656573295593,-0.03240196779370308,0.90630704164505,0.4991490840911865,-0.02342071756720543,0.9144585728645325,0.5042921304702759,-0.015603207051753998
0.9766762256622314,0.4686582088470459,-1.8743943996923917e-07,0.9449920654296875,0.44872796535491943,-0.015532288700342178,0.9152863621711731,0.4065246880054474,-0.02528061717748642,0.8928819298744202,0.3702296316623688,-0.03531547263264656,0.8700073957443237,0.34412217140197754,-0.04438596963882446,0.933384895324707,0.3551996052265167,-0.0061729601584374905,0.9195743203163147,0.32636505365371704,-0.02726861648261547,0.902228057384491,0.3201783299446106,-0.038797181099653244,0.8862549662590027,0.31690236926078796,-0.044311583042144775,0.9570695757865906,0.3536536395549774,-0.008447394706308842,0.9413015842437744,0.3348100781440735,-0.030222373083233833,0.94208824634552,0.38262537121772766,-0.031089968979358673,0.9503052830696106,0.3952069580554962,-0.026032863184809685,0.9820869565010071,0.36080464720726013,-0.015028979629278183,0.9688913226127625,0.3477546274662018,-0.04008544608950615,0.9655027985572815,0.3935604989528656,-0.030716700479388237,0.9710134863853455,0.40422457456588745,-0.017837965860962868,1.007389783859253,0.3729618787765503,-0.02290499582886696,0.993893027305603,0.3570255935192108,-0.03769107908010483,0.9888958930969238,0.38899677991867065,-0.028917411342263222,0.9942945241928101,0.4006040692329407,-0.018846534192562103
0.9594437479972839,0.26423677802085876,-4.191716982404614e-07,0.9123853445053101,0.2444310039281845,-0.01584126055240631,0.8636978268623352,0.19999609887599945,-0.030447017401456833,0.8225191235542297,0.1752612441778183,-0.047042809426784515,0.7829170227050781,0.16111284494400024,-0.06159846484661102,0.8886225819587708,0.10824158787727356,-0.0026887168642133474,0.8479074239730835,0.10348300635814667,-0.029563279822468758,0.8183441758155823,0.11146896332502365,-0.04530830681324005,0.7895050048828125,0.12232828140258789,-0.05371420085430145,0.9130290150642395,0.09615544974803925,-0.008697004988789558,0.8714289665222168,0.1156289353966713,-0.03211543709039688,0.8934484124183655,0.17405462265014648,-0.03142315149307251,0.9113522171974182,0.17096009850502014,-0.026066841557621956,0.9439837336540222,0.09622249007225037,-0.02033359184861183,0.9051086902618408,0.13005664944648743,-0.04329093173146248,0.9238461256027222,0.18054600059986115,-0.029258571565151215,0.9391487836837769,0.17045128345489502,-0.016174716874957085,0.9761427044868469,0.10680006444454193,-0.03459131717681885,0.9400259852409363,0.12877479195594788,-0.04708929359912872,0.949013888835907,0.16717641055583954,-0.03519398719072342,0.9640286564826965,0.1625896841287613,-0.024408550933003426
0.9254655241966248,0.2694235146045685,-4.0046288063422253e-07,0.8728346824645996,0.2321317493915558,-0.012409483082592487,0.8282435536384583,0.18610751628875732,-0.02959776110947132,0.7905221581459045,0.15827637910842896,-0.05056197568774223,0.7488881945610046,0.14026035368442535,-0.069168820977211,0.8705757260322571,0.08761584758758545,-0.0027103403117507696,0.8170485496520996,0.08672526478767395,-0.034148041158914566,0.7824026942253113,0.09860764443874359,-0.0529283806681633,0.7488301992416382,0.10499733686447144,-0.06321635097265244,0.8982830047607422,0.07804092019796371,-0.01221804041415453,0.8352643847465515,0.10357188433408737,-0.041005294770002365,0.8555740714073181,0.16339628398418427,-0.04191230610013008,0.8778201937675476,0.1553305834531784,-0.03799748793244362,0.9283555746078491,0.07861211150884628,-0.027374327182769775,0.8674140572547913,0.11630064994096756,-0.05289844796061516,0.8863180875778198,0.16825850307941437,-0.036557652056217194,0.9084861874580383,0.15874327719211578,-0.02213435061275959,0.9588682055473328,0.09250342100858688,-0.04552555829286575,0.9061422944068909,0.11021392047405243,-0.058676302433013916,0.910003662109375,0.1516265720129013,-0.04540408030152321,0.9266513586044312,0.15553076565265656,-0.03341878205537796
0.8945473432540894,0.25611793994903564,-3.940442070415884e-07,0.8383439779281616,0.21980352699756622,-0.008079089224338531,0.7907267808914185,0.17352768778800964,-0.023970523849129677,0.7515765428543091,0.14575639367103577,-0.044232338666915894,0.7086653113365173,0.12843991816043854,-0.062406253069639206,0.8333117961883545,0.07677310705184937,-0.00134670443367213,0.7802302837371826,0.07161305099725723,-0.031507011502981186,0.7450306415557861,0.08149081468582153,-0.04904712736606598,0.710770845413208,0.09013466536998749,-0.05841755121946335,0.859861433506012,0.06948237121105194,-0.012413987889885902,0.798968493938446,0.0894806832075119,-0.03961014747619629,0.821803629398346,0.14968231320381165,-0.03909320384263992,0.8456233739852905,0.13963642716407776,-0.03440244868397713,0.889069676399231,0.06992951035499573,-0.028489049524068832,0.8285327553749084,0.0997970700263977,-0.052904561161994934,0.8480532765388489,0.15217643976211548,-0.03554682061076164,0.8709698915481567,0.14126257598400116,-0.020720012485980988,0.9184885025024414,0.0827614963054657,-0.046878378838300705,0.8643754124641418,0.09400364756584167,-0.059389904141426086,0.8699101805686951,0.13591066002845764,-0.04458476975560188,0.8886529207229614,0.1391087919473648,-0.03164304792881012
0.8795954585075378,0.2530621886253357,-3.969122701619199e-07,0.8226548433303833,0.220668762922287,-0.011588456109166145,0.7730456590652466,0.17565082013607025,-0.029011303558945656,0.7332620620727539,0.1490219682455063,-0.05011296644806862,0.689970850944519,0.13389892876148224,-0.068574920296669,0.8131752610206604,0.0637098103761673,-0.002686648163944483,0.7591888904571533,0.07163719832897186,-0.03453245759010315,0.7228741645812988,0.08566407859325409,-0.054192278534173965,0.6877615451812744,0.0972800999879837,-0.06529562175273895,0.8392763733863831,0.05322776734828949,-0.013077550567686558,0.7774394154548645,0.09102599322795868,-0.04139631241559982,0.8031256198883057,0.15030264854431152,-0.0418553464114666,0.8279152512550354,0.13961397111415863,-0.03797373175621033,0.8685854077339172,0.05593058466911316,-0.029061313718557358,0.8082153797149658,0.10321001708507538,-0.053552594035863876,0.8302780985832214,0.15315110981464386,-0.036329034715890884,0.8530569076538086,0.14176276326179504,-0.021883083507418633,0.8983651399612427,0.07329007238149643,-0.04811999574303627,0.8450961112976074,0.10076473653316498,-0.06145278364419937,0.8525962829589844,0.1388431340456009,-0.048076510429382324,0.8706654906272888,0.13835084438323975,-0.03600585088133812
0.8766499161720276,0.2554023861885071,-4.332936498485651e-07,0.8189427852630615,0.22281157970428467,-0.008627820760011673,0.7698861956596375,0.1760568767786026,-0.024485478177666664,0.7298848628997803,0.15023726224899292,-0.04479055106639862,0.6863959431648254,0.13679395616054535,-0.06285038590431213,0.8103711009025574,0.0671125054359436,0.0006071461248211563,0.7556639909744263,0.07077857106924057,-0.030857330188155174,0.7188233137130737,0.08528867363929749,-0.05118531361222267,0.6822883486747742,0.09844410419464111,-0.06298165023326874,0.8358399271965027,0.05595770478248596,-0.011163159273564816,0.7743284106254578,0.09115748852491379,-0.03963480517268181,0.8016944527626038,0.14936836063861847,-0.04120500758290291,0.8270812630653381,0.14064985513687134,-0.03818869963288307,0.8648051619529724,0.05713830888271332,-0.02826380357146263,0.8047358989715576,0.10269614309072495,-0.05198632553219795,0.8274672031402588,0.1517682522535324,-0.035239435732364655,0.8503499627113342,0.13983239233493805,-0.021410847082734108,0.8941388726234436,0.07283651828765869,-0.04828287288546562,0.8405510187149048,0.10007569938898087,-0.060873329639434814,0.849022388458252,0.1385839283466339,-0.04747295379638672,0.8678984045982361,0.1379125714302063,-0.035676613450050354
0.7873436212539673,0.25461581349372864,-3.2684337725186197e-07,0.7253342270851135,0.23302999138832092,-0.006003425922244787,0.6697455644607544,0.1949441134929657,-0.021383684128522873,0.6217915415763855,0.1801375150680542,-0.04120885580778122,0.5783737897872925,0.1731598824262619,-0.05851590260863304,0.7101117968559265,0.08055607229471207,0.006538066081702709,0.6399714946746826,0.09861591458320618,-0.02072891965508461,0.6032130122184753,0.12037880718708038,-0.040562115609645844,0.5676158666610718,0.1311483085155487,-0.0526951439678669,0.7271730303764343,0.06616713851690292,-0.004490857943892479,0.6576194167137146,0.10662329196929932,-0.028250377625226974,0.6868907809257507,0.1570110023021698,-0.030608035624027252,0.711107075214386,0.15029534697532654,-0.029027678072452545,0.7430392503738403,0.06556955724954605,-0.02025868371129036,0.6786601543426514,0.1092340499162674,-0.03792678937315941,0.7037519216537476,0.15723685920238495,-0.024088922888040543,0.7276602983474731,0.14931648969650269,-0.01344253122806549,0.754932165145874,0.07701139897108078,-0.03859536349773407,0.7059621810913086,0.10959289968013763,-0.04729640483856201,0.7173966765403748,0.14732606709003448,-0.03682887554168701,0.7362779974937439,0.14775580167770386,-0.02771431766450405
0.663666844367981,0.2784278690814972,-3.845138110136759e-07,0.5912973880767822,0.26253265142440796,-0.001652700244449079,0.5352094173431396,0.23072634637355804,-0.012929069809615612,0.4912942945957184,0.2181571125984192,-0.029750611633062363,0.44959181547164917,0.21887525916099548,-0.04437195137143135,0.5731125473976135,0.10813865065574646,0.015618144534528255,0.5066997408866882,0.1355399191379547,-0.008716151118278503,0.4710105061531067,0.1607894003391266,-0.028025217354297638,0.43704986572265625,0.1795303076505661,-0.040774811059236526,0.5857797861099243,0.09384822845458984,0.001858271425589919,0.5206366181373596,0.14628222584724426,-0.022869590669870377,0.5530018210411072,0.18988466262817383,-0.02767512947320938,0.5767704844474792,0.17739924788475037,-0.027824895456433296,0.5990568399429321,0.09195434302091599,-0.016470512375235558,0.5376445055007935,0.14898444712162018,-0.03651116415858269,0.5657622814178467,0.19162602722644806,-0.02374952659010887,0.5879436731338501,0.1785729080438614,-0.013384214602410793,0.6100881099700928,0.10390742123126984,-0.03705673664808273,0.5600066184997559,0.14890289306640625,-0.048854950815439224,0.5781553387641907,0.18271088600158691,-0.03887331113219261,0.5993621945381165,0.17546090483665466,-0.02984403260052204
0.578857421875,0.4125969409942627,-5.706896217816393e-07,0.518615186214447,0.39377832412719727,0.003743642708286643,0.481027752161026,0.3437545895576477,0.0038410066626966,0.4537144899368286,0.310896635055542,-0.0022069544065743685,0.4288875162601471,0.2895829677581787,-0.009795142337679863,0.4951828122138977,0.2588396668434143,0.021273456513881683,0.45053985714912415,0.27224433422088623,0.0004719844728242606,0.41821178793907166,0.2937907874584198,-0.018207943066954613,0.3938443660736084,0.3105413019657135,-0.029315639287233353,0.5072984099388123,0.24221204221248627,0.005972689483314753,0.45047199726104736,0.26384440064430237,-0.013802805915474892,0.4257963001728058,0.30507946014404297,-0.026805855333805084,0.410434752702713,0.32170993089675903,-0.03249000385403633,0.523820161819458,0.23787730932235718,-0.01227548811584711,0.4710230827331543,0.286701500415802,-0.034309785813093185,0.4872744679450989,0.34212061762809753,-0.03456156700849533,0.5089620351791382,0.3557569980621338,-0.02939707413315773,0.5407854914665222,0.24778595566749573,-0.031441621482372284,0.49239087104797363,0.2922678589820862,-0.04656730592250824,0.503049910068512,0.33445659279823303,-0.041729774326086044,0.5235928297042847,0.344029039144516,-0.03406544029712677
0.603559672832489,0.5409634709358215,-4.366983716863615e-07,0.5442371964454651,0.5181725025177002,0.0009107645601034164,0.5004888772964478,0.480858713388443,-0.003770207054913044,0.46303290128707886,0.46026384830474854,-0.013413911685347557,0.4280474781990051,0.4495218098163605,-0.022232679650187492,0.5288350582122803,0.39990174770355225,0.019187502562999725,0.48304373025894165,0.40424400568008423,0.0004007824172731489,0.45745134353637695,0.41377419233322144,-0.015828130766749382,0.43481796979904175,0.4209634065628052,-0.026642924174666405,0.5404431223869324,0.38670071959495544,0.007157317362725735,0.48890116810798645,0.4061110317707062,-0.0145539790391922,0.5057836174964905,0.4503738582134247,-0.022169487550854683,0.524904191493988,0.4583132863044739,-0.02374850958585739,0.5532280206680298,0.38375285267829895,-0.008413228206336498,0.502109169960022,0.40659862756729126,-0.029241476207971573,0.5187816023826599,0.4497494101524353,-0.02320799231529236,0.5392898917198181,0.4539225101470947,-0.015255805104970932,0.563967764377594,0.39246147871017456,-0.025046957656741142,0.5225592255592346,0.40970274806022644,-0.0377948023378849,0.5323412418365479,0.4426552951335907,-0.03141487389802933,0.5505427122116089,0.4479242265224457,-0.0242148507386446
0.6209250688552856,0.6121282577514648,-3.7760241866635624e-07,0.5693030953407288,0.5951377153396606,-0.0004024952359031886,0.5265423655509949,0.5594906210899353,-0.007178218103945255,0.4920845031738281,0.5411048531532288,-0.01851324737071991,0.45706528425216675,0.5348563194274902,-0.028552938252687454,0.5516980290412903,0.47575730085372925,0.012323152273893356,0.5054864287376404,0.48519179224967957,-0.007386942394077778,0.4763716757297516,0.4963412582874298,-0.022733105346560478,0.44778358936309814,0.5077287554740906,-0.033417604863643646,0.5642881393432617,0.46376609802246094,0.00038973489427007735,0.5140418410301208,0.4933054447174072,-0.020457115024328232,0.540289580821991,0.5357897877693176,-0.024182040244340897,0.561898946762085,0.5324732661247253,-0.02353830635547638,0.5815454125404358,0.4612850844860077,-0.015018430538475513,0.5318066477775574,0.4971117675304413,-0.03346625342965126,0.5546053647994995,0.5368674993515015,-0.021941285580396652,0.5747756361961365,0.5298762917518616,-0.011628002859652042,0.5996613502502441,0.4711897373199463,-0.03204178810119629,0.556161642074585,0.49356868863105774,-0.042629923671483994,0.567797064781189,0.5238280296325684,-0.0327533483505249,0.5855294466018677,0.5221531987190247,-0.023920826613903046
0.625293493270874,0.6209045648574829,-3.7745218151030713e-07,0.5809759497642517,0.6105887293815613,-0.00016392602992709726,0.5351979732513428,0.5785363912582397,-0.005230911076068878,0.5020782351493835,0.5554672479629517,-0.015339949168264866,0.46687501668930054,0.5482951402664185,-0.025130972266197205,0.5501085519790649,0.513427734375,0.009133745916187763,0.5122941136360168,0.508203387260437,-0.011282060295343399,0.4855903685092926,0.5167402029037476,-0.022569851949810982,0.46083247661590576,0.5255981087684631,-0.029103489592671394,0.5648794174194336,0.5000441670417786,-0.0021072179079055786,0.5225290656089783,0.5077507495880127,-0.023726491257548332,0.5494065284729004,0.5542619228363037,-0.022484827786684036,0.5688737034797668,0.5485291481018066,-0.016678452491760254,0.5852409601211548,0.488541841506958,-0.01706722006201744,0.5414102077484131,0.5036996603012085,-0.03996381536126137,0.5672464370727539,0.5470148921012878,-0.025957169011235237,0.5878140926361084,0.5407902598381042,-0.011714975349605083,0.6097963452339172,0.4826677441596985,-0.032988540828228,0.5688509941101074,0.48727360367774963,-0.04644784703850746,0.5807090401649475,0.521868884563446,-0.03486960381269455,0.5986042022705078,0.5245600342750549,-0.023761224001646042
0.6248787641525269,0.6321815848350525,-3.7967598132127023e-07,0.5824469327926636,0.6202213168144226,0.0009494491969235241,0.5355985760688782,0.5881561636924744,-0.0025223949924111366,0.503029465675354,0.5644831657409668,-0.011421932838857174,0.46922796964645386,0.5537086129188538,-0.019984781742095947,0.5517651438713074,0.522294819355011,0.01243168581277132,0.5144603848457336,0.5161164999008179,-0.007927769795060158,0.4872693419456482,0.5245780944824219,-0.019286420196294785,0.4624691605567932,0.5322011709213257,-0.025998877361416817,0.5674675107002258,0.509626030921936,0.0005020900862291455,0.5247790217399597,0.5162504315376282,-0.020842144265770912,0.5519481897354126,0.5631552338600159,-0.01923750899732113,0.5721274018287659,0.5557758212089539,-0.013128219172358513,0.588543176651001,0.49871739745140076,-0.01538187637925148,0.54496169090271,0.5104832649230957,-0.038771580904722214,0.5698466300964355,0.5543210506439209,-0.02413797751069069,0.5906872749328613,0.5474658608436584,-0.00916511844843626,0.613639771938324,0.49376270174980164,-0.03220723569393158,0.5737303495407104,0.49325284361839294,-0.0466824509203434,0.5844720005989075,0.5294269323348999,-0.03490037843585014,0.6026387214660645,0.534198522567749,-0.023313771933317184
0.6276662945747375,0.653027355670929,-3.497785030504019e-07,0.5825459361076355,0.6312602758407593,-0.006212668959051371,0.5438061356544495,0.5870562195777893,-0.015629706904292107,0.5109112858772278,0.5596968531608582,-0.028105979785323143,0.47549310326576233,0.5458273887634277,-0.038653310388326645,0.5838531255722046,0.5020774006843567,0.008108706213533878,0.5340278744697571,0.5095309019088745,-0.012920456007122993,0.502865731716156,0.5185024738311768,-0.02890644781291485,0.4731523096561432,0.5259923934936523,-0.03956805542111397,0.5988938212394714,0.491635799407959,-0.0004757571732625365,0.5397137403488159,0.5114773511886597,-0.022191660478711128,0.5587586760520935,0.5628476738929749,-0.025522708892822266,0.5786197185516357,0.5643360018730164,-0.023675113916397095,0.6141881942749023,0.4924672245979309,-0.012997635640203953,0.5552908778190613,0.5198469758033752,-0.032892122864723206,0.5723903775215149,0.5649378895759583,-0.022075558081269264,0.5929499864578247,0.563667893409729,-0.011440811678767204,0.6249686479568481,0.5055365562438965,-0.027326025068759918,0.5753729343414307,0.5266682505607605,-0.04087306186556816,0.5843715667724609,0.5589682459831238,-0.033296894282102585,0.6031385660171509,0.5598145127296448,-0.025223826989531517
0.6308066248893738,0.6717235445976257,-3.1821917900742847e-07,0.5852435827255249,0.6196547150611877,-0.002720574149861932,0.5393345952033997,0.5731755495071411,-0.01756926067173481,0.4949339032173157,0.5593640804290771,-0.033234190195798874,0.45775166153907776,0.554576575756073,-0.04761748015880585,0.5769090056419373,0.48191961646080017,-0.02260301634669304,0.505980372428894,0.4972141981124878,-0.04399251565337181,0.4657915532588959,0.5136287808418274,-0.0580761693418026,0.435275673866272,0.5317496061325073,-0.06791576743125916,0.5857490301132202,0.5070315003395081,-0.03327341377735138,0.5030062198638916,0.5461173057556152,-0.05158788710832596,0.5180923938751221,0.5725917220115662,-0.053138576447963715,0.5365947484970093,0.5730791091918945,-0.056084904819726944,0.5885436534881592,0.5451143980026245,-0.04460956156253815,0.50636887550354,0.5854141712188721,-0.058078255504369736,0.5266700983047485,0.6080061197280884,-0.0476355105638504,0.5473324656486511,0.6016594171524048,-0.042912837117910385,0.5898478031158447,0.588674783706665,-0.056853413581848145,0.5245025753974915,0.6139519810676575,-0.06697899103164673,0.5383548140525818,0.6296221017837524,-0.06014030799269676,0.5568327903747559,0.6245453357696533,-0.05563749745488167
0.6271439790725708,0.6858928203582764,-3.228590230719419e-07,0.5964533686637878,0.6182307004928589,0.0016892022686079144,0.5508984923362732,0.568448543548584,-0.010653088800609112,0.5039924383163452,0.5541481971740723,-0.024546178057789803,0.4711161255836487,0.5540232062339783,-0.03828452527523041,0.5573945045471191,0.4955884516239166,-0.01950102299451828,0.4847528338432312,0.5144822001457214,-0.03688633441925049,0.44537419080734253,0.5347360968589783,-0.047905392944812775,0.4163939952850342,0.5533267855644226,-0.05638427287340164,0.5611107349395752,0.5263546705245972,-0.031098874285817146,0.47908517718315125,0.5723245739936829,-0.04717687889933586,0.4974820911884308,0.5956096649169922,-0.04740703105926514,0.5188499093055725,0.593952476978302,-0.04978461563587189,0.5615730285644531,0.5693453550338745,-0.042501240968704224,0.4810793995857239,0.6126365661621094,-0.05444002151489258,0.5029972791671753,0.6315717697143555,-0.04361362010240555,0.5256563425064087,0.6250824928283691,-0.03869418799877167,0.56245356798172,0.617362380027771,-0.05436331406235695,0.4952773451805115,0.643947184085846,-0.06454868614673615,0.5108884572982788,0.6566993594169617,-0.057948336005210876,0.5307216644287109,0.6532071232795715,-0.05341382697224617
0.5187872052192688,0.7719559073448181,-2.939309240446164e-07,0.4889177680015564,0.700931191444397,0.013132044114172459,0.44652003049850464,0.6548168659210205,0.0036285340320318937,0.39398014545440674,0.6540820598602295,-0.009901666082441807,0.3544175922870636,0.6696256399154663,-0.025418857112526894,0.444158673286438,0.6039110422134399,-0.012499595060944557,0.37083685398101807,0.6177438497543335,-0.028944388031959534,0.33306223154067993,0.6464393734931946,-0.03947914019227028,0.3074740767478943,0.668350875377655,-0.0470801442861557,0.44404104351997375,0.6314955949783325,-0.029386557638645172,0.36848998069763184,0.6681246161460876,-0.04388274624943733,0.384050577878952,0.6954595446586609,-0.04372994229197502,0.4063003957271576,0.6967184543609619,-0.04518520087003708,0.44093379378318787,0.6726664304733276,-0.0447968915104866,0.3707662522792816,0.7152023911476135,-0.05381384491920471,0.39076536893844604,0.7356737852096558,-0.042370863258838654,0.413249135017395,0.7256047129631042,-0.03764902800321579,0.43643999099731445,0.7183282375335693,-0.05932323634624481,0.3795104920864105,0.7479405403137207,-0.06646024435758591,0.3954700827598572,0.7644248008728027,-0.05742067098617554,0.41447117924690247,0.7593932151794434,-0.05149121955037117
0.47006580233573914,0.8170526027679443,-3.555277885425312e-07,0.44751864671707153,0.7463144659996033,0.021904658526182175,0.41520583629608154,0.7086005210876465,0.022591542452573776,0.37551987171173096,0.7062795162200928,0.01725863665342331,0.3463580012321472,0.7242100834846497,0.00933651439845562,0.400556743144989,0.6728214621543884,0.009026729501783848,0.3395358622074127,0.6853753328323364,0.002583080204203725,0.30538755655288696,0.7085939049720764,-0.0024059549905359745,0.2841237783432007,0.7284565567970276,-0.006311135366559029,0.3923035264015198,0.6947004795074463,-0.0076597910374403,0.33073627948760986,0.7295705080032349,-0.010136330500245094,0.33833444118499756,0.758039653301239,-0.00806386861950159,0.3533262610435486,0.7636728286743164,-0.00877284538000822,0.3861420452594757,0.7281007766723633,-0.022644242271780968,0.33098092675209045,0.7681642174720764,-0.022946661338210106,0.3442515730857849,0.7908114194869995,-0.014844348654150963,0.3623793125152588,0.787509560585022,-0.012583287432789803,0.3817022442817688,0.7673161029815674,-0.0362098291516304,0.33431777358055115,0.7962413430213928,-0.03681778907775879,0.34496554732322693,0.8131278157234192,-0.028592798858880997,0.3611275255680084,0.8129348754882812,-0.023464856669306755
0.47628074884414673,0.8074773550033569,-3.338708722822048e-07,0.447322279214859,0.7496181130409241,0.013305561617016792,0.4118400812149048,0.7155886292457581,0.00814384501427412,0.369132936000824,0.716279149055481,-0.0023168607149273157,0.334155797958374,0.7262677550315857,-0.014007060788571835,0.4203711450099945,0.6613297462463379,0.0027043786831200123,0.35802385210990906,0.67255038022995,-0.013445231132209301,0.3216337561607361,0.6960105299949646,-0.025251364335417747,0.29705536365509033,0.7159299254417419,-0.032489191740751266,0.41642922163009644,0.6736581921577454,-0.013194871135056019,0.3452310264110565,0.6900421977043152,-0.02545267343521118,0.32608336210250854,0.71480792760849,-0.030226510018110275,0.3163706064224243,0.7271606922149658,-0.0344267338514328,0.41126111149787903,0.6978310346603394,-0.02881832793354988,0.3476560115814209,0.7367053627967834,-0.03821636363863945,0.3620302379131317,0.7670449614524841,-0.03405522182583809,0.3810642659664154,0.7732692956924438,-0.03200192749500275,0.40472427010536194,0.7288290858268738,-0.04401376098394394,0.3569866716861725,0.765538215637207,-0.05172953009605408,0.36751702427864075,0.7882838845252991,-0.04842212423682213,0.383142352104187,0.7923429012298584,-0.04584015533328056
0.47243836522102356,0.7943620085716248,-3.002694484166568e-07,0.4251407980918884,0.7763398885726929,0.011533028446137905,0.3896317780017853,0.7420977354049683,0.013515720143914223,0.3607882559299469,0.7139295339584351,0.006019070278853178,0.32761427760124207,0.7005868554115295,-0.0020665335468947887,0.41682514548301697,0.6843453049659729,0.04710101708769798,0.38824397325515747,0.6677021980285645,0.04130854457616806,0.36008715629577637,0.6660193204879761,0.03510943427681923,0.33607226610183716,0.6643362045288086,0.02949943207204342,0.4277087152004242,0.6696476936340332,0.030560538172721863,0.38359132409095764,0.6699352264404297,0.0145401107147336,0.40036192536354065,0.7137876152992249,0.010952484793961048,0.42105400562286377,0.7191162705421448,0.014871729537844658,0.4415833353996277,0.6572869420051575,0.010122377425432205,0.39277341961860657,0.6597468256950378,-0.008291623555123806,0.41183748841285706,0.6997448801994324,-0.001358358422294259,0.43495965003967285,0.7015482187271118,0.009545777924358845,0.4578651189804077,0.6490018963813782,-0.01057831197977066,0.4131045639514923,0.6414971351623535,-0.020182885229587555,0.4194537401199341,0.6748740077018738,-0.011620438657701015,0.43921959400177,0.6849867701530457,-0.0024622324854135513
0.48118114471435547,0.7754876613616943,-2.5264861847063e-07,0.43808653950691223,0.7686282396316528,-0.0028585493564605713,0.39922308921813965,0.7380533814430237,-0.006714474409818649,0.36971315741539,0.7076998353004456,-0.015098354779183865,0.33746466040611267,0.6900777220726013,-0.02351278066635132,0.4166494905948639,0.6840528845787048,0.01409496832638979,0.3833889663219452,0.6730673313140869,0.0017894761404022574,0.3555062413215637,0.6713376641273499,-0.0065140146762132645,0.3315935730934143,0.6694161891937256,-0.012724127620458603,0.42918261885643005,0.6666365265846252,0.005796840880066156,0.394672691822052,0.6616910696029663,-0.011870325542986393,0.4179675877094269,0.6975913047790527,-0.014217616990208626,0.43830156326293945,0.6996307969093323,-0.010573536157608032,0.44710981845855713,0.651423990726471,-0.005639323499053717,0.4097916781902313,0.6501086950302124,-0.023857276886701584,0.4308180510997772,0.6842628121376038,-0.01554152648895979,0.4508899748325348,0.6847654581069946,-0.004880754742771387,0.4687768816947937,0.6405319571495056,-0.01804644614458084,0.4333854913711548,0.627321183681488,-0.028987349942326546,0.4407869279384613,0.6531299948692322,-0.02067442610859871,0.45780330896377563,0.6594016551971436,-0.011752954684197903
