0.4240206480026245,0.9002438187599182,7.600543199259846e-07,0.4490153193473816,0.8228445053100586,-0.03698692470788956,0.5117494463920593,0.7828651666641235,-0.05768179893493652,0.5606332421302795,0.8315394520759583,-0.07883808016777039,0.5891507267951965,0.8881590962409973,-0.09985122084617615,0.6277243494987488,0.8031076192855835,-0.03516698628664017,0.706030547618866,0.7905219793319702,-0.06816521286964417,0.7629814743995667,0.782448947429657,-0.09157790243625641,0.8114184737205505,0.7751113772392273,-0.10706635564565659,0.6341692805290222,0.8667588829994202,-0.041767820715904236,0.7255246639251709,0.8677639961242676,-0.07645494490861893,0.7881301641464233,0.8615298271179199,-0.09795182198286057,0.8406948447227478,0.8564009070396423,-0.10908052325248718,0.6154136657714844,0.9243443012237549,-0.05331949517130852,0.6653341054916382,0.9533318877220154,-0.10330342501401901,0.6063488721847534,0.9300857782363892,-0.11527839303016663,0.5566791296005249,0.9093824028968811,-0.10988826304674149,0.5796080231666565,0.9741750359535217,-0.06762820482254028,0.5993178486824036,0.9755539894104004,-0.10999118536710739,0.5569208264350891,0.9510012865066528,-0.11565108597278595,0.5202527046203613,0.9287827014923096,-0.11048328131437302
0.4151337742805481,0.7269046902656555,3.290944334821688e-07,0.45666050910949707,0.639257550239563,-0.016742484644055367,0.5445937514305115,0.6088152527809143,-0.015178464353084564,0.6121532917022705,0.6578235030174255,-0.01639299839735031,0.6513906717300415,0.7064961791038513,-0.01900588348507881,0.6143031716346741,0.6455211043357849,0.013843010179698467,0.6848315596580505,0.6101003289222717,0.004927740432322025,0.7303667068481445,0.5897673964500427,-0.003943681251257658,0.7692047357559204,0.5787917971611023,-0.010930489748716354,0.6247217655181885,0.7038261890411377,0.003877395996823907,0.723588228225708,0.6980615854263306,-0.0065590920858085155,0.785230815410614,0.6895627379417419,-0.019793355837464333,0.8315677046775818,0.6895803809165955,-0.027563193812966347,0.6125317215919495,0.7580702304840088,-0.011264818720519543,0.690497636795044,0.7667347192764282,-0.04207037389278412,0.6870130300521851,0.7451384663581848,-0.05897175893187523,0.678135871887207,0.7361108660697937,-0.0634053573012352,0.5887584090232849,0.8062645196914673,-0.027157818898558617,0.6421619653701782,0.7781739830970764,-0.05488456413149834,0.6095817685127258,0.7444372177124023,-0.0567077100276947,0.571497917175293,0.7309171557426453,-0.053644370287656784
0.3412768542766571,0.5583186745643616,4.4500197304842004e-07,0.3817000389099121,0.4690166413784027,-0.016360044479370117,0.461653470993042,0.43208467960357666,-0.024603741243481636,0.5254544615745544,0.46947595477104187,-0.03863942250609398,0.5686886310577393,0.5143839716911316,-0.05289578065276146,0.5485377907752991,0.4729700982570648,0.003126425901427865,0.6225746870040894,0.4406547546386719,-0.016507774591445923,0.6677675843238831,0.42425474524497986,-0.03158748149871826,0.7071918249130249,0.4177497625350952,-0.04279483109712601,0.5568497776985168,0.5280637741088867,-0.010317369364202023,0.6578086018562317,0.5246766209602356,-0.034931525588035583,0.7187478542327881,0.5139820575714111,-0.05607403442263603,0.7647333741188049,0.5184133052825928,-0.06874943524599075,0.5423418283462524,0.5801440477371216,-0.027779392898082733,0.6181179881095886,0.572942852973938,-0.0666687861084938,0.5714038610458374,0.534317135810852,-0.0753878727555275,0.5260478258132935,0.5209176540374756,-0.07093705236911774,0.5137136578559875,0.6288496851921082,-0.046574436128139496,0.5632277727127075,0.5948703289031982,-0.076968252658844,0.5283719897270203,0.5620662569999695,-0.07629810273647308,0.4897747337818146,0.5524542927742004,-0.06937696784734726
0.32523584365844727,0.4680548310279846,5.060576313553611e-07,0.36387187242507935,0.3778464198112488,-0.019494207575917244,0.44068416953086853,0.34291771054267883,-0.029497193172574043,0.505681037902832,0.3708925247192383,-0.04444091022014618,0.5518363118171692,0.41166025400161743,-0.05834160000085831,0.5334973335266113,0.38757652044296265,0.001903002499602735,0.6128119230270386,0.36698275804519653,-0.015332392416894436,0.6592101454734802,0.3588920533657074,-0.027838312089443207,0.6992383599281311,0.35626935958862305,-0.03844811022281647,0.5394946932792664,0.4457179605960846,-0.01065127830952406,0.6384062767028809,0.44633498787879944,-0.03428519144654274,0.696326732635498,0.43826958537101746,-0.05454148352146149,0.7391043305397034,0.44127511978149414,-0.06760428100824356,0.5219939351081848,0.497781366109848,-0.027367236092686653,0.603152334690094,0.4866184890270233,-0.06627573817968369,0.5534049868583679,0.45004233717918396,-0.07155143469572067,0.507199764251709,0.4371976852416992,-0.06562727689743042,0.4903184771537781,0.5460488796234131,-0.045690394937992096,0.5366548895835876,0.5057512521743774,-0.0785290077328682,0.5010549426078796,0.48005932569503784,-0.07862561196088791,0.46522068977355957,0.4781987965106964,-0.07240992039442062
0.33113712072372437,0.4871280789375305,5.240498808234406e-07,0.3741872012615204,0.39717790484428406,-0.021572107449173927,0.4509872794151306,0.3630323112010956,-0.032719772309064865,0.5144022107124329,0.3923184275627136,-0.04871382564306259,0.5575546026229858,0.4368971288204193,-0.06362654268741608,0.5574682950973511,0.4133363962173462,0.003022165969014168,0.6347878575325012,0.4149837791919708,-0.018787991255521774,0.681236207485199,0.4275979995727539,-0.03722567483782768,0.7230297327041626,0.4464545249938965,-0.05124763026833534,0.5571277737617493,0.4667626619338989,-0.008523375727236271,0.6518133878707886,0.46678340435028076,-0.03425854071974754,0.7053828835487366,0.46383586525917053,-0.05632013455033302,0.750339925289154,0.473137766122818,-0.07035654038190842,0.5354874730110168,0.5178076028823853,-0.025014443323016167,0.6124547123908997,0.5158291459083557,-0.06666631251573563,0.5617759227752686,0.47779637575149536,-0.07345675677061081,0.5161698460578918,0.46071404218673706,-0.06758783757686615,0.4983274042606354,0.5666192770004272,-0.04344732686877251,0.5498108267784119,0.5388922095298767,-0.07729049026966095,0.5135636925697327,0.50666743516922,-0.07705866545438766,0.4761057496070862,0.4938243329524994,-0.0699688270688057
0.33948689699172974,0.48932722210884094,5.431240310826979e-07,0.38603565096855164,0.40032610297203064,-0.020411372184753418,0.46136125922203064,0.36901378631591797,-0.03166652098298073,0.5255994200706482,0.39846983551979065,-0.04829484224319458,0.5696910619735718,0.4409177899360657,-0.06392021477222443,0.5619547367095947,0.4178559184074402,0.004441918805241585,0.6391268372535706,0.42124152183532715,-0.017961755394935608,0.6851155757904053,0.4351406991481781,-0.03702619671821594,0.7264160513877869,0.45550569891929626,-0.05128338560461998,0.5618552565574646,0.47026264667510986,-0.007334569469094276,0.6563726663589478,0.47278961539268494,-0.03389591723680496,0.7108743190765381,0.47147336602211,-0.056752774864435196,0.7561030983924866,0.48228925466537476,-0.07136327028274536,0.5418060421943665,0.5205560922622681,-0.023989448323845863,0.6182680726051331,0.5188549757003784,-0.0643971785902977,0.5693252086639404,0.4795248210430145,-0.07004764676094055,0.524574875831604,0.462291955947876,-0.0636197105050087,0.5076066255569458,0.5688808560371399,-0.0426972396671772,0.5599921345710754,0.5381116271018982,-0.07380890101194382,0.525680661201477,0.507012665271759,-0.07201799005270004,0.489345520734787,0.49681293964385986,-0.06422988325357437
0.34282150864601135,0.4902842044830322,5.161688818589028e-07,0.38800564408302307,0.4022023379802704,-0.019581833854317665,0.46177661418914795,0.3685065805912018,-0.030673595145344734,0.5254378914833069,0.3965674042701721,-0.04693101719021797,0.568938672542572,0.4393446445465088,-0.062407948076725006,0.5650143623352051,0.41833874583244324,0.0024319093208760023,0.6422709822654724,0.4220525026321411,-0.01914731040596962,0.6873172521591187,0.4359566271305084,-0.037885937839746475,0.7287482023239136,0.45571985840797424,-0.05235455930233002,0.5647740960121155,0.4699884057044983,-0.010082571767270565,0.6590137481689453,0.47204485535621643,-0.03554996848106384,0.7123757600784302,0.47105154395103455,-0.057882364839315414,0.758101224899292,0.4811052978038788,-0.07263771444559097,0.5438120365142822,0.5196337699890137,-0.02715360000729561,0.6212549805641174,0.5160449743270874,-0.06685560196638107,0.5737956166267395,0.47903627157211304,-0.07288873195648193,0.5300938487052917,0.46285590529441833,-0.0674203634262085,0.5074130892753601,0.5677344799041748,-0.04612992703914642,0.5623553395271301,0.537756085395813,-0.07775267213582993,0.5278228521347046,0.5061361789703369,-0.07647668570280075,0.4905391335487366,0.4944092929363251,-0.06937362998723984
0.3513197898864746,0.5135828256607056,5.067903998678958e-07,0.3962228298187256,0.41981714963912964,-0.018870553001761436,0.46717894077301025,0.38330382108688354,-0.029584545642137527,0.5319181680679321,0.41097763180732727,-0.04577137529850006,0.5750983357429504,0.4555104374885559,-0.0610378235578537,0.566655695438385,0.42741477489471436,0.005018258932977915,0.643008828163147,0.42676541209220886,-0.016470691189169884,0.6882147789001465,0.43679994344711304,-0.035273101180791855,0.7298855185508728,0.45322638750076294,-0.04950277879834175,0.5677441954612732,0.47966668009757996,-0.007606297265738249,0.6606622934341431,0.4747621417045593,-0.033089231699705124,0.7133640050888062,0.46976086497306824,-0.05526536703109741,0.7595099210739136,0.47756439447402954,-0.06949906796216965,0.5484876036643982,0.5304251909255981,-0.024923332035541534,0.6207743883132935,0.5232044458389282,-0.06427744776010513,0.5708326101303101,0.4881373643875122,-0.06967944651842117,0.5265974998474121,0.4744855761528015,-0.06318838149309158,0.5139279365539551,0.5787696838378906,-0.044199246913194656,0.5661353468894958,0.5463792085647583,-0.07395362108945847,0.5316260457038879,0.515686571598053,-0.0712767168879509,0.49469101428985596,0.5052646398544312,-0.06305719166994095
0.35668402910232544,0.5259519815444946,4.869459644396557e-07,0.39873290061950684,0.4360584020614624,-0.014438921585679054,0.47554656863212585,0.40142470598220825,-0.020629044622182846,0.5393095016479492,0.43200966715812683,-0.033112552016973495,0.5842259526252747,0.4707702696323395,-0.04489477723836899,0.5581952333450317,0.440091609954834,0.011942154727876186,0.6340810656547546,0.4322088062763214,-0.007964011281728745,0.6819097995758057,0.43643689155578613,-0.023132124915719032,0.7243971824645996,0.4494855999946594,-0.03376798331737518,0.5620442032814026,0.491374671459198,-0.0012014624662697315,0.654330849647522,0.4748726785182953,-0.02677593193948269,0.7071574926376343,0.45947855710983276,-0.0459325835108757,0.750893235206604,0.45926859974861145,-0.05591471493244171,0.5477267503738403,0.5428115129470825,-0.018898049369454384,0.6190228462219238,0.5279295444488525,-0.05982430651783943,0.5657181143760681,0.49862778186798096,-0.061948735266923904,0.5219702124595642,0.4903978407382965,-0.050944384187459946,0.5192609429359436,0.5921787023544312,-0.038071226328611374,0.5671771764755249,0.553785502910614,-0.06767977029085159,0.528374969959259,0.5268522500991821,-0.06250611692667007,0.4923364818096161,0.521681010723114,-0.05128829926252365
0.35802823305130005,0.5363692045211792,4.6709200773875637e-07,0.40017837285995483,0.44775456190109253,-0.01483076810836792,0.47634026408195496,0.41808199882507324,-0.020560193806886673,0.5388335585594177,0.4530637264251709,-0.03188541159033775,0.5830039381980896,0.4857785403728485,-0.04293173924088478,0.5561816096305847,0.4547043740749359,0.010744018480181694,0.6323749423027039,0.44721290469169617,-0.00845930352807045,0.6797541379928589,0.4515005350112915,-0.023882411420345306,0.7213654518127441,0.46523934602737427,-0.034809358417987823,0.5596002340316772,0.5054039359092712,-0.0011709174141287804,0.6508758664131165,0.48982658982276917,-0.02510327845811844,0.7038031220436096,0.47563353180885315,-0.045818157494068146,0.7460722327232361,0.4767167866230011,-0.05784659832715988,0.545259952545166,0.5565124750137329,-0.01740366965532303,0.6178271174430847,0.5499796271324158,-0.05747171863913536,0.5710399746894836,0.516355037689209,-0.06527507305145264,0.5276365876197815,0.5033231377601624,-0.05942884460091591,0.5177609920501709,0.6046105027198792,-0.03471514955163002,0.5624142289161682,0.5659043192863464,-0.06602174788713455,0.5258198976516724,0.5364251732826233,-0.06556084752082825,0.48967450857162476,0.529466450214386,-0.05816245824098587
0.3507576584815979,0.5433048009872437,4.823204449166951e-07,0.38978099822998047,0.4512313902378082,-0.016720376908779144,0.46699753403663635,0.4167032837867737,-0.023696618154644966,0.5305727124214172,0.450180321931839,-0.03606978803873062,0.5754159688949585,0.48734042048454285,-0.04808364063501358,0.5541053414344788,0.45397719740867615,0.00915583223104477,0.630506694316864,0.44770002365112305,-0.010773938149213791,0.677578330039978,0.45218491554260254,-0.026874011382460594,0.7190926671028137,0.4654938876628876,-0.038519710302352905,0.5563942193984985,0.5052779912948608,-0.0028358071576803923,0.6480629444122314,0.4909393787384033,-0.02775794081389904,0.701505720615387,0.4769560396671295,-0.04920600727200508,0.7448868155479431,0.477720707654953,-0.0619383230805397,0.5407542586326599,0.5567299127578735,-0.019383657723665237,0.6146928668022156,0.5520418882369995,-0.061185162514448166,0.5647603869438171,0.517737865447998,-0.06913897395133972,0.520247220993042,0.502990186214447,-0.0632346048951149,0.5120574831962585,0.6054544448852539,-0.03712237626314163,0.5580100417137146,0.566050112247467,-0.07064187526702881,0.5191696286201477,0.537090539932251,-0.07062549144029617,0.4822580814361572,0.5292496085166931,-0.06331595778465271
0.3609013259410858,0.5622216463088989,5.265086997496837e-07,0.40260979533195496,0.47511449456214905,-0.017333468422293663,0.4787476360797882,0.440739244222641,-0.02615412324666977,0.5418855547904968,0.47457486391067505,-0.04045940935611725,0.5843896865844727,0.5166322588920593,-0.05409315973520279,0.5652507543563843,0.47734060883522034,0.005586221814155579,0.6410142779350281,0.4722059369087219,-0.016994548961520195,0.6890257596969604,0.47929298877716064,-0.034474216401576996,0.7304997444152832,0.49503225088119507,-0.04648306220769882,0.5673130750656128,0.5286607146263123,-0.006560004781931639,0.660738468170166,0.5165733098983765,-0.03258155658841133,0.7134191989898682,0.5046157240867615,-0.052818723022937775,0.7567554712295532,0.5075700283050537,-0.06394711136817932,0.5505459904670715,0.5814083218574524,-0.02319640852510929,0.6191689968109131,0.5740083456039429,-0.06374742835760117,0.5679348707199097,0.5390747785568237,-0.0678473562002182,0.5244784355163574,0.5255545973777771,-0.05903412774205208,0.5199035406112671,0.6317603588104248,-0.041406698524951935,0.5639351010322571,0.597832441329956,-0.07158055901527405,0.5261977910995483,0.5679490566253662,-0.0677354708313942,0.4914957284927368,0.5591289401054382,-0.057722385972738266
0.37022173404693604,0.5728580951690674,5.178689548301918e-07,0.4125417470932007,0.48679786920547485,-0.01868635229766369,0.48993951082229614,0.4519813358783722,-0.02820071391761303,0.5536194443702698,0.48564907908439636,-0.04296085238456726,0.5974566340446472,0.5311493873596191,-0.05681949481368065,0.5750150084495544,0.4919705092906952,0.003043009201064706,0.6517742276191711,0.4889082908630371,-0.02119315415620804,0.7012600898742676,0.4975458085536957,-0.03966257721185684,0.7444519400596619,0.5147876143455505,-0.05268075317144394,0.5779551267623901,0.5445077419281006,-0.009292916394770145,0.6725739240646362,0.5331411957740784,-0.03767641261219978,0.725957989692688,0.5214537382125854,-0.05924031510949135,0.770133376121521,0.5247954726219177,-0.07146278023719788,0.561262309551239,0.5974962115287781,-0.026037296280264854,0.6324713826179504,0.5924674868583679,-0.06855849176645279,0.5778727531433105,0.5584155321121216,-0.07046717405319214,0.5324200987815857,0.5450307726860046,-0.059985969215631485,0.5299755334854126,0.6481462121009827,-0.044586390256881714,0.57304447889328,0.6137157678604126,-0.07656895369291306,0.5340838432312012,0.5841687917709351,-0.07189316302537918,0.4993339776992798,0.5757705569267273,-0.06107715144753456
0.3634428083896637,0.5916577577590942,4.879263997281669e-07,0.40599411725997925,0.5016798377037048,-0.01854095607995987,0.484069287776947,0.4682132601737976,-0.026907654479146004,0.5477569699287415,0.5019040107727051,-0.04020034521818161,0.5941774249076843,0.5390645861625671,-0.052710600197315216,0.5786384344100952,0.5056394934654236,0.005288386717438698,0.654365599155426,0.5043007135391235,-0.016882101073861122,0.7029675245285034,0.5119292736053467,-0.034681033343076706,0.7457647919654846,0.5282853841781616,-0.047420684248209,0.5808530449867249,0.5580987334251404,-0.007154394872486591,0.6734371185302734,0.5469138622283936,-0.03307737037539482,0.727103590965271,0.5362327694892883,-0.05384315177798271,0.7713898420333862,0.5387046933174133,-0.06598170101642609,0.5629556179046631,0.6107439994812012,-0.024343859404325485,0.6318328380584717,0.6022886037826538,-0.06547774374485016,0.5832825899124146,0.5693749785423279,-0.07087952643632889,0.5406705141067505,0.5568243861198425,-0.0637705996632576,0.5297579169273376,0.6596676111221313,-0.04325968027114868,0.5710031986236572,0.621878981590271,-0.07489185035228729,0.534379243850708,0.5941926836967468,-0.07236775010824203,0.5003902912139893,0.5894029140472412,-0.06369516998529434
0.3459876775741577,0.5835521817207336,4.861769866693066e-07,0.3823675513267517,0.48843833804130554,-0.01622234843671322,0.4589664340019226,0.4523617625236511,-0.022408410906791687,0.5231339931488037,0.4841696619987488,-0.03410886973142624,0.5669236779212952,0.520517110824585,-0.04550105705857277,0.54618239402771,0.48205500841140747,0.010767439380288124,0.6201422810554504,0.4753090441226959,-0.008851826190948486,0.6676334738731384,0.4797689914703369,-0.025562915951013565,0.7096610069274902,0.49205952882766724,-0.03799701854586601,0.5505855083465576,0.5336716175079346,-0.0011067305458709598,0.6390134692192078,0.5156897902488708,-0.025406889617443085,0.691412091255188,0.49918800592422485,-0.047112781554460526,0.735068142414093,0.49690914154052734,-0.060516323894262314,0.5367157459259033,0.5861003994941711,-0.017537135630846024,0.6084315180778503,0.579754114151001,-0.05691692978143692,0.5580547451972961,0.5504978895187378,-0.06362168490886688,0.5140060782432556,0.5384795069694519,-0.05787425860762596,0.5097845196723938,0.6361992955207825,-0.03548087924718857,0.5497066378593445,0.5974679589271545,-0.06676676869392395,0.5129927396774292,0.5718023777008057,-0.06648095697164536,0.4795065224170685,0.5651054978370667,-0.05967526510357857
0.36055177450180054,0.5959575772285461,5.404316993917746e-07,0.3900526762008667,0.5118506550788879,-0.02161720022559166,0.45453712344169617,0.46716707944869995,-0.036091290414333344,0.5121670365333557,0.49106764793395996,-0.05386967957019806,0.557341456413269,0.5230653285980225,-0.07106617838144302,0.5635998845100403,0.4900628626346588,-0.013205906376242638,0.6376479268074036,0.47874605655670166,-0.03917374461889267,0.6865701675415039,0.4764671325683594,-0.05861717090010643,0.7306050062179565,0.48273900151252747,-0.0728149339556694,0.5656262636184692,0.543218195438385,-0.025986287742853165,0.6550031900405884,0.5197507739067078,-0.055425114929676056,0.707621157169342,0.5020251274108887,-0.07909885048866272,0.7515476942062378,0.49758562445640564,-0.09381254017353058,0.5468027591705322,0.597572922706604,-0.04230298846960068,0.605831503868103,0.5809848308563232,-0.08668482303619385,0.5575844049453735,0.5477726459503174,-0.09764426201581955,0.5172356367111206,0.533685028553009,-0.09493036568164825,0.5137131214141846,0.645578145980835,-0.059815555810928345,0.5395486950874329,0.5947840213775635,-0.09723271429538727,0.4991297721862793,0.5648117065429688,-0.10080108046531677,0.4651449918746948,0.5576820969581604,-0.09621848165988922
0.5967826843261719,0.6527590751647949,6.584546099475119e-07,0.55999356508255,0.5954498052597046,-0.0134297339245677,0.48756131529808044,0.5900704264640808,-0.036068860441446304,0.43077486753463745,0.6344215869903564,-0.054922059178352356,0.3876597583293915,0.6713637709617615,-0.07708197087049484,0.4975866377353668,0.5471466779708862,-0.07805025577545166,0.42703384160995483,0.5275036096572876,-0.105965755879879,0.38045015931129456,0.5158843398094177,-0.11935706436634064,0.3416554629802704,0.5082226395606995,-0.12731431424617767,0.5038322806358337,0.597112774848938,-0.08544505387544632,0.4237983226776123,0.580383837223053,-0.11426060646772385,0.36955374479293823,0.5671098828315735,-0.12555114924907684,0.32848846912384033,0.5583817362785339,-0.13369597494602203,0.5110464096069336,0.655676543712616,-0.0887346863746643,0.41651952266693115,0.6745714545249939,-0.11561176180839539,0.4000808000564575,0.6769521832466125,-0.11532796919345856,0.4001065492630005,0.6762918829917908,-0.11182237416505814,0.518674910068512,0.7170458436012268,-0.0906858816742897,0.4472365975379944,0.7227570414543152,-0.11059962213039398,0.44870179891586304,0.7139333486557007,-0.10572744905948639,0.46545958518981934,0.7056398391723633,-0.09942613542079926
0.6365936994552612,0.6441653370857239,5.230147621659853e-07,0.5856644511222839,0.5865965485572815,0.0015208441764116287,0.5124388337135315,0.5771596431732178,-0.010844441130757332,0.46036919951438904,0.6267053484916687,-0.022015126422047615,0.4279554784297943,0.67356276512146,-0.036127910017967224,0.5026048421859741,0.5503590703010559,-0.055867940187454224,0.410023033618927,0.5450308322906494,-0.08003557473421097,0.3565787971019745,0.5388583540916443,-0.09060797840356827,0.31271547079086304,0.5339402556419373,-0.09490100294351578,0.5122670531272888,0.599032461643219,-0.06679558753967285,0.406039834022522,0.5970374345779419,-0.08765275776386261,0.34403467178344727,0.5958390235900879,-0.09395641088485718,0.2968459129333496,0.600658655166626,-0.0973968654870987,0.5252712368965149,0.6524630188941956,-0.07294019311666489,0.43935754895210266,0.6747491359710693,-0.09225427359342575,0.42873847484588623,0.6800916194915771,-0.08751660585403442,0.4309062957763672,0.6852148771286011,-0.07928944379091263,0.5399213433265686,0.7074704170227051,-0.0769830122590065,0.47079703211784363,0.7184444069862366,-0.08564776927232742,0.4768110513687134,0.7137914896011353,-0.07169459015130997,0.4956337809562683,0.7102765440940857,-0.05834536999464035
0.6211562752723694,0.6207000613212585,5.153286224413023e-07,0.5605255961418152,0.5647546052932739,0.007696686312556267,0.478450208902359,0.5669843554496765,-0.0042882212437689304,0.42410141229629517,0.6233438849449158,-0.0174751877784729,0.3891761004924774,0.6695387959480286,-0.032584208995103836,0.46415889263153076,0.5278290510177612,-0.05324416235089302,0.36620572209358215,0.5341784358024597,-0.08173201978206635,0.3107326030731201,0.5300460457801819,-0.09806755185127258,0.26223790645599365,0.5267991423606873,-0.10808224976062775,0.47591689229011536,0.574597179889679,-0.06867198646068573,0.3642004728317261,0.5785132646560669,-0.09003733843564987,0.3010112941265106,0.578244149684906,-0.09849129617214203,0.24856407940387726,0.5805671811103821,-0.10666115581989288,0.4926551580429077,0.6301320195198059,-0.07893091440200806,0.3939353823661804,0.6554509401321411,-0.0949307456612587,0.41108590364456177,0.6594959497451782,-0.08194354176521301,0.4359176754951477,0.6594763994216919,-0.06995287537574768,0.5118022561073303,0.6860105395317078,-0.0877993181347847,0.4390551447868347,0.695425271987915,-0.09695060551166534,0.44297608733177185,0.6847609877586365,-0.0839109867811203,0.45649367570877075,0.6748834848403931,-0.07189024239778519
0.6258747577667236,0.59416663646698,5.714236976928078e-07,0.5634249448776245,0.5421128273010254,0.008105482906103134,0.4826469421386719,0.5475079417228699,-0.004528428893536329,0.42776796221733093,0.6052266359329224,-0.01917264796793461,0.391806423664093,0.6505144834518433,-0.03488096967339516,0.4683460295200348,0.5024380087852478,-0.04986020550131798,0.3715515434741974,0.5008699297904968,-0.07869692146778107,0.315579891204834,0.4925421476364136,-0.09587118029594421,0.26830363273620605,0.4881565570831299,-0.10679206997156143,0.4793091118335724,0.5461902022361755,-0.06622501462697983,0.36802273988723755,0.5420683026313782,-0.09067641943693161,0.3038317561149597,0.5375170111656189,-0.10227253288030624,0.25219208002090454,0.5360121726989746,-0.11248372495174408,0.4946896731853485,0.6030574440956116,-0.07720396667718887,0.39340585470199585,0.6293326020240784,-0.09282536059617996,0.4183961749076843,0.6345272064208984,-0.0750986784696579,0.4464277923107147,0.6333644986152649,-0.06014304980635643,0.5124586820602417,0.659314751625061,-0.08712680637836456,0.44164636731147766,0.673153281211853,-0.09446924924850464,0.4581732749938965,0.6653468012809753,-0.07690773904323578,0.4789528250694275,0.65885990858078,-0.061717741191387177
0.6274044513702393,0.5802956819534302,5.511881226993864e-07,0.5677492618560791,0.5314639806747437,0.008227583952248096,0.48854371905326843,0.5320497751235962,-0.005443061701953411,0.4335521459579468,0.5878018140792847,-0.021685423329472542,0.3983997404575348,0.6314198970794678,-0.03941911458969116,0.47622692584991455,0.4844207465648651,-0.04917440935969353,0.3797563910484314,0.4811341166496277,-0.0795503482222557,0.3244413137435913,0.47109851241111755,-0.09837853908538818,0.2768571376800537,0.46417006850242615,-0.11073742061853409,0.48786690831184387,0.5262796878814697,-0.06676565855741501,0.3760477304458618,0.5177346467971802,-0.09136859327554703,0.31311118602752686,0.5112743973731995,-0.10371904075145721,0.26040175557136536,0.5074175000190735,-0.11498530209064484,0.5029439330101013,0.5817358493804932,-0.07938724756240845,0.39991503953933716,0.6013878583908081,-0.09570533782243729,0.42466917634010315,0.6101471781730652,-0.07864416390657425,0.45259231328964233,0.6110300421714783,-0.06416083127260208,0.5191108584403992,0.638909101486206,-0.09112522751092911,0.44455403089523315,0.6480283737182617,-0.10000752657651901,0.45631515979766846,0.6405750513076782,-0.08435063064098358,0.47381502389907837,0.6331324577331543,-0.07065771520137787
0.626093327999115,0.5595391392707825,4.968693474438624e-07,0.5679306983947754,0.5119463205337524,0.00959782488644123,0.4902878701686859,0.5124279260635376,-0.0036333585157990456,0.43669864535331726,0.5663712620735168,-0.019439520314335823,0.402398020029068,0.6110283732414246,-0.036952320486307144,0.47395578026771545,0.46432220935821533,-0.048044223338365555,0.3781321942806244,0.4642271101474762,-0.078534796833992,0.32337015867233276,0.45558658242225647,-0.09858860820531845,0.2754231095314026,0.44949573278427124,-0.1119443029165268,0.4871387481689453,0.5037883520126343,-0.06572061032056808,0.3759501576423645,0.5014479756355286,-0.08839363604784012,0.3140583038330078,0.49781203269958496,-0.09963860362768173,0.2598426640033722,0.49740296602249146,-0.11058036983013153,0.504077672958374,0.5564730167388916,-0.07850739359855652,0.4011569023132324,0.5819316506385803,-0.0936802551150322,0.4246861934661865,0.589686393737793,-0.07760780304670334,0.4517846405506134,0.5894575715065002,-0.06416622549295425,0.5218149423599243,0.6130052804946899,-0.09033261984586716,0.4470556378364563,0.6285407543182373,-0.09951212257146835,0.44930195808410645,0.6203927397727966,-0.08605600148439407,0.45787450671195984,0.609382152557373,-0.07417245209217072
0.6349181532859802,0.5512999892234802,4.3797646753773734e-07,0.5740946531295776,0.4953373372554779,0.01893903873860836,0.4938744008541107,0.4952380061149597,0.01002861000597477,0.4378882646560669,0.548328697681427,-0.0029220106080174446,0.406652569770813,0.5946165919303894,-0.017144659534096718,0.4654248058795929,0.452462762594223,-0.04585222154855728,0.3617447018623352,0.45909205079078674,-0.07706712931394577,0.3041946291923523,0.4562138319015503,-0.09813199192285538,0.2540503144264221,0.45946162939071655,-0.11331525444984436,0.48215246200561523,0.4948095381259918,-0.06786371767520905,0.3620201349258423,0.49992305040359497,-0.09255357086658478,0.2965153753757477,0.5000139474868774,-0.10544487088918686,0.23837906122207642,0.5045446753501892,-0.11892864108085632,0.502123236656189,0.5524036884307861,-0.08400136977434158,0.3867860436439514,0.5806914567947388,-0.0974811390042305,0.41489389538764954,0.5852282643318176,-0.07799852639436722,0.44538310170173645,0.5803433656692505,-0.06394465267658234,0.5213301777839661,0.6106538772583008,-0.09895554184913635,0.4408840537071228,0.6300439238548279,-0.11121216416358948,0.4284464120864868,0.6232966184616089,-0.10220859944820404,0.42114585638046265,0.6117304563522339,-0.09404629468917847
0.6292022466659546,0.5232092142105103,4.715183195003192e-07,0.5658674240112305,0.46578726172447205,0.02083231508731842,0.4869495630264282,0.45847123861312866,0.01416624616831541,0.4328543245792389,0.5048190355300903,0.0018486273474991322,0.40663206577301025,0.552028238773346,-0.011817911639809608,0.45051783323287964,0.4266993999481201,-0.033650364726781845,0.34936389327049255,0.43391913175582886,-0.06251073628664017,0.29131150245666504,0.42948174476623535,-0.08279528468847275,0.24220912158489227,0.429864764213562,-0.09712668508291245,0.462522953748703,0.46661025285720825,-0.056466616690158844,0.34881457686424255,0.47109463810920715,-0.08046893775463104,0.2814261019229889,0.47191011905670166,-0.09521428495645523,0.22405071556568146,0.47550904750823975,-0.10909032076597214,0.48118650913238525,0.5239542126655579,-0.07362087815999985,0.37114179134368896,0.5569853782653809,-0.08491139113903046,0.4026179313659668,0.5643975734710693,-0.06427042186260223,0.4340772032737732,0.5589413046836853,-0.048989780247211456,0.5025132298469543,0.5813156366348267,-0.08993273228406906,0.427312433719635,0.6081218123435974,-0.09718251973390579,0.41951245069503784,0.6052622199058533,-0.08411004394292831,0.4147745370864868,0.5955629944801331,-0.07294797152280807
0.6243445873260498,0.4881129264831543,3.4620086353243096e-07,0.5588038563728333,0.4247923493385315,0.029328742995858192,0.48071759939193726,0.4194105267524719,0.0275098979473114,0.42669665813446045,0.46382570266723633,0.01820964924991131,0.4017462730407715,0.5126776099205017,0.0074134813621640205,0.43763870000839233,0.3850449025630951,-0.02440965175628662,0.33722949028015137,0.393007755279541,-0.05089617520570755,0.27946963906288147,0.39014387130737305,-0.07174358516931534,0.23039856553077698,0.39522039890289307,-0.08782462030649185,0.4493849575519562,0.4211762249469757,-0.05077669396996498,0.334702730178833,0.4303000569343567,-0.07151338458061218,0.26818251609802246,0.4334729015827179,-0.0866515189409256,0.21300514042377472,0.44020479917526245,-0.10265611112117767,0.4673822820186615,0.47755298018455505,-0.07098785042762756,0.3556153178215027,0.5131048560142517,-0.07675180584192276,0.3885909914970398,0.5236568450927734,-0.054257582873106,0.4208057224750519,0.5199317336082458,-0.040209200233221054,0.48828834295272827,0.5352742075920105,-0.09015458077192307,0.4099484384059906,0.5687255859375,-0.09397202730178833,0.40850940346717834,0.5701618194580078,-0.0795702189207077,0.41041821241378784,0.5614776015281677,-0.06867262721061707
0.6319955587387085,0.48185962438583374,3.719172809724114e-07,0.5640360116958618,0.42337584495544434,0.029470717534422874,0.4839288592338562,0.42662155628204346,0.026306582614779472,0.4281906187534332,0.48108798265457153,0.01492090243846178,0.4028562605381012,0.5320174098014832,0.0025198636576533318,0.4456698000431061,0.3778904974460602,-0.020832017064094543,0.3472685217857361,0.38226187229156494,-0.04600435867905617,0.2914797365665436,0.376693457365036,-0.06606561690568924,0.24316398799419403,0.3771454393863678,-0.08244987577199936,0.456978976726532,0.412945955991745,-0.04867330566048622,0.3459206223487854,0.4211253523826599,-0.07015916705131531,0.2805778980255127,0.4202943444252014,-0.08744309097528458,0.2256445288658142,0.42004311084747314,-0.10558270663022995,0.4753318727016449,0.4685412049293518,-0.07036934047937393,0.36799558997154236,0.5020071268081665,-0.07637390494346619,0.40286386013031006,0.5137353539466858,-0.05478043854236603,0.4340992271900177,0.5101211667060852,-0.04199404641985893,0.4970495402812958,0.5255257487297058,-0.09108713269233704,0.424999862909317,0.5574126839637756,-0.0942283347249031,0.4299946427345276,0.5573447942733765,-0.0796450600028038,0.4358677566051483,0.5469739437103271,-0.06928129494190216
0.6429812908172607,0.5173386335372925,4.475793673464068e-07,0.577412486076355,0.462390273809433,0.022658037021756172,0.4953932464122772,0.4657760262489319,0.015234093181788921,0.43832069635391235,0.5222985148429871,0.0016507338732481003,0.41073811054229736,0.5705119371414185,-0.012818311341106892,0.4677700996398926,0.4152281880378723,-0.03319696709513664,0.36633235216140747,0.4205643832683563,-0.05881952494382858,0.31080806255340576,0.4166945517063141,-0.07592934370040894,0.26244640350341797,0.41899511218070984,-0.08975855261087418,0.4802669286727905,0.4540629982948303,-0.058011334389448166,0.36586862802505493,0.45936068892478943,-0.08245129883289337,0.29918786883354187,0.45644664764404297,-0.09800218790769577,0.2422623485326767,0.45525527000427246,-0.11392935365438461,0.4972193241119385,0.5112991333007812,-0.07658422738313675,0.3867705166339874,0.5421973466873169,-0.08606962114572525,0.4182046055793762,0.5478236079216003,-0.06419627368450165,0.44772183895111084,0.5432901978492737,-0.050049904733896255,0.5161559581756592,0.569159984588623,-0.09427937120199203,0.44275224208831787,0.5917720198631287,-0.09940730035305023,0.4497227966785431,0.5830159187316895,-0.08458797633647919,0.4586183726787567,0.5699086785316467,-0.07361152023077011
0.6513679027557373,0.5500343441963196,4.913777047477197e-07,0.5861473083496094,0.4914049506187439,0.018946992233395576,0.5030171871185303,0.4943143427371979,0.00966009683907032,0.44675037264823914,0.552658200263977,-0.0042378781363368034,0.41563880443573,0.6018900275230408,-0.019155656918883324,0.4789965748786926,0.4462090730667114,-0.0408393032848835,0.37860286235809326,0.44641953706741333,-0.06977250427007675,0.32268577814102173,0.4376377761363983,-0.09004630148410797,0.27315378189086914,0.4352996051311493,-0.10540861636400223,0.49300116300582886,0.48843032121658325,-0.06301641464233398,0.3790492117404938,0.48567572236061096,-0.08615615963935852,0.3148438334465027,0.4792534112930298,-0.09966179728507996,0.2585611939430237,0.4756688177585602,-0.1145266517996788,0.5100567936897278,0.5463029742240906,-0.07931415736675262,0.39878448843955994,0.5675249099731445,-0.0896819531917572,0.4287721812725067,0.5732465386390686,-0.06861396878957748,0.4594627618789673,0.5704823732376099,-0.05475490167737007,0.52815181016922,0.6031267046928406,-0.09468472003936768,0.45283395051956177,0.6146748661994934,-0.10107278823852539,0.4612964987754822,0.6043568849563599,-0.0863630622625351,0.4732533097267151,0.5918564200401306,-0.07510677725076675
0.6603513956069946,0.5866308808326721,5.279255219647894e-07,0.5967886447906494,0.5270030498504639,0.017103973776102066,0.5126349329948425,0.5223013758659363,0.006996197625994682,0.4556644558906555,0.5759337544441223,-0.006744017358869314,0.42400047183036804,0.6216706037521362,-0.021822525188326836,0.49043676257133484,0.47858336567878723,-0.04485495388507843,0.3894267976284027,0.4756545126438141,-0.0718669518828392,0.3347320854663849,0.4643585681915283,-0.08903799206018448,0.28654640913009644,0.45959731936454773,-0.10145960003137589,0.5033746957778931,0.5248241424560547,-0.06516812741756439,0.38990819454193115,0.5163711309432983,-0.0868486762046814,0.3267230987548828,0.5077368021011353,-0.09759943932294846,0.27187472581863403,0.5054394006729126,-0.10953038185834885,0.5189336538314819,0.5853877663612366,-0.07928135246038437,0.40837058424949646,0.6029015183448792,-0.08911903202533722,0.438598096370697,0.607118546962738,-0.06767024844884872,0.4686771333217621,0.6060534715652466,-0.0529765747487545,0.5361348390579224,0.6448841691017151,-0.09231655299663544,0.46258851885795593,0.6505044102668762,-0.09707137197256088,0.47476837038993835,0.6387836337089539,-0.08010757714509964,0.4890388548374176,0.6276877522468567,-0.06687574833631516
0.6599622964859009,0.5887959003448486,4.5021144501333765e-07,0.5955941677093506,0.5250875949859619,0.021341286599636078,0.5146362781524658,0.5145391821861267,0.014143874868750572,0.45849156379699707,0.5596331357955933,0.002096511423587799,0.42785999178886414,0.6048800945281982,-0.011476105079054832,0.4853576123714447,0.47924137115478516,-0.04027152433991432,0.38250577449798584,0.4808802902698517,-0.06824775785207748,0.3263184130191803,0.4730057418346405,-0.08732931315898895,0.2775764763355255,0.4716109037399292,-0.1012706607580185,0.498418927192688,0.5252954959869385,-0.06309328973293304,0.3831661343574524,0.5221448540687561,-0.08437684923410416,0.31898289918899536,0.5177254676818848,-0.09580767899751663,0.26439929008483887,0.5177781581878662,-0.10866653919219971,0.5155437588691711,0.5866018533706665,-0.0799567848443985,0.39936113357543945,0.6029713153839111,-0.08926107734441757,0.42700064182281494,0.6100398302078247,-0.06819159537553787,0.4580332934856415,0.6092907786369324,-0.0541369654238224,0.5340412259101868,0.6463876366615295,-0.09575225412845612,0.45374706387519836,0.6554939150810242,-0.10302047431468964,0.45317479968070984,0.6471134424209595,-0.08971630781888962,0.45840632915496826,0.6369596719741821,-0.07882245630025864
0.6583104133605957,0.5839639902114868,4.6301963152473036e-07,0.5951741337776184,0.5250946879386902,0.017985129728913307,0.5131093263626099,0.5229219794273376,0.007027419283986092,0.45605379343032837,0.5789070725440979,-0.008037066087126732,0.42314913868904114,0.62546306848526,-0.024546800181269646,0.49385783076286316,0.4720724821090698,-0.04582156613469124,0.3947751522064209,0.46884527802467346,-0.0751495286822319,0.3403342366218567,0.4569457173347473,-0.09527246654033661,0.29207491874694824,0.449955016374588,-0.11032142490148544,0.5088674426078796,0.5155442357063293,-0.06800976395606995,0.3952973484992981,0.5087848901748657,-0.0919523686170578,0.33296895027160645,0.5000751614570618,-0.10584228485822678,0.2789590060710907,0.49422481656074524,-0.12056537717580795,0.5257782936096191,0.5733672380447388,-0.08395817875862122,0.41286593675613403,0.5895013809204102,-0.09641869366168976,0.4401308000087738,0.6001010537147522,-0.07744605839252472,0.46958333253860474,0.6012781858444214,-0.06437212973833084,0.5430938601493835,0.6298515796661377,-0.09855253249406815,0.4647473394870758,0.6416057348251343,-0.10609479993581772,0.47331443428993225,0.6329272985458374,-0.09152714908123016,0.4873429834842682,0.6206462383270264,-0.07997357100248337
0.6536753177642822,0.5898463726043701,5.015767783334013e-07,0.5939623117446899,0.530236005783081,0.015559102408587933,0.5121277570724487,0.5246615409851074,0.0022949534468352795,0.4530869126319885,0.5771085619926453,-0.0143470773473382,0.4139685034751892,0.6193761825561523,-0.032439935952425,0.49942541122436523,0.47360819578170776,-0.052744749933481216,0.39874181151390076,0.4646461606025696,-0.08406471461057663,0.3439478874206543,0.4498786926269531,-0.10381048917770386,0.2949156165122986,0.43873131275177,-0.11791635304689407,0.5130778551101685,0.5177532434463501,-0.07414142787456512,0.39566731452941895,0.503411591053009,-0.1006188839673996,0.3327670097351074,0.4913710355758667,-0.11349862068891525,0.27764907479286194,0.4827202260494232,-0.12656071782112122,0.527781069278717,0.5754531621932983,-0.08917280286550522,0.41500943899154663,0.5841171741485596,-0.1046626940369606,0.44253793358802795,0.5943887233734131,-0.08480726182460785,0.4715021252632141,0.5970067977905273,-0.06990137696266174,0.5433746576309204,0.6333349347114563,-0.10274682193994522,0.46316567063331604,0.638103723526001,-0.11099237203598022,0.4737301766872406,0.6301393508911133,-0.09492939710617065,0.4897577166557312,0.6205549836158752,-0.08196999132633209
0.6387135982513428,0.5864562392234802,5.156737756806251e-07,0.5806847214698792,0.5324543714523315,0.01257078256458044,0.5011212229728699,0.5253170132637024,-0.0021266890689730644,0.44266006350517273,0.5737717151641846,-0.020101318135857582,0.4034821689128876,0.6126976013183594,-0.03962021693587303,0.48902520537376404,0.4729512333869934,-0.05402328073978424,0.3896484971046448,0.45945820212364197,-0.08728508651256561,0.3359614610671997,0.4419112801551819,-0.10898499935865402,0.28758227825164795,0.4278374910354614,-0.124372698366642,0.5024197101593018,0.5137097239494324,-0.07499998807907104,0.3871918320655823,0.49775445461273193,-0.10166583210229874,0.32494446635246277,0.48524796962738037,-0.11516856402158737,0.2696366310119629,0.4754064977169037,-0.12890450656414032,0.5168196558952332,0.5701398253440857,-0.09047234803438187,0.40319132804870605,0.578071653842926,-0.10710252076387405,0.42703524231910706,0.591086745262146,-0.08941840380430222,0.45490312576293945,0.5947656631469727,-0.07596742361783981,0.5305887460708618,0.6289700865745544,-0.10484921187162399,0.4495193064212799,0.6357012391090393,-0.11558971554040909,0.45007336139678955,0.6290417313575745,-0.10322820395231247,0.45800191164016724,0.618310809135437,-0.09286043047904968
0.6308241486549377,0.5775564908981323,5.100744147057412e-07,0.571801483631134,0.5279359817504883,0.011606793850660324,0.49423807859420776,0.5238525867462158,-0.003832340007647872,0.43792709708213806,0.5737919211387634,-0.022594083100557327,0.3990098237991333,0.6115086078643799,-0.04278368502855301,0.48001837730407715,0.4689430594444275,-0.05267088860273361,0.3823959529399872,0.45773687958717346,-0.084830142557621,0.3296348452568054,0.443218469619751,-0.10519452393054962,0.2820820212364197,0.4328739047050476,-0.11931689083576202,0.4932337999343872,0.5085705518722534,-0.073207326233387,0.38041776418685913,0.4963521361351013,-0.09959091246128082,0.31887853145599365,0.48709172010421753,-0.11202996969223022,0.2634863257408142,0.4816330075263977,-0.12433980405330658,0.5086376667022705,0.5640596151351929,-0.08839637786149979,0.39954492449760437,0.5819269418716431,-0.10489295423030853,0.4256293773651123,0.5918601155281067,-0.0866699069738388,0.45339399576187134,0.5927999019622803,-0.07256660610437393,0.524384617805481,0.6225711703300476,-0.10264962166547775,0.4462195336818695,0.6323529481887817,-0.11276234686374664,0.45012393593788147,0.6259006857872009,-0.09909193962812424,0.4601577818393707,0.6159758567810059,-0.0875721275806427
0.6178466081619263,0.5962307453155518,5.460787519950827e-07,0.5622742176055908,0.5370153188705444,0.007856244221329689,0.4847666025161743,0.5260128974914551,-0.009991900064051151,0.42563629150390625,0.5748075842857361,-0.030212441459298134,0.38270190358161926,0.613747239112854,-0.05200902745127678,0.4779321551322937,0.465107798576355,-0.06136786565184593,0.38750147819519043,0.44248393177986145,-0.09694449603557587,0.3356204032897949,0.41935598850250244,-0.12054968625307083,0.2901732921600342,0.40002256631851196,-0.13698984682559967,0.49094390869140625,0.5039058327674866,-0.07982559502124786,0.38331541419029236,0.480679988861084,-0.11194616556167603,0.32258307933807373,0.46261388063430786,-0.12922094762325287,0.2699350118637085,0.44786006212234497,-0.1446613073348999,0.5039606094360352,0.5614166855812073,-0.09223511815071106,0.3970760703086853,0.5705242156982422,-0.11046954989433289,0.42129698395729065,0.5819860100746155,-0.09087330102920532,0.4487237334251404,0.58389812707901,-0.07558310031890869,0.5168869495391846,0.6206408143043518,-0.10382271558046341,0.43352770805358887,0.6263498067855835,-0.11212010681629181,0.44285619258880615,0.6227526068687439,-0.0946372002363205,0.461543470621109,0.6167124509811401,-0.08048903197050095
0.5360820293426514,0.6628824472427368,6.017309033268248e-07,0.4852420687675476,0.5963536500930786,-0.009961427189409733,0.43686798214912415,0.551762044429779,-0.03933315351605415,0.386192262172699,0.5533429384231567,-0.07129519432783127,0.3481540381908417,0.5628886818885803,-0.10519177466630936,0.4605695605278015,0.4562629461288452,-0.06715547293424606,0.4069031774997711,0.3926246166229248,-0.11103226244449615,0.37429293990135193,0.34512898325920105,-0.14063133299350739,0.3464418947696686,0.29952895641326904,-0.16118969023227692,0.48925235867500305,0.4748840630054474,-0.08597026020288467,0.4205881357192993,0.40677499771118164,-0.13060490787029266,0.3800189793109894,0.35518908500671387,-0.15481708943843842,0.34770864248275757,0.30615949630737305,-0.1715705543756485,0.5096789002418518,0.5213033556938171,-0.102020762860775,0.413705974817276,0.5169128179550171,-0.1385580599308014,0.4026830792427063,0.5543010830879211,-0.1289099007844925,0.4133355915546417,0.5723795294761658,-0.11626045405864716,0.518047571182251,0.5819686055183411,-0.1187889501452446,0.4369550049304962,0.589354395866394,-0.14062289893627167,0.4153657555580139,0.6006951332092285,-0.1297527700662613,0.4178251624107361,0.5986698269844055,-0.11849910765886307
0.37724557518959045,0.6674961447715759,8.183968702724087e-07,0.34161582589149475,0.593183159828186,-0.03200136497616768,0.339651495218277,0.5173719525337219,-0.05746239051222801,0.3735051155090332,0.5184873938560486,-0.08306723833084106,0.41330409049987793,0.5429282784461975,-0.10951459407806396,0.436429888010025,0.4457513689994812,-0.05850284919142723,0.491166889667511,0.37774157524108887,-0.0982140600681305,0.5290873050689697,0.33044809103012085,-0.12617157399654388,0.5648044347763062,0.29315996170043945,-0.1456500142812729,0.47227805852890015,0.48552894592285156,-0.06788354367017746,0.523267388343811,0.4112505316734314,-0.10818339884281158,0.5567228198051453,0.35730859637260437,-0.13426566123962402,0.5868116021156311,0.3120827078819275,-0.15036898851394653,0.4891786277294159,0.5410630106925964,-0.07913071662187576,0.4976635277271271,0.5172917246818542,-0.12473880499601364,0.4423150420188904,0.534188985824585,-0.13756564259529114,0.39733147621154785,0.5497480034828186,-0.13811537623405457,0.48649874329566956,0.5994079113006592,-0.09284249693155289,0.44278618693351746,0.6009149551391602,-0.13189388811588287,0.39289411902427673,0.5987067222595215,-0.1414894312620163,0.3575781583786011,0.5956472754478455,-0.14209628105163574
0.35354939103126526,0.7216477394104004,6.904563747411885e-07,0.3338122069835663,0.6369016766548157,-0.032424889504909515,0.3605220913887024,0.5666064023971558,-0.05182698741555214,0.4091808795928955,0.5821406841278076,-0.07065924257040024,0.4494716227054596,0.6054459810256958,-0.08970262110233307,0.45879387855529785,0.5012078881263733,-0.04113610461354256,0.5194007754325867,0.44568920135498047,-0.0738234743475914,0.5622100234031677,0.4080146551132202,-0.09850585460662842,0.6007518768310547,0.3795289397239685,-0.11681611090898514,0.4845542311668396,0.5478211641311646,-0.048959050327539444,0.5469324588775635,0.4850742220878601,-0.08339995890855789,0.5872395634651184,0.4420351982116699,-0.11023030430078506,0.6229506134986877,0.4086954593658447,-0.12849947810173035,0.4906451404094696,0.6067862510681152,-0.05997316539287567,0.5378590822219849,0.5833494663238525,-0.10705817490816116,0.4931454658508301,0.5906693935394287,-0.1282701939344406,0.4524620771408081,0.6009342074394226,-0.1352851241827011,0.4804902672767639,0.6674161553382874,-0.07283155620098114,0.46146324276924133,0.6592209339141846,-0.1181674599647522,0.4143012464046478,0.6536932587623596,-0.1356104463338852,0.379107266664505,0.6491645574569702,-0.14204439520835876
0.3079368472099304,0.7700088024139404,4.986641783943924e-07,0.3120209574699402,0.6803935170173645,-0.023761508986353874,0.3610129952430725,0.620622992515564,-0.035582367330789566,0.41360047459602356,0.6473022699356079,-0.04887906089425087,0.45204541087150574,0.6780082583427429,-0.062379878014326096,0.45998674631118774,0.5957438945770264,-0.021305782720446587,0.5269725322723389,0.5558424592018127,-0.045214515179395676,0.5725224018096924,0.5329399108886719,-0.0632782056927681,0.6132190227508545,0.515936553478241,-0.07768848538398743,0.47756892442703247,0.6464900970458984,-0.030050130560994148,0.5508193969726562,0.5986177921295166,-0.05577506870031357,0.5939223170280457,0.5651243329048157,-0.0778171718120575,0.6294490694999695,0.5409446954727173,-0.09339780360460281,0.47328850626945496,0.7027043700218201,-0.041846081614494324,0.5318641662597656,0.680253267288208,-0.08107394725084305,0.4855738878250122,0.6702157258987427,-0.09695157408714294,0.4444536864757538,0.666644275188446,-0.10102515667676926,0.4532373249530792,0.7599321603775024,-0.055015113204717636,0.45425131916999817,0.7311952710151672,-0.09369377046823502,0.4108089208602905,0.7140020728111267,-0.10610245913267136,0.3774152994155884,0.7052842378616333,-0.10939406603574753
0.3205816149711609,0.7593324184417725,5.428597091849952e-07,0.3351749777793884,0.6734934449195862,-0.02234734036028385,0.39122867584228516,0.6237034797668457,-0.03368226811289787,0.44220536947250366,0.6485444903373718,-0.046816349029541016,0.4800444543361664,0.6765885353088379,-0.059456974267959595,0.4913398325443268,0.6185170412063599,-0.01624043472111225,0.5612842440605164,0.6027573943138123,-0.03871559351682663,0.6083948612213135,0.5984228253364563,-0.054062362760305405,0.6501554846763611,0.5971579551696777,-0.0653165727853775,0.5012443661689758,0.6711315512657166,-0.02477119490504265,0.5780721306800842,0.6380899548530579,-0.04942109063267708,0.6212183237075806,0.6171740293502808,-0.06702251732349396,0.6582366228103638,0.6036399006843567,-0.0773744061589241,0.4904235899448395,0.7265223264694214,-0.03673739731311798,0.5340123772621155,0.7022871375083923,-0.07585872709751129,0.4849035143852234,0.6807656288146973,-0.08674731105566025,0.4468683898448944,0.6698147654533386,-0.08499874174594879,0.4647204875946045,0.7788658738136292,-0.05004348233342171,0.4697205126285553,0.7404206395149231,-0.08598383516073227,0.43132200837135315,0.7154267430305481,-0.09366752207279205,0.4037930965423584,0.7031319737434387,-0.09231141209602356
0.34791630506515503,0.7154205441474915,7.491406677218038e-07,0.3793099820613861,0.6328453421592712,-0.019658716395497322,0.44649845361709595,0.6021544933319092,-0.033593665808439255,0.500880241394043,0.6355122327804565,-0.051145486533641815,0.5404600501060486,0.667937159538269,-0.0682455375790596,0.5311427116394043,0.6211296319961548,-0.014890877529978752,0.606797456741333,0.6189077496528625,-0.0412454679608345,0.6572648286819458,0.6264426708221436,-0.0608060359954834,0.6988562941551208,0.6396127343177795,-0.07362813502550125,0.5321857929229736,0.6686082482337952,-0.025448760017752647,0.6158982515335083,0.6570267081260681,-0.0535801537334919,0.6653517484664917,0.644396960735321,-0.0738707184791565,0.7040996551513672,0.6419339776039124,-0.08543038368225098,0.5148476958274841,0.7185729742050171,-0.03935670480132103,0.568635880947113,0.7043968439102173,-0.07678981870412827,0.521027684211731,0.6680587530136108,-0.08328346163034439,0.48145586252212524,0.6492368578910828,-0.07812224328517914,0.48483967781066895,0.7648532390594482,-0.054882995784282684,0.5160926580429077,0.7312944531440735,-0.08437088876962662,0.4865817725658417,0.6955193877220154,-0.08473412692546844,0.4595145285129547,0.6746531128883362,-0.07837141305208206
0.39128249883651733,0.6316791772842407,4.892353331342747e-07,0.43972471356391907,0.5709782838821411,-0.015119584277272224,0.5094794034957886,0.5600674152374268,-0.025298884138464928,0.5570012331008911,0.6003111600875854,-0.04022197797894478,0.5944386720657349,0.6357752084732056,-0.05384479835629463,0.5831784009933472,0.6205431818962097,-0.003362060757353902,0.6531482338905334,0.637355625629425,-0.025333719328045845,0.6982673406600952,0.6549400687217712,-0.03992309421300888,0.7355639934539795,0.6786727905273438,-0.049434252083301544,0.5770136117935181,0.6659029722213745,-0.01564234495162964,0.6640236377716064,0.671273410320282,-0.039925467222929,0.7149779796600342,0.6686328649520874,-0.05489243194460869,0.7540315389633179,0.6745878458023071,-0.06227952986955643,0.5533711314201355,0.7056522369384766,-0.03178083896636963,0.6107603311538696,0.6893165111541748,-0.069361612200737,0.568983793258667,0.6413938999176025,-0.07140164822340012,0.53277987241745,0.6168720126152039,-0.06220235675573349,0.5175133347511292,0.7371244430541992,-0.0494411401450634,0.5546456575393677,0.6956576704978943,-0.07905805110931396,0.5292087197303772,0.6468597650527954,-0.07800322026014328,0.5047121047973633,0.6185428500175476,-0.07053256034851074
0.3735964298248291,0.5060393214225769,3.991512471657188e-07,0.4231671690940857,0.44261497259140015,-0.017029548063874245,0.4926932156085968,0.4305293560028076,-0.028010519221425056,0.5399535894393921,0.46484053134918213,-0.04326993227005005,0.5707264542579651,0.5049540400505066,-0.05847456306219101,0.5583580732345581,0.511650025844574,-0.009198145940899849,0.6284033060073853,0.5322760939598083,-0.032997678965330124,0.6733312606811523,0.5461288690567017,-0.04936113581061363,0.7121446132659912,0.5646898746490479,-0.061079658567905426,0.5524870753288269,0.5540049076080322,-0.021947281435132027,0.6416088342666626,0.572163999080658,-0.0496453195810318,0.6941132545471191,0.5692058801651001,-0.0673738569021225,0.7359634041786194,0.5718299150466919,-0.07672526687383652,0.5287737250328064,0.587845504283905,-0.03807118535041809,0.5963090658187866,0.5724396109580994,-0.08157805353403091,0.5605185627937317,0.5163747668266296,-0.08717874437570572,0.5247980952262878,0.48443666100502014,-0.079913429915905,0.49140581488609314,0.608701229095459,-0.055331502109766006,0.5311499238014221,0.5575953722000122,-0.09186092764139175,0.5051515698432922,0.503067135810852,-0.09337066859006882,0.4759138524532318,0.47271284461021423,-0.08688777685165405
0.3457280993461609,0.3436569571495056,3.2787389159238955e-07,0.3915388584136963,0.2725610136985779,-0.014613154344260693,0.4584141969680786,0.2575678825378418,-0.022432122379541397,0.5042357444763184,0.28409820795059204,-0.03363640606403351,0.537248969078064,0.3146696090698242,-0.04431379213929176,0.5348441004753113,0.33801743388175964,-0.0012599264737218618,0.6038743257522583,0.3475494384765625,-0.01933356747031212,0.65021812915802,0.35426566004753113,-0.03136688098311424,0.6879456639289856,0.365863561630249,-0.040177121758461,0.5289064645767212,0.3803766667842865,-0.012951107695698738,0.6153076887130737,0.3865097463130951,-0.03499985113739967,0.6630614399909973,0.37558889389038086,-0.0496886782348156,0.6999713182449341,0.3715772330760956,-0.05687853321433067,0.50648033618927,0.4155733585357666,-0.02802768535912037,0.5679728388786316,0.39633917808532715,-0.06695031374692917,0.5405248403549194,0.35168856382369995,-0.07526589184999466,0.5104660391807556,0.32804495096206665,-0.07104592025279999,0.4701899290084839,0.43633395433425903,-0.04389948025345802,0.49924784898757935,0.37849700450897217,-0.07793167233467102,0.4708620309829712,0.3290831744670868,-0.08146857470273972,0.4404919147491455,0.3039148151874542,-0.07709648460149765
0.3297051191329956,0.2694981098175049,3.94933408642828e-07,0.37567877769470215,0.19594186544418335,-0.016894640401005745,0.4438844621181488,0.1723199486732483,-0.02860943228006363,0.4967788755893707,0.1978054940700531,-0.044470932334661484,0.5432095527648926,0.22979193925857544,-0.05876777321100235,0.5293551087379456,0.24913334846496582,0.00209357519634068,0.6006962656974792,0.25658273696899414,-0.016825009137392044,0.6479525566101074,0.2616669535636902,-0.029584472998976707,0.6865813136100769,0.27523139119148254,-0.03896285220980644,0.5259475708007812,0.29709354043006897,-0.01046119537204504,0.6162027716636658,0.29865404963493347,-0.033378876745700836,0.6684942841529846,0.28826048970222473,-0.04887310415506363,0.7081181406974792,0.28544723987579346,-0.05711571127176285,0.5054237842559814,0.3381963074207306,-0.02753625251352787,0.576533317565918,0.3197154104709625,-0.06926386803388596,0.5404999256134033,0.27788272500038147,-0.07709167152643204,0.5034093260765076,0.2587265968322754,-0.0718114897608757,0.4712371826171875,0.36757078766822815,-0.04560544714331627,0.5137878060340881,0.3027181029319763,-0.08173924684524536,0.4821019768714905,0.2555355727672577,-0.08551379293203354,0.4473187327384949,0.23414011299610138,-0.0810522809624672
0.36462026834487915,0.30454251170158386,3.8301033100651694e-07,0.40972018241882324,0.23288674652576447,-0.017627829685807228,0.48163899779319763,0.20934483408927917,-0.02709907665848732,0.5353732705116272,0.23623508214950562,-0.03998082876205444,0.5794907212257385,0.2742729187011719,-0.05211980640888214,0.5687344074249268,0.2767430543899536,0.003348373342305422,0.6392804384231567,0.28745999932289124,-0.013365493156015873,0.6855477690696716,0.2979893684387207,-0.026044117286801338,0.723792314529419,0.31618666648864746,-0.03561237454414368,0.5639297366142273,0.32508066296577454,-0.0072210365906357765,0.6533229351043701,0.3267756402492523,-0.026141628623008728,0.7061708569526672,0.31719958782196045,-0.04184649512171745,0.7455126643180847,0.31643998622894287,-0.05131939798593521,0.5419755578041077,0.3699253499507904,-0.022362904623150826,0.6163681745529175,0.3642053008079529,-0.06091355159878731,0.5950599908828735,0.32159167528152466,-0.07455550879240036,0.5665256381034851,0.29913830757141113,-0.0750635415315628,0.507491946220398,0.406110554933548,-0.03820805251598358,0.5512773990631104,0.34991610050201416,-0.07433474808931351,0.5233955383300781,0.3045927584171295,-0.08191738277673721,0.48955217003822327,0.28486037254333496,-0.08096056431531906
0.37674814462661743,0.35949844121932983,4.0598280293124844e-07,0.4244813919067383,0.28465336561203003,-0.015018188394606113,0.5011770129203796,0.26398766040802,-0.023085828870534897,0.5573076009750366,0.29370054602622986,-0.03628082945942879,0.6011775732040405,0.32816287875175476,-0.049216512590646744,0.582597017288208,0.32797908782958984,0.008710402995347977,0.6546223759651184,0.339687705039978,-0.008736811578273773,0.7026845812797546,0.34995728731155396,-0.021730683743953705,0.7431730628013611,0.36956387758255005,-0.031396448612213135,0.5787546634674072,0.37822988629341125,-0.003976983949542046,0.6714226007461548,0.37566620111465454,-0.024494746699929237,0.7250332832336426,0.36024177074432373,-0.040486931800842285,0.7651967406272888,0.3564309775829315,-0.049715589731931686,0.5581799745559692,0.42440712451934814,-0.021289732307195663,0.6355595588684082,0.4154874384403229,-0.06250574439764023,0.6008898615837097,0.3603265881538391,-0.07374085485935211,0.5626742243766785,0.3288823962211609,-0.07100022584199905,0.5249311327934265,0.4613684117794037,-0.039177391678094864,0.5718253254890442,0.40477702021598816,-0.0754854753613472,0.5389904975891113,0.358958899974823,-0.08024192601442337,0.5024688243865967,0.3396487236022949,-0.0766725167632103
0.357162207365036,0.41818860173225403,4.1540394590811047e-07,0.3956838548183441,0.3425329327583313,-0.016546903178095818,0.4641769528388977,0.30890971422195435,-0.028568537905812263,0.517896294593811,0.3307338356971741,-0.045213356614112854,0.5628682374954224,0.358029305934906,-0.06126551330089569,0.5535435676574707,0.3545362055301666,-0.007101450115442276,0.6276360750198364,0.3546220064163208,-0.03134521469473839,0.6743735074996948,0.3572331368923187,-0.04773271083831787,0.715221107006073,0.3686354458332062,-0.05893188714981079,0.554408609867096,0.4057241976261139,-0.021244479343295097,0.6496008038520813,0.393887460231781,-0.049483686685562134,0.7017014622688293,0.3751448392868042,-0.06855741143226624,0.7442498207092285,0.36862894892692566,-0.07864271104335785,0.5356218814849854,0.45528605580329895,-0.03881226107478142,0.6020054817199707,0.4332153797149658,-0.08288642764091492,0.5526372790336609,0.39169344305992126,-0.08856362104415894,0.5092718005180359,0.3760644197463989,-0.08083797991275787,0.5030522346496582,0.4958612322807312,-0.05738598108291626,0.5363574028015137,0.4364365339279175,-0.09275795519351959,0.5026429891586304,0.3934310972690582,-0.09337671101093292,0.4705968201160431,0.37944209575653076,-0.08623737841844559
0.34670257568359375,0.4173834025859833,4.178206154392683e-07,0.38209664821624756,0.33737021684646606,-0.017875464633107185,0.44533771276474,0.2998635172843933,-0.0313301607966423,0.49813660979270935,0.3196576237678528,-0.049006812274456024,0.5426807999610901,0.3426488935947418,-0.06585318595170975,0.5402315258979797,0.3442535102367401,-0.008168318308889866,0.6122937798500061,0.33602437376976013,-0.03213537856936455,0.6592632532119751,0.3353204131126404,-0.0490218885242939,0.700593888759613,0.3445686101913452,-0.06118016690015793,0.543178379535675,0.3939087390899658,-0.021657198667526245,0.6347792744636536,0.3713407516479492,-0.04857993125915527,0.6855965256690979,0.3503372371196747,-0.06793283671140671,0.726488471031189,0.343098908662796,-0.07944668084383011,0.5263682007789612,0.4425767660140991,-0.03885446861386299,0.5906873941421509,0.4192538559436798,-0.08121103793382645,0.5451885461807251,0.3814058005809784,-0.08944286406040192,0.5029196739196777,0.36594074964523315,-0.08503533899784088,0.4946845769882202,0.48336344957351685,-0.05728233978152275,0.5238572955131531,0.4254400432109833,-0.0928705707192421,0.4907454252243042,0.38359305262565613,-0.0967375710606575,0.45804306864738464,0.3666810989379883,-0.09280101209878922
0.3350064754486084,0.4150240421295166,4.3675152028299635e-07,0.36656972765922546,0.33508825302124023,-0.01951516792178154,0.4230926036834717,0.28790706396102905,-0.03527457267045975,0.4715953767299652,0.29703229665756226,-0.05509291589260101,0.5148520469665527,0.31446871161460876,-0.0734785720705986,0.5258367657661438,0.32710587978363037,-0.013292955234646797,0.6010100841522217,0.31114816665649414,-0.038883283734321594,0.6489053964614868,0.30553770065307617,-0.05621951073408127,0.6915583610534668,0.30995914340019226,-0.06821316480636597,0.5301021933555603,0.376700222492218,-0.02630852907896042,0.6196262240409851,0.344291090965271,-0.05471319332718849,0.6695381999015808,0.3201529383659363,-0.07374788075685501,0.7112828493118286,0.3079407513141632,-0.08462385088205338,0.5147562026977539,0.4265289008617401,-0.042913902550935745,0.5703074336051941,0.3889325261116028,-0.08642873167991638,0.518956184387207,0.3606150448322296,-0.09260466694831848,0.47430238127708435,0.35374248027801514,-0.08603157103061676,0.48337504267692566,0.4682944416999817,-0.06099401414394379,0.5055612921714783,0.4035439193248749,-0.09669479727745056,0.4680042564868927,0.36559852957725525,-0.09897489845752716,0.43332841992378235,0.3525855541229248,-0.09347577393054962
0.35051286220550537,0.4210134446620941,4.4033293988832156e-07,0.3764364719390869,0.3409448564052582,-0.019482044503092766,0.4319453239440918,0.2899937629699707,-0.03441900387406349,0.4810982346534729,0.2998395562171936,-0.05247345194220543,0.5232712626457214,0.32395386695861816,-0.06973437964916229,0.5391867756843567,0.32342445850372314,-0.015081263147294521,0.6120814681053162,0.30676719546318054,-0.03860895708203316,0.6603417992591858,0.3016307055950165,-0.05546124279499054,0.7025985717773438,0.30832135677337646,-0.06782679259777069,0.5437772274017334,0.3736574053764343,-0.027333760634064674,0.6307737231254578,0.3393412232398987,-0.05287730693817139,0.6805517077445984,0.3158084452152252,-0.07214222848415375,0.7201414108276367,0.3079231381416321,-0.08420481532812119,0.5285797119140625,0.42512768507003784,-0.042761217802762985,0.5849882364273071,0.39441171288490295,-0.08289838582277298,0.5456322431564331,0.36452049016952515,-0.09269843995571136,0.5079148411750793,0.35501188039779663,-0.09072838723659515,0.497745543718338,0.4702785015106201,-0.05937320366501808,0.5164297819137573,0.4058142900466919,-0.09521536529064178,0.4798194169998169,0.36872920393943787,-0.10036400705575943,0.4450570344924927,0.3562335968017578,-0.09766428172588348
0.3522583544254303,0.434049129486084,4.042932744141581e-07,0.3791598081588745,0.3545456528663635,-0.018458671867847443,0.4310677945613861,0.3046158254146576,-0.03324925899505615,0.4796280562877655,0.3117283284664154,-0.0518559105694294,0.5215452909469604,0.33074522018432617,-0.0694955512881279,0.5286351442337036,0.3330763578414917,-0.01394040696322918,0.6003798842430115,0.3134509325027466,-0.03817472979426384,0.6458127498626709,0.3035823106765747,-0.054535120725631714,0.6868053674697876,0.3037621080875397,-0.0659073069691658,0.5357101559638977,0.3805811405181885,-0.026264997199177742,0.6197783946990967,0.3456666171550751,-0.052849359810352325,0.6657259464263916,0.3204907476902008,-0.07044452428817749,0.7045379281044006,0.308225154876709,-0.08058998733758926,0.5237569808959961,0.43038010597229004,-0.04184287041425705,0.5753239393234253,0.39178547263145447,-0.08255549520254135,0.5265870094299316,0.3674628436565399,-0.08875805139541626,0.4846753180027008,0.3644419312477112,-0.08315052092075348,0.49657905101776123,0.4745374917984009,-0.05878740921616554,0.5139444470405579,0.4117501676082611,-0.09267793595790863,0.4778905510902405,0.37559032440185547,-0.09524334222078323,0.44534987211227417,0.36448922753334045,-0.09047698229551315
0.3766050934791565,0.4472596049308777,3.667628050152416e-07,0.4007132053375244,0.37049078941345215,-0.01584904082119465,0.4526716470718384,0.3264090120792389,-0.026581870391964912,0.49952852725982666,0.3324591815471649,-0.04079156368970871,0.5372052192687988,0.35396918654441833,-0.05434386059641838,0.5410296320915222,0.34772616624832153,-0.005070025101304054,0.6022957563400269,0.331309974193573,-0.024770990014076233,0.643930971622467,0.32335278391838074,-0.039589229971170425,0.6811575293540955,0.3252803683280945,-0.05051508918404579,0.5474060773849487,0.39105358719825745,-0.015902288258075714,0.6205875277519226,0.356050044298172,-0.03793197497725487,0.663211464881897,0.3318352699279785,-0.054680027067661285,0.6992443203926086,0.32143646478652954,-0.06500569730997086,0.5364797115325928,0.43669289350509644,-0.030060332268476486,0.5891233682632446,0.4088006317615509,-0.06625441461801529,0.5506288409233093,0.3843230605125427,-0.07495409995317459,0.5148457288742065,0.3770366609096527,-0.07260576635599136,0.511668860912323,0.47709202766418457,-0.0452398955821991,0.5275474786758423,0.4211903214454651,-0.07685893028974533,0.49455320835113525,0.38977816700935364,-0.08146192878484726,0.4640132188796997,0.379013329744339,-0.07896774262189865
0.408317506313324,0.4922659397125244,3.2137663197318034e-07,0.4305780231952667,0.41934797167778015,-0.014097357168793678,0.48055458068847656,0.37883588671684265,-0.024005791172385216,0.5263261795043945,0.3870248794555664,-0.0374097041785717,0.5597447156906128,0.41053617000579834,-0.050747256726026535,0.5615782737731934,0.40244409441947937,-0.006615960970520973,0.6215099096298218,0.3844682574272156,-0.025613470003008842,0.660393476486206,0.3768603205680847,-0.03955423831939697,0.6953229308128357,0.37904149293899536,-0.04998023062944412,0.5668161511421204,0.44439807534217834,-0.01721622794866562,0.6390408277511597,0.41351568698883057,-0.03841302916407585,0.6794540882110596,0.39050883054733276,-0.05488123744726181,0.7117053866386414,0.38008302450180054,-0.06531563401222229,0.5559989213943481,0.48847705125808716,-0.030519893392920494,0.6119349598884583,0.46269160509109497,-0.06463298946619034,0.57513827085495,0.4300038516521454,-0.07346513122320175,0.539643406867981,0.41418033838272095,-0.07192505151033401,0.5323166847229004,0.5285921096801758,-0.044493045657873154,0.5530930161476135,0.4749048352241516,-0.07468453794717789,0.5227319002151489,0.44395655393600464,-0.07910795509815216,0.4939044117927551,0.4319268465042114,-0.07683228701353073
0.4238916337490082,0.5193219184875488,3.914855994935351e-07,0.44378218054771423,0.44559624791145325,-0.017466312274336815,0.49688565731048584,0.4058748185634613,-0.029155422002077103,0.5458583831787109,0.4171004593372345,-0.04343977943062782,0.583710253238678,0.4399675726890564,-0.05760032311081886,0.5750126838684082,0.4285321831703186,-0.011732587590813637,0.6368900537490845,0.41464272141456604,-0.03303111344575882,0.6777285933494568,0.40988487005233765,-0.047901593148708344,0.7135757207870483,0.4150838255882263,-0.05841375142335892,0.5804703831672668,0.4722467362880707,-0.021618735045194626,0.656201183795929,0.4439774453639984,-0.045587100088596344,0.698877215385437,0.42119500041007996,-0.06315051764249802,0.7331846356391907,0.4123992621898651,-0.0734771266579628,0.5695927739143372,0.5177516341209412,-0.03429725766181946,0.6258388757705688,0.4925919771194458,-0.071500763297081,0.586780309677124,0.4601164162158966,-0.08034583181142807,0.5509474873542786,0.44763654470443726,-0.07768741995096207,0.5467028021812439,0.558398425579071,-0.04772581905126572,0.56405109167099,0.5024812817573547,-0.08063160628080368,0.5325528383255005,0.47367703914642334,-0.0852854922413826,0.5047326683998108,0.4675845801830292,-0.082234688103199
0.4028729200363159,0.5165756344795227,3.5543976650842524e-07,0.42254751920700073,0.4459628164768219,-0.014700264669954777,0.46753841638565063,0.4019276201725006,-0.02657751366496086,0.5096988081932068,0.40587350726127625,-0.04198361560702324,0.5457553267478943,0.4176262319087982,-0.05688834562897682,0.552476167678833,0.41662633419036865,-0.010625462047755718,0.6118219494819641,0.3953779935836792,-0.03164225071668625,0.6497552394866943,0.38456958532333374,-0.04651544243097305,0.6847361326217651,0.3825867772102356,-0.05688462778925896,0.558698832988739,0.4576949179172516,-0.02185685560107231,0.6310375928878784,0.4219823479652405,-0.045582786202430725,0.6703855395317078,0.3964273929595947,-0.06239140406250954,0.7041348218917847,0.3828308582305908,-0.07214298844337463,0.5492594242095947,0.5017737150192261,-0.03554192930459976,0.5952064990997314,0.4671802818775177,-0.07108277082443237,0.5505098104476929,0.4455767869949341,-0.07600299268960953,0.513076901435852,0.44122791290283203,-0.07055637240409851,0.5269296765327454,0.5419790744781494,-0.050183989107608795,0.542043149471283,0.48923543095588684,-0.07924065738916397,0.5082888603210449,0.46404483914375305,-0.08009888976812363,0.47947263717651367,0.4588959515094757,-0.07468217611312866
0.39983463287353516,0.5225569605827332,3.075415406783577e-07,0.41644009947776794,0.4571145176887512,-0.012749993242323399,0.45688170194625854,0.4147251546382904,-0.02340664342045784,0.494870126247406,0.416126012802124,-0.03752100467681885,0.528145968914032,0.42064526677131653,-0.05086145177483559,0.5342123508453369,0.42406800389289856,-0.009471786208450794,0.5860629677772522,0.40113210678100586,-0.02918868511915207,0.6186529397964478,0.3894903361797333,-0.04286569356918335,0.6494947075843811,0.3859255313873291,-0.05224286764860153,0.5433357357978821,0.4619971811771393,-0.02029276080429554,0.6061466932296753,0.42411932349205017,-0.04214062914252281,0.6398814916610718,0.39925360679626465,-0.05671916902065277,0.6695711612701416,0.38511818647384644,-0.06476858258247375,0.536795437335968,0.5042312145233154,-0.033466849476099014,0.5705568194389343,0.4651694893836975,-0.06579454988241196,0.5270929932594299,0.4479353129863739,-0.06953414529561996,0.4923022389411926,0.44672584533691406,-0.06389272212982178,0.5170102119445801,0.5433176159858704,-0.047677792608737946,0.5228811502456665,0.4931508004665375,-0.07340602576732635,0.49323397874832153,0.46898970007896423,-0.07417863607406616,0.4691803753376007,0.46320512890815735,-0.06927978247404099
0.4218200743198395,0.5336263179779053,2.2774095498334646e-07,0.4370254874229431,0.4703158438205719,-0.009864524006843567,0.47372522950172424,0.4280659854412079,-0.017487777397036552,0.5088548064231873,0.42570868134498596,-0.028319135308265686,0.5368714332580566,0.4383486211299896,-0.0392586775124073,0.5422744154930115,0.43498384952545166,-0.005120367277413607,0.5875641107559204,0.4091041088104248,-0.020385000854730606,0.6165639162063599,0.3954724073410034,-0.03187427297234535,0.6438635587692261,0.38989371061325073,-0.04045948386192322,0.5493517518043518,0.46870285272598267,-0.0148203419521451,0.6029295325279236,0.43254613876342773,-0.03194674849510193,0.632794976234436,0.40765124559402466,-0.045620668679475784,0.6577946543693542,0.392345666885376,-0.05441628769040108,0.5432072281837463,0.5060778856277466,-0.02654479444026947,0.5805717706680298,0.4751737117767334,-0.05411466583609581,0.5484135150909424,0.45685675740242004,-0.06167583540081978,0.5196888446807861,0.4505080580711365,-0.06086902320384979,0.5260760188102722,0.5408801436424255,-0.03867200389504433,0.5344813466072083,0.4925830662250519,-0.062381431460380554,0.5072288513183594,0.47344261407852173,-0.06542368978261948,0.4835420548915863,0.46965062618255615,-0.06343548744916916
0.4409787356853485,0.5393050909042358,2.1798865645905607e-07,0.45303472876548767,0.48116669058799744,-0.009799892082810402,0.4900253117084503,0.4411311149597168,-0.016474710777401924,0.5265421867370605,0.4415169358253479,-0.025954240933060646,0.5543597340583801,0.4515269994735718,-0.035387177020311356,0.5553324818611145,0.44578975439071655,-0.004411893896758556,0.598955512046814,0.4232753813266754,-0.01889912597835064,0.6272119879722595,0.41140708327293396,-0.029596656560897827,0.6531835794448853,0.406924307346344,-0.037443142384290695,0.5630716681480408,0.4765760004520416,-0.013134910725057125,0.6154094934463501,0.4411669373512268,-0.029431531205773354,0.6437070965766907,0.4176190197467804,-0.04210730642080307,0.6675833463668823,0.40420353412628174,-0.04987463727593422,0.558417022228241,0.512341320514679,-0.02386072464287281,0.5964576601982117,0.48538121581077576,-0.0505695678293705,0.5649282336235046,0.4699380099773407,-0.05787806212902069,0.5365362167358398,0.4663158655166626,-0.05673515051603317,0.5434851050376892,0.547591507434845,-0.034984346479177475,0.551287055015564,0.505168080329895,-0.05821738764643669,0.5242024660110474,0.486264169216156,-0.06191441789269447,0.5006899833679199,0.4820910394191742,-0.060263942927122116
0.46739721298217773,0.5555222034454346,2.496542492735898e-07,0.4822238087654114,0.49626561999320984,-0.007866420783102512,0.51970374584198,0.46233126521110535,-0.013390864245593548,0.5561816096305847,0.46333619952201843,-0.022134127095341682,0.5838199853897095,0.4738287329673767,-0.03095402382314205,0.5752182006835938,0.4736030399799347,-0.0004285563773009926,0.6187199950218201,0.4547875225543976,-0.013601825572550297,0.6469060182571411,0.4451025724411011,-0.023673737421631813,0.672188937664032,0.44221770763397217,-0.0309743694961071,0.5815126895904541,0.5025743246078491,-0.009334527887403965,0.6341310739517212,0.47570672631263733,-0.02436503954231739,0.6634438037872314,0.4545341730117798,-0.03675507381558418,0.6866868734359741,0.4425249993801117,-0.04441038519144058,0.5765257477760315,0.5351451635360718,-0.0201908927410841,0.6182268261909485,0.5108145475387573,-0.044879939407110214,0.5890540480613708,0.49208885431289673,-0.05120464041829109,0.5616919994354248,0.4857385754585266,-0.04964158311486244,0.5620759129524231,0.5661693811416626,-0.03132856264710426,0.5757862329483032,0.5234774351119995,-0.052407171577215195,0.5517274141311646,0.5039762258529663,-0.054625362157821655,0.5298143029212952,0.49868708848953247,-0.05211320519447327
0.483344167470932,0.5642901659011841,3.027663808552461e-07,0.5120298266410828,0.5128584504127502,-0.004039298743009567,0.5587280988693237,0.4945533275604248,-0.006580515298992395,0.5944767594337463,0.5022479295730591,-0.013574275188148022,0.6215407848358154,0.5184208154678345,-0.0212590042501688,0.6142920851707458,0.5393285751342773,0.006237525958567858,0.660616934299469,0.5432633757591248,-0.004365538712590933,0.6937389373779297,0.5467206835746765,-0.013796036131680012,0.7211124897003174,0.5536409616470337,-0.02055484429001808,0.6131687164306641,0.5671616792678833,-0.004438865929841995,0.6699223518371582,0.5654813051223755,-0.016143467277288437,0.7076412439346313,0.5522058010101318,-0.027660541236400604,0.7350364923477173,0.5437223315238953,-0.03507716581225395,0.6017236709594727,0.5941368937492371,-0.017346512526273727,0.6505511999130249,0.5845798254013062,-0.03933215141296387,0.6413890719413757,0.5549805164337158,-0.04964276775717735,0.625477135181427,0.5375821590423584,-0.05169445648789406,0.5824376940727234,0.6146963238716125,-0.030257701873779297,0.6126480102539062,0.5811285972595215,-0.050340745598077774,0.5968576669692993,0.549166738986969,-0.0544179230928421,0.5745713114738464,0.5299012660980225,-0.05386139079928398
0.4715474843978882,0.5793238878250122,2.52561846991739e-07,0.5105159282684326,0.5293688178062439,-0.006307651288807392,0.5624503493309021,0.5254235863685608,-0.009067746810615063,0.6007044911384583,0.5484883189201355,-0.015612398274242878,0.6317252516746521,0.5677891373634338,-0.021867649629712105,0.609150767326355,0.5764757394790649,0.006457170937210321,0.6606533527374268,0.5875308513641357,-0.004741367418318987,0.6950075626373291,0.5955604314804077,-0.013047927059233189,0.7223631143569946,0.6059818267822266,-0.018695993348956108,0.6050823926925659,0.6050745844841003,-0.002598388120532036,0.6684173345565796,0.614529013633728,-0.01574321649968624,0.707423985004425,0.6149857044219971,-0.02632000297307968,0.7361925840377808,0.617217481136322,-0.032018452882766724,0.5909846425056458,0.6321228742599487,-0.01416856050491333,0.6384626030921936,0.6241445541381836,-0.0381614975631237,0.6254240274429321,0.5926844477653503,-0.04632606357336044,0.6067867279052734,0.5718904137611389,-0.045636408030986786,0.5692153573036194,0.6551128625869751,-0.026021897792816162,0.6013195514678955,0.6245121359825134,-0.04571674019098282,0.5884567499160767,0.5908950567245483,-0.04840577766299248,0.5705533623695374,0.5683369040489197,-0.04635209962725639
0.48820555210113525,0.5977855324745178,4.941805968883273e-07,0.5366551280021667,0.5384950041770935,-0.014500565826892853,0.6152227520942688,0.5496544241905212,-0.01532378327101469,0.6646572351455688,0.6158857345581055,-0.01853787899017334,0.6924920678138733,0.673126757144928,-0.020681364461779594,0.6435734629631042,0.5848962664604187,0.009647049941122532,0.7053704261779785,0.5973249673843384,0.004443002864718437,0.7413600087165833,0.6089460253715515,-0.0007130468147806823,0.7728700637817383,0.6228866577148438,-0.005388336256146431,0.6403666138648987,0.6323367953300476,0.0077351476065814495,0.7110715508460999,0.6483755707740784,0.0015394915826618671,0.754766047000885,0.6552779674530029,-0.006560116540640593,0.7901206016540527,0.6656716465950012,-0.012032860890030861,0.624125599861145,0.6733744740486145,0.002059614984318614,0.6806488633155823,0.68625807762146,-0.015231343917548656,0.6596669554710388,0.6453870534896851,-0.020558251067996025,0.6337157487869263,0.6170931458473206,-0.01837552711367607,0.6032093167304993,0.7122829556465149,-0.005260494537651539,0.6488157510757446,0.7154629826545715,-0.020115099847316742,0.6417906284332275,0.6804029941558838,-0.022007416933774948,0.6258839964866638,0.653044581413269,-0.019921142607927322
0.42695969343185425,0.5257404446601868,2.712104674174043e-07,0.4895283281803131,0.4670400023460388,-0.012266547419130802,0.5755186676979065,0.47752660512924194,-0.009735962375998497,0.6247745156288147,0.5491223931312561,-0.011846164241433144,0.6474079489707947,0.6084204316139221,-0.01378285139799118,0.6074092984199524,0.5078402757644653,0.021373724564909935,0.674415111541748,0.5190685987472534,0.010715732350945473,0.7143070101737976,0.5308461785316467,-0.000660053628962487,0.7498160004615784,0.5475502014160156,-0.009955450892448425,0.6044056415557861,0.5582151412963867,0.014284810982644558,0.6769546270370483,0.5728521347045898,0.001252029906027019,0.7217558026313782,0.5811207294464111,-0.012864386662840843,0.7597566246986389,0.5995535254478455,-0.02226545289158821,0.5855025053024292,0.6032814383506775,0.0020884042605757713,0.646519124507904,0.6248447299003601,-0.025215212255716324,0.622053861618042,0.5881810784339905,-0.03519739955663681,0.5935699939727783,0.5679003000259399,-0.03457164391875267,0.5582409501075745,0.6472414135932922,-0.011722208932042122,0.6082407832145691,0.6504241824150085,-0.035936277359724045,0.593537449836731,0.6123479604721069,-0.04010896384716034,0.5707316398620605,0.5885031819343567,-0.03840844705700874
0.3749655485153198,0.4558757543563843,4.1786645965657954e-07,0.43650901317596436,0.3831571340560913,-0.021324992179870605,0.5263897180557251,0.3842267394065857,-0.024360373616218567,0.5863539576530457,0.45617079734802246,-0.03087955340743065,0.6249738931655884,0.5150865316390991,-0.035799842327833176,0.584540843963623,0.4083942174911499,0.015889881178736687,0.659155011177063,0.4145300090312958,0.0036717269103974104,0.7035233378410339,0.42250940203666687,-0.00809049978852272,0.7428244352340698,0.4334713816642761,-0.0179064329713583,0.5829263925552368,0.468458354473114,0.01035988237708807,0.6671764254570007,0.47323906421661377,-0.004838610999286175,0.7171462774276733,0.47319403290748596,-0.020777059718966484,0.7602388262748718,0.48280566930770874,-0.031213434413075447,0.5603050589561462,0.5223972201347351,-0.0012806736631318927,0.6306301951408386,0.5377804636955261,-0.034073203802108765,0.595687210559845,0.502967357635498,-0.045473918318748474,0.560427725315094,0.4833914041519165,-0.04425050690770149,0.5274738073348999,0.5720871686935425,-0.014877612702548504,0.5797098278999329,0.5682466626167297,-0.04243860021233559,0.5615940690040588,0.5332673192024231,-0.04751225933432579,0.5376819968223572,0.5114365220069885,-0.045843981206417084
0.2979123592376709,0.4141092896461487,5.549158572648594e-07,0.3648891746997833,0.3266322612762451,-0.02626938931643963,0.4682862162590027,0.3287827670574188,-0.03258398547768593,0.5357093811035156,0.4102153480052948,-0.04276733472943306,0.5852490663528442,0.4705986976623535,-0.05120723694562912,0.5463351011276245,0.3614068627357483,0.010867193341255188,0.6390674114227295,0.37051084637641907,-0.006654357071965933,0.6943610906600952,0.3820141851902008,-0.02148967608809471,0.7420164346694946,0.396891713142395,-0.032884981483221054,0.5424975752830505,0.42739126086235046,0.0043146200478076935,0.6444723606109619,0.4309339225292206,-0.018052952364087105,0.7060942649841309,0.4285741150379181,-0.03985045477747917,0.757091224193573,0.4358021914958954,-0.05367949604988098,0.5161105990409851,0.48664259910583496,-0.008611971512436867,0.5971783399581909,0.5060203671455383,-0.04967200383543968,0.5511801242828369,0.4656079113483429,-0.06178988143801689,0.5070121884346008,0.4411884546279907,-0.05884025618433952,0.4781776964664459,0.5404656529426575,-0.023782944306731224,0.5356103777885437,0.5329556465148926,-0.056980665773153305,0.5075566172599792,0.4941054582595825,-0.060746729373931885,0.4749539792537689,0.4699368178844452,-0.05659540742635727
0.2939838171005249,0.37547287344932556,5.861166414433683e-07,0.3636891841888428,0.28576016426086426,-0.026406124234199524,0.47190380096435547,0.28630340099334717,-0.034342218190431595,0.5425349473953247,0.36906933784484863,-0.04702446982264519,0.5948562622070312,0.43490874767303467,-0.05818306282162666,0.5590471029281616,0.32985252141952515,0.009223300032317638,0.653961181640625,0.33946549892425537,-0.01202442217618227,0.7105633616447449,0.35330256819725037,-0.028553614392876625,0.7585083842277527,0.3722153902053833,-0.04031522199511528,0.5534687638282776,0.39902201294898987,1.9370294467080384e-05,0.6641741991043091,0.4085930287837982,-0.026099514216184616,0.7276800870895386,0.40673089027404785,-0.048747677356004715,0.7801833152770996,0.41723427176475525,-0.06182028353214264,0.5240790247917175,0.4608420729637146,-0.015658359974622726,0.60626620054245,0.4777539074420929,-0.06191565468907356,0.5518656373023987,0.4248930811882019,-0.07202991098165512,0.5042489767074585,0.39705368876457214,-0.06555820256471634,0.4817337095737457,0.5154004096984863,-0.03340329974889755,0.5407869219779968,0.49972572922706604,-0.06840680539608002,0.5081376433372498,0.45483651757240295,-0.06857864558696747,0.47346556186676025,0.43235477805137634,-0.06082640588283539
0.2815031409263611,0.3502482771873474,6.118700639490271e-07,0.35474589467048645,0.2589024603366852,-0.027429381385445595,0.463640421628952,0.2570003271102905,-0.036101944744586945,0.5357388257980347,0.3412737548351288,-0.050246354192495346,0.5865585207939148,0.4118569791316986,-0.06286691129207611,0.5631741881370544,0.3128378987312317,0.012365941889584064,0.6610299348831177,0.32611358165740967,-0.009315883740782738,0.7196497321128845,0.34181177616119385,-0.027402348816394806,0.7704604864120483,0.3636835515499115,-0.04094100371003151,0.5560990571975708,0.38341763615608215,0.0025521893985569477,0.6695560812950134,0.3947875201702118,-0.025021273642778397,0.7365267276763916,0.3947910666465759,-0.05119960010051727,0.7923097610473633,0.40664464235305786,-0.06716449558734894,0.5240691900253296,0.44545209407806396,-0.013931682333350182,0.6102679371833801,0.4682724177837372,-0.0639154314994812,0.5530110597610474,0.41177669167518616,-0.07890420407056808,0.5001058578491211,0.3782091736793518,-0.07518939673900604,0.47752031683921814,0.4986036717891693,-0.0324309766292572,0.5309446454048157,0.4811455011367798,-0.07204850018024445,0.4997550845146179,0.42896997928619385,-0.07699721306562424,0.46486350893974304,0.39716270565986633,-0.07215115427970886
0.20184439420700073,0.3900538682937622,5.767396373812517e-07,0.27025359869003296,0.28621500730514526,-0.038537923246622086,0.3878766894340515,0.2819085717201233,-0.049439650028944016,0.46620604395866394,0.38453441858291626,-0.06272702664136887,0.518449068069458,0.4633774161338806,-0.07412835955619812,0.5061752200126648,0.33992108702659607,-0.007811674382537603,0.6231908202171326,0.3511362671852112,-0.03721035644412041,0.6940209865570068,0.3658304214477539,-0.058473147451877594,0.7554706335067749,0.3837152421474457,-0.07455017417669296,0.5015773773193359,0.4243637025356293,-0.015994424000382423,0.6330111622810364,0.4319424331188202,-0.05161399394273758,0.7076376080513,0.43024083971977234,-0.08097058534622192,0.7708052396774292,0.4390639364719391,-0.09870800375938416,0.4665643274784088,0.4947023093700409,-0.030783433467149734,0.5631220936775208,0.5211361050605774,-0.0918194130063057,0.4953024685382843,0.4710424244403839,-0.10474373400211334,0.43671658635139465,0.4433847665786743,-0.0977790579199791,0.4121677577495575,0.5556966066360474,-0.0483238659799099,0.4648941457271576,0.5398941040039062,-0.10125618427991867,0.41756001114845276,0.4909486770629883,-0.10659024119377136,0.3715834319591522,0.4670146405696869,-0.09941255301237106
0.10190671682357788,0.4488828480243683,6.534040721817291e-07,0.15748333930969238,0.33484894037246704,-0.047639261931180954,0.27877160906791687,0.30237728357315063,-0.06424489617347717,0.36785459518432617,0.4007985293865204,-0.08274714648723602,0.4260075092315674,0.48531046509742737,-0.09848733991384506,0.4271005392074585,0.35644665360450745,-0.018805403262376785,0.5544649362564087,0.3598383367061615,-0.053935106843709946,0.6299041509628296,0.37088966369628906,-0.07825713604688644,0.6958860754966736,0.38543182611465454,-0.09610503166913986,0.42486292123794556,0.45226675271987915,-0.02719084545969963,0.5651423931121826,0.44670340418815613,-0.07054059207439423,0.6446678638458252,0.4395717978477478,-0.10316229611635208,0.7109649181365967,0.44178009033203125,-0.12175104022026062,0.38992026448249817,0.5354536771774292,-0.04317469522356987,0.4766654670238495,0.5440405011177063,-0.11670143157243729,0.3952098786830902,0.498684287071228,-0.13398876786231995,0.32979029417037964,0.4759519696235657,-0.12671488523483276,0.33381664752960205,0.6064140796661377,-0.06242143362760544,0.3720441162586212,0.5821332931518555,-0.1277429759502411,0.31129416823387146,0.5319357514381409,-0.13792122900485992,0.2584594190120697,0.5081250667572021,-0.13186128437519073
0.029442667961120605,0.36909425258636475,8.651389862279757e-07,0.09278011322021484,0.2751021981239319,-0.05400632694363594,0.19624124467372894,0.26351791620254517,-0.07592209428548813,0.27857857942581177,0.36492955684661865,-0.09772051125764847,0.35042184591293335,0.4232618510723114,-0.11669217050075531,0.35170894861221313,0.29044109582901,-0.027638744562864304,0.47713702917099,0.2993577718734741,-0.06610366702079773,0.5544693470001221,0.31320035457611084,-0.0901331752538681,0.6239764094352722,0.32988667488098145,-0.1048683449625969,0.34602251648902893,0.3884839415550232,-0.03298388049006462,0.4803832769393921,0.38886505365371704,-0.0770786851644516,0.5616977214813232,0.38703346252441406,-0.1052781492471695,0.6314045190811157,0.39213454723358154,-0.11814869195222855,0.3074980676174164,0.472500205039978,-0.04693271964788437,0.3607502281665802,0.48002275824546814,-0.12145885080099106,0.27899402379989624,0.43217629194259644,-0.13888737559318542,0.21642948687076569,0.4031471014022827,-0.1291661113500595,0.25003960728645325,0.5392752885818481,-0.06467008590698242,0.2688051462173462,0.5187203288078308,-0.1257881075143814,0.2091040015220642,0.46396949887275696,-0.13359057903289795,0.15930089354515076,0.4309453070163727,-0.12490202486515045
0.10814657807350159,0.31647223234176636,5.733775765293103e-07,0.15977810323238373,0.22612746059894562,-0.03815164789557457,0.25667861104011536,0.2018706500530243,-0.0553603358566761,0.32398101687431335,0.2817838788032532,-0.07461745291948318,0.3724920451641083,0.35002121329307556,-0.09287162870168686,0.403484582901001,0.26776355504989624,-0.01924470253288746,0.5083630084991455,0.27506691217422485,-0.049337297677993774,0.5724550485610962,0.2849626839160919,-0.07319843024015427,0.6313636302947998,0.298597127199173,-0.09295568615198135,0.3981303870677948,0.3491089344024658,-0.03001302480697632,0.5206049680709839,0.3501633405685425,-0.06581158936023712,0.5892545580863953,0.3449980616569519,-0.09764999896287918,0.647568941116333,0.3447154462337494,-0.11946380138397217,0.36369356513023376,0.4186570942401886,-0.046461321413517,0.45494046807289124,0.4348878860473633,-0.10766968131065369,0.3954622745513916,0.3844352662563324,-0.12820258736610413,0.34462907910346985,0.3492429256439209,-0.12980259954929352,0.3098711371421814,0.47618502378463745,-0.06493770331144333,0.35050320625305176,0.44509223103523254,-0.12178563326597214,0.2989252209663391,0.39304864406585693,-0.13401690125465393,0.25395697355270386,0.36473140120506287,-0.1337014138698578
0.17614421248435974,0.44866710901260376,6.229162181625725e-07,0.23404748737812042,0.3596075773239136,-0.041255880147218704,0.3276829421520233,0.3599259555339813,-0.05835198238492012,0.39534810185432434,0.449714332818985,-0.07635591179132462,0.443464070558548,0.5203256607055664,-0.0920916199684143,0.440351665019989,0.4081325829029083,-0.019047437235713005,0.541001558303833,0.42066141963005066,-0.04813377931714058,0.6038203835487366,0.4359738230705261,-0.07012691348791122,0.6595436334609985,0.45585396885871887,-0.08681615442037582,0.43154680728912354,0.48396897315979004,-0.024953432381153107,0.546779453754425,0.4906424582004547,-0.05747707933187485,0.6108415126800537,0.4920670688152313,-0.08442100137472153,0.6642941236495972,0.5012681484222412,-0.10206107050180435,0.39695361256599426,0.5477854013442993,-0.03691640868782997,0.47261735796928406,0.5834589600563049,-0.09252049773931503,0.4090581238269806,0.5353925228118896,-0.10652817040681839,0.35634496808052063,0.5027390122413635,-0.10334447026252747,0.34692060947418213,0.600683331489563,-0.05193547531962395,0.37911948561668396,0.5947413444519043,-0.10114224255084991,0.3326728045940399,0.5452969074249268,-0.10878416150808334,0.29352545738220215,0.5133642554283142,-0.10546615719795227
0.22966551780700684,0.5413511991500854,6.923675641701266e-07,0.2914790213108063,0.4532164931297302,-0.032288163900375366,0.3885270059108734,0.44486817717552185,-0.04456178471446037,0.45153769850730896,0.5279708504676819,-0.05832894891500473,0.49103912711143494,0.5981321930885315,-0.07094183564186096,0.48488518595695496,0.4769202172756195,-0.011693681590259075,0.5810508728027344,0.4908159673213959,-0.03501302748918533,0.6407687664031982,0.5071538686752319,-0.05279422551393509,0.6909255385398865,0.5250430107116699,-0.06616436690092087,0.4787345826625824,0.5450857877731323,-0.01834690012037754,0.585608959197998,0.555006742477417,-0.044544998556375504,0.6469436883926392,0.5586247444152832,-0.06764717400074005,0.6975719332695007,0.5686177015304565,-0.08256736397743225,0.4475629925727844,0.6057029962539673,-0.03022458218038082,0.5189357995986938,0.6397673487663269,-0.07477602362632751,0.47470369935035706,0.5986502170562744,-0.08965833485126495,0.4339657723903656,0.5692234635353088,-0.08947794139385223,0.39968401193618774,0.6552155613899231,-0.04438045993447304,0.4397788941860199,0.6632281541824341,-0.08241153508424759,0.40700048208236694,0.6255176067352295,-0.08799093216657639,0.3747076094150543,0.5992156863212585,-0.08516570925712585
0.29059991240501404,0.34773141145706177,4.951192522639758e-07,0.3459557294845581,0.26640158891677856,-0.02736436389386654,0.43244263529777527,0.25248613953590393,-0.04026508703827858,0.49431535601615906,0.3161046504974365,-0.05657920613884926,0.541050910949707,0.3648770749568939,-0.07162539660930634,0.5279232263565063,0.288346529006958,-0.007055158261209726,0.6141489744186401,0.2921861708164215,-0.03579924628138542,0.6688103675842285,0.30595076084136963,-0.05573596432805061,0.7152687311172485,0.3275214731693268,-0.06861371546983719,0.526817262172699,0.3522861897945404,-0.017554759979248047,0.6297900080680847,0.3431601822376251,-0.04928027093410492,0.6868460178375244,0.33344754576683044,-0.0711873471736908,0.7349862456321716,0.3389069736003876,-0.08274925500154495,0.5020538568496704,0.4132175147533417,-0.0335690900683403,0.5689476728439331,0.4237494468688965,-0.08316291123628616,0.5131698846817017,0.37931057810783386,-0.09105588495731354,0.46562835574150085,0.3558422923088074,-0.082821786403656,0.46190106868743896,0.46637070178985596,-0.05171020328998566,0.5006874203681946,0.4381515383720398,-0.08939271420240402,0.46473678946495056,0.39323094487190247,-0.08959660679101944,0.43017151951789856,0.3704354763031006,-0.08126605302095413
0.28393319249153137,0.2160838544368744,4.041273768962128e-07,0.3334360718727112,0.1186218336224556,-0.025100834667682648,0.41837286949157715,0.08346150815486908,-0.03852545842528343,0.4873814582824707,0.1296592652797699,-0.05579523369669914,0.538362979888916,0.17481626570224762,-0.07184260338544846,0.5220895409584045,0.13414502143859863,-0.008321034722030163,0.6100146174430847,0.12368842959403992,-0.03507908806204796,0.6634780764579773,0.1227761059999466,-0.05479223281145096,0.7105462551116943,0.1323414444923401,-0.06881862133741379,0.5260614156723022,0.19904960691928864,-0.01962420530617237,0.6299285888671875,0.18106992542743683,-0.04925917834043503,0.686444878578186,0.16633185744285583,-0.07205356657505035,0.732934832572937,0.16606107354164124,-0.08592516928911209,0.5052043199539185,0.26201558113098145,-0.0357145220041275,0.5827916860580444,0.25367626547813416,-0.08238421380519867,0.5270811319351196,0.210894376039505,-0.09156905114650726,0.47565460205078125,0.1913032978773117,-0.08625052124261856,0.46725794672966003,0.31732213497161865,-0.05368237569928169,0.508908748626709,0.2665867805480957,-0.09121140837669373,0.47599244117736816,0.2156880646944046,-0.0939662754535675,0.4407068192958832,0.19016318023204803,-0.08846408873796463
0.313598096370697,0.23670999705791473,4.02141125732669e-07,0.36811357736587524,0.1476731300354004,-0.020746678113937378,0.45736104249954224,0.1274513304233551,-0.030090980231761932,0.5218207836151123,0.18111802637577057,-0.044106706976890564,0.5694335103034973,0.2248084992170334,-0.057126421481370926,0.5542071461677551,0.17384719848632812,0.0013315968681126833,0.6379032731056213,0.16660873591899872,-0.021822864189743996,0.6891697645187378,0.17126953601837158,-0.04007979854941368,0.7340556979179382,0.1868639439344406,-0.05333920940756798,0.5537152886390686,0.23659077286720276,-0.010213102214038372,0.6519549489021301,0.2238755226135254,-0.037094634026288986,0.7079325318336487,0.20976077020168304,-0.05947050079703331,0.7552118301391602,0.21126946806907654,-0.07321660220623016,0.5306384563446045,0.29685360193252563,-0.026479173451662064,0.6032538414001465,0.2999967932701111,-0.07047326117753983,0.5508716702461243,0.24564826488494873,-0.0795823484659195,0.5044136643409729,0.2148217111825943,-0.07460559159517288,0.4923597276210785,0.3490064740180969,-0.04430791363120079,0.5350844860076904,0.31079769134521484,-0.0799778625369072,0.49925631284713745,0.2620558440685272,-0.08156222105026245,0.4644201993942261,0.23758822679519653,-0.07534795254468918
0.35360968112945557,0.28140050172805786,4.5139648818803835e-07,0.4107963442802429,0.1977107673883438,-0.018719106912612915,0.49894875288009644,0.18456044793128967,-0.027110714465379715,0.5606163144111633,0.24193459749221802,-0.04068451002240181,0.6032074689865112,0.29253485798835754,-0.05333986505866051,0.5868450403213501,0.22908027470111847,0.005046742502599955,0.6675061583518982,0.22787073254585266,-0.01645476371049881,0.7159122228622437,0.23396655917167664,-0.03339450806379318,0.7580111026763916,0.24848169088363647,-0.04607823118567467,0.5858379006385803,0.28971919417381287,-0.006794405169785023,0.6822606325149536,0.2869837284088135,-0.0328216515481472,0.7383975982666016,0.2786855399608612,-0.05562366172671318,0.785119354724884,0.2844202220439911,-0.06985465437173843,0.5621642470359802,0.3469516634941101,-0.023206550627946854,0.6386585235595703,0.3539433479309082,-0.06544749438762665,0.5889690518379211,0.3055785000324249,-0.07512825727462769,0.5435006022453308,0.28126320242881775,-0.07083243131637573,0.524311900138855,0.3971495032310486,-0.04099784046411514,0.5669078826904297,0.36071982979774475,-0.07563569396734238,0.5366804599761963,0.3187325894832611,-0.0788658857345581,0.5060765743255615,0.3023461401462555,-0.07408306747674942
0.39276981353759766,0.32390299439430237,4.446962691417866e-07,0.4511948823928833,0.24545918405056,-0.027243539690971375,0.5358943939208984,0.23987892270088196,-0.036067381501197815,0.5970617532730103,0.3073606491088867,-0.04745805263519287,0.6412771940231323,0.36403417587280273,-0.05705688148736954,0.6106263399124146,0.2627585530281067,0.0030842344276607037,0.694383978843689,0.26521793007850647,-0.01782921515405178,0.7448624968528748,0.2734571397304535,-0.032480642199516296,0.7884467840194702,0.28563860058784485,-0.042143575847148895,0.6090113520622253,0.3267456293106079,-0.0023329078685492277,0.7053488492965698,0.32435449957847595,-0.02640586532652378,0.7584371566772461,0.3166123628616333,-0.0444701723754406,0.8041508197784424,0.32016247510910034,-0.05367078259587288,0.5858305096626282,0.3853728473186493,-0.01355113834142685,0.6525506973266602,0.39720186591148376,-0.054895345121622086,0.6039764881134033,0.36187565326690674,-0.061717670410871506,0.5646588802337646,0.3452129662036896,-0.053901802748441696,0.5509160161018372,0.4371398687362671,-0.02696831151843071,0.5941579937934875,0.41998809576034546,-0.05710894241929054,0.5643395185470581,0.3879498541355133,-0.05597098171710968,0.5372523665428162,0.3752754032611847,-0.04775308445096016
0.39436691999435425,0.36627307534217834,5.987615168123739e-07,0.4392959475517273,0.28062427043914795,-0.03649696707725525,0.5244537591934204,0.2533313035964966,-0.04309239238500595,0.5984438061714172,0.3138585388660431,-0.04875977709889412,0.6492816209793091,0.3644700050354004,-0.0523625984787941,0.5968693494796753,0.216352641582489,0.003068876452744007,0.6835367679595947,0.18591877818107605,-0.00736015010625124,0.7361409068107605,0.1742595136165619,-0.017750298604369164,0.7804484963417053,0.1656135767698288,-0.02545745298266411,0.606013834476471,0.28235548734664917,0.005875354167073965,0.6965128183364868,0.2485862523317337,-0.0059458790346980095,0.7512487769126892,0.2300734519958496,-0.023025641217827797,0.7957375049591064,0.21905292570590973,-0.03349904343485832,0.5913688540458679,0.3478832244873047,0.0019812642131000757,0.6538191437721252,0.3568316400051117,-0.03242538496851921,0.6222683191299438,0.3589395582675934,-0.053900886327028275,0.5902858376502991,0.3591187596321106,-0.05768429487943649,0.5654782056808472,0.406933456659317,-0.004139190539717674,0.616993248462677,0.40925854444503784,-0.035300418734550476,0.5953890085220337,0.4010078012943268,-0.04541626572608948,0.5691593885421753,0.3919306695461273,-0.04581049457192421
0.4130420386791229,0.40528422594070435,6.261705607357726e-07,0.46852755546569824,0.34244486689567566,-0.06850114464759827,0.5456483364105225,0.33065444231033325,-0.06673112511634827,0.6164844632148743,0.37895670533180237,-0.05256296694278717,0.6699681878089905,0.404050350189209,-0.032653652131557465,0.6122327446937561,0.2252131998538971,-0.002493828535079956,0.6989976763725281,0.1893356293439865,-0.0048159267753362656,0.7528340816497803,0.1662132441997528,-0.009583014994859695,0.796466588973999,0.14872972667217255,-0.012101709842681885,0.6265510320663452,0.2874230146408081,0.025795813649892807,0.7117065787315369,0.24129292368888855,0.023282138630747795,0.768878698348999,0.21738579869270325,0.011663601733744144,0.8131170868873596,0.20286540687084198,0.006530734710395336,0.6187688708305359,0.3500341773033142,0.042503729462623596,0.672418475151062,0.35815006494522095,0.00462971068918705,0.6364718675613403,0.38934144377708435,-0.02990332618355751,0.6058447957038879,0.4063087999820709,-0.038366954773664474,0.6035492420196533,0.4062708020210266,0.055210284888744354,0.6477501392364502,0.4160398840904236,0.010793311521410942,0.6264922022819519,0.4265214204788208,-0.018202118575572968,0.6009476780891418,0.4261995553970337,-0.029053250327706337
0.4234746992588043,0.4298717975616455,6.194669595060986e-07,0.47901037335395813,0.3768746256828308,-0.08154579997062683,0.5596486926078796,0.36521026492118835,-0.07545606046915054,0.6334337592124939,0.4039132595062256,-0.05084889382123947,0.6823731064796448,0.42030656337738037,-0.017726967111229897,0.6226183772087097,0.24575252830982208,-0.011638745665550232,0.7111446857452393,0.2079489827156067,-0.013640656135976315,0.763099730014801,0.18405510485172272,-0.016049789264798164,0.8065629601478577,0.162483349442482,-0.014978260733187199,0.6389802098274231,0.3024638891220093,0.026134779676795006,0.7239580750465393,0.2539080083370209,0.029219316318631172,0.7784228920936584,0.2286003828048706,0.02516779489815235,0.8215954303741455,0.2104344516992569,0.026294143870472908,0.634366512298584,0.359120637178421,0.05018123239278793,0.6874872446060181,0.37686094641685486,0.014956929720938206,0.6405879259109497,0.4088488817214966,-0.01723868027329445,0.6095954775810242,0.4156534671783447,-0.022344518452882767,0.6218762397766113,0.4130702018737793,0.06904445588588715,0.6615446209907532,0.42729872465133667,0.028773358091711998,0.6353424787521362,0.443284273147583,0.0016551369335502386,0.605512797832489,0.44190138578414917,-0.006902213674038649
0.44446974992752075,0.4632066488265991,6.412415132217575e-07,0.5031271576881409,0.4207870066165924,-0.08625619858503342,0.5831766128540039,0.4036595821380615,-0.08107821643352509,0.6548219323158264,0.42761901021003723,-0.05542103573679924,0.7012346386909485,0.4318321645259857,-0.02065923810005188,0.6281788945198059,0.2596859931945801,-0.020212814211845398,0.7149246335029602,0.21232059597969055,-0.025724299252033234,0.7681587934494019,0.18090490996837616,-0.029004869982600212,0.8109698295593262,0.15003114938735962,-0.027561411261558533,0.6482828259468079,0.30599111318588257,0.021091250702738762,0.7303928732872009,0.2484072595834732,0.021148595958948135,0.7835896015167236,0.21519091725349426,0.01881079189479351,0.8255782127380371,0.1870640069246292,0.022362420335412025,0.6487255692481995,0.3580252230167389,0.048519060015678406,0.7032707929611206,0.37910863757133484,0.012776441872119904,0.6589555740356445,0.42158740758895874,-0.016101742163300514,0.6294198632240295,0.42991358041763306,-0.018167898058891296,0.6387267708778381,0.4084908068180084,0.07029556483030319,0.6780543327331543,0.42677050828933716,0.03161555901169777,0.6486484408378601,0.4531841576099396,0.0071237036027014256,0.616311252117157,0.4576219320297241,0.0009245885885320604
0.44298937916755676,0.4178732931613922,8.318102118209936e-07,0.4896509051322937,0.3625484108924866,-0.05168763920664787,0.567821741104126,0.3628559112548828,-0.06538141518831253,0.6326926350593567,0.436448335647583,-0.07351206988096237,0.6792955994606018,0.4851278066635132,-0.07791740447282791,0.6595180034637451,0.31977707147598267,-0.02360997535288334,0.7528244256973267,0.31582963466644287,-0.04067690297961235,0.8084675669670105,0.3179227411746979,-0.05336841940879822,0.8544689416885376,0.3196098506450653,-0.06089982017874718,0.665966272354126,0.3815980553627014,-0.011888651177287102,0.7620242834091187,0.3713257908821106,-0.028451567515730858,0.8208545446395874,0.3712303638458252,-0.043244101107120514,0.8669737577438354,0.3733486533164978,-0.05079438164830208,0.6487920880317688,0.4392997920513153,-0.007298376876860857,0.691455602645874,0.4680294394493103,-0.043511658906936646,0.6432088613510132,0.46989548206329346,-0.059426337480545044,0.602748453617096,0.464652419090271,-0.05758284032344818,0.6215302348136902,0.48895183205604553,-0.0067818788811564445,0.6562647819519043,0.510062575340271,-0.041540373116731644,0.6314758658409119,0.5041471123695374,-0.052725233137607574,0.6056510210037231,0.4918574094772339,-0.05223662406206131
0.44835248589515686,0.4112533926963806,7.334942893066909e-07,0.4947546720504761,0.33137449622154236,-0.02791224792599678,0.5710363388061523,0.29537391662597656,-0.04967257380485535,0.6169138550758362,0.33991068601608276,-0.07446779310703278,0.6446631550788879,0.39254337549209595,-0.09820547699928284,0.698017954826355,0.3812757432460785,-0.03830115497112274,0.792236328125,0.40734511613845825,-0.07463985681533813,0.8553137183189392,0.4255024790763855,-0.10035882145166397,0.9079152941703796,0.4485718905925751,-0.11928098648786545,0.6846615076065063,0.44865164160728455,-0.05280601978302002,0.7953453063964844,0.47143474221229553,-0.09324996918439865,0.867350697517395,0.4796941578388214,-0.12404181808233261,0.9253641366958618,0.4942309558391571,-0.14384987950325012,0.6467989683151245,0.504068911075592,-0.06966280192136765,0.7180687189102173,0.5161811113357544,-0.1237536296248436,0.6695003509521484,0.44449615478515625,-0.13612259924411774,0.6239325404167175,0.3949766159057617,-0.1325596421957016,0.595500111579895,0.5418471693992615,-0.0880579799413681,0.6256656646728516,0.48795753717422485,-0.13508391380310059,0.5988530516624451,0.41876569390296936,-0.1431294083595276,0.5713838934898376,0.3752618730068207,-0.1397700011730194
0.45487672090530396,0.4383060932159424,6.802872576372465e-07,0.5035597085952759,0.34729087352752686,-0.02973923273384571,0.5753255486488342,0.2984570860862732,-0.05624967813491821,0.6280549168586731,0.3172873854637146,-0.08541303128004074,0.6707984209060669,0.3608377277851105,-0.11393161863088608,0.7050063014030457,0.3810155987739563,-0.043076496571302414,0.800912082195282,0.39361926913261414,-0.08118297159671783,0.8656322360038757,0.4031238257884979,-0.1059507355093956,0.9199060201644897,0.42552652955055237,-0.12324167788028717,0.6944336295127869,0.4488527774810791,-0.058841731399297714,0.8120059967041016,0.44687139987945557,-0.10092838853597641,0.8852144479751587,0.43667811155319214,-0.12940682470798492,0.9425729513168335,0.4386424720287323,-0.14673812687397003,0.6596864461898804,0.5063391923904419,-0.07745984196662903,0.7411472797393799,0.49054861068725586,-0.13692350685596466,0.6957241296768188,0.4255625307559967,-0.15059894323349,0.6480679512023926,0.3865804970264435,-0.14725293219089508,0.6092802286148071,0.5422655940055847,-0.09720250964164734,0.6422701478004456,0.45775875449180603,-0.14768719673156738,0.612910807132721,0.3848506212234497,-0.1560167819261551,0.581390380859375,0.34283241629600525,-0.15291258692741394
0.4375509023666382,0.4979516565799713,6.012143671796366e-07,0.49095314741134644,0.38616061210632324,-0.014564038254320621,0.5595123767852783,0.32609429955482483,-0.03502118960022926,0.6113836169242859,0.3028496205806732,-0.062294766306877136,0.6623342037200928,0.2915405035018921,-0.08737874031066895,0.6862398982048035,0.3893034756183624,-0.024707678705453873,0.7819986939430237,0.35811421275138855,-0.06289419531822205,0.8512829542160034,0.3357659876346588,-0.08653192967176437,0.9084891080856323,0.3258979320526123,-0.1015557274222374,0.6815973520278931,0.4488216042518616,-0.0473853275179863,0.789029598236084,0.3966161608695984,-0.0888436809182167,0.8514598608016968,0.35195469856262207,-0.10984817892313004,0.9010012745857239,0.3245387077331543,-0.12008745223283768,0.653711199760437,0.4977874755859375,-0.07293013483285904,0.7158258557319641,0.40341630578041077,-0.1258535385131836,0.6530010104179382,0.3516348600387573,-0.12157180905342102,0.5976828336715698,0.33895736932754517,-0.1049925684928894,0.6060472726821899,0.5215697884559631,-0.10037700086832047,0.6249620914459229,0.40681374073028564,-0.1389937400817871,0.5945472717285156,0.3395666480064392,-0.13425734639167786,0.5671614408493042,0.30954667925834656,-0.1217954084277153
0.4178650379180908,0.5277445316314697,6.261319640543661e-07,0.47562921047210693,0.3938407599925995,0.004381213337182999,0.5389162302017212,0.3244532644748688,-0.014893053099513054,0.5879811644554138,0.2859634459018707,-0.046238165348768234,0.6325869560241699,0.25409644842147827,-0.0760631263256073,0.6657006740570068,0.3930363059043884,-0.013292460702359676,0.7543463110923767,0.33615735173225403,-0.05214044824242592,0.8222087025642395,0.303390234708786,-0.07754316926002502,0.8770431280136108,0.28142446279525757,-0.09514737129211426,0.6610338091850281,0.44543710350990295,-0.04982784017920494,0.76738041639328,0.3671862781047821,-0.0942985862493515,0.8309073448181152,0.3088446855545044,-0.11774219572544098,0.8843144178390503,0.26982879638671875,-0.1309710144996643,0.6331795454025269,0.4833295941352844,-0.08779656141996384,0.6881690621376038,0.36469653248786926,-0.13882695138454437,0.6211742758750916,0.32294461131095886,-0.12884081900119781,0.5670698881149292,0.3203904628753662,-0.10991407185792923,0.5869903564453125,0.49895650148391724,-0.12691622972488403,0.6011263132095337,0.37359750270843506,-0.1623631864786148,0.5646183490753174,0.3094691336154938,-0.15375758707523346,0.5329000949859619,0.2794526219367981,-0.14006686210632324
0.4106226861476898,0.485507071018219,6.852914680166577e-07,0.46872439980506897,0.3606185019016266,-0.0135225560516119,0.5450857281684875,0.3038533329963684,-0.03180165961384773,0.6027953624725342,0.28641435503959656,-0.058433376252651215,0.6561618447303772,0.289326012134552,-0.08384157717227936,0.6648741364479065,0.37510377168655396,-0.015451296232640743,0.7567623257637024,0.34464094042778015,-0.050804320722818375,0.8236238956451416,0.3210802972316742,-0.0751887634396553,0.8810212016105652,0.3117416799068451,-0.09187484532594681,0.6614454984664917,0.43455004692077637,-0.038848649710416794,0.771919846534729,0.39640429615974426,-0.08055701851844788,0.843593955039978,0.35511815547943115,-0.10808584094047546,0.9040490984916687,0.33044758439064026,-0.1244107112288475,0.6363358497619629,0.4853282868862152,-0.06527125090360641,0.7154715061187744,0.4175258278846741,-0.12262894213199615,0.6504196524620056,0.3599409759044647,-0.12803661823272705,0.5911659598350525,0.33837276697158813,-0.11772959679365158,0.5919974446296692,0.513952910900116,-0.09266480803489685,0.6240764260292053,0.41090691089630127,-0.1371811479330063,0.5837330222129822,0.33921799063682556,-0.13796831667423248,0.5433700084686279,0.3035128116607666,-0.1294010728597641
0.40619099140167236,0.43807804584503174,3.954210967549443e-07,0.4733993113040924,0.3581565022468567,-0.01879822090268135,0.568885862827301,0.35710352659225464,-0.026237910613417625,0.6283108592033386,0.421983540058136,-0.038324594497680664,0.6689275503158569,0.47929075360298157,-0.050191015005111694,0.6437923908233643,0.4165942072868347,-0.0014741361374035478,0.7304841876029968,0.43740975856781006,-0.026634130626916885,0.7833748459815979,0.456747442483902,-0.04567432403564453,0.8302013874053955,0.48435115814208984,-0.05943651869893074,0.6359273195266724,0.47743985056877136,-0.014560221694409847,0.7421590089797974,0.4880312979221344,-0.042221106588840485,0.8039613962173462,0.48951399326324463,-0.064773328602314,0.8547847270965576,0.5034062266349792,-0.07911630719900131,0.6065394282341003,0.5308950543403625,-0.03204258531332016,0.6881940960884094,0.5483227968215942,-0.07874258607625961,0.647609531879425,0.4923804998397827,-0.09143233299255371,0.6066781282424927,0.4587823748588562,-0.08919567614793777,0.5649128556251526,0.5725613832473755,-0.05056052282452583,0.6153371930122375,0.5321670770645142,-0.09007276594638824,0.5889129638671875,0.47253546118736267,-0.09541186690330505,0.5584330558776855,0.43870994448661804,-0.09224474430084229
0.3880528211593628,0.4794623851776123,7.047394774417626e-07,0.4508453607559204,0.3970130681991577,-0.03711828216910362,0.5459960699081421,0.39235395193099976,-0.04987475648522377,0.6153993010520935,0.47133293747901917,-0.06352328509092331,0.6651468276977539,0.5365219712257385,-0.07487630844116211,0.6318677663803101,0.3989714980125427,-0.007622669450938702,0.7282789945602417,0.4004487693309784,-0.03035602904856205,0.7863296866416931,0.4066985547542572,-0.04754975810647011,0.835514485836029,0.4167444109916687,-0.05873025208711624,0.629392147064209,0.4699687063694,-0.009835232980549335,0.736008882522583,0.47145962715148926,-0.03419385477900505,0.7995626926422119,0.47049570083618164,-0.05608411133289337,0.8529634475708008,0.47989505529403687,-0.06854428350925446,0.6022862195968628,0.5341762900352478,-0.018346045166254044,0.6624622941017151,0.5545414090156555,-0.05906004458665848,0.6154062151908875,0.515738308429718,-0.07035186886787415,0.5760791897773743,0.4929284155368805,-0.06582954525947571,0.5625357627868652,0.5869555473327637,-0.02997727505862713,0.6096362471580505,0.5875042080879211,-0.05939168855547905,0.5808500647544861,0.5528329014778137,-0.059123214334249496,0.5519112348556519,0.5310608744621277,-0.051691677421331406
0.37921640276908875,0.47532543540000916,8.249069196608616e-07,0.4388059973716736,0.3952862024307251,-0.039823997765779495,0.5325669646263123,0.3930034637451172,-0.057371340692043304,0.5995344519615173,0.47868698835372925,-0.07537918537855148,0.6489226818084717,0.5453632473945618,-0.09100048989057541,0.631645917892456,0.40905654430389404,-0.02263747528195381,0.7356520891189575,0.41809290647506714,-0.05201607942581177,0.8001402020454407,0.4300233721733093,-0.07235083729028702,0.8532823920249939,0.444848895072937,-0.08562421798706055,0.6258051991462708,0.4817805588245392,-0.02675889991223812,0.740680456161499,0.48574137687683105,-0.058345239609479904,0.8105045557022095,0.49219855666160583,-0.08362115919589996,0.8693535327911377,0.5066899061203003,-0.09826254099607468,0.5934802889823914,0.5458294749259949,-0.036449331790208817,0.6502382755279541,0.5653867125511169,-0.0835324376821518,0.6001520156860352,0.5235207676887512,-0.0956963449716568,0.5599456429481506,0.49436551332473755,-0.09118735790252686,0.5471707582473755,0.5979127287864685,-0.049312837421894073,0.587788999080658,0.6004413366317749,-0.08611864596605301,0.5583859086036682,0.5569247007369995,-0.08842186629772186,0.5304973125457764,0.5202168226242065,-0.08195451647043228
0.6602327823638916,0.6902529001235962,1.1177054375366424e-06,0.5983272790908813,0.6078364849090576,-0.032342635095119476,0.5075003504753113,0.6142936944961548,-0.07053907215595245,0.4295421540737152,0.6792307496070862,-0.09950961917638779,0.3709787130355835,0.7450814843177795,-0.13030998408794403,0.5296371579170227,0.5724295377731323,-0.14900793135166168,0.4128122925758362,0.5690733194351196,-0.20334452390670776,0.3394545018672943,0.5680468082427979,-0.2263825684785843,0.2783011794090271,0.570658802986145,-0.23924000561237335,0.5414736866950989,0.6470404863357544,-0.1518363207578659,0.41197019815444946,0.6305946707725525,-0.21094220876693726,0.32339397072792053,0.6228970289230347,-0.22954332828521729,0.26236096024513245,0.6197746396064758,-0.2428763210773468,0.5536848306655884,0.7291883826255798,-0.14778997004032135,0.4239651560783386,0.7533509135246277,-0.19060258567333221,0.42178770899772644,0.7343776226043701,-0.17655189335346222,0.4499821960926056,0.7156029939651489,-0.16164246201515198,0.5610517859458923,0.806412935256958,-0.14416024088859558,0.4573828876018524,0.8287556171417236,-0.17418725788593292,0.44184204936027527,0.7949135899543762,-0.16618241369724274,0.45347902178764343,0.7654158473014832,-0.15618424117565155
0.6048906445503235,0.5905312299728394,6.931613256710989e-07,0.5278716683387756,0.5199514031410217,0.02148376777768135,0.43728336691856384,0.506925106048584,0.015258683823049068,0.378084272146225,0.546963632106781,0.004616902209818363,0.35027050971984863,0.599596381187439,-0.007654336281120777,0.3947717845439911,0.48753947019577026,-0.04587011784315109,0.27398681640625,0.5131036043167114,-0.07467768341302872,0.20483575761318207,0.5225785374641418,-0.09136183559894562,0.14755645394325256,0.5302722454071045,-0.10115315765142441,0.4066115915775299,0.5437530875205994,-0.06821506470441818,0.26959168910980225,0.5641835927963257,-0.09557223320007324,0.18838565051555634,0.5687364935874939,-0.10919079929590225,0.12378248572349548,0.5732589364051819,-0.11966188251972198,0.42543184757232666,0.6114975214004517,-0.08249984681606293,0.3007080852985382,0.6615458726882935,-0.09730195999145508,0.3353586196899414,0.6689419150352478,-0.07495972514152527,0.37284183502197266,0.6645487546920776,-0.05589747801423073,0.45002809166908264,0.6758289933204651,-0.0950067788362503,0.36862775683403015,0.7058265805244446,-0.09826918691396713,0.3933802843093872,0.6991083025932312,-0.07351728528738022,0.42152073979377747,0.6870885491371155,-0.05188675597310066
0.5918756723403931,0.5694104433059692,5.219177410253906e-07,0.5135506391525269,0.49859803915023804,0.022324208170175552,0.42416614294052124,0.48582789301872253,0.017088938504457474,0.3669884204864502,0.5310294032096863,0.006347785238176584,0.3387625217437744,0.5834615230560303,-0.0063088322058320045,0.37693315744400024,0.4676242172718048,-0.036086373031139374,0.2650240361690521,0.49667736887931824,-0.06292330473661423,0.19889026880264282,0.5071865916252136,-0.08089251071214676,0.14388670027256012,0.518786609172821,-0.09273689985275269,0.3901911973953247,0.5266099572181702,-0.05970512330532074,0.2616947293281555,0.5449977517127991,-0.0833997055888176,0.1823563575744629,0.554860532283783,-0.09740689396858215,0.12108275294303894,0.5655084252357483,-0.10964974015951157,0.4110317528247833,0.5977572798728943,-0.07638677209615707,0.29256510734558105,0.643029510974884,-0.08745960146188736,0.3289050757884979,0.6476004719734192,-0.06380797177553177,0.36669954657554626,0.640464723110199,-0.045272305607795715,0.43815115094184875,0.6643623113632202,-0.09181378036737442,0.34988775849342346,0.6910919547080994,-0.09353706240653992,0.3738451302051544,0.6826565861701965,-0.068002849817276,0.40287265181541443,0.6697290539741516,-0.04656361788511276
0.6447621583938599,0.6020745635032654,4.953687380293559e-07,0.5726414918899536,0.5178017616271973,0.027651168406009674,0.4825794994831085,0.49546730518341064,0.027966175228357315,0.42219698429107666,0.5287445783615112,0.02069707214832306,0.3899001479148865,0.577837347984314,0.01208198070526123,0.42763853073120117,0.46737104654312134,-0.018642183393239975,0.3176647424697876,0.48479515314102173,-0.04249089956283569,0.25087299942970276,0.4843272268772125,-0.06022537872195244,0.19605369865894318,0.48951080441474915,-0.07278905808925629,0.4304763972759247,0.5244562029838562,-0.04459242522716522,0.305042564868927,0.5260881781578064,-0.06522411853075027,0.22667837142944336,0.5236006379127502,-0.08030292391777039,0.16688737273216248,0.5245885848999023,-0.09353584796190262,0.4441227912902832,0.5973044633865356,-0.0643421933054924,0.3290565609931946,0.6321799159049988,-0.07273697853088379,0.36898958683013916,0.6400340795516968,-0.05074438080191612,0.4071710407733917,0.6338822245597839,-0.03427033871412277,0.46673399209976196,0.6655932664871216,-0.08301030844449997,0.39139389991760254,0.6856192946434021,-0.08437211811542511,0.41914403438568115,0.6802268028259277,-0.06191183254122734,0.44626957178115845,0.6681761741638184,-0.04312633350491524
0.6366289854049683,0.5147191882133484,3.0596456213061174e-07,0.5637421607971191,0.43681013584136963,0.03422201797366142,0.4787423610687256,0.4212825298309326,0.03436211496591568,0.4152005910873413,0.4592685103416443,0.024124328047037125,0.386290580034256,0.5082851648330688,0.011590502224862576,0.4309735894203186,0.3914346694946289,-0.009035594761371613,0.33014753460884094,0.40631359815597534,-0.033453989773988724,0.2709309458732605,0.41333305835723877,-0.05092145502567291,0.2246447503566742,0.42480260133743286,-0.06390023976564407,0.4349384009838104,0.4325694441795349,-0.039921388030052185,0.31628766655921936,0.42964887619018555,-0.06507296115159988,0.2445749044418335,0.43164652585983276,-0.08101396262645721,0.19163325428962708,0.43884599208831787,-0.09501679986715317,0.4485594928264618,0.4939092695713043,-0.06506665796041489,0.33491817116737366,0.5274229645729065,-0.07474005967378616,0.3679240942001343,0.536884605884552,-0.05238794535398483,0.4019574224948883,0.5330128073692322,-0.03698895871639252,0.46886512637138367,0.5555909872055054,-0.08890760689973831,0.3872935473918915,0.5908291339874268,-0.08968671411275864,0.3989463150501251,0.5870656967163086,-0.06957577913999557,0.41367781162261963,0.5757020711898804,-0.054702531546354294
0.6240312457084656,0.48170214891433716,2.881761815842765e-07,0.5557162761688232,0.40884190797805786,0.042645163834095,0.47651439905166626,0.3989444375038147,0.049697499722242355,0.4201819896697998,0.43987202644348145,0.045050520449876785,0.39327311515808105,0.48832905292510986,0.03877066448330879,0.42396223545074463,0.35748904943466187,0.009180744178593159,0.32596686482429504,0.36612391471862793,-0.004915897268801928,0.2688390910625458,0.36713072657585144,-0.016086004674434662,0.22252140939235687,0.37535539269447327,-0.025432925671339035,0.42543959617614746,0.3952670097351074,-0.022607741877436638,0.31490933895111084,0.3904381990432739,-0.03527219593524933,0.2484799325466156,0.3907378911972046,-0.04647039622068405,0.20068393647670746,0.3966348171234131,-0.0581124909222126,0.4363344609737396,0.45349544286727905,-0.048447947949171066,0.33130234479904175,0.49302536249160767,-0.04651068150997162,0.3674372434616089,0.5076484084129333,-0.0239329244941473,0.40051406621932983,0.5040350556373596,-0.01058943197131157,0.4552505910396576,0.5137760639190674,-0.07268120348453522,0.3818800151348114,0.5522429943084717,-0.0670272707939148,0.3998047709465027,0.5545928478240967,-0.0475936084985733,0.41702938079833984,0.542624294757843,-0.03386697918176651
0.5987383723258972,0.5135582089424133,2.279579689457023e-07,0.5302695035934448,0.4444599747657776,0.04738708958029747,0.45401841402053833,0.4376564919948578,0.060296010226011276,0.40118858218193054,0.47341597080230713,0.06043967232108116,0.37505143880844116,0.5148742198944092,0.05913481488823891,0.4004417061805725,0.39958879351615906,0.026078328490257263,0.3114370107650757,0.4139234125614166,0.019636966288089752,0.25865137577056885,0.4193602204322815,0.012644382193684578,0.21632592380046844,0.4305836856365204,0.00547023955732584,0.399038165807724,0.4339481592178345,-0.00472431443631649,0.29923826456069946,0.4370537996292114,-0.01237249281257391,0.23828920722007751,0.43845900893211365,-0.020754743367433548,0.1963043510913849,0.44472023844718933,-0.030327124521136284,0.40829113125801086,0.4881274700164795,-0.029978139325976372,0.3157727122306824,0.5345327258110046,-0.022662613540887833,0.3509275019168854,0.5488091707229614,6.917436985531822e-05,0.38125166296958923,0.5467225313186646,0.012309138663113117,0.4278310537338257,0.5449182987213135,-0.05357545614242554,0.36437126994132996,0.5865432620048523,-0.043199509382247925,0.3864836096763611,0.5900180339813232,-0.02289806865155697,0.4065379202365875,0.5801888704299927,-0.009364442899823189
0.6110118627548218,0.5206644535064697,2.1370733804815245e-07,0.5408549904823303,0.4543008506298065,0.04183409735560417,0.46805697679519653,0.4427107274532318,0.054946478456258774,0.4198857545852661,0.47152456641197205,0.0553872212767601,0.3958043158054352,0.5107501149177551,0.0541895367205143,0.41527479887008667,0.41424208879470825,0.03202054277062416,0.33077457547187805,0.43541890382766724,0.024707064032554626,0.2796775698661804,0.44028162956237793,0.016043398529291153,0.23958760499954224,0.44969484210014343,0.008070563897490501,0.4110930562019348,0.44965600967407227,0.002475706161931157,0.31770649552345276,0.45075708627700806,-0.008480850607156754,0.26124367117881775,0.450337290763855,-0.02062743343412876,0.22000111639499664,0.45177987217903137,-0.031190136447548866,0.41920390725135803,0.5032621026039124,-0.022857261821627617,0.3328779339790344,0.5401396751403809,-0.023952003568410873,0.36941441893577576,0.5553519129753113,-0.006586799398064613,0.39885637164115906,0.5545961260795593,0.0052412888035178185,0.4382057189941406,0.5590575933456421,-0.046535674482584,0.3762969970703125,0.5965402126312256,-0.04249468445777893,0.39935529232025146,0.6009790301322937,-0.023938439786434174,0.42118069529533386,0.5943063497543335,-0.009793631732463837
0.6285385489463806,0.5054113864898682,2.477207772244583e-07,0.5605929493904114,0.44312068819999695,0.0393017940223217,0.4893019199371338,0.43238404393196106,0.04834562540054321,0.44159266352653503,0.45760124921798706,0.046500787138938904,0.41616666316986084,0.49215683341026306,0.04355509206652641,0.4386747479438782,0.4062359631061554,0.017496151849627495,0.35481783747673035,0.41987478733062744,0.007250327151268721,0.30410653352737427,0.42370906472206116,-0.002311926567927003,0.26394081115722656,0.4332142174243927,-0.010265401564538479,0.4407418668270111,0.4402857720851898,-0.010206146165728569,0.34786495566368103,0.44007551670074463,-0.019500769674777985,0.2912261486053467,0.4415924847126007,-0.029078437015414238,0.25118744373321533,0.4458698630332947,-0.039090462028980255,0.4520222246646881,0.4918470084667206,-0.033148232847452164,0.36234545707702637,0.5284233689308167,-0.03005450777709484,0.39498016238212585,0.541358232498169,-0.009858510456979275,0.42487019300460815,0.5382153391838074,0.002132008783519268,0.47159889340400696,0.5436004996299744,-0.05473663657903671,0.4043489694595337,0.5825707912445068,-0.04780092462897301,0.41895434260368347,0.5861384868621826,-0.02924485132098198,0.43458613753318787,0.5769471526145935,-0.016131851822137833
0.6538132429122925,0.49458032846450806,2.970490413645166e-07,0.5914890170097351,0.44612744450569153,0.02618313394486904,0.5230719447135925,0.45060837268829346,0.025745775550603867,0.4783133268356323,0.49668261408805847,0.017727389931678772,0.4558621942996979,0.5370240211486816,0.009145001880824566,0.4867594540119171,0.41572025418281555,-0.008843406103551388,0.40581169724464417,0.4304020404815674,-0.027237437665462494,0.35903531312942505,0.4303923547267914,-0.04218858852982521,0.31874847412109375,0.4359799325466156,-0.054771553725004196,0.4949469566345215,0.4450936019420624,-0.03213845193386078,0.40523186326026917,0.4529127776622772,-0.0485866479575634,0.35261937975883484,0.45275673270225525,-0.06140219420194626,0.3096640110015869,0.4555819630622864,-0.07515066117048264,0.5090846419334412,0.4924437701702118,-0.05086415633559227,0.41879624128341675,0.5255588293075562,-0.053760576993227005,0.4494640529155731,0.5331858396530151,-0.03416213393211365,0.4770188331604004,0.5294632911682129,-0.022960100322961807,0.5272132158279419,0.5406519174575806,-0.06911452859640121,0.46903982758522034,0.5710493326187134,-0.06958861649036407,0.4732557237148285,0.5703125596046448,-0.05690324306488037,0.4779473841190338,0.5622609257698059,-0.04839165508747101
0.6775971055030823,0.49943870306015015,2.802514984523441e-07,0.6173547506332397,0.45375168323516846,0.03202628344297409,0.5492642521858215,0.46182528138160706,0.032120298594236374,0.5016201734542847,0.5111108422279358,0.02385028265416622,0.47891765832901,0.5548694729804993,0.014849885366857052,0.5087007284164429,0.41862574219703674,-0.007085075601935387,0.42900004982948303,0.43402278423309326,-0.02332238480448723,0.3834773898124695,0.4332807660102844,-0.03765815496444702,0.3434641361236572,0.4383379817008972,-0.050869669765233994,0.5185497999191284,0.4447905123233795,-0.033351730555295944,0.4288189709186554,0.45605528354644775,-0.04648527875542641,0.3759448230266571,0.4561273157596588,-0.057995740324258804,0.33380448818206787,0.45976805686950684,-0.07244748622179031,0.5345408320426941,0.49121561646461487,-0.05425531044602394,0.44637787342071533,0.5307063460350037,-0.0522485189139843,0.4762030839920044,0.5405064821243286,-0.031426917761564255,0.5043701529502869,0.5372300744056702,-0.021823586896061897,0.5532141923904419,0.5405377149581909,-0.07439710199832916,0.49948179721832275,0.5748538374900818,-0.0730837881565094,0.5042386054992676,0.5736055970191956,-0.061390455812215805,0.5092719197273254,0.5632860660552979,-0.05485088378190994
0.6767408847808838,0.44643545150756836,3.291565633389837e-07,0.6163358688354492,0.4087444543838501,0.024037443101406097,0.544212281703949,0.4217146635055542,0.02246467024087906,0.49860453605651855,0.4728289544582367,0.013831383548676968,0.4780552387237549,0.5154052376747131,0.005005754064768553,0.5029159188270569,0.37667831778526306,-0.012503048405051231,0.42224472761154175,0.4003256559371948,-0.032597728073596954,0.3737720847129822,0.40342870354652405,-0.04788074269890785,0.33257603645324707,0.4118247628211975,-0.061002667993307114,0.5127550363540649,0.39817744493484497,-0.03625539690256119,0.4213407039642334,0.41543447971343994,-0.05649266019463539,0.36814188957214355,0.41870570182800293,-0.0715322345495224,0.32315075397491455,0.4239557981491089,-0.08618438988924026,0.5308279991149902,0.44095709919929504,-0.05549832060933113,0.4407326579093933,0.4935119152069092,-0.06450867652893066,0.47321319580078125,0.5066864490509033,-0.04899396002292633,0.5007158517837524,0.5034397840499878,-0.039165325462818146,0.5536708831787109,0.4892346262931824,-0.07400469481945038,0.5026452541351318,0.5393643379211426,-0.0805264487862587,0.4974150061607361,0.5499252676963806,-0.07398021966218948,0.4902552664279938,0.5495144724845886,-0.0695224180817604
0.6708939075469971,0.4314204752445221,2.9674751544916944e-07,0.6077789664268494,0.39100906252861023,0.02712240256369114,0.5347274541854858,0.4044516086578369,0.02697090432047844,0.48701146245002747,0.4641434848308563,0.01824943535029888,0.4670392870903015,0.518220067024231,0.009077191352844238,0.48540985584259033,0.35595032572746277,-0.0031152840238064528,0.40322941541671753,0.38479241728782654,-0.02156839147210121,0.3532508611679077,0.39189612865448,-0.03589840978384018,0.31232866644859314,0.4023395776748657,-0.04774227365851402,0.49455955624580383,0.38146960735321045,-0.02934870310127735,0.39792975783348083,0.40152686834335327,-0.048476576805114746,0.33986032009124756,0.41040459275245667,-0.06402699649333954,0.29571133852005005,0.4209340512752533,-0.07815778255462646,0.5121123790740967,0.42642098665237427,-0.05119975656270981,0.419736385345459,0.4850013554096222,-0.06035207211971283,0.45509710907936096,0.49546751379966736,-0.04469456896185875,0.48500069975852966,0.4871480464935303,-0.0336136519908905,0.5345912575721741,0.47615107893943787,-0.07202951610088348,0.47363489866256714,0.5317832827568054,-0.07603318244218826,0.48850589990615845,0.5352436304092407,-0.06395285576581955,0.5021687746047974,0.5234189033508301,-0.054595764726400375
0.6733559966087341,0.4029669463634491,3.1818748880141356e-07,0.6004452109336853,0.34927523136138916,0.037988994270563126,0.5212465524673462,0.37053343653678894,0.04348054528236389,0.4687780737876892,0.4408060908317566,0.037023432552814484,0.4474313259124756,0.5040398836135864,0.02911331132054329,0.4666002690792084,0.3220721483230591,0.012392153963446617,0.3706227242946625,0.3555818796157837,-0.0007585724233649671,0.31497371196746826,0.3625726103782654,-0.010430586524307728,0.26913148164749146,0.3732326626777649,-0.019870886579155922,0.4683149456977844,0.3526350259780884,-0.019133279100060463,0.3601541519165039,0.38068071007728577,-0.03477715328335762,0.2970706522464752,0.3912578225135803,-0.04790110886096954,0.25164324045181274,0.4015390872955322,-0.060427598655223846,0.48443543910980225,0.4030809998512268,-0.04581509530544281,0.3843386173248291,0.47125840187072754,-0.05177588760852814,0.42615312337875366,0.4810142517089844,-0.034782521426677704,0.45908358693122864,0.4713377058506012,-0.02369571104645729,0.5109828114509583,0.458077073097229,-0.07086735963821411,0.45525696873664856,0.5160972476005554,-0.07529440522193909,0.47796058654785156,0.5170875787734985,-0.06463809311389923,0.4941597878932953,0.502015233039856,-0.05626189336180687
0.6672274470329285,0.38370299339294434,3.537498116656934e-07,0.5890820622444153,0.3194073438644409,0.05082288756966591,0.5057791471481323,0.3438146412372589,0.06370501965284348,0.448212206363678,0.41580039262771606,0.05954316258430481,0.4176202714443207,0.4795677065849304,0.05477043241262436,0.42752280831336975,0.28756994009017944,0.05447782576084137,0.32862913608551025,0.3361223340034485,0.056633710861206055,0.27348798513412476,0.355025976896286,0.05721280351281166,0.22685971856117249,0.37144649028778076,0.0539393275976181,0.41754382848739624,0.3177160322666168,0.017555831000208855,0.3043670356273651,0.35781338810920715,0.014433082193136215,0.23804830014705658,0.37634336948394775,0.009326847270131111,0.19308912754058838,0.38610851764678955,0.0036334521137177944,0.4276045262813568,0.37057533860206604,-0.0163012333214283,0.34119582176208496,0.46382537484169006,-0.01374425645917654,0.39548590779304504,0.4847261905670166,0.0005625090561807156,0.43626323342323303,0.47129449248313904,0.009002918377518654,0.4532106816768646,0.4317508935928345,-0.04846135899424553,0.4220997095108032,0.5188960433006287,-0.049157626926898956,0.4636673033237457,0.5252453088760376,-0.04231240600347519,0.4923985004425049,0.5047347545623779,-0.03677475452423096
0.6816039681434631,0.388785719871521,3.081983379615849e-07,0.6006680727005005,0.3072715997695923,0.053960394114255905,0.5106621980667114,0.3234384059906006,0.0709531381726265,0.4476524889469147,0.3818453252315521,0.07002183049917221,0.4164850413799286,0.4445425271987915,0.06760364025831223,0.41810187697410583,0.28557416796684265,0.06363684684038162,0.31864088773727417,0.33910149335861206,0.0669875368475914,0.2601087689399719,0.35814225673675537,0.06675620377063751,0.20988549292087555,0.3728870749473572,0.06249704211950302,0.4064764082431793,0.3200242519378662,0.026949996128678322,0.2965180575847626,0.37117499113082886,0.027502750977873802,0.23759493231773376,0.3918401896953583,0.025390099734067917,0.1982709914445877,0.3981335759162903,0.021227002143859863,0.4162977635860443,0.37619227170944214,-0.007327340543270111,0.3352571129798889,0.483469694852829,-0.0020313942804932594,0.3876272439956665,0.5142603516578674,0.013641450554132462,0.4289073050022125,0.5033338665962219,0.022111548110842705,0.4418874680995941,0.4374883770942688,-0.04016731679439545,0.41546282172203064,0.5351497530937195,-0.037705522030591965,0.4606632590293884,0.541452169418335,-0.028446825221180916,0.4942786395549774,0.5182160139083862,-0.021709557622671127
0.6964522004127502,0.4131101369857788,2.6124806140614965e-07,0.6154853701591492,0.33912891149520874,0.0588514469563961,0.526543378829956,0.35514774918556213,0.07940467447042465,0.4675898849964142,0.4072992205619812,0.08244691789150238,0.4411585330963135,0.46562567353248596,0.0842382162809372,0.4417757987976074,0.31949806213378906,0.06302740424871445,0.3423476815223694,0.34788939356803894,0.07062099128961563,0.2878285348415375,0.36478012800216675,0.07437248528003693,0.2459559440612793,0.3849954307079315,0.0743989422917366,0.4343349039554596,0.35629111528396606,0.026381662115454674,0.32217442989349365,0.382893830537796,0.03288910910487175,0.26115357875823975,0.3986685872077942,0.03434058651328087,0.22294625639915466,0.41024667024612427,0.03220384940505028,0.44749340415000916,0.413897842168808,-0.006526113487780094,0.3653724789619446,0.4933827817440033,0.008943607099354267,0.41485950350761414,0.5081371068954468,0.02966495044529438,0.45286571979522705,0.4970141053199768,0.03975103050470352,0.47494789958000183,0.4782412648200989,-0.03761231154203415,0.4309156537055969,0.5518460869789124,-0.0241837315261364,0.4680143892765045,0.5561051368713379,-0.007581055164337158,0.49606549739837646,0.5396164655685425,0.0029350966215133667
0.6582489013671875,0.44169822335243225,1.3223895223291038e-07,0.5833582282066345,0.39973291754722595,0.05425969883799553,0.511857271194458,0.43537646532058716,0.07005444914102554,0.4700627624988556,0.5025756359100342,0.06851036101579666,0.44615134596824646,0.5603017807006836,0.0648423433303833,0.4485725462436676,0.37395089864730835,0.06841367483139038,0.37167346477508545,0.42299529910087585,0.07913579791784286,0.3320576548576355,0.447092205286026,0.08439068496227264,0.2963219881057739,0.46357262134552,0.08383167535066605,0.4417459964752197,0.394348680973053,0.03209369629621506,0.34575212001800537,0.4353320300579071,0.0387692004442215,0.3016527593135834,0.4549437463283539,0.03874054178595543,0.2709186375141144,0.4678346812725067,0.03605534881353378,0.4537367820739746,0.4306575059890747,-0.0019013256533071399,0.38526520133018494,0.5142001509666443,0.005760974250733852,0.43652379512786865,0.5293221473693848,0.013889111578464508,0.46929505467414856,0.5165428519248962,0.01637928932905197,0.4778549373149872,0.47794273495674133,-0.03328007087111473,0.45343542098999023,0.5553717017173767,-0.027591722086071968,0.4886890649795532,0.5651974081993103,-0.021800776943564415,0.513285219669342,0.55148845911026,-0.0195669736713171
0.6165267825126648,0.4258374571800232,2.0059138705619262e-07,0.5539634823799133,0.40538281202316284,0.02595604583621025,0.4963560104370117,0.44098901748657227,0.02831646427512169,0.4635445773601532,0.5052376985549927,0.019411355257034302,0.44690969586372375,0.5572605729103088,0.009941909462213516,0.4432159960269928,0.39092451333999634,0.032704923301935196,0.38149285316467285,0.4386862516403198,0.027982572093605995,0.34829455614089966,0.4601733386516571,0.024926738813519478,0.31985902786254883,0.4747070074081421,0.020560285076498985,0.43543463945388794,0.4063319265842438,0.007952644489705563,0.35354819893836975,0.4501273036003113,-0.0007969483849592507,0.31475502252578735,0.47419461607933044,-0.0061816321685910225,0.288033664226532,0.4877813160419464,-0.01012098602950573,0.44431596994400024,0.4373117983341217,-0.016394516453146935,0.3871205449104309,0.5155342221260071,-0.02490236423909664,0.4328206777572632,0.5306957960128784,-0.019128553569316864,0.46379202604293823,0.517975926399231,-0.013973653316497803,0.4635043144226074,0.4766121804714203,-0.04005976393818855,0.45299217104911804,0.5504075884819031,-0.04849277064204216,0.48455989360809326,0.5599666833877563,-0.04775216802954674,0.5043913722038269,0.5466099977493286,-0.046035286039114
0.5830953121185303,0.44683316349983215,2.1728220644945395e-07,0.5318467617034912,0.44106239080429077,0.01574878580868244,0.48460203409194946,0.47184059023857117,0.015445797704160213,0.45545071363449097,0.5262249708175659,0.007225085981190205,0.44072282314300537,0.5666353702545166,-0.0003928396326955408,0.4368838965892792,0.4327601194381714,0.01876690797507763,0.3825741112232208,0.4763121008872986,0.009439075365662575,0.35149669647216797,0.49504947662353516,0.002712076297029853,0.324190616607666,0.5090973377227783,-0.0034282098058611155,0.4309711456298828,0.4425765573978424,0.0013647305313497782,0.36438173055648804,0.4834144115447998,-0.011458788067102432,0.3267659544944763,0.5029855370521545,-0.01903802715241909,0.2986498475074768,0.5148124694824219,-0.024616772308945656,0.43872782588005066,0.4674590826034546,-0.01605779118835926,0.38930532336235046,0.5391196608543396,-0.027018805965781212,0.42946097254753113,0.5494605898857117,-0.021092118695378304,0.45840030908584595,0.5384624600410461,-0.015054794028401375,0.45497313141822815,0.4993117153644562,-0.033540498465299606,0.44777822494506836,0.5626019239425659,-0.04371240735054016,0.4739898443222046,0.572597324848175,-0.043880645185709,0.49053311347961426,0.5647100210189819,-0.04231506586074829
0.5692861676216125,0.4597189128398895,2.0064230454863718e-07,0.5223737955093384,0.45778873562812805,0.014172438532114029,0.4799613356590271,0.48975205421447754,0.012611990794539452,0.45366883277893066,0.543200671672821,0.004085839260369539,0.43937012553215027,0.5826331973075867,-0.004006165079772472,0.43361198902130127,0.4440944194793701,0.015962546691298485,0.38223206996917725,0.481119304895401,0.007547143381088972,0.3514394760131836,0.49998539686203003,0.0016407085349783301,0.3249664306640625,0.5162976980209351,-0.0034996720496565104,0.4288875460624695,0.45194947719573975,0.0006441785953938961,0.3665837049484253,0.4850877821445465,-0.01046847365796566,0.33273690938949585,0.5056684017181396,-0.01695685088634491,0.3069092333316803,0.5222345590591431,-0.0213213711977005,0.4359077215194702,0.47358614206314087,-0.01457266602665186,0.39370355010032654,0.5436540842056274,-0.025220809504389763,0.4288366436958313,0.5597584843635559,-0.022504476830363274,0.4551195502281189,0.5542603135108948,-0.01832442358136177,0.45036980509757996,0.5048553943634033,-0.02948412112891674,0.4435061514377594,0.5689854621887207,-0.037690453231334686,0.46628084778785706,0.5832783579826355,-0.037944719195365906,0.48175540566444397,0.579023003578186,-0.036663513630628586
0.5710058212280273,0.4885413348674774,2.1285205775711802e-07,0.5250668525695801,0.4692593216896057,0.0160349253565073,0.47586145997047424,0.4886277914047241,0.01725165918469429,0.4419219195842743,0.5358683466911316,0.011881871148943901,0.42333343625068665,0.5712605714797974,0.00744011253118515,0.4353373646736145,0.4434458613395691,0.013974644243717194,0.37861496210098267,0.4677872359752655,0.005997678730636835,0.3459377586841583,0.476387619972229,0.0009122625924646854,0.31785231828689575,0.483810156583786,-0.0035753087140619755,0.43170464038848877,0.4544336795806885,-0.0008534032385796309,0.367633581161499,0.47878462076187134,-0.01082694809883833,0.3300637900829315,0.4877582788467407,-0.016369368880987167,0.3013156056404114,0.49417123198509216,-0.020733876153826714,0.43797409534454346,0.48049604892730713,-0.014973209239542484,0.38735634088516235,0.541744589805603,-0.02320939302444458,0.41989415884017944,0.5591579675674438,-0.017444686964154243,0.4465946853160858,0.5568876266479492,-0.011721108108758926,0.4510142505168915,0.5141003131866455,-0.02884400635957718,0.4370255470275879,0.5723541378974915,-0.03616843372583389,0.4564214050769806,0.5884828567504883,-0.03605019301176071,0.4700728952884674,0.5878756046295166,-0.034484703093767166
0.6079429388046265,0.5227195024490356,2.743573190855386e-07,0.5574127435684204,0.46452587842941284,0.018545368686318398,0.49262118339538574,0.45867180824279785,0.020123960450291634,0.4458102881908417,0.4959227740764618,0.015420163050293922,0.42050808668136597,0.5355221033096313,0.010456749238073826,0.45271432399749756,0.42060229182243347,0.0029188755434006453,0.3777025043964386,0.4357796311378479,-0.009006901644170284,0.33428889513015747,0.4348509609699249,-0.017514271661639214,0.2980201542377472,0.4362444281578064,-0.023995721712708473,0.4506394565105438,0.45146602392196655,-0.015146570280194283,0.36681175231933594,0.46090102195739746,-0.028000932186841965,0.31671881675720215,0.45982518792152405,-0.03726411983370781,0.2780987024307251,0.45961496233940125,-0.04493827372789383,0.4570300579071045,0.49495556950569153,-0.03052614815533161,0.38081562519073486,0.5266516208648682,-0.03907012566924095,0.4095723330974579,0.5394371747970581,-0.028630230575799942,0.43611961603164673,0.5385436415672302,-0.019575929269194603,0.4699046015739441,0.5412642955780029,-0.04520231857895851,0.4222892224788666,0.5698032975196838,-0.049742650240659714,0.4379971921443939,0.572166919708252,-0.04083491489291191,0.45225876569747925,0.5640279054641724,-0.032614078372716904
0.6026514768600464,0.5386502146720886,2.732543293859635e-07,0.5427313446998596,0.48428112268447876,0.023762088268995285,0.468197762966156,0.4870189130306244,0.02488863095641136,0.41856083273887634,0.5365074276924133,0.018268687650561333,0.39001527428627014,0.5817219018936157,0.010782578028738499,0.431106299161911,0.4362194538116455,0.0033519400749355555,0.35180366039276123,0.44872233271598816,-0.00924878753721714,0.30529576539993286,0.44818630814552307,-0.018527384847402573,0.26554062962532043,0.4513362646102905,-0.02622109092772007,0.4320841133594513,0.4662768244743347,-0.018914708867669106,0.34266507625579834,0.4735857844352722,-0.03177199885249138,0.2900315523147583,0.4732818007469177,-0.04020889475941658,0.24749110639095306,0.47565218806266785,-0.04831922426819801,0.4420453906059265,0.5100961923599243,-0.0380718857049942,0.3566318154335022,0.5532214641571045,-0.04700266942381859,0.387024462223053,0.5653719902038574,-0.035773035138845444,0.4156414270401001,0.562518835067749,-0.026926692575216293,0.4585757851600647,0.5602321624755859,-0.056048065423965454,0.40210169553756714,0.5962247252464294,-0.061541616916656494,0.417797327041626,0.5971988439559937,-0.052253130823373795,0.4337097108364105,0.5856660008430481,-0.044381510466337204
0.611376166343689,0.5522392392158508,2.484008803094184e-07,0.5528220534324646,0.4858080744743347,0.0244075246155262,0.4818982481956482,0.48161712288856506,0.027035729959607124,0.43235689401626587,0.5228557586669922,0.022686438634991646,0.4023995101451874,0.5663326978683472,0.017247557640075684,0.44522085785865784,0.4415052831172943,0.0029567184392362833,0.3648192584514618,0.45243483781814575,-0.008243722841143608,0.3186172842979431,0.4527401924133301,-0.01712336577475071,0.2780565619468689,0.4553754925727844,-0.0241977758705616,0.44401031732559204,0.4790132939815521,-0.017402030527591705,0.354489803314209,0.48525235056877136,-0.02700996585190296,0.3022182881832123,0.48205289244651794,-0.03384782001376152,0.259592205286026,0.4804120659828186,-0.04132567346096039,0.4506598114967346,0.5278031826019287,-0.034300222992897034,0.366594135761261,0.5567401051521301,-0.03990386798977852,0.3957611322402954,0.566555380821228,-0.028332561254501343,0.42428985238075256,0.5659290552139282,-0.019846009090542793,0.46399226784706116,0.5789252519607544,-0.049883291125297546,0.40803977847099304,0.6014101505279541,-0.05192088708281517,0.42501625418663025,0.6015872359275818,-0.04081325978040695,0.44259434938430786,0.5927558541297913,-0.0317951962351799
0.5336697101593018,0.6514266729354858,4.906760295853019e-07,0.4518183171749115,0.6212555170059204,-0.004135885275900364,0.4059595763683319,0.5809448957443237,-0.02518913522362709,0.37013205885887146,0.5606653690338135,-0.05018061399459839,0.34166014194488525,0.5516871213912964,-0.07544232159852982,0.43473294377326965,0.4645785689353943,-0.04582555592060089,0.37936246395111084,0.4022865295410156,-0.07867331802845001,0.3494454622268677,0.35716724395751953,-0.10145682841539383,0.3252010643482208,0.31595146656036377,-0.11749903112649918,0.46262064576148987,0.47058290243148804,-0.06318157911300659,0.39634135365486145,0.4093843698501587,-0.10244159400463104,0.3581017255783081,0.35934197902679443,-0.12766173481941223,0.32738155126571655,0.3120569586753845,-0.1447974145412445,0.48009997606277466,0.5028963685035706,-0.07758773863315582,0.39353659749031067,0.49713245034217834,-0.10979229211807251,0.3800349831581116,0.5398594737052917,-0.10511167347431183,0.38141387701034546,0.5650412440299988,-0.096421018242836,0.4853516221046448,0.5544524192810059,-0.0924668088555336,0.40847986936569214,0.5690923929214478,-0.1123097836971283,0.3794584572315216,0.587289571762085,-0.10631367564201355,0.365161657333374,0.5955231785774231,-0.09880026429891586
0.4895828366279602,0.6692876219749451,5.970633196739072e-07,0.43425023555755615,0.605982780456543,-0.014369633980095387,0.4091185927391052,0.5550565123558044,-0.03503137454390526,0.39229264855384827,0.5196095705032349,-0.058040592819452286,0.382440984249115,0.5072396993637085,-0.08125586062669754,0.4611576497554779,0.4561110734939575,-0.041987963020801544,0.4472487270832062,0.3726843595504761,-0.07322638481855392,0.4386153817176819,0.3133919835090637,-0.09300781041383743,0.4355226159095764,0.26188820600509644,-0.10552915185689926,0.49159443378448486,0.473522812128067,-0.05590066313743591,0.4676481783390045,0.3795209527015686,-0.09058336913585663,0.4582311511039734,0.3161265254020691,-0.11138531565666199,0.452137291431427,0.26260799169540405,-0.12266740947961807,0.5094313621520996,0.5118628740310669,-0.06954500079154968,0.445130318403244,0.48123180866241455,-0.10846324265003204,0.4101697504520416,0.5068063735961914,-0.11534891277551651,0.3922637701034546,0.5302037000656128,-0.11102177947759628,0.5075352787971497,0.5631886124610901,-0.0837484747171402,0.439085990190506,0.5489810109138489,-0.11064014583826065,0.39996740221977234,0.5553521513938904,-0.11143840104341507,0.37576133012771606,0.5628112554550171,-0.10666105151176453
0.4716089367866516,0.784072756767273,7.263413408509223e-07,0.45902931690216064,0.6898440718650818,-0.024047886952757835,0.46796032786369324,0.6242839097976685,-0.05714878812432289,0.4753480553627014,0.595119297504425,-0.09102462232112885,0.4800616502761841,0.590827465057373,-0.12563785910606384,0.5624240040779114,0.5840285420417786,-0.07328738272190094,0.6113103032112122,0.5362507700920105,-0.11991692334413528,0.6474520564079285,0.4955454468727112,-0.1532842367887497,0.6844233274459839,0.467064768075943,-0.1771468222141266,0.5854905247688293,0.6335279941558838,-0.08849864453077316,0.627490758895874,0.5742036700248718,-0.13281050324440002,0.6561995148658752,0.5330076813697815,-0.15684230625629425,0.6866904497146606,0.4910498559474945,-0.1724279671907425,0.5818660259246826,0.6946234703063965,-0.10345581918954849,0.5428252816200256,0.6345836520195007,-0.1459675431251526,0.5027008652687073,0.6324723958969116,-0.14642170071601868,0.4819568395614624,0.6365208029747009,-0.1414608508348465,0.5540388226509094,0.7520321607589722,-0.12079701572656631,0.497861385345459,0.6869605183601379,-0.15767598152160645,0.4557609260082245,0.6410241723060608,-0.1596946269273758,0.42854970693588257,0.6074700355529785,-0.15656326711177826
0.4599190950393677,0.9005500674247742,7.730419611107209e-07,0.4690493941307068,0.8016055822372437,-0.01345046702772379,0.5117077827453613,0.7362487316131592,-0.02789834327995777,0.5483263731002808,0.7382608652114868,-0.04581001028418541,0.5789332985877991,0.7586269974708557,-0.06526301801204681,0.6210547089576721,0.7370077967643738,-0.0282280333340168,0.6949658393859863,0.7094900012016296,-0.05561017245054245,0.7442282438278198,0.692042350769043,-0.07788602262735367,0.7896741628646851,0.6809424161911011,-0.09436344355344772,0.633590817451477,0.7914825677871704,-0.042321570217609406,0.7092411518096924,0.7622990608215332,-0.07248254120349884,0.7635994553565979,0.7387139201164246,-0.09758532047271729,0.8111047744750977,0.7252101302146912,-0.11504949629306793,0.6239620447158813,0.8426503539085388,-0.05764969438314438,0.6656481027603149,0.816429615020752,-0.09436474740505219,0.6199533939361572,0.7938935160636902,-0.11220768094062805,0.5801026225090027,0.7832803726196289,-0.1184106320142746,0.5942298173904419,0.8792865872383118,-0.07331372797489166,0.5894932150840759,0.8398138284683228,-0.10570134222507477,0.5548411011695862,0.7965168356895447,-0.11739777773618698,0.5274164080619812,0.7645406126976013,-0.12166181951761246
0.4589999318122864,0.884901762008667,5.223599259807088e-07,0.475683331489563,0.7912928462028503,-0.015371764078736305,0.5252484679222107,0.7275807857513428,-0.02825913019478321,0.570980429649353,0.7251447439193726,-0.04516235366463661,0.6070964932441711,0.7384088039398193,-0.062115125358104706,0.6373484134674072,0.7274714708328247,-0.018040286377072334,0.7059969305992126,0.7016457915306091,-0.04201783239841461,0.7520763874053955,0.6893998384475708,-0.06030535325407982,0.7945893406867981,0.684576690196991,-0.07405144721269608,0.6483432054519653,0.781070351600647,-0.03229142352938652,0.7266421914100647,0.7521464824676514,-0.05840399116277695,0.7768520712852478,0.7303519248962402,-0.07916705310344696,0.8187004327774048,0.7150217890739441,-0.09334243088960648,0.6373981833457947,0.8371744751930237,-0.049118537455797195,0.6849202513694763,0.8078328967094421,-0.08780544996261597,0.6384317874908447,0.777138352394104,-0.1025378629565239,0.5965632796287537,0.7590107917785645,-0.10541470348834991,0.6093515157699585,0.8859530687332153,-0.06655652821063995,0.6156189441680908,0.8305772542953491,-0.10077717900276184,0.5807960629463196,0.7844659090042114,-0.11018679291009903,0.5492706298828125,0.753389835357666,-0.11202862858772278
0.4846385717391968,0.8056978583335876,7.180690886343655e-07,0.5155004262924194,0.7119573354721069,-0.01648055762052536,0.5780127048492432,0.6635169386863708,-0.0322718620300293,0.6239798069000244,0.6678658723831177,-0.0531919039785862,0.6590362787246704,0.6808494329452515,-0.0741797462105751,0.6976819038391113,0.6947527527809143,-0.023073097690939903,0.781181812286377,0.6888860464096069,-0.05279073864221573,0.8351472616195679,0.6902167797088623,-0.0740603432059288,0.8842455148696899,0.6997352242469788,-0.08829520642757416,0.6975999474525452,0.7496868371963501,-0.040463097393512726,0.7986218333244324,0.7368156313896179,-0.07255804538726807,0.8617582321166992,0.729198694229126,-0.09586145728826523,0.9137862920761108,0.7300853133201599,-0.10970214009284973,0.6743030548095703,0.8045592308044434,-0.060316283255815506,0.7340874075889587,0.7775958180427551,-0.10760439932346344,0.6856696605682373,0.7355195879936218,-0.12182778865098953,0.6406660079956055,0.7111098170280457,-0.1204407587647438,0.6331266164779663,0.8495638370513916,-0.08054954558610916,0.6611358523368835,0.7926806807518005,-0.11944271624088287,0.6332476139068604,0.7334375381469727,-0.12532900273799896,0.6035435199737549,0.6919418573379517,-0.1224047914147377
0.5141168832778931,0.6035114526748657,7.76896229126578e-07,0.5698310136795044,0.5167515873908997,-0.018620841205120087,0.6481916308403015,0.48894837498664856,-0.03507547825574875,0.6931594610214233,0.5088083148002625,-0.056724146008491516,0.7273145914077759,0.5299569964408875,-0.07864433526992798,0.7786421179771423,0.5761144757270813,-0.02709002047777176,0.8738419413566589,0.5871835350990295,-0.059891652315855026,0.942765474319458,0.5919740200042725,-0.08103643357753754,0.9990825653076172,0.607012152671814,-0.09472908079624176,0.7661404013633728,0.6403917074203491,-0.04780029132962227,0.8781536817550659,0.6328883767127991,-0.08543511480093002,0.9570153951644897,0.6291897892951965,-0.11144962161779404,1.0194157361984253,0.6363813281059265,-0.12522201240062714,0.7243969440460205,0.6888594031333923,-0.07124143838882446,0.7812109589576721,0.6454149484634399,-0.12723442912101746,0.7364251017570496,0.590324342250824,-0.1436154544353485,0.6942629814147949,0.5594304800033569,-0.14084449410438538,0.6643859148025513,0.7132591009140015,-0.09509339183568954,0.6859579086303711,0.6255130171775818,-0.14075858891010284,0.665604293346405,0.5397086143493652,-0.14959722757339478,0.6458274126052856,0.480915367603302,-0.1472269892692566
0.5007200241088867,0.4586533308029175,7.432890356540156e-07,0.555567741394043,0.36138418316841125,-0.02065824158489704,0.6364768147468567,0.3280545473098755,-0.040620118379592896,0.682594895362854,0.34424149990081787,-0.06597965210676193,0.723101019859314,0.3636636734008789,-0.09132201969623566,0.7687845230102539,0.3926513195037842,-0.03219238668680191,0.8669888973236084,0.40333715081214905,-0.07023859769105911,0.9327894449234009,0.4081512987613678,-0.09529134631156921,0.9880225658416748,0.42194533348083496,-0.1109917089343071,0.7601351737976074,0.46026644110679626,-0.05234559625387192,0.8738345503807068,0.46174344420433044,-0.09547293931245804,0.9492346048355103,0.455299437046051,-0.1234968826174736,1.0103591680526733,0.45645925402641296,-0.13817568123340607,0.7235322594642639,0.5138397812843323,-0.07521819323301315,0.7854112386703491,0.46801814436912537,-0.13413576781749725,0.732544481754303,0.3995029330253601,-0.1476188600063324,0.6853510141372681,0.358244389295578,-0.1425827443599701,0.6675305366516113,0.5425258278846741,-0.09882007539272308,0.6906023621559143,0.456025093793869,-0.14449135959148407,0.6685510873794556,0.3705756664276123,-0.1494988203048706,0.6470468640327454,0.3126208186149597,-0.143867626786232
0.415091335773468,0.42827901244163513,1.0186807912759832e-06,0.4766608476638794,0.4710002541542053,-0.03549531102180481,0.555950403213501,0.4527149796485901,-0.05343621224164963,0.5760736465454102,0.37540024518966675,-0.07360917329788208,0.582598090171814,0.2912697196006775,-0.0919184610247612,0.6586899161338806,0.38947322964668274,-0.023973457515239716,0.7483235001564026,0.36837875843048096,-0.057050228118896484,0.8088067173957825,0.3563151955604553,-0.07862729579210281,0.8625239729881287,0.35157251358032227,-0.09267750382423401,0.6452917456626892,0.334842324256897,-0.03278856724500656,0.7466477155685425,0.3290296196937561,-0.06796637922525406,0.8063384890556335,0.34081682562828064,-0.09100863337516785,0.8580328226089478,0.3537244200706482,-0.10318408906459808,0.6066402792930603,0.2888631820678711,-0.04755384474992752,0.6487813591957092,0.27672478556632996,-0.10334837436676025,0.5964868664741516,0.2981220483779907,-0.11971628665924072,0.5569968819618225,0.31111714243888855,-0.11599980294704437,0.5539072751998901,0.2567417025566101,-0.06485483795404434,0.5717743039131165,0.260769248008728,-0.10730802267789841,0.5461270213127136,0.27631282806396484,-0.1141481101512909,0.5242248773574829,0.27802544832229614,-0.1108783632516861
0.30802083015441895,0.5135161280632019,8.726267424208345e-07,0.34600740671157837,0.40757882595062256,-0.016672268509864807,0.40643689036369324,0.3555554151535034,-0.03387393429875374,0.43549755215644836,0.35124561190605164,-0.055892203003168106,0.4682263433933258,0.3551255762577057,-0.07824722677469254,0.5309197306632996,0.4105476140975952,-0.029191486537456512,0.6114296317100525,0.4097726047039032,-0.06061887368559837,0.6658617258071899,0.4052717089653015,-0.08140842616558075,0.7175191640853882,0.4097750186920166,-0.09504617750644684,0.5261741280555725,0.464470237493515,-0.04752306640148163,0.6233717799186707,0.45728424191474915,-0.08251090347766876,0.6849234104156494,0.44441697001457214,-0.10810303688049316,0.7401211261749268,0.43758028745651245,-0.12318489700555801,0.4958166182041168,0.5078956484794617,-0.06815202534198761,0.5269185304641724,0.4588450789451599,-0.11958436667919159,0.47618478536605835,0.40264713764190674,-0.14010751247406006,0.43619048595428467,0.36806520819664,-0.14222486317157745,0.446306049823761,0.5291800498962402,-0.08869624882936478,0.44844046235084534,0.4550631046295166,-0.12859924137592316,0.4173395037651062,0.38971126079559326,-0.1382107138633728,0.39351728558540344,0.3463500738143921,-0.138322114944458
0.3006507158279419,0.47419318556785583,5.166088499208854e-07,0.3385944366455078,0.3942258656024933,-0.020493021234869957,0.395160436630249,0.34572917222976685,-0.04011692851781845,0.4394943118095398,0.34629952907562256,-0.06351184099912643,0.4762119650840759,0.37387633323669434,-0.08604247123003006,0.5096617937088013,0.39965489506721497,-0.027063783258199692,0.5829320549964905,0.39557206630706787,-0.05729138106107712,0.6324988007545471,0.3929212987422943,-0.0769968330860138,0.6769129633903503,0.4027445316314697,-0.09028848260641098,0.5072785019874573,0.4591130316257477,-0.04247770085930824,0.5982327461242676,0.43878287076950073,-0.07606691867113113,0.655296802520752,0.42042234539985657,-0.09739670902490616,0.7004532814025879,0.41346657276153564,-0.10953739285469055,0.4825236201286316,0.5122041702270508,-0.060625482350587845,0.5333079099655151,0.4700945019721985,-0.10988093912601471,0.4843369722366333,0.4221600592136383,-0.12036200612783432,0.4383082687854767,0.39924725890159607,-0.1162414699792862,0.44211438298225403,0.5449341535568237,-0.07982920855283737,0.4486106038093567,0.45887646079063416,-0.12032268941402435,0.4211082458496094,0.39144229888916016,-0.12768268585205078,0.39502644538879395,0.3515375256538391,-0.12565866112709045
0.30539923906326294,0.46746599674224854,4.484061832954467e-07,0.34019947052001953,0.38401201367378235,-0.017778640612959862,0.4008098840713501,0.33812475204467773,-0.03304522484540939,0.4487653374671936,0.3448319137096405,-0.052147913724184036,0.48734450340270996,0.3682597279548645,-0.07053972035646439,0.5081595182418823,0.38859251141548157,-0.01955617032945156,0.5761677026748657,0.379177987575531,-0.04636714234948158,0.6240180730819702,0.37528738379478455,-0.06462544947862625,0.6667399406433105,0.3825037479400635,-0.07723448425531387,0.5063918828964233,0.44471976161003113,-0.03495590761303902,0.5923599004745483,0.42077967524528503,-0.0657719299197197,0.6472277641296387,0.39959922432899475,-0.0861993134021759,0.6907867193222046,0.3891831338405609,-0.09756917506456375,0.4838200509548187,0.49573075771331787,-0.05329112708568573,0.530442476272583,0.45217183232307434,-0.10100281983613968,0.48779699206352234,0.4058254063129425,-0.11340398341417313,0.44687408208847046,0.3825613260269165,-0.11068220436573029,0.4460952579975128,0.5274205803871155,-0.07241787761449814,0.45485180616378784,0.445980966091156,-0.11214586347341537,0.42828118801116943,0.3792632520198822,-0.12031542509794235,0.40208321809768677,0.3369407653808594,-0.11903055012226105
0.3113369643688202,0.4885767698287964,4.869072540714114e-07,0.3397204875946045,0.406621515750885,-0.019904257729649544,0.3977738320827484,0.3534150719642639,-0.03520689532160759,0.44778329133987427,0.360908180475235,-0.05363387614488602,0.4865175783634186,0.39001476764678955,-0.07110290229320526,0.5092942714691162,0.3858214020729065,-0.01950824074447155,0.5822035074234009,0.37514203786849976,-0.044311944395303726,0.6304141283035278,0.37208816409111023,-0.061248794198036194,0.6724861264228821,0.3779063820838928,-0.0735434740781784,0.5131757855415344,0.43922892212867737,-0.033042456954717636,0.6023828983306885,0.4149421751499176,-0.0592617392539978,0.655555009841919,0.3968203365802765,-0.0784437507390976,0.6980460286140442,0.38901928067207336,-0.09033198654651642,0.4934898316860199,0.49253544211387634,-0.049729544669389725,0.550333559513092,0.4713536500930786,-0.09161319583654404,0.5129389762878418,0.4342159628868103,-0.10515829175710678,0.4762118458747864,0.41461998224258423,-0.1054210364818573,0.4565527141094208,0.5344125032424927,-0.06739594787359238,0.4693528413772583,0.4728136360645294,-0.10504774004220963,0.4421333968639374,0.4196264445781708,-0.1146622896194458,0.4144691526889801,0.3876917362213135,-0.11527127772569656
0.34519681334495544,0.5763863325119019,6.638413765358564e-07,0.3863028287887573,0.4916529655456543,-0.021260393783450127,0.4571613073348999,0.46301960945129395,-0.03644845634698868,0.513961136341095,0.4995819926261902,-0.05576964467763901,0.5504963994026184,0.5302739143371582,-0.07420115172863007,0.565735399723053,0.4973621368408203,-0.018814632669091225,0.6468073129653931,0.5011304616928101,-0.049883656203746796,0.6999760866165161,0.5143877267837524,-0.07443781942129135,0.7456223964691162,0.5353004932403564,-0.09168431162834167,0.5639442801475525,0.5512007474899292,-0.03182170167565346,0.6555254459381104,0.5498116612434387,-0.06357723474502563,0.7114121317863464,0.5538688898086548,-0.08798503130674362,0.7549301981925964,0.5678020715713501,-0.10404801368713379,0.5389231443405151,0.6043710708618164,-0.04862406104803085,0.5982319116592407,0.6011458039283752,-0.09038226306438446,0.5544121861457825,0.554857075214386,-0.10296537727117538,0.5125065445899963,0.5262326002120972,-0.10307326912879944,0.49769046902656555,0.6514226794242859,-0.06732720136642456,0.5298433899879456,0.6254711151123047,-0.10264644026756287,0.5094699859619141,0.5713459253311157,-0.10975664854049683,0.4861419200897217,0.5294151306152344,-0.10908348113298416
0.383652925491333,0.6076809763908386,6.945153359083633e-07,0.4401403069496155,0.5259639024734497,-0.02585959993302822,0.5233665704727173,0.5184702277183533,-0.04001719504594803,0.5865128636360168,0.5730607509613037,-0.05703545734286308,0.6304304599761963,0.6231706738471985,-0.07194500416517258,0.6116582751274109,0.543827474117279,-0.010509096086025238,0.6980870962142944,0.5585776567459106,-0.03633701801300049,0.7505277395248413,0.5751293301582336,-0.056531161069869995,0.79445880651474,0.5923566818237305,-0.0713348239660263,0.6058423519134521,0.6025335192680359,-0.01874626614153385,0.7033557295799255,0.6213770508766174,-0.04804480820894241,0.7625008821487427,0.6289593577384949,-0.0738191083073616,0.81121426820755,0.6419613361358643,-0.09102506935596466,0.5775551199913025,0.6549229025840759,-0.031523413956165314,0.6402818560600281,0.6711583137512207,-0.0704774558544159,0.6083289384841919,0.6214272975921631,-0.08586829155683517,0.5774348378181458,0.5876392126083374,-0.08834466338157654,0.534696638584137,0.6967535614967346,-0.046509597450494766,0.5713059902191162,0.695838987827301,-0.0789651870727539,0.5719062685966492,0.6514177918434143,-0.0896078497171402,0.569283664226532,0.6132771372795105,-0.09240912646055222
0.3709923028945923,0.5341784358024597,6.195598984959361e-07,0.4291515648365021,0.45220738649368286,-0.020947156473994255,0.5127544403076172,0.4389774203300476,-0.03205829858779907,0.5762149691581726,0.4865150451660156,-0.04747149720788002,0.6160866618156433,0.5294774174690247,-0.06133505702018738,0.5991322994232178,0.46497979760169983,-0.004889326170086861,0.6864590644836426,0.4770652651786804,-0.02970929443836212,0.737399160861969,0.49228549003601074,-0.049850210547447205,0.781571626663208,0.5095943212509155,-0.0652606338262558,0.5966277122497559,0.5222414135932922,-0.015214571729302406,0.6918939352035522,0.5317936539649963,-0.04360117390751839,0.7520666718482971,0.5404976010322571,-0.06957051157951355,0.8024483919143677,0.5552257895469666,-0.0877959281206131,0.5713592171669006,0.5756676197052002,-0.02991526760160923,0.6422144174575806,0.5935518741607666,-0.06836619228124619,0.6145833134651184,0.5526702404022217,-0.08492784202098846,0.5828870534896851,0.5209036469459534,-0.08901751786470413,0.5300962924957275,0.6192145943641663,-0.04656359180808067,0.5667416453361511,0.6184061169624329,-0.0809391587972641,0.5685325264930725,0.57685387134552,-0.09430154412984848,0.5633671879768372,0.5363621711730957,-0.09913874417543411
0.3735191822052002,0.4778097867965698,5.125502298142237e-07,0.43145284056663513,0.4022594094276428,-0.022825054824352264,0.5238857269287109,0.3959592878818512,-0.030404847115278244,0.5897514224052429,0.45431968569755554,-0.04010957106947899,0.6275390982627869,0.5077754259109497,-0.04908585548400879,0.5926064252853394,0.42251312732696533,-0.007325740531086922,0.6805620789527893,0.43514910340309143,-0.026765890419483185,0.7312803268432617,0.44685453176498413,-0.04366251081228256,0.7762549519538879,0.45911866426467896,-0.05788736045360565,0.5900722742080688,0.47979435324668884,-0.01312009897083044,0.6821416616439819,0.4907587170600891,-0.03406985476613045,0.74272221326828,0.49956363439559937,-0.05685580521821976,0.7929235696792603,0.5084187984466553,-0.07454396039247513,0.5667232275009155,0.5315527319908142,-0.02335479110479355,0.6354053020477295,0.5516462326049805,-0.054196540266275406,0.6331709027290344,0.5214945673942566,-0.07664046436548233,0.6201629638671875,0.48994407057762146,-0.0882553830742836,0.5301452875137329,0.5743997693061829,-0.03555905818939209,0.5678597092628479,0.5797072649002075,-0.06644032895565033,0.5766264796257019,0.5474040508270264,-0.0846751481294632,0.5763329863548279,0.5105207562446594,-0.0952894315123558
0.361519992351532,0.4643062651157379,5.926608537265565e-07,0.4219297170639038,0.38523298501968384,-0.022780682891607285,0.516664445400238,0.3842761516571045,-0.03125716745853424,0.5842236876487732,0.4462870955467224,-0.043113142251968384,0.6246558427810669,0.5016242265701294,-0.05361665040254593,0.5861926674842834,0.4059828519821167,-0.004376694094389677,0.6741262674331665,0.42068353295326233,-0.026700560003519058,0.7251217365264893,0.43479371070861816,-0.04471519961953163,0.7695217132568359,0.4499078094959259,-0.0590585358440876,0.5815045237541199,0.46398866176605225,-0.011937776580452919,0.6748630404472351,0.47787240147590637,-0.038799747824668884,0.734928548336029,0.48705893754959106,-0.06435947120189667,0.7860186696052551,0.5021199584007263,-0.08250362426042557,0.5552993416786194,0.5168396830558777,-0.024018699303269386,0.6251990795135498,0.5422496795654297,-0.06273509562015533,0.5992558598518372,0.49560514092445374,-0.08185868710279465,0.5691430568695068,0.45917564630508423,-0.0874735563993454,0.5153502821922302,0.5583325624465942,-0.037824418395757675,0.5519258379936218,0.5594707131385803,-0.07263045758008957,0.5536039471626282,0.5205320715904236,-0.08761707693338394,0.5488867163658142,0.48491668701171875,-0.0936424508690834
0.3611001670360565,0.4722263813018799,5.874437647435116e-07,0.4244256317615509,0.3946232199668884,-0.023108461871743202,0.5188477039337158,0.3922765552997589,-0.027831735089421272,0.5819233655929565,0.46866491436958313,-0.03552408888936043,0.6197659969329834,0.5358766317367554,-0.043091993778944016,0.580224335193634,0.401921808719635,0.0033948486670851707,0.6671746969223022,0.4057439863681793,-0.01347499992698431,0.7205826640129089,0.4122777581214905,-0.026326151564717293,0.7660456895828247,0.4184533655643463,-0.034883707761764526,0.5752568244934082,0.4643711745738983,-0.003020957577973604,0.6723524332046509,0.46875104308128357,-0.023320397362113,0.7306278347969055,0.46825331449508667,-0.04114699736237526,0.7771286368370056,0.4738267660140991,-0.05076675862073898,0.5493482351303101,0.5213245749473572,-0.014543621800839901,0.6073939204216003,0.5326112508773804,-0.05469876900315285,0.5654662251472473,0.48943260312080383,-0.06945879012346268,0.5277792811393738,0.4626632630825043,-0.06735634803771973,0.5120168328285217,0.5653981566429138,-0.027198156341910362,0.5587174892425537,0.5536887645721436,-0.059375349432229996,0.5265561938285828,0.5069239139556885,-0.062274955213069916,0.49255117774009705,0.47554850578308105,-0.05710204690694809
0.36597955226898193,0.47366786003112793,5.295581786413095e-07,0.4323878884315491,0.39933568239212036,-0.019604742527008057,0.5249868035316467,0.40100014209747314,-0.02328537404537201,0.5834737420082092,0.4750712811946869,-0.03057904914021492,0.6113044619560242,0.5422694087028503,-0.038069382309913635,0.5871432423591614,0.4156666696071625,0.004343709908425808,0.6741831302642822,0.4211810231208801,-0.011340056546032429,0.7272534370422363,0.4277416169643402,-0.023472189903259277,0.7720246315002441,0.4344707429409027,-0.03254431486129761,0.5826339721679688,0.4765586256980896,-0.004165454767644405,0.6772971153259277,0.4838472306728363,-0.023431314155459404,0.7367159128189087,0.4873255789279938,-0.04236654192209244,0.782804012298584,0.49589383602142334,-0.05392514541745186,0.5554051399230957,0.5311083793640137,-0.017448948696255684,0.6209799647331238,0.5534695982933044,-0.056581050157547,0.5939340591430664,0.5198372006416321,-0.07797536253929138,0.5640334486961365,0.4970284402370453,-0.08243029564619064,0.5165954828262329,0.5720414519309998,-0.03129816800355911,0.555659294128418,0.5556865930557251,-0.06606529653072357,0.5343543291091919,0.5026203393936157,-0.07724280655384064,0.5088674426078796,0.46396517753601074,-0.07906565815210342
0.36618733406066895,0.46635323762893677,4.879997277384973e-07,0.43135181069374084,0.3912574052810669,-0.01855309121310711,0.5262988209724426,0.39312776923179626,-0.02070917747914791,0.585098147392273,0.4674917161464691,-0.026545466855168343,0.6087204217910767,0.5367249250411987,-0.032900407910346985,0.588254451751709,0.4107259511947632,0.0058838422410190105,0.6739880442619324,0.4182871878147125,-0.008024655282497406,0.7266750335693359,0.4265482425689697,-0.019042346626520157,0.7711367011070251,0.43381330370903015,-0.027981780469417572,0.5833868980407715,0.47150248289108276,-0.0028817474376410246,0.6762657761573792,0.47971174120903015,-0.020573996007442474,0.7357576489448547,0.484508752822876,-0.038761913776397705,0.7822972536087036,0.49266740679740906,-0.05034353584051132,0.5559805631637573,0.525438666343689,-0.01651151292026043,0.6237390637397766,0.5496255159378052,-0.0553336925804615,0.6013586521148682,0.5225878953933716,-0.07948015630245209,0.5738810896873474,0.5037235021591187,-0.08654692769050598,0.5174808502197266,0.5659894943237305,-0.030492762103676796,0.5538423657417297,0.5471493601799011,-0.06696902215480804,0.5349369049072266,0.4939325451850891,-0.08191598206758499,0.5114877223968506,0.4541948437690735,-0.08692857623100281
0.35921818017959595,0.45377278327941895,4.6611688730990863e-07,0.4243032932281494,0.37803345918655396,-0.019017664715647697,0.5200733542442322,0.37898460030555725,-0.021718278527259827,0.580190896987915,0.45059704780578613,-0.028185252100229263,0.6033827662467957,0.5192867517471313,-0.03487244248390198,0.5877835750579834,0.4080694615840912,0.006544093135744333,0.6735814809799194,0.4165050983428955,-0.00777639402076602,0.7254274487495422,0.42676931619644165,-0.01969541236758232,0.7696541547775269,0.43752169609069824,-0.029646528884768486,0.5821095705032349,0.46851909160614014,-0.0025242790579795837,0.6738406419754028,0.47843676805496216,-0.02040203846991062,0.7334577441215515,0.4857785105705261,-0.03918525204062462,0.781069278717041,0.49589431285858154,-0.05167927220463753,0.5537367463111877,0.5212262868881226,-0.0168306827545166,0.6200536489486694,0.5465385317802429,-0.055629659444093704,0.6035676002502441,0.5215864181518555,-0.0813930481672287,0.5809846520423889,0.5028985738754272,-0.0903167873620987,0.5139398574829102,0.5598630905151367,-0.03169915825128555,0.5498071312904358,0.5429090857505798,-0.06927213817834854,0.5348705053329468,0.4880017638206482,-0.08630971610546112,0.5141960382461548,0.443291038274765,-0.09323923289775848
0.3616355061531067,0.4508736729621887,5.092366563985706e-07,0.42768487334251404,0.37366360425949097,-0.02045990712940693,0.5226721167564392,0.37540093064308167,-0.02394075319170952,0.582241952419281,0.4507105052471161,-0.0311697069555521,0.6062906384468079,0.521324872970581,-0.03861363232135773,0.5893392562866211,0.4044877886772156,0.005709799472242594,0.6764108538627625,0.41501426696777344,-0.010047913528978825,0.7290328741073608,0.42680221796035767,-0.0232852753251791,0.7736368775367737,0.4387974739074707,-0.033970437943935394,0.582814633846283,0.46567824482917786,-0.002899464452639222,0.6759538650512695,0.4767056405544281,-0.022482415661215782,0.7371561527252197,0.48517492413520813,-0.042877133935689926,0.7848693132400513,0.4961549639701843,-0.056316301226615906,0.5539838671684265,0.5176348686218262,-0.01689808815717697,0.619046688079834,0.5409977436065674,-0.057271603494882584,0.5994967222213745,0.5084972977638245,-0.08352979272603989,0.5737502574920654,0.4835633337497711,-0.09215763211250305,0.5142515301704407,0.5547052025794983,-0.031609758734703064,0.549854040145874,0.536858856678009,-0.07080508768558502,0.5363686084747314,0.4818727672100067,-0.08858960121870041,0.5166212916374207,0.43668654561042786,-0.09554482251405716
0.36617332696914673,0.4533112049102783,5.515893803931249e-07,0.43234866857528687,0.3780936598777771,-0.020224319770932198,0.5273194909095764,0.3820008933544159,-0.02504006400704384,0.5885359644889832,0.45517659187316895,-0.03392950817942619,0.6115851402282715,0.5255149006843567,-0.04237052798271179,0.5951058268547058,0.40941184759140015,0.004360324237495661,0.6828393936157227,0.4224123954772949,-0.012047394178807735,0.7347059845924377,0.43406009674072266,-0.024973344057798386,0.7785382866859436,0.4462241530418396,-0.03516935929656029,0.5887377262115479,0.4695846140384674,-0.004410908557474613,0.6821955442428589,0.48355457186698914,-0.025526460260152817,0.7427217960357666,0.49256470799446106,-0.045608773827552795,0.7908859252929688,0.5049272775650024,-0.058339674025774,0.5594910979270935,0.5220695734024048,-0.018196340650320053,0.6238545179367065,0.5438710451126099,-0.05793747678399086,0.5953640937805176,0.5034043788909912,-0.07977782934904099,0.5636534094810486,0.4742015600204468,-0.08487995713949203,0.5187289118766785,0.559730052947998,-0.03293425217270851,0.5532044768333435,0.5424851179122925,-0.06913785636425018,0.5419853925704956,0.4863741099834442,-0.08368147164583206,0.5258548855781555,0.44106799364089966,-0.08821351081132889
0.3774568438529968,0.3489983379840851,4.123737937788974e-07,0.4346282482147217,0.2723715305328369,-0.01493043452501297,0.5243695974349976,0.26980894804000854,-0.019830331206321716,0.5808559060096741,0.3301617205142975,-0.029545115306973457,0.6124250888824463,0.3841768801212311,-0.03968042507767677,0.5970761775970459,0.30885815620422363,-0.0017392473528161645,0.6776599287986755,0.3132970333099365,-0.02133115939795971,0.7289042472839355,0.32099467515945435,-0.03531097248196602,0.7723667025566101,0.3336455523967743,-0.045215360820293427,0.5909252762794495,0.36592575907707214,-0.014211500994861126,0.6811347603797913,0.37241828441619873,-0.03723025321960449,0.7363689541816711,0.37525486946105957,-0.055622000247240067,0.7798656225204468,0.3839215040206909,-0.06686633825302124,0.5641228556632996,0.41618654131889343,-0.030465420335531235,0.6280229091644287,0.42384105920791626,-0.07264252752065659,0.5891009569168091,0.3763786256313324,-0.08831654489040375,0.549092710018158,0.34420308470726013,-0.08864171802997589,0.5258761048316956,0.4528220295906067,-0.04699379578232765,0.5634632706642151,0.42046642303466797,-0.0826239362359047,0.543526828289032,0.35641369223594666,-0.09051650762557983,0.5187011957168579,0.30591481924057007,-0.09010157734155655
0.4048376679420471,0.2536216676235199,3.253691431837069e-07,0.46387699246406555,0.17910164594650269,-0.006847213953733444,0.5468741655349731,0.17197191715240479,-0.010062783025205135,0.6009666919708252,0.21269351243972778,-0.018746037036180496,0.6327254772186279,0.2533864676952362,-0.027340004220604897,0.6126781105995178,0.21297764778137207,9.250290531781502e-06,0.6934103965759277,0.2118663489818573,-0.018674585968255997,0.7424379587173462,0.21358925104141235,-0.03230681270360947,0.7841947078704834,0.22174696624279022,-0.04222151264548302,0.6079319715499878,0.26632577180862427,-0.014584975317120552,0.6980807781219482,0.26661548018455505,-0.03691421449184418,0.75445157289505,0.2671177089214325,-0.05600602924823761,0.799475908279419,0.2718844711780548,-0.06871103495359421,0.5854039788246155,0.3171859085559845,-0.03152971714735031,0.6573999524116516,0.31342461705207825,-0.0691152885556221,0.6235665082931519,0.2621404826641083,-0.08260206133127213,0.5859633684158325,0.22600428760051727,-0.0832090899348259,0.5532498359680176,0.35643017292022705,-0.04821712151169777,0.5929340124130249,0.30873459577560425,-0.08031376451253891,0.5788134336471558,0.24737702310085297,-0.08756179362535477,0.558673083782196,0.20181846618652344,-0.08742708712816238
0.4980289340019226,0.2621549963951111,4.1683969698169676e-07,0.5563066005706787,0.17732565104961395,-0.01087360642850399,0.6484472751617432,0.172463521361351,-0.011588241904973984,0.7139767408370972,0.22637900710105896,-0.01593751646578312,0.7510293126106262,0.2793891429901123,-0.02072245068848133,0.6981912851333618,0.2059657871723175,0.002331268275156617,0.7800862193107605,0.2030733823776245,-0.010142728686332703,0.8308838605880737,0.20400485396385193,-0.019108613952994347,0.8744806051254272,0.21022644639015198,-0.026798458769917488,0.6962602734565735,0.2635025382041931,-0.007759790867567062,0.7849156856536865,0.2607400715351105,-0.02527756243944168,0.8440403342247009,0.2589606046676636,-0.04237455502152443,0.8915961384773254,0.2626228332519531,-0.05431974679231644,0.677347719669342,0.315838485956192,-0.020881522446870804,0.7493945360183716,0.3179064095020294,-0.05505802109837532,0.7338671684265137,0.2841862142086029,-0.0721425712108612,0.7104815244674683,0.26117411255836487,-0.07678749412298203,0.6505920886993408,0.3573598563671112,-0.03396455571055412,0.689357578754425,0.31462332606315613,-0.0661097913980484,0.6827893853187561,0.25375592708587646,-0.0778675377368927,0.669805645942688,0.20686310529708862,-0.08196868002414703
0.5201848745346069,0.274942547082901,3.2773795055618393e-07,0.5751652121543884,0.1905500739812851,-0.010044632479548454,0.6661737561225891,0.1774357259273529,-0.011177499778568745,0.7321867346763611,0.2194327712059021,-0.01647915318608284,0.7715585231781006,0.2656666338443756,-0.021997744217514992,0.7209156155586243,0.20968717336654663,0.002265212358906865,0.8050723671913147,0.20761196315288544,-0.012948257848620415,0.8574262857437134,0.20954373478889465,-0.02448563650250435,0.9021719694137573,0.21583431959152222,-0.033781103789806366,0.7196614742279053,0.26698270440101624,-0.009362336248159409,0.8093728423118591,0.26558515429496765,-0.028767870739102364,0.8702704906463623,0.26601868867874146,-0.04762089625000954,0.9190066456794739,0.2686944603919983,-0.060859665274620056,0.7009650468826294,0.32134589552879333,-0.024156546220183372,0.7778583765029907,0.3249330520629883,-0.059927426278591156,0.7655478119850159,0.2922251522541046,-0.07856512814760208,0.7427011728286743,0.26497241854667664,-0.08415378630161285,0.6739360094070435,0.36365625262260437,-0.03882486745715141,0.716711163520813,0.3200526833534241,-0.07251384109258652,0.7129266262054443,0.2637965977191925,-0.08543717116117477,0.6999876499176025,0.21628907322883606,-0.09023282676935196
0.5102359056472778,0.27806755900382996,3.819713469965791e-07,0.5653330087661743,0.18942734599113464,-0.013894284144043922,0.6579031944274902,0.1734965443611145,-0.016746502369642258,0.7270644307136536,0.225403293967247,-0.023237520828843117,0.765200674533844,0.28163889050483704,-0.03003542684018612,0.7135269045829773,0.199393630027771,0.0016221583355218172,0.7989840507507324,0.19132336974143982,-0.01388783473521471,0.8521630167961121,0.1898038387298584,-0.026112398132681847,0.8973795175552368,0.19321909546852112,-0.03637229651212692,0.7132166624069214,0.2603847086429596,-0.008746151812374592,0.8045000433921814,0.2522929906845093,-0.028643030673265457,0.8655598163604736,0.24883630871772766,-0.04891697317361832,0.9128971099853516,0.2504127025604248,-0.06353740394115448,0.6932367086410522,0.3173474371433258,-0.022694958373904228,0.7704150080680847,0.3253621757030487,-0.0597500205039978,0.7511361241340637,0.2898896038532257,-0.08039003610610962,0.7224500179290771,0.2610812783241272,-0.08714286983013153,0.6633520722389221,0.3609115481376648,-0.03668836131691933,0.7023569941520691,0.3228617310523987,-0.07289701700210571,0.6950823068618774,0.2686302363872528,-0.0879313126206398,0.6797535419464111,0.22246666252613068,-0.09389711171388626
0.5023537874221802,0.29849904775619507,5.660373290083953e-07,0.5632627010345459,0.2123734951019287,-0.01710928976535797,0.6534218788146973,0.19919775426387787,-0.022285109385848045,0.721034824848175,0.25886642932891846,-0.030725862830877304,0.7567504644393921,0.319644957780838,-0.038414161652326584,0.7012865543365479,0.19976255297660828,0.0011177008273079991,0.7908585071563721,0.19299152493476868,-0.015563853085041046,0.8445866107940674,0.19491316378116608,-0.029031500220298767,0.889784038066864,0.1989782452583313,-0.039344947785139084,0.7029240727424622,0.26142042875289917,-0.005944195669144392,0.7954698801040649,0.2553862929344177,-0.024975264444947243,0.8556451797485352,0.2513946294784546,-0.043930698186159134,0.903613269329071,0.25275713205337524,-0.05715031549334526,0.6844730377197266,0.32033810019493103,-0.016960855573415756,0.7521967887878418,0.3311079740524292,-0.048691265285015106,0.7289964556694031,0.29603520035743713,-0.0649920254945755,0.6995084285736084,0.2692890167236328,-0.0687219649553299,0.6543257236480713,0.36635345220565796,-0.029011642560362816,0.6901742815971375,0.3482888340950012,-0.05708380788564682,0.6832844614982605,0.3021581172943115,-0.06712225079536438,0.6692514419555664,0.2622460126876831,-0.06982319802045822
0.5079718828201294,0.3344157934188843,6.115142241469584e-07,0.566011905670166,0.26159408688545227,-0.03099081851541996,0.6504767537117004,0.2513692080974579,-0.038439150899648666,0.7136325240135193,0.32040566205978394,-0.04519876092672348,0.7451146841049194,0.3834582567214966,-0.050966620445251465,0.7081187963485718,0.23536720871925354,-0.00528307119384408,0.79365473985672,0.23621007800102234,-0.02162904478609562,0.8459716439247131,0.2409079521894455,-0.03654124587774277,0.8898693919181824,0.24476568400859833,-0.048127539455890656,0.7069822549819946,0.2986491024494171,-0.00410090247169137,0.793117105960846,0.29504865407943726,-0.020704185590147972,0.8514775037765503,0.29487520456314087,-0.04076588526368141,0.899289608001709,0.2973710000514984,-0.05502136051654816,0.6852547526359558,0.35613441467285156,-0.008499839343130589,0.7466131448745728,0.3813144266605377,-0.04120843484997749,0.7411094903945923,0.37653735280036926,-0.06690720468759537,0.7259623408317566,0.3677792251110077,-0.07708809524774551,0.6527916193008423,0.40061524510383606,-0.014641804620623589,0.6884930729866028,0.40403270721435547,-0.047958213835954666,0.6881430149078369,0.3753417730331421,-0.06673585623502731,0.680238664150238,0.3433370292186737,-0.07520797848701477
0.49318763613700867,0.3407153785228729,6.515233508253004e-07,0.5561293363571167,0.2710074782371521,-0.04902516305446625,0.6427074074745178,0.27010831236839294,-0.04577057436108589,0.7048251628875732,0.3329961597919464,-0.03545235097408295,0.7377864718437195,0.38213151693344116,-0.020881276577711105,0.6927555799484253,0.2164231240749359,0.006256578024476767,0.7789106369018555,0.2188623994588852,0.0028884815983474255,0.8283047080039978,0.2228848785161972,-0.0016399702290073037,0.8716764450073242,0.22450131177902222,-0.003525309031829238,0.6971027255058289,0.27998077869415283,0.02405991032719612,0.781009316444397,0.27608034014701843,0.02021860145032406,0.8347973823547363,0.27547895908355713,0.01056218147277832,0.8768622875213623,0.2765105962753296,0.006610395852476358,0.6847155094146729,0.3381500244140625,0.03243666887283325,0.732144832611084,0.3527590334415436,0.001211766037158668,0.6893405318260193,0.34708207845687866,-0.022812090814113617,0.6553698182106018,0.33846837282180786,-0.02567129395902157,0.6673407554626465,0.3854413628578186,0.0376242995262146,0.7092424631118774,0.38478291034698486,0.0070673623122274876,0.685096800327301,0.37503480911254883,-0.008790882304310799,0.6576518416404724,0.3650822043418884,-0.011899161152541637
0.49173498153686523,0.34720543026924133,6.191712031977659e-07,0.5569940805435181,0.27887529134750366,-0.052386537194252014,0.6398070454597473,0.2724876403808594,-0.04126210883259773,0.6956285834312439,0.3290173411369324,-0.020165061578154564,0.7269289493560791,0.37309128046035767,0.006171675398945808,0.685774564743042,0.20361413061618805,0.012247571721673012,0.7698158025741577,0.1995096206665039,0.015471049584448338,0.8199234008789062,0.2019442319869995,0.01490964274853468,0.8616341352462769,0.20350545644760132,0.015545289032161236,0.6900584697723389,0.267284095287323,0.03504912555217743,0.7731164693832397,0.25488781929016113,0.042487237602472305,0.824762225151062,0.251350075006485,0.038898032158613205,0.863445520401001,0.24941930174827576,0.037518516182899475,0.6779980063438416,0.32613348960876465,0.04673077538609505,0.726374626159668,0.3440189063549042,0.02368347905576229,0.6873794198036194,0.35044771432876587,-0.00343507993966341,0.6588915586471558,0.3445616066455841,-0.010697780176997185,0.6605148911476135,0.375650554895401,0.0547761395573616,0.7031014561653137,0.3814307153224945,0.02575758658349514,0.6778291463851929,0.37958258390426636,0.004162775818258524,0.6476858854293823,0.3683449923992157,-0.004592333920300007
0.5087329149246216,0.3661081790924072,5.836820378135599e-07,0.5740077495574951,0.31478971242904663,-0.0586223229765892,0.6463927030563354,0.3149583637714386,-0.04374443367123604,0.6960909366607666,0.36284345388412476,-0.01361233089119196,0.7245995402336121,0.38298553228378296,0.02387729100883007,0.6918156147003174,0.21193215250968933,0.006742400117218494,0.776524543762207,0.2152891755104065,0.010944381356239319,0.8264509439468384,0.217187762260437,0.009481243789196014,0.8674260973930359,0.21692895889282227,0.009342183358967304,0.6980920433998108,0.26894423365592957,0.03759283944964409,0.78001868724823,0.25360792875289917,0.04940488189458847,0.8290947675704956,0.2526967227458954,0.04790090024471283,0.8697925209999084,0.25072962045669556,0.04707321152091026,0.6906006336212158,0.3227456212043762,0.05691283196210861,0.7373068928718567,0.3489161729812622,0.03728579729795456,0.6953084468841553,0.3713246285915375,0.009868331253528595,0.6694564819335938,0.3661783039569855,0.0017550598131492734,0.676824152469635,0.3733014464378357,0.07243864238262177,0.7181088924407959,0.3897416591644287,0.041943613439798355,0.6922775506973267,0.400003582239151,0.017149431630969048,0.66078782081604,0.3880384862422943,0.006518628913909197
0.5186764001846313,0.3845357894897461,6.101457756813033e-07,0.5847758650779724,0.3411596417427063,-0.06091408059000969,0.6556597352027893,0.3466900587081909,-0.04537895694375038,0.7037404179573059,0.39319539070129395,-0.012737312354147434,0.7316461801528931,0.4107815623283386,0.027902603149414062,0.7045415043830872,0.2412756085395813,0.003098329994827509,0.7887738943099976,0.25363582372665405,0.0062302215956151485,0.8390130996704102,0.25872600078582764,0.004607649520039558,0.8793356418609619,0.26079317927360535,0.004926422145217657,0.7077527046203613,0.2948355972766876,0.037401117384433746,0.792243480682373,0.28802725672721863,0.04854724928736687,0.8404515981674194,0.29097339510917664,0.047702934592962265,0.8809865117073059,0.2906564474105835,0.04802588373422623,0.6989747285842896,0.3456081449985504,0.06019900366663933,0.7443498373031616,0.37992388010025024,0.040680110454559326,0.7008332014083862,0.398549884557724,0.013307255692780018,0.6774834394454956,0.38787591457366943,0.005573862697929144,0.6844707131385803,0.3925994336605072,0.07921550422906876,0.7201696634292603,0.419018417596817,0.048513807356357574,0.6925342679023743,0.4261603057384491,0.02236817218363285,0.6634835004806519,0.4072006940841675,0.011173959821462631
0.5223469734191895,0.3777351677417755,6.320660759229213e-07,0.5912472009658813,0.32607024908065796,-0.05701359733939171,0.6644536256790161,0.3289330005645752,-0.04221763461828232,0.7127989530563354,0.38110485672950745,-0.013049527071416378,0.7371488809585571,0.40974950790405273,0.02264377474784851,0.7101793885231018,0.24337685108184814,0.010923950001597404,0.7941563129425049,0.2539629638195038,0.019102556630969048,0.8436092734336853,0.2594507336616516,0.02008136175572872,0.8837273716926575,0.2634558081626892,0.021151209250092506,0.7102718949317932,0.3016747236251831,0.041327234357595444,0.7933230996131897,0.2958342432975769,0.05664202943444252,0.8441720008850098,0.2989651560783386,0.05526411533355713,0.8841352462768555,0.30156928300857544,0.05348045006394386,0.6962904334068298,0.35452789068222046,0.06028347089886665,0.743934690952301,0.3827485144138336,0.043308746069669724,0.7073838710784912,0.39923757314682007,0.012222960591316223,0.6832509636878967,0.3943644165992737,0.0004928575945086777,0.678544282913208,0.4020639657974243,0.07570401579141617,0.7211190462112427,0.4194665551185608,0.04706857353448868,0.6988417506217957,0.42490339279174805,0.019553549587726593,0.6697946190834045,0.4116310477256775,0.00570578733459115
0.5107753276824951,0.32732629776000977,4.58013431625659e-07,0.5599128603935242,0.250031054019928,-0.015442869625985622,0.6414076089859009,0.23773205280303955,-0.02189473621547222,0.7012320756912231,0.28382229804992676,-0.03199859336018562,0.7340424060821533,0.3312669098377228,-0.04137755185365677,0.7134293913841248,0.26963549852371216,-0.0052216434851288795,0.7927885055541992,0.2716692090034485,-0.024864139035344124,0.8426313996315002,0.27658507227897644,-0.04005664959549904,0.8845311403274536,0.28551480174064636,-0.05184818431735039,0.7105687856674194,0.3249538242816925,-0.01637897454202175,0.7975575923919678,0.32449784874916077,-0.040298473089933395,0.8554320335388184,0.3253048062324524,-0.06157544255256653,0.9026163816452026,0.3323695659637451,-0.0761759802699089,0.6875823140144348,0.37729477882385254,-0.030636366456747055,0.7558398246765137,0.379102885723114,-0.0676802545785904,0.7241511940956116,0.3380138874053955,-0.08147604018449783,0.689527153968811,0.31187862157821655,-0.08312487602233887,0.6533510088920593,0.4178254008293152,-0.04570840671658516,0.6867493391036987,0.3784125745296478,-0.07908280938863754,0.680115282535553,0.32017016410827637,-0.08914463967084885,0.66913241147995,0.2760329246520996,-0.09137137979269028
0.5155191421508789,0.3254146873950958,2.854970659882383e-07,0.5702866315841675,0.24160830676555634,-0.007330403197556734,0.6486230492591858,0.21690231561660767,-0.012000160291790962,0.7082656621932983,0.23634591698646545,-0.022278346121311188,0.7423779964447021,0.2719447910785675,-0.03184571489691734,0.7238031029701233,0.27349355816841125,0.0011443007970228791,0.7983112335205078,0.2663165032863617,-0.01751798950135708,0.8441872596740723,0.2628038823604584,-0.03186230733990669,0.8849632740020752,0.2682963013648987,-0.04324674606323242,0.7201086282730103,0.3269636929035187,-0.014134461060166359,0.8068726062774658,0.3114098310470581,-0.03837326541543007,0.8621170520782471,0.30177250504493713,-0.05879339948296547,0.9078269600868225,0.3003378212451935,-0.0725940465927124,0.6981824040412903,0.3760560154914856,-0.03195158392190933,0.7665677666664124,0.34669190645217896,-0.07146333158016205,0.7317609786987305,0.2889527380466461,-0.0842687115073204,0.6938008069992065,0.2522962689399719,-0.08439115434885025,0.6652477383613586,0.4075183868408203,-0.04979071393609047,0.6985546350479126,0.3343682885169983,-0.08441735804080963,0.6879658102989197,0.26451408863067627,-0.09408997744321823,0.673155665397644,0.21518221497535706,-0.09567514806985855
0.5096110105514526,0.3247264623641968,1.731844037067276e-07,0.5705388188362122,0.22875384986400604,-6.709722947562113e-05,0.6401686072349548,0.20263677835464478,-0.005733076483011246,0.6914530992507935,0.194624662399292,-0.018436696380376816,0.7333312630653381,0.2120337337255478,-0.030396979302167892,0.7155376672744751,0.29909804463386536,0.011663295328617096,0.7838379740715027,0.26989564299583435,0.001039301510900259,0.8330932855606079,0.2522306740283966,-0.006959323305636644,0.8732353448867798,0.24445080757141113,-0.014173194766044617,0.710731029510498,0.3389846384525299,-0.007453069556504488,0.7905300855636597,0.2937503457069397,-0.02403687685728073,0.8422542810440063,0.2641395330429077,-0.03723783791065216,0.8870726823806763,0.24488776922225952,-0.04603840038180351,0.6952937841415405,0.370095819234848,-0.029249045997858047,0.7600257396697998,0.30953076481819153,-0.06184858828783035,0.7531330585479736,0.2768111526966095,-0.07318542897701263,0.7390152812004089,0.2592487931251526,-0.07498633116483688,0.6712120771408081,0.37434953451156616,-0.05095209181308746,0.7020586729049683,0.2764548659324646,-0.07827112823724747,0.6903597116470337,0.20735231041908264,-0.08509174734354019,0.6713782548904419,0.15822720527648926,-0.08680398017168045
0.5038734674453735,0.3261147141456604,-2.4319004410244816e-07,0.5709958076477051,0.22188223898410797,0.006104232277721167,0.6339726448059082,0.20624911785125732,0.004219924099743366,0.6820292472839355,0.19991205632686615,-0.004243074916303158,0.7214073538780212,0.2001487910747528,-0.011133030988276005,0.6896823048591614,0.3169662654399872,0.01964619569480419,0.7293635606765747,0.26546987891197205,0.006933025550097227,0.7244247794151306,0.22541536390781403,-0.008443454280495644,0.7193127274513245,0.20826923847198486,-0.019450630992650986,0.690860390663147,0.3404023051261902,0.0020522531121969223,0.760435938835144,0.27573102712631226,-0.008657119236886501,0.8080024123191833,0.23323260247707367,-0.023496339097619057,0.8484309911727905,0.20913085341453552,-0.037182386964559555,0.6787163019180298,0.35362982749938965,-0.01824629306793213,0.7336245775222778,0.27885425090789795,-0.04245347902178764,0.726506769657135,0.24182409048080444,-0.05475042015314102,0.7125951051712036,0.2251220941543579,-0.06069697067141533,0.6579991579055786,0.3438146710395813,-0.03807717189192772,0.67811518907547,0.2455296814441681,-0.05672945827245712,0.6692493557929993,0.17825131118297577,-0.06142747402191162,0.6548539996147156,0.13251522183418274,-0.06422173231840134
0.5010196566581726,0.34737449884414673,-1.907671354217655e-08,0.553917407989502,0.2572648823261261,-0.00014702459156978875,0.6110932230949402,0.23941536247730255,-0.003943005111068487,0.6565811634063721,0.23044060170650482,-0.013509190641343594,0.6965073347091675,0.2305959016084671,-0.02180907502770424,0.6738998889923096,0.3434096872806549,0.009761716239154339,0.7290539741516113,0.2956039309501648,-6.337139348033816e-05,0.767882227897644,0.26368460059165955,-0.007365860510617495,0.8012497425079346,0.24325579404830933,-0.013426211662590504,0.6719476580619812,0.3689601719379425,-0.005023428704589605,0.7394561767578125,0.2992543876171112,-0.019932648167014122,0.7813869714736938,0.2621203362941742,-0.030893033370375633,0.818854570388794,0.2391531765460968,-0.03850381448864937,0.6594856381416321,0.3805294632911682,-0.02196059376001358,0.7020739316940308,0.28782591223716736,-0.0510689802467823,0.6689668893814087,0.24693530797958374,-0.0573824904859066,0.6368165016174316,0.22728568315505981,-0.055317472666502,0.6387933492660522,0.3672548532485962,-0.03913815692067146,0.6577082872390747,0.274661660194397,-0.06121654435992241,0.6462612152099609,0.2165752351284027,-0.06541657447814941,0.6305187344551086,0.17575034499168396,-0.06552460044622421
0.4913361370563507,0.4454227387905121,-1.2003594918041927e-07,0.5346885919570923,0.36114516854286194,0.0044915699400007725,0.5869601964950562,0.33958929777145386,0.0034734325017780066,0.6273557543754578,0.32949215173721313,-0.0026113204658031464,0.6649088859558105,0.32857730984687805,-0.0086473748087883,0.6516574025154114,0.41961929202079773,0.015083353966474533,0.6961042881011963,0.3770383894443512,0.010758833959698677,0.7297311425209045,0.3464936316013336,0.005011658649891615,0.759246826171875,0.3256210386753082,-0.0018158582970499992,0.6523784399032593,0.44752931594848633,-0.00036194061976857483,0.705756664276123,0.3874603509902954,-0.006580837070941925,0.7422922253608704,0.3514443337917328,-0.0134316086769104,0.7766016721725464,0.3282533288002014,-0.019833289086818695,0.6426374912261963,0.4649037718772888,-0.017840584740042686,0.6884472370147705,0.3963542580604553,-0.034658510237932205,0.7047517895698547,0.3647278845310211,-0.04278712347149849,0.7158935070037842,0.3473740816116333,-0.04806309938430786,0.6235875487327576,0.4615918695926666,-0.03543020039796829,0.6368198990821838,0.3747677803039551,-0.05362904444336891,0.6260139346122742,0.3232816755771637,-0.05883340910077095,0.609191358089447,0.2892843186855316,-0.061637237668037415
0.4921744465827942,0.48336511850357056,2.7258899137905246e-08,0.5249865651130676,0.4053289592266083,0.007180371787399054,0.5695376992225647,0.3765668272972107,0.00822059903293848,0.6043556332588196,0.3607866168022156,0.0017041002865880728,0.634920597076416,0.3556576669216156,-0.004170926753431559,0.6332564949989319,0.43284478783607483,0.02567112445831299,0.6708649396896362,0.3980570137500763,0.021293018013238907,0.6994499564170837,0.3729718029499054,0.016691338270902634,0.7225939035415649,0.35601845383644104,0.012180979363620281,0.6373190879821777,0.45918187499046326,0.009475200437009335,0.6871609091758728,0.41331300139427185,0.0003294058551546186,0.7161749601364136,0.3788781762123108,-0.007598463911563158,0.7397724986076355,0.35234251618385315,-0.012422503903508186,0.6306668519973755,0.4809534549713135,-0.008942420594394207,0.6668545603752136,0.42243844270706177,-0.029163967818021774,0.6393829584121704,0.39004015922546387,-0.032881688326597214,0.6107429265975952,0.37122833728790283,-0.03040236420929432,0.6138982772827148,0.4872947931289673,-0.027366526424884796,0.6218050718307495,0.41359439492225647,-0.04314210265874863,0.607739269733429,0.3673989772796631,-0.045664723962545395,0.5909784436225891,0.33543288707733154,-0.04494443163275719
0.5237890481948853,0.5413244962692261,5.1946327239704715e-09,0.5549376606941223,0.47193431854248047,0.003713693469762802,0.5986993908882141,0.44659799337387085,0.00528764957562089,0.6332353949546814,0.4339548647403717,0.0014992275973781943,0.6602557301521301,0.43454989790916443,-0.0023756693117320538,0.6520872116088867,0.4859062433242798,0.018356649205088615,0.6876119375228882,0.45804959535598755,0.014167407527565956,0.7143566608428955,0.4366384446620941,0.009882001206278801,0.7381555438041687,0.42260992527008057,0.005641920957714319,0.657780110836029,0.5139267444610596,0.005527213681489229,0.7017984986305237,0.475514680147171,-0.0005313071887940168,0.731292724609375,0.44948092103004456,-0.00682754535228014,0.7570343017578125,0.4292617738246918,-0.01114320382475853,0.6538539528846741,0.5405848026275635,-0.009593136608600616,0.6875441670417786,0.49731093645095825,-0.028096070513129234,0.680610179901123,0.47456619143486023,-0.03672974556684494,0.6695137023925781,0.45955368876457214,-0.03877441585063934,0.6414996981620789,0.5548529028892517,-0.024512464180588722,0.6477831602096558,0.4869479537010193,-0.0415353924036026,0.6352707743644714,0.4427039921283722,-0.047645825892686844,0.6197403073310852,0.4100051522254944,-0.04979648068547249
0.5368731617927551,0.5756660103797913,7.187539807773646e-08,0.5516030192375183,0.5000615119934082,-0.006848571822047234,0.5883842706680298,0.4425089657306671,-0.012033049948513508,0.6204635500907898,0.42603427171707153,-0.02057570405304432,0.6478968858718872,0.4391225576400757,-0.02823190577328205,0.6627031564712524,0.45270389318466187,-0.0012863203883171082,0.693990170955658,0.4067053198814392,-0.016192378476262093,0.7167975306510925,0.3750363290309906,-0.0274228323251009,0.7398334741592407,0.3525944948196411,-0.035867080092430115,0.6734961867332458,0.4863787591457367,-0.012031815946102142,0.7081600427627563,0.43097323179244995,-0.02962084673345089,0.7305055856704712,0.39095884561538696,-0.04236545041203499,0.7519697546958923,0.36128002405166626,-0.049867983907461166,0.6696473956108093,0.5232682228088379,-0.02487873286008835,0.6764084100723267,0.4668194353580475,-0.05262375622987747,0.640430748462677,0.448661208152771,-0.060180697590112686,0.6105475425720215,0.4441539943218231,-0.058653268963098526,0.6518242359161377,0.5522742867469788,-0.03836343064904213,0.6346283555030823,0.48803025484085083,-0.06034242361783981,0.6109889149665833,0.45362672209739685,-0.06523044407367706,0.5912388563156128,0.43488699197769165,-0.06466791778802872
0.6102926135063171,0.6220728754997253,-5.7276441367548614e-08,0.5956478118896484,0.5495971441268921,-0.007563715800642967,0.568612813949585,0.49478858709335327,-0.025133058428764343,0.5311177372932434,0.4858815371990204,-0.04461810737848282,0.505466878414154,0.4944896101951599,-0.06654422730207443,0.6095125079154968,0.42816856503486633,-0.03352774307131767,0.5582453012466431,0.38739386200904846,-0.0609392449259758,0.5212352871894836,0.3573950529098511,-0.08161257952451706,0.4936089515686035,0.32842642068862915,-0.09699133783578873,0.6211413145065308,0.45690295100212097,-0.04847431182861328,0.5632074475288391,0.4056553840637207,-0.07446122169494629,0.522853672504425,0.3703591227531433,-0.09252683818340302,0.4913272261619568,0.3365771174430847,-0.10686883330345154,0.6215667128562927,0.5016617178916931,-0.06349693238735199,0.5575723648071289,0.4762954115867615,-0.09210722148418427,0.5234220027923584,0.49319517612457275,-0.10127370804548264,0.5021275877952576,0.5060049295425415,-0.10546267777681351,0.6106594204902649,0.5521537065505981,-0.07866828888654709,0.5458382368087769,0.5443242788314819,-0.10115740448236465,0.5127097368240356,0.5415418744087219,-0.10605833679437637,0.4909287095069885,0.5387395620346069,-0.10854310542345047
0.5995659828186035,0.5534169673919678,6.917429828945387e-08,0.5528389811515808,0.5062044262886047,0.00562543049454689,0.4883381426334381,0.49992361664772034,-0.009361653588712215,0.4317117929458618,0.5403046607971191,-0.026090553030371666,0.39078250527381897,0.5772939920425415,-0.04457496479153633,0.47281908988952637,0.4313386082649231,-0.040005166083574295,0.38633957505226135,0.44375497102737427,-0.0647820383310318,0.33953458070755005,0.45005786418914795,-0.08334729820489883,0.29722505807876587,0.45365214347839355,-0.09749943763017654,0.4813345670700073,0.46268731355667114,-0.05613265186548233,0.38518083095550537,0.4743252396583557,-0.07547469437122345,0.3366614580154419,0.4838021695613861,-0.08552075177431107,0.2917861044406891,0.48842424154281616,-0.09677267074584961,0.49262911081314087,0.5087767243385315,-0.06874021887779236,0.402868390083313,0.5371631979942322,-0.08237641304731369,0.42283621430397034,0.5573443174362183,-0.0710635855793953,0.4451039135456085,0.56190025806427,-0.06412815302610397,0.5032353401184082,0.5615758299827576,-0.08100473135709763,0.4409290850162506,0.580270528793335,-0.09122413396835327,0.43840768933296204,0.5830900073051453,-0.08240727335214615,0.44196417927742004,0.5744223594665527,-0.07609272003173828
0.5873924493789673,0.5176017880439758,1.042283912511266e-07,0.5395554900169373,0.4710400104522705,0.01493219193071127,0.4731132686138153,0.4746721684932709,0.005828416906297207,0.42157840728759766,0.5246379971504211,-0.007361311931163073,0.3883134722709656,0.5655235648155212,-0.022408466786146164,0.4443250298500061,0.4204131066799164,-0.028830859810113907,0.36264467239379883,0.4459681510925293,-0.049378376454114914,0.31808793544769287,0.45754557847976685,-0.06516914069652557,0.2773610055446625,0.46632131934165955,-0.07799975574016571,0.45554637908935547,0.45145827531814575,-0.048809342086315155,0.36280131340026855,0.4789904057979584,-0.0653146430850029,0.31377583742141724,0.4916086196899414,-0.07501016557216644,0.27115023136138916,0.5021465420722961,-0.08631644397974014,0.4720713794231415,0.49632152915000916,-0.06456459313631058,0.387418270111084,0.5341694355010986,-0.07477502524852753,0.412952184677124,0.5439955592155457,-0.062022775411605835,0.4369315505027771,0.541690468788147,-0.054612625390291214,0.49016448855400085,0.5452880859375,-0.07942426949739456,0.43373599648475647,0.5706534385681152,-0.08809798210859299,0.43852272629737854,0.5714383125305176,-0.07885788381099701,0.446233332157135,0.5632750988006592,-0.07213518023490906
0.590365469455719,0.512317419052124,1.0633001323867575e-07,0.5403518676757812,0.4677371680736542,0.012318775057792664,0.47367051243782043,0.4702024757862091,0.003490443341434002,0.4215846061706543,0.521753191947937,-0.00886103231459856,0.38626545667648315,0.5617496967315674,-0.022165602073073387,0.44552749395370483,0.4102950096130371,-0.02432442642748356,0.3648402988910675,0.4373273253440857,-0.044572919607162476,0.3203389644622803,0.44941815733909607,-0.05914042517542839,0.280129075050354,0.4595300555229187,-0.06993724405765533,0.45371371507644653,0.44056591391563416,-0.04158403351902962,0.36292701959609985,0.46728673577308655,-0.05787639319896698,0.3142275810241699,0.4803762435913086,-0.06632876396179199,0.2729893922805786,0.49093297123908997,-0.07534441351890564,0.46708598732948303,0.48455941677093506,-0.055289819836616516,0.3833080232143402,0.5276510119438171,-0.06694202125072479,0.4083847403526306,0.5414170622825623,-0.054950639605522156,0.4331982135772705,0.5410922169685364,-0.046307679265737534,0.48256751894950867,0.5360286831855774,-0.06820626556873322,0.42839401960372925,0.5666516423225403,-0.0769471526145935,0.4362867772579193,0.5685176849365234,-0.0679241493344307,0.44665300846099854,0.5586948394775391,-0.06025250628590584
0.6012514233589172,0.5299974679946899,7.465993689947936e-08,0.5549097657203674,0.4819183349609375,0.012119743041694164,0.4878568649291992,0.47979676723480225,0.002723554614931345,0.43331268429756165,0.5288219451904297,-0.009834980592131615,0.39749330282211304,0.5671824216842651,-0.023335203528404236,0.46227046847343445,0.4153171479701996,-0.027830161154270172,0.3789200782775879,0.4394780397415161,-0.04845859110355377,0.33406609296798706,0.4497528076171875,-0.06354694068431854,0.29345858097076416,0.4578879773616791,-0.07531359046697617,0.4717472791671753,0.4454748332500458,-0.04486523196101189,0.3789192736148834,0.46910738945007324,-0.06190705671906471,0.33022916316986084,0.4806666374206543,-0.07209378480911255,0.2885037660598755,0.48888805508613586,-0.08317568153142929,0.48402056097984314,0.4893300533294678,-0.05785486102104187,0.39713549613952637,0.5290274024009705,-0.06860348582267761,0.4237566888332367,0.5450674891471863,-0.05613614618778229,0.44850972294807434,0.5448220372200012,-0.04821716621518135,0.4969725012779236,0.5392103791236877,-0.07005036622285843,0.44170984625816345,0.5711727142333984,-0.07822949439287186,0.45513981580734253,0.5740821957588196,-0.068657286465168,0.47013363242149353,0.563072919845581,-0.06111288070678711
0.6019247174263,0.5407438278198242,1.488726297793619e-07,0.5653164386749268,0.4847261607646942,0.006409389432519674,0.5005002021789551,0.4668951630592346,-0.005846515763550997,0.4407872259616852,0.5008424520492554,-0.020858338102698326,0.3993930518627167,0.5362744331359863,-0.03648984059691429,0.4875607192516327,0.3922106921672821,-0.030454901978373528,0.3999016582965851,0.40022042393684387,-0.05256446450948715,0.35344836115837097,0.410372257232666,-0.06601157784461975,0.31536418199539185,0.42166924476623535,-0.07535090297460556,0.4891066253185272,0.4226965606212616,-0.047286778688430786,0.3913363814353943,0.41939184069633484,-0.06872553378343582,0.3369254171848297,0.41947072744369507,-0.07819093018770218,0.2924743592739105,0.42010805010795593,-0.08622647821903229,0.4937635660171509,0.4704630374908447,-0.061258766800165176,0.4049370288848877,0.4921949505805969,-0.07987277209758759,0.43028077483177185,0.5144064426422119,-0.06892315298318863,0.45630764961242676,0.520378828048706,-0.058875229209661484,0.4987742304801941,0.526012659072876,-0.0746321827173233,0.44375088810920715,0.5457594990730286,-0.0895533412694931,0.45642146468162537,0.5496580004692078,-0.08196728676557541,0.47039657831192017,0.5419171452522278,-0.07421384006738663
0.5985499024391174,0.5473074316978455,7.115838940308095e-08,0.5597639679908752,0.4928414821624756,0.009006494656205177,0.4986129701137543,0.4728184640407562,-0.005306000355631113,0.435016006231308,0.502792477607727,-0.022562915459275246,0.39105063676834106,0.5375287532806396,-0.04145289957523346,0.4861147999763489,0.38669538497924805,-0.037940822541713715,0.39756906032562256,0.38715335726737976,-0.06448213011026382,0.3483390212059021,0.38324791193008423,-0.08528032153844833,0.3049015998840332,0.3799048066139221,-0.10167910903692245,0.49268195033073425,0.4130682051181793,-0.05510059371590614,0.3936949372291565,0.40819603204727173,-0.07828066498041153,0.33976197242736816,0.4089239239692688,-0.09368744492530823,0.29682761430740356,0.4082292318344116,-0.10916174203157425,0.49794718623161316,0.46034911274909973,-0.06783487647771835,0.4020150303840637,0.477735310792923,-0.08013836294412613,0.4225926995277405,0.5092583894729614,-0.06611348688602448,0.4485928416252136,0.5175095796585083,-0.058154746890068054,0.5001427531242371,0.5145358443260193,-0.08027070015668869,0.43511396646499634,0.5394698977470398,-0.08956625312566757,0.44669339060783386,0.5528358221054077,-0.07929517328739166,0.4655356705188751,0.5471179485321045,-0.0717400535941124
0.5944113731384277,0.5801914930343628,9.109191978495801e-08,0.5597012042999268,0.5104708075523376,0.0017727222293615341,0.48917293548583984,0.48004525899887085,-0.012163924984633923,0.4192730188369751,0.5110646486282349,-0.02631954662501812,0.3716907501220703,0.5417723655700684,-0.04165723919868469,0.4768155515193939,0.412954181432724,-0.04360730201005936,0.381864070892334,0.4069364666938782,-0.06810488551855087,0.32937103509902954,0.4042261242866516,-0.08379470556974411,0.28249645233154297,0.4016316831111908,-0.09478971362113953,0.4769636392593384,0.4553930163383484,-0.0557912141084671,0.3691117763519287,0.4555251896381378,-0.07642734050750732,0.31032124161720276,0.4566054344177246,-0.08713708817958832,0.2589651942253113,0.4565964937210083,-0.09724179655313492,0.47925713658332825,0.5078507661819458,-0.06392434239387512,0.3831546902656555,0.5286602973937988,-0.07976105064153671,0.4062712490558624,0.5457468628883362,-0.06983757019042969,0.42957156896591187,0.5515037178993225,-0.06143028289079666,0.48284590244293213,0.5648829936981201,-0.0716361254453659,0.4251510500907898,0.5761216878890991,-0.08294522017240524,0.44025886058807373,0.5768576264381409,-0.07376866787672043,0.4576891362667084,0.5696762800216675,-0.06500492244958878
0.600010871887207,0.6403822898864746,1.0447074316743965e-07,0.5679711699485779,0.5559393763542175,0.004099530167877674,0.49226999282836914,0.5182910561561584,-0.011223920620977879,0.4154044985771179,0.547497034072876,-0.027117405086755753,0.3627741038799286,0.5798929929733276,-0.04512031376361847,0.4810253977775574,0.448650062084198,-0.05160132795572281,0.3757372498512268,0.43957841396331787,-0.07969991117715836,0.31658095121383667,0.4344184696674347,-0.09790238738059998,0.26580381393432617,0.43014439940452576,-0.11016867309808731,0.47996532917022705,0.5003879070281982,-0.0667361319065094,0.35804370045661926,0.49219974875450134,-0.08971215784549713,0.29247212409973145,0.49075010418891907,-0.10038982331752777,0.2385772168636322,0.49204474687576294,-0.11030109226703644,0.48080530762672424,0.5620036721229553,-0.07713326811790466,0.3733883798122406,0.5699775815010071,-0.0950624868273735,0.39430367946624756,0.5856431722640991,-0.0839579850435257,0.41978415846824646,0.5940694808959961,-0.07450757175683975,0.4824673533439636,0.6265170574188232,-0.08675036579370499,0.41779598593711853,0.6243303418159485,-0.10005775839090347,0.4320927858352661,0.6240835189819336,-0.0892588198184967,0.4514772295951843,0.6196416020393372,-0.0788005068898201
0.6010148525238037,0.6552819609642029,1.9377752380478341e-07,0.5620039701461792,0.5663231015205383,0.007998056709766388,0.4823201894760132,0.5263174176216125,-0.004837849177420139,0.4029194116592407,0.558375358581543,-0.018955465406179428,0.34786802530288696,0.5911439061164856,-0.03446929156780243,0.46712350845336914,0.46124565601348877,-0.048068661242723465,0.3555516004562378,0.44883060455322266,-0.0745510384440422,0.29283204674720764,0.4423576593399048,-0.09033834934234619,0.2394910603761673,0.4378435015678406,-0.10094781965017319,0.4641581177711487,0.5138828754425049,-0.06467951834201813,0.3362893760204315,0.5046465992927551,-0.0890674889087677,0.26589125394821167,0.49875468015670776,-0.10111487656831741,0.2114027440547943,0.4967920184135437,-0.11125551164150238,0.464198499917984,0.5784362554550171,-0.07570857554674149,0.35687729716300964,0.5873376727104187,-0.09292648732662201,0.38206028938293457,0.6002886295318604,-0.08020715415477753,0.40994569659233093,0.6064758896827698,-0.06927317380905151,0.46754974126815796,0.6456672549247742,-0.08564507216215134,0.4086333215236664,0.6478211283683777,-0.09670940786600113,0.43164366483688354,0.6495457291603088,-0.08302441239356995,0.4568277895450592,0.6474548578262329,-0.07007992267608643
0.5893834233283997,0.688518762588501,2.2044984859803662e-07,0.556746780872345,0.5868762731552124,0.0056243352591991425,0.47421538829803467,0.538367748260498,-0.009109199047088623,0.38596129417419434,0.5659494996070862,-0.025436460971832275,0.325520396232605,0.5935896039009094,-0.04307170957326889,0.46313273906707764,0.4562106430530548,-0.04774937033653259,0.3456820845603943,0.4285062253475189,-0.07592811435461044,0.28175991773605347,0.4110925793647766,-0.09385894984006882,0.22626067698001862,0.3951185643672943,-0.10664031654596329,0.4544588029384613,0.5102141499519348,-0.0647430568933487,0.32496798038482666,0.48337841033935547,-0.08940483629703522,0.254665732383728,0.46667352318763733,-0.10439707338809967,0.19914111495018005,0.44956380128860474,-0.11822915077209473,0.4489145874977112,0.576275646686554,-0.07666835933923721,0.3346043825149536,0.5677745938301086,-0.09799125045537949,0.3579317033290863,0.6005181670188904,-0.0904809907078743,0.386299729347229,0.620797872543335,-0.0833851769566536,0.4470277428627014,0.6441582441329956,-0.08750978857278824,0.3921498954296112,0.6458207964897156,-0.1052824854850769,0.41624411940574646,0.6573687195777893,-0.09853966534137726,0.44201424717903137,0.6593295335769653,-0.0905778557062149
0.5620111227035522,0.7298555374145508,4.7498846811322437e-07,0.5262598991394043,0.6205723285675049,0.017651204019784927,0.43976181745529175,0.5724852085113525,-0.0020461513195186853,0.34729400277137756,0.6028928160667419,-0.026290899142622948,0.28318357467651367,0.6303092241287231,-0.051052454859018326,0.4389846622943878,0.4791617691516876,-0.06337317079305649,0.31709036231040955,0.40210527181625366,-0.0985906645655632,0.25841575860977173,0.35462167859077454,-0.11971092224121094,0.20584581792354584,0.3175673484802246,-0.135460764169693,0.4299985468387604,0.5350731611251831,-0.0874394029378891,0.2867155969142914,0.47077831625938416,-0.11971147358417511,0.21605229377746582,0.4384547472000122,-0.134977787733078,0.15687578916549683,0.4111729860305786,-0.1506381332874298,0.42033687233924866,0.6067169308662415,-0.10353060811758041,0.29488617181777954,0.5827605128288269,-0.11733546108007431,0.3256663382053375,0.6144301891326904,-0.094371497631073,0.35677796602249146,0.6347792744636536,-0.08031772822141647,0.41527166962623596,0.6779285073280334,-0.1188652515411377,0.35517197847366333,0.660933792591095,-0.12486700713634491,0.38072913885116577,0.6632563471794128,-0.10796397924423218,0.4043467938899994,0.6592655777931213,-0.09588585048913956
0.5552616119384766,0.7588142156600952,2.5734618702699663e-07,0.5376754403114319,0.6390900611877441,0.020019182935357094,0.45841631293296814,0.5741458535194397,0.004231560509651899,0.36261969804763794,0.5888052582740784,-0.016239522024989128,0.2960069179534912,0.6158952713012695,-0.038057804107666016,0.4604559540748596,0.4823027551174164,-0.05800645798444748,0.33810409903526306,0.40155029296875,-0.09164786338806152,0.2757512331008911,0.36058878898620605,-0.11295003443956375,0.21931162476539612,0.32749366760253906,-0.1292121261358261,0.44543054699897766,0.5425317883491516,-0.08450786024332047,0.30822429060935974,0.4533522427082062,-0.11347212642431259,0.2397226095199585,0.40631675720214844,-0.12830550968647003,0.1788354068994522,0.36497819423675537,-0.1447719782590866,0.4272935390472412,0.615098237991333,-0.10348385572433472,0.3004437983036041,0.5464515089988708,-0.11852926015853882,0.33381563425064087,0.583818793296814,-0.09704212844371796,0.3654435873031616,0.6102854609489441,-0.08397042006254196,0.41276440024375916,0.688399076461792,-0.12140227109193802,0.34626731276512146,0.6428964138031006,-0.13149307668209076,0.3641418218612671,0.6441492438316345,-0.1169416606426239,0.38178327679634094,0.6403012275695801,-0.10650572925806046
0.5247735977172852,0.8005729913711548,1.9550780905319698e-07,0.49554669857025146,0.6887097358703613,-0.004432890098541975,0.4142102599143982,0.6098763942718506,-0.0355355367064476,0.3136173486709595,0.60382479429245,-0.0653204619884491,0.23656423389911652,0.6079800128936768,-0.0972345694899559,0.44947928190231323,0.5205885171890259,-0.09146644175052643,0.351681649684906,0.41433781385421753,-0.13641706109046936,0.30257412791252136,0.3452879786491394,-0.16462823748588562,0.2588992714881897,0.28503698110580444,-0.1842087209224701,0.44393041729927063,0.587541937828064,-0.10755749046802521,0.30788129568099976,0.5232057571411133,-0.14890146255493164,0.2296404093503952,0.5027871131896973,-0.16529594361782074,0.16729381680488586,0.4857119917869568,-0.18028026819229126,0.43309086561203003,0.6626193523406982,-0.11742166429758072,0.30653470754623413,0.6230463981628418,-0.14566190540790558,0.32501861453056335,0.6438428163528442,-0.1279122531414032,0.3565988540649414,0.6575918197631836,-0.11449912190437317,0.41840776801109314,0.7346737384796143,-0.12689775228500366,0.33064842224121094,0.7018453478813171,-0.14564688503742218,0.3521146774291992,0.7138700485229492,-0.12902341783046722,0.38572245836257935,0.7184553146362305,-0.11436884850263596
0.5230869054794312,0.7791374921798706,3.1068969974512584e-07,0.49276888370513916,0.6722216010093689,0.010054954327642918,0.4151577949523926,0.6134297847747803,-0.01096998993307352,0.32500916719436646,0.6282691955566406,-0.0346297025680542,0.25797584652900696,0.6535372138023376,-0.05904451012611389,0.4156109094619751,0.5178285837173462,-0.064912810921669,0.31968772411346436,0.4221104383468628,-0.1040603369474411,0.2660086750984192,0.3637416958808899,-0.13024763762950897,0.21909640729427338,0.3172789514064789,-0.14818890392780304,0.40360623598098755,0.58346027135849,-0.08585657179355621,0.2628525197505951,0.525489866733551,-0.11630475521087646,0.18590691685676575,0.49844712018966675,-0.13055217266082764,0.12665176391601562,0.4781479835510254,-0.1451217234134674,0.39210182428359985,0.6570906043052673,-0.10050065070390701,0.27897337079048157,0.6262863278388977,-0.11684788763523102,0.3045136332511902,0.6453059911727905,-0.09838595986366272,0.3357759416103363,0.6605395078659058,-0.085995152592659,0.3838545083999634,0.7246822118759155,-0.11492277681827545,0.32833969593048096,0.7031831741333008,-0.12440075725317001,0.35463812947273254,0.7069453001022339,-0.10838676244020462,0.38155221939086914,0.7065253257751465,-0.0950523391366005
0.5563459992408752,0.7462270259857178,1.716413180474774e-07,0.5046159625053406,0.6421767473220825,0.02633599564433098,0.41712671518325806,0.6126822233200073,0.017005573958158493,0.338615357875824,0.6555424332618713,0.0014763487270101905,0.28215306997299194,0.7079331874847412,-0.015837527811527252,0.39068830013275146,0.5297133326530457,-0.03608064353466034,0.2747960090637207,0.5024477243423462,-0.05813322588801384,0.21185073256492615,0.48462623357772827,-0.07350616157054901,0.15553338825702667,0.47160887718200684,-0.0857175663113594,0.38405826687812805,0.589927077293396,-0.061716534197330475,0.2533916234970093,0.5840849280357361,-0.0789540484547615,0.18370069563388824,0.5799775123596191,-0.08867968618869781,0.12936566770076752,0.5780177116394043,-0.10074040293693542,0.3852708339691162,0.6610667705535889,-0.07995040714740753,0.2965989112854004,0.6689406633377075,-0.08441884070634842,0.32777953147888184,0.6782238483428955,-0.06973712146282196,0.358839213848114,0.6859626173973083,-0.06323067843914032,0.3938208222389221,0.7264750003814697,-0.09687665104866028,0.3639862537384033,0.7181655764579773,-0.09891794621944427,0.393789142370224,0.7141347527503967,-0.08609123528003693,0.42023301124572754,0.708990216255188,-0.07727938890457153
0.6232880353927612,0.6138007640838623,2.7849281991620956e-07,0.5568042993545532,0.5415354371070862,0.010510564781725407,0.46728384494781494,0.5413121581077576,0.0027323986869305372,0.40772151947021484,0.6127477884292603,-0.0075690425001084805,0.3744966983795166,0.6801304221153259,-0.019240031018853188,0.42977380752563477,0.5079358220100403,-0.03608434274792671,0.3203445076942444,0.5480958223342896,-0.056454356759786606,0.26170316338539124,0.5702659487724304,-0.06735201925039291,0.21175168454647064,0.590668797492981,-0.07463593035936356,0.4347049593925476,0.5698148608207703,-0.05144011601805687,0.3202739953994751,0.6140045523643494,-0.06828925013542175,0.256640762090683,0.6330702900886536,-0.07610068470239639,0.20553520321846008,0.6487983465194702,-0.08339449763298035,0.44924288988113403,0.634321391582489,-0.06166541948914528,0.3616032600402832,0.6791964769363403,-0.0732283815741539,0.3958433270454407,0.6735195517539978,-0.061661265790462494,0.42800426483154297,0.6666811108589172,-0.052205462008714676,0.4711344242095947,0.6925765872001648,-0.07114580273628235,0.43719637393951416,0.7037822604179382,-0.07993823289871216,0.4647557735443115,0.6888312697410583,-0.06967952102422714,0.48872610926628113,0.6754286885261536,-0.05942434445023537
0.6955321431159973,0.5577007532119751,2.531619145429431e-07,0.6251058578491211,0.486573189496994,0.013586905784904957,0.5370476245880127,0.48038622736930847,0.005955650936812162,0.4749806523323059,0.5355331897735596,-0.003709641983732581,0.4407185912132263,0.5966801643371582,-0.01539232861250639,0.49745669960975647,0.4535043239593506,-0.041414402425289154,0.3894793391227722,0.4955138564109802,-0.06404244154691696,0.32936811447143555,0.5182123780250549,-0.07676149159669876,0.2793159484863281,0.5381601452827454,-0.08455521613359451,0.5067413449287415,0.509933352470398,-0.057317472994327545,0.38962581753730774,0.5629302263259888,-0.07564342767000198,0.3266230821609497,0.5877528190612793,-0.08268231153488159,0.27869170904159546,0.6059287786483765,-0.08894551545381546,0.5243993997573853,0.5728732943534851,-0.06718291342258453,0.43042320013046265,0.6319968700408936,-0.07818395644426346,0.45419466495513916,0.634061872959137,-0.06418199092149734,0.48319554328918457,0.6288946270942688,-0.05284298583865166,0.5481070280075073,0.6334243416786194,-0.07580549269914627,0.5006828308105469,0.6578190326690674,-0.08171482384204865,0.5220691561698914,0.6460415124893188,-0.06732936948537827,0.5461714863777161,0.6307518482208252,-0.053865402936935425
0.7300899624824524,0.5424443483352661,2.2434312541008694e-07,0.6603646874427795,0.47436171770095825,0.01216190867125988,0.5694980621337891,0.47484633326530457,0.0031892587430775166,0.5048712491989136,0.541846513748169,-0.007948390208184719,0.4682675302028656,0.6066923141479492,-0.021098410710692406,0.5320528745651245,0.43716883659362793,-0.04137701913714409,0.42280957102775574,0.48138558864593506,-0.06431878358125687,0.3630453050136566,0.5049096941947937,-0.07764588296413422,0.3127859830856323,0.5250325202941895,-0.08657467365264893,0.542626142501831,0.4924332797527313,-0.05722496286034584,0.4262605905532837,0.5481467843055725,-0.07522448152303696,0.3641308546066284,0.5746804475784302,-0.08276527374982834,0.3161182999610901,0.5946843028068542,-0.09051816165447235,0.5612508058547974,0.5537794232368469,-0.06749560683965683,0.46584099531173706,0.6186388731002808,-0.07778046280145645,0.4909309148788452,0.6217668652534485,-0.06440015882253647,0.5196712017059326,0.6163038611412048,-0.0548538975417614,0.585028350353241,0.6132681369781494,-0.076837457716465,0.5401996970176697,0.6430087089538574,-0.08336490392684937,0.5604360699653625,0.6337851285934448,-0.07134904712438583,0.5823436975479126,0.6195074319839478,-0.060615215450525284
0.803275465965271,0.5480639934539795,2.2365345841990347e-07,0.7356472015380859,0.4764683246612549,0.0074915834702551365,0.6392834186553955,0.4759681522846222,-0.0031921667978167534,0.5695927143096924,0.5415154695510864,-0.015349069610238075,0.5261125564575195,0.6043908596038818,-0.028851792216300964,0.6000131964683533,0.4245394468307495,-0.04328133165836334,0.49005088210105896,0.46828415989875793,-0.06717806309461594,0.4300170838832855,0.4907720685005188,-0.08142014592885971,0.3783196210861206,0.5111030340194702,-0.09184902906417847,0.6095010638237,0.48266252875328064,-0.059713345021009445,0.4904021918773651,0.533797562122345,-0.07990657538175583,0.4244934618473053,0.55739426612854,-0.09027564525604248,0.37131303548812866,0.5770750045776367,-0.1009674221277237,0.6279259324073792,0.5489035248756409,-0.07149026542901993,0.5211009979248047,0.6123321652412415,-0.08844465762376785,0.5474352836608887,0.6208432912826538,-0.08010923862457275,0.5781506299972534,0.620775043964386,-0.07342032343149185,0.6516724824905396,0.6129918098449707,-0.08241108059883118,0.6016907691955566,0.6458093523979187,-0.09757382422685623,0.6189245581626892,0.6411969661712646,-0.0923362746834755,0.6378554105758667,0.6316803097724915,-0.08612118661403656
0.826918363571167,0.5603736639022827,2.220421606580203e-07,0.7570667266845703,0.4777820110321045,0.011249219067394733,0.6564928293228149,0.4764194190502167,0.0005278470343910158,0.5788573622703552,0.5485472083091736,-0.011278264224529266,0.532224714756012,0.6130495667457581,-0.024970345199108124,0.6122962832450867,0.4176240861415863,-0.048515599220991135,0.4915863871574402,0.46432292461395264,-0.07511571794748306,0.42354464530944824,0.4895644783973694,-0.09153366088867188,0.366055965423584,0.5129358768463135,-0.10257651656866074,0.6242830753326416,0.48145923018455505,-0.06624653190374374,0.4918574094772339,0.534031093120575,-0.08872992545366287,0.4189891815185547,0.5622013807296753,-0.10047174990177155,0.3647706210613251,0.5850924253463745,-0.11147729307413101,0.6435285806655884,0.5523450374603271,-0.07781654596328735,0.5296280384063721,0.6182483434677124,-0.09479350596666336,0.5510592460632324,0.6283836960792542,-0.0841904878616333,0.5813320875167847,0.6259183883666992,-0.07518085837364197,0.6674802899360657,0.6211938858032227,-0.08782442659139633,0.6012331247329712,0.6603251099586487,-0.09951598942279816,0.6211758852005005,0.6554926633834839,-0.08740835636854172,0.6464148163795471,0.6405024528503418,-0.07554523646831512
0.8093189597129822,0.5392456650733948,2.56297113310211e-07,0.7315152883529663,0.45450618863105774,0.014138942584395409,0.6257061958312988,0.4570532441139221,0.004104516003280878,0.5508232712745667,0.5320111513137817,-0.009672611020505428,0.5066395401954651,0.60357266664505,-0.025190100073814392,0.5793536305427551,0.3929559588432312,-0.033516813069581985,0.4600846767425537,0.44260460138320923,-0.056785453110933304,0.39393526315689087,0.465495765209198,-0.0723181962966919,0.3357948660850525,0.48557624220848083,-0.08364906162023544,0.5863844156265259,0.4577290415763855,-0.05396277457475662,0.45769599080085754,0.5104978680610657,-0.07173334062099457,0.3881491720676422,0.538086473941803,-0.08040237426757812,0.33483758568763733,0.5625331401824951,-0.08970631659030914,0.6047067642211914,0.5304041504859924,-0.06944102048873901,0.501309335231781,0.6079457998275757,-0.08065798133611679,0.537674069404602,0.612233579158783,-0.06750936806201935,0.5753300189971924,0.6040563583374023,-0.05841981619596481,0.6305941343307495,0.6020327210426331,-0.08430083841085434,0.5770757794380188,0.648262083530426,-0.09173891693353653,0.6025723218917847,0.6425230503082275,-0.07988923788070679,0.6275070905685425,0.6265490651130676,-0.06974005699157715
0.7329180240631104,0.43242794275283813,2.6137554343108604e-08,0.6621299386024475,0.3634577989578247,0.023767167702317238,0.5686954259872437,0.36684083938598633,0.020333800464868546,0.49970343708992004,0.43504008650779724,0.010739512741565704,0.45780181884765625,0.5018676519393921,-0.0014032752951607108,0.5135288238525391,0.29004424810409546,-0.010671109892427921,0.40990665555000305,0.33784693479537964,-0.025537779554724693,0.35112547874450684,0.3608079254627228,-0.037698399275541306,0.297895610332489,0.3788675367832184,-0.04671454057097435,0.5195062160491943,0.33890077471733093,-0.03150679171085358,0.4068848490715027,0.40425634384155273,-0.040007881820201874,0.3468745946884155,0.43621140718460083,-0.04596444591879845,0.2985605001449585,0.46008697152137756,-0.05385998263955116,0.5365845561027527,0.3985230326652527,-0.04738044738769531,0.46743306517601013,0.48489195108413696,-0.04820111393928528,0.5015507936477661,0.4908594489097595,-0.03867460414767265,0.5315508246421814,0.4784439206123352,-0.03437597677111626,0.5588496327400208,0.4634954333305359,-0.06208553910255432,0.5233640074729919,0.515812873840332,-0.05876856669783592,0.5511783957481384,0.5107604265213013,-0.04702599719166756,0.5743064284324646,0.48847705125808716,-0.03912525251507759
0.6850818395614624,0.36353862285614014,8.500938974975725e-08,0.620381236076355,0.29930001497268677,0.016970666125416756,0.5357147455215454,0.30501633882522583,0.0076515330001711845,0.46962329745292664,0.37274742126464844,-0.007117473054677248,0.4281362295150757,0.43733957409858704,-0.023746797814965248,0.4889488220214844,0.22943690419197083,-0.01857648603618145,0.38866159319877625,0.2734980583190918,-0.038343071937561035,0.33162349462509155,0.2930522561073303,-0.05333898589015007,0.27953895926475525,0.30981966853141785,-0.06470807641744614,0.49141842126846313,0.27051442861557007,-0.03779956325888634,0.3853887617588043,0.325588583946228,-0.05461996793746948,0.32745444774627686,0.3566204309463501,-0.06433302164077759,0.27891451120376587,0.3798981010913849,-0.07402698695659637,0.5043495297431946,0.3241483271121979,-0.05264721065759659,0.43636181950569153,0.4145679771900177,-0.06072048470377922,0.4759562611579895,0.425698846578598,-0.05224348604679108,0.5070326924324036,0.4104389250278473,-0.04783722013235092,0.5211003422737122,0.38445889949798584,-0.06677359342575073,0.4912417531013489,0.44962939620018005,-0.07094016671180725,0.5228856801986694,0.447659969329834,-0.06247488781809807,0.5453302264213562,0.4209384322166443,-0.05624621361494064
0.6914864182472229,0.35891464352607727,5.477625109051587e-08,0.63045334815979,0.29923775792121887,0.01099333819001913,0.5447057485580444,0.3040158450603485,0.0015067880740389228,0.4802592396736145,0.3705080449581146,-0.012506453320384026,0.439519464969635,0.42722827196121216,-0.027798760682344437,0.5005465745925903,0.2255360335111618,-0.01853109523653984,0.40106338262557983,0.2647448182106018,-0.0367945171892643,0.34622979164123535,0.28122130036354065,-0.04906639829277992,0.2968248128890991,0.2943604588508606,-0.0584399551153183,0.502295732498169,0.2619681656360626,-0.03547165170311928,0.39799994230270386,0.317226767539978,-0.053052984178066254,0.3408946692943573,0.3474001884460449,-0.06319747120141983,0.29235967993736267,0.3687143921852112,-0.07235447317361832,0.5144631266593933,0.311040997505188,-0.048889026045799255,0.45048749446868896,0.40112605690956116,-0.06039269641041756,0.48612603545188904,0.41204044222831726,-0.05428992584347725,0.5132007598876953,0.3977360129356384,-0.0501396469771862,0.5307865142822266,0.3676815330982208,-0.06191935017704964,0.5012924671173096,0.43419793248176575,-0.06933139264583588,0.5313130617141724,0.43214207887649536,-0.06246514990925789,0.5541090965270996,0.4084968566894531,-0.056578315794467926
0.7162352800369263,0.3711772561073303,4.120496299719889e-08,0.6518585681915283,0.31513792276382446,0.014624591916799545,0.567209005355835,0.3187164068222046,0.005261483136564493,0.5031671524047852,0.38276684284210205,-0.00924676563590765,0.460737019777298,0.4383053779602051,-0.02522652968764305,0.5222150087356567,0.23830842971801758,-0.01792767085134983,0.4247121214866638,0.2763698101043701,-0.03701223060488701,0.3703780770301819,0.29277199506759644,-0.050892457365989685,0.32062140107154846,0.30564796924591064,-0.06160164251923561,0.5275781750679016,0.2724126875400543,-0.03703973442316055,0.4242960512638092,0.32560014724731445,-0.054311756044626236,0.36731791496276855,0.3549599051475525,-0.0646604523062706,0.3189373314380646,0.3765546679496765,-0.07482656091451645,0.5425900220870972,0.32112711668014526,-0.052245743572711945,0.4740557074546814,0.40925076603889465,-0.06227387860417366,0.5091695189476013,0.4218725860118866,-0.05408408120274544,0.5368552803993225,0.4093722701072693,-0.04938816279172897,0.5609710216522217,0.3773544728755951,-0.06687569618225098,0.525502622127533,0.44179412722587585,-0.07274296879768372,0.5536983609199524,0.4409313201904297,-0.06411556154489517,0.5759921669960022,0.41787272691726685,-0.05750226974487305
0.7271404266357422,0.3823058605194092,4.665292863137438e-08,0.6620749831199646,0.325631320476532,0.013426919467747211,0.5758311748504639,0.3279341459274292,0.0024908336345106363,0.5092231035232544,0.3893539011478424,-0.01354563795030117,0.4633205831050873,0.4420875608921051,-0.031054532155394554,0.5310267806053162,0.23918887972831726,-0.02122488059103489,0.43026089668273926,0.27556633949279785,-0.04188625141978264,0.3743593096733093,0.290518194437027,-0.056291691958904266,0.3236730694770813,0.3017647862434387,-0.06713391840457916,0.536058783531189,0.2733507752418518,-0.04056644067168236,0.42730993032455444,0.32683172821998596,-0.05921374261379242,0.3688669204711914,0.3540482521057129,-0.06989110261201859,0.3201245665550232,0.37245607376098633,-0.08013974875211716,0.5509734749794006,0.32325479388237,-0.05598761513829231,0.48026609420776367,0.4157395362854004,-0.06779960542917252,0.515708863735199,0.43107402324676514,-0.06004885211586952,0.5445906519889832,0.42000657320022583,-0.055378567427396774,0.5693355202674866,0.3811529576778412,-0.07090381532907486,0.534464418888092,0.4504846930503845,-0.07890663295984268,0.5636849999427795,0.4510234594345093,-0.07106413692235947,0.5874512195587158,0.428001344203949,-0.06468302011489868
0.7437069416046143,0.4141308665275574,-3.651135216387047e-08,0.6759645342826843,0.3553040325641632,0.01650221087038517,0.5901286602020264,0.3548564612865448,0.005743545945733786,0.5223823189735413,0.41624554991722107,-0.010126190260052681,0.4725693464279175,0.4680157005786896,-0.02753809280693531,0.5459234118461609,0.2641794979572296,-0.022526226937770844,0.44573691487312317,0.30292877554893494,-0.04648364707827568,0.38875335454940796,0.31979432702064514,-0.06553693115711212,0.33731168508529663,0.33228015899658203,-0.07965869456529617,0.552745521068573,0.30417346954345703,-0.043090879917144775,0.443189412355423,0.3578605353832245,-0.06194915249943733,0.3819456398487091,0.3865242600440979,-0.07422515004873276,0.33025532960891724,0.40711939334869385,-0.08708316087722778,0.5672937631607056,0.356915682554245,-0.059290625154972076,0.48522084951400757,0.4421287775039673,-0.06856320798397064,0.5222654342651367,0.4577365219593048,-0.05772281065583229,0.5529432892799377,0.4494037926197052,-0.05224591866135597,0.5865049362182617,0.41699814796447754,-0.07494856417179108,0.5423242449760437,0.48167312145233154,-0.07982490211725235,0.5695067048072815,0.48339006304740906,-0.0689937099814415,0.592311680316925,0.4621092677116394,-0.0611967071890831
0.7470678091049194,0.4200778007507324,-1.9469053924581203e-08,0.6776201128959656,0.3631824553012848,0.01641041599214077,0.5911034941673279,0.3625231087207794,0.0051459805108606815,0.5224689245223999,0.4228728413581848,-0.011029429733753204,0.4736342430114746,0.47320303320884705,-0.02911752089858055,0.545599639415741,0.26598984003067017,-0.023933976888656616,0.44292426109313965,0.3035317659378052,-0.04658808186650276,0.38506123423576355,0.31937000155448914,-0.06444296985864639,0.33216702938079834,0.33037614822387695,-0.07793141901493073,0.5542254447937012,0.30330559611320496,-0.04431995376944542,0.4419184923171997,0.35891273617744446,-0.06293918192386627,0.38124924898147583,0.3882155120372772,-0.07464488595724106,0.3309735059738159,0.4084136188030243,-0.08692444860935211,0.5707730650901794,0.3566226065158844,-0.06005421653389931,0.4883853793144226,0.4439311623573303,-0.0693655014038086,0.5239146947860718,0.46146291494369507,-0.05826882645487785,0.5545318126678467,0.45224159955978394,-0.05259370431303978,0.5897663831710815,0.4184136390686035,-0.07505244761705399,0.542680025100708,0.4851415753364563,-0.07999363541603088,0.5705792307853699,0.48834213614463806,-0.06856758892536163,0.594916582107544,0.46684181690216064,-0.060309771448373795
0.7543299198150635,0.4282013773918152,-1.142357408667749e-08,0.6859314441680908,0.3690083920955658,0.013841073028743267,0.5988664031028748,0.3686547875404358,0.0006366864545270801,0.5297622680664062,0.43154314160346985,-0.01666707545518875,0.4787828326225281,0.48329898715019226,-0.03567737713456154,0.5595452785491943,0.27055326104164124,-0.029211146757006645,0.4549805819988251,0.307439386844635,-0.05383000150322914,0.3964509665966034,0.3243114948272705,-0.0726579800248146,0.3439372181892395,0.3351411521434784,-0.08638137578964233,0.5656356811523438,0.3127959370613098,-0.04849391430616379,0.45048344135284424,0.3640964925289154,-0.06742534786462784,0.39017999172210693,0.39073073863983154,-0.07874522358179092,0.33967506885528564,0.40718334913253784,-0.09075270593166351,0.5792508125305176,0.36829012632369995,-0.06316299736499786,0.4940837621688843,0.45198410749435425,-0.07232847064733505,0.5285604596138,0.469775915145874,-0.061616335064172745,0.5589128136634827,0.4614911377429962,-0.05635272338986397,0.5964107513427734,0.4309074580669403,-0.07735446840524673,0.5496300458908081,0.493791401386261,-0.08222329616546631,0.5760673880577087,0.49648407101631165,-0.07115748524665833,0.5997073650360107,0.4751729369163513,-0.06320250779390335
0.7431960105895996,0.43323734402656555,1.1166233271353576e-08,0.6774411797523499,0.36727041006088257,0.025804733857512474,0.5896334648132324,0.3668690621852875,0.02204984799027443,0.5204419493675232,0.42873847484588623,0.01221257634460926,0.4755893349647522,0.48926207423210144,0.00019685660663526505,0.5465465188026428,0.28204038739204407,-0.009402047842741013,0.4436902403831482,0.31873422861099243,-0.02303946204483509,0.38749176263809204,0.3347781300544739,-0.03471705690026283,0.33626508712768555,0.34640058875083923,-0.04419022426009178,0.5501800775527954,0.32715821266174316,-0.03150195628404617,0.43922168016433716,0.37852391600608826,-0.03972809389233589,0.38123729825019836,0.4044126868247986,-0.04611926153302193,0.3340955376625061,0.42152801156044006,-0.055232465267181396,0.5620477199554443,0.38388365507125854,-0.04839285835623741,0.48504510521888733,0.4575931131839752,-0.048566244542598724,0.5200284123420715,0.4733161926269531,-0.037715181708335876,0.5502298474311829,0.4679970145225525,-0.03359900042414665,0.5782012343406677,0.4460482597351074,-0.06390632688999176,0.5368692278862,0.498105525970459,-0.06238817796111107,0.5650330185890198,0.5001311898231506,-0.05096887797117233,0.5877974033355713,0.48260000348091125,-0.043559636920690536
0.7454498410224915,0.47267013788223267,1.4033929573997739e-08,0.6841891407966614,0.39436134696006775,0.01654348149895668,0.5915613174438477,0.38363295793533325,0.011510015465319157,0.5149335861206055,0.4412940740585327,0.0015929440269246697,0.4636017084121704,0.49745237827301025,-0.009335270151495934,0.5487667918205261,0.2914949655532837,-0.007503513712435961,0.44151800870895386,0.32456421852111816,-0.021826911717653275,0.38298630714416504,0.3378797769546509,-0.033860430121421814,0.3296399712562561,0.34566813707351685,-0.04328062757849693,0.5464045405387878,0.3410837948322296,-0.025199616327881813,0.4338521957397461,0.38912433385849,-0.03601561114192009,0.37486714124679565,0.41272786259651184,-0.043897878378629684,0.32557275891304016,0.4251228868961334,-0.05273229628801346,0.5528965592384338,0.40177443623542786,-0.03931131213903427,0.47911161184310913,0.4757421612739563,-0.045575957745313644,0.5175376534461975,0.49240630865097046,-0.039000004529953,0.5496330857276917,0.4859835207462311,-0.03542725741863251,0.5644266605377197,0.46767473220825195,-0.05274064838886261,0.5280078649520874,0.517777681350708,-0.05624087154865265,0.5608316659927368,0.5225894451141357,-0.04839768633246422,0.5864676237106323,0.5061637163162231,-0.0422254353761673
0.732884407043457,0.5404387712478638,2.9621284980407836e-08,0.6736251711845398,0.4455393850803375,0.031036024913191795,0.5728543400764465,0.43107977509498596,0.03555009886622429,0.4898422658443451,0.4812162518501282,0.033838219940662384,0.4361816346645355,0.539951741695404,0.03028324991464615,0.5284937620162964,0.33426064252853394,0.00304619874805212,0.41264471411705017,0.3649047911167145,-0.00040619532228447497,0.353371262550354,0.37550053000450134,-0.00614180276170373,0.2999334931373596,0.38160327076911926,-0.012045131996273994,0.5225191116333008,0.39486220479011536,-0.017239242792129517,0.4015692472457886,0.42912787199020386,-0.014370325952768326,0.3405168056488037,0.4427791237831116,-0.017029957845807076,0.2936885356903076,0.4492492377758026,-0.02490605041384697,0.524810254573822,0.4647658169269562,-0.03201400488615036,0.4338274896144867,0.5173949003219604,-0.02386469952762127,0.45438480377197266,0.5416898131370544,-0.01735449768602848,0.48043349385261536,0.5480772256851196,-0.018175259232521057,0.5329917669296265,0.5367857217788696,-0.04498477652668953,0.49647510051727295,0.5654295682907104,-0.03882676735520363,0.5272323489189148,0.5689860582351685,-0.03099178336560726,0.5572744011878967,0.5583065152168274,-0.027018018066883087
0.7115951776504517,0.5239894390106201,-1.1988898052095465e-07,0.6467284560203552,0.4274013042449951,0.057695090770721436,0.5561089515686035,0.4144604206085205,0.07104626297950745,0.48058784008026123,0.45942890644073486,0.07295159250497818,0.43540072441101074,0.5185323357582092,0.07108400017023087,0.5061211585998535,0.3307184875011444,0.022203387692570686,0.3989882469177246,0.3657189607620239,0.027009014040231705,0.34445852041244507,0.3819591701030731,0.02519274316728115,0.29374581575393677,0.39288997650146484,0.020783457905054092,0.5022217035293579,0.39047425985336304,-0.00895637646317482,0.3890818953514099,0.42545244097709656,0.0011753943981602788,0.3308003544807434,0.44149407744407654,0.001147485338151455,0.2869780957698822,0.4519438147544861,-0.006692984141409397,0.5065260529518127,0.45850178599357605,-0.031515780836343765,0.42463231086730957,0.5077720284461975,-0.008608739823102951,0.45607075095176697,0.5271390080451965,0.00611669709905982,0.4867348074913025,0.5277129411697388,0.00682465685531497,0.5159330368041992,0.5266086459159851,-0.0506490133702755,0.47685596346855164,0.5501710176467896,-0.028888152912259102,0.5093887448310852,0.5534712672233582,-0.012102640233933926,0.5387979745864868,0.5396775007247925,-0.004617743659764528
0.7016827464103699,0.4885738790035248,-8.000206719316338e-08,0.6375788450241089,0.4000789523124695,0.04020852968096733,0.5486947894096375,0.3885504901409149,0.04506285488605499,0.47764745354652405,0.439442902803421,0.040973834693431854,0.4342968463897705,0.49946328997612,0.033369094133377075,0.5072312951087952,0.3121948540210724,0.006946507375687361,0.4057905972003937,0.346296489238739,0.004167146980762482,0.35352206230163574,0.36296576261520386,-0.0008265998330898583,0.30325251817703247,0.3750530183315277,-0.006516447756439447,0.5033485889434814,0.36530500650405884,-0.01847759447991848,0.39770781993865967,0.4059632122516632,-0.01673434115946293,0.34131839871406555,0.4270046353340149,-0.01912306621670723,0.2962021827697754,0.44211918115615845,-0.02673342451453209,0.5087831020355225,0.4271649122238159,-0.03722091391682625,0.43959367275238037,0.4861481785774231,-0.025553448125720024,0.47661569714546204,0.49954575300216675,-0.0150184016674757,0.5083940625190735,0.49407461285591125,-0.01407530065625906,0.5191201567649841,0.4908392131328583,-0.053597141057252884,0.48719555139541626,0.5220691561698914,-0.04121781885623932,0.5184711813926697,0.5234330892562866,-0.0286797396838665,0.543779730796814,0.5068087577819824,-0.022763682529330254
0.6838210821151733,0.4791678190231323,-7.77354642877981e-08,0.6273101568222046,0.4041580259799957,0.02628934010863304,0.5446227192878723,0.3968881666660309,0.024810031056404114,0.47593966126441956,0.4495944082736969,0.0172879658639431,0.43184590339660645,0.5045925974845886,0.006682600360363722,0.5058859586715698,0.3180641531944275,-0.005470811855047941,0.4118567407131195,0.3534950613975525,-0.01359952986240387,0.3629370331764221,0.37052232027053833,-0.022577740252017975,0.3162263035774231,0.37986066937446594,-0.030756328254938126,0.5065444111824036,0.3675842881202698,-0.02569722943007946,0.4069027006626129,0.40963760018348694,-0.030223319306969643,0.3550759553909302,0.4336952269077301,-0.03669416531920433,0.31147047877311707,0.4473615288734436,-0.046247173100709915,0.5150705575942993,0.4250338077545166,-0.04035108536481857,0.4477432370185852,0.4818752110004425,-0.03853662312030792,0.4826088845729828,0.4966789186000824,-0.031696099787950516,0.5116746425628662,0.49123895168304443,-0.030944757163524628,0.5267667770385742,0.48508167266845703,-0.053074952214956284,0.49080416560173035,0.5203920602798462,-0.04968636482954025,0.5205048322677612,0.5240373611450195,-0.03960760682821274,0.5451409220695496,0.5091337561607361,-0.03380133584141731
0.6482113003730774,0.483280211687088,-4.002706788241994e-08,0.5988789796829224,0.4196578562259674,0.012482333928346634,0.5239625573158264,0.41468682885169983,0.0047446684911847115,0.46245259046554565,0.46535059809684753,-0.006080544088035822,0.4204266667366028,0.5132574439048767,-0.018396392464637756,0.48871323466300964,0.3372326195240021,-0.019037455320358276,0.40034765005111694,0.36988574266433716,-0.03414519131183624,0.35329872369766235,0.3865737020969391,-0.04710552841424942,0.30971336364746094,0.3978564739227295,-0.05725864693522453,0.49031612277030945,0.3796550929546356,-0.03394272178411484,0.39678940176963806,0.4181835353374481,-0.044686634093523026,0.3487257957458496,0.44106194376945496,-0.053036708384752274,0.30755388736724854,0.45668256282806396,-0.06283120065927505,0.49851492047309875,0.4310629069805145,-0.044768113642930984,0.4362623691558838,0.48816120624542236,-0.04880155995488167,0.4674781262874603,0.5015642642974854,-0.041426148265600204,0.49321579933166504,0.4971144497394562,-0.0387689471244812,0.5091613531112671,0.4861356019973755,-0.05498828738927841,0.4749857783317566,0.5222525596618652,-0.05622180178761482,0.5006849765777588,0.5235812664031982,-0.04700545594096184,0.5221114158630371,0.5087054967880249,-0.04089055955410004
0.6270847320556641,0.4897299110889435,-2.369556995063249e-08,0.5793930292129517,0.43064239621162415,0.0054918075911700726,0.5068473219871521,0.4227179288864136,-0.003829276654869318,0.44798544049263,0.4686482548713684,-0.015028994530439377,0.4077610671520233,0.5133147835731506,-0.027504485100507736,0.47719961404800415,0.34667086601257324,-0.02198665775358677,0.39149010181427,0.37565964460372925,-0.03824054077267647,0.34515851736068726,0.3910369277000427,-0.05068853870034218,0.30261221528053284,0.4016779363155365,-0.05985727533698082,0.4779430627822876,0.38569456338882446,-0.03408835083246231,0.3878825008869171,0.42112860083580017,-0.046708621084690094,0.3421500027179718,0.44356757402420044,-0.054934632033109665,0.30175352096557617,0.4572697579860687,-0.0632079616189003,0.48515504598617554,0.43448856472969055,-0.04311634600162506,0.42496007680892944,0.4928266406059265,-0.051446765661239624,0.45259666442871094,0.5071913003921509,-0.046505481004714966,0.4757623076438904,0.5015828013420105,-0.043652698397636414,0.4947925806045532,0.48881635069847107,-0.05187634378671646,0.4599813222885132,0.528666615486145,-0.05670587718486786,0.48322123289108276,0.530153214931488,-0.049339186400175095,0.503990650177002,0.515595555305481,-0.04346327856183052
0.6095703840255737,0.49623018503189087,-3.5555405730747225e-08,0.5631277561187744,0.4448891282081604,0.006258073262870312,0.4968014061450958,0.43695223331451416,-0.0054115550592541695,0.44078823924064636,0.4774074852466583,-0.019385671243071556,0.4015074074268341,0.5113170742988586,-0.034298431128263474,0.47002947330474854,0.3581922948360443,-0.02679847553372383,0.38759952783584595,0.3822476267814636,-0.04759350046515465,0.3420833945274353,0.3944881558418274,-0.06368733942508698,0.30121755599975586,0.40253961086273193,-0.07546613365411758,0.47401344776153564,0.39150166511535645,-0.04032498970627785,0.38566678762435913,0.4232102334499359,-0.05724591389298439,0.3380790948867798,0.4428063631057739,-0.06735391914844513,0.29749056696891785,0.45585405826568604,-0.07737033814191818,0.48346373438835144,0.4358626902103424,-0.05067632719874382,0.41611748933792114,0.4905145764350891,-0.05990166589617729,0.44212085008621216,0.5046083927154541,-0.051546819508075714,0.4652654826641083,0.49766236543655396,-0.04706690087914467,0.4941173493862152,0.48558956384658813,-0.0610678531229496,0.4559229016304016,0.5270273685455322,-0.06650108098983765,0.475624680519104,0.5305877923965454,-0.05789880454540253,0.494302362203598,0.5151486396789551,-0.05147785320878029
0.6174067854881287,0.4921553432941437,2.615795913207819e-10,0.5715337991714478,0.44335705041885376,0.004533728584647179,0.5063505172729492,0.43379640579223633,-0.008580362424254417,0.45043355226516724,0.4723174571990967,-0.023460200056433678,0.40997087955474854,0.5066103339195251,-0.03929567337036133,0.4842150807380676,0.3558165431022644,-0.031284887343645096,0.4001404047012329,0.377689391374588,-0.052928607910871506,0.3538377285003662,0.39047545194625854,-0.06907133758068085,0.3130764365196228,0.398795485496521,-0.08089317381381989,0.48884859681129456,0.38907092809677124,-0.04455718398094177,0.3979215621948242,0.4160544276237488,-0.06264108419418335,0.349287211894989,0.4335842430591583,-0.07326952368021011,0.30865809321403503,0.44434839487075806,-0.08367937803268433,0.4978077709674835,0.43361592292785645,-0.05450766161084175,0.42771315574645996,0.48459261655807495,-0.06472882628440857,0.4531332850456238,0.4991146922111511,-0.0555676706135273,0.47639989852905273,0.49337953329086304,-0.05046042799949646,0.5077077746391296,0.48351019620895386,-0.06456870585680008,0.46622464060783386,0.5218960046768188,-0.07101308554410934,0.4858088493347168,0.5257427096366882,-0.061689361929893494,0.5046318173408508,0.5117581486701965,-0.0546879842877388
0.6306904554367065,0.4933730959892273,4.809132203575928e-09,0.5843408703804016,0.4429580867290497,0.003786778775975108,0.5135910511016846,0.43591150641441345,-0.008400660939514637,0.4538456201553345,0.4792044162750244,-0.02258124016225338,0.41132497787475586,0.5138270258903503,-0.03725622966885567,0.48570454120635986,0.3570624887943268,-0.02602509595453739,0.39916759729385376,0.382129430770874,-0.04732133075594902,0.3511122465133667,0.39470189809799194,-0.06345601379871368,0.3092239499092102,0.40378886461257935,-0.07512646168470383,0.48876819014549255,0.39077815413475037,-0.03911389783024788,0.3971143662929535,0.4226733446121216,-0.05838608741760254,0.34579452872276306,0.44183671474456787,-0.07063175737857819,0.3034106492996216,0.4545828700065613,-0.08150608837604523,0.4972589612007141,0.43499332666397095,-0.04932015389204025,0.4303002953529358,0.4973658323287964,-0.060801953077316284,0.45699137449264526,0.5130928158760071,-0.05347168818116188,0.4806155264377594,0.5068662166595459,-0.04889777675271034,0.5078892707824707,0.4854120910167694,-0.05978729948401451,0.46793806552886963,0.5342528820037842,-0.0668412521481514,0.4901938736438751,0.5386782288551331,-0.05847928673028946,0.5104259848594666,0.5233595967292786,-0.051779504865407944
0.6299083232879639,0.48634180426597595,2.438833490714387e-08,0.5804271697998047,0.43061086535453796,0.004618239589035511,0.5069365501403809,0.42438286542892456,-0.0069010090082883835,0.4472099840641022,0.4722285866737366,-0.02056822180747986,0.4078330397605896,0.5163937211036682,-0.03505951166152954,0.47415292263031006,0.34991127252578735,-0.025425925850868225,0.38877072930336,0.3809060752391815,-0.045420899987220764,0.3405590355396271,0.3970074951648712,-0.060513339936733246,0.29719680547714233,0.40820053219795227,-0.07176090031862259,0.4764556884765625,0.38629189133644104,-0.03858566656708717,0.38418951630592346,0.42273464798927307,-0.05571115389466286,0.33448511362075806,0.4442918002605438,-0.06602522730827332,0.29223889112472534,0.45838308334350586,-0.0757855772972107,0.48600757122039795,0.4339064657688141,-0.04874163493514061,0.41889119148254395,0.4954811632633209,-0.06003682687878609,0.44930049777030945,0.5080138444900513,-0.05306115373969078,0.4753025770187378,0.49869200587272644,-0.04868067055940628,0.4980940818786621,0.4866098463535309,-0.05892811715602875,0.46074041724205017,0.5318375825881958,-0.0665128156542778,0.48450496792793274,0.5345371961593628,-0.058869414031505585,0.5050027966499329,0.5177296996116638,-0.05261048674583435
0.5670770406723022,0.4605982303619385,6.98289639444738e-08,0.509721040725708,0.3796333372592926,0.034425705671310425,0.4208243787288666,0.36967894434928894,0.03592950850725174,0.34705933928489685,0.42540720105171204,0.028375636786222458,0.3011719882488251,0.4820743501186371,0.018736010417342186,0.3780636787414551,0.29213204979896545,0.009775985032320023,0.2810305953025818,0.3253011107444763,0.004499293398112059,0.22692477703094482,0.33904823660850525,-0.0008556302054785192,0.17841430008411407,0.34802117943763733,-0.0072473459877073765,0.3704092800617218,0.33855482935905457,-0.016311462968587875,0.2660549283027649,0.37677034735679626,-0.019106833264231682,0.21107254922389984,0.3949403762817383,-0.022194737568497658,0.16986724734306335,0.4073645770549774,-0.02852652035653591,0.373390793800354,0.39696967601776123,-0.03760248422622681,0.3074829876422882,0.4657678008079529,-0.03390408307313919,0.35152509808540344,0.4777010977268219,-0.02442329004406929,0.3870066702365875,0.4673865735530853,-0.022090798243880272,0.3842867910861969,0.45828115940093994,-0.05728083476424217,0.3599814772605896,0.5072915554046631,-0.05442846566438675,0.3959145247936249,0.507329523563385,-0.0476175956428051,0.42087671160697937,0.48743656277656555,-0.04433009400963783
0.522344708442688,0.43584996461868286,-5.684644421855012e-10,0.4648579955101013,0.34027281403541565,0.032118696719408035,0.3716250956058502,0.32675856351852417,0.037367671728134155,0.2914811670780182,0.38045433163642883,0.03347181901335716,0.25018247961997986,0.4437335133552551,0.027354251593351364,0.32411718368530273,0.24631105363368988,0.016728907823562622,0.21531161665916443,0.2783523499965668,0.013446640223264694,0.15572643280029297,0.2953590750694275,0.010240218602120876,0.10183708369731903,0.30387717485427856,0.005626254715025425,0.31091785430908203,0.2903617024421692,-0.0066762650385499,0.19875706732273102,0.33930835127830505,-0.008001702837646008,0.1366647481918335,0.363373339176178,-0.012354522943496704,0.0876498818397522,0.37895554304122925,-0.01869276352226734,0.3100709319114685,0.34792786836624146,-0.026176150888204575,0.2501397132873535,0.4448118209838867,-0.024469327181577682,0.2930242717266083,0.4695284068584442,-0.025888564065098763,0.3301343619823456,0.4637879729270935,-0.029444707557559013,0.31632712483406067,0.41357505321502686,-0.04411139711737633,0.29753363132476807,0.5032694935798645,-0.04350791126489639,0.3316258192062378,0.5214475393295288,-0.04543231800198555,0.35952579975128174,0.5101134181022644,-0.04790133237838745
0.476158082485199,0.3752327561378479,-3.314502805551456e-08,0.407758891582489,0.27381840348243713,0.046027153730392456,0.3068588972091675,0.26654765009880066,0.055523645132780075,0.22665494680404663,0.3306470513343811,0.049983106553554535,0.18371570110321045,0.40177255868911743,0.041038818657398224,0.24585513770580292,0.183580219745636,0.045967791229486465,0.13996924459934235,0.23639261722564697,0.04853525385260582,0.07729007303714752,0.26321354508399963,0.04704291373491287,0.02191522717475891,0.2797117829322815,0.04256453365087509,0.23125247657299042,0.22710570693016052,0.012677102349698544,0.11144918203353882,0.2983180582523346,0.019430363550782204,0.04898500442504883,0.3316709101200104,0.017713071778416634,-0.0018265843391418457,0.34749454259872437,0.012005003169178963,0.2324236035346985,0.2899523675441742,-0.017463553696870804,0.1664591133594513,0.3919922709465027,-0.009537956677377224,0.2195497304201126,0.4105725586414337,-0.009481951594352722,0.25800827145576477,0.39084479212760925,-0.014028382487595081,0.24086692929267883,0.3647422194480896,-0.045532308518886566,0.2254246026277542,0.44219672679901123,-0.04187518358230591,0.2708953022956848,0.44304612278938293,-0.04272504150867462,0.3022470474243164,0.4154963195323944,-0.04539750888943672
0.5359368324279785,0.3226494789123535,-1.3211710836458224e-07,0.4590167999267578,0.24504226446151733,0.040109314024448395,0.34953993558883667,0.24501590430736542,0.0432276614010334,0.26514697074890137,0.3144378960132599,0.03174484521150589,0.21254386007785797,0.37657198309898376,0.018501335754990578,0.29591405391693115,0.14101779460906982,0.03911920264363289,0.183040052652359,0.19643926620483398,0.035809218883514404,0.12151758372783661,0.22404533624649048,0.03271852433681488,0.06444087624549866,0.23518085479736328,0.026568936184048653,0.2865694463253021,0.16912028193473816,0.006404033396393061,0.16708321869373322,0.2611236870288849,0.0044387937523424625,0.10843290388584137,0.2975771725177765,0.0002408255822956562,0.05494961142539978,0.31233057379722595,-0.007711721118539572,0.29106613993644714,0.22159534692764282,-0.024343349039554596,0.226193368434906,0.34757885336875916,-0.025144090875983238,0.2841121256351471,0.36348438262939453,-0.03016732633113861,0.3205989897251129,0.33457085490226746,-0.03878162428736687,0.2983015775680542,0.2862904369831085,-0.053428784012794495,0.2901817560195923,0.39123597741127014,-0.06033432111144066,0.33878225088119507,0.395171582698822,-0.07054487615823746,0.36800065636634827,0.36340683698654175,-0.0803493931889534
0.5860491991043091,0.3376257121562958,-1.8797393863678735e-07,0.5145168900489807,0.2683447003364563,0.0257190503180027,0.4104439616203308,0.2726973295211792,0.023311730474233627,0.3285060226917267,0.34621477127075195,0.01079464703798294,0.27607816457748413,0.4083273708820343,-0.0027862878050655127,0.3541015684604645,0.16196216642856598,0.013822859153151512,0.24037876725196838,0.22323919832706451,0.0014571668580174446,0.17795546352863312,0.25079426169395447,-0.007879900746047497,0.12172646820545197,0.2661276161670685,-0.01711282879114151,0.3475169837474823,0.19207645952701569,-0.011588165536522865,0.22794145345687866,0.27906855940818787,-0.023768316954374313,0.16669069230556488,0.3225562572479248,-0.03210558369755745,0.11447151005268097,0.34904590249061584,-0.041503701359033585,0.35394904017448425,0.2432628571987152,-0.03481322154402733,0.2886952757835388,0.3723868727684021,-0.04262116178870201,0.34175220131874084,0.39163053035736084,-0.04442201554775238,0.37844395637512207,0.36861109733581543,-0.04889057204127312,0.36471065878868103,0.3076946437358856,-0.05736130103468895,0.3510928750038147,0.4171772003173828,-0.06683684885501862,0.3956841230392456,0.4219045042991638,-0.07267014682292938,0.42425432801246643,0.3898659944534302,-0.07806522399187088
0.6077529191970825,0.3786989152431488,-1.244841456582435e-07,0.5293805003166199,0.3070273995399475,0.03267326205968857,0.4316418468952179,0.3112682104110718,0.03082490712404251,0.3532256484031677,0.3860219120979309,0.01725592091679573,0.30262425541877747,0.449492871761322,0.0020734097342938185,0.37825846672058105,0.21577352285385132,0.018287857994437218,0.26819878816604614,0.27288639545440674,0.007339083589613438,0.20747730135917664,0.30245327949523926,-0.001217222772538662,0.15165746212005615,0.3192625343799591,-0.010420573875308037,0.37295958399772644,0.24806448817253113,-0.012075254693627357,0.25401684641838074,0.33075928688049316,-0.021861234679818153,0.1951124519109726,0.37279894948005676,-0.02869839034974575,0.14651620388031006,0.39726340770721436,-0.03761717304587364,0.38154658675193787,0.3011125326156616,-0.03972070291638374,0.31071969866752625,0.4210757911205292,-0.045664865523576736,0.36554452776908875,0.43993884325027466,-0.04308229312300682,0.40447568893432617,0.4183829426765442,-0.04492640122771263,0.3957603871822357,0.3657457232475281,-0.0662013590335846,0.37613850831985474,0.4694734513759613,-0.07511142641305923,0.41948461532592773,0.4745655953884125,-0.07751785963773727,0.44788244366645813,0.4455989599227905,-0.08037392050027847
0.6152684688568115,0.35761183500289917,-7.854062999967937e-08,0.5357865691184998,0.3169124722480774,0.02355756238102913,0.43910646438598633,0.3225448429584503,0.019358379766345024,0.363982617855072,0.382991224527359,0.004514017608016729,0.3091162443161011,0.42870309948921204,-0.009864281862974167,0.3857702612876892,0.19756656885147095,0.017327193170785904,0.27917543053627014,0.25064611434936523,0.001754768192768097,0.21901443600654602,0.27603137493133545,-0.010534818284213543,0.16486264765262604,0.29338058829307556,-0.021853961050510406,0.38382309675216675,0.21750378608703613,-0.010555189102888107,0.26562508940696716,0.2934214472770691,-0.02792981080710888,0.20558826625347137,0.3297632336616516,-0.039731498807668686,0.1561930626630783,0.351240336894989,-0.05064038559794426,0.39356791973114014,0.2609184980392456,-0.03721943125128746,0.3213711380958557,0.37975215911865234,-0.052397195249795914,0.37571093440055847,0.40199750661849976,-0.05057210847735405,0.41333696246147156,0.3837912380695343,-0.0500120185315609,0.40701988339424133,0.31980931758880615,-0.06356754899024963,0.38496845960617065,0.4222716689109802,-0.0795610100030899,0.42726609110832214,0.4304956793785095,-0.08264430612325668,0.4542812705039978,0.4025993347167969,-0.08420968055725098
0.5812184810638428,0.386498361825943,6.96714552717026e-09,0.5256108641624451,0.28605303168296814,0.0557941235601902,0.4273117780685425,0.26630449295043945,0.07615374028682709,0.34810957312583923,0.3132008910179138,0.08251817524433136,0.30295538902282715,0.3715348243713379,0.08646487444639206,0.3805851340293884,0.16622059047222137,0.06384342908859253,0.2761722505092621,0.1885368376970291,0.08446484804153442,0.2223859429359436,0.20342308282852173,0.09566060453653336,0.17562924325466156,0.21167588233947754,0.1002439334988594,0.36502912640571594,0.21037134528160095,0.034406695514917374,0.25471580028533936,0.2448003590106964,0.059089791029691696,0.1968134641647339,0.25989866256713867,0.06558457016944885,0.1535562127828598,0.27048686146736145,0.06441102176904678,0.3612009584903717,0.2723877727985382,0.008962884545326233,0.29685744643211365,0.35119274258613586,0.03310606628656387,0.33731991052627563,0.37754395604133606,0.032150182873010635,0.37474197149276733,0.37976980209350586,0.025109615176916122,0.3621133267879486,0.3428318500518799,-0.013110315427184105,0.3388168513774872,0.40110230445861816,0.004934509284794331,0.37262940406799316,0.4127354025840759,0.004907925613224506,0.403066486120224,0.40453192591667175,0.0010920324129983783
0.5290659666061401,0.4466710090637207,-1.2474259847294888e-07,0.4707162380218506,0.32339709997177124,0.056274570524692535,0.3760894536972046,0.286321759223938,0.08028583228588104,0.30216339230537415,0.3220232129096985,0.0907822921872139,0.262188583612442,0.3889082074165344,0.0969163328409195,0.323424756526947,0.2067359983921051,0.05333225056529045,0.2139870822429657,0.23536595702171326,0.0712786540389061,0.15179841220378876,0.2540017366409302,0.08122342079877853,0.1004229336977005,0.2648589015007019,0.08453533798456192,0.30219095945358276,0.25796177983283997,0.02340632677078247,0.18982337415218353,0.30468347668647766,0.04631040617823601,0.132073774933815,0.3270132839679718,0.05119893327355385,0.08715447783470154,0.33933529257774353,0.0483914390206337,0.29502537846565247,0.32731568813323975,-0.001582975615747273,0.23661518096923828,0.4227537512779236,0.016552967950701714,0.27711185812950134,0.45055991411209106,0.008739115670323372,0.31343206763267517,0.45024073123931885,-0.0025710188783705235,0.29395830631256104,0.4050123989582062,-0.02271181344985962,0.28046783804893494,0.48378610610961914,-0.017106303945183754,0.31516164541244507,0.4995787739753723,-0.025754161179065704,0.34617796540260315,0.4957331418991089,-0.033860113471746445
0.45666438341140747,0.46509087085723877,-4.643532349746238e-07,0.3943171799182892,0.3428865373134613,0.05137012526392937,0.28884536027908325,0.31376999616622925,0.0708191841840744,0.21340139210224152,0.3528473675251007,0.07732344418764114,0.17739152908325195,0.42015138268470764,0.07936608791351318,0.21842658519744873,0.24383610486984253,0.050250981003046036,0.10618655383586884,0.2867952287197113,0.06086426228284836,0.046930521726608276,0.3252300024032593,0.06346292048692703,0.009337633848190308,0.35090988874435425,0.06079788878560066,0.197341188788414,0.2993476092815399,0.022535374388098717,0.13203048706054688,0.3953009843826294,0.03780592232942581,0.16556552052497864,0.42558735609054565,0.042897455394268036,0.199189692735672,0.41330772638320923,0.04116419330239296,0.1937142014503479,0.37718310952186584,-0.0008557946421205997,0.15072673559188843,0.46661603450775146,0.0176533292979002,0.18612247705459595,0.48558929562568665,0.027809439226984978,0.21308806538581848,0.46521857380867004,0.025339242070913315,0.19784267246723175,0.4645783603191376,-0.02136681228876114,0.175059974193573,0.5226566195487976,-0.006905182730406523,0.20939424633979797,0.5331235527992249,0.004713108763098717,0.2359679788351059,0.5201820135116577,0.009643486700952053
0.4305669069290161,0.5841992497444153,-5.055233600614883e-07,0.36756595969200134,0.44930189847946167,0.12284854054450989,0.2814550995826721,0.4109463691711426,0.1769334077835083,0.2087460607290268,0.41522273421287537,0.2133864462375641,0.16543108224868774,0.4496874511241913,0.24469155073165894,0.17924544215202332,0.360363245010376,0.09417785704135895,0.05311426520347595,0.37232962250709534,0.16276606917381287,0.01301690936088562,0.3970222473144531,0.2173071801662445,-0.006227925419807434,0.4149203598499298,0.2511974275112152,0.155095636844635,0.4464535415172577,0.060777697712183,0.0748014822602272,0.47911638021469116,0.14129342138767242,0.11499543488025665,0.4978839159011841,0.19421611726284027,0.1551964282989502,0.49235132336616516,0.21985794603824615,0.15760044753551483,0.5422596335411072,0.04221146181225777,0.11601945012807846,0.557348906993866,0.13012780249118805,0.1588449478149414,0.5629845261573792,0.16559998691082,0.19348150491714478,0.5583935976028442,0.1681496948003769,0.1691356748342514,0.6352301836013794,0.03362424299120903,0.15769174695014954,0.6199935674667358,0.11736108362674713,0.19706927239894867,0.6196362376213074,0.15419834852218628,0.2313782125711441,0.6163508296012878,0.16702893376350403
0.5410071611404419,0.6078171730041504,2.865513977212686e-07,0.45948538184165955,0.4678106904029846,0.0574004128575325,0.3560243844985962,0.4242553412914276,0.07382120192050934,0.28041383624076843,0.4507160782814026,0.07725966721773148,0.2369084358215332,0.51161789894104,0.07900659739971161,0.2781038284301758,0.37115389108657837,0.028677325695753098,0.13073168694972992,0.3877778649330139,0.028436223044991493,0.04774443805217743,0.4034934341907501,0.026056235656142235,-0.015513330698013306,0.4216163158416748,0.023576974868774414,0.26178163290023804,0.46254590153694153,-0.005588514264672995,0.1108354926109314,0.4723750948905945,-0.00010507053229957819,0.023590892553329468,0.48163726925849915,-0.004006136208772659,-0.03742492198944092,0.4904365837574005,-0.011216796934604645,0.2654198706150055,0.5650097131729126,-0.032016631215810776,0.1722566783428192,0.580366313457489,-0.008285688236355782,0.215635746717453,0.580377995967865,0.015966851264238358,0.26001209020614624,0.5768170952796936,0.02732463926076889,0.2844570577144623,0.6574053168296814,-0.056555457413196564,0.2391885668039322,0.6501262187957764,-0.0260090883821249,0.2720482349395752,0.6423605680465698,0.0024897342082113028,0.3032686710357666,0.632853090763092,0.020942632108926773
0.666815996170044,0.5678472518920898,1.1352275919307431e-07,0.5871157050132751,0.4372948706150055,0.0376921072602272,0.47790080308914185,0.4045737385749817,0.034108176827430725,0.3815722167491913,0.45620495080947876,0.022609272971749306,0.31999078392982483,0.5257833003997803,0.007347239647060633,0.42798709869384766,0.32719749212265015,-0.029467111453413963,0.28351467847824097,0.35498058795928955,-0.05367926508188248,0.1989096701145172,0.3718302845954895,-0.07150647044181824,0.12800249457359314,0.3864564895629883,-0.08318647742271423,0.42636439204216003,0.40805524587631226,-0.058143310248851776,0.2697359323501587,0.43594247102737427,-0.07919742166996002,0.17314393818378448,0.45407822728157043,-0.09102354943752289,0.10101872682571411,0.4696265161037445,-0.10272233933210373,0.4317954480648041,0.4989326298236847,-0.07782034575939178,0.3058091402053833,0.5593926310539246,-0.08239667862653732,0.3325445353984833,0.5830532908439636,-0.06424830853939056,0.3717743158340454,0.5861842036247253,-0.05255219340324402,0.4414466619491577,0.5890281200408936,-0.09482180327177048,0.3570203185081482,0.6266451478004456,-0.08657264709472656,0.37825676798820496,0.6320972442626953,-0.06197085976600647,0.4098653197288513,0.6165436506271362,-0.043749552220106125
0.7355865836143494,0.5409648418426514,1.8239553867260838e-07,0.6751329302787781,0.39869821071624756,0.03730703890323639,0.570248544216156,0.35123705863952637,0.03992299735546112,0.4719003140926361,0.3895571827888489,0.03754352033138275,0.4024794399738312,0.4482412040233612,0.029216978698968887,0.5306621193885803,0.2676120698451996,-0.015528937801718712,0.3863205313682556,0.26216137409210205,-0.022488607093691826,0.3049374520778656,0.2639704942703247,-0.027897322550415993,0.2360592782497406,0.26967042684555054,-0.032122980803251266,0.5168012976646423,0.34031498432159424,-0.0383080318570137,0.3615798056125641,0.3432753384113312,-0.03889652341604233,0.2811644673347473,0.35116392374038696,-0.040031157433986664,0.22102972865104675,0.35260918736457825,-0.04556663706898689,0.5136678814888,0.4259363114833832,-0.05297109857201576,0.38805314898490906,0.44858136773109436,-0.045723773539066315,0.3407084047794342,0.46314576268196106,-0.04169374704360962,0.31149816513061523,0.46708670258522034,-0.04620327427983284,0.5191466808319092,0.5147111415863037,-0.06381183862686157,0.4714922606945038,0.5114960670471191,-0.052884966135025024,0.49203190207481384,0.5053560733795166,-0.038360100239515305,0.5197957754135132,0.4888024926185608,-0.031385838985443115
0.48848670721054077,0.5648812651634216,8.92689911324851e-07,0.4578118324279785,0.4599487781524658,-0.04005606845021248,0.4624907970428467,0.3565830588340759,-0.0757981687784195,0.4868541657924652,0.3079432249069214,-0.11382520943880081,0.5360530018806458,0.337302565574646,-0.1497613936662674,0.6044307947158813,0.27697813510894775,-0.06863343715667725,0.6724163293838501,0.15122859179973602,-0.1294601559638977,0.7152377963066101,0.05423334240913391,-0.1666831225156784,0.749595046043396,-0.02996644377708435,-0.19055545330047607,0.6500051617622375,0.3474333882331848,-0.08663473278284073,0.6981303691864014,0.23257140815258026,-0.14984320104122162,0.7062160968780518,0.14652395248413086,-0.17622025310993195,0.7207456231117249,0.06356623768806458,-0.1829378753900528,0.6615428328514099,0.43999579548835754,-0.10773200541734695,0.5579508543014526,0.3715032935142517,-0.16157017648220062,0.49259814620018005,0.399850457906723,-0.1434706747531891,0.4865429997444153,0.42910629510879517,-0.11543422937393188,0.6384090781211853,0.533912181854248,-0.13521449267864227,0.5296818017959595,0.47227203845977783,-0.15831220149993896,0.4811132550239563,0.49125128984451294,-0.13096368312835693,0.48187318444252014,0.5213158130645752,-0.10228569060564041
0.46786046028137207,0.56158047914505,3.2342191502721107e-07,0.4654238522052765,0.43117383122444153,-0.03907492384314537,0.5404687523841858,0.28815382719039917,-0.060912128537893295,0.6302667856216431,0.30123037099838257,-0.08458120375871658,0.6849101185798645,0.40207430720329285,-0.10672114044427872,0.7344085574150085,0.3121894598007202,-0.03262956067919731,0.8297120332717896,0.24444279074668884,-0.07144441455602646,0.9021024703979492,0.1913081705570221,-0.09934113174676895,0.9591710567474365,0.15139776468276978,-0.12166309356689453,0.7643665671348572,0.4119844436645508,-0.042306508868932724,0.8183874487876892,0.37522047758102417,-0.0929487943649292,0.812933087348938,0.35475465655326843,-0.11354124546051025,0.8049308061599731,0.340667724609375,-0.1171596348285675,0.7575340270996094,0.5144156217575073,-0.05817314609885216,0.7100873589515686,0.45664355158805847,-0.11371532827615738,0.6294326782226562,0.4268909692764282,-0.12295874953269958,0.5767802000045776,0.4191352427005768,-0.11490510404109955,0.722013533115387,0.6090686321258545,-0.07866530120372772,0.6416171789169312,0.5359994173049927,-0.12257569283246994,0.5707070231437683,0.4890036880970001,-0.13173528015613556,0.5284495949745178,0.4636644721031189,-0.1284025013446808
0.42689141631126404,0.5150870084762573,1.1690708561218344e-06,0.4656912386417389,0.39629703760147095,-0.04898683726787567,0.5795389413833618,0.32254335284233093,-0.07600206881761551,0.6810750365257263,0.3933347761631012,-0.10239363461732864,0.7522861361503601,0.47739917039871216,-0.12918581068515778,0.7191756367683411,0.33005237579345703,-0.06482559442520142,0.862307608127594,0.30585169792175293,-0.11687090247869492,0.9571880102157593,0.2988589107990265,-0.14846619963645935,1.0353971719741821,0.29608219861984253,-0.16768203675746918,0.723799467086792,0.42472559213638306,-0.07388094812631607,0.8748016357421875,0.41703325510025024,-0.1276160329580307,0.9701797366142273,0.4127633571624756,-0.1592620313167572,1.0500017404556274,0.40898990631103516,-0.17426089942455292,0.6955010890960693,0.5129907131195068,-0.08716753125190735,0.7455854415893555,0.506844699382782,-0.16090409457683563,0.6664149165153503,0.46728160977363586,-0.17546221613883972,0.6073672771453857,0.43924495577812195,-0.1664002537727356,0.6455857157707214,0.5861594080924988,-0.10325415432453156,0.6557011604309082,0.5536824464797974,-0.1674177050590515,0.583885908126831,0.5114272236824036,-0.17205873131752014,0.5295450687408447,0.48477914929389954,-0.16120545566082
0.39508530497550964,0.5032515525817871,9.379932635056321e-07,0.4430691599845886,0.39089226722717285,-0.03329186886548996,0.5552434325218201,0.33225131034851074,-0.049584049731492996,0.6441531181335449,0.39914920926094055,-0.06880389899015427,0.7031362652778625,0.47822481393814087,-0.08793367445468903,0.6662269234657288,0.347392201423645,-0.02981449104845524,0.7887455224990845,0.3433193266391754,-0.06702486425638199,0.8648800849914551,0.3511973023414612,-0.0897308886051178,0.9302036762237549,0.363447904586792,-0.10276608914136887,0.6651337146759033,0.4323028028011322,-0.03970908001065254,0.8022395372390747,0.42572659254074097,-0.07923787087202072,0.8856027126312256,0.42589259147644043,-0.10305975377559662,0.9551577568054199,0.4356596767902374,-0.11382120847702026,0.6390710473060608,0.5124485492706299,-0.05400778725743294,0.6850959062576294,0.49028247594833374,-0.1118319109082222,0.6104035377502441,0.44998037815093994,-0.11952897161245346,0.5565332174301147,0.43326476216316223,-0.10743267834186554,0.597554087638855,0.5795058012008667,-0.07065306603908539,0.617252767086029,0.5287530422210693,-0.11636851727962494,0.5550550818443298,0.4911397397518158,-0.11376268416643143,0.5093733668327332,0.48032015562057495,-0.10047232359647751
0.3986348509788513,0.49054571986198425,9.659331681177719e-07,0.4449257552623749,0.3963529169559479,-0.03209605813026428,0.5514005422592163,0.36010032892227173,-0.04640226438641548,0.63121497631073,0.43049877882003784,-0.06297877430915833,0.6832748651504517,0.5061471462249756,-0.07908350229263306,0.6515759825706482,0.37903812527656555,-0.025615354999899864,0.7660285830497742,0.38473397493362427,-0.05837206915020943,0.8369178771972656,0.3991560637950897,-0.07735216617584229,0.895169198513031,0.4179552495479584,-0.08733261376619339,0.64543217420578,0.4558403491973877,-0.033669836819171906,0.7723038792610168,0.4618626534938812,-0.06964292377233505,0.8506815433502197,0.4671640694141388,-0.09276746958494186,0.9125185012817383,0.4819149374961853,-0.10261339694261551,0.6178295612335205,0.5273235440254211,-0.045871783047914505,0.661392867565155,0.5152093768119812,-0.09862761944532394,0.5946004390716553,0.4710782766342163,-0.10746804624795914,0.544378399848938,0.45167261362075806,-0.09687019884586334,0.5790809988975525,0.585357666015625,-0.060249634087085724,0.6018996834754944,0.5438477993011475,-0.10195126384496689,0.545889675617218,0.5052881240844727,-0.10016719996929169,0.5027198195457458,0.4922108054161072,-0.08770599216222763
0.3573889136314392,0.3676694929599762,6.227728590602055e-07,0.39809584617614746,0.277775377035141,-0.024887507781386375,0.49489617347717285,0.24187426269054413,-0.03673551604151726,0.5681881904602051,0.30071526765823364,-0.05148587003350258,0.6181795001029968,0.3609386682510376,-0.06586904078722,0.5811915397644043,0.2754494547843933,-0.016257839277386665,0.6666451096534729,0.27507317066192627,-0.04642203822731972,0.7232357263565063,0.2863301634788513,-0.06528383493423462,0.7719682455062866,0.30326008796691895,-0.07530246675014496,0.5798765420913696,0.3406407833099365,-0.027298221364617348,0.6915751099586487,0.3283892273902893,-0.05976421386003494,0.7587597370147705,0.31893932819366455,-0.07871365547180176,0.81421959400177,0.31983479857444763,-0.085267074406147,0.5574670433998108,0.40658432245254517,-0.0425153523683548,0.6016100645065308,0.38508543372154236,-0.0937829241156578,0.5402178764343262,0.344963937997818,-0.10029694437980652,0.49059250950813293,0.3251248598098755,-0.08843208849430084,0.5208969116210938,0.4644921123981476,-0.05923571437597275,0.5459892749786377,0.41816508769989014,-0.0964016318321228,0.4980274438858032,0.3712148368358612,-0.0919334888458252,0.45825478434562683,0.3448031544685364,-0.07901440560817719
0.3544955253601074,0.28206661343574524,6.0381887578842e-07,0.3906700015068054,0.18236882984638214,-0.01869623363018036,0.4804878532886505,0.13481314480304718,-0.02659805864095688,0.5530678033828735,0.17615652084350586,-0.03860495612025261,0.602855384349823,0.2265135943889618,-0.05009874701499939,0.5603796243667603,0.16046865284442902,-0.005629222374409437,0.6476728916168213,0.14690160751342773,-0.029180103912949562,0.7031037211418152,0.14722996950149536,-0.04389557987451553,0.7512760162353516,0.15516559779644012,-0.05196317657828331,0.5634564757347107,0.22262756526470184,-0.01730850152671337,0.66783607006073,0.19477108120918274,-0.04468543827533722,0.7307220101356506,0.17772305011749268,-0.06257758289575577,0.7835317850112915,0.17291925847530365,-0.0696539580821991,0.5475375652313232,0.28799498081207275,-0.03252623230218887,0.593411386013031,0.2542268931865692,-0.07892916351556778,0.5327619314193726,0.226166769862175,-0.08481212705373764,0.4842819571495056,0.21787956357002258,-0.07354151457548141,0.518186092376709,0.34530651569366455,-0.048745326697826385,0.5441415309906006,0.2899182140827179,-0.08370865136384964,0.49642154574394226,0.25436466932296753,-0.07964550703763962,0.45584341883659363,0.239778071641922,-0.06731559336185455
0.3734746277332306,0.24414527416229248,5.748599960497813e-07,0.4100537896156311,0.14961549639701843,-0.013867241330444813,0.49869510531425476,0.10350367426872253,-0.01981503516435623,0.569678544998169,0.13617534935474396,-0.030847972258925438,0.6155100464820862,0.18993063271045685,-0.04130911827087402,0.5761284232139587,0.14094528555870056,0.0035067936405539513,0.6617106199264526,0.12648522853851318,-0.016057830303907394,0.7145385146141052,0.12614983320236206,-0.028471432626247406,0.7599459886550903,0.1347109079360962,-0.03574810549616814,0.5763383507728577,0.19951516389846802,-0.009706372395157814,0.67765873670578,0.17362111806869507,-0.03418869525194168,0.7373965978622437,0.15562555193901062,-0.05115799605846405,0.7863132953643799,0.15168046951293945,-0.05792791396379471,0.559673011302948,0.2609260380268097,-0.026216844096779823,0.6098475456237793,0.21903620660305023,-0.0709579586982727,0.5503044724464417,0.1849590688943863,-0.07560411095619202,0.5014784932136536,0.17721720039844513,-0.06368575245141983,0.5301513671875,0.3130054175853729,-0.04323583468794823,0.5602349638938904,0.24724209308624268,-0.07896061986684799,0.5105258822441101,0.21608376502990723,-0.07457001507282257,0.4684600532054901,0.2138189822435379,-0.061586011201143265
0.41032981872558594,0.27466249465942383,5.807648904010421e-07,0.45650190114974976,0.19460448622703552,-0.017438704147934914,0.546645998954773,0.1731548309326172,-0.024816304445266724,0.6093565821647644,0.22436107695102692,-0.0362151674926281,0.6449556946754456,0.2873324453830719,-0.047217968851327896,0.620094895362854,0.22051969170570374,4.612475458998233e-05,0.7042911648750305,0.22880060970783234,-0.021721377968788147,0.7583969831466675,0.2416008710861206,-0.0358286052942276,0.8037477731704712,0.2609729766845703,-0.04396366328001022,0.6110691428184509,0.27805039286613464,-0.011449852958321571,0.7073500752449036,0.2713267207145691,-0.03747165948152542,0.7641253471374512,0.26216578483581543,-0.054583292454481125,0.810930609703064,0.2653677463531494,-0.060867149382829666,0.5859472751617432,0.3348899483680725,-0.02657601609826088,0.6348389983177185,0.3064391314983368,-0.07232433557510376,0.5782357454299927,0.2636823356151581,-0.07587355375289917,0.5329397916793823,0.2486131489276886,-0.062544085085392,0.5502181053161621,0.37992775440216064,-0.04248276725411415,0.5852221846580505,0.31879961490631104,-0.0769878700375557,0.5399802923202515,0.2856208384037018,-0.07052084803581238,0.5020294189453125,0.28293493390083313,-0.05574304610490799
0.43507063388824463,0.3523149788379669,5.330381327439682e-07,0.4896458089351654,0.2796962261199951,-0.015616198070347309,0.5803449153900146,0.27436721324920654,-0.022266540676355362,0.6393919587135315,0.34121665358543396,-0.033299390226602554,0.6741712093353271,0.4067162275314331,-0.04421611130237579,0.6508941650390625,0.3228043019771576,-0.0024357165675610304,0.7332069277763367,0.3392066955566406,-0.02439069375395775,0.7878327369689941,0.3591102957725525,-0.038836777210235596,0.8328900337219238,0.38220348954200745,-0.04723373055458069,0.6379365921020508,0.3811010420322418,-0.014239976182579994,0.7330971360206604,0.3844723105430603,-0.03911053016781807,0.7886196374893188,0.3816319406032562,-0.05567090958356857,0.8320419192314148,0.3874496817588806,-0.06248334050178528,0.6083514094352722,0.43439197540283203,-0.029482094570994377,0.6520907878875732,0.4132099151611328,-0.07181147485971451,0.6020755767822266,0.3631933033466339,-0.07689933478832245,0.5606372356414795,0.33829620480537415,-0.06655406951904297,0.5689139366149902,0.47516515851020813,-0.0455581471323967,0.604917585849762,0.42735251784324646,-0.07611359655857086,0.5704486966133118,0.3779502511024475,-0.07111651450395584,0.5390847325325012,0.352277934551239,-0.05920486897230148
0.45807063579559326,0.43387675285339355,7.336536782531766e-07,0.5217543244361877,0.3710787892341614,-0.019229423254728317,0.6127698421478271,0.38488200306892395,-0.02836313471198082,0.6634140014648438,0.46544912457466125,-0.0413806214928627,0.6887187361717224,0.5387769937515259,-0.05389201641082764,0.6805816292762756,0.4451805055141449,-0.008087113499641418,0.7620531320571899,0.48695045709609985,-0.034083493053913116,0.8141745328903198,0.5250499844551086,-0.0517912320792675,0.855945885181427,0.564733624458313,-0.06197898089885712,0.6596239805221558,0.49989959597587585,-0.019386420026421547,0.7581656575202942,0.5294116139411926,-0.047221120446920395,0.8167953491210938,0.5526326894760132,-0.06492651998996735,0.8619900345802307,0.5835536122322083,-0.0719929188489914,0.6219179630279541,0.5468516945838928,-0.034304551780223846,0.6657868027687073,0.5376297235488892,-0.07655559480190277,0.618418276309967,0.4781326949596405,-0.07741668820381165,0.5780209302902222,0.4467170536518097,-0.06358704715967178,0.5762534737586975,0.5780134201049805,-0.050969239324331284,0.6168883442878723,0.543552815914154,-0.08060356974601746,0.585770845413208,0.49254170060157776,-0.0719781443476677,0.556538462638855,0.4661688804626465,-0.05688881129026413
0.48955172300338745,0.49069327116012573,7.635778729309095e-07,0.5553993582725525,0.44019943475723267,-0.024801105260849,0.6428401470184326,0.468669056892395,-0.03738754987716675,0.6884075403213501,0.5566610097885132,-0.0527622252702713,0.7059910297393799,0.6359208822250366,-0.0668080747127533,0.707636296749115,0.5452278256416321,-0.01765464060008526,0.7914323210716248,0.6034960746765137,-0.04596288874745369,0.8413203358650208,0.6483504176139832,-0.062463145703077316,0.8798879981040955,0.6934290528297424,-0.07102145999670029,0.6805810332298279,0.5982654094696045,-0.02657519094645977,0.7770625352859497,0.6563355922698975,-0.059789109975099564,0.8375019431114197,0.6951494216918945,-0.07891303300857544,0.8821015357971191,0.7348233461380005,-0.08565633744001389,0.6374951601028442,0.6384469866752625,-0.03891533613204956,0.6744552254676819,0.6385928392410278,-0.08600177615880966,0.6345574855804443,0.5672418475151062,-0.08816894143819809,0.6008665561676025,0.5250296592712402,-0.07376132160425186,0.5886236429214478,0.661487340927124,-0.053106918931007385,0.6232441663742065,0.6390364766120911,-0.08618749678134918,0.596435546875,0.5791179537773132,-0.07903574407100677,0.5725245475769043,0.5442532300949097,-0.06406073272228241
0.4936104416847229,0.5274478793144226,7.126861305550847e-07,0.5617289543151855,0.476345032453537,-0.035830672830343246,0.6421082615852356,0.5022685527801514,-0.04500626400113106,0.6903095245361328,0.5917848944664001,-0.05341720953583717,0.7238664627075195,0.6632469892501831,-0.060063932090997696,0.7189919948577881,0.5293605327606201,-0.007426030468195677,0.8014923334121704,0.5759754776954651,-0.03015689179301262,0.8507086038589478,0.6141283512115479,-0.044123973697423935,0.8898893594741821,0.6497901678085327,-0.05043209344148636,0.6954346299171448,0.5891252160072327,-0.007181443739682436,0.7881351709365845,0.6337779760360718,-0.033512890338897705,0.844568133354187,0.6667153835296631,-0.04943670332431793,0.8886390328407288,0.6997081637382507,-0.054082345217466354,0.655143678188324,0.6353885531425476,-0.013050374574959278,0.6851915717124939,0.6545816659927368,-0.06058981642127037,0.6427859663963318,0.6044556498527527,-0.06960480660200119,0.6113613843917847,0.5722998380661011,-0.059364885091781616,0.6090916991233826,0.6635116338729858,-0.021180180832743645,0.6355668306350708,0.6616140604019165,-0.058979254215955734,0.6030787229537964,0.6095229983329773,-0.058340124785900116,0.5791070461273193,0.5722530484199524,-0.047302138060331345
0.4825047552585602,0.5210127234458923,8.572595220357471e-07,0.5476101636886597,0.4715820848941803,-0.038311462849378586,0.6315026879310608,0.4952441155910492,-0.0487707257270813,0.6826242804527283,0.5839253067970276,-0.05834398791193962,0.7151265144348145,0.654504120349884,-0.06628091633319855,0.7084563374519348,0.5122655630111694,-0.012156134471297264,0.7952235341072083,0.5585598945617676,-0.038571227341890335,0.8491110801696777,0.5955608487129211,-0.05572616308927536,0.8928796648979187,0.6301254630088806,-0.06468421965837479,0.6875242590904236,0.5761750936508179,-0.01201709359884262,0.7832151055335999,0.6220555305480957,-0.044341765344142914,0.8426099419593811,0.656766951084137,-0.0658360943198204,0.8894229531288147,0.690703809261322,-0.07417406141757965,0.6477846503257751,0.6281960010528564,-0.017721639946103096,0.679275631904602,0.6526629328727722,-0.07067248970270157,0.6316993832588196,0.6042885780334473,-0.0820799320936203,0.598081648349762,0.5730679035186768,-0.07272041589021683,0.6011119484901428,0.6616271734237671,-0.025741832330822945,0.6250378489494324,0.6594977378845215,-0.06957990676164627,0.5883123874664307,0.6105581521987915,-0.07174096256494522,0.56220543384552,0.5769991874694824,-0.06186390668153763
0.4728083312511444,0.5186783671379089,9.257568649445602e-07,0.5354153513908386,0.46898123621940613,-0.04487473517656326,0.6177670359611511,0.490256667137146,-0.05987326800823212,0.6723483204841614,0.5754398703575134,-0.07239194959402084,0.7140535116195679,0.6444472074508667,-0.08275432139635086,0.7068554759025574,0.4964919984340668,-0.022346926853060722,0.793571949005127,0.5380980372428894,-0.05069204047322273,0.8487277030944824,0.5700976252555847,-0.06847625970840454,0.894200325012207,0.5986688137054443,-0.07783477753400803,0.6875262260437012,0.5633650422096252,-0.02018103376030922,0.7838414311408997,0.6057156324386597,-0.05187362805008888,0.8424815535545349,0.6375719308853149,-0.07082130759954453,0.8895213603973389,0.6685829162597656,-0.07763264328241348,0.6472675800323486,0.6181256771087646,-0.024391841143369675,0.6741055250167847,0.6447336077690125,-0.0756133496761322,0.6218405365943909,0.5967247486114502,-0.08440112322568893,0.5880072712898254,0.565492570400238,-0.07419324666261673,0.5992464423179626,0.6526592969894409,-0.03174922242760658,0.6168052554130554,0.6528905034065247,-0.07384397834539413,0.5756284594535828,0.6046844124794006,-0.07487248629331589,0.5498120188713074,0.5713236331939697,-0.06474374234676361
0.45804864168167114,0.4864546060562134,7.618334052494902e-07,0.5171735286712646,0.4337470531463623,-0.0376097708940506,0.5990225076675415,0.4418081045150757,-0.047547582536935806,0.6591411232948303,0.5217658281326294,-0.056244611740112305,0.6983928680419922,0.5811811685562134,-0.06380636990070343,0.6864381432533264,0.42753827571868896,-0.01211651973426342,0.7746499180793762,0.4520535469055176,-0.03749588131904602,0.8312870264053345,0.472696989774704,-0.05622109770774841,0.8778945803642273,0.4919569790363312,-0.06742727011442184,0.6764024496078491,0.4945429265499115,-0.012207956984639168,0.7720954418182373,0.5129868984222412,-0.039980579167604446,0.8320524096488953,0.5352669358253479,-0.05925546586513519,0.8820364475250244,0.5580213069915771,-0.06771101802587509,0.6434292197227478,0.5533493757247925,-0.018343236297369003,0.6785144805908203,0.5740916728973389,-0.06574274599552155,0.6267921924591064,0.5501275062561035,-0.07633333653211594,0.5887943506240845,0.5303255915641785,-0.06893065571784973,0.5993714928627014,0.5981560945510864,-0.02712678536772728,0.6296053528785706,0.6047003865242004,-0.07068092375993729,0.5866075754165649,0.5716404914855957,-0.07408519089221954,0.5525902509689331,0.5432707667350769,-0.06585671752691269
0.45583587884902954,0.4333019256591797,8.609097221778939e-07,0.5047256350517273,0.36894887685775757,-0.04175209626555443,0.5897256731987,0.3606431186199188,-0.0522969514131546,0.6562768816947937,0.4232487976551056,-0.06035473942756653,0.7047029733657837,0.47647416591644287,-0.06694892048835754,0.6709034442901611,0.3289211690425873,-0.020426485687494278,0.7647609710693359,0.3367639183998108,-0.044222041964530945,0.8241008520126343,0.34895533323287964,-0.05816413089632988,0.8728728890419006,0.35904625058174133,-0.06429741531610489,0.6662874221801758,0.3949873447418213,-0.01675579510629177,0.7683442831039429,0.40108567476272583,-0.04204077646136284,0.8303751945495605,0.4109901785850525,-0.056535765528678894,0.87838214635849,0.42217782139778137,-0.06007784977555275,0.6411333084106445,0.4574276804924011,-0.01902088336646557,0.6761907339096069,0.4753369987010956,-0.06611298024654388,0.6203409433364868,0.4596109092235565,-0.07639487087726593,0.5821259021759033,0.44758278131484985,-0.06692064553499222,0.6064181923866272,0.5046097040176392,-0.02378709428012371,0.6342968344688416,0.5083175301551819,-0.06511331349611282,0.5847007036209106,0.48821356892585754,-0.06734363734722137,0.5479369163513184,0.4735320210456848,-0.05754166096448898
0.4512867331504822,0.451376348733902,8.799228794487135e-07,0.5029675960540771,0.3881869316101074,-0.046560730785131454,0.5877401828765869,0.3785509467124939,-0.05661556497216225,0.6592333316802979,0.4371930658817291,-0.0625460222363472,0.7128168344497681,0.4870677590370178,-0.06617651134729385,0.6698598861694336,0.33404091000556946,-0.01883510686457157,0.7646700143814087,0.3402790129184723,-0.039704516530036926,0.8242573738098145,0.35216671228408813,-0.05296039953827858,0.8738513588905334,0.3620204031467438,-0.059626832604408264,0.666657030582428,0.4028768837451935,-0.011013501323759556,0.7690274119377136,0.40395814180374146,-0.0329698845744133,0.8315516114234924,0.41417548060417175,-0.0460909940302372,0.8792962431907654,0.4257005751132965,-0.04991724714636803,0.6417235136032104,0.46817174553871155,-0.01006185170263052,0.6801968216896057,0.4873403310775757,-0.05608716234564781,0.6243382692337036,0.47630685567855835,-0.06819409877061844,0.5843318104743958,0.46619635820388794,-0.06088338792324066,0.6075583100318909,0.5180962681770325,-0.01201211754232645,0.6357221603393555,0.5229963064193726,-0.05679628252983093,0.5852163434028625,0.5048683881759644,-0.06404802203178406,0.547678530216217,0.48966094851493835,-0.05805926024913788
0.44565317034721375,0.44796136021614075,8.660894081913284e-07,0.49733418226242065,0.37839239835739136,-0.040998104959726334,0.5837056636810303,0.35910049080848694,-0.049662165343761444,0.6580278873443604,0.4158671498298645,-0.055916253477334976,0.7102605104446411,0.46470800042152405,-0.06056004762649536,0.6582880020141602,0.3042289614677429,-0.01461031660437584,0.7550542950630188,0.29939621686935425,-0.03724284842610359,0.8163093328475952,0.3045443892478943,-0.052459776401519775,0.8675006031990051,0.3086698651313782,-0.06021089851856232,0.6611137390136719,0.3720245957374573,-0.010376203805208206,0.7640587091445923,0.36477628350257874,-0.033051665872335434,0.826938807964325,0.36768877506256104,-0.04729234427213669,0.8773882389068604,0.37247419357299805,-0.051741957664489746,0.6417486667633057,0.44054532051086426,-0.012503288686275482,0.6827616691589355,0.4569818675518036,-0.05714712664484978,0.626194953918457,0.4501965641975403,-0.06734305620193481,0.5852261185646057,0.4428456127643585,-0.05874890461564064,0.6097102761268616,0.49568048119544983,-0.017326606437563896,0.6460858583450317,0.5002859234809875,-0.05867407098412514,0.5967497825622559,0.4856730103492737,-0.061750009655952454,0.5573199391365051,0.4733999967575073,-0.05296126380562782
0.4553477168083191,0.4412747025489807,8.445697403658414e-07,0.5049865245819092,0.3743267059326172,-0.04134481027722359,0.5934964418411255,0.35769397020339966,-0.04826057702302933,0.6657723188400269,0.4109135568141937,-0.051908884197473526,0.7178301811218262,0.4561363160610199,-0.05385301634669304,0.6673228144645691,0.30610960721969604,-0.014485317282378674,0.7628048658370972,0.3052332103252411,-0.03455403819680214,0.8224408626556396,0.31395086646080017,-0.04727540537714958,0.8715208768844604,0.32165294885635376,-0.053150538355112076,0.668249249458313,0.37277764081954956,-0.008220388554036617,0.7716245055198669,0.36611101031303406,-0.028565535321831703,0.8347840905189514,0.3731231689453125,-0.04075084999203682,0.8833421468734741,0.3817962408065796,-0.04370091110467911,0.648499608039856,0.4385451376438141,-0.008415129967033863,0.6905584931373596,0.4517856240272522,-0.05216867849230766,0.6354660987854004,0.44682571291923523,-0.06390457600355148,0.595133900642395,0.4398826062679291,-0.056657955050468445,0.6184056401252747,0.4913654327392578,-0.011082444339990616,0.6521185040473938,0.49373677372932434,-0.05396585911512375,0.5999660491943359,0.4791432023048401,-0.05993909016251564,0.5590097308158875,0.46475470066070557,-0.053218305110931396
0.4627721905708313,0.42822104692459106,9.050943390320754e-07,0.5079625248908997,0.35737428069114685,-0.04040910676121712,0.5937220454216003,0.3426283597946167,-0.05430013686418533,0.6644229292869568,0.398836612701416,-0.0664927288889885,0.715576708316803,0.4521641433238983,-0.07761286199092865,0.6786039471626282,0.3142879605293274,-0.028026558458805084,0.7753727436065674,0.316689670085907,-0.05606825277209282,0.8378060460090637,0.3262580931186676,-0.07222136110067368,0.8889352083206177,0.3341445326805115,-0.07962757349014282,0.6751487255096436,0.37969085574150085,-0.027088621631264687,0.7790696024894714,0.3777916729450226,-0.05528578907251358,0.8452680110931396,0.38516199588775635,-0.07122068852186203,0.8968158960342407,0.39498069882392883,-0.07610544562339783,0.6505828499794006,0.44262462854385376,-0.0314219631254673,0.6808546185493469,0.4548235535621643,-0.07899647951126099,0.6254751682281494,0.43768608570098877,-0.090412937104702,0.5861311554908752,0.42589250206947327,-0.08256420493125916,0.6146286725997925,0.4917157292366028,-0.038248177617788315,0.6257657408714294,0.48627370595932007,-0.07938458770513535,0.5738386511802673,0.4625321328639984,-0.08307820558547974,0.537262499332428,0.4469171166419983,-0.07482979446649551
0.4604414105415344,0.5341343879699707,4.185279749435722e-07,0.476717472076416,0.4449554979801178,-0.04141521826386452,0.5098171234130859,0.3724672794342041,-0.06596091389656067,0.5356206893920898,0.36628735065460205,-0.08843930065631866,0.572148859500885,0.3878881335258484,-0.10495409369468689,0.6148434281349182,0.37381836771965027,-0.05418805778026581,0.7056291103363037,0.3409210741519928,-0.09138575196266174,0.7539168000221252,0.33188796043395996,-0.10536134988069534,0.7975226640701294,0.3301287293434143,-0.11105368286371231,0.632991373538971,0.4365836977958679,-0.050589803606271744,0.6934823989868164,0.397286057472229,-0.09823421388864517,0.7355773448944092,0.3882148563861847,-0.11739402264356613,0.7824627757072449,0.385582834482193,-0.12166429311037064,0.6303349733352661,0.4995162785053253,-0.050708554685115814,0.5738742351531982,0.49287623167037964,-0.09731675684452057,0.5274768471717834,0.49495843052864075,-0.10188377648591995,0.5184364318847656,0.49252739548683167,-0.09105674922466278,0.6154537796974182,0.5562618970870972,-0.05466991662979126,0.5490583181381226,0.5471622943878174,-0.07828125357627869,0.515083372592926,0.5434408783912659,-0.07760445028543472,0.5122609734535217,0.5345207452774048,-0.06981026381254196
0.61746746301651,0.677691638469696,6.720561032125261e-07,0.5847486257553101,0.608516275882721,-0.008297055028378963,0.5056222081184387,0.590070903301239,-0.02823018841445446,0.43964678049087524,0.6420462131500244,-0.04511365294456482,0.39494192600250244,0.6917092800140381,-0.0652095377445221,0.5010172724723816,0.5469453930854797,-0.069344662129879,0.3964437246322632,0.5487764477729797,-0.09854774922132492,0.3356953263282776,0.5485388040542603,-0.11385845392942429,0.2855323255062103,0.5520064234733582,-0.1218862384557724,0.5024664402008057,0.6144412159919739,-0.08034354448318481,0.3921733796596527,0.6026702523231506,-0.10539072006940842,0.32532209157943726,0.6061838269233704,-0.11456217616796494,0.27370190620422363,0.6111212968826294,-0.11964359134435654,0.5067282319068909,0.6813318133354187,-0.08726857602596283,0.40643826127052307,0.6986712217330933,-0.11331115663051605,0.4072030782699585,0.709265947341919,-0.10935219377279282,0.41751694679260254,0.7102935910224915,-0.10093449056148529,0.5144104957580566,0.7461102604866028,-0.09271880239248276,0.4508161246776581,0.7508519887924194,-0.11171890050172806,0.4703887104988098,0.7502697706222534,-0.10031764954328537,0.49326270818710327,0.7435276508331299,-0.08694329857826233
0.6997926831245422,0.6522477865219116,2.600818618248013e-07,0.6488522887229919,0.5659192800521851,0.004092905670404434,0.5591019988059998,0.5323761701583862,-0.0014802046352997422,0.4871567487716675,0.569934606552124,-0.009063963778316975,0.44074177742004395,0.6189365983009338,-0.017542164772748947,0.5247900485992432,0.4803819954395294,-0.0248673427850008,0.42139729857444763,0.4826745390892029,-0.04506267234683037,0.35910817980766296,0.485186368227005,-0.05639972165226936,0.30875706672668457,0.48879462480545044,-0.06314489990472794,0.5182035565376282,0.5291974544525146,-0.037505537271499634,0.408200740814209,0.5335255861282349,-0.0547318197786808,0.343056857585907,0.5383380651473999,-0.06296661496162415,0.2925516963005066,0.5410778522491455,-0.06835377216339111,0.5214885473251343,0.5895640850067139,-0.047457266598939896,0.43723413348197937,0.6305353045463562,-0.064470574259758,0.46454566717147827,0.6466631889343262,-0.061001311987638474,0.4946911036968231,0.645672619342804,-0.0547100193798542,0.5328800678253174,0.6576270461082458,-0.056845925748348236,0.4986487030982971,0.6885164976119995,-0.07029599696397781,0.5259947180747986,0.6911669969558716,-0.0651126280426979,0.552121102809906,0.6801069974899292,-0.05740618705749512
0.6862972974777222,0.5531892776489258,1.209810704949632e-07,0.6312322020530701,0.45923876762390137,0.025381281971931458,0.5363438725471497,0.4473090171813965,0.02757624350488186,0.46421101689338684,0.5006874799728394,0.02432425506412983,0.4242570698261261,0.567130446434021,0.019837047904729843,0.4966028034687042,0.37753239274024963,-0.0031277495436370373,0.38751542568206787,0.4000623822212219,-0.009859694167971611,0.3295915722846985,0.4084852933883667,-0.017323464155197144,0.2767640948295593,0.4168519675731659,-0.024567706510424614,0.4892868995666504,0.4364236891269684,-0.02060314267873764,0.38153785467147827,0.46111297607421875,-0.022908393293619156,0.322908878326416,0.4751441478729248,-0.02819203771650791,0.27452552318573,0.48717761039733887,-0.036909524351358414,0.49230650067329407,0.50171959400177,-0.03277193382382393,0.42079484462738037,0.5474421977996826,-0.02491176500916481,0.458564430475235,0.5553311109542847,-0.015299844555556774,0.49173662066459656,0.552540123462677,-0.013159554451704025,0.5005515813827515,0.5648343563079834,-0.044030796736478806,0.4739874303340912,0.5875270962715149,-0.03515799716114998,0.503894567489624,0.5865753293037415,-0.02512517012655735,0.5275685787200928,0.5740101933479309,-0.019826078787446022
0.6724469661712646,0.5260586142539978,1.4153404492844857e-07,0.6180772185325623,0.42394307255744934,0.03681541979312897,0.5262484550476074,0.41389375925064087,0.04964178428053856,0.45829281210899353,0.4552522301673889,0.05546988174319267,0.41914185881614685,0.5146448612213135,0.05880662798881531,0.4669443964958191,0.3557955026626587,0.019264085218310356,0.3591258227825165,0.3815408945083618,0.02557080239057541,0.3015707731246948,0.3908451795578003,0.02705225721001625,0.2508466839790344,0.39979231357574463,0.026397719979286194,0.45619723200798035,0.41437703371047974,0.00012845348101109266,0.3450568616390228,0.44700703024864197,0.012108375318348408,0.2883443832397461,0.4608860909938812,0.01449889037758112,0.24435988068580627,0.4695743918418884,0.0114110317081213,0.4579387605190277,0.47895175218582153,-0.013689778745174408,0.37861302495002747,0.5379743576049805,0.0038369963876903057,0.38261139392852783,0.5554261207580566,0.009275290183722973,0.3921608030796051,0.5582304000854492,0.00666082976385951,0.4685837924480438,0.5412923097610474,-0.025506695732474327,0.43657952547073364,0.5667288303375244,-0.010300724767148495,0.46347370743751526,0.5656333565711975,-0.0003978370223194361,0.49082881212234497,0.5533692836761475,0.004157109651714563
0.6484761238098145,0.509801983833313,4.238143702650632e-08,0.591605007648468,0.4059180021286011,0.04983646050095558,0.501158595085144,0.386951744556427,0.07084256410598755,0.4352802336215973,0.4153406322002411,0.08074585348367691,0.4020063579082489,0.4646987318992615,0.08798430114984512,0.4372958838939667,0.33910420536994934,0.03830936178565025,0.32910972833633423,0.3644781708717346,0.04691118374466896,0.2715391516685486,0.3729178309440613,0.05100244656205177,0.2209945023059845,0.37810760736465454,0.05337170511484146,0.4246582090854645,0.3907177150249481,0.015031393617391586,0.3171302378177643,0.4266844093799591,0.03068399429321289,0.26004350185394287,0.4432459771633148,0.03555208444595337,0.2142937183380127,0.4571508467197418,0.035133734345436096,0.42522114515304565,0.451793372631073,-0.0029862886294722557,0.37060582637786865,0.5176985263824463,0.02040509320795536,0.4039291739463806,0.5291411876678467,0.027025291696190834,0.43340063095092773,0.5254254341125488,0.026578504592180252,0.4322682321071625,0.5166388750076294,-0.018616782501339912,0.4085876941680908,0.5512471795082092,0.004563608672469854,0.4336443841457367,0.5556498765945435,0.014532163739204407,0.45538079738616943,0.549095869064331,0.019212523475289345
0.5849513411521912,0.4366248548030853,1.0854505738677744e-08,0.536402702331543,0.33213189244270325,0.046983279287815094,0.4447649121284485,0.31551820039749146,0.07094723731279373,0.37686726450920105,0.34588900208473206,0.08681540191173553,0.3462965786457062,0.4004851281642914,0.09810470789670944,0.3696058392524719,0.27992579340934753,0.038261134177446365,0.2676633596420288,0.31259670853614807,0.054761145263910294,0.21111677587032318,0.3291674256324768,0.06357546150684357,0.16223634779453278,0.3406903147697449,0.06728988140821457,0.35288354754447937,0.3259499967098236,0.017758792266249657,0.2532104253768921,0.37904173135757446,0.04085990786552429,0.20254404842853546,0.4053877890110016,0.05342456325888634,0.16141833364963531,0.41662028431892395,0.05872078984975815,0.352286696434021,0.38585320115089417,0.0017446880228817463,0.2748565375804901,0.44549456238746643,0.026871327310800552,0.2303474396467209,0.46756187081336975,0.029353801161050797,0.19324642419815063,0.47298118472099304,0.02261265181005001,0.36314424872398376,0.4521103799343109,-0.01144060306251049,0.34166160225868225,0.4930984377861023,0.009228670038282871,0.36217832565307617,0.5032821893692017,0.018868468701839447,0.3847509026527405,0.5024045705795288,0.02204897440969944
0.5670434832572937,0.4285220205783844,1.0509365466759846e-07,0.5180439352989197,0.3193801939487457,0.06331951171159744,0.4314616620540619,0.3007965087890625,0.09126131236553192,0.365666925907135,0.3260040879249573,0.1031210795044899,0.3329817056655884,0.37598350644111633,0.11097931861877441,0.3557479977607727,0.2618984580039978,0.07417544722557068,0.25587043166160583,0.30251845717430115,0.10060985386371613,0.20227155089378357,0.3225858807563782,0.11559351533651352,0.15405069291591644,0.3338954746723175,0.12234435975551605,0.33533430099487305,0.30007582902908325,0.04339109733700752,0.23380829393863678,0.34162676334381104,0.07372938096523285,0.17938940227031708,0.354615181684494,0.08490912616252899,0.13732901215553284,0.36196616291999817,0.08739430457353592,0.3325088620185852,0.3534206748008728,0.017024172469973564,0.2739607095718384,0.4427907168865204,0.04606420546770096,0.31225109100341797,0.47087204456329346,0.04953461512923241,0.34550896286964417,0.47105225920677185,0.04534067586064339,0.3386927843093872,0.41768544912338257,-0.005956572946161032,0.3108236491680145,0.4857901930809021,0.015914203599095345,0.3461824953556061,0.4998336434364319,0.021433081477880478,0.37877386808395386,0.4963577091693878,0.0219053216278553
0.5762149095535278,0.4203793704509735,-3.412025861848633e-08,0.5220694541931152,0.31081336736679077,0.04724877327680588,0.4284096360206604,0.2952485680580139,0.07011394947767258,0.3616754114627838,0.32904064655303955,0.08094816654920578,0.32859885692596436,0.38643354177474976,0.08829063177108765,0.35808733105659485,0.25624239444732666,0.056241225451231,0.25730064511299133,0.29686444997787476,0.075505830347538,0.20244969427585602,0.31664860248565674,0.08477392792701721,0.15212105214595795,0.3253612518310547,0.08749228715896606,0.3402447998523712,0.30049124360084534,0.03410667926073074,0.24498280882835388,0.36114412546157837,0.05691931024193764,0.194939523935318,0.38617387413978577,0.06212836503982544,0.1538711041212082,0.40018534660339355,0.060245439410209656,0.3384609818458557,0.35719627141952515,0.015709711238741875,0.2854183614253998,0.442300021648407,0.03548799455165863,0.32880282402038574,0.4637000560760498,0.03275316208600998,0.3652852475643158,0.46285760402679443,0.025525201112031937,0.34455999732017517,0.42104119062423706,-2.6605857783579268e-05,0.32679659128189087,0.48367154598236084,0.011162908747792244,0.3631395697593689,0.4954269826412201,0.009368768893182278,0.39414364099502563,0.49095115065574646,0.006041760090738535
0.6503568291664124,0.4040607213973999,1.3842069712666216e-08,0.5861653685569763,0.31658652424812317,0.03220631927251816,0.4911777377128601,0.3169785141944885,0.04079650342464447,0.4210091233253479,0.37678125500679016,0.040641117841005325,0.38413000106811523,0.44211792945861816,0.03871995210647583,0.4351302683353424,0.24316011369228363,0.02384280227124691,0.3284485638141632,0.27993863821029663,0.028148356825113297,0.27188292145729065,0.2941647469997406,0.029506782069802284,0.22111085057258606,0.3044673800468445,0.028990628197789192,0.425901859998703,0.293856143951416,0.004817501176148653,0.32264816761016846,0.34533822536468506,0.012144630774855614,0.2668391466140747,0.36916905641555786,0.011610402725636959,0.22059473395347595,0.3865969479084015,0.008291886188089848,0.4316788911819458,0.35377469658851624,-0.010232987813651562,0.38611671328544617,0.43791481852531433,0.0013109748251736164,0.4276440143585205,0.4457249045372009,0.0010851939441636205,0.4600956439971924,0.43256431818008423,-0.0019992238376289606,0.4437696635723114,0.4180215895175934,-0.02360011450946331,0.4308435320854187,0.4712172746658325,-0.01173144206404686,0.46611306071281433,0.4731786251068115,-0.0074710603803396225,0.49371424317359924,0.4572824537754059,-0.005767113529145718
0.7232131361961365,0.39380890130996704,1.3881141569527244e-07,0.6619787812232971,0.3164532780647278,0.015169013291597366,0.5658299922943115,0.30217912793159485,0.011611953377723694,0.4886925518512726,0.35888612270355225,0.0016426404472440481,0.44202014803886414,0.41735270619392395,-0.007987585850059986,0.5314110517501831,0.207559734582901,0.0031214701011776924,0.4222337603569031,0.2301180362701416,-0.0082823121920228,0.362842321395874,0.2372349202632904,-0.016225308179855347,0.30960631370544434,0.2406061291694641,-0.023441076278686523,0.5197203755378723,0.24480241537094116,-0.014758658595383167,0.4063921868801117,0.2824721336364746,-0.026696445420384407,0.3439403772354126,0.2988038659095764,-0.035811103880405426,0.2893678545951843,0.3048047423362732,-0.04415709152817726,0.5198243260383606,0.2983686923980713,-0.030212203040719032,0.4514690041542053,0.389109343290329,-0.03809962049126625,0.49345171451568604,0.40950512886047363,-0.03710409998893738,0.5256510376930237,0.3971978724002838,-0.03659374639391899,0.5248972773551941,0.36339929699897766,-0.045421816408634186,0.5033239722251892,0.43967384099960327,-0.05248593911528587,0.538880467414856,0.4458701014518738,-0.052532318979501724,0.5637627840042114,0.4236588478088379,-0.051887065172195435
0.7513526082038879,0.4467902183532715,2.905956648646679e-07,0.7009913325309753,0.34454333782196045,0.003947127144783735,0.5988633632659912,0.29710373282432556,-0.011122415773570538,0.49763283133506775,0.3389362692832947,-0.02935819700360298,0.43416720628738403,0.3836057782173157,-0.04720618203282356,0.5728552341461182,0.17100456357002258,-0.03871133178472519,0.43226006627082825,0.15886256098747253,-0.07282613962888718,0.3527600169181824,0.14376917481422424,-0.09472474455833435,0.2834065556526184,0.13254281878471375,-0.10998079925775528,0.5667862892150879,0.2172064483165741,-0.057593248784542084,0.41215741634368896,0.217115119099617,-0.09340228140354156,0.32061338424682617,0.21268579363822937,-0.11564108729362488,0.24740025401115417,0.20403864979743958,-0.13178789615631104,0.565702497959137,0.2874637246131897,-0.07226239144802094,0.44243812561035156,0.36134931445121765,-0.09991373866796494,0.486609548330307,0.3962080180644989,-0.09039197117090225,0.5292366147041321,0.39017561078071594,-0.07869545370340347,0.5655745267868042,0.37154248356819153,-0.08699948340654373,0.49509313702583313,0.4399242699146271,-0.10582166910171509,0.5324685573577881,0.45834752917289734,-0.09649977833032608,0.5660746097564697,0.4393109977245331,-0.08536870032548904
0.7486008405685425,0.4793493151664734,1.6007254188821207e-08,0.6886413097381592,0.356027215719223,0.02333083003759384,0.5805410742759705,0.3046759366989136,0.012575061991810799,0.47635510563850403,0.3479493260383606,-0.00394571665674448,0.4065588116645813,0.4090302586555481,-0.024296510964632034,0.5447682738304138,0.18697887659072876,-0.03597352281212807,0.4015951156616211,0.1902228593826294,-0.06187522038817406,0.321416974067688,0.18689078092575073,-0.08297835290431976,0.2507113814353943,0.1827915906906128,-0.09898766875267029,0.543111264705658,0.2475549280643463,-0.060272108763456345,0.3882964849472046,0.2617279887199402,-0.08016461133956909,0.3007509708404541,0.2644207775592804,-0.09537917375564575,0.22905182838439941,0.2634020745754242,-0.11238184571266174,0.54691082239151,0.32724636793136597,-0.0770631656050682,0.42364415526390076,0.3930785655975342,-0.0833667740225792,0.4607469439506531,0.423341304063797,-0.07284227013587952,0.5012438893318176,0.4260338246822357,-0.06944585591554642,0.5513830780982971,0.4145449101924896,-0.09245719015598297,0.4831305742263794,0.4662802815437317,-0.09491871297359467,0.5178421139717102,0.4756622314453125,-0.0824592337012291,0.5555534958839417,0.46076035499572754,-0.07405323535203934
0.7383005619049072,0.4935683310031891,1.973077523587108e-08,0.6721218824386597,0.38234803080558777,0.015340101905167103,0.5629240870475769,0.3422335386276245,-0.0008214861154556274,0.4560215473175049,0.39228764176368713,-0.02076614275574684,0.38392823934555054,0.4490484595298767,-0.042927201837301254,0.5244657397270203,0.22040987014770508,-0.04413115978240967,0.37901124358177185,0.23596954345703125,-0.07488730549812317,0.29608649015426636,0.24600261449813843,-0.1000155657529831,0.2232692837715149,0.2522408664226532,-0.11922003328800201,0.5267531275749207,0.2817820906639099,-0.0654933974146843,0.36737605929374695,0.30563825368881226,-0.09024082124233246,0.27754729986190796,0.3165048062801361,-0.1082712933421135,0.20380347967147827,0.3217800557613373,-0.12784706056118011,0.5328788757324219,0.3622434735298157,-0.07994157075881958,0.4003748297691345,0.4261215329170227,-0.09097395092248917,0.4407200813293457,0.456396222114563,-0.07653281837701797,0.4836686849594116,0.46088168025016785,-0.07000689953565598,0.539813756942749,0.447475403547287,-0.09387900680303574,0.4674631953239441,0.5010490417480469,-0.10013168305158615,0.5015663504600525,0.5113438963890076,-0.08606084436178207,0.5373715162277222,0.49691852927207947,-0.07614611089229584
0.7189987897872925,0.4992152452468872,-7.476199925804394e-08,0.6445866227149963,0.38497409224510193,0.024079976603388786,0.5332701802253723,0.3562164604663849,0.015741391107439995,0.4319550395011902,0.40732434391975403,0.0018866551108658314,0.36383509635925293,0.4628785252571106,-0.015486269257962704,0.4909406900405884,0.2452867031097412,-0.026019103825092316,0.3546231985092163,0.26323217153549194,-0.046457353979349136,0.27752503752708435,0.28113076090812683,-0.064809150993824,0.21169787645339966,0.2919023931026459,-0.07967853546142578,0.49908608198165894,0.30001527070999146,-0.050213396549224854,0.3491344451904297,0.3357990086078644,-0.06418945640325546,0.26384246349334717,0.3541088402271271,-0.07774730026721954,0.19542667269706726,0.3658389449119568,-0.09532272815704346,0.5118569731712341,0.3743821382522583,-0.06794953346252441,0.38546645641326904,0.44905540347099304,-0.07329261302947998,0.39472153782844543,0.4945475459098816,-0.06770101934671402,0.4190390110015869,0.5219078660011292,-0.06900288909673691,0.5231577754020691,0.4587975740432739,-0.08417628705501556,0.4386137127876282,0.5334317684173584,-0.08795566111803055,0.44212841987609863,0.5610601902008057,-0.08102983236312866,0.4594951868057251,0.5696123242378235,-0.07769918441772461
0.7062636613845825,0.5139317512512207,-1.0686639484447369e-07,0.638044536113739,0.42725029587745667,0.027282675728201866,0.5444694757461548,0.4118556082248688,0.022181672975420952,0.4649331867694855,0.4607115685939789,0.010024970397353172,0.42022138833999634,0.5083155035972595,-0.005254765506833792,0.5006099939346313,0.32357630133628845,-0.015566941350698471,0.38498184084892273,0.3537352681159973,-0.03197305276989937,0.3238532841205597,0.3686816990375519,-0.045753128826618195,0.2675023078918457,0.37793678045272827,-0.05713449791073799,0.5053409934043884,0.3666667938232422,-0.03823845088481903,0.3797256350517273,0.4175155758857727,-0.05018389970064163,0.31313806772232056,0.4442262649536133,-0.05923550948500633,0.25777289271354675,0.45954635739326477,-0.07140310108661652,0.5177233219146729,0.42739391326904297,-0.05478644371032715,0.431169718503952,0.5062702894210815,-0.05363433435559273,0.4634588956832886,0.5239487290382385,-0.04161441698670387,0.4934944808483124,0.5165114998817444,-0.038511011749506,0.5309474468231201,0.4935206472873688,-0.07028773427009583,0.48668697476387024,0.5536044239997864,-0.0655042752623558,0.5148776173591614,0.5588234066963196,-0.05260073393583298,0.5422903895378113,0.5417214035987854,-0.045512136071920395
0.6673431396484375,0.5076754689216614,-2.6741904690652518e-08,0.6159924864768982,0.43362876772880554,0.02089630253612995,0.5416156649589539,0.42300349473953247,0.01977282389998436,0.47776347398757935,0.4646609425544739,0.012490137480199337,0.44224533438682556,0.5116137266159058,0.0032596001401543617,0.5043264031410217,0.35721555352211,-0.000787320313975215,0.4107160270214081,0.3858855068683624,-0.008521517738699913,0.363678514957428,0.400696337223053,-0.014371628873050213,0.3195216655731201,0.41002973914146423,-0.01937686651945114,0.5002169013023376,0.3920476734638214,-0.017977407202124596,0.4018648862838745,0.4339628517627716,-0.02408556081354618,0.35101425647735596,0.45400550961494446,-0.03018033318221569,0.307194322347641,0.46629244089126587,-0.03722348436713219,0.5052796602249146,0.4393336772918701,-0.031246501952409744,0.4559388756752014,0.5139984488487244,-0.03213351219892502,0.4882819950580597,0.5264297723770142,-0.031163768842816353,0.5135655403137207,0.5152150988578796,-0.03252088278532028,0.5124582648277283,0.4917014539241791,-0.04336424171924591,0.49280667304992676,0.5433516502380371,-0.041412826627492905,0.5212154388427734,0.5489962697029114,-0.036955803632736206,0.5437566637992859,0.534142255783081,-0.03471451625227928
0.6467902064323425,0.5230666995048523,6.272473740409623e-08,0.6056606769561768,0.44888028502464294,0.011326945386826992,0.5399571657180786,0.4310617446899414,0.008505644276738167,0.48391979932785034,0.46344438195228577,0.0018458040431141853,0.4534221291542053,0.5058442950248718,-0.006001731846481562,0.5078525543212891,0.37917542457580566,-0.009196230210363865,0.4224991202354431,0.39975911378860474,-0.020306428894400597,0.3788267970085144,0.4101904630661011,-0.027000030502676964,0.3408222794532776,0.41689252853393555,-0.03127270191907883,0.5020133852958679,0.41417378187179565,-0.021551454439759254,0.41258561611175537,0.4418705105781555,-0.031268514692783356,0.36657246947288513,0.45398712158203125,-0.037504345178604126,0.32900893688201904,0.45933252573013306,-0.04281565546989441,0.5033024549484253,0.4588800370693207,-0.03099956177175045,0.453985333442688,0.5165287852287292,-0.036907754838466644,0.47817814350128174,0.532295286655426,-0.03482610732316971,0.4998784363269806,0.5289974808692932,-0.032725077122449875,0.5068420171737671,0.5081352591514587,-0.040003880858421326,0.4848635196685791,0.5464383363723755,-0.04118705168366432,0.5064492225646973,0.5542356967926025,-0.036093179136514664,0.5251543521881104,0.5470343232154846,-0.03168455883860588
0.6339167356491089,0.5396998524665833,1.1283500356285003e-07,0.6025245189666748,0.4587297737598419,0.00626574968919158,0.5397627353668213,0.43179982900619507,0.0011429114965721965,0.48223626613616943,0.4602881371974945,-0.005615186877548695,0.44721564650535583,0.500116765499115,-0.01325172558426857,0.51561439037323,0.38506919145584106,-0.01810566894710064,0.43228477239608765,0.39389777183532715,-0.03027263842523098,0.38783591985702515,0.4003239572048187,-0.03868463262915611,0.34898772835731506,0.4048137664794922,-0.04426918551325798,0.5064221024513245,0.4330572187900543,-0.02756037749350071,0.42024222016334534,0.4392370581626892,-0.03617726266384125,0.37381893396377563,0.4393688440322876,-0.04124268516898155,0.336222767829895,0.4387209117412567,-0.04644783213734627,0.5038025975227356,0.4846261441707611,-0.034078165888786316,0.44092199206352234,0.4999927878379822,-0.04019101336598396,0.4669138789176941,0.5075482130050659,-0.03478267788887024,0.4929589629173279,0.5105764269828796,-0.030199414119124413,0.5062276721000671,0.5350900292396545,-0.040265846997499466,0.4768429696559906,0.5383681654930115,-0.043456241488456726,0.4976670742034912,0.5403054356575012,-0.036376699805259705,0.5175356268882751,0.5381935238838196,-0.029783613979816437
0.6035065054893494,0.5315648317337036,1.8119743572242442e-07,0.5766561627388,0.45149919390678406,0.004677643068134785,0.5186634659767151,0.42343688011169434,-0.0020582834258675575,0.4608175754547119,0.4473775327205658,-0.009841891005635262,0.42314308881759644,0.4760664105415344,-0.017793716862797737,0.5038889646530151,0.3811749219894409,-0.022277526557445526,0.424076646566391,0.3753553330898285,-0.03408018872141838,0.3814821243286133,0.3754931092262268,-0.04060271009802818,0.3437093496322632,0.37661629915237427,-0.044914860278367996,0.49237722158432007,0.4276944696903229,-0.0309271439909935,0.4113768935203552,0.4171488285064697,-0.039906278252601624,0.3671901226043701,0.40999090671539307,-0.04414612799882889,0.33125361800193787,0.40664297342300415,-0.048794906586408615,0.48641476035118103,0.4776819348335266,-0.03658987209200859,0.42661798000335693,0.4754030108451843,-0.04230481758713722,0.4508603811264038,0.4796323776245117,-0.035723425447940826,0.4743152856826782,0.48544278740882874,-0.030690288171172142,0.48605597019195557,0.5238765478134155,-0.0419684462249279,0.46064332127571106,0.513943076133728,-0.044803641736507416,0.4800536036491394,0.5137802958488464,-0.03763533756136894,0.49789154529571533,0.515418529510498,-0.031284939497709274
0.5701220035552979,0.525218665599823,1.8602229090447508e-07,0.5438838601112366,0.45026668906211853,0.002198097761720419,0.4881543815135956,0.42469653487205505,-0.006534597836434841,0.43333935737609863,0.45340850949287415,-0.015728065744042397,0.39694124460220337,0.4846055805683136,-0.025415409356355667,0.47032085061073303,0.384414404630661,-0.03014374151825905,0.3915660083293915,0.38243377208709717,-0.0459170863032341,0.3481425344944,0.3849625587463379,-0.0547349750995636,0.310008704662323,0.3889649212360382,-0.059911902993917465,0.4605180025100708,0.43011027574539185,-0.03794937580823898,0.3802117705345154,0.4237331449985504,-0.04996393248438835,0.3355885148048401,0.4193764328956604,-0.05480608716607094,0.29891014099121094,0.4185939431190491,-0.059129685163497925,0.4563041627407074,0.478266179561615,-0.04268354922533035,0.40287280082702637,0.4781469702720642,-0.05091029033064842,0.4272894263267517,0.4810665547847748,-0.04469386488199234,0.4499720335006714,0.48556721210479736,-0.03905857726931572,0.45771297812461853,0.5231741666793823,-0.04717361181974411,0.43670275807380676,0.5137070417404175,-0.05105380341410637,0.4566722810268402,0.5128104090690613,-0.043471720069646835,0.4746624529361725,0.513767659664154,-0.03632345050573349
0.5727304816246033,0.5096921324729919,1.9911611559564335e-07,0.5447935461997986,0.43153059482574463,0.00037876557325944304,0.4842393398284912,0.40621426701545715,-0.009448199532926083,0.4257773756980896,0.44076207280158997,-0.01985328644514084,0.3887048363685608,0.4780457317829132,-0.03126245364546776,0.4701910614967346,0.3654271960258484,-0.031937722116708755,0.3870297074317932,0.367753803730011,-0.049145884811878204,0.34127384424209595,0.3706774115562439,-0.05864464491605759,0.30099526047706604,0.3736528754234314,-0.06413596868515015,0.4599321186542511,0.41430267691612244,-0.04027334228157997,0.3748530447483063,0.4117158353328705,-0.054735660552978516,0.32637351751327515,0.4090577960014343,-0.06103707477450371,0.28657066822052,0.40826350450515747,-0.06573442369699478,0.45583897829055786,0.46534138917922974,-0.045747000724077225,0.40055859088897705,0.47106289863586426,-0.05861996114253998,0.4268079996109009,0.4748154282569885,-0.05507759004831314,0.45163339376449585,0.4770750105381012,-0.049834366887807846,0.4567308723926544,0.5140396952629089,-0.05074439197778702,0.433279812335968,0.5070220232009888,-0.05835495516657829,0.4548291563987732,0.505993127822876,-0.052043523639440536,0.47459185123443604,0.504288375377655,-0.045085687190294266
0.5905635952949524,0.5162416100502014,2.0687049584466877e-07,0.5610547065734863,0.4347028136253357,0.0016608191654086113,0.4980640113353729,0.40820688009262085,-0.009458161890506744,0.4335184097290039,0.44136032462120056,-0.02200070209801197,0.3899279236793518,0.47655603289604187,-0.03537975996732712,0.4826534390449524,0.3566443622112274,-0.031970713287591934,0.39303910732269287,0.3573949337005615,-0.0508233867585659,0.3437355160713196,0.36090517044067383,-0.061581678688526154,0.3007076382637024,0.36469167470932007,-0.06816467642784119,0.47230514883995056,0.40836793184280396,-0.043026138097047806,0.3802785873413086,0.4034273326396942,-0.05986125394701958,0.3268290162086487,0.40010085701942444,-0.06764929741621017,0.28436279296875,0.3969097435474396,-0.07341250777244568,0.4687238931655884,0.4644705355167389,-0.05108949542045593,0.4037401080131531,0.46919819712638855,-0.06619799137115479,0.4330720603466034,0.47789108753204346,-0.060899775475263596,0.4615302085876465,0.48116937279701233,-0.05426537245512009,0.47015252709388733,0.5188194513320923,-0.05872878432273865,0.44592607021331787,0.5139815807342529,-0.0694843977689743,0.46909740567207336,0.5145050883293152,-0.06337927281856537,0.48973724246025085,0.5097739100456238,-0.05596860870718956
0.6296413540840149,0.5248844623565674,2.4966308842522267e-07,0.5906965136528015,0.4250936806201935,0.010351804085075855,0.5139418840408325,0.3974555432796478,0.001083618262782693,0.4412733316421509,0.4373478591442108,-0.009715516120195389,0.39604461193084717,0.48698267340660095,-0.02248622663319111,0.4976330101490021,0.34905198216438293,-0.037103597074747086,0.3946493864059448,0.35033950209617615,-0.05210921913385391,0.3384188115596771,0.3557624816894531,-0.060587819665670395,0.28934839367866516,0.36255040764808655,-0.06667249649763107,0.4880330264568329,0.41163554787635803,-0.04978683590888977,0.38264644145965576,0.4068484604358673,-0.0617559477686882,0.32557412981987,0.40263691544532776,-0.06652164459228516,0.28104686737060547,0.3992811441421509,-0.07276870310306549,0.4857521653175354,0.4757642149925232,-0.05712061747908592,0.40060752630233765,0.47862955927848816,-0.0647285133600235,0.4219840168952942,0.48480308055877686,-0.05724035203456879,0.4504474401473999,0.49056920409202576,-0.05269555747509003,0.48959869146347046,0.5332697033882141,-0.06316297501325607,0.4599899649620056,0.5216075778007507,-0.0687587782740593,0.4841514527797699,0.514667272567749,-0.06135018914937973,0.5105912685394287,0.5059009194374084,-0.05502884089946747
0.6509413123130798,0.5260133147239685,1.6833020310969005e-07,0.6097188591957092,0.41413620114326477,0.01703745499253273,0.535466194152832,0.37391361594200134,0.010251947678625584,0.45953547954559326,0.39694035053253174,0.0005201225867494941,0.4095168113708496,0.4385025203227997,-0.011783605441451073,0.5045042634010315,0.32293158769607544,-0.03343202546238899,0.38814711570739746,0.3287818133831024,-0.05355058237910271,0.3229858875274658,0.3353688418865204,-0.06746384501457214,0.2678808271884918,0.3426767885684967,-0.07650081813335419,0.4952666759490967,0.38636812567710876,-0.049912597984075546,0.37517157196998596,0.38612186908721924,-0.06424969434738159,0.30705392360687256,0.38680192828178406,-0.0716550350189209,0.2565763294696808,0.38860195875167847,-0.07974288612604141,0.49266815185546875,0.45719262957572937,-0.06107231602072716,0.38853001594543457,0.47416967153549194,-0.06884878873825073,0.39217865467071533,0.4979264438152313,-0.0611848384141922,0.4130023121833801,0.5136281251907349,-0.055912893265485764,0.4940057396888733,0.5264557003974915,-0.07051042467355728,0.4299968481063843,0.5424928069114685,-0.07318642735481262,0.4269755482673645,0.5512900948524475,-0.0639953538775444,0.4344843626022339,0.5497032403945923,-0.056167006492614746
0.6568230390548706,0.5509744882583618,1.9982389076744766e-08,0.6127387285232544,0.42961952090263367,0.03898800164461136,0.5373471975326538,0.3888823986053467,0.04274372756481171,0.4596887528896332,0.403697669506073,0.03952060639858246,0.4100087583065033,0.44117048382759094,0.03359135612845421,0.49946701526641846,0.33403655886650085,-0.013003273867070675,0.3820911943912506,0.33925697207450867,-0.027442947030067444,0.31565234065055847,0.3467887341976166,-0.04266079515218735,0.25707632303237915,0.3545345067977905,-0.05489277094602585,0.4901193082332611,0.40351590514183044,-0.03656367212533951,0.36715608835220337,0.405121386051178,-0.042721912264823914,0.29655399918556213,0.4055856466293335,-0.04953381046652794,0.24171563982963562,0.41025295853614807,-0.06132200360298157,0.48686572909355164,0.48106977343559265,-0.05249660834670067,0.38669902086257935,0.4904278516769409,-0.04162944108247757,0.4191572070121765,0.496170312166214,-0.020783396437764168,0.4569661021232605,0.49737346172332764,-0.012708984315395355,0.4883987009525299,0.5535100698471069,-0.06658153980970383,0.42626288533210754,0.5524860620498657,-0.05343079939484596,0.44536617398262024,0.5511590242385864,-0.03371412679553032,0.4696173667907715,0.5396470427513123,-0.021840548142790794
0.6383309960365295,0.5258417129516602,8.14257319348144e-08,0.5969684720039368,0.4085560142993927,0.02807675302028656,0.5188380479812622,0.3630520701408386,0.02866959013044834,0.44002220034599304,0.37847527861595154,0.024401893839240074,0.3904721736907959,0.4183758497238159,0.017916256561875343,0.48653727769851685,0.3058152198791504,-0.01675337925553322,0.3672157824039459,0.31116005778312683,-0.02945767156779766,0.30156025290489197,0.3175131678581238,-0.04171721264719963,0.24627795815467834,0.3210863173007965,-0.05105621740221977,0.4746682345867157,0.375791072845459,-0.0348685197532177,0.35329145193099976,0.37559521198272705,-0.03974783048033714,0.2872210443019867,0.3733638525009155,-0.046274684369564056,0.23676688969135284,0.37146005034446716,-0.0561179481446743,0.4703810513019562,0.44995662569999695,-0.04628068208694458,0.38063013553619385,0.45796602964401245,-0.039976831525564194,0.41271257400512695,0.4706261456012726,-0.027442578226327896,0.4491162598133087,0.4772408902645111,-0.02291782572865486,0.4732707440853119,0.5173691511154175,-0.05611531436443329,0.4327138066291809,0.5156271457672119,-0.04821952059864998,0.4603191614151001,0.5211085677146912,-0.034297291189432144,0.4891584515571594,0.518072783946991,-0.02509804628789425
0.6538290977478027,0.48965075612068176,1.2551107886338286e-07,0.6173084378242493,0.3792792558670044,0.008394296281039715,0.537650465965271,0.3266640603542328,-0.0003053121326956898,0.45467957854270935,0.33654943108558655,-0.011011399328708649,0.3993556797504425,0.3636118769645691,-0.023830680176615715,0.5097525715827942,0.2684720754623413,-0.03556716814637184,0.3876071870326996,0.2712588906288147,-0.054947543889284134,0.32090285420417786,0.27693015336990356,-0.06690963357686996,0.2635640799999237,0.2805403172969818,-0.07501300424337387,0.4963688850402832,0.3340366780757904,-0.04984581470489502,0.37129664421081543,0.3339194059371948,-0.06680022925138474,0.30223190784454346,0.3370557427406311,-0.0764228105545044,0.24999482929706573,0.3378341794013977,-0.0848216563463211,0.4910849630832672,0.4076553285121918,-0.05934102088212967,0.40113747119903564,0.42312365770339966,-0.07404125481843948,0.4365202486515045,0.44089218974113464,-0.06878544390201569,0.47610166668891907,0.4444565176963806,-0.06319579482078552,0.49175330996513367,0.4790254235267639,-0.06765949726104736,0.4561665654182434,0.49545973539352417,-0.07911967486143112,0.4873073399066925,0.5039312839508057,-0.07290369272232056,0.5182657241821289,0.49596840143203735,-0.06546290218830109
0.6674190163612366,0.48967552185058594,6.696119925209132e-08,0.6289737820625305,0.37789276242256165,0.022346733137965202,0.5495399832725525,0.33373627066612244,0.01577228493988514,0.46321743726730347,0.36008697748184204,0.004782046657055616,0.4105251729488373,0.40103068947792053,-0.008781133219599724,0.5203719735145569,0.2595522403717041,-0.03243407607078552,0.39546841382980347,0.2652316987514496,-0.051994435489177704,0.32712608575820923,0.26951542496681213,-0.06722478568553925,0.2697274684906006,0.2706511616706848,-0.07894547283649445,0.510820209980011,0.32691019773483276,-0.05214562267065048,0.38396546244621277,0.3269294798374176,-0.06759484857320786,0.3129209876060486,0.3271349370479584,-0.07865876704454422,0.2590562701225281,0.32691478729248047,-0.09088032692670822,0.5058392286300659,0.40306559205055237,-0.06492544710636139,0.4133819043636322,0.41697582602500916,-0.06849993020296097,0.4497675597667694,0.43296894431114197,-0.055081769824028015,0.48834356665611267,0.4375181794166565,-0.04846066236495972,0.5057684779167175,0.47645848989486694,-0.07626120746135712,0.46536940336227417,0.4900551438331604,-0.07550434023141861,0.49461981654167175,0.5018913745880127,-0.06154961138963699,0.5239007472991943,0.49808740615844727,-0.05167318508028984
0.6768624186515808,0.5047962665557861,8.409373464246528e-08,0.6375515460968018,0.3892539143562317,0.017343560233712196,0.5528267025947571,0.34292253851890564,0.006793942768126726,0.46177297830581665,0.36972200870513916,-0.006344504654407501,0.4041975438594818,0.41465023159980774,-0.02229183353483677,0.5286412239074707,0.27055445313453674,-0.044274501502513885,0.40151694416999817,0.2739351987838745,-0.06446446478366852,0.33180665969848633,0.2799285054206848,-0.07908070087432861,0.272786021232605,0.2812638580799103,-0.09039752185344696,0.51958829164505,0.3428473472595215,-0.062248408794403076,0.38792088627815247,0.33971190452575684,-0.07797969877719879,0.3159588575363159,0.3379973769187927,-0.0876612588763237,0.26123082637786865,0.3361126184463501,-0.09961257874965668,0.5152334570884705,0.4203694462776184,-0.07297393679618835,0.41131591796875,0.43027520179748535,-0.07961106300354004,0.4466526210308075,0.44645988941192627,-0.06785915791988373,0.4875900447368622,0.4542194604873657,-0.062269844114780426,0.5153508186340332,0.4923314154148102,-0.0820954442024231,0.4649474024772644,0.5040812492370605,-0.08574365079402924,0.4938734173774719,0.5137037038803101,-0.0736415684223175,0.5258595943450928,0.5103725790977478,-0.06478101015090942
0.6733610033988953,0.5015606880187988,6.506491700974948e-08,0.6355311274528503,0.38848790526390076,0.012957778759300709,0.5488335490226746,0.34578901529312134,0.0008977932739071548,0.45721709728240967,0.3796866834163666,-0.01348759513348341,0.4001937210559845,0.4259609580039978,-0.031017852947115898,0.5276221632957458,0.26819196343421936,-0.04293086379766464,0.39968058466911316,0.27333205938339233,-0.06283720582723618,0.33018654584884644,0.2811381220817566,-0.07740629464387894,0.2711508274078369,0.2827172875404358,-0.08859767019748688,0.517743706703186,0.34026214480400085,-0.05987568572163582,0.3858889937400818,0.339144229888916,-0.07502523064613342,0.31535834074020386,0.34079039096832275,-0.08406089246273041,0.2601681649684906,0.3404541313648224,-0.09512099623680115,0.5137284994125366,0.4181468188762665,-0.07047875970602036,0.4130397439002991,0.43022871017456055,-0.08033435046672821,0.4518885016441345,0.4442523717880249,-0.07106048613786697,0.493476927280426,0.4502953886985779,-0.06600561738014221,0.5144936442375183,0.49295729398727417,-0.079591304063797,0.4632504880428314,0.4998394250869751,-0.08699235320091248,0.49430474638938904,0.5086405277252197,-0.07607373595237732,0.5268883109092712,0.5063934326171875,-0.0674891546368599
0.6636520624160767,0.49070215225219727,4.2880749617779657e-08,0.6263473629951477,0.38018202781677246,0.01779487356543541,0.5410070419311523,0.3374986946582794,0.012011807411909103,0.4514266550540924,0.3684168756008148,0.002378669334575534,0.3973218500614166,0.41860097646713257,-0.010294021107256413,0.5170364379882812,0.2585875689983368,-0.026359809562563896,0.39145147800445557,0.2635212540626526,-0.03834244981408119,0.3250502347946167,0.268510103225708,-0.04841872677206993,0.2679249346256256,0.26672157645225525,-0.0575219988822937,0.5051977038383484,0.3255152702331543,-0.04401683434844017,0.3775448799133301,0.3269590735435486,-0.05277927219867706,0.31087350845336914,0.3272658586502075,-0.05986896902322769,0.2577975392341614,0.32596921920776367,-0.0698329359292984,0.5012198090553284,0.40098851919174194,-0.055708881467580795,0.4086138904094696,0.4134199619293213,-0.06266757100820541,0.4478161334991455,0.4309154748916626,-0.05660271644592285,0.48794955015182495,0.44065698981285095,-0.05371757224202156,0.5034385323524475,0.47428128123283386,-0.06552662700414658,0.46007734537124634,0.472989022731781,-0.07283061742782593,0.4909336268901825,0.4813721477985382,-0.06578793376684189,0.5222301483154297,0.48150354623794556,-0.060046322643756866
0.6156410574913025,0.4705665707588196,1.082001830354784e-07,0.5710061192512512,0.36186113953590393,0.03820215165615082,0.4855829179286957,0.32460471987724304,0.04419257491827011,0.4036646783351898,0.3603668212890625,0.04387809708714485,0.34967702627182007,0.41568368673324585,0.039557214826345444,0.46546584367752075,0.23550595343112946,-0.00660709198564291,0.33963221311569214,0.2498852014541626,-0.0060274857096374035,0.27601879835128784,0.26104986667633057,-0.006060294806957245,0.2177349328994751,0.26560521125793457,-0.010091181844472885,0.45187216997146606,0.2982637882232666,-0.030581137165427208,0.3225938677787781,0.3068729341030121,-0.027392879128456116,0.25997933745384216,0.30969908833503723,-0.03018919564783573,0.20878270268440247,0.30746230483055115,-0.03962787985801697,0.44706952571868896,0.3756667375564575,-0.046650778502225876,0.36527591943740845,0.3931855261325836,-0.04396674409508705,0.38737374544143677,0.40769389271736145,-0.04249723628163338,0.4126545786857605,0.4174981117248535,-0.04644837975502014,0.44784224033355713,0.4516809284687042,-0.05875581502914429,0.4273700416088104,0.44674789905548096,-0.061862945556640625,0.4595532715320587,0.44654548168182373,-0.06060108542442322,0.48832669854164124,0.4427507519721985,-0.061483051627874374
0.5822038650512695,0.4447382092475891,8.709804433237878e-08,0.5330754518508911,0.3252928853034973,0.030223282054066658,0.4377531409263611,0.28763842582702637,0.03377949818968773,0.35129350423812866,0.3304934799671173,0.03140033408999443,0.30038565397262573,0.395294725894928,0.025919999927282333,0.40659019351005554,0.20161449909210205,-0.004225590266287327,0.2831107974052429,0.21830379962921143,-0.004982186481356621,0.21752871572971344,0.22809821367263794,-0.007824091240763664,0.15764963626861572,0.23245522379875183,-0.013782935217022896,0.3926924467086792,0.2692667245864868,-0.02594701759517193,0.26496005058288574,0.2882438004016876,-0.024134838953614235,0.19860684871673584,0.29208821058273315,-0.029374772682785988,0.14442500472068787,0.2904876470565796,-0.039947573095560074,0.39075082540512085,0.3493451476097107,-0.04091489315032959,0.3029854893684387,0.38407474756240845,-0.03988580405712128,0.3369365930557251,0.4023944139480591,-0.038760799914598465,0.3728865385055542,0.4102684259414673,-0.04154592379927635,0.3972320854663849,0.42720675468444824,-0.053004924207925797,0.36778539419174194,0.4347790479660034,-0.05744146183133125,0.40137314796447754,0.4351649284362793,-0.0555838868021965,0.43394938111305237,0.42648372054100037,-0.05480603873729706
0.6140724420547485,0.42009198665618896,9.140070034163728e-08,0.5688726902008057,0.2958095967769623,0.030397959053516388,0.48126697540283203,0.2529686391353607,0.02613724209368229,0.3927561044692993,0.29403063654899597,0.015189528465270996,0.3316647708415985,0.351034551858902,0.001629681559279561,0.4461577236652374,0.16972360014915466,-0.022880462929606438,0.3121948540210724,0.17469391226768494,-0.03550448641180992,0.24320411682128906,0.18259675800800323,-0.04412320628762245,0.18208688497543335,0.18738681077957153,-0.05218994989991188,0.43245476484298706,0.23958975076675415,-0.04755505174398422,0.2954527735710144,0.24806144833564758,-0.05737052112817764,0.22407712042331696,0.2463400959968567,-0.06495755910873413,0.1687958836555481,0.24232399463653564,-0.07608558982610703,0.42713725566864014,0.320543497800827,-0.06465891748666763,0.33788201212882996,0.34246766567230225,-0.06559866666793823,0.37443527579307556,0.36059823632240295,-0.053923141211271286,0.4116116166114807,0.3711298108100891,-0.04955945909023285,0.42782413959503174,0.3964173197746277,-0.07977820932865143,0.404203861951828,0.39507928490638733,-0.07909119874238968,0.437961608171463,0.3936394453048706,-0.06886883080005646,0.46810662746429443,0.3858712911605835,-0.062482453882694244
0.8102687001228333,0.4071294069290161,-8.578569321571194e-08,0.755008339881897,0.3169497549533844,0.001693917904049158,0.6727423667907715,0.26434266567230225,-0.01889471523463726,0.5827560424804688,0.2887996733188629,-0.041761863976716995,0.5212448835372925,0.3230937719345093,-0.06688837707042694,0.6652493476867676,0.13983774185180664,-0.052994415163993835,0.5331709384918213,0.1384158432483673,-0.0913335457444191,0.4586923122406006,0.1325981765985489,-0.11900291591882706,0.3960581421852112,0.12505555152893066,-0.13775905966758728,0.6723043322563171,0.19123879075050354,-0.07195466011762619,0.5241925716400146,0.19581517577171326,-0.10703598707914352,0.4416787624359131,0.1984887719154358,-0.12813903391361237,0.37620067596435547,0.1932772397994995,-0.14500129222869873,0.6792414784431458,0.2624477744102478,-0.0864977017045021,0.5530713200569153,0.3089277446269989,-0.11450274288654327,0.5764288902282715,0.33765044808387756,-0.10752353072166443,0.6089714765548706,0.33602696657180786,-0.09937943518161774,0.6801731586456299,0.34243273735046387,-0.10046268254518509,0.5962608456611633,0.37981897592544556,-0.11836160719394684,0.6153774857521057,0.39454829692840576,-0.10615789890289307,0.6459059119224548,0.3829362988471985,-0.09403502941131592
0.8856430053710938,0.42311400175094604,-1.7135222663000604e-07,0.8267324566841125,0.33836495876312256,0.001797846402041614,0.7443042397499084,0.28752315044403076,-0.018574608489871025,0.6594762802124023,0.3050948977470398,-0.04157046601176262,0.6139115691184998,0.3319782018661499,-0.0659247562289238,0.7497419714927673,0.14823047816753387,-0.04589448496699333,0.6266449689865112,0.14437229931354523,-0.08360157161951065,0.5549153089523315,0.13591405749320984,-0.11383312195539474,0.4939884841442108,0.1266966462135315,-0.13610854744911194,0.7629888653755188,0.19413749873638153,-0.06646452099084854,0.6240045428276062,0.20011138916015625,-0.10216924548149109,0.5401847958564758,0.20136579871177673,-0.12619663774967194,0.4711553454399109,0.1986863613128662,-0.14652536809444427,0.7732108235359192,0.26227760314941406,-0.08341864496469498,0.6427563428878784,0.31173548102378845,-0.10925881564617157,0.6672908067703247,0.3424707055091858,-0.10152923315763474,0.701012909412384,0.3421146869659424,-0.0949205607175827,0.7769910097122192,0.3393329679965973,-0.1006171852350235,0.6845574378967285,0.38064369559288025,-0.11627022176980972,0.7001394033432007,0.398387610912323,-0.10428458452224731,0.7292070388793945,0.38766443729400635,-0.09399577975273132
0.9153677225112915,0.43050241470336914,-2.3233631907260133e-07,0.8547325730323792,0.3532649874687195,0.0033005583100020885,0.7745991945266724,0.30741456151008606,-0.013905487954616547,0.6946957111358643,0.32396867871284485,-0.03449876978993416,0.6448197960853577,0.34465014934539795,-0.056085240095853806,0.7630763649940491,0.15920275449752808,-0.02943500317633152,0.6462612152099609,0.16874921321868896,-0.06383153796195984,0.5790688991546631,0.17006680369377136,-0.09307626634836197,0.5204927921295166,0.16718731820583344,-0.11381237953901291,0.7759217023849487,0.19714635610580444,-0.0484260618686676,0.6435027718544006,0.22155919671058655,-0.07770449668169022,0.5670707821846008,0.23042161762714386,-0.09808327257633209,0.5035513639450073,0.2301744818687439,-0.11582399904727936,0.7877424359321594,0.2570197284221649,-0.06555038690567017,0.6691899299621582,0.3284169137477875,-0.08743163198232651,0.6927513480186462,0.3584628105163574,-0.08332547545433044,0.7249581813812256,0.3550269305706024,-0.0800662711262703,0.7945126295089722,0.32963985204696655,-0.08331558853387833,0.7152540683746338,0.3912402093410492,-0.09770100563764572,0.7328976392745972,0.40951794385910034,-0.08983197063207626,0.7620297074317932,0.3955536484718323,-0.08277339488267899
0.940407931804657,0.43349167704582214,-2.0139009393460583e-07,0.8583592176437378,0.38995829224586487,0.0072328876703977585,0.7777221202850342,0.35983872413635254,-0.008282061666250229,0.7103633284568787,0.37725427746772766,-0.028662962839007378,0.6600897908210754,0.383350133895874,-0.048931971192359924,0.7695657014846802,0.20136743783950806,-0.020814966410398483,0.6566824913024902,0.21827322244644165,-0.05235234647989273,0.5939615964889526,0.22447186708450317,-0.07881616055965424,0.5387863516807556,0.22838006913661957,-0.0977427288889885,0.7828962802886963,0.2239215075969696,-0.04157273471355438,0.654644250869751,0.25942462682724,-0.07052753120660782,0.5818072557449341,0.27892059087753296,-0.09051311016082764,0.5224593877792358,0.2879718244075775,-0.10797542333602905,0.7958216071128845,0.27127042412757874,-0.060359880328178406,0.6895320415496826,0.3606081008911133,-0.07845146954059601,0.7198472023010254,0.39229297637939453,-0.06897316873073578,0.7517719864845276,0.38419243693351746,-0.06364178657531738,0.8053486943244934,0.33681097626686096,-0.08014436066150665,0.7374237179756165,0.4168893098831177,-0.09115435928106308,0.7632666230201721,0.43467649817466736,-0.0801382064819336,0.7932856678962708,0.41476112604141235,-0.07199057191610336
0.943291425704956,0.430512011051178,-2.0912129627959075e-07,0.8647394180297852,0.38464680314064026,0.007729949429631233,0.7819419503211975,0.355405330657959,-0.006243645679205656,0.7125629186630249,0.37538909912109375,-0.024723459035158157,0.6643632054328918,0.3847218155860901,-0.04332562908530235,0.7736145257949829,0.2039777636528015,-0.020810415968298912,0.6600697040557861,0.22054573893547058,-0.051760874688625336,0.5962026119232178,0.22610481083393097,-0.07762064039707184,0.5404660105705261,0.22991225123405457,-0.09645538032054901,0.7874372005462646,0.22574076056480408,-0.041511524468660355,0.658250093460083,0.2610263228416443,-0.06992512196302414,0.5847768783569336,0.2803044617176056,-0.0900898352265358,0.5249722599983215,0.2895863652229309,-0.1078234314918518,0.8009377121925354,0.2719162702560425,-0.06009986624121666,0.6932206749916077,0.3594149351119995,-0.07883758842945099,0.7235831618309021,0.39150363206863403,-0.07018968462944031,0.7553778886795044,0.3834419846534729,-0.06530843675136566,0.8107541799545288,0.3370232582092285,-0.07943524420261383,0.7409457564353943,0.4182739555835724,-0.09197588264942169,0.7664900422096252,0.436603307723999,-0.08204233646392822,0.796178936958313,0.4173015356063843,-0.07455016672611237
0.9348074197769165,0.43185189366340637,-1.6959813819994451e-07,0.8820088505744934,0.35131484270095825,0.004459840711206198,0.7991523146629333,0.3125724494457245,-0.013249006122350693,0.7161208987236023,0.33961009979248047,-0.03337671980261803,0.6608631610870361,0.36587563157081604,-0.055237818509340286,0.7840527892112732,0.18716245889663696,-0.03841802850365639,0.6631394624710083,0.19828595221042633,-0.07051117718219757,0.5947410464286804,0.2035411298274994,-0.09584774821996689,0.5365650653839111,0.20485958456993103,-0.11401669681072235,0.7926476001739502,0.22574171423912048,-0.05572756007313728,0.6559151411056519,0.2530151903629303,-0.08306771516799927,0.5790619850158691,0.26657605171203613,-0.10051631927490234,0.5161618590354919,0.2721809148788452,-0.11664745211601257,0.8018309473991394,0.28610989451408386,-0.06962324678897858,0.6831667423248291,0.34642189741134644,-0.08942435681819916,0.7062788009643555,0.374558687210083,-0.08168810606002808,0.7361741662025452,0.3735530972480774,-0.07635921984910965,0.806551456451416,0.35888123512268066,-0.08339141309261322,0.7276474237442017,0.4123342037200928,-0.09736214578151703,0.7407959699630737,0.42301902174949646,-0.08846154063940048,0.7634004354476929,0.4058305621147156,-0.08086193352937698
0.8859836459159851,0.4746364653110504,-1.0422907337215293e-07,0.8546816110610962,0.35368984937667847,-0.0064577097073197365,0.7636521458625793,0.29166707396507263,-0.03509976342320442,0.6550266146659851,0.32577618956565857,-0.06309495866298676,0.5850735306739807,0.36545220017433167,-0.09457234293222427,0.7712104320526123,0.1802876889705658,-0.07886070013046265,0.6192764639854431,0.1744050532579422,-0.11952310055494308,0.5370013117790222,0.1792411208152771,-0.1479564905166626,0.4679301977157593,0.17871680855751038,-0.1680905818939209,0.7626221179962158,0.26319703459739685,-0.09600188583135605,0.5990393161773682,0.2538968622684479,-0.13236269354820251,0.5064763426780701,0.25495603680610657,-0.1528933346271515,0.42971697449684143,0.2527654469013214,-0.17220371961593628,0.7548534870147705,0.3516439199447632,-0.10770118236541748,0.6138392686843872,0.35734888911247253,-0.13863104581832886,0.6530743837356567,0.3730209767818451,-0.12937021255493164,0.697622537612915,0.3742921054363251,-0.12143715471029282,0.7442688941955566,0.43926119804382324,-0.11882375925779343,0.6470125913619995,0.4332590103149414,-0.14314712584018707,0.6773861646652222,0.4369185268878937,-0.13112406432628632,0.717106819152832,0.42611223459243774,-0.12000526487827301
0.8497520089149475,0.49393516778945923,-1.8901096243695292e-09,0.820117712020874,0.36277762055397034,-0.008061578497290611,0.7263848781585693,0.2901877164840698,-0.0403219498693943,0.6136678457260132,0.32546836137771606,-0.07029884308576584,0.5427646040916443,0.378948837518692,-0.10500689595937729,0.7374338507652283,0.19857579469680786,-0.10083373636007309,0.5796884298324585,0.18479181826114655,-0.14537188410758972,0.4917013347148895,0.18834848701953888,-0.17403694987297058,0.41923174262046814,0.18973198533058167,-0.1929943561553955,0.7293094992637634,0.2925110459327698,-0.1180100068449974,0.555704653263092,0.2717011272907257,-0.15780611336231232,0.45592719316482544,0.2655910849571228,-0.17718034982681274,0.37379321455955505,0.26168519258499146,-0.19529598951339722,0.7192147374153137,0.38953885436058044,-0.12807852029800415,0.5692218542098999,0.38049647212028503,-0.1610802412033081,0.6063899397850037,0.38722625374794006,-0.15009383857250214,0.6508929133415222,0.3900485634803772,-0.14020687341690063,0.7049413919448853,0.48183193802833557,-0.13702060282230377,0.5977526307106018,0.456060528755188,-0.16117189824581146,0.627970278263092,0.4522641897201538,-0.14521275460720062,0.6697407364845276,0.4451654851436615,-0.13083261251449585
0.7955360412597656,0.5302112698554993,1.3740387316829583e-07,0.7730600237846375,0.3773043751716614,-0.00836415309458971,0.6822775602340698,0.29829075932502747,-0.04201584681868553,0.5712100267410278,0.32742416858673096,-0.07328443229198456,0.49995535612106323,0.3791818618774414,-0.10852345824241638,0.6773487329483032,0.22949260473251343,-0.10610001534223557,0.5202314853668213,0.21300111711025238,-0.1530720442533493,0.43556082248687744,0.21207168698310852,-0.18256421387195587,0.36434102058410645,0.20744924247264862,-0.201853945851326,0.6600837111473083,0.3308769762516022,-0.1213381364941597,0.4943823218345642,0.3046860098838806,-0.1630658060312271,0.40045320987701416,0.2930488586425781,-0.17942947149276733,0.32371413707733154,0.2851937711238861,-0.1948869824409485,0.6446096301078796,0.4281783103942871,-0.12957945466041565,0.5044946670532227,0.4026200771331787,-0.1611015647649765,0.5475152730941772,0.4033215343952179,-0.14594927430152893,0.5958282947540283,0.40763968229293823,-0.13343550264835358,0.6306832432746887,0.5148469805717468,-0.137569859623909,0.544610857963562,0.4755040407180786,-0.16114777326583862,0.580773115158081,0.4630000591278076,-0.14669132232666016,0.6224330067634583,0.45091712474823,-0.13317619264125824
0.7220640778541565,0.5437231063842773,1.505634728005134e-08,0.6824545860290527,0.42112985253334045,0.019734077155590057,0.5987216830253601,0.3815699815750122,0.0034444699995219707,0.5061773061752319,0.42627185583114624,-0.015695512294769287,0.4411315619945526,0.47304078936576843,-0.03835747018456459,0.5771728157997131,0.29795005917549133,-0.059462770819664,0.4469985365867615,0.3062225580215454,-0.08475834876298904,0.3789445459842682,0.3144877552986145,-0.10287448018789291,0.3182283043861389,0.31761905550956726,-0.11685344576835632,0.5656390190124512,0.3766953945159912,-0.08057262003421783,0.43107712268829346,0.38195693492889404,-0.09920281916856766,0.3607029318809509,0.3852382302284241,-0.10796069353818893,0.30219751596450806,0.3850809633731842,-0.12097766250371933,0.5604009628295898,0.4573458433151245,-0.09308213740587234,0.4614068865776062,0.4640440046787262,-0.0967664048075676,0.499043732881546,0.47440534830093384,-0.08009552210569382,0.5353889465332031,0.47845232486724854,-0.07446055859327316,0.5604565739631653,0.531724214553833,-0.10422894358634949,0.5183614492416382,0.5269752740859985,-0.10574962198734283,0.5507388114929199,0.524699330329895,-0.09079575538635254,0.5819277167320251,0.5144703388214111,-0.0815739631652832
0.6932001113891602,0.5354698896408081,6.290553500321039e-08,0.6569961309432983,0.4193814992904663,0.014997558668255806,0.5728422403335571,0.38127467036247253,0.006260911002755165,0.48576605319976807,0.42173612117767334,-0.005211045499891043,0.42750707268714905,0.47198110818862915,-0.020890602841973305,0.5547671318054199,0.30790603160858154,-0.03270306438207626,0.4401949644088745,0.31719934940338135,-0.04525303468108177,0.37796562910079956,0.3237382471561432,-0.055570632219314575,0.32187312841415405,0.3258763551712036,-0.06519535928964615,0.5434342622756958,0.37625959515571594,-0.04937133565545082,0.4254165589809418,0.38396239280700684,-0.05934599041938782,0.365294873714447,0.38776499032974243,-0.06686995178461075,0.31626927852630615,0.38546982407569885,-0.07787486910820007,0.5386820435523987,0.44955968856811523,-0.05995858088135719,0.4378761649131775,0.4599709212779999,-0.06873662769794464,0.45468375086784363,0.47228124737739563,-0.06494106352329254,0.47799763083457947,0.48104214668273926,-0.06532654166221619,0.5385979413986206,0.519049346446991,-0.06838597357273102,0.4963940978050232,0.5114907026290894,-0.07870738953351974,0.5243202447891235,0.5073220729827881,-0.07379144430160522,0.5558612942695618,0.4993521571159363,-0.07031113654375076
0.6576807498931885,0.5380316972732544,-3.419384242420165e-08,0.6230331659317017,0.4304976463317871,0.026487533003091812,0.5530421137809753,0.3912550210952759,0.02405441552400589,0.48082733154296875,0.4080606698989868,0.016773400828242302,0.43489110469818115,0.448268860578537,0.005939517170190811,0.5246144533157349,0.328702837228775,-0.02262512966990471,0.41990023851394653,0.33756089210510254,-0.03271862491965294,0.36416229605674744,0.3433667719364166,-0.04392450675368309,0.31370317935943604,0.34341520071029663,-0.05468188598752022,0.5171148180961609,0.3915064334869385,-0.042010802775621414,0.40905675292015076,0.39944756031036377,-0.0471651554107666,0.351365864276886,0.4037424921989441,-0.053260404616594315,0.3054431080818176,0.4059074819087982,-0.06468218564987183,0.5139913558959961,0.4612695276737213,-0.05461767688393593,0.42967528104782104,0.4732280969619751,-0.04989762231707573,0.46183449029922485,0.485958069562912,-0.03743122145533562,0.4973220229148865,0.491997092962265,-0.03495826944708824,0.5137168169021606,0.5271607637405396,-0.0656634047627449,0.47000741958618164,0.531381368637085,-0.06205068528652191,0.49259740114212036,0.5363368988037109,-0.051136747002601624,0.5177872180938721,0.5310328006744385,-0.04562472179532051
0.6565496325492859,0.5382226705551147,-3.3650916719807356e-08,0.6221250891685486,0.4352719187736511,0.02170681394636631,0.5488010048866272,0.3985579311847687,0.018284214660525322,0.47532251477241516,0.42388930916786194,0.01074318028986454,0.4317067861557007,0.46963754296302795,-0.00031743431463837624,0.5245283246040344,0.33042070269584656,-0.022014396265149117,0.4209386110305786,0.34072113037109375,-0.03179970383644104,0.3655846416950226,0.34695112705230713,-0.04234485700726509,0.3162387013435364,0.3466828167438507,-0.05222732573747635,0.5165404677391052,0.3910212814807892,-0.03937860205769539,0.41035139560699463,0.4006602168083191,-0.04494599997997284,0.35285940766334534,0.40580570697784424,-0.05215885862708092,0.30704718828201294,0.40770387649536133,-0.06349919736385345,0.512854814529419,0.4574952721595764,-0.05058613792061806,0.4296762943267822,0.4770086407661438,-0.0487474761903286,0.4608747661113739,0.4928921163082123,-0.04050568491220474,0.49527496099472046,0.49998268485069275,-0.03954552114009857,0.5115559101104736,0.5218885540962219,-0.060328997671604156,0.46750470995903015,0.5328274965286255,-0.05889121815562248,0.4907033145427704,0.5414212942123413,-0.050003234297037125,0.516456663608551,0.53847336769104,-0.04528133198618889
0.6461974382400513,0.5486540794372559,-7.22094881666635e-08,0.609569251537323,0.45376113057136536,0.013778776861727238,0.5351157188415527,0.4113766849040985,0.002816461957991123,0.4540101885795593,0.43243876099586487,-0.010123387910425663,0.40063899755477905,0.46293750405311584,-0.025982260704040527,0.5183644890785217,0.3345586657524109,-0.040024153888225555,0.4107360243797302,0.34268561005592346,-0.06002838537096977,0.3513376712799072,0.348041832447052,-0.07574182003736496,0.29884350299835205,0.34841281175613403,-0.0880957618355751,0.5140981674194336,0.3887731432914734,-0.05597809702157974,0.39961978793144226,0.397901326417923,-0.07043257355690002,0.3364008963108063,0.40746212005615234,-0.07880618423223495,0.28590768575668335,0.41237401962280273,-0.09020460397005081,0.5114947557449341,0.4511646628379822,-0.06603538244962692,0.41686177253723145,0.4798712730407715,-0.06981229782104492,0.44748541712760925,0.49970296025276184,-0.05655315890908241,0.48203107714653015,0.5039538145065308,-0.05132356286048889,0.5090330243110657,0.515143871307373,-0.07522161304950714,0.45023927092552185,0.5401569604873657,-0.0766216591000557,0.47396114468574524,0.5502245426177979,-0.06384719908237457,0.5014990568161011,0.5442352890968323,-0.055625952780246735
0.5987316966056824,0.6261307597160339,4.0286366242980876e-08,0.5190204977989197,0.5492298603057861,-0.029662378132343292,0.47381335496902466,0.48253482580184937,-0.06441802531480789,0.4463273882865906,0.4588956832885742,-0.10070808231830597,0.45944568514823914,0.45087379217147827,-0.13832880556583405,0.5457947850227356,0.31996193528175354,-0.07005089521408081,0.46866610646247864,0.2591959238052368,-0.1268952339887619,0.41599661111831665,0.21215149760246277,-0.1691138595342636,0.36830276250839233,0.16938921809196472,-0.19997940957546234,0.5916697382926941,0.3491283059120178,-0.09024424850940704,0.47925472259521484,0.3020542562007904,-0.15590320527553558,0.40062040090560913,0.27186983823776245,-0.19285377860069275,0.3411749005317688,0.23928964138031006,-0.215157151222229,0.6198896169662476,0.4157539904117584,-0.11140982806682587,0.4891723394393921,0.44856932759284973,-0.15950529277324677,0.4901053309440613,0.5071362257003784,-0.14803668856620789,0.5160573720932007,0.5195615887641907,-0.13448812067508698,0.6269801259040833,0.5003920793533325,-0.13717113435268402,0.5143431425094604,0.5439246296882629,-0.16651077568531036,0.5145372748374939,0.5769401788711548,-0.15140418708324432,0.5403169989585876,0.5756390690803528,-0.13647794723510742
0.5661120414733887,0.6222624778747559,1.0090386695082998e-06,0.5032730102539062,0.5601748824119568,-0.04286323860287666,0.4646204710006714,0.461708128452301,-0.07702425122261047,0.4913214445114136,0.39944684505462646,-0.1122693195939064,0.5563206672668457,0.410038560628891,-0.14448857307434082,0.5720219016075134,0.32615265250205994,-0.07219173014163971,0.5890317559242249,0.19010110199451447,-0.1278020292520523,0.6036816239356995,0.094302237033844,-0.1648954600095749,0.6160844564437866,0.008543848991394043,-0.19091348350048065,0.6494063138961792,0.3479873836040497,-0.08724368363618851,0.6514330506324768,0.22332751750946045,-0.1478588879108429,0.6473108530044556,0.12222284078598022,-0.1838819831609726,0.6445302963256836,0.03395050764083862,-0.20062413811683655,0.703707218170166,0.4158915877342224,-0.10417157411575317,0.6210184693336487,0.46474820375442505,-0.15874753892421722,0.5520851612091064,0.5262995362281799,-0.1532716155052185,0.5127209424972534,0.5626393556594849,-0.13473865389823914,0.7283855676651001,0.5051838755607605,-0.12696881592273712,0.6298636794090271,0.5586488246917725,-0.15734782814979553,0.570034384727478,0.5918042063713074,-0.14238303899765015,0.5333983302116394,0.6098681092262268,-0.12234725058078766
0.5275309085845947,0.56777423620224,1.1459080724307569e-06,0.5057868957519531,0.4502151310443878,-0.03427061811089516,0.5457004308700562,0.326627641916275,-0.05816037580370903,0.626728892326355,0.3110181391239166,-0.0849367007613182,0.6954293847084045,0.32816892862319946,-0.11149261891841888,0.6664020419120789,0.24882936477661133,-0.05367151275277138,0.7605670690536499,0.14589469134807587,-0.10212602466344833,0.8234937191009521,0.07791849970817566,-0.13231347501277924,0.8805462121963501,0.024133026599884033,-0.15101151168346405,0.7093318104743958,0.31373828649520874,-0.06832044571638107,0.8117280602455139,0.19780327379703522,-0.11885442584753036,0.8833708167076111,0.12084287405014038,-0.1495981365442276,0.9466544985771179,0.06330513954162598,-0.16496261954307556,0.7263224124908447,0.39702433347702026,-0.08550757169723511,0.7442718744277954,0.34670546650886536,-0.1472746878862381,0.6637672781944275,0.3729071021080017,-0.15522488951683044,0.6056438088417053,0.40137821435928345,-0.14426085352897644,0.7189850211143494,0.4790177345275879,-0.10564643889665604,0.6815429925918579,0.4464017450809479,-0.15440639853477478,0.6112880706787109,0.45203664898872375,-0.15540200471878052,0.5643686056137085,0.46409863233566284,-0.14452363550662994
0.4659029245376587,0.5698976516723633,1.2061906318194815e-06,0.5129997730255127,0.46624311804771423,-0.06208393722772598,0.6097481846809387,0.42125236988067627,-0.08769655972719193,0.6963502168655396,0.4934128522872925,-0.10893194377422333,0.751051664352417,0.5619683265686035,-0.1282651722431183,0.7255263328552246,0.39603301882743835,-0.04905601590871811,0.8344560265541077,0.3825022280216217,-0.09381433576345444,0.910280704498291,0.3824465572834015,-0.12555432319641113,0.9743715524673462,0.3846812844276428,-0.14421707391738892,0.7327275276184082,0.47963058948516846,-0.0431070439517498,0.846550703048706,0.4592607319355011,-0.08506938070058823,0.9270342588424683,0.4575011134147644,-0.11056836694478989,0.9968204498291016,0.45978742837905884,-0.1215340867638588,0.7094768285751343,0.5592892169952393,-0.044934000819921494,0.7214542627334595,0.5795717239379883,-0.10141304135322571,0.6442267298698425,0.5585411787033081,-0.11381169408559799,0.5893077850341797,0.5366774797439575,-0.10450561344623566,0.6664386987686157,0.6254985332489014,-0.05228371173143387,0.6523223519325256,0.629601001739502,-0.10037530213594437,0.591912567615509,0.6006771326065063,-0.10589445382356644,0.5501565933227539,0.5701315402984619,-0.0971636101603508
0.42589902877807617,0.5161267518997192,8.610932695773954e-07,0.48122888803482056,0.4352032244205475,-0.03602094203233719,0.5798760652542114,0.4225546419620514,-0.051692984998226166,0.6538682579994202,0.4981234669685364,-0.06799506396055222,0.6993905901908875,0.5682158470153809,-0.0834970697760582,0.6719518303871155,0.4305461645126343,-0.031664539128541946,0.7820051312446594,0.44733428955078125,-0.06493184715509415,0.8502399921417236,0.4631393253803253,-0.08272667229175568,0.9062008857727051,0.4806738793849945,-0.09158895909786224,0.6652742028236389,0.5080339908599854,-0.03669785335659981,0.7843462228775024,0.523469090461731,-0.07242504507303238,0.8568620085716248,0.5403719544410706,-0.09132411330938339,0.9123796224594116,0.5593345165252686,-0.09797762334346771,0.6347337961196899,0.577144980430603,-0.04619092866778374,0.6727180480957031,0.5833001136779785,-0.09940367192029953,0.6114472150802612,0.5376734137535095,-0.10702061653137207,0.5651833415031433,0.5088328123092651,-0.09579415619373322,0.5911151170730591,0.6287051439285278,-0.05810515210032463,0.6032960414886475,0.606156587600708,-0.10056310892105103,0.5534531474113464,0.5565687417984009,-0.10053247958421707,0.5154721140861511,0.5239092707633972,-0.0894777700304985
0.29427018761634827,0.4611194431781769,6.293853402894456e-07,0.3531583547592163,0.3827093839645386,-0.02756587043404579,0.4584745168685913,0.3780241310596466,-0.036661297082901,0.5221043229103088,0.46274468302726746,-0.04796916991472244,0.5579281449317932,0.5372605919837952,-0.059165555983781815,0.5410853028297424,0.41177859902381897,-0.019472690299153328,0.6426291465759277,0.4331163167953491,-0.04758831486105919,0.7058770656585693,0.45147591829299927,-0.0639713779091835,0.758631706237793,0.4715285003185272,-0.07423121482133865,0.5320413112640381,0.4846862554550171,-0.028819184750318527,0.6427198648452759,0.5019021034240723,-0.060978375375270844,0.7088092565536499,0.5146719217300415,-0.08196515589952469,0.7618629336357117,0.5334707498550415,-0.09210372716188431,0.4983081519603729,0.5483462810516357,-0.04196248576045036,0.5504239201545715,0.5525022149085999,-0.09247303754091263,0.4931734800338745,0.49390360713005066,-0.10125613212585449,0.4480544328689575,0.4582960605621338,-0.09309780597686768,0.4523305892944336,0.5956118702888489,-0.05700384080410004,0.47164544463157654,0.5636526942253113,-0.1007561981678009,0.4270218014717102,0.5068668127059937,-0.1035521999001503,0.39059147238731384,0.474501371383667,-0.09553395211696625
0.16539472341537476,0.4056885540485382,6.814955213485518e-07,0.21694448590278625,0.322293221950531,-0.03847848251461983,0.3132132291793823,0.3043404817581177,-0.05208853259682655,0.3862402141094208,0.382973313331604,-0.06580916047096252,0.4367256760597229,0.4485411047935486,-0.07849141955375671,0.41567620635032654,0.32410919666290283,-0.02480464056134224,0.5222761631011963,0.3240247368812561,-0.05692140758037567,0.589294970035553,0.3301844596862793,-0.07619935274124146,0.6478462219238281,0.3372308015823364,-0.08699245750904083,0.4115310311317444,0.40211284160614014,-0.029928449541330338,0.5231090188026428,0.39811232686042786,-0.06534318625926971,0.5919243097305298,0.39468199014663696,-0.08753109723329544,0.6495581865310669,0.39919644594192505,-0.09656741470098495,0.38281822204589844,0.4715372622013092,-0.04050416871905327,0.4198647439479828,0.4589979350566864,-0.09737979620695114,0.35845622420310974,0.41606831550598145,-0.10838531702756882,0.3116844594478607,0.3953475058078766,-0.098358653485775,0.3402593731880188,0.5264779329299927,-0.05371543765068054,0.36094316840171814,0.49713313579559326,-0.09957794100046158,0.30804193019866943,0.45075228810310364,-0.10010090470314026,0.2635064125061035,0.4274996519088745,-0.08857207000255585
0.20582884550094604,0.31938302516937256,6.462526016548509e-07,0.24635152518749237,0.22606933116912842,-0.028957877308130264,0.3379057049751282,0.1935396045446396,-0.04283805191516876,0.411642462015152,0.25535303354263306,-0.05819849297404289,0.4625088572502136,0.31087198853492737,-0.07317639887332916,0.4387308657169342,0.2214909791946411,-0.02460545487701893,0.5331419110298157,0.21087267994880676,-0.05335990712046623,0.5950021743774414,0.21355262398719788,-0.07092493772506714,0.6486209630966187,0.22260186076164246,-0.08092302083969116,0.4357811212539673,0.29395613074302673,-0.03433755785226822,0.5420575141906738,0.2770650386810303,-0.06539999693632126,0.6082730293273926,0.26237577199935913,-0.08431509137153625,0.6623575687408447,0.25854989886283875,-0.09233980625867844,0.41189414262771606,0.3633790910243988,-0.04811824485659599,0.4547124207019806,0.3438395857810974,-0.098853200674057,0.396841824054718,0.29628676176071167,-0.10817169398069382,0.347805380821228,0.2716560959815979,-0.09953945130109787,0.3734647333621979,0.4213680028915405,-0.06356111168861389,0.3937334418296814,0.3792126774787903,-0.10228411853313446,0.3432624042034149,0.32826948165893555,-0.1009070873260498,0.29887184500694275,0.3014312982559204,-0.09035100787878036
0.234711155295372,0.26607057452201843,5.034402761339152e-07,0.2748206853866577,0.16860313713550568,-0.022590886801481247,0.37302166223526,0.12502604722976685,-0.03347713127732277,0.45075494050979614,0.17331936955451965,-0.04791316017508507,0.5026372075080872,0.23209765553474426,-0.061559781432151794,0.46929484605789185,0.1594771295785904,-0.009094803594052792,0.5558818578720093,0.14135661721229553,-0.035625431686639786,0.6108343601226807,0.13844606280326843,-0.05377398058772087,0.659098207950592,0.14554698765277863,-0.0654037594795227,0.47155845165252686,0.23029457032680511,-0.02109714224934578,0.5692249536514282,0.19977787137031555,-0.05176331475377083,0.6252559423446655,0.1777619570493698,-0.07208702713251114,0.6732025146484375,0.16873487830162048,-0.08140898495912552,0.4530228078365326,0.3012663424015045,-0.03700953349471092,0.49685803055763245,0.261661559343338,-0.08619292825460434,0.4283050000667572,0.2212408483028412,-0.08999544382095337,0.37563011050224304,0.20554400980472565,-0.07788588851690292,0.41757887601852417,0.35937929153442383,-0.054577749222517014,0.44088634848594666,0.2930198907852173,-0.09281662851572037,0.3844224810600281,0.25405701994895935,-0.08746001124382019,0.33887359499931335,0.2445705235004425,-0.07389610260725021
0.23073101043701172,0.2847037613391876,4.6723735636078345e-07,0.2716522812843323,0.1882380247116089,-0.02250067889690399,0.3738727867603302,0.1443011462688446,-0.031288690865039825,0.45441389083862305,0.19157615303993225,-0.04392131417989731,0.5033494234085083,0.2569212019443512,-0.05614929646253586,0.45862090587615967,0.18321573734283447,-0.0038080825470387936,0.549156665802002,0.16203829646110535,-0.02888665720820427,0.6042503714561462,0.1575532853603363,-0.04513923451304436,0.6535640954971313,0.16277673840522766,-0.055802084505558014,0.4602295160293579,0.25210651755332947,-0.015812793746590614,0.5664644241333008,0.22242511808872223,-0.04708290100097656,0.626537561416626,0.1995829939842224,-0.0679212361574173,0.6800065636634827,0.19017890095710754,-0.07725204527378082,0.4420839846134186,0.3231082856655121,-0.03203728049993515,0.5043264627456665,0.2894904613494873,-0.08535078167915344,0.4340972304344177,0.24475480616092682,-0.09003077447414398,0.3793318271636963,0.2258414477109909,-0.07686489820480347,0.4091761112213135,0.3851616084575653,-0.04953496903181076,0.44356685876846313,0.3207164704799652,-0.09230338782072067,0.3842504024505615,0.28100261092185974,-0.08847213536500931,0.33566048741340637,0.27215248346328735,-0.07501457631587982
0.24114234745502472,0.29791998863220215,4.3660782012011623e-07,0.28758758306503296,0.20440280437469482,-0.01871195249259472,0.39022117853164673,0.1689201295375824,-0.025411393493413925,0.4648980498313904,0.22056636214256287,-0.03666451945900917,0.5113721489906311,0.28040266036987305,-0.047927774488925934,0.47235214710235596,0.20616646111011505,0.0005174326361157,0.5622352361679077,0.18904948234558105,-0.023126982152462006,0.6178737878799438,0.1886315643787384,-0.038775332272052765,0.6671010255813599,0.19640177488327026,-0.04887131601572037,0.47234904766082764,0.2753486931324005,-0.012513061985373497,0.5774204730987549,0.24868640303611755,-0.04099632427096367,0.6360957622528076,0.22892343997955322,-0.06020325422286987,0.6869893670082092,0.22009773552417755,-0.06872150301933289,0.45242613554000854,0.34609708189964294,-0.02968098782002926,0.51577228307724,0.317579984664917,-0.08057887852191925,0.4482666254043579,0.27450037002563477,-0.08569907397031784,0.3941860795021057,0.2531965970993042,-0.07345666736364365,0.4179169833660126,0.4070667624473572,-0.04766964912414551,0.4551529586315155,0.34907567501068115,-0.08746891468763351,0.39822161197662354,0.31039923429489136,-0.08252954483032227,0.35051870346069336,0.29985374212265015,-0.06897957623004913
0.3084425926208496,0.4695523679256439,5.265666231935029e-07,0.3606798052787781,0.3844216465950012,-0.024695660918951035,0.4649159908294678,0.36899709701538086,-0.032074201852083206,0.5409542918205261,0.43769821524620056,-0.04284190759062767,0.5911242961883545,0.5064659118652344,-0.05372536927461624,0.5308668613433838,0.3910033404827118,-0.004218207206577063,0.6163381338119507,0.3874712288379669,-0.029565824195742607,0.6786226630210876,0.39824020862579346,-0.047086939215660095,0.7342348098754883,0.4145602285861969,-0.05776487663388252,0.5295305848121643,0.4610764682292938,-0.012990659102797508,0.6290029287338257,0.44820496439933777,-0.039855312556028366,0.691491425037384,0.435185045003891,-0.05772718787193298,0.7434660792350769,0.43476688861846924,-0.06586285680532455,0.5095373392105103,0.5310248732566833,-0.027024323120713234,0.559319257736206,0.5292636156082153,-0.07467594742774963,0.5032081007957458,0.48039552569389343,-0.08356858044862747,0.458207368850708,0.45040082931518555,-0.07510484009981155,0.47865059971809387,0.5958437919616699,-0.04260636866092682,0.5119816660881042,0.5668867826461792,-0.07742427289485931,0.4685823619365692,0.5167893171310425,-0.0752696767449379,0.4327746033668518,0.48520976305007935,-0.06541145592927933
