0.6862255930900574,0.8508070707321167,3.637827603597543e-07,0.6563831567764282,0.7807117104530334,-0.020245155319571495,0.6498367190361023,0.6997694373130798,-0.012649673968553543,0.6579921245574951,0.6441420316696167,-0.004149314947426319,0.6636378169059753,0.5963265299797058,0.006922090891748667,0.6450057029724121,0.6774722337722778,0.03199923783540726,0.6406031847000122,0.6235334277153015,0.03621137887239456,0.6443493366241455,0.58974689245224,0.03806927427649498,0.6496507525444031,0.5609831213951111,0.039708755910396576,0.6721140742301941,0.6859747171401978,0.039733994752168655,0.6844825744628906,0.6344578266143799,0.04086500033736229,0.6980743408203125,0.605818510055542,0.037380754947662354,0.7109959721565247,0.5783166885375977,0.037478700280189514,0.6971940994262695,0.704678475856781,0.04066706821322441,0.7104252576828003,0.6777674555778503,0.023310579359531403,0.7011162638664246,0.7144579291343689,0.011245016008615494,0.6944441795349121,0.7342881560325623,0.010973475873470306,0.7213402390480042,0.7225150465965271,0.04043662175536156,0.7262781262397766,0.7009787559509277,0.023747801780700684,0.7157161235809326,0.7292519211769104,0.01567259058356285,0.7081796526908875,0.7461755871772766,0.014349563047289848
0.586658775806427,0.7450534105300903,7.00756345395348e-07,0.537379264831543,0.6828990578651428,-0.013684303499758244,0.517464816570282,0.5961949825286865,-0.011142566800117493,0.5282909870147705,0.5210059285163879,-0.011030777357518673,0.5334795713424683,0.46426546573638916,-0.009695223532617092,0.5196624994277954,0.5671205520629883,0.02218218520283699,0.5044200420379639,0.4975186884403229,0.018499145284295082,0.4982696771621704,0.45243340730667114,0.013951481319963932,0.49533018469810486,0.40631023049354553,0.010343893431127071,0.5545045137405396,0.5596584677696228,0.021213237196207047,0.5606008768081665,0.4886099100112915,0.011341743171215057,0.5675497055053711,0.4366806149482727,0.0015952200628817081,0.5749812722206116,0.38840657472610474,-0.002137143863365054,0.5888241529464722,0.5711163282394409,0.016012609004974365,0.5900927782058716,0.5243248343467712,-0.008977454155683517,0.5878661870956421,0.5856965780258179,-0.011217948980629444,0.5884909629821777,0.6313647031784058,-0.0022399236913770437,0.6228025555610657,0.5873146057128906,0.009845725260674953,0.6179543137550354,0.5449039936065674,-0.011418841779232025,0.6133877038955688,0.5880889296531677,-0.00898941420018673,0.6148701906204224,0.6211709976196289,-7.2754621214699e-05
0.5713222026824951,0.7121603488922119,6.434895567508647e-07,0.5151594281196594,0.6670374274253845,-0.018801836296916008,0.4917635917663574,0.5664804577827454,-0.018439603969454765,0.5089316368103027,0.47500741481781006,-0.01868516020476818,0.5116377472877502,0.4095557928085327,-0.01760845072567463,0.49861860275268555,0.5386255979537964,0.004594416823238134,0.4783475995063782,0.44952112436294556,-0.004631611984223127,0.47204673290252686,0.39708417654037476,-0.009009157307446003,0.47008684277534485,0.3461062014102936,-0.011615032330155373,0.5379881262779236,0.5269686579704285,0.005076968111097813,0.541951060295105,0.4322364330291748,-0.01163467112928629,0.5481446385383606,0.3746844530105591,-0.020169364288449287,0.5567901730537415,0.31817376613616943,-0.022069085389375687,0.5766106247901917,0.5359170436859131,0.0018856361275538802,0.5751397013664246,0.4769935607910156,-0.028298409655690193,0.568385899066925,0.5500834584236145,-0.023202233016490936,0.5691078901290894,0.6007278561592102,-0.008340058848261833,0.6156339645385742,0.5530921816825867,-0.0028458924498409033,0.6084567308425903,0.5017592906951904,-0.02721480280160904,0.6002775430679321,0.5513866543769836,-0.020068760961294174,0.5998541116714478,0.5859851241111755,-0.007417676970362663
0.6087396144866943,0.6555542945861816,6.741771017004794e-07,0.5487191677093506,0.5992135405540466,-0.018578961491584778,0.5272911190986633,0.5020585060119629,-0.015080809593200684,0.5427567958831787,0.41315844655036926,-0.012853827327489853,0.5442054867744446,0.3488158583641052,-0.0077717360109090805,0.5270267724990845,0.4748991131782532,0.020611850544810295,0.5088708400726318,0.38716769218444824,0.015138302929699421,0.5036242008209229,0.33475127816200256,0.011162963695824146,0.5015451312065125,0.28453555703163147,0.008854163810610771,0.5658380389213562,0.46504610776901245,0.021893560886383057,0.5710048079490662,0.37778347730636597,0.008044600486755371,0.5801228284835815,0.3173404932022095,-0.00309933559037745,0.5908301472663879,0.2612362802028656,-0.007113600615411997,0.6032134294509888,0.4741000533103943,0.018197357654571533,0.6082562804222107,0.42776525020599365,-0.011934681795537472,0.6029514074325562,0.49150750041007996,-0.01416731160134077,0.6032142639160156,0.5398873090744019,-0.0038435086607933044,0.6405159831047058,0.4881402254104614,0.012907853350043297,0.6388401985168457,0.44483625888824463,-0.011692583560943604,0.6316709518432617,0.49076271057128906,-0.00907075870782137,0.629775881767273,0.5274543762207031,0.0005791130242869258
0.6181887984275818,0.6207166314125061,7.338770160458807e-07,0.5593467950820923,0.5574322938919067,-0.021746007725596428,0.5409226417541504,0.4667409658432007,-0.017856905236840248,0.5568728446960449,0.3845509886741638,-0.014749065972864628,0.5594731569290161,0.3220859169960022,-0.009180520661175251,0.5391864776611328,0.43787452578544617,0.02787661924958229,0.5248825550079346,0.35704803466796875,0.023401761427521706,0.5211666822433472,0.3058750033378601,0.017008638009428978,0.5219086408615112,0.2554837763309479,0.012524913996458054,0.5785773992538452,0.4340842366218567,0.03151087462902069,0.5870097279548645,0.3485981822013855,0.018320351839065552,0.5978350043296814,0.29128825664520264,0.004501580726355314,0.6121811270713806,0.23882681131362915,-0.001717178151011467,0.6168997287750244,0.4488045275211334,0.029269525781273842,0.6235260963439941,0.39486193656921387,-0.0024392115883529186,0.6185839772224426,0.4620010256767273,-0.007389221340417862,0.6186715364456177,0.5096859335899353,0.00142367382068187,0.6543662548065186,0.4656772315502167,0.02543882094323635,0.653096616268158,0.416069358587265,-0.0008095966186374426,0.6480964422225952,0.46421146392822266,0.00048265824443660676,0.6476845741271973,0.4992521107196808,0.009199408814311028
0.6246759295463562,0.6127287149429321,6.810753916397516e-07,0.5698880553245544,0.5487589836120605,-0.023807436227798462,0.5504606366157532,0.4491176903247833,-0.02121557667851448,0.5587429404258728,0.3631131052970886,-0.018139949068427086,0.5563957691192627,0.3017887771129608,-0.012008024379611015,0.5434086918830872,0.4295969307422638,0.016395168378949165,0.5299719572067261,0.340600848197937,0.011113718152046204,0.5291464924812317,0.28891733288764954,0.00615853164345026,0.531062126159668,0.23944146931171417,0.0025162321981042624,0.5822523832321167,0.42494896054267883,0.021543418988585472,0.5963568687438965,0.33855003118515015,0.009731823578476906,0.6130253076553345,0.2827598452568054,-0.0013819681480526924,0.6297430992126465,0.2291579693555832,-0.006908184848725796,0.6185807585716248,0.4388750195503235,0.021336952224373817,0.6309153437614441,0.3842315673828125,-0.005532214883714914,0.6275433301925659,0.4452466070652008,-0.008607791736721992,0.6260954141616821,0.48985663056373596,-0.0012962311739102006,0.6527376174926758,0.4564497470855713,0.018985942006111145,0.6579943895339966,0.4095791280269623,-0.004855407401919365,0.6522063612937927,0.45118844509124756,-0.005002410616725683,0.6493732929229736,0.4835113286972046,0.0011056268122047186
0.5853710770606995,0.625221848487854,7.92118612480408e-07,0.5311439037322998,0.5474902391433716,-0.028812909498810768,0.5147072672843933,0.44759759306907654,-0.023199837654829025,0.5246793627738953,0.3642139434814453,-0.016651684418320656,0.5234928131103516,0.29776591062545776,-0.00681918952614069,0.5029037594795227,0.4278346598148346,0.03128701075911522,0.49282780289649963,0.33699753880500793,0.03035317175090313,0.49358969926834106,0.2817901372909546,0.025927171111106873,0.49728500843048096,0.22965332865715027,0.022488676011562347,0.5436180233955383,0.42727386951446533,0.039888814091682434,0.5605080127716064,0.3395121097564697,0.031399838626384735,0.5794795751571655,0.2802637815475464,0.017321499064564705,0.5980453491210938,0.22754588723182678,0.009981931187212467,0.5812985301017761,0.4451978802680969,0.04114378243684769,0.5943419933319092,0.3914235532283783,0.011675581336021423,0.5907727479934692,0.4526076912879944,-0.0006523586926050484,0.5879027247428894,0.4957888424396515,0.0019774497486650944,0.6151925921440125,0.4625186324119568,0.040414270013570786,0.619672417640686,0.41380953788757324,0.013627296313643456,0.6138623356819153,0.4601755440235138,0.008138137869536877,0.6104698181152344,0.4946328103542328,0.011094825342297554
0.5807713866233826,0.6385172605514526,8.002419917829684e-07,0.5240296721458435,0.5532079935073853,-0.029035571962594986,0.5079935193061829,0.45381563901901245,-0.017954403534531593,0.5151197910308838,0.3733174800872803,-0.006028360687196255,0.5107373595237732,0.30728229880332947,0.00974632240831852,0.4946010410785675,0.44183456897735596,0.044626634567976,0.4822842478752136,0.35162243247032166,0.04649427533149719,0.4806601405143738,0.29317089915275574,0.04150407388806343,0.48300737142562866,0.23904642462730408,0.03714076429605484,0.5357117652893066,0.44374823570251465,0.05497979000210762,0.5525592565536499,0.3565974831581116,0.046828605234622955,0.5714834928512573,0.2922269105911255,0.027972431853413582,0.5905776023864746,0.2373589426279068,0.016997935250401497,0.5739474892616272,0.4608592987060547,0.05688239261507988,0.5897250175476074,0.40423908829689026,0.024559784680604935,0.5855213403701782,0.4640160799026489,0.0027734171599149704,0.5810446739196777,0.5086125135421753,-0.00018549100786913186,0.606681764125824,0.47378718852996826,0.05714977905154228,0.6135584712028503,0.4253096282482147,0.025826089084148407,0.6080196499824524,0.47108057141304016,0.011990158818662167,0.6035302877426147,0.5079340934753418,0.009343347512185574
0.5756468772888184,0.6361985802650452,7.426447723446472e-07,0.5222265124320984,0.5644700527191162,-0.027583662420511246,0.505010187625885,0.4616236388683319,-0.025699341669678688,0.5141456127166748,0.37047263979911804,-0.02314668707549572,0.5112113952636719,0.30390554666519165,-0.017290601506829262,0.49553152918815613,0.438724160194397,0.01707109808921814,0.4794437885284424,0.3406488299369812,0.010605687275528908,0.47571712732315063,0.28389355540275574,0.004197924397885799,0.4754546284675598,0.2293889969587326,-0.0008962694555521011,0.5370190143585205,0.43388986587524414,0.023141784593462944,0.5513788461685181,0.3428553342819214,0.008131508715450764,0.5692406892776489,0.2832828462123871,-0.005935206077992916,0.5866187214851379,0.22541287541389465,-0.013214394450187683,0.5751538872718811,0.45002275705337524,0.02342858724296093,0.588847815990448,0.3903312683105469,-0.007507300935685635,0.5844982862472534,0.4584254026412964,-0.010601235553622246,0.5806774497032166,0.507076621055603,-0.002182953990995884,0.6099982261657715,0.4704928994178772,0.02128114365041256,0.6166098713874817,0.4198675751686096,-0.006120632402598858,0.610434353351593,0.46608030796051025,-0.0059515065513551235,0.6058809757232666,0.5009560585021973,0.001318151829764247
0.5651194453239441,0.6456791162490845,5.899207167203713e-07,0.5117013454437256,0.5683213472366333,-0.012946530245244503,0.5023217797279358,0.47010496258735657,-0.008088224567472935,0.5267118811607361,0.38555407524108887,-0.006850547157227993,0.5323252081871033,0.3241192698478699,-0.0034649446606636047,0.5102684497833252,0.44085171818733215,0.028074994683265686,0.4957323968410492,0.35348930954933167,0.018757592886686325,0.48919758200645447,0.2995482385158539,0.00899121630936861,0.48693621158599854,0.24581032991409302,0.0017433282919228077,0.5508886575698853,0.4402725100517273,0.024075886234641075,0.5595380663871765,0.353323757648468,0.005220658611506224,0.5689842700958252,0.29553085565567017,-0.011628503911197186,0.5842119455337524,0.2409120798110962,-0.01999228447675705,0.5890613794326782,0.45904308557510376,0.015271257609128952,0.5934810638427734,0.4014880955219269,-0.018319247290492058,0.5795316100120544,0.4734742045402527,-0.01857784017920494,0.5753296613693237,0.5246240496635437,-0.006651756819337606,0.6272603869438171,0.48248299956321716,0.005076154135167599,0.6244322061538696,0.43032461404800415,-0.019653189927339554,0.6106662154197693,0.479749470949173,-0.013529010117053986,0.6061317324638367,0.5162991285324097,-0.0016701634740456939
0.5635182857513428,0.5975576043128967,-5.212743303673051e-07,0.5558438301086426,0.4843818247318268,0.03523075580596924,0.5745850205421448,0.4121749997138977,0.031437840312719345,0.6010643243789673,0.3612007200717926,0.012902629561722279,0.6155853271484375,0.30924609303474426,-0.007171637378633022,0.6565537452697754,0.4200197160243988,0.028976889327168465,0.6256684064865112,0.32933369278907776,0.0007681509596295655,0.6032063364982605,0.26964282989501953,-0.022030392661690712,0.5826876759529114,0.21877755224704742,-0.0381113737821579,0.6666275858879089,0.44800594449043274,-0.00978780910372734,0.602491021156311,0.3697659969329834,-0.03880830109119415,0.5737133622169495,0.41654419898986816,-0.042503949254751205,0.5791566371917725,0.4503616690635681,-0.042171869426965714,0.6639024615287781,0.47422999143600464,-0.050325147807598114,0.5966950058937073,0.3922845125198364,-0.07255782186985016,0.5714297294616699,0.44353538751602173,-0.052800387144088745,0.5835744738578796,0.4818462133407593,-0.03898359462618828,0.6548786759376526,0.4995447099208832,-0.09026515483856201,0.6050043702125549,0.43433699011802673,-0.10289895534515381,0.5804966688156128,0.46612951159477234,-0.0872768685221672,0.5880523920059204,0.49660250544548035,-0.07552991062402725
0.567028820514679,0.6257389783859253,-2.7389179990677803e-07,0.5708432793617249,0.5023260116577148,0.022173117846250534,0.6020091772079468,0.43863779306411743,0.004604655783623457,0.6228565573692322,0.3810049891471863,-0.024013539776206017,0.6380497217178345,0.3177971839904785,-0.05596807599067688,0.6748149991035461,0.4333663582801819,-0.01854400895535946,0.6509448885917664,0.32836103439331055,-0.047667112201452255,0.6394522786140442,0.26496946811676025,-0.06730727851390839,0.6261453032493591,0.20744992792606354,-0.08265020698308945,0.6723592877388,0.46875789761543274,-0.05314737558364868,0.626965343952179,0.3542161285877228,-0.09276381134986877,0.5877732038497925,0.28861498832702637,-0.10988936573266983,0.5589643120765686,0.23695401847362518,-0.12280704081058502,0.6533027291297913,0.5028290152549744,-0.08487583696842194,0.5898075103759766,0.4053657650947571,-0.10366645455360413,0.5685679912567139,0.45210352540016174,-0.0808989405632019,0.5733124613761902,0.4925093948841095,-0.06852984428405762,0.6312153339385986,0.529154360294342,-0.11721665412187576,0.5793876051902771,0.45423439145088196,-0.12275577336549759,0.562750518321991,0.4850274920463562,-0.10332410037517548,0.5695499777793884,0.5199108123779297,-0.09182094782590866
0.5642855763435364,0.6253995895385742,-3.1517274123871175e-07,0.5734728574752808,0.5058833360671997,0.021933311596512794,0.6009833812713623,0.437915563583374,0.0009236427140422165,0.6158166527748108,0.3769744336605072,-0.03044385276734829,0.627907395362854,0.3063308596611023,-0.06597647815942764,0.6785321235656738,0.42890018224716187,-0.027901500463485718,0.6506487131118774,0.3167092204093933,-0.05520216003060341,0.6386539340019226,0.24903546273708344,-0.07116780430078506,0.6248102784156799,0.19015809893608093,-0.08371931314468384,0.6700072288513184,0.4662226438522339,-0.06141551956534386,0.6156808137893677,0.34097298979759216,-0.09531980752944946,0.5724850296974182,0.27765583992004395,-0.10529282689094543,0.543711245059967,0.22381705045700073,-0.11400653421878815,0.6453648805618286,0.5017857551574707,-0.0915880799293518,0.5769181251525879,0.4000166654586792,-0.10647054761648178,0.5604231953620911,0.4483061134815216,-0.08357516676187515,0.5688543915748596,0.49080532789230347,-0.0725976973772049,0.6178672909736633,0.527503252029419,-0.12183551490306854,0.5643742680549622,0.45033785700798035,-0.12707385420799255,0.5531548261642456,0.4831511378288269,-0.10880813002586365,0.5638096332550049,0.5196622014045715,-0.0984543114900589
0.5553314089775085,0.6387156844139099,-3.9316657307608693e-07,0.5598908066749573,0.5180467963218689,0.00922564510256052,0.5902747511863708,0.4466114640235901,-0.006119199562817812,0.6110712289810181,0.3884083330631256,-0.028290683403611183,0.6268889307975769,0.32511216402053833,-0.05294625461101532,0.6729168891906738,0.4493471682071686,-0.02060043066740036,0.6486242413520813,0.3347741663455963,-0.04873557761311531,0.6333476305007935,0.27179741859436035,-0.06860960274934769,0.6192113757133484,0.217693492770195,-0.0830727368593216,0.6668827533721924,0.4815458357334137,-0.044798627495765686,0.6143105626106262,0.3536754846572876,-0.07815629988908768,0.5752072930335999,0.28806257247924805,-0.09374192357063293,0.5475520491600037,0.2358669936656952,-0.10607528686523438,0.6437622308731079,0.5123738050460815,-0.06786371767520905,0.5732763409614563,0.41231590509414673,-0.089918352663517,0.5568280220031738,0.4545576572418213,-0.07636705040931702,0.5634307861328125,0.4945013225078583,-0.06822703033685684,0.6147217154502869,0.5352261066436768,-0.09162767231464386,0.5616230964660645,0.45806822180747986,-0.10451424866914749,0.5494312047958374,0.48790451884269714,-0.09236373007297516,0.5580509305000305,0.5222837328910828,-0.08395867049694061
0.5348974466323853,0.626166820526123,-2.2738133509392355e-07,0.5182848572731018,0.5287520885467529,0.020188521593809128,0.5394791960716248,0.44777801632881165,0.02442101389169693,0.5680745840072632,0.39994439482688904,0.016065549105405807,0.5939069390296936,0.35702311992645264,0.0072477953508496284,0.6029448509216309,0.42541196942329407,0.039622485637664795,0.5940727591514587,0.3479883670806885,0.021500252187252045,0.5836061835289001,0.29483646154403687,0.005456723738461733,0.5727724432945251,0.2460130751132965,-0.006511671934276819,0.6235368251800537,0.4441567659378052,0.009330959059298038,0.6024447679519653,0.3565574884414673,-0.016597378998994827,0.5730237364768982,0.29746896028518677,-0.03424756973981857,0.5575696229934692,0.2467939853668213,-0.043511565774679184,0.637107789516449,0.47583475708961487,-0.023428555577993393,0.5850335359573364,0.41526827216148376,-0.052369125187397,0.5544484853744507,0.4716893434524536,-0.04313645884394646,0.5555734634399414,0.5111789703369141,-0.02978038787841797,0.6430036425590515,0.5153999328613281,-0.05661184340715408,0.601667046546936,0.45721954107284546,-0.07377719134092331,0.575560450553894,0.49502235651016235,-0.06017378717660904,0.5774229168891907,0.5275055170059204,-0.046380359679460526
0.523637056350708,0.6493939161300659,-7.256397793753422e-08,0.4846511781215668,0.5676177740097046,-0.002931087277829647,0.496115505695343,0.47026684880256653,0.002701429184526205,0.5316530466079712,0.4124074876308441,0.002526317024603486,0.5469617247581482,0.3644968271255493,0.002315866993740201,0.5305292010307312,0.4466089606285095,0.0254035796970129,0.5250924825668335,0.3622635006904602,0.01096622459590435,0.5151922106742859,0.30989766120910645,-0.0014018546789884567,0.5067182183265686,0.26224738359451294,-0.009133140556514263,0.5617053508758545,0.45732444524765015,0.014879729598760605,0.5690873861312866,0.37050914764404297,-0.009967231191694736,0.5612719655036926,0.30757877230644226,-0.029495034366846085,0.5557259917259216,0.2514822483062744,-0.03766968473792076,0.5910362005233765,0.4825174808502197,0.0010967643465846777,0.576129138469696,0.42143237590789795,-0.03519919142127037,0.5494617819786072,0.4846974015235901,-0.03924820199608803,0.5406894087791443,0.5314986109733582,-0.029563045129179955,0.6187915802001953,0.5169481635093689,-0.01294020377099514,0.6033946871757507,0.4577562212944031,-0.03849542886018753,0.5788143277168274,0.500163197517395,-0.03374093025922775,0.5736417174339294,0.5376366972923279,-0.023000182583928108
0.5398331880569458,0.6515491604804993,3.866713598199567e-07,0.4913744330406189,0.5791851878166199,-0.013943401165306568,0.4860430657863617,0.47522932291030884,-0.010436871089041233,0.5161231756210327,0.3949982821941376,-0.010385428555309772,0.5280945897102356,0.33128419518470764,-0.008776362985372543,0.5050008296966553,0.4435378909111023,0.02044469676911831,0.4928314983844757,0.3553272485733032,0.01014175359159708,0.48545002937316895,0.29925617575645447,0.0027542554307729006,0.4818230867385864,0.2464967966079712,-0.0022393744438886642,0.545484185218811,0.4456290602684021,0.015799589455127716,0.5514344573020935,0.35746538639068604,-0.0023432367015630007,0.5537348985671997,0.2986137568950653,-0.014897448010742664,0.5619444251060486,0.2430633008480072,-0.01984901912510395,0.5821561217308044,0.4674544632434845,0.006346575915813446,0.5770825743675232,0.41100648045539856,-0.02788727730512619,0.5569005012512207,0.4794263243675232,-0.02586800791323185,0.5498571395874023,0.5317824482917786,-0.0117375822737813,0.6180520057678223,0.49785366654396057,-0.004541431088000536,0.6104495525360107,0.44159844517707825,-0.03098153881728649,0.5905956029891968,0.48778969049453735,-0.024350671097636223,0.582892119884491,0.5283687710762024,-0.011523613706231117
0.6025675535202026,0.6624482870101929,7.947870699354098e-07,0.5399599671363831,0.5896121263504028,-0.023409534245729446,0.5181964635848999,0.47668713331222534,-0.023543519899249077,0.530787467956543,0.37649670243263245,-0.024020997807383537,0.532846212387085,0.30833128094673157,-0.021232133731245995,0.5132346749305725,0.4536111652851105,0.007866798900067806,0.49029821157455444,0.341174840927124,-0.0028275582008063793,0.4846694767475128,0.2794857323169708,-0.010411778464913368,0.4828028380870819,0.21901513636112213,-0.016196148470044136,0.5576992034912109,0.4422220289707184,0.00962509959936142,0.567375898361206,0.33203259110450745,-0.00951387733221054,0.5815368294715881,0.2636181712150574,-0.02396140620112419,0.5967549681663513,0.1952667534351349,-0.03135285899043083,0.599962055683136,0.4556242525577545,0.00708677526563406,0.6087662577629089,0.38863426446914673,-0.023642724379897118,0.6043229103088379,0.4662807583808899,-0.0193013958632946,0.6032501459121704,0.5212005376815796,-0.006027041003108025,0.6410424709320068,0.47863778471946716,0.001925008138641715,0.643604040145874,0.42160487174987793,-0.023878352716565132,0.6354785561561584,0.47325557470321655,-0.017496872693300247,0.6316174268722534,0.5132139325141907,-0.005746912211179733
0.5735933184623718,0.6888055205345154,9.26790562516544e-07,0.5143016576766968,0.6079835891723633,-0.029284190386533737,0.49392372369766235,0.48683059215545654,-0.028786659240722656,0.5133402943611145,0.38199111819267273,-0.027305852621793747,0.5189005136489868,0.3032326102256775,-0.022800792008638382,0.4843589663505554,0.4453481435775757,0.011667000129818916,0.46615320444107056,0.33184176683425903,0.006241022143512964,0.4643884301185608,0.26722919940948486,0.001971076475456357,0.4641945958137512,0.2071075439453125,-0.0009095402201637626,0.5306062698364258,0.44153791666030884,0.016804294660687447,0.5519675016403198,0.33266690373420715,0.006024159491062164,0.5733620524406433,0.2635561525821686,-0.0034523203503340483,0.5931549072265625,0.19969698786735535,-0.0072266883216798306,0.5740534663200378,0.4626825451850891,0.016034675762057304,0.5865820646286011,0.41271212697029114,-0.009531916119158268,0.5797302722930908,0.4869369864463806,-0.008651196956634521,0.5770233869552612,0.5344318151473999,0.0017547901952639222,0.6148847341537476,0.49063339829444885,0.012264447286725044,0.6159569621086121,0.4391617178916931,-0.009731641970574856,0.6054681539535522,0.4951358139514923,-0.0039833043701946735,0.6020206809043884,0.5321657657623291,0.006856911350041628
0.5209606289863586,0.7377163767814636,9.311509074905189e-07,0.4605408012866974,0.6431875824928284,-0.03493551164865494,0.4441741108894348,0.515648365020752,-0.032842110842466354,0.46108394861221313,0.40732255578041077,-0.030153213068842888,0.46211326122283936,0.3230454921722412,-0.023780718445777893,0.43109816312789917,0.475688099861145,0.023469649255275726,0.4168674647808075,0.358195960521698,0.014736580662429333,0.41570863127708435,0.2877032160758972,0.006098537240177393,0.4176584482192993,0.2211860716342926,0.0006575194420292974,0.48233863711357117,0.47834575176239014,0.03076300583779812,0.505158007144928,0.36405229568481445,0.014605375938117504,0.5294543504714966,0.2933969497680664,-0.000538060674443841,0.5539762377738953,0.22806358337402344,-0.006754275877028704,0.5286968350410461,0.5045677423477173,0.030058620497584343,0.5445720553398132,0.4431546628475189,-0.007630533073097467,0.5343043804168701,0.5235658288002014,-0.013180195353925228,0.5293678045272827,0.5781517624855042,-0.002619330305606127,0.5705463886260986,0.5348957180976868,0.0264886561781168,0.5758007168769836,0.4701038897037506,-0.0035738174337893724,0.5632252097129822,0.5299265384674072,-0.0007800178718753159,0.5567346811294556,0.5742979049682617,0.010095822624862194
0.5432589054107666,0.7922296524047852,8.708988730177225e-07,0.487130343914032,0.6916897892951965,-0.03461597487330437,0.47945183515548706,0.5517653822898865,-0.03215722739696503,0.5079261064529419,0.4411773681640625,-0.029240110889077187,0.5176581740379333,0.3523874282836914,-0.022657491266727448,0.47336840629577637,0.4947139024734497,0.02364271692931652,0.4643630385398865,0.37324628233909607,0.01757354848086834,0.4653114974498749,0.30318161845207214,0.01202330645173788,0.4690929055213928,0.23659378290176392,0.008606183342635632,0.5264690518379211,0.5047127604484558,0.03045392967760563,0.5557424426078796,0.3902466297149658,0.015832966193556786,0.5836207270622253,0.3185988962650299,0.0010113981552422047,0.6130338311195374,0.25444236397743225,-0.005083377007395029,0.5722973346710205,0.5397654175758362,0.029507460072636604,0.5900554060935974,0.47804659605026245,-0.008713766932487488,0.5744236707687378,0.5578297972679138,-0.016689198091626167,0.5681315064430237,0.6159669756889343,-0.007436026819050312,0.6140766143798828,0.5774769186973572,0.026081103831529617,0.620597243309021,0.5129770040512085,-0.005903015378862619,0.6049187183380127,0.5729045867919922,-0.004875442944467068,0.5982990860939026,0.6205990314483643,0.005178970750421286
0.5356855392456055,0.8653853535652161,1.0876321994146565e-06,0.47162196040153503,0.7426127195358276,-0.04044907167553902,0.47408437728881836,0.584006667137146,-0.03424098342657089,0.5140665173530579,0.464581161737442,-0.02733156830072403,0.5296379327774048,0.3669392764568329,-0.015105817466974258,0.47439759969711304,0.5446184277534485,0.03705170378088951,0.4700630307197571,0.4003695845603943,0.03015103004872799,0.47484201192855835,0.31780117750167847,0.021384458988904953,0.48529696464538574,0.23921546339988708,0.014118910767138004,0.5356501936912537,0.552193820476532,0.04539666697382927,0.570396900177002,0.4227524995803833,0.02341114729642868,0.6022645831108093,0.34219712018966675,0.0007918039336800575,0.6376321911811829,0.2655998468399048,-0.010356511920690536,0.586161196231842,0.590290367603302,0.0440591536462307,0.6146741509437561,0.5076276659965515,-0.003681207774206996,0.5875714421272278,0.6125621199607849,-0.008494737558066845,0.5719478130340576,0.6789919137954712,0.005264604464173317,0.6344602704048157,0.630584180355072,0.03915891423821449,0.6471023559570312,0.5589979887008667,-0.0016324387397617102,0.6227658987045288,0.6323535442352295,-0.00021258549531921744,0.6090935468673706,0.6779016256332397,0.011720052920281887
0.5044963955879211,0.8779388666152954,1.0314165592717472e-06,0.43907368183135986,0.7590105533599854,-0.04052577540278435,0.4404056966304779,0.5833677649497986,-0.04314993694424629,0.4823606312274933,0.44675740599632263,-0.045573219656944275,0.49714115262031555,0.33638909459114075,-0.04244281351566315,0.4436325430870056,0.5233751535415649,0.011206450872123241,0.4361346960067749,0.35797375440597534,-0.003934203181415796,0.43819838762283325,0.27012062072753906,-0.012681654654443264,0.4456711709499359,0.18700537085533142,-0.019032718613743782,0.511121392250061,0.5273982286453247,0.014933675527572632,0.548549234867096,0.378968745470047,-0.012971844524145126,0.5781912803649902,0.2935260236263275,-0.0319497175514698,0.6134575605392456,0.20657536387443542,-0.04042856767773628,0.5683380961418152,0.5664917230606079,0.010993080213665962,0.5871698260307312,0.48055848479270935,-0.034921396523714066,0.5561970472335815,0.5949370265007019,-0.024934345856308937,0.541620135307312,0.6643191576004028,-0.002291442360728979,0.6227399110794067,0.6164506077766418,0.002724225400015712,0.6257475018501282,0.5297128558158875,-0.03340267017483711,0.5991647243499756,0.6093227863311768,-0.019253991544246674,0.588119626045227,0.6605505347251892,0.0012751973699778318
0.4619162380695343,0.8095906376838684,9.107389473683725e-07,0.3849562406539917,0.7030164003372192,-0.03150754049420357,0.38208436965942383,0.5291287302970886,-0.029338866472244263,0.42549556493759155,0.39306408166885376,-0.03059806115925312,0.4442756175994873,0.2898867130279541,-0.027125036343932152,0.3973526954650879,0.46845969557762146,0.02155061438679695,0.3826855421066284,0.31207138299942017,0.00476273475214839,0.3800196647644043,0.21890243887901306,-0.00572546711191535,0.3824957609176636,0.13209649920463562,-0.013648840598762035,0.4641207754611969,0.4735564589500427,0.018995942547917366,0.48871690034866333,0.33337241411209106,-0.015565588138997555,0.5112400054931641,0.23873302340507507,-0.03821127489209175,0.5401584506034851,0.15235501527786255,-0.04844667762517929,0.5215657949447632,0.51048344373703,0.008655217476189137,0.5303587913513184,0.4242631793022156,-0.04412488639354706,0.5012405514717102,0.5383789539337158,-0.035928018391132355,0.48913583159446716,0.6154794692993164,-0.012093582190573215,0.5784094333648682,0.5550711750984192,-0.00537334056571126,0.574377715587616,0.4723784625530243,-0.044192999601364136,0.5487547516822815,0.5528524518013,-0.03182750195264816,0.5388631224632263,0.6080448627471924,-0.011919775046408176
0.4467211961746216,0.7688329219818115,8.88439046775602e-07,0.3706289529800415,0.6666237115859985,-0.02896440215408802,0.36175987124443054,0.5089189410209656,-0.02828693389892578,0.40412190556526184,0.380344420671463,-0.03115888312458992,0.42210111021995544,0.2826450765132904,-0.029877176508307457,0.3790568709373474,0.45045289397239685,0.02179095335304737,0.36094051599502563,0.3048151135444641,0.004941917955875397,0.3534833788871765,0.21657833456993103,-0.005617562681436539,0.3513750731945038,0.13384509086608887,-0.013423396274447441,0.4424458146095276,0.45164093375205994,0.017865939065814018,0.46167492866516113,0.31213316321372986,-0.016068696975708008,0.47758200764656067,0.22269591689109802,-0.03833981975913048,0.5012452602386475,0.13994812965393066,-0.04785853251814842,0.49786826968193054,0.4853154718875885,0.0067090727388858795,0.5029988884925842,0.3984958231449127,-0.04609188064932823,0.47735336422920227,0.5129372477531433,-0.03821614012122154,0.46905314922332764,0.5873420834541321,-0.01434452086687088,0.5523017644882202,0.5277451276779175,-0.007563694380223751,0.5435264110565186,0.4489785134792328,-0.046213459223508835,0.5219966769218445,0.5273887515068054,-0.03363317251205444,0.516501247882843,0.5781439542770386,-0.013328625820577145
0.4531407356262207,0.7175453901290894,7.362944529631932e-07,0.38075289130210876,0.6268113851547241,-0.020754078403115273,0.3706294298171997,0.484453022480011,-0.01936917193233967,0.4047389626502991,0.36910468339920044,-0.021925507113337517,0.42067575454711914,0.2890363931655884,-0.021406840533018112,0.386406272649765,0.4414736330509186,0.016481278464198112,0.36907124519348145,0.3122074007987976,-0.001361411064863205,0.36201176047325134,0.23621977865695953,-0.013676156289875507,0.36035752296447754,0.1643703579902649,-0.022465519607067108,0.44043785333633423,0.4412209987640381,0.011126399971544743,0.4545714855194092,0.31584376096725464,-0.021211637184023857,0.4670402407646179,0.23628363013267517,-0.043179936707019806,0.48733532428741455,0.16310682892799377,-0.05377427861094475,0.48849624395370483,0.4656718671321869,0.0005936968373134732,0.4923143684864044,0.38423532247543335,-0.04495013877749443,0.4731801748275757,0.4831601083278656,-0.03696100041270256,0.467881977558136,0.5510209202766418,-0.016375090926885605,0.5364090800285339,0.49791818857192993,-0.012472403235733509,0.5279214978218079,0.4272521734237671,-0.044690780341625214,0.510424017906189,0.49754801392555237,-0.03169158101081848,0.5062618851661682,0.5463853478431702,-0.012995975092053413
0.4466765224933624,0.7165083885192871,5.972939334242255e-07,0.379528284072876,0.6251103281974792,-0.014991944655776024,0.3725264072418213,0.5020560622215271,-0.008344116620719433,0.40559521317481995,0.4046648144721985,-0.0064902156591415405,0.4197666049003601,0.33458685874938965,-0.0018199236365035176,0.38551580905914307,0.45714226365089417,0.033717915415763855,0.3699505925178528,0.353540301322937,0.02142445370554924,0.36295920610427856,0.2864193320274353,0.009553439915180206,0.3601453900337219,0.22302713990211487,0.0010406188666820526,0.4335903227329254,0.4610331654548645,0.028275342658162117,0.4442750811576843,0.35989898443222046,0.004119351971894503,0.45587295293807983,0.28909599781036377,-0.01570792682468891,0.4733160436153412,0.22546595335006714,-0.025272056460380554,0.4769159257411957,0.48548030853271484,0.01660235971212387,0.47774559259414673,0.4217880666255951,-0.023428112268447876,0.45976728200912476,0.5060678720474243,-0.023206094279885292,0.45476314425468445,0.5637300610542297,-0.008766441605985165,0.5201293230056763,0.5143646597862244,0.0030064801685512066,0.5124359726905823,0.4553222954273224,-0.024596082046628,0.49389490485191345,0.5170931816101074,-0.016902219504117966,0.48957064747810364,0.5600388050079346,-0.003091098740696907
0.43735605478286743,0.7006250619888306,6.089789508223475e-07,0.3774004578590393,0.6211894750595093,-0.017080241814255714,0.3683341145515442,0.5070641040802002,-0.014660950750112534,0.3972183167934418,0.41197413206100464,-0.016053371131420135,0.40916526317596436,0.3378692865371704,-0.015131678432226181,0.3844037652015686,0.4661056101322174,0.02481502667069435,0.36916279792785645,0.366949200630188,0.013263582251966,0.3623352646827698,0.3029172718524933,0.004069251473993063,0.3587467670440674,0.24270716309547424,-0.002297119703143835,0.4294637441635132,0.46785053610801697,0.020198477432131767,0.4402007460594177,0.36645784974098206,-0.0016884830547496676,0.4478141963481903,0.30031856894493103,-0.017545457929372787,0.46107572317123413,0.24098166823387146,-0.024435514584183693,0.47044944763183594,0.4911227822303772,0.009890052489936352,0.46785950660705566,0.42697131633758545,-0.029065290465950966,0.4502454102039337,0.5057187080383301,-0.02718721516430378,0.4459821879863739,0.5619763731956482,-0.011698607355356216,0.5116098523139954,0.5201215744018555,-0.002051812829449773,0.5014971494674683,0.4575425684452057,-0.029978232458233833,0.4853171408176422,0.5145754814147949,-0.02149047702550888,0.4816015362739563,0.5578874349594116,-0.007006826810538769
0.44009852409362793,0.6947738528251648,5.455262339637557e-07,0.38284552097320557,0.6115255951881409,-0.012877078726887703,0.3721175491809845,0.5056653022766113,-0.006259707268327475,0.3961733877658844,0.41524210572242737,-0.004274957813322544,0.4022080898284912,0.3450075685977936,0.0006095553399063647,0.3840956389904022,0.4710846543312073,0.038767557591199875,0.36490827798843384,0.37899327278137207,0.0304253026843071,0.3538663983345032,0.3185957372188568,0.02148890495300293,0.3467816114425659,0.26123055815696716,0.015156001783907413,0.42735356092453003,0.4724375307559967,0.03401069715619087,0.43373796343803406,0.3782080411911011,0.014653933234512806,0.4381166994571686,0.3144822120666504,-0.0030676114838570356,0.44807425141334534,0.25608187913894653,-0.01130611915141344,0.4680122137069702,0.49225637316703796,0.02322053350508213,0.46479061245918274,0.4310222268104553,-0.013978702016174793,0.4511242210865021,0.5076419711112976,-0.015790745615959167,0.4491357207298279,0.5615934133529663,-0.002745975274592638,0.5097097754478455,0.515623152256012,0.011180387809872627,0.49947047233581543,0.45710277557373047,-0.01535616721957922,0.4860357940196991,0.5122007131576538,-0.009459341876208782,0.48481857776641846,0.5521448254585266,0.0031561555806547403
0.45014646649360657,0.6857653856277466,5.454696747619892e-07,0.39844393730163574,0.6024429798126221,-0.01600414514541626,0.3888731896877289,0.502948522567749,-0.010185438208281994,0.40982797741889954,0.4145423173904419,-0.00811004638671875,0.40737903118133545,0.34523600339889526,-0.003482201136648655,0.3932802081108093,0.4692341387271881,0.03873654827475548,0.372505247592926,0.38527438044548035,0.03128940612077713,0.35933440923690796,0.3289085030555725,0.022614799439907074,0.35023462772369385,0.2743123471736908,0.016795728355646133,0.4356180727481842,0.46905040740966797,0.0362652987241745,0.43830356001853943,0.38239118456840515,0.02024068497121334,0.44152623414993286,0.3237018883228302,0.004553372506052256,0.450090229511261,0.2682725787162781,-0.0023560321424156427,0.47603318095207214,0.4890616834163666,0.027210978791117668,0.47564801573753357,0.43003180623054504,-0.009779981337487698,0.4622538089752197,0.5031969547271729,-0.01490878127515316,0.4600539803504944,0.5556924939155579,-0.00402464484795928,0.5167884826660156,0.5141546130180359,0.016999369487166405,0.5091298818588257,0.4591887295246124,-0.010462450794875622,0.4947008788585663,0.5105411410331726,-0.007246377412229776,0.49174627661705017,0.5498310327529907,0.003639302682131529
0.45935505628585815,0.6847346425056458,5.021646529712598e-07,0.41037002205848694,0.604805052280426,-0.01231501903384924,0.4019375443458557,0.5039470195770264,-0.006842196919023991,0.42725205421447754,0.4181044101715088,-0.005606722552329302,0.43035563826560974,0.3524485230445862,-0.0023788546677678823,0.4102058410644531,0.4767684042453766,0.03137994557619095,0.39098528027534485,0.3922373652458191,0.022867476567626,0.3783903419971466,0.33695077896118164,0.015257913619279861,0.3695703148841858,0.2828065752983093,0.0100449463352561,0.45162612199783325,0.47545677423477173,0.026459718123078346,0.45784157514572144,0.3885660767555237,0.008997938595712185,0.46187061071395874,0.3297020494937897,-0.005241001956164837,0.47133833169937134,0.2740611433982849,-0.011046363040804863,0.49154335260391235,0.49544957280158997,0.01621539704501629,0.4887794256210327,0.4373128414154053,-0.019382501021027565,0.47364819049835205,0.5100516676902771,-0.020093968138098717,0.47066858410835266,0.5645914077758789,-0.006809266284108162,0.5317708849906921,0.5230935215950012,0.0048909541219472885,0.5224570035934448,0.46498867869377136,-0.021710919216275215,0.5070286393165588,0.5152361392974854,-0.015527050942182541,0.5037112236022949,0.5571554899215698,-0.002650926122441888
0.4599912464618683,0.6927017569541931,3.936056316433678e-07,0.41468843817710876,0.6116641759872437,-0.007308838423341513,0.4112160801887512,0.5043179392814636,-0.0018915717955678701,0.4397050738334656,0.42407935857772827,-0.001726264483295381,0.45047712326049805,0.36082425713539124,0.0002936360251624137,0.4273316562175751,0.475394070148468,0.027312174439430237,0.41155922412872314,0.3898022770881653,0.01579143851995468,0.39982813596725464,0.33402442932128906,0.006332444027066231,0.39118432998657227,0.2809082269668579,-0.0001428997638868168,0.46700677275657654,0.4781642258167267,0.018629947677254677,0.47271230816841125,0.39013147354125977,-0.0011667186627164483,0.4732798933982849,0.3320379853248596,-0.016688985750079155,0.4812038242816925,0.27660179138183594,-0.023601854220032692,0.5047798752784729,0.5008858442306519,0.005682673770934343,0.49860233068466187,0.4426569938659668,-0.027705710381269455,0.47973981499671936,0.5142819285392761,-0.023912077769637108,0.4766417443752289,0.5666881203651428,-0.0087400171905756,0.5424826145172119,0.5314337611198425,-0.008358796127140522,0.531254768371582,0.47309815883636475,-0.03092248924076557,0.5126355290412903,0.5230933427810669,-0.020326541736721992,0.5096094608306885,0.5636112093925476,-0.005164064466953278
0.45907145738601685,0.6750061511993408,-2.624633737013937e-07,0.46017032861709595,0.5488979816436768,0.0504753515124321,0.4810306429862976,0.478933185338974,0.041479308158159256,0.4933711588382721,0.41722384095191956,0.012750980444252491,0.5052164196968079,0.3508349657058716,-0.02068747952580452,0.5569342970848083,0.46852371096611023,0.02722426876425743,0.5208103060722351,0.3685041069984436,0.002972651505842805,0.5022387504577637,0.3047189712524414,-0.015082529745995998,0.48326626420021057,0.2516267001628876,-0.02869163081049919,0.5565145611763,0.49518564343452454,-0.025066273286938667,0.5012949109077454,0.38008004426956177,-0.0498821884393692,0.46088340878486633,0.32091590762138367,-0.059899404644966125,0.4374485909938812,0.26820701360702515,-0.06881818175315857,0.5421942472457886,0.5246052145957947,-0.07587834447622299,0.47359150648117065,0.4330897033214569,-0.08863213658332825,0.45361626148223877,0.4881214499473572,-0.06912344694137573,0.46343690156936646,0.5285097360610962,-0.05987009406089783,0.5231029391288757,0.5492955446243286,-0.12543512880802155,0.4702903926372528,0.48057228326797485,-0.12986665964126587,0.4528454542160034,0.5172646045684814,-0.11262910813093185,0.4606911838054657,0.5525420904159546,-0.10322371125221252
0.4194369316101074,0.7104752063751221,-4.694453821230127e-07,0.41795191168785095,0.6043320894241333,-0.0022529647685587406,0.4309846758842468,0.504859983921051,-0.016064411029219627,0.4353662133216858,0.4228207767009735,-0.03233207389712334,0.4420826733112335,0.34856313467025757,-0.050620779395103455,0.5082857012748718,0.4750196933746338,-0.022034142166376114,0.4706827700138092,0.36737537384033203,-0.04581235349178314,0.44907304644584656,0.30771154165267944,-0.062102388590574265,0.43089020252227783,0.2567347586154938,-0.07354523986577988,0.5015996098518372,0.5056291222572327,-0.03599277138710022,0.4210697114467621,0.3971613049507141,-0.06260766088962555,0.36722418665885925,0.3462337255477905,-0.07353344559669495,0.3292267918586731,0.3014128804206848,-0.08183178305625916,0.47668564319610596,0.5422741770744324,-0.049865514039993286,0.38900697231292725,0.4666178524494171,-0.0715506449341774,0.3834947943687439,0.5063291192054749,-0.06467007100582123,0.40261101722717285,0.5350149273872375,-0.059523969888687134,0.44263148307800293,0.574044406414032,-0.06416598707437515,0.3751072585582733,0.5077551007270813,-0.07919584214687347,0.3719486892223358,0.5384842157363892,-0.0710897371172905,0.391641229391098,0.565564751625061,-0.06385807693004608
0.3656964600086212,0.7266178131103516,-3.5167974488103937e-07,0.38380059599876404,0.6276275515556335,-0.005077778361737728,0.39613077044487,0.5168593525886536,-0.025706734508275986,0.393047034740448,0.4185875952243805,-0.0470595546066761,0.40378743410110474,0.3356653153896332,-0.07108073681592941,0.46342355012893677,0.49029287695884705,-0.04678179696202278,0.4284791648387909,0.36617356538772583,-0.0729709267616272,0.41031190752983093,0.2968553900718689,-0.08782965689897537,0.3969513475894928,0.24060975015163422,-0.09909766167402267,0.44222408533096313,0.5223773121833801,-0.06079952046275139,0.3561047315597534,0.389513224363327,-0.0892559066414833,0.3035542964935303,0.3237815201282501,-0.09662273526191711,0.2665112614631653,0.27168625593185425,-0.1043505072593689,0.40441784262657166,0.5575491786003113,-0.073361337184906,0.31197643280029297,0.4559776782989502,-0.09578129649162292,0.3075907230377197,0.499739408493042,-0.08297346532344818,0.3262590765953064,0.5388416051864624,-0.07497285306453705,0.360719233751297,0.5873133540153503,-0.0863703265786171,0.2908322215080261,0.5043080449104309,-0.10588207095861435,0.2917356789112091,0.5382307767868042,-0.09767378866672516,0.3151073157787323,0.5706851482391357,-0.09025507420301437
0.3556109368801117,0.7505298852920532,-2.3219918432459963e-07,0.3956402838230133,0.6633410453796387,-0.001288592116907239,0.4182794988155365,0.5528448820114136,-0.016909770667552948,0.4213121831417084,0.4480606019496918,-0.03328452631831169,0.4343934655189514,0.3629060983657837,-0.051435671746730804,0.47660335898399353,0.5400887727737427,-0.04059641808271408,0.45987507700920105,0.40436726808547974,-0.0655408650636673,0.45368492603302,0.3342244625091553,-0.0790640115737915,0.450469434261322,0.27620774507522583,-0.08829402923583984,0.4435940980911255,0.5604642629623413,-0.05501369386911392,0.3842940032482147,0.4135530889034271,-0.08086653053760529,0.34007972478866577,0.34124183654785156,-0.08850715309381485,0.309685081243515,0.2851186692714691,-0.09583186358213425,0.3985599875450134,0.5826117396354675,-0.06765870749950409,0.3316234350204468,0.4648071527481079,-0.09141039848327637,0.3222939670085907,0.508174479007721,-0.07869902998209,0.3343160152435303,0.5490657091140747,-0.06857935339212418,0.34946128726005554,0.6005915403366089,-0.080051489174366,0.30035653710365295,0.5066535472869873,-0.09863730520009995,0.29701027274131775,0.5441986918449402,-0.08773846924304962,0.31279709935188293,0.5786215662956238,-0.07732187211513519
0.3738192915916443,0.7279347777366638,-1.7553067266362632e-07,0.42382001876831055,0.6557624340057373,-0.0024934157263487577,0.45431163907051086,0.5581541061401367,-0.016523919999599457,0.4678206741809845,0.4583953022956848,-0.031122852116823196,0.4876699149608612,0.3821125030517578,-0.046553488820791245,0.5092388391494751,0.5534970760345459,-0.03577571362257004,0.5068889260292053,0.41865745186805725,-0.05846664682030678,0.5044448375701904,0.3530747890472412,-0.06955138593912125,0.5030928254127502,0.30302077531814575,-0.07606711983680725,0.474719762802124,0.5588525533676147,-0.04753497242927551,0.43420445919036865,0.41010916233062744,-0.07171282172203064,0.3993794620037079,0.33861351013183594,-0.07872772216796875,0.3742577135562897,0.28352177143096924,-0.08395794034004211,0.4295691251754761,0.5656899213790894,-0.057863909751176834,0.3777782917022705,0.4497525691986084,-0.08033135533332825,0.364925742149353,0.49095389246940613,-0.06897591054439545,0.37028470635414124,0.5301869511604309,-0.058290135115385056,0.38056468963623047,0.5707442164421082,-0.06799449026584625,0.3479742109775543,0.4755876660346985,-0.08368907123804092,0.3386169970035553,0.5092238187789917,-0.07197950780391693,0.34401682019233704,0.542426347732544,-0.06037121266126633
0.42882776260375977,0.717225193977356,-2.8807696139665495e-07,0.47973376512527466,0.6525618433952332,0.0061858464032411575,0.5149216651916504,0.565676212310791,-0.005246494431048632,0.5304433703422546,0.47115135192871094,-0.019238736480474472,0.5489243865013123,0.4010733366012573,-0.03503121808171272,0.5676621198654175,0.5584518313407898,-0.026742490008473396,0.565924882888794,0.42998701333999634,-0.04536505043506622,0.564263105392456,0.3659326434135437,-0.05496244132518768,0.5634700655937195,0.31456032395362854,-0.061713915318250656,0.5398656725883484,0.5617408156394958,-0.04166439548134804,0.5015017986297607,0.4135737717151642,-0.062013253569602966,0.46823856234550476,0.34276503324508667,-0.06709856539964676,0.4456961750984192,0.2883415222167969,-0.07241030782461166,0.49963104724884033,0.5644181370735168,-0.05449267104268074,0.44951650500297546,0.4420508146286011,-0.07020033895969391,0.4319767355918884,0.4814976453781128,-0.05664224550127983,0.4343104064464569,0.521291971206665,-0.04732677713036537,0.4545130133628845,0.5645355582237244,-0.06694139540195465,0.4211699664592743,0.46884286403656006,-0.07830707728862762,0.40954315662384033,0.49956753849983215,-0.06709595769643784,0.41458627581596375,0.5323894023895264,-0.05765485018491745
0.43758389353752136,0.7074621915817261,-3.251118982916523e-07,0.4866982400417328,0.6404539346694946,0.00395851070061326,0.5226050019264221,0.5542794466018677,-0.008857104927301407,0.5356819033622742,0.4602208137512207,-0.02308531105518341,0.5516642332077026,0.39166516065597534,-0.03913798928260803,0.5801724195480347,0.5501158237457275,-0.028938697651028633,0.5778514742851257,0.4214247465133667,-0.04641019180417061,0.5754435658454895,0.35846835374832153,-0.055114757269620895,0.5754833817481995,0.30705201625823975,-0.06153878942131996,0.551597535610199,0.5531400442123413,-0.04235898703336716,0.5114902853965759,0.40887510776519775,-0.06193474307656288,0.477363258600235,0.33622053265571594,-0.06743921339511871,0.4550383388996124,0.28036919236183167,-0.07335377484560013,0.5110722184181213,0.5549162030220032,-0.05356329306960106,0.4586009383201599,0.4407874047756195,-0.06851444393396378,0.44292107224464417,0.4782765507698059,-0.0587121956050396,0.4478698968887329,0.5182158350944519,-0.052716709673404694,0.4666845202445984,0.5520138740539551,-0.06433338671922684,0.4314236044883728,0.4625260531902313,-0.07629252225160599,0.4208168685436249,0.49534472823143005,-0.06774860620498657,0.42788371443748474,0.529727041721344,-0.060333218425512314
0.44177329540252686,0.6958511471748352,-3.4565977102829493e-07,0.4905034899711609,0.6249862909317017,0.0034232065081596375,0.5252516865730286,0.5352686047554016,-0.009782690554857254,0.5372175574302673,0.4387288987636566,-0.024663133546710014,0.5518680214881897,0.36736905574798584,-0.041172802448272705,0.5862166285514832,0.5283463597297668,-0.0279164407402277,0.5798354148864746,0.39711689949035645,-0.04653708636760712,0.5755353569984436,0.33099502325057983,-0.05626692622900009,0.5743730664253235,0.27793756127357483,-0.06340301036834717,0.5566692352294922,0.534295380115509,-0.04187753051519394,0.5105811357498169,0.38649749755859375,-0.06194160133600235,0.47525715827941895,0.312897264957428,-0.06811856478452682,0.4545455574989319,0.255056232213974,-0.07476019114255905,0.5154063701629639,0.5385003089904785,-0.05398018658161163,0.45839548110961914,0.4202800393104553,-0.07019606977701187,0.44355660676956177,0.45953455567359924,-0.06075415015220642,0.4508703052997589,0.5002663731575012,-0.05487409234046936,0.47058355808258057,0.5377317667007446,-0.06576870381832123,0.43249762058258057,0.4452859163284302,-0.07929562777280807,0.4227650761604309,0.4789400100708008,-0.07132772356271744,0.43150049448013306,0.5140702724456787,-0.06408491730690002
0.45051419734954834,0.6855265498161316,-3.698700936638488e-07,0.4957919120788574,0.6097822189331055,9.876237163553014e-05,0.5314511656761169,0.5200181603431702,-0.013729976490139961,0.5467243194580078,0.426741361618042,-0.02909351885318756,0.566567599773407,0.3577841520309448,-0.046111125499010086,0.5945671200752258,0.5121310353279114,-0.02726280875504017,0.5842548608779907,0.37919679284095764,-0.04694126546382904,0.5800138115882874,0.31349408626556396,-0.05801206827163696,0.5806866884231567,0.25886547565460205,-0.06637658923864365,0.5678549408912659,0.5215913653373718,-0.04038790240883827,0.5194803476333618,0.3769959807395935,-0.06284995377063751,0.4836854338645935,0.3050980567932129,-0.07121267914772034,0.4628352224826813,0.2476370483636856,-0.07915544509887695,0.5280123353004456,0.5292197465896606,-0.052250105887651443,0.4686923027038574,0.4134973883628845,-0.07122199237346649,0.45296046137809753,0.4538763165473938,-0.06351009011268616,0.4601925015449524,0.4949979782104492,-0.05845603719353676,0.4838848114013672,0.5314163565635681,-0.06413516402244568,0.4428022503852844,0.4403986930847168,-0.07958578318357468,0.4324745237827301,0.4740244746208191,-0.07318774610757828,0.4418010413646698,0.5099583864212036,-0.06708233803510666
0.4471140205860138,0.6849029064178467,-3.741295699910552e-07,0.4876890480518341,0.6044278144836426,0.0013491478748619556,0.519700288772583,0.5139904618263245,-0.013200362212955952,0.5336576104164124,0.42438480257987976,-0.02974873222410679,0.5550206303596497,0.35234010219573975,-0.048008810728788376,0.5858064293861389,0.5060352087020874,-0.025523504242300987,0.5722281336784363,0.37877845764160156,-0.04436095058917999,0.5659464001655579,0.31454163789749146,-0.055252380669116974,0.5639188289642334,0.26057231426239014,-0.06353746354579926,0.5600433945655823,0.5171199440956116,-0.039484016597270966,0.5093531012535095,0.3761647939682007,-0.06087090075016022,0.47084662318229675,0.3062989115715027,-0.06900990009307861,0.4460662603378296,0.25023120641708374,-0.07687103748321533,0.5208126902580261,0.5272963643074036,-0.05202256888151169,0.46028175950050354,0.4163426160812378,-0.0699995830655098,0.4450230300426483,0.45927393436431885,-0.061794575303792953,0.4523240029811859,0.5005152821540833,-0.05667560547590256,0.47787463665008545,0.5321757197380066,-0.0644659548997879,0.43555891513824463,0.44574612379074097,-0.07921121269464493,0.42617714405059814,0.4814724922180176,-0.0722711980342865,0.4363880753517151,0.5177438855171204,-0.06590476632118225
0.4617527425289154,0.6919125318527222,-4.582900317018357e-07,0.4869716763496399,0.5955504179000854,-0.0034678096417337656,0.5240605473518372,0.5087714195251465,-0.015921534970402718,0.5465670824050903,0.4267517030239105,-0.03034358099102974,0.5698709487915039,0.3563278913497925,-0.04520554095506668,0.6002120971679688,0.510739266872406,-0.020141953602433205,0.5858277678489685,0.3770173490047455,-0.04407949000597,0.576448917388916,0.31325504183769226,-0.05933874100446701,0.5705681443214417,0.2632945775985718,-0.0698278546333313,0.5866653919219971,0.526996910572052,-0.032408442348241806,0.5309064984321594,0.38157621026039124,-0.05938820168375969,0.4925832450389862,0.31308406591415405,-0.072707399725914,0.4701012372970581,0.25399482250213623,-0.0832829549908638,0.5564839839935303,0.5421475172042847,-0.044795140624046326,0.4877166450023651,0.4326951205730438,-0.06875612586736679,0.46956995129585266,0.474718302488327,-0.06273230910301208,0.4752955436706543,0.5119404196739197,-0.05754449591040611,0.5200914144515991,0.554021954536438,-0.057857219129800797,0.47009849548339844,0.4665029048919678,-0.07657221704721451,0.45726537704467773,0.49891555309295654,-0.07076971232891083,0.46462282538414,0.5329034924507141,-0.06442548334598541
0.5054852366447449,0.7216653823852539,-4.0828606984177895e-07,0.5069472193717957,0.584916889667511,0.030331801623106003,0.5443823933601379,0.5098246335983276,0.030185367912054062,0.5801621079444885,0.4553982615470886,0.013619053177535534,0.6099762916564941,0.3975669741630554,-0.004980660043656826,0.6218239068984985,0.5145492553710938,0.043729960918426514,0.6101243495941162,0.41583240032196045,0.01866571418941021,0.6012716889381409,0.35428059101104736,-0.0037909771781414747,0.5930235385894775,0.29607701301574707,-0.019549330696463585,0.6355848908424377,0.5441920161247253,0.0031317714601755142,0.598209023475647,0.4393368065357208,-0.027644993737339973,0.564024031162262,0.3704606294631958,-0.04592708870768547,0.5471084117889404,0.31239593029022217,-0.05644477531313896,0.633628249168396,0.5792737007141113,-0.040260303765535355,0.5681703686714172,0.4863777160644531,-0.06882959604263306,0.5293964147567749,0.5327596068382263,-0.05835739150643349,0.5278733372688293,0.5742623805999756,-0.04717009514570236,0.6211700439453125,0.6125777363777161,-0.08393844962120056,0.5713257789611816,0.5357390642166138,-0.09923329949378967,0.5431351065635681,0.5633125901222229,-0.08537644147872925,0.5463559627532959,0.5979827046394348,-0.07343656569719315
0.49940189719200134,0.6806524395942688,2.6413474074615806e-08,0.4761224091053009,0.5934039354324341,-0.002223288407549262,0.49658438563346863,0.5042053461074829,0.0004190363397356123,0.5361477136611938,0.45744237303733826,-0.0034428685903549194,0.563569188117981,0.42413467168807983,-0.007243226747959852,0.5344853401184082,0.48706910014152527,0.02089684270322323,0.5351853370666504,0.4031050205230713,0.005197937600314617,0.5342538952827454,0.3460119366645813,-0.008207449689507484,0.5360147356987,0.29639697074890137,-0.017634915187954903,0.5640983581542969,0.5033073425292969,0.008253251202404499,0.5736550688743591,0.4256707727909088,-0.018594976514577866,0.5652761459350586,0.36818891763687134,-0.03811333701014519,0.5636594891548157,0.31599417328834534,-0.04663672298192978,0.5916346907615662,0.5350862145423889,-0.007158688269555569,0.5866870284080505,0.4778141975402832,-0.042050473392009735,0.5520480275154114,0.5340381860733032,-0.03959191218018532,0.5383742451667786,0.5762582421302795,-0.026065710932016373,0.6155076622962952,0.5773279070854187,-0.02314351499080658,0.6065022945404053,0.516189455986023,-0.04484652355313301,0.5779770016670227,0.5526216626167297,-0.03448725864291191,0.5706263780593872,0.5866608619689941,-0.020110221579670906
0.5206054449081421,0.6529396772384644,3.16182564574774e-07,0.4818521738052368,0.5765576362609863,-0.012414882890880108,0.48755431175231934,0.4810265004634857,-0.008250844664871693,0.5220929980278015,0.4117937982082367,-0.00729291420429945,0.541122555732727,0.3592553734779358,-0.00463906629011035,0.5035855770111084,0.45860350131988525,0.02060072496533394,0.49753454327583313,0.3741935193538666,0.01209437195211649,0.4938065707683563,0.3211936354637146,0.005785020533949137,0.4926000237464905,0.2722562551498413,0.0015925582265481353,0.5403285622596741,0.46657681465148926,0.017185453325510025,0.552081823348999,0.3907080590724945,0.0011045089922845364,0.5558782815933228,0.3392021954059601,-0.010792862623929977,0.5640764832496643,0.2914811372756958,-0.015620283782482147,0.5728160738945007,0.4911355674266815,0.009386491030454636,0.5724657773971558,0.43954235315322876,-0.02069530077278614,0.5503705143928528,0.4986177980899811,-0.019284846261143684,0.5417042970657349,0.5434694290161133,-0.006860936060547829,0.6041752696037292,0.5221315026283264,0.0002858108782675117,0.601165235042572,0.467465341091156,-0.021707981824874878,0.5815336108207703,0.5077233910560608,-0.01523224450647831,0.5744863748550415,0.5441258549690247,-0.0035892913583666086
0.5535869598388672,0.6581822037696838,5.345823410607409e-07,0.510539710521698,0.584817111492157,-0.019851937890052795,0.5045289397239685,0.49117782711982727,-0.01752214878797531,0.5233388543128967,0.41162270307540894,-0.016733836382627487,0.5237655639648438,0.34909379482269287,-0.013338686898350716,0.5042311549186707,0.46475666761398315,0.01788761466741562,0.49587827920913696,0.37814658880233765,0.009643277153372765,0.49475422501564026,0.3253423571586609,0.0036977550480514765,0.497100293636322,0.27590811252593994,0.0002149223000742495,0.5439557433128357,0.46779629588127136,0.01888229325413704,0.557532012462616,0.38953566551208496,0.003385850228369236,0.5714602470397949,0.3381274938583374,-0.007653949316591024,0.5884698629379272,0.29037123918533325,-0.011475915089249611,0.579615592956543,0.4882883131504059,0.014698030427098274,0.5927165150642395,0.4398687481880188,-0.015944913029670715,0.5770739316940308,0.5007023215293884,-0.016254529356956482,0.5684782266616821,0.5465046167373657,-0.004538330715149641,0.614229679107666,0.5153260231018066,0.008724664337933064,0.6211668848991394,0.4666600823402405,-0.01493088435381651,0.6061115860939026,0.5056782960891724,-0.010739046148955822,0.597561776638031,0.5397419929504395,-0.00015509681543335319
0.5862368941307068,0.6671869158744812,6.486160373242456e-07,0.5451445579528809,0.5891609787940979,-0.02125861681997776,0.5343894958496094,0.49504563212394714,-0.017451714724302292,0.54474276304245,0.4163617193698883,-0.014649612829089165,0.5421540141105652,0.3563597798347473,-0.009019589982926846,0.5246018171310425,0.4714759886264801,0.023276437073946,0.5141335129737854,0.3847104609012604,0.01854986511170864,0.5132603645324707,0.3334643244743347,0.013889462687075138,0.5146662592887878,0.2853797376155853,0.011304296553134918,0.5630919337272644,0.47673988342285156,0.026334134861826897,0.5828246474266052,0.3951755166053772,0.015328017994761467,0.603338360786438,0.3429621458053589,0.003974640276283026,0.6226239800453186,0.2950044572353363,-0.0007116783526726067,0.598526120185852,0.49719542264938354,0.023726899176836014,0.6161524653434753,0.4532397985458374,-0.002851899480447173,0.6077747941017151,0.5054259300231934,-0.008995912037789822,0.6012300252914429,0.5447086095809937,-0.002960410201922059,0.6308068037033081,0.5208324193954468,0.01934152841567993,0.6414127945899963,0.4773952066898346,-0.0008259369642473757,0.6307908296585083,0.5143181085586548,0.0001635331573197618,0.6231789588928223,0.5458906888961792,0.006985121872276068
0.6254416108131409,0.6790207624435425,6.981824753893306e-07,0.5823457837104797,0.5966402292251587,-0.023780250921845436,0.5665960311889648,0.49769699573516846,-0.020312616601586342,0.5747436285018921,0.4201843738555908,-0.016855619847774506,0.5747789740562439,0.36070460081100464,-0.01056333165615797,0.5548869967460632,0.47513628005981445,0.019260669127106667,0.544662356376648,0.38404351472854614,0.015501660294830799,0.5443762540817261,0.33145439624786377,0.01148321945220232,0.5460346937179565,0.28239697217941284,0.009151475504040718,0.5934168100357056,0.4798964560031891,0.024522818624973297,0.616712749004364,0.39692795276641846,0.013998288661241531,0.640738844871521,0.3408009707927704,0.002958760829642415,0.6633087992668152,0.29131877422332764,-0.0017610108479857445,0.6291417479515076,0.500090479850769,0.02410890907049179,0.6480903625488281,0.45767703652381897,-0.002415314083918929,0.6424859762191772,0.511544942855835,-0.010392975993454456,0.6387848854064941,0.5535721778869629,-0.005660755094140768,0.6610297560691833,0.5227314233779907,0.0218947920948267,0.6702036261558533,0.4781861901283264,0.00024676916655153036,0.6614502668380737,0.5180279016494751,-0.0007903739460743964,0.656262218952179,0.5535149574279785,0.00469535868614912
0.6132774949073792,0.669769823551178,7.227508831419982e-07,0.5646833181381226,0.5896246433258057,-0.02668222226202488,0.5449087619781494,0.48521068692207336,-0.022384392097592354,0.5510150790214539,0.4007693827152252,-0.017379574477672577,0.5470374226570129,0.3369807004928589,-0.009427005425095558,0.5306211113929749,0.46221452951431274,0.021900732070207596,0.5154014229774475,0.368856817483902,0.02030508778989315,0.5143202543258667,0.31407803297042847,0.01694881170988083,0.5153204798698425,0.26326966285705566,0.014645446091890335,0.5717312693595886,0.4640759229660034,0.028943315148353577,0.59012371301651,0.37682947516441345,0.02089517004787922,0.6123036742210388,0.3185596168041229,0.009618613868951797,0.6334030628204346,0.26523903012275696,0.00414510490372777,0.6098422408103943,0.48389360308647156,0.029854105785489082,0.6210611462593079,0.43419763445854187,0.004314611200243235,0.6191654205322266,0.4909161627292633,-0.0037730110343545675,0.6201435923576355,0.5327090620994568,0.0004772886459250003,0.6434826254844666,0.5064331889152527,0.028760699555277824,0.6439160704612732,0.4546787738800049,0.007050680927932262,0.6367828845977783,0.497745156288147,0.006203081458806992,0.6357546448707581,0.5339978933334351,0.011658811941742897
0.6401612758636475,0.6526657342910767,8.86056966464821e-07,0.591153621673584,0.5763844847679138,-0.04776061698794365,0.5628151893615723,0.47186392545700073,-0.044619251042604446,0.5577742457389832,0.3859582245349884,-0.035232190042734146,0.5430298447608948,0.31139254570007324,-0.02108895592391491,0.5249335765838623,0.43943947553634644,0.021547921001911163,0.5137939453125,0.3437909185886383,0.018523359671235085,0.5168290138244629,0.28098124265670776,0.014270562678575516,0.520770788192749,0.22387883067131042,0.012064504437148571,0.5682073831558228,0.4396124482154846,0.041510023176670074,0.5929014682769775,0.3480992913246155,0.03021279349923134,0.6181784868240356,0.2899439334869385,0.018049120903015137,0.6389133930206299,0.23787687718868256,0.01399572566151619,0.6084693670272827,0.45371586084365845,0.05175048112869263,0.6368130445480347,0.4137839078903198,0.0202335212379694,0.6396399140357971,0.4742263853549957,0.006263320334255695,0.6331704258918762,0.5032085180282593,0.008563391864299774,0.6435638666152954,0.4669667184352875,0.05844711884856224,0.6575515866279602,0.4369458854198456,0.03087935596704483,0.65642249584198,0.48725947737693787,0.02286103181540966,0.6491222381591797,0.5120632648468018,0.02432766743004322
0.6278627514839172,0.6455360651016235,8.141460625665786e-07,0.5936124920845032,0.5565385818481445,-0.05134854465723038,0.5777241587638855,0.4523749351501465,-0.04544518515467644,0.5741314888000488,0.37237128615379333,-0.029809003695845604,0.5668116807937622,0.3070422410964966,-0.007880802266299725,0.5209066867828369,0.41747230291366577,0.010976227931678295,0.5305600166320801,0.3120408356189728,0.004114743787795305,0.5454564690589905,0.249184250831604,-0.0007982061360962689,0.5610985159873962,0.19593589007854462,-0.0028690025210380554,0.5596057176589966,0.41965189576148987,0.03756692260503769,0.5940737128257751,0.33364325761795044,0.0197409987449646,0.6272954940795898,0.27554577589035034,0.005676428787410259,0.654871940612793,0.22849692404270172,0.0010322219459339976,0.5956241488456726,0.43199020624160767,0.054730623960494995,0.6361629962921143,0.38545507192611694,0.014979585073888302,0.6420658826828003,0.4456116557121277,-0.005020272918045521,0.6360958814620972,0.4886494278907776,-0.004400820005685091,0.6268917322158813,0.44531702995300293,0.0689108595252037,0.6492434740066528,0.4209647476673126,0.026232929900288582,0.6525441408157349,0.4619954228401184,0.004464421421289444,0.6449717879295349,0.4935457408428192,-0.00043354008812457323
0.6154944896697998,0.6284608244895935,8.358088621207571e-07,0.5941998362541199,0.5423902273178101,-0.05983804911375046,0.5854533910751343,0.4369109272956848,-0.054467104375362396,0.5849961638450623,0.36039331555366516,-0.03392808511853218,0.5834254622459412,0.30136191844940186,-0.005632186774164438,0.5212763547897339,0.4134694039821625,-0.007691446226090193,0.5453250408172607,0.3079754412174225,-0.013227426446974277,0.5675539374351501,0.24690932035446167,-0.018004143610596657,0.5891011953353882,0.19546931982040405,-0.01956251636147499,0.5536078214645386,0.41419076919555664,0.026852643117308617,0.5890688896179199,0.3239411413669586,0.019138392060995102,0.625210165977478,0.2680404782295227,0.009174184873700142,0.6559857130050659,0.22555963695049286,0.00437253387644887,0.5845741629600525,0.42262908816337585,0.05239671841263771,0.6161395907402039,0.3750273585319519,0.028054701164364815,0.6224285364151001,0.42023134231567383,0.00804089941084385,0.6180683374404907,0.45582839846611023,0.0035340182948857546,0.6124460101127625,0.4304206967353821,0.073699451982975,0.6292051076889038,0.41022610664367676,0.045145317912101746,0.6324771046638489,0.4342300593852997,0.024094324558973312,0.6267445087432861,0.45792463421821594,0.01591460034251213
0.6139450073242188,0.6148664951324463,8.731816478757537e-07,0.60301673412323,0.539688229560852,-0.06336914747953415,0.5924196839332581,0.4365243911743164,-0.06512970477342606,0.5892698764801025,0.3580307066440582,-0.05122193694114685,0.5848785638809204,0.2954643964767456,-0.030505552887916565,0.5228412747383118,0.41701751947402954,-0.026929259300231934,0.5478116869926453,0.3083922863006592,-0.03845752030611038,0.5696166157722473,0.24573945999145508,-0.04615621641278267,0.5892688035964966,0.19192509353160858,-0.04929932579398155,0.5504221320152283,0.413551926612854,0.007412726990878582,0.5888827443122864,0.3209468722343445,-0.004759864881634712,0.6281948089599609,0.2691577076911926,-0.014445571228861809,0.6607990264892578,0.22922419011592865,-0.018400708213448524,0.577763557434082,0.41853007674217224,0.03408951312303543,0.6139825582504272,0.37353751063346863,0.010773245245218277,0.6268665194511414,0.4054301679134369,-0.004138386808335781,0.6273069977760315,0.42948925495147705,-0.006151119247078896,0.602276623249054,0.4268186390399933,0.05604258179664612,0.6236175298690796,0.4081295430660248,0.03267573192715645,0.6316502690315247,0.4283992648124695,0.018943412229418755,0.6294584274291992,0.4492090344429016,0.015474656596779823
0.6119444966316223,0.6138670444488525,8.540460498807079e-07,0.5983350872993469,0.5459412932395935,-0.06897637993097305,0.5885874629020691,0.44587773084640503,-0.06937502324581146,0.5856978893280029,0.3703358769416809,-0.05109604448080063,0.5822198390960693,0.3064785301685333,-0.0248373132199049,0.5225985646247864,0.4255779981613159,-0.034967560321092606,0.5466139316558838,0.31757214665412903,-0.04657382890582085,0.5674915313720703,0.2555982768535614,-0.05280206725001335,0.5866957902908325,0.20163002610206604,-0.05454789474606514,0.5500744581222534,0.4201195240020752,0.003566517261788249,0.5884211659431458,0.327179491519928,-0.008360481821000576,0.627407431602478,0.27712082862854004,-0.01537354663014412,0.6593332290649414,0.23968976736068726,-0.016892453655600548,0.5767234563827515,0.4216691255569458,0.033965375274419785,0.6128009557723999,0.3778700828552246,0.008083796128630638,0.6234723925590515,0.4290538430213928,-0.00559051102027297,0.6188439726829529,0.46332550048828125,-0.005063505377620459,0.6008676290512085,0.42534783482551575,0.05945034325122833,0.6222875118255615,0.4081990718841553,0.032005418092012405,0.6283082962036133,0.43525078892707825,0.016471387818455696,0.6210923194885254,0.4600433111190796,0.012819000519812107
0.6243162751197815,0.6325017213821411,9.276124615098524e-07,0.5962353348731995,0.5497336387634277,-0.052671682089567184,0.5904695987701416,0.4483206570148468,-0.04854048043489456,0.6000850796699524,0.37328001856803894,-0.034153446555137634,0.602149248123169,0.3079352378845215,-0.013864555396139622,0.537544846534729,0.41944384574890137,0.006960161030292511,0.5568968653678894,0.3166981637477875,-0.0011933489004150033,0.5789530873298645,0.2515154480934143,-0.008993071503937244,0.5997381806373596,0.1969677209854126,-0.013360078446567059,0.5773282051086426,0.4204607307910919,0.03323981165885925,0.621827244758606,0.33960750699043274,0.013273468241095543,0.6641693711280823,0.2841877043247223,-0.0037832048255950212,0.6982837915420532,0.24144163727760315,-0.00977289117872715,0.6138338446617126,0.4329984486103058,0.05087613686919212,0.6568940281867981,0.3955647349357605,0.015141081996262074,0.6587603688240051,0.4568523168563843,-0.001620386727154255,0.6480318903923035,0.49709343910217285,-5.6402488553430885e-05,0.6435767412185669,0.44785237312316895,0.06489507853984833,0.6683167219161987,0.43114855885505676,0.027928348630666733,0.6668510437011719,0.4756425619125366,0.01125855091959238,0.6547804474830627,0.5047974586486816,0.009104887954890728
0.6113435626029968,0.6602153778076172,8.670379543218587e-07,0.5810365080833435,0.5552114248275757,-0.05795956775546074,0.5702456831932068,0.4439048171043396,-0.05127362906932831,0.574501633644104,0.35791581869125366,-0.0346851646900177,0.5716601014137268,0.27805715799331665,-0.011149600148200989,0.532621443271637,0.3993968963623047,0.025708859786391258,0.5356448888778687,0.29958099126815796,0.026615526527166367,0.5469059348106384,0.2383156716823578,0.0245098564773798,0.5587260127067566,0.18300659954547882,0.02339504286646843,0.575397253036499,0.4136623442173004,0.05387759581208229,0.6126123666763306,0.3281465768814087,0.04683637619018555,0.645684003829956,0.27657878398895264,0.03365933522582054,0.6737427115440369,0.2321862131357193,0.028089486062526703,0.6134451627731323,0.44134190678596497,0.07024379074573517,0.6538098454475403,0.40474146604537964,0.037249937653541565,0.6450001001358032,0.4685278534889221,0.013048581779003143,0.6279230713844299,0.5000677108764648,0.009184282273054123,0.6460850834846497,0.46547895669937134,0.08281149715185165,0.6688289642333984,0.4389720857143402,0.04985293000936508,0.6588241457939148,0.48462527990341187,0.030656808987259865,0.6406980156898499,0.5103076100349426,0.024647461250424385
0.6066042184829712,0.6365293860435486,8.117104925986496e-07,0.569868803024292,0.5407825708389282,-0.04108080267906189,0.5631742477416992,0.43346741795539856,-0.036697179079055786,0.5763826370239258,0.34464961290359497,-0.027779629454016685,0.5746227502822876,0.2675793766975403,-0.014540527015924454,0.5406195521354675,0.39613839983940125,0.024715222418308258,0.5420681238174438,0.29531943798065186,0.02552562579512596,0.5502357482910156,0.23729923367500305,0.022912370041012764,0.5589845776557922,0.18340322375297546,0.020884830504655838,0.5844681859016418,0.4081209599971771,0.04065394029021263,0.6149181127548218,0.3202272057533264,0.03435136377811432,0.6481842994689941,0.26540809869766235,0.02168864570558071,0.6774336695671082,0.21806910634040833,0.01505601778626442,0.6225103139877319,0.43586501479148865,0.04797998070716858,0.6427725553512573,0.39522793889045715,0.017991691827774048,0.6350597143173218,0.45604589581489563,0.002147601218894124,0.626903772354126,0.49326562881469727,0.0023975397925823927,0.6556504368782043,0.46266889572143555,0.052660275250673294,0.6633698344230652,0.41778630018234253,0.02409299649298191,0.6521367430686951,0.4663591980934143,0.015700895339250565,0.643367350101471,0.501350998878479,0.016582289710640907
0.5878039598464966,0.6131907105445862,7.062942017910245e-07,0.5497016310691833,0.5319502949714661,-0.02399050071835518,0.54787677526474,0.4252668619155884,-0.024555034935474396,0.5686482191085815,0.3373345136642456,-0.02559019811451435,0.5759935975074768,0.27253979444503784,-0.023282166570425034,0.5401617288589478,0.3941514492034912,0.010754944756627083,0.5399753451347351,0.29108601808547974,-0.0003720911918208003,0.5445869565010071,0.23429885506629944,-0.008530761115252972,0.5518781542778015,0.1804782897233963,-0.014400709420442581,0.5828913450241089,0.4007536768913269,0.013171236030757427,0.6126298308372498,0.3114364445209503,-0.005708624608814716,0.6395635008811951,0.2621650695800781,-0.019643934443593025,0.6649198532104492,0.2095790058374405,-0.026356445625424385,0.6195722222328186,0.42575469613075256,0.010854729451239109,0.6409802436828613,0.37221959233283997,-0.01984950713813305,0.6251754760742188,0.4383324384689331,-0.016607685014605522,0.6141425967216492,0.4835689663887024,-0.004203727934509516,0.6523686051368713,0.45741283893585205,0.006054904777556658,0.664979100227356,0.4097352623939514,-0.01750101149082184,0.6500254273414612,0.45189911127090454,-0.010813293978571892,0.6401498317718506,0.4829799234867096,0.0007341940072365105
0.5738885998725891,0.6039650440216064,6.92101536969858e-07,0.5334237813949585,0.5246425867080688,-0.02641318552196026,0.5320166945457458,0.41931378841400146,-0.027035903185606003,0.5542401075363159,0.332802414894104,-0.027855582535266876,0.5625761151313782,0.2630959749221802,-0.025600191205739975,0.528234601020813,0.3834191560745239,0.012776609510183334,0.5258623957633972,0.28774723410606384,0.0018745246343314648,0.5309700965881348,0.2308458685874939,-0.006227103061974049,0.5396001935005188,0.17756906151771545,-0.011946544982492924,0.5710200667381287,0.3922875225543976,0.01612280122935772,0.5964120030403137,0.31042951345443726,-0.0036886378657072783,0.6211643218994141,0.2613861560821533,-0.01752305217087269,0.6464163064956665,0.2127429097890854,-0.023696118965744972,0.6081594228744507,0.4198813736438751,0.013787955977022648,0.6253625750541687,0.3713917136192322,-0.020158909261226654,0.6083976626396179,0.438326895236969,-0.01945057325065136,0.5982294082641602,0.48318538069725037,-0.007567830383777618,0.641916036605835,0.4523307979106903,0.009078966453671455,0.6511108875274658,0.40503278374671936,-0.017118971794843674,0.6354528665542603,0.45078596472740173,-0.0124850794672966,0.6267920732498169,0.4832700788974762,-0.0019198047230020165
0.5702488422393799,0.5913032293319702,6.805948373767023e-07,0.5328094363212585,0.513083815574646,-0.025279873982071877,0.5335811376571655,0.4081138074398041,-0.027009420096874237,0.5583496689796448,0.324579656124115,-0.02921731024980545,0.5674335956573486,0.25859296321868896,-0.02848297357559204,0.5285772085189819,0.36941099166870117,0.00922623835504055,0.528830349445343,0.2747119665145874,-0.003862571669742465,0.5332913994789124,0.2182570993900299,-0.01324116438627243,0.541146457195282,0.16570381820201874,-0.01964929699897766,0.5708075761795044,0.3790437579154968,0.011004218831658363,0.5977449417114258,0.2980514168739319,-0.010805424302816391,0.6221606731414795,0.2505835294723511,-0.0255773663520813,0.6472200155258179,0.20395882427692413,-0.03203611448407173,0.6076004505157471,0.4076756238937378,0.007743596564978361,0.6263257265090942,0.35951659083366394,-0.02662213146686554,0.6078331470489502,0.4258210062980652,-0.024205222725868225,0.59639573097229,0.47028711438179016,-0.011209899559617043,0.6403343081474304,0.44187837839126587,0.002116405637934804,0.6489677429199219,0.3967282474040985,-0.024216312915086746,0.6336847543716431,0.44164320826530457,-0.01778518036007881,0.6251060366630554,0.4725720286369324,-0.005618270952254534
0.5624554753303528,0.5867499709129333,6.863423891445564e-07,0.5256966352462769,0.506056010723114,-0.027108078822493553,0.526782214641571,0.40115970373153687,-0.02843058854341507,0.5519524812698364,0.3151986300945282,-0.029982909560203552,0.5613656044006348,0.2467404007911682,-0.028431076556444168,0.5215793251991272,0.3623451590538025,0.01249774545431137,0.521371066570282,0.2672002911567688,0.00028392928652465343,0.5257389545440674,0.21105346083641052,-0.009097589179873466,0.5339157581329346,0.15814512968063354,-0.015659842640161514,0.5642939805984497,0.37212204933166504,0.015671703964471817,0.5906566977500916,0.2909305989742279,-0.005624324083328247,0.614506185054779,0.24419879913330078,-0.020978162065148354,0.6396868824958801,0.19692371785640717,-0.02804117277264595,0.6012465357780457,0.40093404054641724,0.013303406536579132,0.620843231678009,0.35278916358947754,-0.021823596209287643,0.6006749272346497,0.42018207907676697,-0.02070176973938942,0.5881814956665039,0.4657078683376312,-0.008336812257766724,0.6339396834373474,0.4350399672985077,0.00845042709261179,0.6439092755317688,0.38924509286880493,-0.01912268064916134,0.6272476315498352,0.4341490566730499,-0.014018809422850609,0.6173255443572998,0.46578672528266907,-0.0026053476613014936
0.5448945760726929,0.5858043432235718,4.808350695384433e-07,0.5056200623512268,0.5074524879455566,-0.020423119887709618,0.5158935189247131,0.39455103874206543,-0.020440518856048584,0.5533127784729004,0.31298357248306274,-0.022749783471226692,0.5699178576469421,0.2485087513923645,-0.022637588903307915,0.5308036208152771,0.3593650162220001,0.010369494557380676,0.5279274582862854,0.2650292217731476,-0.0035367782693356276,0.527915358543396,0.2055848240852356,-0.01238628663122654,0.5319762229919434,0.15007492899894714,-0.01868440769612789,0.5720725059509277,0.3706924021244049,0.007567240856587887,0.5894447565078735,0.2895250916481018,-0.01768721081316471,0.6022340059280396,0.23822295665740967,-0.033368632197380066,0.6215537786483765,0.19097888469696045,-0.039918698370456696,0.6071915626525879,0.40123042464256287,1.1209320973648573e-06,0.6177347898483276,0.3487219512462616,-0.037952784448862076,0.58759605884552,0.42169997096061707,-0.03322833776473999,0.5733514428138733,0.4704393148422241,-0.01721961610019207,0.6415919065475464,0.43846258521080017,-0.009581366553902626,0.6430296897888184,0.3892745077610016,-0.03654307499527931,0.6184600591659546,0.4384329617023468,-0.02807139977812767,0.6075989007949829,0.47242432832717896,-0.014190154150128365
0.5364811420440674,0.5660176873207092,1.974837999796364e-07,0.5065805315971375,0.4888291656970978,-0.00692478334531188,0.5202886462211609,0.3856112062931061,-0.005683215335011482,0.5613350868225098,0.3260425627231598,-0.009529748931527138,0.5906818509101868,0.282122939825058,-0.012774856761097908,0.5527187585830688,0.3618980050086975,0.011514362879097462,0.5498425960540771,0.26790452003479004,-0.004871095065027475,0.5458222031593323,0.2084050327539444,-0.01528077945113182,0.5442661643028259,0.15585178136825562,-0.021899454295635223,0.5872094035148621,0.3771601617336273,0.0005733735742978752,0.5971554517745972,0.28926774859428406,-0.0238890890032053,0.5933520197868347,0.23318395018577576,-0.03889535367488861,0.5963184833526611,0.18159770965576172,-0.04434632509946823,0.6181379556655884,0.4097474217414856,-0.013443028554320335,0.6080256104469299,0.3533233404159546,-0.04891028627753258,0.5785463452339172,0.4177930951118469,-0.0441925935447216,0.5697963833808899,0.4620523154735565,-0.028456993401050568,0.6455867886543274,0.4516710638999939,-0.02824832871556282,0.6335762739181519,0.3923601806163788,-0.051625773310661316,0.6065861582756042,0.43512508273124695,-0.04045446589589119,0.6001216173171997,0.4699212908744812,-0.025049559772014618
0.5380841493606567,0.5605618953704834,7.805423507534215e-08,0.5148614645004272,0.4835084080696106,-0.0036261205095797777,0.5343263149261475,0.3851829767227173,-0.00227032951079309,0.5747882723808289,0.3333335220813751,-0.006680546328425407,0.6058322191238403,0.2997399568557739,-0.010669615119695663,0.5711108446121216,0.36137497425079346,0.013400441035628319,0.5710785388946533,0.27098625898361206,-0.003141280496492982,0.5676683187484741,0.21317560970783234,-0.014097776263952255,0.566318154335022,0.1624835878610611,-0.02122550643980503,0.6022698879241943,0.3799637258052826,0.0006309368181973696,0.6133189797401428,0.2935754060745239,-0.02448934316635132,0.6079961061477661,0.2384912371635437,-0.039931878447532654,0.6082580089569092,0.18861907720565796,-0.0453450046479702,0.6309630870819092,0.4144919216632843,-0.014898275025188923,0.6176968812942505,0.3566634953022003,-0.04985978826880455,0.5859003067016602,0.4185144603252411,-0.04636519029736519,0.5751087069511414,0.46345770359039307,-0.03170791640877724,0.6557331085205078,0.459001362323761,-0.03095117211341858,0.6405648589134216,0.3986476957798004,-0.05310662090778351,0.612417459487915,0.43786588311195374,-0.042603034526109695,0.6056098341941833,0.4725711941719055,-0.02809176594018936
0.5387676954269409,0.5611984133720398,-1.465423764557272e-07,0.529644250869751,0.47997990250587463,0.009765664115548134,0.5567692518234253,0.39731791615486145,0.013487558811903,0.5846632122993469,0.3530789911746979,0.008005288429558277,0.6034160256385803,0.31809601187705994,0.003062088042497635,0.6169697642326355,0.3732132017612457,0.023426465690135956,0.6153882145881653,0.29274487495422363,0.002435079077258706,0.610497772693634,0.23449955880641937,-0.015551923774182796,0.6048611998558044,0.18427209556102753,-0.02863585390150547,0.6395164132118225,0.3955847918987274,0.001023013610392809,0.6277121901512146,0.30835703015327454,-0.029728107154369354,0.6070454716682434,0.24564695358276367,-0.0510549433529377,0.6003448963165283,0.1932847648859024,-0.06191633269190788,0.6559635996818542,0.4317471981048584,-0.02329324558377266,0.6206945776939392,0.37307870388031006,-0.05411633104085922,0.5841904282569885,0.42958852648735046,-0.04451228305697441,0.5795238018035889,0.468644380569458,-0.029253074899315834,0.664840579032898,0.4776709973812103,-0.04853464290499687,0.6376346349716187,0.4177332818508148,-0.06502172350883484,0.6058415770530701,0.4512113630771637,-0.04994025081396103,0.6029467582702637,0.48141711950302124,-0.03419923409819603
0.5450992584228516,0.5819041132926941,-2.9918044219812145e-07,0.5331957936286926,0.47861501574516296,-0.0034142322838306427,0.5697987675666809,0.40320563316345215,-0.006986740976572037,0.6076083779335022,0.3570754826068878,-0.016768919304013252,0.633504331111908,0.31341010332107544,-0.025636326521635056,0.6384804248809814,0.39090803265571594,0.009115268476307392,0.6304178237915039,0.3046203851699829,-0.020696206018328667,0.6236593723297119,0.24872280657291412,-0.045616514980793,0.6126269698143005,0.19793610274791718,-0.06226739287376404,0.6591768264770508,0.41686710715293884,-0.008446287363767624,0.6288678050041199,0.32408565282821655,-0.04135819151997566,0.6033502817153931,0.2594972848892212,-0.06257888674736023,0.5911704897880554,0.20328643918037415,-0.07505830377340317,0.6664280295372009,0.45423421263694763,-0.029889466241002083,0.6106070280075073,0.3864661455154419,-0.060459066182374954,0.575356662273407,0.43190479278564453,-0.050961967557668686,0.5724583268165588,0.46508827805519104,-0.03874529153108597,0.6623473763465881,0.4960978031158447,-0.053943272680044174,0.6201738715171814,0.43473872542381287,-0.07179421186447144,0.5936926007270813,0.4619540572166443,-0.05922486633062363,0.5954096913337708,0.4882659614086151,-0.046513546258211136
0.5510216951370239,0.6086794137954712,-3.6626514088311524e-07,0.5434895157814026,0.4888753890991211,-0.00014726267545484006,0.5781676173210144,0.4063769578933716,-0.0095896041020751,0.6165885925292969,0.35192763805389404,-0.025992725044488907,0.6471562385559082,0.29417353868484497,-0.04242115840315819,0.6589162945747375,0.412302702665329,-0.0001679691340541467,0.6406260132789612,0.30775731801986694,-0.03151974454522133,0.6339991092681885,0.24620021879673004,-0.055627282708883286,0.6242226362228394,0.18890056014060974,-0.07238030433654785,0.6728938221931458,0.4462924599647522,-0.022507239133119583,0.6306864023208618,0.34774595499038696,-0.06211431324481964,0.5943487882614136,0.2824481129646301,-0.08223921060562134,0.5701019167900085,0.22669342160224915,-0.09326246380805969,0.6704006791114807,0.4841964840888977,-0.04779241606593132,0.6061000823974609,0.3992566168308258,-0.07922980189323425,0.5737735629081726,0.4433514475822449,-0.06590786576271057,0.5748818516731262,0.4790921211242676,-0.05247967690229416,0.6585532426834106,0.5220510959625244,-0.07555843144655228,0.610838770866394,0.4470694065093994,-0.09482249617576599,0.5850452184677124,0.4746624529361725,-0.0822688415646553,0.5895781517028809,0.5056526064872742,-0.07017476856708527
0.5543384552001953,0.6154605746269226,-3.83623074640127e-07,0.5460869669914246,0.4955785870552063,-0.002019482431933284,0.5829671025276184,0.41525447368621826,-0.01063188910484314,0.6237043738365173,0.3663226366043091,-0.02618199586868286,0.656791627407074,0.31104710698127747,-0.041209626942873,0.663123607635498,0.4137590527534485,0.005352381616830826,0.6520187854766846,0.3141794502735138,-0.02690483257174492,0.6462488174438477,0.25518661737442017,-0.05220555514097214,0.6364663243293762,0.20070436596870422,-0.06905171275138855,0.6788774728775024,0.4490796625614166,-0.01606384851038456,0.6414801478385925,0.35631030797958374,-0.0559554249048233,0.6071173548698425,0.2952445149421692,-0.07667803019285202,0.5861016511917114,0.24150656163692474,-0.08696199953556061,0.6792528033256531,0.4896935522556305,-0.04148300364613533,0.6176950335502625,0.4090583920478821,-0.0752464160323143,0.5827566981315613,0.4532260298728943,-0.06380412727594376,0.5824108719825745,0.48773810267448425,-0.05025763809680939,0.6699761152267456,0.5303770899772644,-0.06958049535751343,0.6221238970756531,0.45900630950927734,-0.09033238887786865,0.595242977142334,0.48666656017303467,-0.07871858030557632,0.5995723605155945,0.5166333317756653,-0.06640852242708206
0.5282481908798218,0.6152978539466858,-2.625021693347662e-07,0.5156756043434143,0.5189411044120789,0.00021818523237016052,0.5482456684112549,0.4316827952861786,0.0024892217479646206,0.587392270565033,0.3905414938926697,-0.0024898217525333166,0.6104902625083923,0.3526250123977661,-0.00654040090739727,0.6092066168785095,0.4146767556667328,0.01928054355084896,0.6191972494125366,0.3320026397705078,-0.004651264287531376,0.6185038089752197,0.2749525308609009,-0.02347404509782791,0.6148353815078735,0.2220725566148758,-0.036014407873153687,0.630476176738739,0.43708109855651855,0.0020632741507142782,0.6343687772750854,0.3477429449558258,-0.03462755307555199,0.6159565448760986,0.2817900776863098,-0.05816500633955002,0.6081653833389282,0.22541721165180206,-0.06821918487548828,0.646990180015564,0.4753277897834778,-0.0180166307836771,0.6208295822143555,0.41063544154167175,-0.05647662654519081,0.5803860425949097,0.4661085307598114,-0.05080382898449898,0.5740590691566467,0.5046284794807434,-0.03594636544585228,0.6574573516845703,0.5241764783859253,-0.03930028900504112,0.6364494562149048,0.45941227674484253,-0.06047837808728218,0.6018561124801636,0.4948285222053528,-0.04706009104847908,0.5995502471923828,0.525992751121521,-0.03143448010087013
0.5215117931365967,0.6108936071395874,-3.388424119066258e-08,0.5031576156616211,0.5283395648002625,-0.003415606217458844,0.531667947769165,0.43449240922927856,-0.0015772705664858222,0.5708358883857727,0.3881574273109436,-0.005297056864947081,0.597078800201416,0.3510470390319824,-0.008398874662816525,0.5751822590827942,0.41548168659210205,0.01374692004173994,0.5824949741363525,0.32819801568984985,-0.004252451937645674,0.5855377316474915,0.26947981119155884,-0.018587347120046616,0.5889061689376831,0.2195180356502533,-0.028877397999167442,0.6038203239440918,0.4411097764968872,0.0003472734533715993,0.6141223311424255,0.36446136236190796,-0.028846709057688713,0.6058368682861328,0.3077605366706848,-0.04820053279399872,0.6028621792793274,0.256420373916626,-0.056454192847013474,0.6278603672981262,0.4804057776927948,-0.015812324360013008,0.6166534423828125,0.42273813486099243,-0.05096995458006859,0.5805270075798035,0.47797784209251404,-0.04684336856007576,0.5670314431190491,0.5172715783119202,-0.03301038593053818,0.6467639207839966,0.528637170791626,-0.0328090526163578,0.6329391598701477,0.4693623185157776,-0.05537775531411171,0.6025482416152954,0.503369152545929,-0.045390017330646515,0.5961325168609619,0.5334441661834717,-0.03174204379320145
0.5366912484169006,0.6371646523475647,1.6591882001648628e-07,0.5075548887252808,0.5597720742225647,-0.011677640490233898,0.5295872092247009,0.45630496740341187,-0.009618121199309826,0.5744758248329163,0.40289196372032166,-0.010766822844743729,0.605802059173584,0.36527079343795776,-0.010885470546782017,0.5611380338668823,0.43353304266929626,0.00849857833236456,0.5705817341804504,0.3442078232765198,-0.005406018812209368,0.5767919421195984,0.2870787978172302,-0.014953290112316608,0.583574116230011,0.23721462488174438,-0.021448666229844093,0.5949153900146484,0.4558717906475067,0.0021691143047064543,0.6132069826126099,0.38160139322280884,-0.01918460987508297,0.6172484159469604,0.3308733105659485,-0.0321221761405468,0.6248639225959778,0.2834770679473877,-0.0367310531437397,0.6234634518623352,0.4926605522632599,-0.007608278654515743,0.6252582669258118,0.43902212381362915,-0.0406402125954628,0.591683030128479,0.4950079917907715,-0.037079647183418274,0.5750207304954529,0.5359135866165161,-0.02305496484041214,0.6483564972877502,0.5377658605575562,-0.018549684435129166,0.6469835042953491,0.4835839867591858,-0.04172520712018013,0.6172448396682739,0.5191420316696167,-0.03312455490231514,0.6047046780586243,0.5507105588912964,-0.019849350675940514
0.5490537285804749,0.6452517509460449,3.825944929758407e-07,0.5122256278991699,0.5668532848358154,-0.017884492874145508,0.5256557464599609,0.46232619881629944,-0.016951369121670723,0.5685319304466248,0.39056241512298584,-0.018195757642388344,0.5960779190063477,0.33938127756118774,-0.01772346906363964,0.5446006059646606,0.4424475133419037,0.008449917659163475,0.5507622361183167,0.35081279277801514,-0.0045217727310955524,0.5569530725479126,0.2958606481552124,-0.011950584128499031,0.5653757452964783,0.24626408517360687,-0.016759764403104782,0.5832892656326294,0.45708170533180237,0.006432033143937588,0.6048986911773682,0.3788350224494934,-0.015787389129400253,0.6188859939575195,0.32930052280426025,-0.028203722089529037,0.6369733810424805,0.2835392951965332,-0.03253907710313797,0.6160328388214111,0.487525075674057,0.000163758872076869,0.6262572407722473,0.43388253450393677,-0.03529354929924011,0.5959630012512207,0.4952256977558136,-0.030966177582740784,0.5795781016349792,0.5422773361206055,-0.015370034612715244,0.6470697522163391,0.526323676109314,-0.007756953127682209,0.6519497632980347,0.4738282859325409,-0.034211233258247375,0.6266913414001465,0.5135517120361328,-0.026921289041638374,0.6127051711082458,0.5488610863685608,-0.013716683723032475
0.5531616806983948,0.659102201461792,6.043660505383741e-07,0.5080525279045105,0.5812070369720459,-0.021780770272016525,0.5039899945259094,0.47431302070617676,-0.019902266561985016,0.5267941355705261,0.3880823254585266,-0.01925491727888584,0.5350063443183899,0.32127565145492554,-0.015868237242102623,0.504114031791687,0.4435265362262726,0.01864522136747837,0.49828892946243286,0.351844847202301,0.009250150062143803,0.5011221766471863,0.2962576746940613,0.0017316302983090281,0.5076093673706055,0.24383610486984253,-0.0035408507101237774,0.545944333076477,0.4478969871997833,0.01983913779258728,0.5642726421356201,0.36798667907714844,0.0019594200421124697,0.5823264718055725,0.3177988529205322,-0.010624960064888,0.6033556461334229,0.2682257294654846,-0.01594400778412819,0.5837239623069763,0.47132205963134766,0.015379436314105988,0.5981956720352173,0.41914525628089905,-0.017155898734927177,0.5817431211471558,0.48744118213653564,-0.015579726547002792,0.5733932852745056,0.5353704690933228,-0.0031251597683876753,0.6197295784950256,0.5012223720550537,0.00876626092940569,0.6259454488754272,0.4520171284675598,-0.016301900148391724,0.6102877855300903,0.49838924407958984,-0.010990437120199203,0.6030178070068359,0.5328357815742493,-2.767064142972231e-05
0.5633532404899597,0.6626043319702148,7.531314167863457e-07,0.5140168070793152,0.5844741463661194,-0.03147055581212044,0.4969041049480438,0.4762488305568695,-0.029157321900129318,0.5058261156082153,0.3868127167224884,-0.02579469420015812,0.5032697319984436,0.31789258122444153,-0.019021671265363693,0.48233816027641296,0.45088937878608704,0.01940445601940155,0.4700131118297577,0.35516637563705444,0.013398203998804092,0.4688861072063446,0.2971982955932617,0.007602966856211424,0.4698503911495209,0.2429305464029312,0.004120307508856058,0.524520218372345,0.45419713854789734,0.02743600495159626,0.5442603826522827,0.3629503548145294,0.015040066093206406,0.5656562447547913,0.30491387844085693,0.0031257853843271732,0.5855973958969116,0.25064757466316223,-0.001850948086939752,0.5632678270339966,0.4738660752773285,0.028349565342068672,0.5817893147468567,0.42406702041625977,-0.002366245025768876,0.5757430195808411,0.48621293902397156,-0.009256352670490742,0.5706413984298706,0.5299298763275146,-0.0024656904861330986,0.5980374217033386,0.4949217438697815,0.026707598939538002,0.6070165038108826,0.44497039914131165,0.0018817975651472807,0.5985954403877258,0.4895409345626831,0.0015032815281301737,0.5921884775161743,0.5247613787651062,0.008181064389646053
0.5813469290733337,0.6714053750038147,7.279696205841901e-07,0.5354514122009277,0.5934087634086609,-0.032964300364255905,0.5184858441352844,0.48825716972351074,-0.03108096681535244,0.5263888239860535,0.40229782462120056,-0.027260981500148773,0.521490216255188,0.33127591013908386,-0.02015424519777298,0.4985341429710388,0.4464990496635437,0.01695850118994713,0.48821088671684265,0.3518522083759308,0.01161650475114584,0.4891689419746399,0.2963135838508606,0.007160929962992668,0.49143821001052856,0.24337874352931976,0.004515457898378372,0.5407432317733765,0.45354363322257996,0.025567352771759033,0.5644183158874512,0.3629297912120819,0.0121782086789608,0.5895594358444214,0.3071633577346802,0.0004203430435154587,0.6129661798477173,0.25943273305892944,-0.003973818384110928,0.5791953206062317,0.4763045012950897,0.027031732723116875,0.5985422730445862,0.4306144714355469,-0.005811018403619528,0.5946145057678223,0.48911771178245544,-0.015987444669008255,0.591932475566864,0.5281565189361572,-0.011301089078187943,0.6133960485458374,0.49974626302719116,0.026231488212943077,0.621402382850647,0.4586239755153656,-0.0028936120215803385,0.6137633323669434,0.5062578916549683,-0.007254799362272024,0.6093553304672241,0.5406801700592041,-0.002899711485952139
0.6127594113349915,0.6653003692626953,7.461794666596688e-07,0.568810224533081,0.5805734992027283,-0.0332813486456871,0.5528489947319031,0.47212648391723633,-0.03052985668182373,0.5630154013633728,0.3852369785308838,-0.025814345106482506,0.5611428618431091,0.31232720613479614,-0.017521824687719345,0.533482015132904,0.4311496317386627,0.022653615102171898,0.5245295763015747,0.33688265085220337,0.01915705017745495,0.5275624990463257,0.28099149465560913,0.015340717509388924,0.5308554172515869,0.22874119877815247,0.01322570163756609,0.5760780572891235,0.43737396597862244,0.03217543289065361,0.6017131209373474,0.3486715257167816,0.021848341450095177,0.6282116770744324,0.29531723260879517,0.01120982225984335,0.6501508951187134,0.2473987489938736,0.007674338296055794,0.6145529747009277,0.4604896306991577,0.034096188843250275,0.6332548260688782,0.41918647289276123,0.004072656389325857,0.628246545791626,0.4795129895210266,-0.004690348636358976,0.622003972530365,0.5146548748016357,0.0006284084520302713,0.6473417282104492,0.4858723282814026,0.03355519846081734,0.6556150317192078,0.44575369358062744,0.00847844872623682,0.6461939215660095,0.49487680196762085,0.006828406825661659,0.6386695504188538,0.5255948901176453,0.012547457590699196
0.6379119753837585,0.6715080738067627,8.83897030234948e-07,0.5927251577377319,0.5816099047660828,-0.041387204080820084,0.5773175358772278,0.46681174635887146,-0.036179445683956146,0.585741400718689,0.37231820821762085,-0.026119761168956757,0.5801671147346497,0.29336029291152954,-0.0115736098960042,0.5511613488197327,0.4351668059825897,0.024676771834492683,0.5474956035614014,0.3306649923324585,0.02406984381377697,0.5569117665290833,0.26961034536361694,0.021775875240564346,0.566914439201355,0.21503406763076782,0.02096189744770527,0.5972511172294617,0.43894776701927185,0.041353777050971985,0.6293662190437317,0.3454025983810425,0.03395272046327591,0.6601316928863525,0.28471609950065613,0.022600341588258743,0.68630450963974,0.22911787033081055,0.01799745112657547,0.6372040510177612,0.4587057828903198,0.04932327941060066,0.6562495827674866,0.4174291789531708,0.021481242030858994,0.6502948999404907,0.47966283559799194,0.009923423640429974,0.6436437964439392,0.5150965452194214,0.012891711667180061,0.6724302172660828,0.47947850823402405,0.05417603999376297,0.6776450872421265,0.4415147006511688,0.02835433930158615,0.6667289137840271,0.49318450689315796,0.023245684802532196,0.6576939225196838,0.5257033705711365,0.02669249288737774
0.5936208367347717,0.6468814611434937,7.320033432733908e-07,0.5522844791412354,0.5612074732780457,-0.03717959672212601,0.5397087931632996,0.46401774883270264,-0.032871924340724945,0.5464701056480408,0.38352805376052856,-0.024796633049845695,0.5439515709877014,0.3156423568725586,-0.01285624410957098,0.5169137120246887,0.4278234839439392,0.022971995174884796,0.5098179578781128,0.33545607328414917,0.02432515285909176,0.5124038457870483,0.2827654480934143,0.022982874885201454,0.515680193901062,0.23346072435379028,0.02204340323805809,0.5581505298614502,0.4332510232925415,0.03769758343696594,0.5804383158683777,0.3487964868545532,0.032078128308057785,0.6043795943260193,0.2945125997066498,0.021250911056995392,0.625365674495697,0.2492179125547409,0.01620197668671608,0.5943440198898315,0.45395368337631226,0.04453572258353233,0.6091498732566833,0.41322842240333557,0.017308061942458153,0.6048274040222168,0.46620887517929077,0.0018499408615753055,0.6008633971214294,0.5018836855888367,0.0017088749445974827,0.6250043511390686,0.47385379672050476,0.0489610955119133,0.6289542317390442,0.436669260263443,0.023009207099676132,0.6205966472625732,0.4807385206222534,0.013937843032181263,0.6153367161750793,0.5128095746040344,0.013923357240855694
0.5840567350387573,0.5979231595993042,5.643120744025509e-07,0.5439466834068298,0.5303933620452881,-0.022782089188694954,0.5344619154930115,0.443217009305954,-0.02162969671189785,0.547221302986145,0.3690314292907715,-0.02053694799542427,0.5477944612503052,0.31014397740364075,-0.017093421891331673,0.5262854099273682,0.40661582350730896,0.016321303322911263,0.519726574420929,0.32686343789100647,0.011853529140353203,0.5206220149993896,0.28101813793182373,0.007162002380937338,0.5227686166763306,0.2373889684677124,0.003947839606553316,0.5633894801139832,0.4128683805465698,0.020034898072481155,0.5809817314147949,0.33738774061203003,0.010490182787179947,0.6003100275993347,0.29098406434059143,-0.0004095719486940652,0.6191362738609314,0.24954956769943237,-0.006019265856593847,0.5960553288459778,0.43448564410209656,0.018488364294171333,0.6044837236404419,0.39495229721069336,-0.006570123601704836,0.5977351665496826,0.4409489631652832,-0.014275162480771542,0.5954111814498901,0.4752693474292755,-0.010791639797389507,0.6246137619018555,0.45793309807777405,0.015279833227396011,0.622708797454834,0.4128926992416382,-0.005138362757861614,0.6142803430557251,0.44827142357826233,-0.005611488129943609,0.6121675372123718,0.4792211353778839,-0.000683653459418565
0.591339111328125,0.554804265499115,4.981535539627657e-07,0.5588483810424805,0.4945080876350403,-0.01723708212375641,0.5522231459617615,0.41977566480636597,-0.016497239470481873,0.5658493041992188,0.35825517773628235,-0.01642911322414875,0.5713056921958923,0.3118731379508972,-0.014494188129901886,0.5470603108406067,0.39102381467819214,0.0137122618034482,0.5432078242301941,0.3225752115249634,0.008426985703408718,0.545842707157135,0.2828919291496277,0.0035557891242206097,0.5499340891838074,0.24575868248939514,0.0005700082401745021,0.5778412222862244,0.39829644560813904,0.015451081097126007,0.5953608751296997,0.33412182331085205,0.005612547975033522,0.6128902435302734,0.2934640347957611,-0.0038925292901694775,0.6303545236587524,0.2580530047416687,-0.00818324089050293,0.6052492260932922,0.41839882731437683,0.013050506822764874,0.6149844527244568,0.38269713521003723,-0.009310023859143257,0.6076827645301819,0.4227130711078644,-0.014494802802801132,0.6050030589103699,0.45527294278144836,-0.00984115619212389,0.6295586824417114,0.4407958984375,0.009376917965710163,0.6310862898826599,0.4035680294036865,-0.00859204400330782,0.622738242149353,0.43375304341316223,-0.007872039452195168,0.620136559009552,0.4620441794395447,-0.0021235819440335035
0.5851014852523804,0.5356800556182861,4.519259277913079e-07,0.5576862096786499,0.47991180419921875,-0.013299310579895973,0.5527276992797852,0.4140090346336365,-0.013395538553595543,0.5643603205680847,0.3586583733558655,-0.014760787598788738,0.5681610107421875,0.31767016649246216,-0.01445767655968666,0.5471301078796387,0.3953705430030823,0.010375418700277805,0.5455766320228577,0.3347843885421753,0.0022725246381014585,0.5485338568687439,0.298635870218277,-0.00416951160877943,0.5530113577842712,0.2649552822113037,-0.008060862310230732,0.5743668675422668,0.4020875096321106,0.0101470360532403,0.5924802422523499,0.3461879789829254,-0.002161673502996564,0.6082790493965149,0.3104974925518036,-0.011485656723380089,0.6241134405136108,0.27840936183929443,-0.015658587217330933,0.5990577936172485,0.418630450963974,0.006498352158814669,0.610904335975647,0.38683226704597473,-0.01452985405921936,0.6026917099952698,0.42111465334892273,-0.016834644600749016,0.5992044806480408,0.4496490955352783,-0.011132275685667992,0.6207510828971863,0.43719929456710815,0.0016306184697896242,0.6250455975532532,0.40664196014404297,-0.013641665689647198,0.6163844466209412,0.43094345927238464,-0.011447290889918804,0.6133356690406799,0.453763484954834,-0.005359029397368431
0.5723642706871033,0.5281438231468201,4.3462671328597935e-07,0.5485403537750244,0.4737551808357239,-0.013617678545415401,0.5449931025505066,0.4134216010570526,-0.012983506545424461,0.5570096969604492,0.36590731143951416,-0.01329481415450573,0.5614504218101501,0.329010546207428,-0.012151997536420822,0.5384345650672913,0.39440301060676575,0.012166577391326427,0.537822425365448,0.3415260910987854,0.005656649358570576,0.542021632194519,0.30840063095092773,-0.00016258508549071848,0.5475969314575195,0.2786046862602234,-0.003381446935236454,0.5632199048995972,0.4029522240161896,0.01297910325229168,0.5803185105323792,0.3554040491580963,0.0028468442615121603,0.5952206254005432,0.322842538356781,-0.005858971271663904,0.6101917028427124,0.2947482764720917,-0.00953816156834364,0.5858638882637024,0.4200790226459503,0.010119427926838398,0.5974054932594299,0.3965812921524048,-0.008869058452546597,0.5899827480316162,0.42807966470718384,-0.013022743165493011,0.5865013003349304,0.4535861015319824,-0.008797449059784412,0.6057915091514587,0.43812933564186096,0.006078679114580154,0.6099851131439209,0.4111650586128235,-0.007680987007915974,0.6019874811172485,0.4333597719669342,-0.006670779082924128,0.598760724067688,0.4537113308906555,-0.001645806711167097
0.5401216149330139,0.509490430355072,3.805518815624964e-07,0.5178607106208801,0.46015477180480957,-0.010232050903141499,0.5137476325035095,0.4066629111766815,-0.009612634778022766,0.523949921131134,0.36200159788131714,-0.01033980306237936,0.5280722379684448,0.32851114869117737,-0.009961728006601334,0.5089179277420044,0.3919839560985565,0.011381835676729679,0.5064989924430847,0.3422124981880188,0.00477152643725276,0.5091553926467896,0.3117507994174957,-0.0007108596037141979,0.513414204120636,0.2842923402786255,-0.0036149858497083187,0.5317229628562927,0.3979901373386383,0.010819457471370697,0.5467202663421631,0.35082995891571045,0.001156852813437581,0.5590072870254517,0.32074373960494995,-0.006843117065727711,0.5717499852180481,0.2938854694366455,-0.010091450065374374,0.5528239011764526,0.4119536578655243,0.00733310217037797,0.5609290599822998,0.3889915347099304,-0.010052410885691643,0.5540761947631836,0.419193297624588,-0.012486112304031849,0.552043080329895,0.44293612241744995,-0.007639643736183643,0.571549654006958,0.42828911542892456,0.0029820629861205816,0.572281002998352,0.4032019376754761,-0.009288661181926727,0.564879834651947,0.42611250281333923,-0.006713430397212505,0.5631952285766602,0.4459933936595917,-0.0008012288017198443
0.5276610851287842,0.5056814551353455,3.813523505868943e-07,0.5037274956703186,0.45935314893722534,-0.011704111471772194,0.4994438886642456,0.40748828649520874,-0.01062922552227974,0.510291337966919,0.36474931240081787,-0.010653816163539886,0.5136269927024841,0.3322486877441406,-0.00972781702876091,0.49406448006629944,0.3928600549697876,0.012515033595263958,0.49200770258903503,0.34747299551963806,0.006184948142617941,0.49434012174606323,0.31841322779655457,0.0004472652799449861,0.4980625510215759,0.29193124175071716,-0.002889747964218259,0.5167889595031738,0.3990779519081116,0.012597468681633472,0.5302095413208008,0.35606029629707336,0.002497856505215168,0.5415841937065125,0.3272307217121124,-0.006211170461028814,0.5533882975578308,0.3022055923938751,-0.009860990568995476,0.5375485420227051,0.41362252831459045,0.009396011009812355,0.5465080738067627,0.39048975706100464,-0.009564128704369068,0.5400834083557129,0.4201697111129761,-0.013645745813846588,0.5374314785003662,0.44306889176368713,-0.009607426822185516,0.5559545755386353,0.4303511381149292,0.005315634422004223,0.5589866638183594,0.4072604179382324,-0.009022334590554237,0.5524194240570068,0.4291457235813141,-0.008244315162301064,0.5501853227615356,0.4477453827857971,-0.0033504015300422907
0.5089982748031616,0.5020670890808105,3.7914679751338554e-07,0.4850344657897949,0.45702484250068665,-0.010900769382715225,0.4794154465198517,0.4096164405345917,-0.009868917055428028,0.4879835247993469,0.3685768246650696,-0.009996417909860611,0.48987969756126404,0.33795398473739624,-0.009206370450556278,0.47346192598342896,0.39563482999801636,0.013767264783382416,0.4710808992385864,0.35331133008003235,0.007919888012111187,0.4734685719013214,0.3253769278526306,0.00221149530261755,0.477369487285614,0.3000269830226898,-0.001066654920578003,0.4956052601337433,0.4019317328929901,0.013953197747468948,0.5085464119911194,0.36078768968582153,0.0037565245293080807,0.5188871622085571,0.333662748336792,-0.005340917501598597,0.5294382572174072,0.3114320635795593,-0.009141198359429836,0.5157821774482727,0.4154338538646698,0.01098314393311739,0.5242927074432373,0.39296627044677734,-0.008273644372820854,0.5185664296150208,0.4212701618671417,-0.013693633489310741,0.5156247019767761,0.4439091384410858,-0.010412666015326977,0.5333756804466248,0.430610328912735,0.0074103763327002525,0.5354744791984558,0.40716156363487244,-0.00700597558170557,0.5290848016738892,0.42871206998825073,-0.007045120000839233,0.5260860323905945,0.4478825032711029,-0.002689181827008724
0.519102931022644,0.5066269636154175,3.5818052879221796e-07,0.493573933839798,0.4627850353717804,-0.011841297149658203,0.4880425035953522,0.4133921265602112,-0.01123519241809845,0.4989253282546997,0.37241214513778687,-0.011146222241222858,0.501314640045166,0.34055301547050476,-0.00994937028735876,0.4810250699520111,0.40053510665893555,0.01105562038719654,0.4790920615196228,0.35710281133651733,0.006410345900803804,0.4817329943180084,0.32954955101013184,0.0020306226797401905,0.4847720265388489,0.303752601146698,-0.0004653636133298278,0.5032756924629211,0.4072986841201782,0.011987537145614624,0.5147827863693237,0.36633506417274475,0.003565952181816101,0.5262207984924316,0.33951014280319214,-0.0036994898691773415,0.5372053980827332,0.31562817096710205,-0.0066497791558504105,0.5232663154602051,0.4203924238681793,0.009757875464856625,0.5326853394508362,0.39844250679016113,-0.007873434573411942,0.5291605591773987,0.42892763018608093,-0.011812373995780945,0.5263638496398926,0.45018723607063293,-0.008095814846456051,0.5418072938919067,0.4338439404964447,0.0067544905468821526,0.5469875931739807,0.4089917540550232,-0.006507399491965771,0.5422056317329407,0.43173444271087646,-0.005899002775549889,0.5385924577713013,0.45020878314971924,-0.0016445249784737825
0.5486291646957397,0.4892193078994751,3.924553482193005e-07,0.5219771265983582,0.447262167930603,-0.010474239476025105,0.5125011801719666,0.39622384309768677,-0.010016136802732944,0.5200441479682922,0.3523804247379303,-0.01055248361080885,0.5210014581680298,0.31964439153671265,-0.009980116039514542,0.5067986845970154,0.3795412480831146,0.009799854829907417,0.5029727816581726,0.3325594961643219,0.003619293449446559,0.5047580599784851,0.302010715007782,-0.001357262721285224,0.5079507231712341,0.27406567335128784,-0.003980372101068497,0.5300310254096985,0.3842417299747467,0.009677143767476082,0.5425077676773071,0.3410996198654175,-0.0004977461649104953,0.5547164082527161,0.31001850962638855,-0.008560752496123314,0.5661100149154663,0.28277143836021423,-0.011814527213573456,0.5517273545265198,0.39598163962364197,0.006787541322410107,0.562721312046051,0.3757106363773346,-0.011425653472542763,0.5601146221160889,0.40412595868110657,-0.015136639587581158,0.5588920712471008,0.4276985824108124,-0.011017097160220146,0.5709685683250427,0.409324049949646,0.0031594166066497564,0.5754627585411072,0.38772064447402954,-0.010458545759320259,0.5719594955444336,0.40944671630859375,-0.00963390339165926,0.5713840126991272,0.42906877398490906,-0.004799550399184227
0.6005951166152954,0.4791262447834015,4.218468916405982e-07,0.5646556615829468,0.4354971647262573,-0.011404257267713547,0.543563961982727,0.38005319237709045,-0.010167437605559826,0.5408918857574463,0.33014777302742004,-0.009761784225702286,0.5347500443458557,0.2956034541130066,-0.008152900263667107,0.5344193577766418,0.36857444047927856,0.010652356781065464,0.520361065864563,0.31842291355133057,0.0045517971739172935,0.5159832239151001,0.2853550910949707,9.412853614776395e-06,0.5130040645599365,0.25469696521759033,-0.002255186904221773,0.5600698590278625,0.3649406433105469,0.01026144903153181,0.5657213926315308,0.3098803460597992,0.0006033810204826295,0.5732333660125732,0.271996408700943,-0.007410056889057159,0.5795682668685913,0.23866723477840424,-0.010121658444404602,0.5866273045539856,0.3716754913330078,0.006895711645483971,0.5969264507293701,0.34207266569137573,-0.013086503371596336,0.5995995402336121,0.37290069460868835,-0.01745705120265484,0.6012640595436096,0.3970288634300232,-0.01277296245098114,0.6110727190971375,0.38340821862220764,0.0030020875856280327,0.6140087246894836,0.3551569879055023,-0.01232263632118702,0.6139378547668457,0.38080087304115295,-0.010973403230309486,0.6152284145355225,0.40178826451301575,-0.005094761028885841
0.6709895133972168,0.4976695477962494,4.56314552366166e-07,0.6248825192451477,0.45474889874458313,-0.013421212323009968,0.5996924638748169,0.39147835969924927,-0.009424603544175625,0.5960118770599365,0.3348419964313507,-0.00664535304531455,0.5848885178565979,0.2957245111465454,-0.0026355688460171223,0.5860958695411682,0.3752428889274597,0.018606174737215042,0.5671195387840271,0.3228507936000824,0.011430109851062298,0.5598641633987427,0.2839511036872864,0.0047971573658287525,0.5544072985649109,0.2487354874610901,0.0010360308224335313,0.6183140277862549,0.37230992317199707,0.01776987314224243,0.6233781576156616,0.30469727516174316,0.004090921953320503,0.6303941607475281,0.26269638538360596,-0.00772757176309824,0.6365887522697449,0.22693608701229095,-0.011805672198534012,0.6506702899932861,0.3807121217250824,0.012958791106939316,0.6581428050994873,0.34547582268714905,-0.014011121354997158,0.6627956628799438,0.38552388548851013,-0.021045297384262085,0.666156530380249,0.412100225687027,-0.01600944623351097,0.6818093657493591,0.39413177967071533,0.0075892792083323,0.6825507879257202,0.3632163107395172,-0.013302725739777088,0.6833660006523132,0.39609387516975403,-0.012928900308907032,0.6852276921272278,0.42045268416404724,-0.006501011550426483
0.7246938347816467,0.5849745869636536,6.642466132689151e-07,0.6686287522315979,0.5282866954803467,-0.01808878220617771,0.6325604915618896,0.44846564531326294,-0.014552594162523746,0.6257086992263794,0.3759180009365082,-0.012508983723819256,0.6131029725074768,0.3228546380996704,-0.008454849943518639,0.6208778619766235,0.42950114607810974,0.023136796429753304,0.5950912237167358,0.3597227931022644,0.01657377928495407,0.5843420624732971,0.31218013167381287,0.009940555319190025,0.5760446786880493,0.2660723924636841,0.005519852042198181,0.6591275334358215,0.42492562532424927,0.023248855024576187,0.664101243019104,0.34308236837387085,0.008599512279033661,0.6705729961395264,0.2853803336620331,-0.005545699503272772,0.6762598156929016,0.23192310333251953,-0.011905639432370663,0.6976150870323181,0.43463635444641113,0.018288103863596916,0.7065951824188232,0.3869476318359375,-0.012295212596654892,0.7104189991950989,0.4376676678657532,-0.020693352445960045,0.7148696184158325,0.47582176327705383,-0.0154499476775527,0.7342531085014343,0.4474947154521942,0.012189471162855625,0.7338312268257141,0.4062384068965912,-0.012439660727977753,0.7340760827064514,0.445084810256958,-0.013228677213191986,0.737687349319458,0.47609567642211914,-0.006805698852986097
0.7734453082084656,0.7190206050872803,7.906128871582041e-07,0.7110880613327026,0.6509355902671814,-0.02579258382320404,0.6759549379348755,0.5356504917144775,-0.023565785959362984,0.6785066723823547,0.4341486692428589,-0.02223847061395645,0.6738861799240112,0.362898051738739,-0.018593501299619675,0.6708083152770996,0.5140429735183716,0.017567267641425133,0.6420382857322693,0.4220733940601349,0.005106890574097633,0.631279468536377,0.359235942363739,-0.005586623679846525,0.625036358833313,0.29872241616249084,-0.013635887764394283,0.7156624794006348,0.5052849650382996,0.01834089308977127,0.7254979610443115,0.40207546949386597,-0.005692664533853531,0.7380778789520264,0.33309194445610046,-0.024036388844251633,0.7507659196853638,0.2685295343399048,-0.03229892626404762,0.7623142600059509,0.5193002820014954,0.013238493353128433,0.7716895341873169,0.44517865777015686,-0.02947690710425377,0.770654559135437,0.5206747651100159,-0.03453498333692551,0.7738425731658936,0.5783398747444153,-0.024027621373534203,0.8087406754493713,0.5404325723648071,0.006201928481459618,0.8081024289131165,0.4815034568309784,-0.03149650618433952,0.8037834167480469,0.5357224941253662,-0.03227484971284866,0.8055768013000488,0.5783331394195557,-0.02307344414293766
0.7507195472717285,0.7731542587280273,8.34141076211381e-07,0.686048150062561,0.6842535138130188,-0.024775594472885132,0.6612060070037842,0.5613437294960022,-0.018447192385792732,0.6734517216682434,0.45038509368896484,-0.014452008530497551,0.6727505922317505,0.3707110285758972,-0.0067754825577139854,0.6557022333145142,0.5281192064285278,0.03960679844021797,0.629963219165802,0.4173215627670288,0.03250442072749138,0.6208927631378174,0.3482336401939392,0.024438921362161636,0.6170113682746887,0.2820099890232086,0.018120521679520607,0.7070930600166321,0.517174243927002,0.04101530462503433,0.7136098146438599,0.40433675050735474,0.02240232191979885,0.7256788015365601,0.33534693717956543,0.00499163381755352,0.7394051551818848,0.2652326822280884,-0.0025893463753163815,0.7580327987670898,0.5343191027641296,0.03467641398310661,0.7716013789176941,0.4532735347747803,-0.00690468167886138,0.7649247646331787,0.5452355742454529,-0.010245428420603275,0.761098325252533,0.6075647473335266,0.002773610409349203,0.8097870349884033,0.5598094463348389,0.02621740847826004,0.8126776814460754,0.49220576882362366,-0.008962011896073818,0.8028638362884521,0.5533955693244934,-0.007363822311162949,0.7987988591194153,0.5959245562553406,0.0036799528170377016
0.7332658767700195,0.7700752019882202,9.595312349119922e-07,0.6717865467071533,0.6730831861495972,-0.03141764551401138,0.6569480895996094,0.5358626842498779,-0.029913658276200294,0.6808192133903503,0.4201129376888275,-0.029887663200497627,0.6860803961753845,0.3361045718193054,-0.026088163256645203,0.6559610366821289,0.4924111068248749,0.021297888830304146,0.6370362639427185,0.3709391951560974,0.006003978196531534,0.6295854449272156,0.29647618532180786,-0.005819558631628752,0.6284151077270508,0.22434696555137634,-0.01414672564715147,0.7103421688079834,0.4917720556259155,0.02212815172970295,0.7287561297416687,0.3721817135810852,-0.007061163894832134,0.7469950318336487,0.2934650182723999,-0.028494099155068398,0.7677850127220154,0.21551921963691711,-0.03747788816690445,0.7624490857124329,0.5203878879547119,0.015531640499830246,0.7907055020332336,0.4451577067375183,-0.03589870035648346,0.7721355557441711,0.5418375134468079,-0.03878443315625191,0.7581960558891296,0.608391523361206,-0.022827738896012306,0.8133387565612793,0.558390736579895,0.006331481039524078,0.8275660276412964,0.49124956130981445,-0.03654623404145241,0.8119693994522095,0.5530023574829102,-0.03436853736639023,0.8014233708381653,0.5975890159606934,-0.02085707150399685
0.6861379146575928,0.7508081197738647,8.720916184756788e-07,0.6242942810058594,0.6496224999427795,-0.030927207320928574,0.6058177947998047,0.5057859420776367,-0.031158825382590294,0.6269662976264954,0.38634124398231506,-0.03403177857398987,0.6332542300224304,0.2946831285953522,-0.0335167832672596,0.6063435077667236,0.45601826906204224,0.020673001185059547,0.5840379595756531,0.334622859954834,0.002270051743835211,0.578850269317627,0.2551368474960327,-0.010308830067515373,0.5795890688896179,0.17929410934448242,-0.018093615770339966,0.6636383533477783,0.4568105638027191,0.01991151086986065,0.6799896955490112,0.3369482755661011,-0.009865699335932732,0.7024680972099304,0.26159238815307617,-0.02788584493100643,0.7281386852264404,0.19053936004638672,-0.03369598090648651,0.7179087400436401,0.48297518491744995,0.010960619896650314,0.7351559400558472,0.41521763801574707,-0.041727982461452484,0.7170290350914001,0.512235164642334,-0.04295540601015091,0.7062599658966064,0.5829034447669983,-0.024677274748682976,0.7704588174819946,0.5191698670387268,-0.0005863559199497104,0.7765237092971802,0.4532071650028229,-0.040178459137678146,0.7599904537200928,0.5173944234848022,-0.034800637513399124,0.7501940131187439,0.5688570737838745,-0.019184136763215065
0.6105984449386597,0.6978155374526978,6.897583944009966e-07,0.5381406545639038,0.6080272793769836,-0.017540860921144485,0.5205744504928589,0.4624624252319336,-0.01587865874171257,0.5507206320762634,0.3400144875049591,-0.019030671566724777,0.5666550397872925,0.25967368483543396,-0.019473785534501076,0.5354068279266357,0.42717787623405457,0.013499845750629902,0.5104154348373413,0.2971569299697876,-0.005789570044726133,0.5009735822677612,0.21772384643554688,-0.016978725790977478,0.4961685538291931,0.14367333054542542,-0.024827459827065468,0.5918045043945312,0.4230368733406067,0.005684843752533197,0.5964127779006958,0.29608768224716187,-0.02853490225970745,0.6058844923973083,0.21241043508052826,-0.04948549345135689,0.6222829222679138,0.1346304714679718,-0.05838818475604057,0.6470606923103333,0.44525575637817383,-0.006654059514403343,0.643103301525116,0.37156641483306885,-0.05320833995938301,0.626040518283844,0.46974655985832214,-0.04426465556025505,0.6217206716537476,0.5398314595222473,-0.021917711943387985,0.7022491693496704,0.4799822270870209,-0.021170299500226974,0.686907947063446,0.41260600090026855,-0.05306398496031761,0.6712939739227295,0.4783533215522766,-0.039135102182626724,0.6698480844497681,0.5283802151679993,-0.019285913556814194
0.5662757754325867,0.6975218653678894,6.971367270125484e-07,0.4875766634941101,0.610295295715332,-0.021682506427168846,0.4688189625740051,0.4553752541542053,-0.018255773931741714,0.5039471387863159,0.32950159907341003,-0.019147677347064018,0.5252748727798462,0.2474934160709381,-0.01738690957427025,0.4883812665939331,0.41656258702278137,0.017018036916851997,0.4621187746524811,0.2828627824783325,-0.0008604960748925805,0.4504278898239136,0.2032594531774521,-0.012825503014028072,0.4441550076007843,0.12809652090072632,-0.02190425992012024,0.5451435446739197,0.41115790605545044,0.011196091771125793,0.546588122844696,0.2850877344608307,-0.022259242832660675,0.5505040287971497,0.1982165277004242,-0.044683851301670074,0.5639419555664062,0.11558845639228821,-0.055050283670425415,0.5992674231529236,0.43432536721229553,-0.0001491030416218564,0.5971483588218689,0.3513813018798828,-0.04839032143354416,0.5790648460388184,0.46030211448669434,-0.03928836062550545,0.5747436285018921,0.5341321229934692,-0.016441168263554573,0.6540731191635132,0.469767689704895,-0.014199014753103256,0.6419511437416077,0.3983752131462097,-0.05008414387702942,0.6236698627471924,0.4730011224746704,-0.03721072897315025,0.6201526522636414,0.5259630084037781,-0.017371296882629395
0.5880733132362366,0.7291182279586792,7.287065955097205e-07,0.5141235589981079,0.6429250836372375,-0.02544569969177246,0.49789106845855713,0.4872503876686096,-0.023162299767136574,0.5265259742736816,0.35576748847961426,-0.024018310010433197,0.5354921221733093,0.2663102149963379,-0.02138305827975273,0.5110865831375122,0.44679588079452515,0.013960955664515495,0.4835028350353241,0.3083301782608032,-0.00373886339366436,0.47065630555152893,0.22772635519504547,-0.013990429230034351,0.46333566308021545,0.15117278695106506,-0.0217109564691782,0.5674315690994263,0.43976733088493347,0.010394968092441559,0.5717229247093201,0.30801331996917725,-0.022900154814124107,0.579255223274231,0.2239055186510086,-0.043382398784160614,0.5956475138664246,0.14159435033798218,-0.05223282054066658,0.6210440397262573,0.4617173671722412,0.0009016148396767676,0.6220279932022095,0.3786376714706421,-0.04828530177474022,0.6053138971328735,0.48998111486434937,-0.03831607475876808,0.601399302482605,0.5638135671615601,-0.014812609180808067,0.6756916046142578,0.49527984857559204,-0.011581300757825375,0.6661282181739807,0.42580777406692505,-0.04922126606106758,0.6489701271057129,0.49959367513656616,-0.03733857348561287,0.6451512575149536,0.5490196943283081,-0.018139509484171867
0.5929751992225647,0.7526832818984985,7.27495546470891e-07,0.5200998187065125,0.6670824289321899,-0.02673731930553913,0.5036457777023315,0.5089448690414429,-0.024896519258618355,0.5312231183052063,0.37678393721580505,-0.02635178156197071,0.5396127104759216,0.2830438017845154,-0.024512700736522675,0.5164639949798584,0.4627792537212372,0.015689149498939514,0.4905262291431427,0.32583439350128174,-0.0035859064664691687,0.4797714352607727,0.24428604543209076,-0.015794767066836357,0.47416406869888306,0.16684314608573914,-0.024939974769949913,0.5741397738456726,0.45865941047668457,0.011929167434573174,0.5801761746406555,0.3290295898914337,-0.024795642122626305,0.5881516337394714,0.2460847944021225,-0.048460181802511215,0.6043010950088501,0.16373154520988464,-0.058978237211704254,0.6277703046798706,0.48291468620300293,0.002065285574644804,0.6299684047698975,0.3994310796260834,-0.04984510317444801,0.612149178981781,0.5101973414421082,-0.04076612368226051,0.6067088842391968,0.5815185308456421,-0.017294393852353096,0.6820781826972961,0.5167457461357117,-0.010831608437001705,0.67286217212677,0.4459826350212097,-0.04956727474927902,0.6551434397697449,0.5223342180252075,-0.03732200711965561,0.6506854295730591,0.5712305307388306,-0.0175941064953804
0.5971288084983826,0.7558573484420776,7.108096724550705e-07,0.5265971422195435,0.6729022860527039,-0.024593472480773926,0.5072991251945496,0.5196887254714966,-0.021676015108823776,0.5331611037254333,0.3902031481266022,-0.022623835131525993,0.5413962006568909,0.29914194345474243,-0.020123863592743874,0.5190373659133911,0.4732232689857483,0.018721379339694977,0.49255719780921936,0.3372381329536438,0.001121564768254757,0.48229849338531494,0.25754475593566895,-0.009525175206363201,0.47812673449516296,0.18209737539291382,-0.017839036881923676,0.5752805471420288,0.4680640697479248,0.014110133051872253,0.579903781414032,0.3428700566291809,-0.022372689098119736,0.5902228355407715,0.2628016173839569,-0.045556727796792984,0.6088389754295349,0.18331784009933472,-0.05585893243551254,0.627643883228302,0.49071285128593445,0.0034872812684625387,0.6336165070533752,0.40851813554763794,-0.04837276041507721,0.6177720427513123,0.5185636281967163,-0.03966878354549408,0.6125727891921997,0.5895513892173767,-0.016672775149345398,0.6811269521713257,0.5235738754272461,-0.009982416406273842,0.6749154925346375,0.45471706986427307,-0.04889454320073128,0.6579794883728027,0.528445839881897,-0.03774154558777809,0.6526781916618347,0.5756348967552185,-0.019053658470511436
0.6109102964401245,0.7840561270713806,6.871331379443291e-07,0.5460392236709595,0.69294273853302,-0.02569417655467987,0.5320259928703308,0.5426022410392761,-0.02420203760266304,0.558601438999176,0.4209353029727936,-0.026019034907221794,0.5733281373977661,0.33787715435028076,-0.02416892722249031,0.5413273572921753,0.49745041131973267,0.016142863780260086,0.5206338167190552,0.36265841126441956,-0.0027158327866345644,0.5117858052253723,0.283658504486084,-0.015654433518648148,0.5080256462097168,0.20998775959014893,-0.025238340720534325,0.5954535603523254,0.49832582473754883,0.012761353515088558,0.6053097248077393,0.3788325786590576,-0.02151196449995041,0.6168156862258911,0.3017432391643524,-0.04422328993678093,0.6350272297859192,0.22670644521713257,-0.055049896240234375,0.6451506614685059,0.5245707631111145,0.0032906418200582266,0.6558089852333069,0.44509512186050415,-0.04592697322368622,0.6376963257789612,0.5429408550262451,-0.040236860513687134,0.6297900080680847,0.6106060743331909,-0.020631274208426476,0.6936758160591125,0.559772253036499,-0.009169851429760456,0.6933588981628418,0.49381276965141296,-0.046998530626297,0.6773391962051392,0.5600866079330444,-0.038370560854673386,0.6725268363952637,0.606205940246582,-0.021996045485138893
0.6187851428985596,0.7773270606994629,8.304941729875281e-07,0.5521388053894043,0.6848028898239136,-0.03371021896600723,0.5350253582000732,0.5418322086334229,-0.03163345530629158,0.5565656423568726,0.4232252240180969,-0.030612915754318237,0.5653994679450989,0.33021533489227295,-0.02581704966723919,0.5365117192268372,0.4939788579940796,0.02340019680559635,0.5187056064605713,0.3687285780906677,0.011292438954114914,0.51460200548172,0.28992414474487305,0.0024246496614068747,0.5151545405387878,0.21406030654907227,-0.004041146486997604,0.5925396084785461,0.4934048056602478,0.026650793850421906,0.6091645359992981,0.37815797328948975,0.0024973591789603233,0.6283546686172485,0.3008878231048584,-0.014609933830797672,0.6507002115249634,0.22859588265419006,-0.02176695317029953,0.6423100829124451,0.5196534991264343,0.021542547270655632,0.6559284925460815,0.44702863693237305,-0.0268692746758461,0.64096999168396,0.5394235253334045,-0.029577944427728653,0.6340824365615845,0.6046169400215149,-0.014379388652741909,0.6892304420471191,0.5533496141433716,0.013646421954035759,0.6895155906677246,0.485562264919281,-0.026389414444565773,0.6739668250083923,0.5533947944641113,-0.024397270753979683,0.668333888053894,0.6041043996810913,-0.01229138020426035
0.6264589428901672,0.7540285587310791,1.0662047316145618e-06,0.571418285369873,0.6505436897277832,-0.051437944173812866,0.5556021332740784,0.5192364454269409,-0.052208296954631805,0.5679836273193359,0.4076260030269623,-0.04854554310441017,0.5654885172843933,0.3114739954471588,-0.0402621254324913,0.5323264598846436,0.45748668909072876,0.017375921830534935,0.5208233594894409,0.3311876356601715,0.011870307847857475,0.5203433632850647,0.25495871901512146,0.005389656405895948,0.5216424465179443,0.18394967913627625,0.0005768163246102631,0.5863545536994934,0.4672803580760956,0.0337429940700531,0.618793785572052,0.34936583042144775,0.018550913780927658,0.6508579850196838,0.2745574116706848,0.0012947103241458535,0.6794928312301636,0.20973050594329834,-0.007014015689492226,0.6335180401802063,0.5002937316894531,0.0404190793633461,0.6608099937438965,0.4422775208950043,-0.0011933582136407495,0.6503695845603943,0.5192201733589172,-0.016774794086813927,0.6399035453796387,0.5693099498748779,-0.012776521034538746,0.6733225584030151,0.532696008682251,0.04360336437821388,0.6862202882766724,0.47287771105766296,0.006384318694472313,0.6727302074432373,0.5337788462638855,-0.0006770089967176318,0.6610621213912964,0.5786336660385132,0.0034135165624320507
0.6359196901321411,0.760016679763794,1.1918074278582935e-06,0.5906928181648254,0.6513496041297913,-0.07161258161067963,0.5704768300056458,0.5213059782981873,-0.07330024987459183,0.5707167983055115,0.40814876556396484,-0.0645824670791626,0.561512291431427,0.3030741214752197,-0.04915662109851837,0.5268391966819763,0.45964038372039795,0.014448053203523159,0.5186588764190674,0.3330073654651642,0.012296893633902073,0.5224304795265198,0.25528258085250854,0.00815047137439251,0.5267270803451538,0.18279486894607544,0.005084638949483633,0.5801260471343994,0.46458113193511963,0.04588989168405533,0.6181444525718689,0.3494212329387665,0.03282336890697479,0.6570846438407898,0.2746637463569641,0.016390839591622353,0.6887076497077942,0.21328407526016235,0.009226811118423939,0.6271102428436279,0.4902985095977783,0.06465572118759155,0.6654807925224304,0.435829222202301,0.01996641233563423,0.6609804034233093,0.5180670022964478,-0.003944454248994589,0.6475647687911987,0.5672333836555481,-0.003836581250652671,0.6659609079360962,0.512647807598114,0.07890430092811584,0.687624454498291,0.46577030420303345,0.03626725450158119,0.6794605255126953,0.5326433181762695,0.01914835162460804,0.6647898554801941,0.5757563710212708,0.017153121531009674
0.6345970630645752,0.755145788192749,1.1675414270939655e-06,0.5908461213111877,0.6540650725364685,-0.07153794914484024,0.5652536153793335,0.5211020708084106,-0.07559332996606827,0.5616534948348999,0.406279057264328,-0.06876322627067566,0.5459814071655273,0.30112016201019287,-0.05504310876131058,0.519488513469696,0.4609118402004242,0.004739820025861263,0.5103893280029297,0.33404234051704407,-0.0010661340784281492,0.5137442946434021,0.25582894682884216,-0.006597389932721853,0.517140805721283,0.18205589056015015,-0.010395348072052002,0.5712299346923828,0.46396541595458984,0.03512492775917053,0.6136348247528076,0.3505234718322754,0.02033241279423237,0.6523833274841309,0.2775307297706604,0.006586054805666208,0.6838477849960327,0.2147393524646759,0.00048153585521504283,0.6169916391372681,0.48713362216949463,0.05322162061929703,0.6622006893157959,0.4323546886444092,0.010686561465263367,0.6585658192634583,0.5152186751365662,-0.0066345734521746635,0.6448695659637451,0.5631579160690308,-0.0038492653984576464,0.6562536358833313,0.5073609352111816,0.06623177975416183,0.6818826198577881,0.46229368448257446,0.027502981945872307,0.6757495403289795,0.5271700620651245,0.01537537295371294,0.66208815574646,0.5655946135520935,0.015654975548386574
0.6309342384338379,0.7522717118263245,1.1833379858217086e-06,0.586388885974884,0.6538988947868347,-0.07007552683353424,0.5628383755683899,0.5200474262237549,-0.07521811127662659,0.5623726844787598,0.40379640460014343,-0.07026765495538712,0.5478404760360718,0.2990058660507202,-0.058868907392024994,0.5152456760406494,0.4563354551792145,0.0037856297567486763,0.5093241333961487,0.3316945731639862,-0.005289624910801649,0.5143880844116211,0.2520122826099396,-0.013636171817779541,0.5195160508155823,0.17718073725700378,-0.019463760778307915,0.5683914422988892,0.4615072011947632,0.03197108581662178,0.6130024790763855,0.34854209423065186,0.013205207884311676,0.6544824838638306,0.279114693403244,-0.002429985674098134,0.6892142295837402,0.21731600165367126,-0.009242133237421513,0.6156145930290222,0.4867517650127411,0.04823853448033333,0.6623244285583496,0.4351327121257782,0.0037992452271282673,0.6544291973114014,0.518552303314209,-0.011357657611370087,0.6378344893455505,0.5636659860610962,-0.007073627784848213,0.6555907726287842,0.5107457041740417,0.05937887728214264,0.6826723217964172,0.4641190767288208,0.019427984952926636,0.6740226149559021,0.5300736427307129,0.009452917613089085,0.6577957272529602,0.5670862793922424,0.011471495032310486
0.6122289299964905,0.7388143539428711,1.2445985930753523e-06,0.5763155221939087,0.6382254362106323,-0.07771866768598557,0.5650111436843872,0.5065304636955261,-0.086800716817379,0.5749067664146423,0.3958165943622589,-0.08372584730386734,0.5772980451583862,0.2919723391532898,-0.07401187717914581,0.5225977301597595,0.4296107292175293,-0.004955837037414312,0.5304561853408813,0.30947938561439514,-0.018662258982658386,0.5461375117301941,0.22926002740859985,-0.032038573175668716,0.5626363754272461,0.1542663872241974,-0.04245785251259804,0.577475905418396,0.4409855604171753,0.026903443038463593,0.6323428153991699,0.34522342681884766,0.0025735690724104643,0.6827584505081177,0.28867262601852417,-0.018388107419013977,0.7244652509689331,0.23452992737293243,-0.029313713312149048,0.6246494054794312,0.47021257877349854,0.046653781086206436,0.6713554263114929,0.4284859299659729,-0.001149238320067525,0.6481785774230957,0.501121997833252,-0.02150731533765793,0.6196898221969604,0.5373862385749817,-0.02223554067313671,0.6632253527641296,0.49772271513938904,0.06079892814159393,0.6896499991416931,0.4720503091812134,0.014724266715347767,0.6700277924537659,0.5376719832420349,-0.0016043261857703328,0.6441758871078491,0.5728133916854858,-0.00425852183252573
0.588433027267456,0.7449555397033691,1.2072794106643414e-06,0.5453687906265259,0.6462299227714539,-0.07281406968832016,0.5341939330101013,0.5151262283325195,-0.08156206458806992,0.5493856072425842,0.40000125765800476,-0.08002737909555435,0.5566545724868774,0.29232344031333923,-0.07265765964984894,0.49907147884368896,0.4345429539680481,-0.004461771808564663,0.5029798150062561,0.30901673436164856,-0.01978803053498268,0.5148552656173706,0.2297552525997162,-0.031738463789224625,0.5282613635063171,0.1548822820186615,-0.04012378305196762,0.5555028915405273,0.44660741090774536,0.023248916491866112,0.6092866659164429,0.344311386346817,-0.005560434889048338,0.6564469337463379,0.2863757312297821,-0.02613110840320587,0.6963132619857788,0.23146852850914001,-0.03462424501776695,0.6024065017700195,0.4776562750339508,0.0394882969558239,0.6471084952354431,0.4421383738517761,-0.013618708588182926,0.6255852580070496,0.5294339060783386,-0.029880700632929802,0.6012377142906189,0.5712863802909851,-0.024581346660852432,0.6404768228530884,0.5068271160125732,0.05066988244652748,0.6658294200897217,0.47936198115348816,0.002853124402463436,0.6451836824417114,0.5483909249305725,-0.009250775910913944,0.6204847097396851,0.5816824436187744,-0.007045930717140436
0.5419052243232727,0.7365798950195312,7.212989885374554e-07,0.4870412051677704,0.6394060850143433,-0.02909715846180916,0.4864906668663025,0.49303504824638367,-0.03391432389616966,0.5242464542388916,0.3809143006801605,-0.04071000963449478,0.5426045656204224,0.292991042137146,-0.04461793228983879,0.4993573725223541,0.4323303997516632,0.002125602914020419,0.4937443435192108,0.30687427520751953,-0.018814926967024803,0.4933510720729828,0.22951991856098175,-0.032995402812957764,0.4991055428981781,0.15655624866485596,-0.04276181012392044,0.5520486235618591,0.4481838345527649,-0.0004000476037617773,0.5800129771232605,0.34768152236938477,-0.03375600650906563,0.5998140573501587,0.2869885265827179,-0.052090298384428024,0.6254684329032898,0.22448481619358063,-0.06042584031820297,0.6001687049865723,0.4863099753856659,-0.00894983857870102,0.6119280457496643,0.42369186878204346,-0.05744491517543793,0.5840297341346741,0.5163626074790955,-0.05475267767906189,0.5726763606071472,0.5781474709510803,-0.03866327181458473,0.643998920917511,0.527504026889801,-0.020292192697525024,0.647486686706543,0.4653140902519226,-0.05551646649837494,0.6208755970001221,0.5278643369674683,-0.047960471361875534,0.6075596809387207,0.5710521936416626,-0.0338900089263916
0.5454095005989075,0.7066102623939514,5.881096853954659e-07,0.4835284948348999,0.6172590255737305,-0.0339573509991169,0.49243229627609253,0.4646168649196625,-0.03498833253979683,0.54188472032547,0.3589246869087219,-0.03693506866693497,0.5698055028915405,0.2764880359172821,-0.03573011979460716,0.515454888343811,0.4158748388290405,0.005195212084800005,0.5153643488883972,0.29142463207244873,-0.014551240019500256,0.519293487071991,0.21457868814468384,-0.02789001539349556,0.5277248620986938,0.1429051160812378,-0.037554338574409485,0.5693090558052063,0.43214669823646545,0.005564877297729254,0.5863816738128662,0.3358110189437866,-0.029119763523340225,0.59993976354599,0.2722035050392151,-0.04994276538491249,0.6209967732429504,0.2104865312576294,-0.058840230107307434,0.6149722933769226,0.4702548384666443,-0.0010077303741127253,0.6245894432067871,0.40742257237434387,-0.0526362843811512,0.5907918810844421,0.5022113919258118,-0.04857100173830986,0.5751057863235474,0.5598167181015015,-0.029440758749842644,0.6598020792007446,0.5128148794174194,-0.010777010582387447,0.6601184606552124,0.45433637499809265,-0.04899315908551216,0.6300814151763916,0.5212642550468445,-0.040730759501457214,0.6177994012832642,0.5609907507896423,-0.024746758863329887
0.5384902954101562,0.7085237503051758,4.670717430599325e-07,0.48498713970184326,0.6144528388977051,-0.03012171760201454,0.49900302290916443,0.4562133252620697,-0.03246492147445679,0.5540368556976318,0.35952186584472656,-0.03690561652183533,0.5945055484771729,0.29550015926361084,-0.039028845727443695,0.5320054888725281,0.4135236144065857,-0.0005232598632574081,0.5315815806388855,0.28740739822387695,-0.020880743861198425,0.5324079990386963,0.20983994007110596,-0.03372780233621597,0.5388388633728027,0.13971760869026184,-0.0431625060737133,0.5840073227882385,0.43313732743263245,-0.003799165366217494,0.5953152775764465,0.33625704050064087,-0.040734585374593735,0.600520670413971,0.269736647605896,-0.06289475411176682,0.61604905128479,0.20740309357643127,-0.07223409414291382,0.6296740770339966,0.4740126132965088,-0.012583295814692974,0.632334291934967,0.4120749831199646,-0.06496768444776535,0.5920575857162476,0.5060280561447144,-0.06083780154585838,0.5734500885009766,0.5684415102005005,-0.04142558574676514,0.6718843579292297,0.5215924978256226,-0.02407010830938816,0.6644703149795532,0.46198034286499023,-0.06146036460995674,0.6314164400100708,0.5265882015228271,-0.051425155252218246,0.6194160580635071,0.5708879232406616,-0.03408302739262581
0.5454521775245667,0.712448239326477,3.3799844345594465e-07,0.500622570514679,0.6062854528427124,-0.022613581269979477,0.521598756313324,0.45925983786582947,-0.025873402133584023,0.5772350430488586,0.37790876626968384,-0.03302883356809616,0.622558057308197,0.32690900564193726,-0.03850121051073074,0.5589498281478882,0.42177608609199524,-0.00019666101434268057,0.564844012260437,0.29473012685775757,-0.02486942894756794,0.5685986280441284,0.21548014879226685,-0.04066477343440056,0.574947714805603,0.14577683806419373,-0.051160357892513275,0.6085060238838196,0.4478378891944885,-0.00862207729369402,0.6247197985649109,0.3462633788585663,-0.04808196425437927,0.6237019896507263,0.275715172290802,-0.07129640132188797,0.6311933994293213,0.2119126319885254,-0.08007928729057312,0.6527606248855591,0.4952739477157593,-0.02140769734978676,0.6494531631469727,0.4333077669143677,-0.07292584329843521,0.6051170229911804,0.5178414583206177,-0.06654258072376251,0.5843899846076965,0.5769532322883606,-0.044998589903116226,0.6925795674324036,0.5531403422355652,-0.03636513277888298,0.6801969408988953,0.4879908859729767,-0.0697367712855339,0.6430909633636475,0.545182466506958,-0.05495431274175644,0.629625678062439,0.5895096659660339,-0.033952753990888596
0.5470836162567139,0.7051440477371216,2.2744558236809098e-07,0.503013014793396,0.6061094999313354,-0.01966572180390358,0.5226783752441406,0.4619399309158325,-0.022036507725715637,0.5779824256896973,0.3838404417037964,-0.028659088537096977,0.6222774982452393,0.33369889855384827,-0.03435380384325981,0.565803587436676,0.42286887764930725,0.0017199948197230697,0.5692946910858154,0.2988901734352112,-0.020751064643263817,0.5710828900337219,0.2186223566532135,-0.03615722432732582,0.5753190517425537,0.14843150973320007,-0.047252193093299866,0.6120523810386658,0.4476830065250397,-0.00798918679356575,0.6241593360900879,0.3501315116882324,-0.04379819333553314,0.6170321702957153,0.2835562825202942,-0.0645962581038475,0.6190208792686462,0.21952757239341736,-0.07257819175720215,0.6541985869407654,0.4941883683204651,-0.02205168642103672,0.6458231806755066,0.430061936378479,-0.06986506283283234,0.6019685864448547,0.5133109092712402,-0.06298259645700455,0.5841988921165466,0.5694220066070557,-0.042765676975250244,0.6925206184387207,0.5528067946434021,-0.03822554647922516,0.6780062317848206,0.48447930812835693,-0.06967629492282867,0.6400638222694397,0.5402555465698242,-0.055411580950021744,0.6304938197135925,0.5838109254837036,-0.035928040742874146
0.5459809303283691,0.6896505951881409,1.4035701667580724e-07,0.5097041726112366,0.5886554718017578,-0.012274287641048431,0.5280773043632507,0.4557200074195862,-0.013744907453656197,0.5765005350112915,0.38507595658302307,-0.021212244406342506,0.6126949787139893,0.3375675678253174,-0.027611326426267624,0.5758947134017944,0.4168607294559479,0.0036648567765951157,0.5772948861122131,0.29159411787986755,-0.022254150360822678,0.577207088470459,0.21292415261268616,-0.04075862467288971,0.5804420709609985,0.14534062147140503,-0.05361597612500191,0.6167833209037781,0.44398483633995056,-0.010647921822965145,0.6237373352050781,0.3418889045715332,-0.04944077506661415,0.6147555112838745,0.27232328057289124,-0.0731901004910469,0.617223858833313,0.20480936765670776,-0.08363809436559677,0.6558759808540344,0.4900323152542114,-0.02848268859088421,0.6441853642463684,0.4209025204181671,-0.07666243612766266,0.602946937084198,0.5029942393302917,-0.06904403120279312,0.588600218296051,0.5581424236297607,-0.04896106198430061,0.6908470988273621,0.5498478412628174,-0.04799357056617737,0.6755437850952148,0.4757583737373352,-0.07886963337659836,0.6372830271720886,0.5299718379974365,-0.06320512294769287,0.6279074549674988,0.5736948847770691,-0.04300558567047119
0.5528855323791504,0.6901465058326721,-9.488735130958048e-09,0.5231505036354065,0.5854254364967346,-0.001611433457583189,0.5459904670715332,0.4605497717857361,-0.00147659657523036,0.5887966156005859,0.39158615469932556,-0.009653688408434391,0.6176366806030273,0.3427269160747528,-0.01721157692372799,0.6042984127998352,0.42534884810447693,0.012423615902662277,0.6106477975845337,0.3085370659828186,-0.01421977300196886,0.610643744468689,0.22891265153884888,-0.034949854016304016,0.6091740727424622,0.15955430269241333,-0.050070419907569885,0.6396785974502563,0.45252639055252075,-0.008803850039839745,0.6421538591384888,0.34416627883911133,-0.050947029143571854,0.6195484399795532,0.2640801668167114,-0.07803639024496078,0.6072442531585693,0.19009819626808167,-0.09066234529018402,0.6727789640426636,0.4987086057662964,-0.03260725364089012,0.6537115573883057,0.4198591113090515,-0.0801943838596344,0.6118170619010925,0.5010664463043213,-0.07061213999986649,0.5983248949050903,0.5562990307807922,-0.050096672028303146,0.701714277267456,0.5600615739822388,-0.05750366300344467,0.6797330975532532,0.4818752408027649,-0.08662258088588715,0.6424688100814819,0.5335454344749451,-0.06932787597179413,0.6356942057609558,0.575421154499054,-0.048641085624694824
0.5604715347290039,0.6603516340255737,3.671750334888202e-07,0.5121040344238281,0.5634341835975647,-0.014164002612233162,0.5253759622573853,0.4242240786552429,-0.012390147894620895,0.5788050889968872,0.3365156054496765,-0.015583166852593422,0.6163704991340637,0.28127455711364746,-0.017492065206170082,0.5574138760566711,0.39555853605270386,0.01142090279608965,0.5601561665534973,0.2744271755218506,-0.007852450013160706,0.5651953220367432,0.2014380246400833,-0.0196604635566473,0.57240891456604,0.13676795363426208,-0.0273690577596426,0.6063889265060425,0.41248610615730286,0.0019309894414618611,0.6241507530212402,0.2957831621170044,-0.027189165353775024,0.6298802495002747,0.22194582223892212,-0.04466240480542183,0.6418715715408325,0.1522284746170044,-0.05114845186471939,0.6507117748260498,0.4511081278324127,-0.011870893649756908,0.6533218026161194,0.37451428174972534,-0.055836379528045654,0.6171815991401672,0.4566466212272644,-0.04950398579239845,0.5999646782875061,0.5167068839073181,-0.029413582757115364,0.6919978857040405,0.5020624399185181,-0.027151498943567276,0.6889234781265259,0.4280996024608612,-0.05793965980410576,0.6579430103302002,0.48132872581481934,-0.04591263458132744,0.6461841464042664,0.5272465944290161,-0.027627136558294296
0.5692986249923706,0.6299618482589722,7.480537647097663e-07,0.5062844753265381,0.5431765913963318,-0.021746786311268806,0.49478861689567566,0.41670605540275574,-0.0188448466360569,0.5219650864601135,0.3070514500141144,-0.019668420776724815,0.5344998836517334,0.22719387710094452,-0.017104579135775566,0.5035232305526733,0.3725426197052002,0.02709515392780304,0.4873743951320648,0.2560049891471863,0.015621520578861237,0.48248979449272156,0.18277022242546082,0.0061013102531433105,0.4824580252170563,0.11382320523262024,-0.0011865017004311085,0.5552293658256531,0.37153148651123047,0.024364637210965157,0.5656586289405823,0.259528249502182,-0.0005439810338430107,0.5777890086174011,0.18203558027744293,-0.02067015878856182,0.5956540107727051,0.11369529366493225,-0.030465153977274895,0.6018106341362,0.3958122432231903,0.015468427911400795,0.6091744899749756,0.3255084156990051,-0.0274193212389946,0.5913408994674683,0.4122909605503082,-0.027386680245399475,0.5842007398605347,0.4773007333278656,-0.011888225562870502,0.6491080522537231,0.42677026987075806,0.004402521997690201,0.646586537361145,0.3614548146724701,-0.028095277026295662,0.629568338394165,0.4197694659233093,-0.022353889420628548,0.6223102807998657,0.46736180782318115,-0.008696590550243855
0.5804940462112427,0.6119893789291382,7.765628424749593e-07,0.5216159820556641,0.5246167778968811,-0.020936593413352966,0.5077055096626282,0.40315327048301697,-0.018244167789816856,0.5280080437660217,0.2964778244495392,-0.018722886219620705,0.5352112650871277,0.22069905698299408,-0.015675069764256477,0.5112966895103455,0.36599141359329224,0.024309584870934486,0.49505987763404846,0.25076526403427124,0.012480187229812145,0.49109476804733276,0.1806991994380951,0.0023588882759213448,0.4925684928894043,0.11430540680885315,-0.005471139680594206,0.5607073903083801,0.36404523253440857,0.022143647074699402,0.5721378922462463,0.25312358140945435,-0.003297096583992243,0.5856345295906067,0.17654412984848022,-0.024860864505171776,0.6054369211196899,0.10714331269264221,-0.03609142079949379,0.6063662171363831,0.386229544878006,0.01463435310870409,0.6181454658508301,0.31944048404693604,-0.025532333180308342,0.6014373898506165,0.40124860405921936,-0.024864118546247482,0.594032347202301,0.464044988155365,-0.010426841676235199,0.6518831253051758,0.41616499423980713,0.004869415424764156,0.6525528430938721,0.3544750213623047,-0.026417044922709465,0.6377624869346619,0.4089902341365814,-0.020503027364611626,0.6312564611434937,0.4541844129562378,-0.007235052529722452
0.5957897901535034,0.5820801258087158,6.49536332275602e-07,0.53413987159729,0.5066596269607544,-0.013944484293460846,0.5110019445419312,0.40410953760147095,-0.006044956389814615,0.521405041217804,0.3104402720928192,-0.0018799158278852701,0.5239342451095581,0.2494177520275116,0.005006615538150072,0.5117645263671875,0.38399815559387207,0.03602181747555733,0.48888108134269714,0.29214853048324585,0.03067973256111145,0.48136836290359497,0.23527544736862183,0.024892134591937065,0.47753238677978516,0.1815793514251709,0.02055628038942814,0.553765058517456,0.3753770589828491,0.03390451520681381,0.5559478998184204,0.2770729660987854,0.01891881600022316,0.5638979077339172,0.20982517302036285,0.004131136927753687,0.5768234133720398,0.14915534853935242,-0.0027698592748492956,0.5964182019233704,0.38756364583969116,0.02620898000895977,0.6019821763038635,0.32575753331184387,-0.0049497815780341625,0.5973076224327087,0.3940780460834503,-0.007042742799967527,0.5994013547897339,0.44731178879737854,0.003907619509845972,0.6404517889022827,0.4085085988044739,0.016993852332234383,0.636574923992157,0.35373127460479736,-0.007317122537642717,0.629525363445282,0.39868348836898804,-0.0036288846749812365,0.6313689351081848,0.4387478530406952,0.0066719939932227135
0.598517119884491,0.5878728032112122,6.282443791860715e-07,0.5425041913986206,0.5115066766738892,-0.013876049779355526,0.5212573409080505,0.4100499153137207,-0.008205095306038857,0.529445469379425,0.31958723068237305,-0.006260321941226721,0.5288509130477905,0.2604370713233948,-0.0018162475898861885,0.5196198225021362,0.38884755969047546,0.03003760799765587,0.4972074031829834,0.3009933829307556,0.021754929795861244,0.49035409092903137,0.24567313492298126,0.01341206580400467,0.48828092217445374,0.19386471807956696,0.007638196926563978,0.5605249404907227,0.38269099593162537,0.026651568710803986,0.5632175803184509,0.2872016429901123,0.010414978489279747,0.5701603889465332,0.22125713527202606,-0.005717335268855095,0.5821647644042969,0.16206024587154388,-0.0136667275801301,0.6019769310951233,0.3969716429710388,0.01816530153155327,0.6090291738510132,0.33668452501296997,-0.01279337890446186,0.6026167273521423,0.4000662863254547,-0.014765586704015732,0.6021849513053894,0.4526640474796295,-0.004360646940767765,0.6440023183822632,0.42067599296569824,0.008114714175462723,0.6415390968322754,0.36529162526130676,-0.015656031668186188,0.6338849067687988,0.4079813063144684,-0.010782421566545963,0.6334103941917419,0.4489326775074005,0.00025181935052387416
0.592848002910614,0.5672100186347961,5.60154319373396e-07,0.538042426109314,0.4949851930141449,-0.007450620178133249,0.516964316368103,0.40699493885040283,0.00021399412071332335,0.5270963907241821,0.32984960079193115,0.0036049101036041975,0.5312932729721069,0.28278353810310364,0.009332949295639992,0.5193175673484802,0.39717623591423035,0.03271659463644028,0.49745428562164307,0.32176992297172546,0.025942156091332436,0.49053245782852173,0.27436819672584534,0.019759424030780792,0.4863439202308655,0.23015516996383667,0.015674781054258347,0.5580502152442932,0.3897154629230499,0.027707774192094803,0.559596598148346,0.3052821755409241,0.011864148080348969,0.5657064318656921,0.24541480839252472,-0.0020985370501875877,0.5741704106330872,0.19025669991970062,-0.0080051114782691,0.5981826782226562,0.4008495807647705,0.018338050693273544,0.6002275943756104,0.34475570917129517,-0.01012569759041071,0.5991440415382385,0.4003638029098511,-0.011504162102937698,0.602056086063385,0.4446183145046234,-0.0010368761140853167,0.6386304497718811,0.4226042330265045,0.008149170316755772,0.6357837319374084,0.3722462058067322,-0.012625659815967083,0.6296024322509766,0.4084116220474243,-0.008048098534345627,0.6308797597885132,0.4430122673511505,0.0022532427683472633
0.5822998881340027,0.5474096536636353,5.285287443257403e-07,0.5301191806793213,0.4833143949508667,-0.006017383188009262,0.5095725059509277,0.4032706320285797,0.0028871507383883,0.5183784365653992,0.33414459228515625,0.007500008679926395,0.5203273296356201,0.29306402802467346,0.014374138787388802,0.514977216720581,0.3928375840187073,0.033203840255737305,0.49387145042419434,0.32663223147392273,0.027952229604125023,0.4859985113143921,0.28110143542289734,0.023382415995001793,0.4814838767051697,0.24054181575775146,0.020496942102909088,0.5528371930122375,0.38583385944366455,0.028019055724143982,0.5531374216079712,0.3105776309967041,0.012480570003390312,0.5559487342834473,0.25111544132232666,-0.0018503392348065972,0.5612167716026306,0.19782811403274536,-0.00751747889444232,0.5917192101478577,0.3952932357788086,0.01882573775947094,0.589422345161438,0.34554463624954224,-0.010110968723893166,0.5894308686256409,0.3939547538757324,-0.014105656184256077,0.5930531620979309,0.43413397669792175,-0.004786480218172073,0.630393385887146,0.4150290787220001,0.009267193265259266,0.6257085204124451,0.36891087889671326,-0.012289539910852909,0.6192493438720703,0.4004722237586975,-0.01013015117496252,0.619926929473877,0.43416455388069153,-0.0010828784434124827
0.5591278672218323,0.5464586615562439,5.081433869236207e-07,0.5073455572128296,0.4798818528652191,-0.003144119866192341,0.49054792523384094,0.40349942445755005,0.008976267650723457,0.5039017796516418,0.3365456163883209,0.01616680435836315,0.5087212920188904,0.2967866063117981,0.0256505124270916,0.49691182374954224,0.39754053950309753,0.047334689646959305,0.47822922468185425,0.33504822850227356,0.04685687646269798,0.47128069400787354,0.29333844780921936,0.043610114604234695,0.4668366312980652,0.2556442618370056,0.04134497046470642,0.5338799953460693,0.38947102427482605,0.04269757866859436,0.5342220664024353,0.31775182485580444,0.03159501403570175,0.5353156924247742,0.26153939962387085,0.016878141090273857,0.5377823114395142,0.2076735943555832,0.01058331597596407,0.5711678862571716,0.39742007851600647,0.033661484718322754,0.5689751505851746,0.3515844941139221,0.008192920126020908,0.5668454766273499,0.4022846817970276,0.002821396803483367,0.5696272253990173,0.4430113434791565,0.010786990635097027,0.608784019947052,0.41450005769729614,0.0243989210575819,0.6030703783035278,0.37162333726882935,0.006039313040673733,0.595740556716919,0.4052765369415283,0.008358546532690525,0.5965791344642639,0.43917736411094666,0.017050838097929955
0.5659769773483276,0.53370600938797,3.5754243299379596e-07,0.5219352841377258,0.46680590510368347,-0.0035184957087039948,0.5159342288970947,0.3942238986492157,0.007703679613769054,0.5413703322410583,0.3348792791366577,0.014082209207117558,0.5560663342475891,0.2993113398551941,0.021978167816996574,0.5300171971321106,0.39376500248908997,0.0435669906437397,0.5186434388160706,0.3392634987831116,0.04135039448738098,0.513308584690094,0.29868167638778687,0.03611190989613533,0.5114248394966125,0.2615259289741516,0.03235575929284096,0.5634843111038208,0.39212116599082947,0.0389416366815567,0.5663148164749146,0.3237992823123932,0.0290504340082407,0.5673050880432129,0.2714691758155823,0.015982475131750107,0.5736934542655945,0.2238103598356247,0.00996926985681057,0.5961222052574158,0.4044357240200043,0.029633592814207077,0.5955779552459717,0.35840874910354614,0.00494186719879508,0.5837474465370178,0.40217822790145874,-0.001046717632561922,0.5822802186012268,0.4439716935157776,0.006049595773220062,0.6301513910293579,0.422863632440567,0.019851520657539368,0.6273282170295715,0.3775024712085724,0.002155677415430546,0.6154126524925232,0.40217307209968567,0.003130705328658223,0.6122782230377197,0.4353891611099243,0.010234166868031025
0.5764896869659424,0.5290675163269043,3.188108337326412e-07,0.5364890694618225,0.4616437554359436,-0.004466400481760502,0.5370548963546753,0.3884574770927429,0.004491561092436314,0.5695464611053467,0.33677905797958374,0.009220044128596783,0.5906639099121094,0.3060135245323181,0.015006424859166145,0.5530840754508972,0.3858804404735565,0.034822557121515274,0.5459471344947815,0.33240020275115967,0.030391966924071312,0.5426380038261414,0.2927538752555847,0.024758342653512955,0.5430091023445129,0.256743460893631,0.0212016012519598,0.5868047475814819,0.3879152238368988,0.02956286258995533,0.5928722620010376,0.32139328122138977,0.018179884180426598,0.5952001810073853,0.2693842053413391,0.0056878007017076015,0.6037915945053101,0.22233030200004578,0.0005006822175346315,0.6192487478256226,0.4047040641307831,0.020216627046465874,0.6173301935195923,0.3637904226779938,-0.004593328107148409,0.6008293628692627,0.40582969784736633,-0.00855979137122631,0.5953675508499146,0.44453176856040955,-0.00012027525372104719,0.6518012881278992,0.4289547801017761,0.010420008562505245,0.6469428539276123,0.3841414749622345,-0.005436487961560488,0.6328800916671753,0.4077589511871338,-0.0012999415630474687,0.6282976269721985,0.43762242794036865,0.007806062698364258
0.5812994241714478,0.536544680595398,2.9503476639547443e-07,0.5434524416923523,0.46480464935302734,-0.004819366615265608,0.5488300323486328,0.3875681757926941,0.003991039469838142,0.5862510204315186,0.33839336037635803,0.008253752253949642,0.6102805137634277,0.3084981441497803,0.013340726494789124,0.5690253376960754,0.3855569064617157,0.03586713969707489,0.5645930767059326,0.32845839858055115,0.031035931780934334,0.5627367496490479,0.28835493326187134,0.02489558979868889,0.5645679235458374,0.25181758403778076,0.02076314575970173,0.6030016541481018,0.39039117097854614,0.030237315222620964,0.6107943654060364,0.3208034634590149,0.017926756292581558,0.612217128276825,0.2680123448371887,0.0042939502745866776,0.6200776100158691,0.22035205364227295,-0.001670694793574512,0.6353484988212585,0.4107876420021057,0.020448755472898483,0.6331387758255005,0.3653334975242615,-0.005708849057555199,0.6131466627120972,0.40909841656684875,-0.009407716803252697,0.6053604483604431,0.4494793713092804,-0.0005954952212050557,0.6668108701705933,0.4384356737136841,0.010150663554668427,0.6605525016784668,0.3911226987838745,-0.007323804777115583,0.6441517472267151,0.4164882302284241,-0.003058791859075427,0.6393415927886963,0.44690707325935364,0.006398141384124756
0.5870554447174072,0.5437492728233337,3.632414973253617e-07,0.5459082126617432,0.4734981656074524,-0.007481445092707872,0.5450021028518677,0.39350950717926025,0.0003022406599484384,0.5748298764228821,0.33192113041877747,0.003930001053959131,0.5919504165649414,0.29166650772094727,0.008696536533534527,0.5606613159179688,0.3840511739253998,0.032252125442028046,0.5545681715011597,0.3175414800643921,0.026396112516522408,0.5541546940803528,0.2744126319885254,0.0205076914280653,0.5581383109092712,0.23601214587688446,0.016869258135557175,0.5975860953330994,0.38736942410469055,0.02785486914217472,0.6058443784713745,0.3157797157764435,0.01413551066070795,0.6112233400344849,0.2624094486236572,0.0007271919748745859,0.6220486760139465,0.21309030055999756,-0.004883766174316406,0.6320669054985046,0.4066234529018402,0.019198378548026085,0.6343019604682922,0.35972467064857483,-0.009280559606850147,0.6164088845252991,0.40931448340415955,-0.012002445757389069,0.6073252558708191,0.4531436562538147,-0.0018504266627132893,0.6654993891716003,0.4350290298461914,0.009914171881973743,0.6642177104949951,0.38656771183013916,-0.011100711300969124,0.6471472382545471,0.41467490792274475,-0.007143201772123575,0.6369852423667908,0.4482598602771759,0.003097612876445055
0.6241382956504822,0.5329530239105225,6.510405228254967e-07,0.5730242133140564,0.4630127251148224,-0.014488209038972855,0.5551936626434326,0.38125959038734436,-0.008175931870937347,0.564574122428894,0.3130573332309723,-0.004525608383119106,0.5664094686508179,0.26876160502433777,0.0006313094636425376,0.5494493842124939,0.36099985241889954,0.02978219836950302,0.5376541018486023,0.2897685468196869,0.021978355944156647,0.5361262559890747,0.24111860990524292,0.013748250901699066,0.5371139645576477,0.1960800141096115,0.0086295735090971,0.5874421000480652,0.36637160181999207,0.028334058821201324,0.6010875701904297,0.28820860385894775,0.011827764101326466,0.6155458688735962,0.23376689851284027,-0.004288358613848686,0.6295633912086487,0.18660342693328857,-0.011105573736131191,0.6236329078674316,0.3848627805709839,0.02172633819282055,0.6378028392791748,0.3421485424041748,-0.011348155327141285,0.6334344148635864,0.3895762264728546,-0.021836165338754654,0.6308553814888,0.4285508394241333,-0.016713565215468407,0.6573991775512695,0.4083215296268463,0.014376716688275337,0.6635379195213318,0.37157073616981506,-0.012466967105865479,0.6601894497871399,0.4060538411140442,-0.014627817086875439,0.6599847674369812,0.4378941059112549,-0.008226484060287476
0.6391993165016174,0.5400701761245728,6.561167538166046e-07,0.589813768863678,0.4636741876602173,-0.016610223799943924,0.573083221912384,0.3826506733894348,-0.009419853799045086,0.5813198685646057,0.316876620054245,-0.004125181119889021,0.5830662250518799,0.2718520760536194,0.003083733841776848,0.5634792447090149,0.3643447756767273,0.0333641916513443,0.5544301271438599,0.2907146215438843,0.028761448338627815,0.5543555021286011,0.24282680451869965,0.022000372409820557,0.5560762882232666,0.19906456768512726,0.0176994726061821,0.6015477776527405,0.37130051851272583,0.03457903116941452,0.6162432432174683,0.295181542634964,0.021266194060444832,0.63134765625,0.23949772119522095,0.005147197749465704,0.6465865969657898,0.19318176805973053,-0.002389842178672552,0.637342631816864,0.3903750479221344,0.03008164092898369,0.6523118615150452,0.3483487367630005,-0.0007478424813598394,0.6495322585105896,0.3919820487499237,-0.015389792621135712,0.6481664776802063,0.42980289459228516,-0.013749008066952229,0.6693337559700012,0.41107431054115295,0.024740897119045258,0.675138533115387,0.3763962388038635,-0.0020712316036224365,0.6723467707633972,0.40854206681251526,-0.008564571850001812,0.672907292842865,0.4399525821208954,-0.005650809966027737
0.6446510553359985,0.5315793752670288,6.63864000216563e-07,0.5965797901153564,0.4561816155910492,-0.018514152616262436,0.579345166683197,0.378415048122406,-0.01241458859294653,0.586846649646759,0.3153265416622162,-0.007473636884242296,0.5868085622787476,0.2703189253807068,-0.0005947657045908272,0.5639141798019409,0.36002135276794434,0.02992185391485691,0.5558943748474121,0.28548169136047363,0.024727843701839447,0.5568941235542297,0.23733825981616974,0.017800243571400642,0.5595393180847168,0.19426588714122772,0.01370310503989458,0.6030030250549316,0.36568358540534973,0.0324309878051281,0.6180642247200012,0.2889806032180786,0.019045259803533554,0.6350857019424438,0.2362438291311264,0.003240988589823246,0.65125572681427,0.19333375990390778,-0.003757192986086011,0.6395593881607056,0.3832348585128784,0.02934366837143898,0.6539197564125061,0.34175950288772583,-0.0014091257471591234,0.6530754566192627,0.38453277945518494,-0.016068577766418457,0.6518629193305969,0.4196443259716034,-0.01441538892686367,0.6710971593856812,0.4040880501270294,0.025471072643995285,0.6767963767051697,0.3675675392150879,-0.00032925326377153397,0.6734553575515747,0.40114927291870117,-0.005887970328330994,0.6723775863647461,0.4324772357940674,-0.0023778313770890236
0.6616485118865967,0.5565482378005981,6.161383225844475e-07,0.6210229992866516,0.47279325127601624,-0.03219510614871979,0.6006023287773132,0.39509013295173645,-0.01778624951839447,0.5929282903671265,0.335832804441452,0.001833498477935791,0.5807863473892212,0.28496164083480835,0.0259439367800951,0.5668259859085083,0.3805011212825775,0.042465969920158386,0.5587013959884644,0.30368340015411377,0.05226517841219902,0.5592437386512756,0.25569137930870056,0.05554655194282532,0.5616828203201294,0.21380652487277985,0.05818627029657364,0.6013669371604919,0.3858480155467987,0.06151333078742027,0.6185041069984436,0.31033337116241455,0.06327305734157562,0.6351398229598999,0.26240360736846924,0.053677137941122055,0.6514106392860413,0.22828182578086853,0.049990229308605194,0.6329121589660645,0.3992139995098114,0.07214093208312988,0.6561806797981262,0.3565967082977295,0.05011439695954323,0.6639757752418518,0.39777931571006775,0.027082813903689384,0.6646555066108704,0.42622309923171997,0.021891070529818535,0.6600043773651123,0.41000527143478394,0.08134768903255463,0.6727345585823059,0.382576584815979,0.05635535717010498,0.6777043342590332,0.41427138447761536,0.03850836306810379,0.6783162951469421,0.4385641813278198,0.03258202597498894
0.6596710085868835,0.5736873149871826,5.08781567987171e-07,0.6256062388420105,0.48337894678115845,-0.036989275366067886,0.6075325012207031,0.4104363024234772,-0.016133394092321396,0.600335955619812,0.3590608835220337,0.014362521469593048,0.5884930491447449,0.30937665700912476,0.05110935494303703,0.5695212483406067,0.39847421646118164,0.03941204026341438,0.5664501786231995,0.32036900520324707,0.056246910244226456,0.5681307911872864,0.2743946313858032,0.06359963864088058,0.57147616147995,0.23415623605251312,0.06797976046800613,0.6009956002235413,0.40587523579597473,0.06453794986009598,0.6200186014175415,0.3336664140224457,0.07603369653224945,0.6373430490493774,0.28340721130371094,0.06645596027374268,0.653941810131073,0.24580314755439758,0.05950162187218666,0.629092276096344,0.41857269406318665,0.0807737186551094,0.6492204070091248,0.3767741918563843,0.06387045234441757,0.6571679711341858,0.40607360005378723,0.02789381518959999,0.6577168703079224,0.42965051531791687,0.01116079743951559,0.6556031703948975,0.4262472689151764,0.09572341293096542,0.6620829701423645,0.4018894135951996,0.06782268732786179,0.6706334948539734,0.4224392771720886,0.03629058599472046,0.6743701696395874,0.4449339509010315,0.019135238602757454
0.6579492092132568,0.5302388072013855,5.448327442536538e-07,0.6265948414802551,0.4610174894332886,-0.03734702989459038,0.6073029637336731,0.3928995430469513,-0.02950727567076683,0.6045610904693604,0.3400593101978302,-0.01257630530744791,0.5988958477973938,0.30126404762268066,0.009866124950349331,0.5624262094497681,0.38497892022132874,0.01116651576012373,0.5631425380706787,0.3017699122428894,0.015323787927627563,0.5681435465812683,0.25421178340911865,0.016891606152057648,0.5731984376907349,0.21485301852226257,0.018023381009697914,0.5908625721931458,0.3845195174217224,0.034233368933200836,0.6103135943412781,0.3144087791442871,0.03464607894420624,0.6275774836540222,0.27163296937942505,0.027691476047039032,0.64112389087677,0.2395252138376236,0.02352967858314514,0.6176986694335938,0.3887563943862915,0.05062711238861084,0.6326014995574951,0.3484179377555847,0.037931978702545166,0.633333146572113,0.3677159249782562,0.018825523555278778,0.6282790899276733,0.38439029455184937,0.010656507685780525,0.6412196755409241,0.39424651861190796,0.06449619680643082,0.6460156440734863,0.3731672465801239,0.0465472936630249,0.6465985774993896,0.3854711353778839,0.028350597247481346,0.6425533890724182,0.3998638093471527,0.019068941473960876
0.66885906457901,0.5465738773345947,4.202648256068642e-07,0.6448507308959961,0.47227782011032104,-0.04200301319360733,0.6301826238632202,0.39975377917289734,-0.029365357011556625,0.6254532337188721,0.3495754599571228,-0.004471448250114918,0.6173288226127625,0.3099157214164734,0.026672787964344025,0.5838580131530762,0.39577022194862366,0.009424326941370964,0.5891486406326294,0.3139808177947998,0.018843544647097588,0.5939945578575134,0.26917311549186707,0.02443501353263855,0.5985846519470215,0.23078450560569763,0.028268873691558838,0.6063475012779236,0.3967303931713104,0.038581736385822296,0.6252529621124268,0.3257915675640106,0.04556509852409363,0.6420778632164001,0.29005855321884155,0.04216999560594559,0.6559521555900574,0.2651387155056,0.04012797027826309,0.6277136206626892,0.4017091989517212,0.06068926304578781,0.64463210105896,0.3528969883918762,0.049259085208177567,0.6521890759468079,0.38483378291130066,0.02822241745889187,0.6498920321464539,0.4095330834388733,0.01967235840857029,0.6471275687217712,0.4041561484336853,0.08063053339719772,0.653283417224884,0.3792828619480133,0.0610785149037838,0.6605840921401978,0.39370810985565186,0.0395851694047451,0.6603010892868042,0.4102875590324402,0.028676236048340797
0.6697150468826294,0.5564122796058655,5.858714757778216e-07,0.6469793319702148,0.48756787180900574,-0.0460892990231514,0.6332353949546814,0.4167342483997345,-0.037720937281847,0.6298379302024841,0.3654244542121887,-0.016200099140405655,0.6212069988250732,0.3217269480228424,0.011990508995950222,0.5867471694946289,0.41000357270240784,-0.00016765834880061448,0.5938206911087036,0.32549625635147095,0.006260906346142292,0.6013678908348083,0.2794981002807617,0.009950537234544754,0.6085058450698853,0.23909848928451538,0.012735082767903805,0.6105278730392456,0.41041022539138794,0.030413581058382988,0.6363892555236816,0.33744683861732483,0.03462956100702286,0.6589334011077881,0.2932538390159607,0.03090193122625351,0.6784031987190247,0.26231181621551514,0.02858094684779644,0.6323607563972473,0.41556185483932495,0.0541316382586956,0.6528733372688293,0.37212544679641724,0.04328267648816109,0.6597317457199097,0.4060107171535492,0.026070693507790565,0.6581078171730042,0.4329044222831726,0.019813671708106995,0.6525376439094543,0.4183099567890167,0.07480087131261826,0.6611758470535278,0.39573806524276733,0.0567290335893631,0.6671567559242249,0.4088864028453827,0.03797178342938423,0.6660807728767395,0.42444026470184326,0.028848521411418915
0.6628975868225098,0.5737076997756958,6.147568569758732e-07,0.632936954498291,0.4967173635959625,-0.03530796244740486,0.6217548847198486,0.42692831158638,-0.023223185911774635,0.6247010231018066,0.3751565217971802,-0.0037905785720795393,0.6263580918312073,0.3332711160182953,0.020774703472852707,0.5835739970207214,0.41236287355422974,0.027920307591557503,0.5903224349021912,0.33521485328674316,0.03283194825053215,0.5969231724739075,0.2882624864578247,0.033488158136606216,0.6039332151412964,0.24856126308441162,0.03432198241353035,0.6131226420402527,0.41821470856666565,0.04866570234298706,0.6385073065757751,0.35185950994491577,0.045471739023923874,0.6593258380889893,0.3069819211959839,0.03500733897089958,0.678126335144043,0.27357321977615356,0.030825849622488022,0.6404326558113098,0.4293506145477295,0.061620038002729416,0.6675137281417847,0.3932305574417114,0.03857617452740669,0.6715600490570068,0.43300196528434753,0.016538385301828384,0.66787189245224,0.46000340580940247,0.011546851135790348,0.6634781360626221,0.4397089183330536,0.0727795958518982,0.6759687662124634,0.4192770719528198,0.04621816799044609,0.6778075695037842,0.44792476296424866,0.02726537175476551,0.6741117835044861,0.4712476134300232,0.020642602816224098
0.6566035151481628,0.5860980153083801,5.071838700132503e-07,0.6548086404800415,0.5250409841537476,-0.04965261369943619,0.6384171843528748,0.43886327743530273,-0.050693221390247345,0.6284421682357788,0.3753267526626587,-0.0382399819791317,0.6253569722175598,0.3375909626483917,-0.019972776994109154,0.5812644958496094,0.4275360107421875,-0.02364680916070938,0.6092845797538757,0.338101863861084,-0.033048246055841446,0.6302546858787537,0.29250454902648926,-0.04185909777879715,0.64594966173172,0.25189635157585144,-0.0471910759806633,0.5967438817024231,0.4198116660118103,0.002408238360658288,0.6274102330207825,0.33687424659729004,-0.005881508346647024,0.6555268168449402,0.2974061667919159,-0.014942754060029984,0.6789060831069946,0.25788456201553345,-0.020360030233860016,0.6150453090667725,0.41796624660491943,0.02254420891404152,0.6434336304664612,0.34805408120155334,0.00818740576505661,0.6678379774093628,0.3095943331718445,-0.006320562679320574,0.6869385838508606,0.2729133069515228,-0.01340388786047697,0.6352806687355042,0.420805960893631,0.038841862231492996,0.6534635424613953,0.36752456426620483,0.026417827233672142,0.6703965067863464,0.33021771907806396,0.016029488295316696,0.683331310749054,0.29864808917045593,0.010501047596335411
0.6208370923995972,0.5976279973983765,2.3894165224191966e-07,0.6868564486503601,0.5614249110221863,-0.041561923921108246,0.7156481742858887,0.4707156717777252,-0.051382116973400116,0.7168247103691101,0.39372408390045166,-0.047461722046136856,0.7104611396789551,0.3447941243648529,-0.04063478112220764,0.6491800546646118,0.44845446944236755,-0.07092743366956711,0.7019131183624268,0.3524690866470337,-0.08914850652217865,0.7340116500854492,0.2985382676124573,-0.09739675372838974,0.7550597190856934,0.24679933488368988,-0.10227211564779282,0.616599977016449,0.430955171585083,-0.04934640973806381,0.682765781879425,0.3698059916496277,-0.0656978040933609,0.6975469589233398,0.41803157329559326,-0.06099950149655342,0.6871431469917297,0.45040348172187805,-0.055081114172935486,0.602003812789917,0.41908517479896545,-0.028193578124046326,0.6687586307525635,0.3773670196533203,-0.037952810525894165,0.6814576983451843,0.4238269627094269,-0.027550892904400826,0.6705477237701416,0.44958001375198364,-0.019160153344273567,0.5992838144302368,0.4180227518081665,-0.010312673635780811,0.6547642350196838,0.39296507835388184,-0.013238327577710152,0.6674100756645203,0.42536845803260803,-0.007203626912087202,0.6596707701683044,0.44896259903907776,-0.0019060043850913644
0.5811678767204285,0.5169262886047363,6.295751404650218e-07,0.6488375067710876,0.4965910315513611,-0.031803689897060394,0.6805384159088135,0.4099155366420746,-0.040574539452791214,0.6854703426361084,0.3242609202861786,-0.039092473685741425,0.6838583946228027,0.26402905583381653,-0.03647347912192345,0.6476272940635681,0.38100677728652954,-0.06194141507148743,0.6895807385444641,0.2895774245262146,-0.07125729322433472,0.7098971605300903,0.24153491854667664,-0.07042335718870163,0.72212153673172,0.2011231929063797,-0.06799294054508209,0.606404185295105,0.3626822829246521,-0.043865714222192764,0.6569703221321106,0.2828289866447449,-0.04702799767255783,0.6829506754875183,0.24981094896793365,-0.03926632180809975,0.6951618194580078,0.22937630116939545,-0.03424777835607529,0.5766297578811646,0.35785216093063354,-0.025110306218266487,0.6250803470611572,0.31259799003601074,-0.02631453052163124,0.6349666118621826,0.33968520164489746,-0.016394827514886856,0.6328917145729065,0.3691371977329254,-0.009137673303484917,0.5590129494667053,0.3600972294807434,-0.008714498020708561,0.6023744940757751,0.3301856815814972,-0.008547735400497913,0.6106353998184204,0.35413774847984314,-0.0023973772767931223,0.6085108518600464,0.378955602645874,0.0029250718653202057
0.563734769821167,0.47325193881988525,3.4720397934506764e-07,0.6325245499610901,0.456582248210907,0.00013782214955426753,0.6653977036476135,0.3891467750072479,-0.0008075523073785007,0.6767749786376953,0.32156655192375183,0.002443470526486635,0.6763319373130798,0.27585095167160034,0.005244059953838587,0.6744411587715149,0.34301143884658813,-0.038009706884622574,0.7150411605834961,0.2515932619571686,-0.03467438742518425,0.7349667549133301,0.20851582288742065,-0.027159232646226883,0.7468271851539612,0.17244432866573334,-0.021577926352620125,0.6365217566490173,0.31547486782073975,-0.03269572928547859,0.6663743257522583,0.2280653417110443,-0.02139940857887268,0.6768396496772766,0.1985912024974823,-0.00811165850609541,0.6798726916313171,0.18266884982585907,-0.0013223125133663416,0.5999415516853333,0.30269020795822144,-0.023106586188077927,0.622461199760437,0.260945588350296,-0.0030971441883593798,0.6251333951950073,0.28716588020324707,0.009976297616958618,0.6180985569953918,0.3164559006690979,0.013879124075174332,0.5689539313316345,0.2986786961555481,-0.013783354312181473,0.5926863551139832,0.2781011760234833,0.00442107766866684,0.5925467610359192,0.30051904916763306,0.015287614427506924,0.5860705971717834,0.32433247566223145,0.021042581647634506
0.538046658039093,0.4907795786857605,4.379540641252788e-08,0.6084395051002502,0.4705861806869507,0.02037922665476799,0.6451417803764343,0.40289777517318726,0.026577919721603394,0.6573435068130493,0.3351334035396576,0.03168241307139397,0.6521553993225098,0.2842893898487091,0.03495873510837555,0.6679069399833679,0.36571305990219116,-0.008160483092069626,0.699288010597229,0.27574846148490906,-0.001269064610823989,0.7129665613174438,0.23084363341331482,0.006317825987935066,0.7211986780166626,0.1942066252231598,0.011857856996357441,0.6308640241622925,0.33716094493865967,-0.014833620749413967,0.6470801830291748,0.23971661925315857,-0.0017205708427354693,0.6469649076461792,0.20578034222126007,0.01086676586419344,0.6417073011398315,0.18935617804527283,0.017434941604733467,0.5912215709686279,0.32142123579978943,-0.016631506383419037,0.602404773235321,0.2620062828063965,0.002967583015561104,0.6022765636444092,0.2889205813407898,0.018530812114477158,0.5967163443565369,0.31732189655303955,0.024781815707683563,0.5545123219490051,0.3162384331226349,-0.01697593554854393,0.5701366066932678,0.2736535668373108,0.00337681220844388,0.5683488845825195,0.29565513134002686,0.02061019279062748,0.5628849864006042,0.32041019201278687,0.03127173334360123
0.5360440611839294,0.5373262763023376,-1.6765048371780722e-07,0.6061516404151917,0.5159651041030884,0.030107848346233368,0.6422290802001953,0.4477764964103699,0.03811848536133766,0.6558960676193237,0.38036468625068665,0.04300020635128021,0.6526617407798767,0.32954636216163635,0.04529981687664986,0.6735596656799316,0.4101044833660126,-0.004286322742700577,0.6958487033843994,0.3240509331226349,0.0072166635654866695,0.7040865421295166,0.28110113739967346,0.019190441817045212,0.7086054086685181,0.2443961352109909,0.02599186636507511,0.6392331719398499,0.3855134844779968,-0.01846298761665821,0.645480751991272,0.2982468903064728,-0.0013526418479159474,0.6363592743873596,0.27085405588150024,0.012760700657963753,0.6279280781745911,0.2595864236354828,0.017336180433630943,0.599626898765564,0.37188827991485596,-0.026657158508896828,0.6025996804237366,0.31108224391937256,-0.003955037798732519,0.594373345375061,0.33814090490341187,0.012799430638551712,0.5881900787353516,0.36610710620880127,0.01604771614074707,0.5604041814804077,0.3680926561355591,-0.03270862624049187,0.5697152614593506,0.31925809383392334,-0.013135543093085289,0.5625318288803101,0.3445582687854767,0.003782697720453143,0.557009756565094,0.3706884980201721,0.012270085513591766
0.5319794416427612,0.5447403788566589,-2.0898582420159073e-07,0.60001140832901,0.5179501175880432,0.023391302675008774,0.6346913576126099,0.44202733039855957,0.02985280379652977,0.6418783664703369,0.37248316407203674,0.033630166202783585,0.630255937576294,0.3239152133464813,0.03472499921917915,0.6670461893081665,0.4057736396789551,-0.0025578062050044537,0.6773402690887451,0.32299670577049255,0.007001318037509918,0.680679440498352,0.2822762727737427,0.015358089469373226,0.6811919212341309,0.2472677230834961,0.01934228278696537,0.6327447295188904,0.38346344232559204,-0.014667782001197338,0.624069094657898,0.3056428134441376,-0.0007329617510549724,0.6091777682304382,0.2835524380207062,0.007744873873889446,0.5971725583076477,0.2755972743034363,0.00891757383942604,0.5927764773368835,0.37154433131217957,-0.02179558016359806,0.5843437314033508,0.3190349340438843,-0.004054738208651543,0.5763044953346252,0.3461802005767822,0.006239701062440872,0.5725472569465637,0.37321609258651733,0.0062716128304600716,0.552790105342865,0.3678275942802429,-0.027248093858361244,0.5536202192306519,0.327046662569046,-0.01394214853644371,0.5473269820213318,0.3529849350452423,-0.00260617071762681,0.5447170734405518,0.37832340598106384,0.0030029232148081064
0.5228936672210693,0.5428767204284668,-2.1159377183721517e-07,0.5914119482040405,0.5115067958831787,0.0351523719727993,0.6242275238037109,0.4408376216888428,0.04536315053701401,0.6346770524978638,0.3744807243347168,0.05284081771969795,0.6320902109146118,0.32305046916007996,0.057609692215919495,0.656018078327179,0.40573281049728394,-0.0062920222990214825,0.669393002986908,0.3194059133529663,0.015242396853864193,0.6743534803390503,0.27805379033088684,0.03547680377960205,0.6762492656707764,0.24091118574142456,0.046973563730716705,0.6218360662460327,0.38358771800994873,-0.02016027458012104,0.6179122924804688,0.2986074984073639,0.007746788207441568,0.6046229004859924,0.265947550535202,0.02825772948563099,0.5923712253570557,0.2508585751056671,0.03494534268975258,0.5818266272544861,0.37095582485198975,-0.026787126436829567,0.5766714215278625,0.31544455885887146,0.008314781822264194,0.568468451499939,0.3454626500606537,0.02662450447678566,0.5638373494148254,0.3744049072265625,0.026969878003001213,0.542809247970581,0.3656561076641083,-0.031090326607227325,0.5452779531478882,0.3249639868736267,-0.003230834612622857,0.5389429330825806,0.35147497057914734,0.012827388010919094,0.5351321697235107,0.3772626221179962,0.01815766468644142
0.5166136026382446,0.5474364757537842,-1.5688030430283106e-07,0.5843052864074707,0.518761396408081,0.022333500906825066,0.6185646653175354,0.445027232170105,0.02858576364815235,0.6304378509521484,0.3759625554084778,0.03286800906062126,0.630090594291687,0.3245891332626343,0.035199373960494995,0.6484043598175049,0.40639957785606384,-0.007296252995729446,0.6618582010269165,0.3184658885002136,0.002218813868239522,0.6674410700798035,0.2751156985759735,0.012080061249434948,0.6698775291442871,0.23833699524402618,0.017549660056829453,0.6127007007598877,0.3842768669128418,-0.018066853284835815,0.6073328852653503,0.2976185381412506,-0.004465355072170496,0.5953261256217957,0.2626706659793854,0.005724349524825811,0.5846457481384277,0.24394647777080536,0.008134688250720501,0.5725374817848206,0.3726385235786438,-0.02379564195871353,0.5680288076400757,0.31435564160346985,-0.005666264798492193,0.560481071472168,0.3422703146934509,0.007006553001701832,0.5562365651130676,0.37042951583862305,0.008871807716786861,0.5332982540130615,0.37056541442871094,-0.02797001786530018,0.537810742855072,0.3245511054992676,-0.013642680831253529,0.5314248204231262,0.3507043123245239,-0.0007918609189800918,0.5277236104011536,0.3768390715122223,0.005984687712043524
0.5103275179862976,0.5452529191970825,-1.3776465834780538e-07,0.5785746574401855,0.5137707591056824,0.028105266392230988,0.6099562644958496,0.44265955686569214,0.03573368862271309,0.6194807291030884,0.3760095238685608,0.04173306003212929,0.6187982559204102,0.3244900703430176,0.04568471387028694,0.6381689310073853,0.4023047387599945,-0.012815944850444794,0.6541299819946289,0.3132496476173401,0.000903109204955399,0.6605603694915771,0.2685925364494324,0.015658961609005928,0.6635856032371521,0.23028287291526794,0.024581579491496086,0.6016221642494202,0.3810281455516815,-0.024126887321472168,0.598727822303772,0.2904106378555298,-0.004169727209955454,0.5882661938667297,0.2533498704433441,0.012679733335971832,0.5778888463973999,0.23485693335533142,0.018651200458407402,0.5609267354011536,0.36950358748435974,-0.028992503881454468,0.5588874220848083,0.31132662296295166,-0.0014524884754791856,0.5530853867530823,0.34025466442108154,0.016625436022877693,0.5489486455917358,0.36948034167289734,0.019859185442328453,0.5219708681106567,0.3676135540008545,-0.03203064948320389,0.527849018573761,0.32301461696624756,-0.008871338330209255,0.5223446488380432,0.34900400042533875,0.007986919954419136,0.5180754661560059,0.3750431537628174,0.01602942869067192
0.4413408935070038,0.48287761211395264,6.796223033234128e-07,0.44310104846954346,0.4475661516189575,-0.07035962492227554,0.4612930715084076,0.3982740640640259,-0.09192574769258499,0.4969097971916199,0.3584812879562378,-0.09888553619384766,0.5318883061408997,0.32757896184921265,-0.10083060711622238,0.43457961082458496,0.28860709071159363,-0.046646974980831146,0.49221181869506836,0.25306814908981323,-0.06974919885396957,0.5310128331184387,0.2441706657409668,-0.09353519976139069,0.5666199326515198,0.23861205577850342,-0.11109606176614761,0.46597734093666077,0.29833269119262695,-0.01662127673625946,0.5218477249145508,0.2689337134361267,-0.04578254371881485,0.5572238564491272,0.28505846858024597,-0.07394866645336151,0.5892506837844849,0.2933504581451416,-0.0914422944188118,0.49556195735931396,0.3145831227302551,0.007280686404556036,0.5403280854225159,0.293607234954834,-0.020927472040057182,0.5584633350372314,0.3038423955440521,-0.041891131550073624,0.5718717575073242,0.3094395399093628,-0.05218988284468651,0.5179343223571777,0.33461639285087585,0.02586890012025833,0.5590713024139404,0.30913716554641724,0.0021639468614012003,0.5871229767799377,0.3021976351737976,-0.013839220628142357,0.6093375086784363,0.2928776144981384,-0.022610673680901527
0.4179494082927704,0.5967658758163452,5.545041403820505e-07,0.4657297134399414,0.5409481525421143,-0.038933295756578445,0.475635826587677,0.4694616198539734,-0.08363071084022522,0.43840494751930237,0.4230853021144867,-0.1181027814745903,0.3912193477153778,0.3872743248939514,-0.1558602899312973,0.47341209650039673,0.43891456723213196,-0.13695521652698517,0.4381352961063385,0.3502376675605774,-0.16727852821350098,0.42068368196487427,0.29553818702697754,-0.17697010934352875,0.40270763635635376,0.2516176700592041,-0.18381179869174957,0.4419252574443817,0.47783565521240234,-0.1320183426141739,0.3692968487739563,0.3830300569534302,-0.16821658611297607,0.3294965624809265,0.33545130491256714,-0.17017576098442078,0.3004913330078125,0.30191290378570557,-0.1730269342660904,0.4071577191352844,0.5173022747039795,-0.12185070663690567,0.3647935092449188,0.4555020332336426,-0.14347878098487854,0.3870505690574646,0.48577678203582764,-0.11992327868938446,0.4085196256637573,0.509996235370636,-0.10460510849952698,0.37575283646583557,0.5430192351341248,-0.11367577314376831,0.35355669260025024,0.4878026843070984,-0.12813252210617065,0.37059691548347473,0.5142139792442322,-0.11033719778060913,0.38880202174186707,0.5369694232940674,-0.09768585115671158
0.2974850535392761,0.7992470264434814,1.6226495702653665e-08,0.34348076581954956,0.6790944337844849,0.04489560425281525,0.3568030297756195,0.5641132593154907,0.021617453545331955,0.34817272424697876,0.479556143283844,-0.005139475222676992,0.35064172744750977,0.3715275526046753,-0.03883041813969612,0.4286525249481201,0.5674055218696594,-0.080975241959095,0.39390406012535095,0.4132782220840454,-0.061872728168964386,0.37215474247932434,0.33113613724708557,-0.030458837747573853,0.3526025414466858,0.2657729685306549,-0.011891038157045841,0.38117706775665283,0.591715931892395,-0.10897909849882126,0.31333959102630615,0.42351195216178894,-0.08058933168649673,0.2544368803501129,0.3600851893424988,-0.04162823036313057,0.21180176734924316,0.3109104335308075,-0.02677888609468937,0.32186466455459595,0.6086918115615845,-0.12338477373123169,0.2527976632118225,0.483716756105423,-0.07055462151765823,0.24620676040649414,0.5565560460090637,-0.029821502044796944,0.2618582248687744,0.6140637397766113,-0.025861619040369987,0.2645089626312256,0.6070082783699036,-0.13459578156471252,0.2140660434961319,0.5330029726028442,-0.09139984101057053,0.21118338406085968,0.5858014225959778,-0.06449618190526962,0.23217223584651947,0.6247892379760742,-0.05996549502015114
0.3034491240978241,0.7776674032211304,-3.914737192189932e-07,0.36742910742759705,0.6658932566642761,0.04259917512536049,0.3906409442424774,0.5456109046936035,0.04231533035635948,0.3838120698928833,0.43985429406166077,0.03508821502327919,0.37532103061676025,0.35729309916496277,0.022986477240920067,0.44769027829170227,0.5153523683547974,-0.010274293832480907,0.4136720895767212,0.3694148361682892,-0.0008447549771517515,0.39594921469688416,0.29715973138809204,0.010328590869903564,0.38303035497665405,0.2340046465396881,0.015513601712882519,0.39978164434432983,0.5245054960250854,-0.03778098523616791,0.3363783359527588,0.3823058009147644,-0.021581148728728294,0.2834828495979309,0.3242723047733307,-0.007367052137851715,0.24910926818847656,0.2813822627067566,-0.005971512757241726,0.3423282504081726,0.5349181890487671,-0.0580180287361145,0.2725176215171814,0.439963161945343,-0.030569210648536682,0.264090359210968,0.4978131055831909,-0.011414443142712116,0.2819478213787079,0.5423550605773926,-0.012150098569691181,0.28511613607406616,0.5425901412963867,-0.07557901740074158,0.2384997308254242,0.47465354204177856,-0.05436020344495773,0.2323899269104004,0.5263774394989014,-0.03723757341504097,0.24871662259101868,0.5655096769332886,-0.03192085400223732
0.37069517374038696,0.742516040802002,-2.997105923441268e-07,0.4310990273952484,0.6506090760231018,0.008317071944475174,0.452846497297287,0.5313338041305542,0.0002643963089212775,0.44767501950263977,0.4193083643913269,-0.011348573490977287,0.44122689962387085,0.3359433114528656,-0.02522013708949089,0.5076793432235718,0.5008822679519653,-0.01705353334546089,0.47828027606010437,0.3559952974319458,-0.03517001494765282,0.46098998188972473,0.27957314252853394,-0.04710384085774422,0.4468567967414856,0.21724510192871094,-0.05526918172836304,0.4643479287624359,0.5050331354141235,-0.03268664330244064,0.39795297384262085,0.3630782961845398,-0.053169481456279755,0.34614673256874084,0.2992907166481018,-0.06181908771395683,0.31040623784065247,0.25043657422065735,-0.06812192499637604,0.41276198625564575,0.5143975019454956,-0.046257536858320236,0.34488123655319214,0.42054933309555054,-0.06376458704471588,0.33469340205192566,0.4662646949291229,-0.05571354925632477,0.34540846943855286,0.5046144723892212,-0.048485565930604935,0.3595181107521057,0.5252641439437866,-0.05901379883289337,0.3163761794567108,0.45031973719596863,-0.06928829103708267,0.3082119822502136,0.4901115596294403,-0.057502102106809616,0.3189314305782318,0.5238909721374512,-0.04663432016968727
0.4836336076259613,0.7242215275764465,-4.164263600614504e-07,0.5438863039016724,0.637023389339447,0.009552167728543282,0.574060320854187,0.5157169103622437,-0.0026116520166397095,0.5781770944595337,0.4037338197231293,-0.01827828586101532,0.5851631760597229,0.3161028027534485,-0.035340722650289536,0.6409029364585876,0.5049962401390076,-0.021060172468423843,0.6135569214820862,0.35599857568740845,-0.0416765920817852,0.5973219871520996,0.2806183099746704,-0.05203823000192642,0.5863282680511475,0.22196748852729797,-0.05960193648934364,0.6064885854721069,0.5083979368209839,-0.037425994873046875,0.52644282579422,0.3798632323741913,-0.058216072618961334,0.49192747473716736,0.37890496850013733,-0.059732723981142044,0.4859234392642975,0.37946784496307373,-0.06309846043586731,0.5599064826965332,0.5091524720191956,-0.05272899940609932,0.4844869077205658,0.4110145568847656,-0.0697525218129158,0.4730342626571655,0.4591419994831085,-0.05772881209850311,0.48835793137550354,0.4976242780685425,-0.051414430141448975,0.5100298523902893,0.506959080696106,-0.06736678630113602,0.46284279227256775,0.4281722605228424,-0.0812029242515564,0.45168229937553406,0.4709029495716095,-0.07432668656110764,0.46303436160087585,0.5048022866249084,-0.06861094385385513
0.6170943379402161,0.6935470104217529,-5.964589036011603e-07,0.6935169696807861,0.6190077066421509,0.033121515065431595,0.7330617308616638,0.516019880771637,0.032668571919202805,0.7330718040466309,0.4114135801792145,0.02237146906554699,0.7195243835449219,0.341312050819397,0.007728725206106901,0.7908935546875,0.4824660122394562,0.006639130879193544,0.7692570686340332,0.3173949122428894,-0.004890564829111099,0.7542583346366882,0.24159781634807587,-0.011224757879972458,0.7454016208648682,0.18151286244392395,-0.015819553285837173,0.7606690526008606,0.47808733582496643,-0.021396223455667496,0.6937178373336792,0.3196600675582886,-0.033354487270116806,0.6451449394226074,0.25077563524246216,-0.037965402007102966,0.6172834634780884,0.1930243968963623,-0.04353954643011093,0.7177278995513916,0.47703787684440613,-0.04621129110455513,0.6386735439300537,0.36870861053466797,-0.05297507718205452,0.6184875965118408,0.42384734749794006,-0.047047559171915054,0.6276103258132935,0.47223201394081116,-0.045676615089178085,0.6690295338630676,0.47474205493927,-0.06867407262325287,0.6157029867172241,0.3846048414707184,-0.0724298506975174,0.6007478833198547,0.4272865951061249,-0.06373386085033417,0.6080478429794312,0.4684959948062897,-0.057906754314899445
0.6159970760345459,0.6805699467658997,-6.450873684116232e-07,0.6958831548690796,0.6016724109649658,0.051473360508680344,0.738461434841156,0.5013390779495239,0.05666244029998779,0.746252179145813,0.39893728494644165,0.04851185157895088,0.7343670725822449,0.321624219417572,0.034531399607658386,0.7975570559501648,0.4524818956851959,0.02204829268157482,0.7722544074058533,0.2967240810394287,0.020105769857764244,0.7592874765396118,0.22117015719413757,0.01873151585459709,0.7549132704734802,0.15499669313430786,0.014999739825725555,0.7674267292022705,0.4467674493789673,-0.014059572480618954,0.6972147226333618,0.289390504360199,-0.01396680437028408,0.6496534943580627,0.2228783369064331,-0.012745562009513378,0.6239948272705078,0.16628962755203247,-0.01781086064875126,0.7222383618354797,0.44370925426483154,-0.045299410820007324,0.6422539353370667,0.3341107964515686,-0.0385824479162693,0.6246201992034912,0.39658433198928833,-0.029565958306193352,0.6387429237365723,0.44754263758659363,-0.031577158719301224,0.6727744340896606,0.43792545795440674,-0.07327372580766678,0.6172666549682617,0.35688158869743347,-0.06860269606113434,0.6033099889755249,0.4075036346912384,-0.059452928602695465,0.6149663329124451,0.4503616690635681,-0.05649089440703392
0.6182864904403687,0.7101622819900513,-7.620003543706844e-07,0.6896352767944336,0.6102895736694336,0.05002638325095177,0.7295304536819458,0.48734551668167114,0.05093088001012802,0.7392623424530029,0.36808058619499207,0.03823956102132797,0.7412458062171936,0.2770640254020691,0.01988866925239563,0.8143177032470703,0.46938633918762207,0.01867014355957508,0.7817559242248535,0.2939620614051819,0.013400129973888397,0.7624768614768982,0.212960883975029,0.012512462213635445,0.7530587911605835,0.14652910828590393,0.01001887395977974,0.7863705158233643,0.46926674246788025,-0.019470352679491043,0.7047584652900696,0.29394763708114624,-0.025222398340702057,0.6483215689659119,0.2168588936328888,-0.025459596887230873,0.6143497228622437,0.1520707905292511,-0.03072594292461872,0.738929271697998,0.4665784537792206,-0.053018197417259216,0.6425744295120239,0.3462454080581665,-0.052899908274412155,0.6166861653327942,0.4123789966106415,-0.04500170424580574,0.6275587677955627,0.46793651580810547,-0.04650126397609711,0.6854852437973022,0.45830485224723816,-0.0830741599202156,0.6152163743972778,0.3685292601585388,-0.08413887023925781,0.5953083634376526,0.41955751180648804,-0.07718697935342789,0.6047437787055969,0.4643027186393738,-0.0750899389386177
0.5864219069480896,0.7259666919708252,-7.11284428689396e-07,0.6728315949440002,0.632620632648468,0.03609030321240425,0.7208967208862305,0.4967118799686432,0.03425975516438484,0.7271881699562073,0.36381155252456665,0.022450687363743782,0.7197481393814087,0.26946672797203064,0.00581778772175312,0.7992470860481262,0.45233917236328125,0.00456578005105257,0.7666921615600586,0.2652970552444458,-0.005978604778647423,0.7480180263519287,0.17287486791610718,-0.012541157193481922,0.7374085187911987,0.09223204851150513,-0.01974090188741684,0.7624019384384155,0.44813549518585205,-0.027712425217032433,0.6756978034973145,0.2605895400047302,-0.04238569363951683,0.6179267168045044,0.17303577065467834,-0.04793782904744148,0.5807480812072754,0.0990801751613617,-0.05562274530529976,0.7061672806739807,0.44698718190193176,-0.05568684637546539,0.6014662384986877,0.3183005452156067,-0.06228489801287651,0.5844261050224304,0.38880616426467896,-0.05409643426537514,0.6007030606269836,0.4471662938594818,-0.05347915366292,0.643029510974884,0.44608333706855774,-0.08148005604743958,0.5689775943756104,0.3474925458431244,-0.08725493401288986,0.5548423528671265,0.40238407254219055,-0.07862977683544159,0.5694233775138855,0.4511309266090393,-0.073748379945755
0.5568311214447021,0.7553306818008423,-7.094259331097419e-07,0.6430143713951111,0.6358466148376465,0.03390549123287201,0.6970540881156921,0.4851994216442108,0.022821232676506042,0.712623119354248,0.33995944261550903,0.0021662148647010326,0.7182420492172241,0.23153643310070038,-0.02341974526643753,0.7899307012557983,0.45718520879745483,-0.01818622089922428,0.7641655802726746,0.24653054773807526,-0.03364976868033409,0.752416729927063,0.14236992597579956,-0.039781466126441956,0.7504066228866577,0.05196845531463623,-0.047573551535606384,0.7467914819717407,0.4614708125591278,-0.05331895872950554,0.658420979976654,0.2467549443244934,-0.07004023343324661,0.5946592688560486,0.14450550079345703,-0.07249049842357635,0.5594820976257324,0.056465476751327515,-0.08132809400558472,0.6832749247550964,0.46645936369895935,-0.08360196650028229,0.5763372182846069,0.3088967502117157,-0.09125538170337677,0.55701744556427,0.3862961530685425,-0.07819347828626633,0.5787801742553711,0.4543324112892151,-0.07771245390176773,0.61481112241745,0.4660138487815857,-0.11195459216833115,0.5354804992675781,0.34779468178749084,-0.12025028467178345,0.5177614092826843,0.40632063150405884,-0.11123313754796982,0.5358753204345703,0.46061763167381287,-0.10805925726890564
0.5295223593711853,0.7445571422576904,-5.934762725701148e-07,0.6150562167167664,0.6291241645812988,0.014350689016282558,0.6691983938217163,0.46890437602996826,0.0006609759875573218,0.6849742531776428,0.31629693508148193,-0.017748642712831497,0.7001596093177795,0.2045625001192093,-0.03847939893603325,0.762275218963623,0.4468495845794678,-0.027472201734781265,0.7412512302398682,0.23252728581428528,-0.050008051097393036,0.7317444086074829,0.12621158361434937,-0.061173826456069946,0.7278157472610474,0.03636521100997925,-0.07043303549289703,0.7114644050598145,0.4455312490463257,-0.05229773372411728,0.6310176253318787,0.23280057311058044,-0.07806625217199326,0.56903475522995,0.12842276692390442,-0.08639375120401382,0.5332562923431396,0.042551279067993164,-0.09608127921819687,0.6438442468643188,0.4464714527130127,-0.07384378463029861,0.5491626262664795,0.28994670510292053,-0.09275306761264801,0.5328274369239807,0.3589295744895935,-0.07909949868917465,0.5513917803764343,0.41999420523643494,-0.07240089029073715,0.5696994066238403,0.443828284740448,-0.09459800273180008,0.5070086121559143,0.32181084156036377,-0.10868284106254578,0.4935191869735718,0.3826177716255188,-0.09534119069576263,0.5099469423294067,0.43630796670913696,-0.08486519008874893
0.5222708582878113,0.7154620885848999,-5.545063572753861e-07,0.6100236177444458,0.6024785041809082,0.017039190977811813,0.6625402569770813,0.44467297196388245,0.0008719206089153886,0.6717361211776733,0.29076826572418213,-0.020025432109832764,0.6735297441482544,0.17880217730998993,-0.044375788420438766,0.7507379055023193,0.4119006097316742,-0.04044218733906746,0.7221150994300842,0.1822742372751236,-0.063826784491539,0.7112582921981812,0.07204422354698181,-0.07313290983438492,0.7078696489334106,-0.024730205535888672,-0.08133282512426376,0.6978476047515869,0.41357165575027466,-0.06730501353740692,0.6169956922531128,0.1992931216955185,-0.09446167200803757,0.5521118640899658,0.10387948155403137,-0.0992666631937027,0.5168750882148743,0.02443450689315796,-0.10612700134515762,0.6290442943572998,0.41713741421699524,-0.08969461917877197,0.5354546904563904,0.2636425495147705,-0.10831641405820847,0.5185873508453369,0.33455681800842285,-0.09200535714626312,0.5397281050682068,0.39603084325790405,-0.08396390825510025,0.5553953647613525,0.41586312651634216,-0.11095650494098663,0.49410808086395264,0.2973878085613251,-0.12356030941009521,0.4810795187950134,0.360557496547699,-0.10862918943166733,0.4996439814567566,0.4148143231868744,-0.09766004234552383
0.524766206741333,0.7545701861381531,-5.766274284724204e-07,0.6181005835533142,0.6466907262802124,0.022203175351023674,0.6761680245399475,0.492430180311203,0.006548434030264616,0.6931427121162415,0.3375268578529358,-0.014061089605093002,0.7059236764907837,0.22112217545509338,-0.038351912051439285,0.7708399891853333,0.4869256913661957,-0.04125828668475151,0.7631661891937256,0.2615317702293396,-0.05980450287461281,0.7553080916404724,0.1515616774559021,-0.06579219549894333,0.7537545561790466,0.057043612003326416,-0.07188549637794495,0.7147520780563354,0.47809967398643494,-0.06951064616441727,0.6562173962593079,0.24827654659748077,-0.08793582022190094,0.5960597395896912,0.14217552542686462,-0.08713695406913757,0.5610421895980835,0.061438798904418945,-0.09215602278709412,0.6429178714752197,0.467625230550766,-0.09233272820711136,0.5654845237731934,0.29626932740211487,-0.10049750655889511,0.5388261675834656,0.368121474981308,-0.07866019010543823,0.5503104329109192,0.43609634041786194,-0.07005084306001663,0.5680828094482422,0.4515903890132904,-0.11397343128919601,0.5170876979827881,0.32476723194122314,-0.12030867487192154,0.49729540944099426,0.3873392343521118,-0.10278473794460297,0.510266900062561,0.44511449337005615,-0.09168266505002975
0.4755573272705078,0.7840830683708191,-5.592939942289377e-07,0.5703276991844177,0.6746761798858643,0.01791001297533512,0.6335248351097107,0.5229982137680054,0.0028368935454636812,0.6529008150100708,0.3713952302932739,-0.017741186544299126,0.6662329435348511,0.2625093460083008,-0.04188016429543495,0.7234199047088623,0.5067886710166931,-0.03325589373707771,0.7165496349334717,0.29083147644996643,-0.057709161192178726,0.7130980491638184,0.18286511301994324,-0.06970200687646866,0.7151415348052979,0.09269708395004272,-0.07883310317993164,0.6655453443527222,0.5013628005981445,-0.06097819283604622,0.6048612594604492,0.2835257649421692,-0.0883246436715126,0.5448873043060303,0.17836463451385498,-0.09442692250013351,0.5093666911125183,0.10177361965179443,-0.10127434134483337,0.5923846960067749,0.4972030520439148,-0.08476195484399796,0.5156680345535278,0.3347310423851013,-0.10578416287899017,0.49183589220046997,0.39910516142845154,-0.09201256930828094,0.5033680200576782,0.4659784138202667,-0.08404012024402618,0.5147126317024231,0.4892209470272064,-0.10716793686151505,0.464107871055603,0.36345404386520386,-0.12319856137037277,0.44438838958740234,0.42245250940322876,-0.10977625846862793,0.4556766450405121,0.48205429315567017,-0.09832613170146942
0.46264535188674927,0.748547375202179,-5.658470172420493e-07,0.5496135950088501,0.6346599459648132,0.03136533871293068,0.5993258357048035,0.4887964725494385,0.02416088804602623,0.6082454919815063,0.3497138023376465,0.009191382676362991,0.6101378202438354,0.24989256262779236,-0.009129295125603676,0.6819290518760681,0.4610362648963928,-0.011581738479435444,0.6644082069396973,0.25762754678726196,-0.026686297729611397,0.6559965014457703,0.1650732457637787,-0.03390258550643921,0.6542955636978149,0.0828021764755249,-0.04032139852643013,0.6371070742607117,0.4546445906162262,-0.04156674072146416,0.570621907711029,0.2570546269416809,-0.059663210064172745,0.5110131502151489,0.16906145215034485,-0.06371375173330307,0.4732521176338196,0.09832930564880371,-0.0697646513581276,0.5748705863952637,0.45100677013397217,-0.06681600958108902,0.48845207691192627,0.3124327063560486,-0.07501824200153351,0.46709567308425903,0.380310595035553,-0.061427146196365356,0.4792563021183014,0.4402885138988495,-0.056340910494327545,0.506398618221283,0.4433651566505432,-0.09017527848482132,0.44782906770706177,0.3388824164867401,-0.09427133202552795,0.43185853958129883,0.397344172000885,-0.080723337829113,0.44447872042655945,0.4477860927581787,-0.07164600491523743
0.4808800220489502,0.739495575428009,-5.225325026003702e-07,0.5643882751464844,0.6370097398757935,0.020864905789494514,0.6148917078971863,0.49629858136177063,0.009485948830842972,0.6311788558959961,0.35846373438835144,-0.0073493304662406445,0.6419082283973694,0.25735199451446533,-0.02705499157309532,0.7007036805152893,0.4866253137588501,-0.021493228152394295,0.6874293684959412,0.28489384055137634,-0.03792063519358635,0.6830856204032898,0.1922730952501297,-0.04362497851252556,0.6847878694534302,0.11450636386871338,-0.048232950270175934,0.6582462787628174,0.4782939553260803,-0.045802030712366104,0.5966243743896484,0.27955377101898193,-0.06324172765016556,0.5409474968910217,0.18987680971622467,-0.06418929994106293,0.5079641342163086,0.12115946412086487,-0.06801614165306091,0.5981212258338928,0.4690777659416199,-0.06659065932035446,0.5158125758171082,0.32651469111442566,-0.07640840858221054,0.4912196397781372,0.3878716230392456,-0.062383972108364105,0.5012898445129395,0.44621556997299194,-0.05642150714993477,0.5319017171859741,0.45452743768692017,-0.08618275076150894,0.47531747817993164,0.34636372327804565,-0.09260815382003784,0.4572445750236511,0.39980843663215637,-0.0805608406662941,0.46787089109420776,0.44905900955200195,-0.07222693413496017
0.43885886669158936,0.7536783814430237,-4.772138026964967e-07,0.5285229086875916,0.6504653096199036,0.011162386275827885,0.5845849514007568,0.5057371854782104,-0.0028579540085047483,0.5998623967170715,0.36438414454460144,-0.02112651988863945,0.6013826131820679,0.25997644662857056,-0.04198776185512543,0.6663382649421692,0.4765568673610687,-0.029576975852251053,0.6518322825431824,0.2712324857711792,-0.0554199256002903,0.6472793817520142,0.1683042347431183,-0.06916933506727219,0.6469922065734863,0.08096566796302795,-0.0792701318860054,0.6184815764427185,0.46981650590896606,-0.05247986689209938,0.5502209663391113,0.26596859097480774,-0.08330705016851425,0.4909990131855011,0.17029723525047302,-0.09165611118078232,0.4567493796348572,0.09618005156517029,-0.0984024927020073,0.5532241463661194,0.4637831449508667,-0.07286689430475235,0.46214625239372253,0.31410709023475647,-0.0974847599864006,0.4391075372695923,0.3757213354110718,-0.08554735779762268,0.4519660472869873,0.4352703094482422,-0.07668561488389969,0.48119136691093445,0.4545232355594635,-0.09274757653474808,0.41892626881599426,0.34080061316490173,-0.11051495373249054,0.4013044834136963,0.39719295501708984,-0.09895827621221542,0.4147739112377167,0.4498005211353302,-0.0879836156964302
0.41391119360923767,0.7613135576248169,-6.051711238796997e-07,0.5041834115982056,0.6425435543060303,0.023355377838015556,0.5567687749862671,0.4882358908653259,0.01009610015898943,0.5720669627189636,0.3370220363140106,-0.009418895468115807,0.5820667147636414,0.22212475538253784,-0.03210543841123581,0.6505882740020752,0.4623790681362152,-0.02729696035385132,0.6337740421295166,0.24363887310028076,-0.04805285111069679,0.6242599487304688,0.13478106260299683,-0.05804280564188957,0.6208891868591309,0.041990578174591064,-0.06639375537633896,0.5993744730949402,0.45774710178375244,-0.05640072003006935,0.5221043825149536,0.2424529641866684,-0.0781548023223877,0.4597228169441223,0.13847818970680237,-0.08253592252731323,0.42515116930007935,0.05588400363922119,-0.0904390960931778,0.5298748016357422,0.4526565670967102,-0.08128082007169724,0.4336591064929962,0.29582154750823975,-0.09378907829523087,0.4101313352584839,0.36471831798553467,-0.07698484510183334,0.4247432053089142,0.428483247756958,-0.0703810453414917,0.4549025595188141,0.44318437576293945,-0.1051102802157402,0.3883991837501526,0.3216868042945862,-0.11481908708810806,0.36925292015075684,0.3821820020675659,-0.10009775310754776,0.3825904130935669,0.43743178248405457,-0.08979474008083344
0.4181326925754547,0.7577462196350098,-5.729509098273411e-07,0.5066097974777222,0.6398993730545044,0.01759064570069313,0.5558306574821472,0.4783989489078522,0.0020606645848602057,0.5672309398651123,0.32118865847587585,-0.018482184037566185,0.576971709728241,0.2056146264076233,-0.041499797254800797,0.6510225534439087,0.4627213180065155,-0.03142962232232094,0.6353713274002075,0.24139054119586945,-0.05447496473789215,0.6267129778862,0.1344730257987976,-0.06445483863353729,0.6234980821609497,0.044881463050842285,-0.07192355394363403,0.6000428199768066,0.4588366746902466,-0.057730093598365784,0.5246089100837708,0.23721733689308167,-0.08156654238700867,0.4612411558628082,0.14256501197814941,-0.08460836857557297,0.426395446062088,0.06820964813232422,-0.09029465168714523,0.5313606858253479,0.4539826214313507,-0.0804651603102684,0.4387567341327667,0.2939496338367462,-0.09680753201246262,0.41508787870407104,0.363118976354599,-0.07863059639930725,0.4272107779979706,0.42602813243865967,-0.06905808299779892,0.4573709964752197,0.44402480125427246,-0.10237821936607361,0.39533311128616333,0.32158833742141724,-0.11442691087722778,0.3768807351589203,0.3821111023426056,-0.09882836043834686,0.38788285851478577,0.4352850019931793,-0.08679842948913574
0.40771985054016113,0.7526409029960632,-4.957572059538506e-07,0.4976889491081238,0.6397984027862549,0.014934629201889038,0.5508362650871277,0.48435309529304504,0.00010040467168437317,0.5650472640991211,0.329998642206192,-0.018603213131427765,0.5771456360816956,0.21249188482761383,-0.04022419825196266,0.6374073028564453,0.4626155495643616,-0.03535647317767143,0.622638463973999,0.24644866585731506,-0.056423455476760864,0.6127434968948364,0.14073291420936584,-0.06579089164733887,0.607886552810669,0.05139273405075073,-0.073100745677948,0.580988347530365,0.45596256852149963,-0.059564895927906036,0.513744056224823,0.24399620294570923,-0.08190780133008957,0.451607882976532,0.14586439728736877,-0.08550205081701279,0.4138915538787842,0.07178884744644165,-0.09150155633687973,0.5085830688476562,0.4496692717075348,-0.07982781529426575,0.4262789487838745,0.29695621132850647,-0.09447930753231049,0.40514862537384033,0.36526793241500854,-0.07703857868909836,0.41806259751319885,0.4277067482471466,-0.06813148409128189,0.43171441555023193,0.4399448037147522,-0.09929177165031433,0.3771279454231262,0.32334819436073303,-0.11033220589160919,0.36047232151031494,0.3856174051761627,-0.09444569796323776,0.3731533885002136,0.4397670328617096,-0.08211677521467209
0.4009808301925659,0.7655689716339111,-5.763563990512921e-07,0.49212855100631714,0.6432977914810181,0.03965248912572861,0.5440950393676758,0.4946945309638977,0.029238473623991013,0.5574705600738525,0.34493523836135864,0.010645092464983463,0.5649557113647461,0.22796958684921265,-0.01242920383810997,0.6341444849967957,0.4726076126098633,-0.027576884254813194,0.6214626431465149,0.25187408924102783,-0.036477167159318924,0.611786961555481,0.1486511528491974,-0.03564963862299919,0.6100629568099976,0.057722240686416626,-0.037160106003284454,0.5775777697563171,0.4674226641654968,-0.06290198117494583,0.5141198635101318,0.25129684805870056,-0.06810595840215683,0.45252054929733276,0.15854349732398987,-0.05952347815036774,0.4174153506755829,0.09221130609512329,-0.06122696027159691,0.5036166906356812,0.46112269163131714,-0.09139163047075272,0.4259992837905884,0.30565840005874634,-0.08381930738687515,0.40065479278564453,0.37600448727607727,-0.0585855171084404,0.41259765625,0.4433835446834564,-0.05226551368832588,0.42768388986587524,0.4484198987483978,-0.11778593063354492,0.37604114413261414,0.33195334672927856,-0.11221901327371597,0.3573060631752014,0.394430935382843,-0.09227554500102997,0.36954766511917114,0.4510664641857147,-0.0819963738322258
0.4146217703819275,0.7714206576347351,-5.84253314173111e-07,0.49566423892974854,0.6691305637359619,0.029667716473340988,0.5486528277397156,0.5329905152320862,0.01813146471977234,0.5572884678840637,0.3905739486217499,0.00023403068189509213,0.5609928965568542,0.29135918617248535,-0.02108558639883995,0.625690758228302,0.5172136425971985,-0.027355128899216652,0.6165484189987183,0.32401490211486816,-0.04118881747126579,0.61099773645401,0.22819562256336212,-0.04231259971857071,0.6121156215667725,0.15366092324256897,-0.045286692678928375,0.5729607343673706,0.5145216584205627,-0.05629952251911163,0.5024651288986206,0.3532314598560333,-0.07086989283561707,0.46897539496421814,0.4018053412437439,-0.056611567735672,0.4735682010650635,0.4572235643863678,-0.04974620044231415,0.5057967305183411,0.508165180683136,-0.08064967393875122,0.43945348262786865,0.38134151697158813,-0.08716888725757599,0.4182463586330414,0.44047462940216064,-0.06002330780029297,0.4352216124534607,0.4911233186721802,-0.04785449057817459,0.4369715750217438,0.4950006604194641,-0.10284090787172318,0.39989960193634033,0.39522427320480347,-0.10458657890558243,0.3817167282104492,0.44815707206726074,-0.0854107216000557,0.390908420085907,0.4902089834213257,-0.07384822517633438
0.4259829819202423,0.7523095607757568,-4.0593212702333403e-07,0.5032438039779663,0.6498584151268005,0.03876643255352974,0.5474547743797302,0.5302998423576355,0.02760171890258789,0.5616515874862671,0.4137144386768341,0.008481670171022415,0.5742129683494568,0.32047510147094727,-0.015453961677849293,0.6233612298965454,0.5179842114448547,-0.027729623019695282,0.6148440837860107,0.33834320306777954,-0.031375762075185776,0.6101045608520508,0.2555371820926666,-0.026078497990965843,0.6109575629234314,0.1817626655101776,-0.024151112884283066,0.5753030776977539,0.5176554918289185,-0.05989066883921623,0.5339991450309753,0.3419745862483978,-0.05767709016799927,0.48986461758613586,0.2662949562072754,-0.044473208487033844,0.46303755044937134,0.21149665117263794,-0.042876947671175,0.5143110752105713,0.5137054920196533,-0.0853360965847969,0.45973095297813416,0.38596880435943604,-0.07016571611166,0.4374697804450989,0.4404624104499817,-0.04605627804994583,0.4442424178123474,0.49460774660110474,-0.04162730649113655,0.4536418318748474,0.5010892152786255,-0.10868735611438751,0.4184466600418091,0.40690112113952637,-0.09567809104919434,0.40249335765838623,0.4553786516189575,-0.07695800065994263,0.4103136360645294,0.5019065737724304,-0.06923863291740417
0.4374313950538635,0.7484117746353149,-4.295976054891071e-07,0.5120161175727844,0.6627827882766724,0.021427595987915993,0.5573356747627258,0.5464781522750854,0.010767538100481033,0.5694716572761536,0.4218258261680603,-0.003681363770738244,0.5752004384994507,0.32942426204681396,-0.02168738842010498,0.6273259520530701,0.5377669930458069,-0.03503867983818054,0.6213776469230652,0.3601047992706299,-0.0487481988966465,0.6180408596992493,0.2760964632034302,-0.052880190312862396,0.6186637282371521,0.20530256628990173,-0.05639737844467163,0.5783835649490356,0.5316662192344666,-0.05791858956217766,0.5387663245201111,0.35724937915802,-0.06857163459062576,0.4939907193183899,0.280189573764801,-0.06505029648542404,0.46587181091308594,0.22847354412078857,-0.06732995063066483,0.5196489691734314,0.5251253247261047,-0.07568171620368958,0.4719494581222534,0.39605289697647095,-0.07763197273015976,0.44868984818458557,0.43903598189353943,-0.05826163664460182,0.44840922951698303,0.4889048933982849,-0.05052695795893669,0.458805650472641,0.5147141814231873,-0.09204718470573425,0.428946316242218,0.4157339632511139,-0.09183759242296219,0.4135082960128784,0.4556282162666321,-0.07523126155138016,0.41722920536994934,0.49700453877449036,-0.06466835737228394
0.45214325189590454,0.7741358280181885,-4.0878271079236583e-07,0.521415650844574,0.6866987943649292,0.010425292886793613,0.5669945478439331,0.5691449642181396,-0.005558615084737539,0.5847612619400024,0.4460124373435974,-0.023963265120983124,0.6002158522605896,0.3525848984718323,-0.04516174644231796,0.6440109610557556,0.5650771260261536,-0.041432786732912064,0.6399286985397339,0.3852965831756592,-0.06077596917748451,0.6359118819236755,0.2982299327850342,-0.06844616681337357,0.6365355253219604,0.22491827607154846,-0.07459613680839539,0.5986815094947815,0.5641880035400391,-0.061615221202373505,0.5562396049499512,0.3812330663204193,-0.0806460976600647,0.5097953081130981,0.2972171902656555,-0.08142093569040298,0.48186832666397095,0.23767203092575073,-0.08587446063756943,0.5398536920547485,0.5602700114250183,-0.07812539488077164,0.4838560223579407,0.4199264347553253,-0.09047640860080719,0.46140527725219727,0.47008126974105835,-0.07324341684579849,0.46638283133506775,0.5244669914245605,-0.06473299860954285,0.47757208347320557,0.5497868061065674,-0.09392856061458588,0.4415625333786011,0.4419243335723877,-0.10360448062419891,0.4264252781867981,0.4857158064842224,-0.08998211473226547,0.4351193904876709,0.5303486585617065,-0.08016101270914078
0.45337390899658203,0.7816562652587891,-4.1518731563883193e-07,0.5275210738182068,0.6895073056221008,0.002703096717596054,0.5746976137161255,0.5603829622268677,-0.016801318153738976,0.5911523699760437,0.4284493029117584,-0.03801092505455017,0.6097681522369385,0.3270244598388672,-0.06162318214774132,0.6571314930915833,0.555091917514801,-0.04735007509589195,0.6495413780212402,0.36080002784729004,-0.07343679666519165,0.643356442451477,0.2624324560165405,-0.08495126664638519,0.6398322582244873,0.18149054050445557,-0.09340249001979828,0.6093550324440002,0.5591829419136047,-0.06668976694345474,0.5562349557876587,0.36025315523147583,-0.09657478332519531,0.5041643977165222,0.2695325016975403,-0.10193929076194763,0.4710891842842102,0.20556271076202393,-0.10740474611520767,0.5456211566925049,0.5609136819839478,-0.08336365222930908,0.476829469203949,0.40430814027786255,-0.10796204954385757,0.45613887906074524,0.45960068702697754,-0.09308119863271713,0.46520909667015076,0.5195644497871399,-0.08279658854007721,0.47690027952194214,0.5556643009185791,-0.09955797344446182,0.43042778968811035,0.4346015751361847,-0.11957167834043503,0.41613245010375977,0.48242923617362976,-0.10800717025995255,0.42880672216415405,0.5324949026107788,-0.09734350442886353
0.4367024898529053,0.7718530893325806,-4.2880944306489255e-07,0.5154072046279907,0.6677706241607666,0.005649884231388569,0.5654883980751038,0.5236924886703491,-0.011817781254649162,0.5833038687705994,0.38198304176330566,-0.031658101826906204,0.6044707298278809,0.2764912545681,-0.05349152162671089,0.651860773563385,0.5172452330589294,-0.043620914220809937,0.643774688243866,0.30454856157302856,-0.06969673931598663,0.6387913227081299,0.20025283098220825,-0.08146829903125763,0.6377382874488831,0.11469891667366028,-0.09003207087516785,0.6017155051231384,0.5199532508850098,-0.06467194855213165,0.5463332533836365,0.3103516697883606,-0.0932837724685669,0.49712374806404114,0.22143223881721497,-0.09827051311731339,0.46775689721107483,0.1594604253768921,-0.10394729673862457,0.5364707708358765,0.5214486718177795,-0.0832037404179573,0.4634486436843872,0.3536556363105774,-0.10634154826402664,0.44336697459220886,0.41161441802978516,-0.09173879027366638,0.4532606601715088,0.4758015275001526,-0.08195396512746811,0.4655035138130188,0.516377329826355,-0.10122895240783691,0.4177722632884979,0.38381946086883545,-0.118804931640625,0.4039877951145172,0.429989755153656,-0.10682175308465958,0.4163734018802643,0.48095205426216125,-0.09633700549602509
0.4058971107006073,0.7974545359611511,-4.981877737009199e-07,0.48617810010910034,0.6842362284660339,0.023289550095796585,0.5442319512367249,0.5415695309638977,0.010560373775660992,0.5682844519615173,0.4016702175140381,-0.008976031094789505,0.5905195474624634,0.2951938509941101,-0.03158500790596008,0.6346683502197266,0.5245677828788757,-0.024394022300839424,0.6273384094238281,0.32291698455810547,-0.04436624422669411,0.6246445178985596,0.21901559829711914,-0.052594903856515884,0.6280992031097412,0.1315605342388153,-0.059618618339300156,0.583670437335968,0.5293967723846436,-0.0550215058028698,0.5345940589904785,0.3132319748401642,-0.0724029392004013,0.4861067235469818,0.228279247879982,-0.07164818048477173,0.46461018919944763,0.16648101806640625,-0.07572895288467407,0.5168110728263855,0.5332042574882507,-0.08226518332958221,0.4504859745502472,0.3659643530845642,-0.09583503752946854,0.423876017332077,0.4269055426120758,-0.07695557177066803,0.4348747134208679,0.48922351002693176,-0.06769175082445145,0.4454646110534668,0.5276657938957214,-0.10827860236167908,0.4042834937572479,0.4028934836387634,-0.11862313747406006,0.38493257761001587,0.4547918438911438,-0.10399331152439117,0.395578533411026,0.5072656869888306,-0.09398350119590759
0.352552592754364,0.8210349082946777,-3.6199742226017406e-07,0.42865926027297974,0.7228162288665771,0.004264687187969685,0.4953266680240631,0.6108686923980713,-0.017977464944124222,0.5295979976654053,0.48750269412994385,-0.042496081441640854,0.5608543753623962,0.3920489251613617,-0.06954025477170944,0.5772429704666138,0.6177370548248291,-0.05679003894329071,0.5992045998573303,0.4311642050743103,-0.08753317594528198,0.6108566522598267,0.3307272791862488,-0.10381472110748291,0.6246860027313232,0.2450593113899231,-0.11697559058666229,0.5294268131256104,0.635120153427124,-0.08055835962295532,0.5033698081970215,0.404568076133728,-0.11401571333408356,0.47459086775779724,0.28786933422088623,-0.12294752150774002,0.4586246609687805,0.20358926057815552,-0.13444234430789948,0.4638117849826813,0.644059956073761,-0.10062342137098312,0.42212527990341187,0.44514068961143494,-0.12797537446022034,0.4020717442035675,0.49506059288978577,-0.1075182780623436,0.4076465368270874,0.5568143129348755,-0.09490863978862762,0.3956111967563629,0.638798713684082,-0.12029217183589935,0.36979737877845764,0.4811999201774597,-0.14236533641815186,0.35517895221710205,0.5242136120796204,-0.1259419322013855,0.36391791701316833,0.5788137912750244,-0.1128462627530098
0.3388524055480957,0.7899813652038574,-4.4908321683578833e-07,0.4160721004009247,0.7081384658813477,0.02201532945036888,0.4732183516025543,0.60194331407547,0.010780522599816322,0.5014240145683289,0.4894118309020996,-0.005529920104891062,0.5224086046218872,0.407147616147995,-0.025802884250879288,0.535142183303833,0.608947217464447,-0.03767123445868492,0.5508758425712585,0.44421184062957764,-0.0581425242125988,0.5578958988189697,0.36151212453842163,-0.07093601673841476,0.5681696534156799,0.28576725721359253,-0.08183035999536514,0.4858303964138031,0.611120879650116,-0.06489189714193344,0.4778817296028137,0.42262622714042664,-0.08446352928876877,0.4583563506603241,0.3208087384700775,-0.09032654017210007,0.4447796940803528,0.2431577742099762,-0.10057202726602554,0.4269573390483856,0.6083617210388184,-0.08644537627696991,0.41026926040649414,0.44588804244995117,-0.09859321266412735,0.3945026397705078,0.48661330342292786,-0.08093465864658356,0.39559662342071533,0.5390381813049316,-0.07271087169647217,0.36582013964653015,0.5974891185760498,-0.10629613697528839,0.3619753122329712,0.46718481183052063,-0.11499996483325958,0.35083746910095215,0.503900945186615,-0.09741953760385513,0.35363560914993286,0.5540473461151123,-0.08523418009281158
0.3817405700683594,0.668486475944519,-4.2271966549378703e-07,0.4124133288860321,0.5312532782554626,0.06329286098480225,0.4547025263309479,0.4583374857902527,0.06002100557088852,0.48527783155441284,0.3922582268714905,0.03520207107067108,0.5130991339683533,0.3234570026397705,0.004801083356142044,0.5357024669647217,0.47075748443603516,0.03973976522684097,0.5289291143417358,0.34829992055892944,0.028223704546689987,0.5260118842124939,0.2809560298919678,0.019667016342282295,0.5233593583106995,0.21872729063034058,0.011599436402320862,0.5247635841369629,0.49470531940460205,-0.015547182410955429,0.4963982105255127,0.346605122089386,-0.028202131390571594,0.4652269184589386,0.26172810792922974,-0.03453173115849495,0.4496813714504242,0.1892748773097992,-0.04297010973095894,0.4988152086734772,0.5154871344566345,-0.06733487546443939,0.4427032172679901,0.3917008638381958,-0.07178590446710587,0.4100152254104614,0.4493575394153595,-0.05660248547792435,0.4120664894580841,0.5030094981193542,-0.05224291980266571,0.47083431482315063,0.5266168117523193,-0.11603332310914993,0.4228922724723816,0.4344988465309143,-0.1136597990989685,0.39837121963500977,0.4746359884738922,-0.09746035933494568,0.40122923254966736,0.5192009210586548,-0.09011559188365936
0.6028630137443542,0.7132588028907776,5.664384161718772e-07,0.5492895245552063,0.6066086888313293,-0.010683992877602577,0.5382793545722961,0.49142763018608093,-0.005377316847443581,0.5778546333312988,0.41401323676109314,-0.005258551333099604,0.6145941615104675,0.37825316190719604,-0.003062744392082095,0.5505864024162292,0.4717680513858795,0.029250282794237137,0.5476697087287903,0.37001436948776245,0.0186671894043684,0.5502426028251648,0.30701637268066406,0.010323035530745983,0.554781973361969,0.25128173828125,0.005569771397858858,0.5956069231033325,0.47917845845222473,0.024057766422629356,0.6177448034286499,0.3835926651954651,0.00622305553406477,0.6390894651412964,0.3186033368110657,-0.007850666530430317,0.6625027060508728,0.2641993761062622,-0.013016880489885807,0.6364749073982239,0.5028658509254456,0.01359488070011139,0.6384186148643494,0.46021851897239685,-0.01863332837820053,0.6206928491592407,0.5167762637138367,-0.023374296724796295,0.6132256984710693,0.56952303647995,-0.012835460714995861,0.6756667494773865,0.5318267941474915,0.0018693351885303855,0.6713135242462158,0.4811309278011322,-0.017222372815012932,0.6534411907196045,0.516547441482544,-0.011397353373467922,0.6454558968544006,0.5569978952407837,5.4588930652244017e-05
0.6692402958869934,0.7411977648735046,7.264634405146353e-07,0.6251577138900757,0.6539946794509888,-0.028957977890968323,0.6083869338035583,0.5482264161109924,-0.025917939841747284,0.6218698620796204,0.46305641531944275,-0.02264825440943241,0.6218577027320862,0.3930525481700897,-0.016593249514698982,0.5924919247627258,0.5046982765197754,0.024102792143821716,0.5859588384628296,0.40826553106307983,0.01750253699719906,0.5901262760162354,0.35194849967956543,0.011211959645152092,0.5951912999153137,0.297842413187027,0.007748681586235762,0.6343384981155396,0.5140624642372131,0.030013330280780792,0.6628302931785583,0.42062729597091675,0.015147101134061813,0.6914483904838562,0.364487886428833,0.0017136764945462346,0.7174860239028931,0.3163313865661621,-0.003220754209905863,0.6714730858802795,0.5387618541717529,0.028767067939043045,0.6977682113647461,0.4907360374927521,-0.006564977113157511,0.6886886954307556,0.5564010739326477,-0.015999194234609604,0.6827974319458008,0.6016181707382202,-0.009168127551674843,0.706097424030304,0.5652025938034058,0.025519808754324913,0.7185567617416382,0.519702136516571,-0.004526027012616396,0.7081714272499084,0.5702131986618042,-0.006779602728784084,0.7025719285011292,0.6088360548019409,4.78438705613371e-05
0.6995006799697876,0.7300005555152893,8.231064043684455e-07,0.6623128056526184,0.6392307281494141,-0.03777015209197998,0.6462260484695435,0.5328864455223083,-0.03478887304663658,0.6566637754440308,0.4499421715736389,-0.028880562633275986,0.6503527760505676,0.382323294878006,-0.01882028952240944,0.6184234619140625,0.4935862123966217,0.026620760560035706,0.6145767569541931,0.4018195867538452,0.023820383474230766,0.6206800937652588,0.34696894884109497,0.018413061276078224,0.6251617670059204,0.29568588733673096,0.01500998716801405,0.6591659188270569,0.5037856101989746,0.039031464606523514,0.6910849809646606,0.4151983857154846,0.028373796492815018,0.7222393751144409,0.360815167427063,0.01462027058005333,0.7475524544715881,0.31575334072113037,0.008888620883226395,0.696212112903595,0.5292473435401917,0.04294943809509277,0.7273780107498169,0.48817071318626404,0.010407059453427792,0.7265074849128723,0.547685444355011,-0.003734201192855835,0.7211107015609741,0.5852802991867065,-0.0007554105250164866,0.7296345829963684,0.5547116994857788,0.044312845915555954,0.7456209659576416,0.5146855711936951,0.016374729573726654,0.7416315078735352,0.5601974129676819,0.010707120411098003,0.7371988296508789,0.5912104845046997,0.014416569843888283
0.712500274181366,0.7198533415794373,7.995031410246156e-07,0.6736185550689697,0.6278579831123352,-0.038256511092185974,0.6597015857696533,0.5212909579277039,-0.03596237674355507,0.6732951998710632,0.4368446469306946,-0.030492492020130157,0.6722791194915771,0.36700302362442017,-0.021298019215464592,0.6409218907356262,0.48114660382270813,0.02214205451309681,0.6396110653877258,0.3870158791542053,0.01970367133617401,0.6459224224090576,0.33238643407821655,0.015218159183859825,0.6511297225952148,0.2800917327404022,0.012603914365172386,0.6824650168418884,0.49203726649284363,0.03437480702996254,0.7121173143386841,0.4028313159942627,0.025853775441646576,0.7421674728393555,0.34772878885269165,0.01416611485183239,0.767414391040802,0.29928600788116455,0.009572386741638184,0.719491720199585,0.5197582244873047,0.038419537246227264,0.7474539875984192,0.4774739742279053,0.007207830436527729,0.7440535426139832,0.5358551740646362,-0.005439803469926119,0.7384097576141357,0.5733919739723206,-0.0014952123165130615,0.7527112364768982,0.5481151342391968,0.03979433700442314,0.7666100859642029,0.5029376149177551,0.012010274454951286,0.7613373398780823,0.5467552542686462,0.007266666274517775,0.7580428123474121,0.5795422196388245,0.01187713723629713
0.7053346037864685,0.6446621417999268,8.122704571178474e-07,0.6621853113174438,0.551376223564148,-0.03253092244267464,0.6473788022994995,0.4454977512359619,-0.02853410504758358,0.6604122519493103,0.36306241154670715,-0.02297777123749256,0.6557196974754333,0.29845479130744934,-0.013587258756160736,0.6292212009429932,0.4101140797138214,0.028765501454472542,0.6214380264282227,0.319122850894928,0.027240274474024773,0.6239720582962036,0.2656433582305908,0.022865789011120796,0.6279173493385315,0.21411609649658203,0.019951321184635162,0.6720424294471741,0.4194449484348297,0.03785596415400505,0.6992782354354858,0.3301693797111511,0.028973953798413277,0.7253414392471313,0.27169424295425415,0.015279152430593967,0.7488443851470947,0.22005048394203186,0.009148802608251572,0.7102020978927612,0.4467487335205078,0.03941074013710022,0.7368503212928772,0.39895930886268616,0.009207924827933311,0.7303681373596191,0.45928508043289185,-0.002531117293983698,0.723056435585022,0.5011136531829834,0.0016748541966080666,0.7439543604850769,0.4750322103500366,0.038626380264759064,0.755616307258606,0.4273549020290375,0.012503456324338913,0.7484928965568542,0.4700998067855835,0.009256355464458466,0.744174063205719,0.5034266710281372,0.014710452407598495
0.6750348806381226,0.5722747445106506,7.525883347625495e-07,0.6315615773200989,0.4911477565765381,-0.029623661190271378,0.6140465140342712,0.38840675354003906,-0.028232522308826447,0.6255304217338562,0.30196818709373474,-0.026136210188269615,0.6262533664703369,0.2357124239206314,-0.02054634317755699,0.6020411252975464,0.35327377915382385,0.02055036835372448,0.5892888903617859,0.2625800371170044,0.01451781764626503,0.5882807970046997,0.21013383567333221,0.007712562568485737,0.5899180173873901,0.15894439816474915,0.0030180029571056366,0.6428337693214417,0.35641318559646606,0.026768960058689117,0.6614065766334534,0.2656533420085907,0.013955892063677311,0.6825769543647766,0.20753833651542664,0.00030253504519350827,0.7024649381637573,0.153290793299675,-0.006062074098736048,0.6807802319526672,0.37810760736465454,0.02635806053876877,0.7016444206237793,0.3280818462371826,-0.0038275686092674732,0.6952131390571594,0.38984841108322144,-0.01035290863364935,0.68851238489151,0.43431317806243896,-0.0036190657410770655,0.7157548666000366,0.40404999256134033,0.023434612900018692,0.7282427549362183,0.3577381670475006,-0.0014028713339939713,0.7202409505844116,0.3991132378578186,-0.0012154970318078995,0.7136903405189514,0.43218210339546204,0.006069749593734741
0.6431458592414856,0.5254176259040833,6.587954430870013e-07,0.59939044713974,0.4554516077041626,-0.022440308704972267,0.5832457542419434,0.35980886220932007,-0.023800158873200417,0.5918002724647522,0.27523598074913025,-0.025925246998667717,0.591282844543457,0.21366667747497559,-0.0254058875143528,0.5758782029151917,0.33503904938697815,0.007122398354113102,0.5581198334693909,0.24662616848945618,-0.0037082009948790073,0.5521223545074463,0.19293154776096344,-0.011130033992230892,0.550315797328949,0.14197154343128204,-0.01619637757539749,0.6150814294815063,0.33413052558898926,0.007577130105346441,0.626704752445221,0.24410948157310486,-0.009958346374332905,0.6408754587173462,0.18619795143604279,-0.022470863536000252,0.6571434140205383,0.13330663740634918,-0.028205623850226402,0.653706431388855,0.35161352157592773,0.003612097119912505,0.6644572615623474,0.2976435422897339,-0.026999689638614655,0.6560412645339966,0.35640859603881836,-0.026522047817707062,0.6523653268814087,0.40254533290863037,-0.01590295135974884,0.6902162432670593,0.37740206718444824,-0.002424095757305622,0.6940298676490784,0.3281805217266083,-0.02695229835808277,0.6856616139411926,0.3678635358810425,-0.0220692977309227,0.6829825043678284,0.4034147262573242,-0.011645794846117496
0.6097705960273743,0.5319923162460327,5.859135399077786e-07,0.564301073551178,0.4599257707595825,-0.018159732222557068,0.5497124791145325,0.3648989796638489,-0.018065214157104492,0.5606710314750671,0.282359778881073,-0.019919365644454956,0.5595065951347351,0.2218671292066574,-0.019216710701584816,0.546434223651886,0.3421272337436676,0.011449026875197887,0.524549126625061,0.25932586193084717,-0.00029238927527330816,0.5177825689315796,0.20695438981056213,-0.008357415907084942,0.515907883644104,0.15711508691310883,-0.013339973986148834,0.5866267681121826,0.3360635042190552,0.01027004700154066,0.59356689453125,0.2526525855064392,-0.007963474839925766,0.604382336139679,0.1958484649658203,-0.020000513643026352,0.6189517974853516,0.139382466673851,-0.024662110954523087,0.6266587376594543,0.34769925475120544,0.004661431070417166,0.6310648918151855,0.29909753799438477,-0.024146176874637604,0.6200510859489441,0.3619203567504883,-0.020094461739063263,0.6164834499359131,0.40845024585723877,-0.0064126234501600266,0.6674413681030273,0.3685758113861084,-0.0030839089304208755,0.6664116382598877,0.3190852999687195,-0.023394163697957993,0.653874397277832,0.3606266677379608,-0.014928544871509075,0.6490433216094971,0.3974398970603943,-0.0018607376841828227
0.5576859712600708,0.5647832155227661,5.648213914355438e-07,0.513701319694519,0.4919925034046173,-0.013841583393514156,0.5020803213119507,0.401734858751297,-0.012348460033535957,0.5123795866966248,0.32072266936302185,-0.014030707068741322,0.5105718970298767,0.2634686231613159,-0.013268875889480114,0.5021011233329773,0.37943947315216064,0.01566646248102188,0.4816301167011261,0.29777318239212036,0.0026337336748838425,0.47319889068603516,0.24469786882400513,-0.007201348431408405,0.46917611360549927,0.19401977956295013,-0.014264663681387901,0.5404697060585022,0.37533536553382874,0.011859810911118984,0.5467994213104248,0.2926810383796692,-0.010669774375855923,0.5567916631698608,0.23432902991771698,-0.026654217392206192,0.5717095732688904,0.17817291617393494,-0.034217748790979385,0.5786145925521851,0.3901226818561554,0.004236189648509026,0.5849128365516663,0.3370842933654785,-0.027597568929195404,0.5724350214004517,0.39922404289245605,-0.02334863692522049,0.5678671598434448,0.44765108823776245,-0.009204700589179993,0.6176224946975708,0.4144531488418579,-0.005186034832149744,0.6177388429641724,0.36571958661079407,-0.028030570596456528,0.6048712134361267,0.4053972363471985,-0.020169341936707497,0.599295973777771,0.44163018465042114,-0.007251400034874678
0.5757057070732117,0.6275014877319336,5.662940907313896e-07,0.5336160659790039,0.5515543222427368,-0.016406191512942314,0.5249811410903931,0.45472365617752075,-0.01697307452559471,0.5440672636032104,0.3781628906726837,-0.020474063232541084,0.551959753036499,0.3214464485645294,-0.02229837328195572,0.5270443558692932,0.4223569929599762,0.011514637619256973,0.5126702189445496,0.33967331051826477,-0.002210195641964674,0.5079238414764404,0.2872123718261719,-0.01260437909513712,0.5075324177742004,0.23720583319664001,-0.019037820398807526,0.5655242800712585,0.4310043752193451,0.007151906844228506,0.5809137225151062,0.34396427869796753,-0.012826960533857346,0.5953092575073242,0.288480281829834,-0.027011793106794357,0.613703727722168,0.2374376654624939,-0.032892871648073196,0.6029120087623596,0.4552333354949951,-0.0013722433941438794,0.6143993735313416,0.40859442949295044,-0.03280596062541008,0.5987371802330017,0.46600282192230225,-0.03185791149735451,0.5922811031341553,0.5122532844543457,-0.01984744518995285,0.639196515083313,0.4849027991294861,-0.011697575449943542,0.6408946514129639,0.4377894997596741,-0.03383541479706764,0.6280680894851685,0.4770183265209198,-0.0258545633405447,0.6237683892250061,0.5130026340484619,-0.012909113429486752
0.6123395562171936,0.7006697654724121,6.203695761541894e-07,0.5778643488883972,0.6200553178787231,-0.022432636469602585,0.5745050311088562,0.5151485800743103,-0.02237182855606079,0.5959281325340271,0.4349379539489746,-0.023274363949894905,0.6048048734664917,0.37391895055770874,-0.021368158981204033,0.5719987154006958,0.48636549711227417,0.011676415801048279,0.5669729113578796,0.3964000940322876,0.0008995408425107598,0.5689423084259033,0.34291455149650574,-0.0070184264332056046,0.5739354491233826,0.29341673851013184,-0.01159168966114521,0.610775887966156,0.49795371294021606,0.012413843534886837,0.6381144523620605,0.41663599014282227,-0.004210451152175665,0.6604287624359131,0.3647514283657074,-0.016288328915834427,0.6830870509147644,0.3163268268108368,-0.020965375006198883,0.6461255550384521,0.5254719853401184,0.00807813461869955,0.6675814986228943,0.48048514127731323,-0.021746480837464333,0.6510105133056641,0.5361977219581604,-0.0220782533288002,0.6404788494110107,0.580058217048645,-0.011265989392995834,0.6793420910835266,0.5570888519287109,0.0015690254513174295,0.6924413442611694,0.511389434337616,-0.020620932802557945,0.6780605912208557,0.5485984683036804,-0.014947799034416676,0.6703370809555054,0.5823664665222168,-0.0037742150016129017
0.6492984294891357,0.7280572056770325,7.393746841444226e-07,0.6151481866836548,0.6422394514083862,-0.028529880568385124,0.6129851341247559,0.5345099568367004,-0.030415814369916916,0.632634699344635,0.44805166125297546,-0.032001323997974396,0.638465404510498,0.3815426826477051,-0.03038829192519188,0.6084756851196289,0.501711368560791,0.008677350357174873,0.6060458421707153,0.4039088487625122,-0.002990258624777198,0.6098434329032898,0.3473096489906311,-0.01217112597078085,0.6171438097953796,0.2926214635372162,-0.018441956490278244,0.6503731608390808,0.5129408240318298,0.01234909426420927,0.6828190684318542,0.4241800010204315,-0.006716869305819273,0.7097750306129456,0.3715856671333313,-0.021226271986961365,0.736228346824646,0.3196486234664917,-0.02807016111910343,0.6871150135993958,0.5423445105552673,0.010548545978963375,0.7164412140846252,0.49060747027397156,-0.024097679182887077,0.697909951210022,0.5551301836967468,-0.025404704734683037,0.6833904385566711,0.6044549942016602,-0.014445658773183823,0.7205782532691956,0.577106237411499,0.006277644541114569,0.7380176186561584,0.5275588631629944,-0.02244679071009159,0.7241108417510986,0.5687065720558167,-0.01936408318579197,0.7141743302345276,0.6049433350563049,-0.00908389687538147
0.6190583109855652,0.7141208648681641,7.007758426880173e-07,0.5785199403762817,0.6311354637145996,-0.02686755359172821,0.5675011873245239,0.5208591818809509,-0.030607379972934723,0.5843316912651062,0.43067559599876404,-0.035215649753808975,0.5932669043540955,0.35708993673324585,-0.03687049821019173,0.565805196762085,0.4731270968914032,0.009265228174626827,0.5542563796043396,0.3775644898414612,-0.005666397046297789,0.5513007044792175,0.3174697160720825,-0.016445573419332504,0.5529060363769531,0.25932273268699646,-0.02359594590961933,0.6098762154579163,0.4810101091861725,0.009493287652730942,0.6343413591384888,0.39333897829055786,-0.012256734073162079,0.655095636844635,0.34277966618537903,-0.025600766763091087,0.6759344935417175,0.29110997915267944,-0.030700067058205605,0.6510844230651855,0.5087109804153442,0.003721501911059022,0.6746230721473694,0.45791107416152954,-0.03420231491327286,0.6562577486038208,0.5315462946891785,-0.032977666705846786,0.6430338025093079,0.581217885017395,-0.019455160945653915,0.6899877786636353,0.5445945858955383,-0.004328103736042976,0.7026609182357788,0.4964817762374878,-0.032680779695510864,0.6866329312324524,0.5451105833053589,-0.02606397494673729,0.6757174134254456,0.5802443623542786,-0.013256162405014038
0.5677841901779175,0.649743914604187,6.141877406662388e-07,0.5264180302619934,0.5726805329322815,-0.02399439550936222,0.5176073312759399,0.46717849373817444,-0.027481716126203537,0.5364273190498352,0.3793078064918518,-0.03220146521925926,0.5446973443031311,0.30993109941482544,-0.03425038233399391,0.5188930630683899,0.42999327182769775,0.004771541804075241,0.5044079422950745,0.3343454599380493,-0.011669527739286423,0.5014204978942871,0.27403444051742554,-0.021740933880209923,0.5033786296844482,0.21739840507507324,-0.02806214429438114,0.5633642673492432,0.43455833196640015,0.004005021881312132,0.5805521607398987,0.34569108486175537,-0.019782287999987602,0.5976821780204773,0.2922831177711487,-0.03291025757789612,0.6173403859138489,0.23980343341827393,-0.037416089326143265,0.6053624749183655,0.4584815502166748,-0.0018332772888243198,0.6152064800262451,0.4078884422779083,-0.03899568319320679,0.5965638160705566,0.4776095449924469,-0.03518524765968323,0.5867370963096619,0.5268858075141907,-0.019622711464762688,0.6457384824752808,0.49192243814468384,-0.00981174036860466,0.645474374294281,0.44156506657600403,-0.036749690771102905,0.6292393207550049,0.48787617683410645,-0.02851986512541771,0.6222105026245117,0.5236340761184692,-0.014414943754673004
0.5527294874191284,0.6136720180511475,6.190693397911673e-07,0.5119069218635559,0.5414828062057495,-0.023012256249785423,0.5003045201301575,0.43577003479003906,-0.025713235139846802,0.5175877809524536,0.34813880920410156,-0.02958875708281994,0.5238362550735474,0.27909398078918457,-0.031092485412955284,0.4987078011035919,0.39561939239501953,0.0037183177191764116,0.4824817180633545,0.3017348647117615,-0.01216736901551485,0.47757670283317566,0.24040843546390533,-0.021975941956043243,0.47650831937789917,0.1836339831352234,-0.028192121535539627,0.5413290858268738,0.40030544996261597,0.00281937955878675,0.5584108233451843,0.3118235468864441,-0.02063937298953533,0.5736873745918274,0.2606958746910095,-0.03313443064689636,0.5904862880706787,0.21225665509700775,-0.03687720745801926,0.5822393894195557,0.42430615425109863,-0.0027579115703701973,0.590522289276123,0.3721866011619568,-0.04005910083651543,0.5753471851348877,0.4413432478904724,-0.03642778471112251,0.5685186386108398,0.49197816848754883,-0.02064814232289791,0.6215925216674805,0.4578486382961273,-0.0102233299985528,0.6195691823959351,0.4057137966156006,-0.0379503071308136,0.6064720153808594,0.4508674740791321,-0.029906775802373886,0.602627158164978,0.4881238639354706,-0.015429730527102947
0.5836516618728638,0.6329846382141113,7.30299063889106e-07,0.534511923789978,0.5464978814125061,-0.029228676110506058,0.5232749581336975,0.4327218234539032,-0.03207698091864586,0.5410692691802979,0.3355780243873596,-0.035985637456178665,0.5464937090873718,0.26045429706573486,-0.03735237941145897,0.5171763300895691,0.3881945312023163,0.011450829915702343,0.5022584199905396,0.288219690322876,-0.003833036869764328,0.49818581342697144,0.22309589385986328,-0.015563856810331345,0.4990833103656769,0.1614779829978943,-0.02285241335630417,0.5630441308021545,0.4000338315963745,0.013025742024183273,0.5864034295082092,0.30741289258003235,-0.010354140773415565,0.6062837839126587,0.2506975531578064,-0.02620553784072399,0.6290607452392578,0.1995367556810379,-0.03235328570008278,0.6061169505119324,0.42865970730781555,0.008214473724365234,0.6241981387138367,0.37740588188171387,-0.03169456124305725,0.606258749961853,0.4469633996486664,-0.034991174936294556,0.5980605483055115,0.5004240870475769,-0.023163562640547752,0.6465671062469482,0.4613287150859833,0.0009764512651599944,0.653618335723877,0.40822404623031616,-0.02903141640126705,0.637548565864563,0.4556424021720886,-0.02511472813785076,0.6299505233764648,0.49818336963653564,-0.013265530578792095
0.5736769437789917,0.6744586229324341,7.11463314928551e-07,0.51495760679245,0.598213255405426,-0.034089621156454086,0.4998053014278412,0.4643671214580536,-0.0368565134704113,0.520706057548523,0.353693425655365,-0.03957166150212288,0.5271552205085754,0.26741087436676025,-0.039692748337984085,0.4967757761478424,0.4110807180404663,0.0037986545357853174,0.47701823711395264,0.3048099875450134,-0.014662694185972214,0.472066730260849,0.23130133748054504,-0.02625417336821556,0.4717574119567871,0.1637069284915924,-0.03385241702198982,0.5486269593238831,0.4144156575202942,0.006101932376623154,0.5693681836128235,0.3138883113861084,-0.02298511005938053,0.5912736058235168,0.2627280354499817,-0.03785852715373039,0.613347053527832,0.2157142609357834,-0.04149087890982628,0.5983753204345703,0.4424300491809845,0.0016998933861032128,0.6133940815925598,0.3829805552959442,-0.046108733862638474,0.5962509512901306,0.4745113253593445,-0.04344122111797333,0.5865402817726135,0.5357042551040649,-0.024933606386184692,0.6458799839019775,0.4809826612472534,-0.005326398648321629,0.6497510671615601,0.42472803592681885,-0.04160817712545395,0.6329943537712097,0.4852621257305145,-0.034554217010736465,0.6242237687110901,0.5285785794258118,-0.018846139311790466
0.5470411777496338,0.6788746118545532,5.64390063573228e-07,0.49409863352775574,0.6065385341644287,-0.026581881567835808,0.47746697068214417,0.4826775789260864,-0.028768833726644516,0.49255549907684326,0.377339631319046,-0.03224346414208412,0.4903044104576111,0.29541945457458496,-0.03313013166189194,0.47435951232910156,0.43924078345298767,0.008725639432668686,0.4521801769733429,0.3348296284675598,-0.008177267387509346,0.444792777299881,0.2688538730144501,-0.018850188702344894,0.44347527623176575,0.2069288194179535,-0.025413138791918755,0.5220876336097717,0.44004008173942566,0.009017260745167732,0.5363947153091431,0.3446613848209381,-0.015815310180187225,0.548915684223175,0.2942231595516205,-0.02794709801673889,0.5645626783370972,0.24355687201023102,-0.03140497952699661,0.5678080916404724,0.46043503284454346,0.0031957475002855062,0.5757110118865967,0.4032188057899475,-0.03723931312561035,0.5616542100906372,0.4859808683395386,-0.0318831205368042,0.5571538805961609,0.5420776605606079,-0.014665693044662476,0.6115136742591858,0.489122599363327,-0.005065381061285734,0.6084544658660889,0.4351603090763092,-0.03429408743977547,0.5955555438995361,0.49413424730300903,-0.024859920144081116,0.5935268402099609,0.5344040393829346,-0.009638715535402298
0.5518369674682617,0.6711600422859192,5.751047069679771e-07,0.5066095590591431,0.6030795574188232,-0.029557719826698303,0.4933936297893524,0.49454349279403687,-0.0317702516913414,0.5079976320266724,0.4027900993824005,-0.034319546073675156,0.5095067024230957,0.33051908016204834,-0.033702585846185684,0.491083562374115,0.45229843258857727,0.012052935548126698,0.4743351340293884,0.3600407838821411,0.00024281602236442268,0.468080997467041,0.30302900075912476,-0.008080101571977139,0.46706265211105347,0.24825409054756165,-0.013356554321944714,0.5328031778335571,0.45779427886009216,0.01569882035255432,0.546378493309021,0.3763898015022278,-0.003506458830088377,0.5625206232070923,0.3263554573059082,-0.015241862274706364,0.5811867117881775,0.278659462928772,-0.01943949982523918,0.5710140466690063,0.47990772128105164,0.012658574618399143,0.5857998728752136,0.42822015285491943,-0.02394808642566204,0.5721673369407654,0.49680426716804504,-0.025583768263459206,0.5648835301399231,0.546942949295044,-0.014124207198619843,0.6072835326194763,0.5055240988731384,0.00713727530092001,0.6121476888656616,0.4581538736820221,-0.021070607006549835,0.5993605256080627,0.505559504032135,-0.01805230975151062,0.5942175388336182,0.5422746539115906,-0.007999480701982975
0.5662468075752258,0.6738325357437134,5.855150106981455e-07,0.5250930190086365,0.5996127128601074,-0.02892524190247059,0.5141739845275879,0.5048648715019226,-0.029093237593770027,0.5273343324661255,0.4226830303668976,-0.029042579233646393,0.5289466381072998,0.3569182753562927,-0.026294216513633728,0.5093593597412109,0.4650963246822357,0.019590117037296295,0.49735328555107117,0.38430649042129517,0.011674276553094387,0.4945385754108429,0.3344420790672302,0.0038838095497339964,0.49475499987602234,0.2871360778808594,-0.0008991329232230783,0.546878457069397,0.4772515892982483,0.025494148954749107,0.5666232109069824,0.40167441964149475,0.010671669617295265,0.5848274827003479,0.35883989930152893,-0.0018073219107463956,0.6036798357963562,0.32122814655303955,-0.006588395684957504,0.5807453393936157,0.5022298693656921,0.024551957845687866,0.5956270694732666,0.4578317701816559,-0.007337716408073902,0.5844700932502747,0.5118589997291565,-0.015323386527597904,0.5796644687652588,0.5517139434814453,-0.009125270880758762,0.6127409934997559,0.5281712412834167,0.021430915221571922,0.6189495325088501,0.48669230937957764,-0.0033570744562894106,0.6066452860832214,0.5267235636711121,-0.00426156772300601,0.601058304309845,0.5606245994567871,0.002264705253764987
0.5691962242126465,0.6530711054801941,5.332573209670954e-07,0.5318152904510498,0.5913916826248169,-0.023846309632062912,0.5210863947868347,0.5037798881530762,-0.02506975829601288,0.5327975749969482,0.4277639389038086,-0.026461372151970863,0.5340872406959534,0.3675124943256378,-0.02565813809633255,0.5145454406738281,0.46929317712783813,0.012158390134572983,0.5057701468467712,0.3930356204509735,0.0025293028447777033,0.5043845772743225,0.3455536365509033,-0.005221837665885687,0.5058172941207886,0.30076864361763,-0.009984653443098068,0.5499818921089172,0.47690442204475403,0.015428571030497551,0.5673826932907104,0.4056733250617981,0.0001101503221434541,0.58392733335495,0.3656289279460907,-0.010110081173479557,0.6010420918464661,0.3292253017425537,-0.013685517013072968,0.582680344581604,0.4980901777744293,0.01321480143815279,0.5957653522491455,0.45436209440231323,-0.016279255971312523,0.5857499837875366,0.5068309903144836,-0.019055785611271858,0.5807828307151794,0.5450341105461121,-0.010596237145364285,0.612501859664917,0.5221434831619263,0.009174330160021782,0.6169354319572449,0.48140957951545715,-0.013098392635583878,0.6057227849960327,0.5196027755737305,-0.010524219833314419,0.6003352403640747,0.5502035021781921,-0.002246633404865861
0.5817497372627258,0.6274682283401489,5.269751568448555e-07,0.5444365739822388,0.565626859664917,-0.018839407712221146,0.5336445569992065,0.4822236895561218,-0.020347701385617256,0.5453159809112549,0.40908077359199524,-0.02324424497783184,0.5467177629470825,0.3524259924888611,-0.02414790913462639,0.5320385098457336,0.4495109021663666,0.011010081507265568,0.5206776261329651,0.3742380142211914,0.00011121808347525075,0.5188189744949341,0.32690560817718506,-0.007989580743014812,0.5207287073135376,0.2819974422454834,-0.012908472679555416,0.5667089819908142,0.45625966787338257,0.010741271078586578,0.5816239714622498,0.385197252035141,-0.0059197829104959965,0.5983322858810425,0.343589186668396,-0.016993612051010132,0.61644047498703,0.3042386770248413,-0.021228857338428497,0.5996379256248474,0.4757603704929352,0.005981935653835535,0.6119544506072998,0.4337492287158966,-0.023407503962516785,0.6005140542984009,0.4861106276512146,-0.024680539965629578,0.594673752784729,0.5268683433532715,-0.01524048950523138,0.6310015916824341,0.49917927384376526,-0.00031962362118065357,0.6351543068885803,0.4588349759578705,-0.02234996110200882,0.6230940818786621,0.49435514211654663,-0.018444331362843513,0.6170933842658997,0.5256868600845337,-0.009041465818881989
0.6573227047920227,0.6570463180541992,6.875640679027128e-07,0.6040279865264893,0.5856273174285889,-0.023863187059760094,0.5864197015762329,0.4775410592556,-0.02625046670436859,0.6014903783798218,0.38704395294189453,-0.029942398890852928,0.6052559614181519,0.3199704885482788,-0.03133504092693329,0.5917918682098389,0.45430997014045715,0.0033656107261776924,0.574310839176178,0.35761210322380066,-0.012123242020606995,0.5689084529876709,0.2947203516960144,-0.022158736363053322,0.5685946345329285,0.23507577180862427,-0.02860974706709385,0.6345456838607788,0.4570010304450989,0.0023600186686962843,0.6528648138046265,0.3638474941253662,-0.020839892327785492,0.6667651534080505,0.30446818470954895,-0.03402503952383995,0.6832571029663086,0.24749153852462769,-0.03876737505197525,0.6763554811477661,0.4778819680213928,-0.003455008380115032,0.6914837956428528,0.41440317034721375,-0.04058017581701279,0.6775855422019958,0.48399537801742554,-0.037935301661491394,0.6711105704307556,0.5388966202735901,-0.023164425045251846,0.7181787490844727,0.5054196119308472,-0.011452716775238514,0.7271795868873596,0.4469025731086731,-0.039782315492630005,0.7131052017211914,0.48948588967323303,-0.033395521342754364,0.7060084939002991,0.5288744568824768,-0.020309260115027428
0.7383577227592468,0.7995011806488037,7.664100962756493e-07,0.6667752861976624,0.7406671047210693,-0.04060385748744011,0.6395773887634277,0.5986399054527283,-0.051337115466594696,0.6655896306037903,0.4818757474422455,-0.060797661542892456,0.6781561970710754,0.39862653613090515,-0.06836876273155212,0.6457432508468628,0.5484324097633362,-0.03376048430800438,0.6296437978744507,0.42194032669067383,-0.06509047001600266,0.6243242621421814,0.3387857675552368,-0.08151185512542725,0.625949501991272,0.25716885924339294,-0.09278246760368347,0.7036529183387756,0.5514412522315979,-0.03538288176059723,0.7318922877311707,0.4405982196331024,-0.08001726865768433,0.7556663751602173,0.3627517819404602,-0.10170614719390869,0.7798358201980591,0.2885369062423706,-0.11036139726638794,0.760072648525238,0.5793405175209045,-0.04156767949461937,0.7906131744384766,0.5162195563316345,-0.10761351883411407,0.7738256454467773,0.6200582385063171,-0.1072942465543747,0.7612669467926025,0.6958268284797668,-0.08760230988264084,0.8129540681838989,0.6208369731903076,-0.050214461982250214,0.8283697962760925,0.5645139813423157,-0.10753742605447769,0.8126164078712463,0.6387879848480225,-0.10524547100067139,0.8000752329826355,0.6993364095687866,-0.0895068421959877
0.7450085878372192,1.0320707559585571,1.1154032790727797e-06,0.6595748066902161,0.9213679432868958,-0.05104914680123329,0.630858302116394,0.7347776293754578,-0.05484931915998459,0.6603332757949829,0.5826886296272278,-0.05900241434574127,0.66733717918396,0.45970338582992554,-0.05830111354589462,0.6398581862449646,0.6597893834114075,0.016419539228081703,0.6138221025466919,0.5092530846595764,-0.004277583211660385,0.6029770374298096,0.41435399651527405,-0.017812257632613182,0.601233720779419,0.32304543256759644,-0.02768467739224434,0.7148098349571228,0.6707184314727783,0.020185837522149086,0.7388492226600647,0.5317668318748474,-0.02091059274971485,0.7645500302314758,0.44373688101768494,-0.04568104445934296,0.7947475910186768,0.363567054271698,-0.054362207651138306,0.7852954268455505,0.7163140773773193,0.013102109543979168,0.8146270513534546,0.620522677898407,-0.0643225759267807,0.7900539040565491,0.760306179523468,-0.07061397284269333,0.7743411660194397,0.8598034977912903,-0.04906970262527466,0.8538017272949219,0.771685779094696,0.0028414877597242594,0.8698190450668335,0.6922277212142944,-0.0662061795592308,0.8455277681350708,0.7883887887001038,-0.06931401044130325,0.8286521434783936,0.8598831295967102,-0.053682323545217514
0.7280758023262024,1.0467320680618286,1.2294538009882672e-06,0.6330606341362,0.9332034587860107,-0.05700110271573067,0.59937584400177,0.7444442510604858,-0.06762263178825378,0.6229441165924072,0.5823397040367126,-0.07730624824762344,0.6271429657936096,0.459028422832489,-0.08039425313472748,0.6068594455718994,0.6667097210884094,-0.006130168680101633,0.5748751163482666,0.4947180151939392,-0.036220140755176544,0.5613661408424377,0.3927083909511566,-0.05423123389482498,0.5564689636230469,0.2939538359642029,-0.06711828708648682,0.6850314736366272,0.6688451766967773,-0.0023463238030672073,0.7062905430793762,0.5213635563850403,-0.05329879745841026,0.7369376420974731,0.418550580739975,-0.07995695620775223,0.7693422436714172,0.31803590059280396,-0.0902642235159874,0.7582846879959106,0.7058255672454834,-0.008670004084706306,0.7932000160217285,0.6051846146583557,-0.08801233023405075,0.7691501975059509,0.7501561641693115,-0.08488671481609344,0.749634325504303,0.8548282980918884,-0.05776793509721756,0.8293675184249878,0.7575787901878357,-0.01980924978852272,0.8495784997940063,0.6812349557876587,-0.08831378072500229,0.8249850273132324,0.7726746201515198,-0.08588211238384247,0.80382239818573,0.8416469097137451,-0.06634829938411713
0.6700969934463501,0.9536387920379639,1.1615483117566328e-06,0.5727487206459045,0.8294806480407715,-0.042878683656454086,0.5443417429924011,0.6283083558082581,-0.04214849695563316,0.5758034586906433,0.46563005447387695,-0.04308941215276718,0.582605242729187,0.3386248052120209,-0.03786707669496536,0.5513440370559692,0.5475047826766968,0.02624334767460823,0.5185073614120483,0.3761025667190552,0.008836864493787289,0.5054791569709778,0.2731517553329468,-0.0037838872522115707,0.5003139972686768,0.1724623441696167,-0.01370989065617323,0.6308886408805847,0.5442178249359131,0.026407720521092415,0.6473672389984131,0.3822284936904907,-0.009000598452985287,0.6661068201065063,0.2786799967288971,-0.03363308310508728,0.6909636855125427,0.17687764763832092,-0.04395362734794617,0.7046703100204468,0.5808314085006714,0.016475118696689606,0.7258761525154114,0.4704752564430237,-0.04819073528051376,0.703884482383728,0.6220182776451111,-0.04293295741081238,0.6902123093605042,0.7206920385360718,-0.016710452735424042,0.7789931297302246,0.6288633942604065,0.002658336190506816,0.7833834886550903,0.5360590219497681,-0.049237869679927826,0.7622053027153015,0.635471761226654,-0.038697633892297745,0.7511149048805237,0.6989555358886719,-0.016318049281835556
0.6417710185050964,0.8841664791107178,1.0191222372668562e-06,0.5481706261634827,0.7531229257583618,-0.03836188465356827,0.5228942036628723,0.5556136965751648,-0.03450596332550049,0.554821789264679,0.3877025246620178,-0.03389010950922966,0.5682669878005981,0.2681703567504883,-0.026488913223147392,0.5306827425956726,0.4969234764575958,0.03417694568634033,0.5011968612670898,0.3202577233314514,0.019469154998660088,0.48834317922592163,0.21822857856750488,0.008587563410401344,0.4809059202671051,0.11786794662475586,-0.0007732882513664663,0.606593132019043,0.48922199010849,0.03358592838048935,0.6177067160606384,0.3253791928291321,-0.000840954773593694,0.6340974569320679,0.2128327190876007,-0.02710971236228943,0.655653715133667,0.10348761081695557,-0.04006145894527435,0.6771284341812134,0.5205620527267456,0.023070136085152626,0.6971722841262817,0.4064795970916748,-0.040141623467206955,0.6778411865234375,0.5504623055458069,-0.036692772060632706,0.6651409864425659,0.6489177346229553,-0.012023546732962132,0.7499216794967651,0.5637006759643555,0.008642631582915783,0.7547422647476196,0.4647219181060791,-0.04172129184007645,0.7353156805038452,0.5566118955612183,-0.03400244936347008,0.7260450124740601,0.6234412789344788,-0.014477819204330444
0.6501092314720154,0.8762056827545166,1.0378628303442383e-06,0.5601747035980225,0.7387391328811646,-0.03433416783809662,0.5372841954231262,0.5512569546699524,-0.027017412707209587,0.5681280493736267,0.3859328329563141,-0.024012083187699318,0.5818918347358704,0.26718512177467346,-0.014555651694536209,0.5450065732002258,0.4958080053329468,0.04729444533586502,0.5161243677139282,0.32275480031967163,0.03557658940553665,0.5041181445121765,0.22229492664337158,0.024010829627513885,0.4982929825782776,0.12398386001586914,0.013453449122607708,0.6186990737915039,0.4893355369567871,0.04659237712621689,0.6287074089050293,0.3288802206516266,0.014634132385253906,0.6433294415473938,0.21860051155090332,-0.01454257220029831,0.6660969257354736,0.11343327164649963,-0.030534055083990097,0.6880919933319092,0.5208210945129395,0.035751134157180786,0.7094342112541199,0.4094088077545166,-0.023986641317605972,0.6845730543136597,0.5483517050743103,-0.025107426568865776,0.6702783703804016,0.6446313261985779,-0.005145872011780739,0.7590563893318176,0.5625560879707336,0.021197769790887833,0.7639585137367249,0.46772488951683044,-0.02774706482887268,0.7400583028793335,0.5550591945648193,-0.02425476536154747,0.728617787361145,0.6213103532791138,-0.00863188412040472
0.6431827545166016,0.8690770268440247,9.9696683264483e-07,0.5530369281768799,0.7374705672264099,-0.03510325402021408,0.5304507613182068,0.550544261932373,-0.027109578251838684,0.5621175169944763,0.38890111446380615,-0.023220082744956017,0.5784040689468384,0.2749292254447937,-0.013302553445100784,0.5421107411384583,0.49838927388191223,0.04442090541124344,0.5136694312095642,0.32321152091026306,0.03297841176390648,0.5028524398803711,0.22414058446884155,0.022819416597485542,0.49792182445526123,0.12638232111930847,0.013362160883843899,0.6147932410240173,0.49291762709617615,0.04437721148133278,0.6244946718215942,0.3354978561401367,0.010955538600683212,0.640779435634613,0.22588181495666504,-0.017357880249619484,0.6645179390907288,0.12064123153686523,-0.032090235501527786,0.6819441914558411,0.5240638256072998,0.03429144620895386,0.7003257870674133,0.4095182418823242,-0.028241625055670738,0.6775125861167908,0.550156831741333,-0.028822340071201324,0.6650881767272949,0.6483909487724304,-0.007391208317130804,0.7504907250404358,0.5657034516334534,0.020629525184631348,0.7546090483665466,0.46974965929985046,-0.031545303761959076,0.7312950491905212,0.5601523518562317,-0.028575537726283073,0.7207706570625305,0.6287477016448975,-0.012531048618257046
0.6281861662864685,0.8758596181869507,9.066110351341194e-07,0.542854905128479,0.7476996183395386,-0.0320599228143692,0.523466944694519,0.5658378005027771,-0.024494774639606476,0.5550820231437683,0.41318729519844055,-0.02137473225593567,0.5718904137611389,0.3061203360557556,-0.01283944584429264,0.5355522036552429,0.5152865648269653,0.04125528037548065,0.5089502334594727,0.3508561849594116,0.027507515624165535,0.49950990080833435,0.2544240653514862,0.015618426725268364,0.49472373723983765,0.16065561771392822,0.005338313523679972,0.6042720675468445,0.5137931108474731,0.03898681700229645,0.6143261194229126,0.3654722571372986,0.005275702569633722,0.6316999197006226,0.2642677426338196,-0.02221868373453617,0.6549860239028931,0.16857606172561646,-0.03635858744382858,0.6682284474372864,0.545928955078125,0.027066679671406746,0.6872660517692566,0.4417693316936493,-0.034613221883773804,0.6651709675788879,0.5691555738449097,-0.03700162470340729,0.6522272825241089,0.6572350263595581,-0.01779988966882229,0.7333871126174927,0.5875133275985718,0.011941694654524326,0.7393262982368469,0.49834510684013367,-0.03904368355870247,0.7166701555252075,0.5850692987442017,-0.0367220863699913,0.70661860704422,0.6509010791778564,-0.02188223972916603
0.6095802187919617,0.8573655486106873,7.842578497729846e-07,0.5410813093185425,0.741095781326294,-0.026953140273690224,0.5227015614509583,0.5898599624633789,-0.021122805774211884,0.5445070862770081,0.4593448042869568,-0.01914411410689354,0.5529355406761169,0.362795352935791,-0.012183808721601963,0.5274019241333008,0.5418715476989746,0.03972277417778969,0.5004836320877075,0.40234196186065674,0.028936581686139107,0.4891318082809448,0.3193463087081909,0.01879945583641529,0.48240554332733154,0.23858800530433655,0.010046171955764294,0.5864262580871582,0.5388686060905457,0.03838374838232994,0.5974565148353577,0.40821996331214905,0.013103720732033253,0.6150887608528137,0.327234148979187,-0.008075758814811707,0.6376737356185913,0.2505008280277252,-0.018779003992676735,0.6423673033714294,0.5671035051345825,0.028439298272132874,0.6588990688323975,0.4699811637401581,-0.021702701225876808,0.6416526436805725,0.5806131362915039,-0.022933445870876312,0.6329182386398315,0.6584754586219788,-0.006521333009004593,0.6997491121292114,0.6052592992782593,0.015844890847802162,0.7047913074493408,0.5256636142730713,-0.025531267747282982,0.6871311664581299,0.5968920588493347,-0.02276451885700226,0.6810446381568909,0.6500087976455688,-0.00983520969748497
0.49043822288513184,0.8011987209320068,5.193192578190065e-07,0.4302034378051758,0.701662540435791,-0.02045086771249771,0.42368513345718384,0.5734270811080933,-0.016683898866176605,0.461340993642807,0.471174955368042,-0.016617175191640854,0.4817196726799011,0.39895009994506836,-0.01363515667617321,0.43898266553878784,0.5475434064865112,0.028151847422122955,0.4211373031139374,0.43870893120765686,0.016964631155133247,0.4130145311355591,0.3719956576824188,0.009365868754684925,0.408042311668396,0.3105282485485077,0.004403896164149046,0.4865606725215912,0.5507868528366089,0.025642964988946915,0.49050670862197876,0.447049617767334,0.004410876892507076,0.49696341156959534,0.38454049825668335,-0.009018654003739357,0.509153425693512,0.3255482017993927,-0.013510944321751595,0.5338531136512756,0.5762642621994019,0.0160894226282835,0.5356832146644592,0.50823974609375,-0.02402537316083908,0.5151965618133545,0.5860726237297058,-0.023909850046038628,0.5071415305137634,0.6473390460014343,-0.008740212768316269,0.5805567502975464,0.6106919050216675,0.00434806989505887,0.5768619775772095,0.5446223616600037,-0.02508818916976452,0.5556867122650146,0.5924456119537354,-0.02013254538178444,0.5483176708221436,0.6364248991012573,-0.007833550684154034
0.44535329937934875,0.7263575196266174,4.3778894109891553e-07,0.4039914011955261,0.6334646344184875,-0.009778475388884544,0.41023820638656616,0.5204779505729675,-0.009406382218003273,0.4556257128715515,0.45074933767318726,-0.014840129762887955,0.49001315236091614,0.41848331689834595,-0.019081449136137962,0.44442063570022583,0.4970201253890991,0.01793944276869297,0.43393784761428833,0.39524489641189575,0.004714399576187134,0.42791905999183655,0.335731565952301,-0.005411064717918634,0.4271230101585388,0.2818126082420349,-0.012303498573601246,0.48430725932121277,0.5051122307777405,0.008711690083146095,0.48666954040527344,0.40618008375167847,-0.01358884759247303,0.47891658544540405,0.3404034376144409,-0.03123282827436924,0.4800417423248291,0.2777557671070099,-0.039067190140485764,0.5222504734992981,0.5328415036201477,-0.0039055889938026667,0.5131298899650574,0.4631132483482361,-0.03879810497164726,0.48255133628845215,0.5319169759750366,-0.036175310611724854,0.4701218605041504,0.5881379246711731,-0.02098189853131771,0.558914303779602,0.5721595883369446,-0.017763381823897362,0.5446365475654602,0.5072394609451294,-0.040611959993839264,0.5176880359649658,0.5498247146606445,-0.030072510242462158,0.5083983540534973,0.5918305516242981,-0.01438196748495102
0.43717360496520996,0.7169685959815979,-3.780533290864696e-07,0.47226282954216003,0.591428279876709,0.033475685864686966,0.5175550580024719,0.5237036347389221,0.013866073451936245,0.5540434122085571,0.46558839082717896,-0.018443457782268524,0.5932139158248901,0.3906371593475342,-0.05579739063978195,0.599359393119812,0.5627105236053467,-0.029996059834957123,0.5901972651481628,0.4262835383415222,-0.060969725251197815,0.5943830013275146,0.3444092273712158,-0.07800790667533875,0.5951323509216309,0.27321675419807434,-0.09145405143499374,0.5833410024642944,0.5959163308143616,-0.07389991730451584,0.5415806770324707,0.429029256105423,-0.10944865643978119,0.5027364492416382,0.3477334976196289,-0.11448574811220169,0.47902271151542664,0.28607887029647827,-0.12015469372272491,0.551160454750061,0.6225802898406982,-0.11405138671398163,0.49846452474594116,0.47704166173934937,-0.13259504735469818,0.46712207794189453,0.5216301083564758,-0.1034514307975769,0.4630722105503082,0.5737596750259399,-0.08827146887779236,0.5162916779518127,0.6413037776947021,-0.1532910317182541,0.4794415831565857,0.5325117111206055,-0.16576625406742096,0.45706817507743835,0.561480700969696,-0.14549486339092255,0.45841336250305176,0.6047137379646301,-0.13271483778953552
0.36547815799713135,0.7640581130981445,-5.736511639042874e-07,0.4234381914138794,0.6682870388031006,-0.004513124469667673,0.48473337292671204,0.5756865739822388,-0.023052683100104332,0.5243293046951294,0.4872249662876129,-0.04364916309714317,0.5576716065406799,0.4169296622276306,-0.06680203229188919,0.5701696872711182,0.6058082580566406,-0.039869748055934906,0.5807340145111084,0.4488410949707031,-0.07563729584217072,0.5861985087394714,0.3572969436645508,-0.09919345378875732,0.5892831087112427,0.2832412123680115,-0.11596070975065231,0.538256824016571,0.6331218481063843,-0.058234285563230515,0.5007794499397278,0.4462423324584961,-0.09911613911390305,0.4618314504623413,0.3517937660217285,-0.11429448425769806,0.43734753131866455,0.2839120924472809,-0.12535472214221954,0.487806499004364,0.6499219536781311,-0.07654903084039688,0.43564754724502563,0.47757139801979065,-0.11245463043451309,0.40934044122695923,0.5096174478530884,-0.10321702063083649,0.41016897559165955,0.5577839612960815,-0.09428628534078598,0.4314323365688324,0.6556757688522339,-0.09511670470237732,0.3966296315193176,0.513194739818573,-0.12335998564958572,0.37989985942840576,0.5379853844642639,-0.11548405885696411,0.3884398341178894,0.58371901512146,-0.10634683072566986
0.34041354060173035,0.7747653126716614,-5.986623818898806e-07,0.40326544642448425,0.6671385765075684,-0.0038852067664265633,0.4651915431022644,0.5631631016731262,-0.02499164082109928,0.5081846117973328,0.46891751885414124,-0.048818010836839676,0.5498389601707458,0.392822265625,-0.07594083994626999,0.5572965741157532,0.6031531691551208,-0.042949575930833817,0.5697481632232666,0.43618065118789673,-0.08135563880205154,0.5763063430786133,0.3385241627693176,-0.10617978125810623,0.5796095132827759,0.26323384046554565,-0.12342521548271179,0.5176966786384583,0.6330450773239136,-0.06401246041059494,0.47986629605293274,0.4327392280101776,-0.10627541691064835,0.4381539225578308,0.32889991998672485,-0.12032652646303177,0.411695271730423,0.256300687789917,-0.13083335757255554,0.4592539966106415,0.6500042676925659,-0.08512276411056519,0.40943893790245056,0.4645969271659851,-0.12277180701494217,0.3805888295173645,0.4965779781341553,-0.11117670685052872,0.38004404306411743,0.5479010343551636,-0.10087322443723679,0.3962763845920563,0.6547285914421082,-0.10631095618009567,0.36473122239112854,0.49809500575065613,-0.1368771344423294,0.34940505027770996,0.5256270170211792,-0.12745660543441772,0.3593195378780365,0.5772428512573242,-0.11689640581607819
0.3654569089412689,0.7736122608184814,-5.405117917689495e-07,0.4359005093574524,0.6634413003921509,-0.00266601936891675,0.5005196928977966,0.5564741492271423,-0.026727598160505295,0.5366613864898682,0.45202505588531494,-0.05427980050444603,0.56151282787323,0.3654269278049469,-0.0847863107919693,0.595027506351471,0.5868372321128845,-0.047969985753297806,0.6055458784103394,0.4041788876056671,-0.08776102215051651,0.6109310984611511,0.3005286157131195,-0.11062704771757126,0.6137475371360779,0.21709832549095154,-0.12609682977199554,0.5541762709617615,0.6174641251564026,-0.07096289098262787,0.5110392570495605,0.40351974964141846,-0.11590556800365448,0.4697197675704956,0.30036789178848267,-0.1305430680513382,0.44127604365348816,0.22615519165992737,-0.14043855667114258,0.4942573308944702,0.6374744772911072,-0.09327107667922974,0.4290664792060852,0.44969111680984497,-0.13216911256313324,0.40560874342918396,0.4950791001319885,-0.12092132866382599,0.41040658950805664,0.5527576208114624,-0.10999047756195068,0.4297112822532654,0.6447193622589111,-0.11555925011634827,0.39099109172821045,0.4923565983772278,-0.14409799873828888,0.3754647374153137,0.5274759531021118,-0.13306114077568054,0.38573092222213745,0.5796602368354797,-0.1212647333741188
0.3795933127403259,0.7422477602958679,-6.475654572568601e-07,0.44582587480545044,0.6313431859016418,-0.004400081932544708,0.5170781016349792,0.535701334476471,-0.026443079113960266,0.5670341849327087,0.44144588708877563,-0.05176934599876404,0.6076428294181824,0.36406707763671875,-0.0803588405251503,0.6150833368301392,0.5743038654327393,-0.045479666441679,0.6403719782829285,0.39697960019111633,-0.08545534312725067,0.6503807902336121,0.29424360394477844,-0.10878346115350723,0.6559386849403381,0.2116771936416626,-0.1241384819149971,0.5760083794593811,0.6020265221595764,-0.06718858331441879,0.5410416126251221,0.38477301597595215,-0.11195214837789536,0.49990314245224,0.2751799523830414,-0.1264752298593521,0.47563982009887695,0.1987917125225067,-0.1367049664258957,0.5187003016471863,0.6174119710922241,-0.08899407833814621,0.46490582823753357,0.42645466327667236,-0.13044440746307373,0.431030809879303,0.4676794111728668,-0.12008816003799438,0.42917224764823914,0.5265815854072571,-0.10957358032464981,0.4563109874725342,0.6191755533218384,-0.11078247427940369,0.42394936084747314,0.46419721841812134,-0.1433373987674713,0.40282249450683594,0.4987470507621765,-0.13461224734783173,0.4100411534309387,0.5540896654129028,-0.12405426800251007
0.36358407139778137,0.7202925086021423,-5.35950789526396e-07,0.4312586188316345,0.6135555505752563,0.003391927108168602,0.4997461438179016,0.5120742917060852,-0.013564491644501686,0.5408281683921814,0.4057439863681793,-0.034693069756031036,0.5716530680656433,0.32143068313598633,-0.0589003786444664,0.5876644849777222,0.532256543636322,-0.038403965532779694,0.6016344428062439,0.35635823011398315,-0.07179761677980423,0.6115240454673767,0.26153430342674255,-0.09399214386940002,0.6233850717544556,0.18127992749214172,-0.11099910736083984,0.552863597869873,0.5576598048210144,-0.06152208521962166,0.5206189751625061,0.3424875736236572,-0.0990319699048996,0.49537327885627747,0.22451043128967285,-0.11522381752729416,0.4812752604484558,0.13600745797157288,-0.12997525930404663,0.4988350570201874,0.5735653042793274,-0.08304663747549057,0.44587358832359314,0.38725027441978455,-0.11366178840398788,0.41931113600730896,0.42993685603141785,-0.10102846473455429,0.4209703505039215,0.4858619272708893,-0.09217247366905212,0.4406702518463135,0.5802581906318665,-0.1048695370554924,0.4045737683773041,0.43444064259529114,-0.12915387749671936,0.38622230291366577,0.4687651991844177,-0.11869028210639954,0.39331093430519104,0.5212604403495789,-0.10897146910429001
0.3715853989124298,0.7321860790252686,-5.495843993230665e-07,0.4450607895851135,0.6315606832504272,0.04103853926062584,0.4961449205875397,0.5333754420280457,0.030958274379372597,0.5254453420639038,0.43065640330314636,0.010051301680505276,0.5567851662635803,0.34255847334861755,-0.01534312218427658,0.5761598944664001,0.5386603474617004,-0.005294951144605875,0.5613248348236084,0.38199716806411743,-0.010404366999864578,0.5468675494194031,0.31012219190597534,-0.008901572786271572,0.5412037968635559,0.2521331310272217,-0.010667409747838974,0.5409289598464966,0.5489680171012878,-0.04247594624757767,0.4988400638103485,0.3559049367904663,-0.04094739630818367,0.4659363627433777,0.270635187625885,-0.03605078160762787,0.45339304208755493,0.19884651899337769,-0.043079376220703125,0.4913547933101654,0.5510837435722351,-0.07441641390323639,0.43167293071746826,0.38961148262023926,-0.0664299950003624,0.40623486042022705,0.4420630931854248,-0.04655745252966881,0.4130431115627289,0.49463802576065063,-0.04539279639720917,0.43943020701408386,0.5442306995391846,-0.10404958575963974,0.40007975697517395,0.4229964017868042,-0.10164035111665726,0.3804817795753479,0.4662415683269501,-0.08689256012439728,0.3867735266685486,0.513435423374176,-0.08227206766605377
0.37443894147872925,0.740768313407898,-5.462304102366033e-07,0.44315841794013977,0.6419132947921753,0.015380436554551125,0.4965989589691162,0.539752185344696,0.002695919945836067,0.5287454128265381,0.43577808141708374,-0.015980146825313568,0.567999005317688,0.3507644534111023,-0.03637852519750595,0.582923948764801,0.5496349334716797,-0.009856131859123707,0.5572666525840759,0.3917878270149231,-0.027726488187909126,0.5356844067573547,0.31379345059394836,-0.03835472837090492,0.5242973566055298,0.25234758853912354,-0.047470252960920334,0.5501503944396973,0.5540995597839355,-0.03548244759440422,0.50387042760849,0.3625495135784149,-0.04880480095744133,0.4728352129459381,0.27479690313339233,-0.05556107312440872,0.4606771171092987,0.20201736688613892,-0.06790528446435928,0.5012957453727722,0.5540026426315308,-0.059336937963962555,0.4368080794811249,0.39172011613845825,-0.0720074474811554,0.4085594117641449,0.44343388080596924,-0.059577036648988724,0.41410526633262634,0.4956163465976715,-0.056553393602371216,0.44622179865837097,0.5486904978752136,-0.08269242942333221,0.40215790271759033,0.42850565910339355,-0.09813901782035828,0.38280749320983887,0.47090449929237366,-0.09044566750526428,0.3906968832015991,0.5165964365005493,-0.08621306717395782
0.3722522258758545,0.7413564324378967,-2.7050418793805875e-07,0.3716771602630615,0.5821154713630676,0.028568319976329803,0.4215668737888336,0.49315786361694336,0.03057878278195858,0.4671646058559418,0.42913511395454407,0.014821167103946209,0.5090922117233276,0.38756662607192993,-0.0015193815343081951,0.5233523845672607,0.4845060110092163,0.050222355872392654,0.5080836415290833,0.3508794903755188,0.02458261512219906,0.4999539852142334,0.26178252696990967,0.001706984592601657,0.4963565170764923,0.17982307076454163,-0.016854792833328247,0.5439383387565613,0.512688398361206,0.0075453403405845165,0.5161987543106079,0.348871648311615,-0.028825147077441216,0.4940638244152069,0.2479686439037323,-0.05700380355119705,0.4888407289981842,0.17157873511314392,-0.07547549158334732,0.543083906173706,0.5465711951255798,-0.03735193982720375,0.47023487091064453,0.41422393918037415,-0.07527463138103485,0.41757774353027344,0.4813578426837921,-0.0637381300330162,0.4105026423931122,0.5407792925834656,-0.048479486256837845,0.5246134996414185,0.5805760622024536,-0.08280424773693085,0.46437254548072815,0.4703861176967621,-0.10632498562335968,0.4227055013179779,0.5154270529747009,-0.09054509550333023,0.4163864552974701,0.5639824271202087,-0.07488791644573212
0.4560048282146454,0.7217601537704468,5.776385023636976e-07,0.40851330757141113,0.6199873685836792,-0.01575918309390545,0.41141870617866516,0.5013423562049866,-0.01113781426101923,0.44746893644332886,0.40780138969421387,-0.01075852382928133,0.46268534660339355,0.34141889214515686,-0.007179077714681625,0.4265379011631012,0.473306268453598,0.027158183977007866,0.4197317361831665,0.3598548173904419,0.015021488070487976,0.4161438047885895,0.2915106415748596,0.006852129008620977,0.4152272641658783,0.22799015045166016,0.0024439790286123753,0.47229769825935364,0.4802483916282654,0.02291249670088291,0.49372828006744385,0.3675641417503357,0.0001277330593438819,0.5079019665718079,0.2936141788959503,-0.016462311148643494,0.5246522426605225,0.22995030879974365,-0.022332727909088135,0.5131109952926636,0.5078985095024109,0.013396131806075573,0.5196807384490967,0.44572436809539795,-0.024510091170668602,0.4990725517272949,0.5173129439353943,-0.023492511361837387,0.4895535707473755,0.5742972493171692,-0.007328671403229237,0.5533108115196228,0.5458399057388306,0.0022324929013848305,0.5541744828224182,0.4843290448188782,-0.021646060049533844,0.5336756110191345,0.532336413860321,-0.011457542888820171,0.5255109071731567,0.5752003192901611,0.004726719576865435
0.5295303463935852,0.7071040272712708,7.789342362229945e-07,0.47867992520332336,0.6199699640274048,-0.02885434590280056,0.462735116481781,0.5125037431716919,-0.025657126680016518,0.47738075256347656,0.4210728108882904,-0.022090712562203407,0.4761698246002197,0.3487958014011383,-0.015814486891031265,0.4462766647338867,0.46833956241607666,0.01887653023004532,0.4339779019355774,0.36077284812927246,0.012732510454952717,0.4331701993942261,0.2965020537376404,0.008616337552666664,0.4343206286430359,0.23773446679115295,0.007439757231622934,0.49214327335357666,0.47779369354248047,0.024289220571517944,0.5146211385726929,0.37373799085617065,0.011633655987679958,0.5371259450912476,0.3086550235748291,0.0004821368202101439,0.559028148651123,0.25571197271347046,-0.0026662086602300406,0.5324153304100037,0.5029706954956055,0.02298000268638134,0.5509076714515686,0.45934030413627625,-0.012599057517945766,0.5443036556243896,0.5269415974617004,-0.022540731355547905,0.5412247180938721,0.5758202075958252,-0.015264060348272324,0.5682650804519653,0.5309300422668457,0.019942114129662514,0.5742499232292175,0.4853329062461853,-0.010833248496055603,0.5642481446266174,0.5389119386672974,-0.012276319786906242,0.5590331554412842,0.5835589170455933,-0.0041688429191708565
0.5946600437164307,0.7196997404098511,6.898820856804377e-07,0.5471352338790894,0.6467253565788269,-0.03342175856232643,0.5280993580818176,0.5419450402259827,-0.03540220111608505,0.5376721620559692,0.4546080231666565,-0.03553661331534386,0.5307556986808777,0.3807998299598694,-0.03279830142855644,0.5060749053955078,0.4826984703540802,0.005495737306773663,0.48955023288726807,0.380027711391449,-0.004876853432506323,0.48791980743408203,0.31568872928619385,-0.0104246586561203,0.48649075627326965,0.25560635328292847,-0.012578226625919342,0.5487073659896851,0.49368423223495483,0.012140757404267788,0.5764440298080444,0.3930974006652832,-0.004776330664753914,0.6027938723564148,0.3358631432056427,-0.014805800281465054,0.6245341300964355,0.28560537099838257,-0.016796676442027092,0.584081768989563,0.5171225070953369,0.012336534447968006,0.6151812076568604,0.48672494292259216,-0.022990845143795013,0.6098706126213074,0.5572366118431091,-0.0285953301936388,0.6012996435165405,0.5964867472648621,-0.019661523401737213,0.6159160137176514,0.541253924369812,0.010076547972857952,0.6343644261360168,0.517077624797821,-0.017184434458613396,0.6273543834686279,0.5733856558799744,-0.015818802639842033,0.6177144050598145,0.6054180264472961,-0.0071083009243011475
0.6378175020217896,0.678907036781311,7.110219257810968e-07,0.5944458842277527,0.6163159608840942,-0.03840353712439537,0.5724279284477234,0.5158634781837463,-0.03929045796394348,0.5795297026634216,0.43261030316352844,-0.03528725355863571,0.574613630771637,0.3634660840034485,-0.028980044648051262,0.5484219193458557,0.4567560851573944,0.006954268552362919,0.5376200675964355,0.36170142889022827,0.00273440801538527,0.5388597249984741,0.2998134195804596,-0.0032946360297501087,0.5385516881942749,0.2443263977766037,-0.008035474456846714,0.5929097533226013,0.4598076045513153,0.018763063475489616,0.6196672320365906,0.3687739372253418,0.011592842638492584,0.6474650502204895,0.3196026086807251,0.0010580284288153052,0.6666070222854614,0.27786099910736084,-0.004566500894725323,0.6318673491477966,0.4768945574760437,0.02386314980685711,0.6513658165931702,0.4153949022293091,0.001229950226843357,0.6528539657592773,0.40892794728279114,-0.014909613877534866,0.6511933207511902,0.39665019512176514,-0.021815340965986252,0.6675529479980469,0.5002543926239014,0.02626037411391735,0.6724928021430969,0.47545289993286133,0.0021221251226961613,0.6622615456581116,0.526436984539032,-0.0037487412337213755,0.6545109748840332,0.5650064945220947,-0.004276279825717211
0.6474668979644775,0.6303310394287109,7.753136515020742e-07,0.6069425344467163,0.5639289617538452,-0.03162538260221481,0.5841110348701477,0.4777555763721466,-0.03304729238152504,0.5851761698722839,0.40136048197746277,-0.03292939439415932,0.5739104747772217,0.336292028427124,-0.029958218336105347,0.5564283728599548,0.42611512541770935,0.011488337069749832,0.5415385365486145,0.33530548214912415,0.0042303395457565784,0.5368812680244446,0.2792288064956665,-0.0008369513088837266,0.5344072580337524,0.2264602929353714,-0.0033700778149068356,0.5992950201034546,0.429818719625473,0.01924009621143341,0.6233946681022644,0.34283652901649475,0.0012545986101031303,0.647288978099823,0.2879849076271057,-0.012487792409956455,0.6689597368240356,0.24171070754528046,-0.016981396824121475,0.6371734738349915,0.4487599730491638,0.021066024899482727,0.6619078516960144,0.4149266481399536,-0.017705025151371956,0.661215603351593,0.48105543851852417,-0.029084036126732826,0.6596475839614868,0.5282914042472839,-0.022953588515520096,0.6695700287818909,0.4698132276535034,0.02144821174442768,0.6777326464653015,0.43766719102859497,-0.012730318121612072,0.6744766235351562,0.49234142899513245,-0.017004018649458885,0.6719379425048828,0.5353798866271973,-0.010607374832034111
0.6136294007301331,0.5816858410835266,6.703579060740594e-07,0.5730558633804321,0.5136560201644897,-0.02145501598715782,0.5530076026916504,0.43605002760887146,-0.021212531253695488,0.5551086068153381,0.3677373230457306,-0.02201187238097191,0.5515130758285522,0.31277012825012207,-0.020547958090901375,0.537601888179779,0.39497092366218567,0.015253216959536076,0.5218415260314941,0.3139286935329437,0.006304016802459955,0.5159485340118408,0.26384109258651733,-0.0002820149529725313,0.512077271938324,0.2161206156015396,-0.003630255348980427,0.5752649307250977,0.3999921977519989,0.016783270984888077,0.595214307308197,0.32011088728904724,0.0006140751065686345,0.6120317578315735,0.26659756898880005,-0.011861058883368969,0.6282913684844971,0.22017304599285126,-0.01630036160349846,0.6104538440704346,0.4180770516395569,0.013103877194225788,0.6319485306739807,0.393359512090683,-0.01820005103945732,0.6272147297859192,0.45133259892463684,-0.025572212412953377,0.6242059469223022,0.4917406439781189,-0.018884146586060524,0.6419323086738586,0.43898263573646545,0.007882202975451946,0.6472681164741516,0.4167788326740265,-0.016453709453344345,0.6393546462059021,0.460367351770401,-0.01651190221309662,0.6361335515975952,0.4935477077960968,-0.009094685316085815
0.5448956489562988,0.5823796987533569,6.573398536602326e-07,0.49265560507774353,0.5250117778778076,-0.017893221229314804,0.4697199761867523,0.4371195435523987,-0.019151505082845688,0.48009809851646423,0.36014652252197266,-0.020892586559057236,0.48705899715423584,0.3074444532394409,-0.020180685445666313,0.4696366488933563,0.41018855571746826,-0.00017621634469833225,0.4475630521774292,0.32076406478881836,-0.009829548187553883,0.4390886723995209,0.2685699462890625,-0.015275957062840462,0.43316876888275146,0.21945863962173462,-0.019006993621587753,0.5061258673667908,0.4074283242225647,-0.00015235085447784513,0.5160360336303711,0.3239099085330963,-0.016596976667642593,0.5280365943908691,0.2658693194389343,-0.02716219425201416,0.5407021641731262,0.21287140250205994,-0.03198553994297981,0.5402211546897888,0.4201940596103668,-0.003234401810914278,0.5515897274017334,0.38365766406059265,-0.02869049273431301,0.5478954315185547,0.4413546323776245,-0.02764129638671875,0.546698272228241,0.4860561788082123,-0.01809038780629635,0.5735333561897278,0.4381197690963745,-0.00824467558413744,0.5765753984451294,0.40689846873283386,-0.02864561602473259,0.5702199339866638,0.44200918078422546,-0.025387151166796684,0.5677708387374878,0.4714847803115845,-0.017146125435829163
0.49276214838027954,0.5632282495498657,8.365485655303928e-07,0.4330504536628723,0.5038772225379944,-0.02570466138422489,0.40846604108810425,0.4092813730239868,-0.026573676615953445,0.42074471712112427,0.3225444257259369,-0.026160599663853645,0.42235881090164185,0.2631479501724243,-0.022656237706542015,0.41134175658226013,0.37390413880348206,-0.0013013881398364902,0.385160356760025,0.2743023633956909,-0.011749537661671638,0.3738313615322113,0.21470041573047638,-0.018121521919965744,0.36653733253479004,0.1573704183101654,-0.022574150934815407,0.45115071535110474,0.36715051531791687,0.003046309342607856,0.4599235951900482,0.27366018295288086,-0.015287489630281925,0.46826401352882385,0.20690420269966125,-0.027215542271733284,0.47751328349113464,0.14818155765533447,-0.031959909945726395,0.4880732297897339,0.379913330078125,0.0031348499469459057,0.5020740628242493,0.3347740173339844,-0.02853819541633129,0.4962681233882904,0.40142694115638733,-0.030129585415124893,0.4933989346027374,0.45354926586151123,-0.01949744112789631,0.5238960981369019,0.3994929790496826,0.0009827058529481292,0.5335210561752319,0.3608638346195221,-0.027453135699033737,0.5260283946990967,0.403507262468338,-0.02790316566824913,0.5224566459655762,0.4394422769546509,-0.01984834112226963
0.4701612591743469,0.548019528388977,8.357250180779374e-07,0.42270803451538086,0.4838126301765442,-0.03791968896985054,0.4045734107494354,0.38243117928504944,-0.04555878788232803,0.4146312177181244,0.29081928730010986,-0.050308145582675934,0.4158409535884857,0.21561457216739655,-0.05152955278754234,0.3850707411766052,0.31951043009757996,-0.008219242095947266,0.37500715255737305,0.21735933423042297,-0.02477935329079628,0.3727129101753235,0.15353348851203918,-0.03569354489445686,0.3742401897907257,0.09261637926101685,-0.04254956543445587,0.43180087208747864,0.3257826566696167,5.8291047025704756e-05,0.46067872643470764,0.23991605639457703,-0.026652783155441284,0.48363956809043884,0.17899319529533386,-0.04401208087801933,0.5054051876068115,0.12276521325111389,-0.05222634598612785,0.4720968008041382,0.34869927167892456,0.0027587006334215403,0.5023214221000671,0.3245712220668793,-0.040453098714351654,0.4925517141819,0.3956418037414551,-0.04840056970715523,0.48418331146240234,0.4491087794303894,-0.040352318435907364,0.5044911503791809,0.3734718859195709,0.0029321599286049604,0.518890380859375,0.34888118505477905,-0.034400854259729385,0.506926417350769,0.39875364303588867,-0.038323622196912766,0.49525511264801025,0.4405074119567871,-0.0317729152739048
0.47194263339042664,0.5332008004188538,8.716423849364219e-07,0.4314262866973877,0.4693424701690674,-0.041106414049863815,0.4136140048503876,0.3727762699127197,-0.05131564289331436,0.4243602752685547,0.2874024212360382,-0.05711882933974266,0.4265182614326477,0.21269838511943817,-0.05949639901518822,0.39100193977355957,0.31024467945098877,-0.01827528513967991,0.38565829396247864,0.2052515745162964,-0.035074543207883835,0.3864460587501526,0.13988426327705383,-0.04506585747003555,0.3910062313079834,0.07656422257423401,-0.051298659294843674,0.4345049560070038,0.3146841526031494,-0.007343858014792204,0.4722176492214203,0.2294650822877884,-0.032997842878103256,0.5022616386413574,0.17088760435581207,-0.04755009338259697,0.5300977826118469,0.11707435548305511,-0.053982801735401154,0.4707622230052948,0.3349151909351349,-0.001661338028497994,0.5076091289520264,0.3165915310382843,-0.04208636283874512,0.496639221906662,0.3860217034816742,-0.04780612513422966,0.4865015745162964,0.4335829019546509,-0.039437782019376755,0.5006828308105469,0.3578442335128784,0.0011574587551876903,0.5179208517074585,0.3365187644958496,-0.03392152115702629,0.5077612400054932,0.3897833824157715,-0.03653208538889885,0.49773889780044556,0.42870524525642395,-0.029765767976641655
0.466472327709198,0.5236413478851318,8.919510605664982e-07,0.42312589287757874,0.45632433891296387,-0.04222268983721733,0.4011719226837158,0.3592529594898224,-0.05191587656736374,0.4065769612789154,0.2713131904602051,-0.05738377943634987,0.40489792823791504,0.19680380821228027,-0.05906335264444351,0.3722541928291321,0.29838091135025024,-0.014676601625978947,0.36308589577674866,0.19426876306533813,-0.03188050910830498,0.36201736330986023,0.12824951112270355,-0.042503539472818375,0.3638651669025421,0.06523716449737549,-0.049113139510154724,0.4178869426250458,0.30248746275901794,-0.004241108428686857,0.4491901397705078,0.21205607056617737,-0.03012690879404545,0.4755285382270813,0.15090489387512207,-0.045317232608795166,0.49846208095550537,0.0949070155620575,-0.051918476819992065,0.4581330716609955,0.3242534399032593,0.0003690720768645406,0.4947658181190491,0.2998233139514923,-0.04203726351261139,0.4885067343711853,0.37079519033432007,-0.04852460324764252,0.47941485047340393,0.42092204093933105,-0.039665065705776215,0.49078917503356934,0.34957411885261536,0.0021084921900182962,0.508030891418457,0.32270491123199463,-0.03442779928445816,0.5003067255020142,0.37495923042297363,-0.03721257671713829,0.49010610580444336,0.41591015458106995,-0.029974596574902534
0.4529498219490051,0.5106371641159058,9.210448297380935e-07,0.4109203815460205,0.444034218788147,-0.04513372480869293,0.3899937570095062,0.3541984558105469,-0.05587807670235634,0.3958605229854584,0.2696656286716461,-0.0617949403822422,0.3932889401912689,0.19312085211277008,-0.06405588239431381,0.35990625619888306,0.28834742307662964,-0.01516825333237648,0.3553405702114105,0.1804565042257309,-0.030201725661754608,0.35644030570983887,0.1141493022441864,-0.03995571285486221,0.3585226535797119,0.05091945827007294,-0.04625453054904938,0.4022488296031952,0.2932738959789276,-0.002666714135557413,0.4343242347240448,0.2019696831703186,-0.025067614391446114,0.46276140213012695,0.14063242077827454,-0.03807995840907097,0.4868171215057373,0.08714866638183594,-0.0439402274787426,0.4396018385887146,0.315396249294281,0.003399459645152092,0.48042595386505127,0.28513622283935547,-0.035217732191085815,0.47412109375,0.3567909896373749,-0.04156380891799927,0.46161574125289917,0.4025706946849823,-0.03417394682765007,0.46978962421417236,0.33968427777290344,0.006106354761868715,0.4934498071670532,0.3086387515068054,-0.027859680354595184,0.48695066571235657,0.3611966669559479,-0.03134087100625038,0.47371214628219604,0.39747166633605957,-0.025828763842582703
0.4558670222759247,0.520757794380188,8.809657288111339e-07,0.4273563027381897,0.44928935170173645,-0.04803701862692833,0.4185536801815033,0.3588627278804779,-0.06106751412153244,0.43324586749076843,0.2770672142505646,-0.06814748793840408,0.44227540493011475,0.20359596610069275,-0.07160665094852448,0.38489753007888794,0.2837766408920288,-0.01980467513203621,0.403449684381485,0.18426275253295898,-0.0390995629131794,0.4231051504611969,0.12542448937892914,-0.053181279450654984,0.4418322741985321,0.07317012548446655,-0.06250108778476715,0.4251653254032135,0.29778608679771423,-0.005685475654900074,0.4776870906352997,0.22513318061828613,-0.03353515639901161,0.517493724822998,0.18088960647583008,-0.04989488795399666,0.547782301902771,0.13884574174880981,-0.05767958611249924,0.4595974087715149,0.32640373706817627,0.002040531951934099,0.5067089796066284,0.3064303994178772,-0.037777651101350784,0.4911543130874634,0.37198182940483093,-0.04496833309531212,0.46925580501556396,0.4084557890892029,-0.03931805118918419,0.4859176278114319,0.35926586389541626,0.0061996555887162685,0.514976978302002,0.33859461545944214,-0.027258291840553284,0.5028525590896606,0.38482940196990967,-0.031074315309524536,0.4831954836845398,0.41188785433769226,-0.026304887607693672
0.45381757616996765,0.5296393632888794,9.656924930823152e-07,0.4221220910549164,0.4578585624694824,-0.050287652760744095,0.4135091304779053,0.3684782087802887,-0.062193382531404495,0.43065574765205383,0.2881215810775757,-0.06749562919139862,0.44152551889419556,0.21435892581939697,-0.06912223994731903,0.3887585401535034,0.3000911474227905,-0.018032323569059372,0.4056951403617859,0.20255987346172333,-0.03603506088256836,0.4222811758518219,0.1415887176990509,-0.04954254999756813,0.4384304881095886,0.08407096564769745,-0.05870665982365608,0.430339515209198,0.3125733733177185,-0.0015836624661460519,0.47819727659225464,0.24246349930763245,-0.02841358259320259,0.5187846422195435,0.19414839148521423,-0.044621583074331284,0.5524787902832031,0.15049685537815094,-0.0522681400179863,0.4642895758152008,0.33987319469451904,0.00793481059372425,0.5108887553215027,0.3227747976779938,-0.03350130096077919,0.4948698878288269,0.38814154267311096,-0.04200722649693489,0.4750613570213318,0.42924821376800537,-0.0357862263917923,0.48952868580818176,0.3680383265018463,0.013761721551418304,0.517379879951477,0.34974050521850586,-0.023320846259593964,0.5044976472854614,0.3951125144958496,-0.030097439885139465,0.48544836044311523,0.4242715835571289,-0.026381663978099823
0.4460628926753998,0.5315821170806885,6.800682967877947e-07,0.4121741056442261,0.4629088044166565,-0.028407834470272064,0.41571590304374695,0.3631817102432251,-0.037317223846912384,0.45073622465133667,0.2881340980529785,-0.04515524581074715,0.47011446952819824,0.22424006462097168,-0.05062306672334671,0.41955044865608215,0.2918505072593689,-0.01312553696334362,0.42959246039390564,0.20091047883033752,-0.031683407723903656,0.44301190972328186,0.14617279171943665,-0.04435469210147858,0.4583241045475006,0.09207992255687714,-0.05314486473798752,0.4603806436061859,0.3109215199947357,-0.011126143857836723,0.509369969367981,0.2532321512699127,-0.03811010345816612,0.539718508720398,0.21890422701835632,-0.05313432589173317,0.5668293237686157,0.18191319704055786,-0.06069669499993324,0.4932639002799988,0.34430497884750366,-0.013190452940762043,0.5283973217010498,0.3432105779647827,-0.049188174307346344,0.5029639601707458,0.4074211120605469,-0.05157545581459999,0.48207223415374756,0.44387584924697876,-0.04418785125017166,0.519627034664154,0.3784400224685669,-0.017701659351587296,0.5397674441337585,0.3734365701675415,-0.046004053205251694,0.5164619088172913,0.4213101863861084,-0.04496786743402481,0.4960414171218872,0.44734010100364685,-0.038022421300411224
0.4535624086856842,0.5293192863464355,7.35586411337863e-07,0.42726588249206543,0.455518901348114,-0.03582831844687462,0.4347302317619324,0.36040303111076355,-0.04496673122048378,0.4690723121166229,0.2890397310256958,-0.050697170197963715,0.49196362495422363,0.22415074706077576,-0.0531698614358902,0.436920702457428,0.28870630264282227,-0.014515490271151066,0.455654501914978,0.19961699843406677,-0.03145787492394447,0.471426397562027,0.1466890424489975,-0.04229855537414551,0.48959627747535706,0.09404408931732178,-0.04983783885836601,0.4757657051086426,0.3110587000846863,-0.0062822918407619,0.5240198969841003,0.26089924573898315,-0.03230694308876991,0.5621164441108704,0.22902452945709229,-0.046840600669384,0.5969829559326172,0.19737926125526428,-0.054003819823265076,0.5048506855964661,0.34531262516975403,-0.0031403577886521816,0.5398196578025818,0.351047158241272,-0.04233755171298981,0.5103663206100464,0.408575177192688,-0.04882431775331497,0.48616841435432434,0.4449070394039154,-0.04233671352267265,0.5277140140533447,0.37941333651542664,-0.00258932844735682,0.5492473244667053,0.3771187663078308,-0.03699536994099617,0.5238609313964844,0.41934046149253845,-0.04204976186156273,0.5000001192092896,0.4458562135696411,-0.0380159392952919
0.46400949358940125,0.5222567915916443,5.587929194916796e-07,0.42795705795288086,0.4452507197856903,-0.029869431629776955,0.4401203393936157,0.34224918484687805,-0.036834727972745895,0.4815201461315155,0.27063509821891785,-0.04298468306660652,0.5086764097213745,0.21025049686431885,-0.045871440321207047,0.4648876190185547,0.29074418544769287,-0.011206066235899925,0.4768476188182831,0.18972952663898468,-0.02630690298974514,0.4846835434436798,0.1305602341890335,-0.03470366448163986,0.4960961639881134,0.07494845986366272,-0.04053191840648651,0.5035049915313721,0.3161787688732147,-0.008517250418663025,0.5351606607437134,0.2551628351211548,-0.033991776406764984,0.5588062405586243,0.21298527717590332,-0.046731021255254745,0.5833737254142761,0.17584015429019928,-0.05204625055193901,0.5327255725860596,0.3544996678829193,-0.010382079519331455,0.5544060468673706,0.33394721150398254,-0.04825836420059204,0.5200996398925781,0.39233195781707764,-0.04776545986533165,0.4960164725780487,0.4343387484550476,-0.03605398163199425,0.5585679411888123,0.39396753907203674,-0.014777264557778835,0.5764772891998291,0.3681551218032837,-0.04472777247428894,0.5493695735931396,0.4052901268005371,-0.04221154376864433,0.5289152264595032,0.432323157787323,-0.03293000906705856
0.47599825263023376,0.5193418860435486,4.1892869262483146e-07,0.43983709812164307,0.4399404227733612,-0.02884170599281788,0.4573313295841217,0.3335806727409363,-0.0341641828417778,0.5044493675231934,0.268312931060791,-0.039837490767240524,0.5369585752487183,0.216343492269516,-0.04253686964511871,0.49023836851119995,0.2858732044696808,-0.005110455211251974,0.5035549402236938,0.18659904599189758,-0.021800700575113297,0.5120857954025269,0.12537840008735657,-0.03268289566040039,0.5232112407684326,0.07037380337715149,-0.040694817900657654,0.5273289084434509,0.3140065670013428,-0.0044451202265918255,0.5498791337013245,0.25264400243759155,-0.03380783274769783,0.5661441683769226,0.20702804625034332,-0.05022288113832474,0.5863788723945618,0.1675579696893692,-0.05758250877261162,0.555277943611145,0.35552048683166504,-0.008778981864452362,0.5665077567100525,0.32248395681381226,-0.05214884877204895,0.5278902649879456,0.38384950160980225,-0.05267903581261635,0.5045638680458069,0.42895662784576416,-0.04019419103860855,0.5805588960647583,0.39977413415908813,-0.015560831874608994,0.5845115780830383,0.366877019405365,-0.050770353525877,0.554103672504425,0.4066018760204315,-0.049419667571783066,0.5363840460777283,0.43734440207481384,-0.039796363562345505
0.4672622084617615,0.5107734799385071,4.011579903817619e-07,0.4294484853744507,0.43253591656684875,-0.029317274689674377,0.44838571548461914,0.3237070143222809,-0.03554468974471092,0.4962555766105652,0.2576611340045929,-0.041882071644067764,0.5294203162193298,0.20595979690551758,-0.04562033340334892,0.47960883378982544,0.28185755014419556,-0.011434907093644142,0.49301430583000183,0.17921406030654907,-0.03081544302403927,0.5025503039360046,0.11691692471504211,-0.04261675849556923,0.514735996723175,0.06050023436546326,-0.050930291414260864,0.5171771049499512,0.3094269335269928,-0.011736750602722168,0.5383881330490112,0.24290964007377625,-0.04396628588438034,0.5521245002746582,0.19604012370109558,-0.06088276579976082,0.5703619122505188,0.15219131112098694,-0.06799447536468506,0.5468045473098755,0.3503786325454712,-0.016516927629709244,0.5580620765686035,0.3121832609176636,-0.06228473037481308,0.5191679000854492,0.37727677822113037,-0.06056676805019379,0.49587902426719666,0.4217485189437866,-0.04575849324464798,0.5732347965240479,0.3958023488521576,-0.023623552173376083,0.5765193104743958,0.3572435677051544,-0.05980172008275986,0.5448634028434753,0.4008748531341553,-0.055549539625644684,0.5264466404914856,0.43274015188217163,-0.043313395231962204
0.46028032898902893,0.523513674736023,2.9088099040563975e-07,0.42959001660346985,0.4408646821975708,-0.022328214719891548,0.4517149329185486,0.3331824243068695,-0.029351579025387764,0.4983188807964325,0.2756933569908142,-0.03775416687130928,0.5283524394035339,0.2330186367034912,-0.04451398178935051,0.48963940143585205,0.2989266514778137,-0.017510198056697845,0.5062240958213806,0.1940164566040039,-0.04022256284952164,0.5160769820213318,0.12832847237586975,-0.054184749722480774,0.5260860919952393,0.07090586423873901,-0.06354276090860367,0.524074912071228,0.3305720090866089,-0.02270633913576603,0.5427436232566833,0.2619972825050354,-0.05773947387933731,0.5485010743141174,0.21556738018989563,-0.07477878779172897,0.5595500469207764,0.1704704612493515,-0.08113502711057663,0.5536426901817322,0.3763314485549927,-0.030649516731500626,0.5513944029808044,0.33497434854507446,-0.07261952012777328,0.5101767778396606,0.3947073817253113,-0.06666217744350433,0.4886340796947479,0.4362141489982605,-0.05032942816615105,0.5792876482009888,0.42783084511756897,-0.040735241025686264,0.5718786716461182,0.3862629532814026,-0.0686020478606224,0.5395023226737976,0.422135591506958,-0.05803316831588745,0.5269574522972107,0.4495483338832855,-0.04288255423307419
0.457122266292572,0.53660649061203,2.0350677232272574e-07,0.43073946237564087,0.451124906539917,-0.021549545228481293,0.45931389927864075,0.34631767868995667,-0.028682095929980278,0.5084285140037537,0.2965615689754486,-0.03795124590396881,0.5444470047950745,0.26093852519989014,-0.04550331458449364,0.5005858540534973,0.31714773178100586,-0.015752382576465607,0.5194104909896851,0.2102300524711609,-0.041282039135694504,0.5304413437843323,0.1413922905921936,-0.05777841806411743,0.5413606762886047,0.08240726590156555,-0.06890790164470673,0.5329395532608032,0.35084930062294006,-0.02292032167315483,0.551335334777832,0.28007450699806213,-0.06183785945177078,0.5549917817115784,0.22816602885723114,-0.08109074085950851,0.5637890100479126,0.1798515021800995,-0.08830166608095169,0.5595586895942688,0.39900410175323486,-0.03319017216563225,0.5573645830154419,0.35196658968925476,-0.07777257263660431,0.5156925916671753,0.40925759077072144,-0.07071700692176819,0.49462711811065674,0.4501979649066925,-0.05273915082216263,0.5815896391868591,0.45443904399871826,-0.04578888416290283,0.5773516893386841,0.4032477140426636,-0.07493581622838974,0.5424027442932129,0.43752455711364746,-0.06288539618253708,0.5273714661598206,0.4664515256881714,-0.046114232391119
0.45340806245803833,0.543326735496521,9.878806395136053e-08,0.4330703020095825,0.4535491466522217,-0.014482039958238602,0.4647486209869385,0.351717084646225,-0.0204332135617733,0.5104247331619263,0.3074890971183777,-0.030056830495595932,0.5449365973472595,0.2777993679046631,-0.03826570138335228,0.5137264132499695,0.32373011112213135,-0.009039482101798058,0.5332472324371338,0.22097182273864746,-0.03556158393621445,0.5444295406341553,0.1537642925977707,-0.05424773320555687,0.55458003282547,0.09577023983001709,-0.06707831472158432,0.5428216457366943,0.35867178440093994,-0.020533021539449692,0.5570303797721863,0.28749018907546997,-0.06187661737203598,0.5536335706710815,0.23199716210365295,-0.08393587917089462,0.5574129223823547,0.17870913445949554,-0.09293003380298615,0.5667601227760315,0.40734660625457764,-0.034555964171886444,0.5568497776985168,0.35501933097839355,-0.0794832780957222,0.513789176940918,0.4135345220565796,-0.07108701765537262,0.4944680333137512,0.4552249312400818,-0.0524391233921051,0.5855332016944885,0.46467292308807373,-0.050430480390787125,0.5754121541976929,0.40528404712677,-0.0773010179400444,0.5395862460136414,0.44081878662109375,-0.062216613441705704,0.5282066464424133,0.47149592638015747,-0.04378864914178848
0.45985743403434753,0.5531519055366516,1.0776618353247613e-07,0.43778520822525024,0.46338292956352234,-0.01894090510904789,0.4728739261627197,0.3589446246623993,-0.02644835226237774,0.5230860710144043,0.31494712829589844,-0.03685188293457031,0.5635002851486206,0.2918110489845276,-0.04555032029747963,0.5181558728218079,0.3297708332538605,-0.01244698278605938,0.5400881767272949,0.22740021347999573,-0.03913652524352074,0.5533391237258911,0.16102482378482819,-0.057005658745765686,0.5645505785942078,0.10336092114448547,-0.06934241205453873,0.5493884086608887,0.3651728332042694,-0.021530799567699432,0.566248893737793,0.29734861850738525,-0.06385733187198639,0.5657228827476501,0.24514508247375488,-0.08498292416334152,0.5696003437042236,0.19486184418201447,-0.09258761256933212,0.573955774307251,0.41455256938934326,-0.03364994376897812,0.5625694394111633,0.3647637367248535,-0.08014095574617386,0.5188125967979431,0.4245302677154541,-0.07260536402463913,0.49710893630981445,0.46746236085891724,-0.05367622897028923,0.5929654240608215,0.47241348028182983,-0.0479637049138546,0.581179141998291,0.41699326038360596,-0.07737935334444046,0.5466334223747253,0.45294514298439026,-0.0647854432463646,0.5348820686340332,0.4844171106815338,-0.04740237444639206
0.4660941958427429,0.5680490136146545,1.8631858722528705e-07,0.43932604789733887,0.4812188148498535,-0.028047064319252968,0.4714553952217102,0.37386617064476013,-0.03705848753452301,0.5254112482070923,0.32371795177459717,-0.04660390689969063,0.5671908259391785,0.28630274534225464,-0.054391492158174515,0.5134400129318237,0.34088340401649475,-0.020675482228398323,0.5373579859733582,0.23859600722789764,-0.04609981179237366,0.5515632629394531,0.17208650708198547,-0.06249338388442993,0.5648212432861328,0.11369520425796509,-0.07417352497577667,0.5461139678955078,0.37968185544013977,-0.024817252531647682,0.5692771673202515,0.31879130005836487,-0.06376633793115616,0.5738677382469177,0.27597999572753906,-0.08221672475337982,0.5816485285758972,0.23359009623527527,-0.08915770798921585,0.5712975263595581,0.43211299180984497,-0.03283507749438286,0.5745514631271362,0.3908041715621948,-0.08048491179943085,0.5289013385772705,0.4494194984436035,-0.07458118349313736,0.5035862326622009,0.48768413066864014,-0.05720113217830658,0.5913828611373901,0.4896166920661926,-0.04347171261906624,0.5912884473800659,0.4427014887332916,-0.07804404199123383,0.5538609027862549,0.4790388345718384,-0.06896345317363739,0.5355534553527832,0.5076327919960022,-0.05380141735076904
0.4615136981010437,0.5758058428764343,4.700043021443889e-08,0.43512818217277527,0.5125722289085388,-0.034111689776182175,0.44779133796691895,0.4338356852531433,-0.05404563620686531,0.4952726662158966,0.3989757299423218,-0.07184048742055893,0.5412129163742065,0.3753839135169983,-0.08652202039957047,0.5019492506980896,0.36982181668281555,-0.03331703692674637,0.5209510326385498,0.3219161927700043,-0.07250768691301346,0.5386783480644226,0.298081636428833,-0.09906645119190216,0.5558475255966187,0.28800418972969055,-0.1146533191204071,0.5450441241264343,0.39541831612586975,-0.033507976680994034,0.5602391958236694,0.39008527994155884,-0.08148013055324554,0.5533471703529358,0.4065423011779785,-0.09898044168949127,0.5527289509773254,0.4161159098148346,-0.1020180806517601,0.5749582052230835,0.4356963336467743,-0.03896699845790863,0.57244873046875,0.47456949949264526,-0.08713697642087936,0.5281404852867126,0.517849326133728,-0.08464423567056656,0.5000691413879395,0.5380220413208008,-0.07156707346439362,0.5951681137084961,0.4872734546661377,-0.04794875159859657,0.5858268737792969,0.5190588235855103,-0.08131110668182373,0.54070645570755,0.5395663380622864,-0.07934791594743729,0.5100962519645691,0.5407612919807434,-0.07019881159067154
0.46383917331695557,0.5657638907432556,2.9578288263110153e-07,0.4334765374660492,0.5082946419715881,-0.03189127892255783,0.4494946002960205,0.42882928252220154,-0.04731687530875206,0.5000678300857544,0.3899158537387848,-0.05937863141298294,0.542671799659729,0.3623538613319397,-0.06932096183300018,0.4935016930103302,0.3704826831817627,-0.034650836139917374,0.5162878036499023,0.3273550271987915,-0.06477633863687515,0.539332926273346,0.29666322469711304,-0.0861622542142868,0.5645827054977417,0.2719345688819885,-0.10118100792169571,0.5325031876564026,0.39533448219299316,-0.03377104923129082,0.5612848997116089,0.40353405475616455,-0.07703428715467453,0.5744092464447021,0.42699241638183594,-0.09558738768100739,0.5867865681648254,0.44400128722190857,-0.10139608383178711,0.5604134798049927,0.4318937361240387,-0.03636281564831734,0.5797228217124939,0.46817052364349365,-0.08116960525512695,0.5409302711486816,0.5111814737319946,-0.080735944211483,0.5101631283760071,0.5352706909179688,-0.07024647295475006,0.5806873440742493,0.47801917791366577,-0.0416969433426857,0.5919491052627563,0.5034046173095703,-0.0771636962890625,0.5569298267364502,0.5313750505447388,-0.07719249278306961,0.5286650657653809,0.5435376763343811,-0.06924284994602203
0.4498942792415619,0.5650893449783325,7.044951644274988e-07,0.4249873459339142,0.500048041343689,-0.04606180638074875,0.4462307095527649,0.4181014597415924,-0.06770312041044235,0.502646803855896,0.3748595118522644,-0.08244195580482483,0.5511945486068726,0.33933568000793457,-0.09450623393058777,0.47552186250686646,0.3499765694141388,-0.047695741057395935,0.5058315396308899,0.3042973279953003,-0.0851048156619072,0.5373457074165344,0.27395710349082947,-0.11203786730766296,0.574328601360321,0.2469930797815323,-0.1310967206954956,0.5153674483299255,0.37662234902381897,-0.04002983868122101,0.5694913864135742,0.38774609565734863,-0.09029120206832886,0.6060474514961243,0.4133943021297455,-0.11367636919021606,0.6458847522735596,0.4201393127441406,-0.12340783327817917,0.5440787076950073,0.4142882525920868,-0.03642943128943443,0.5780187249183655,0.4577239751815796,-0.08571173995733261,0.5278311967849731,0.501331090927124,-0.08253312855958939,0.4957122504711151,0.5126197934150696,-0.07026322931051254,0.5629758834838867,0.4585650861263275,-0.03691047057509422,0.5814563035964966,0.48921412229537964,-0.0758877620100975,0.5407943725585938,0.5186582803726196,-0.07396380603313446,0.5107027888298035,0.5196791291236877,-0.06427917629480362
0.44071218371391296,0.5681602954864502,7.116837537068932e-07,0.41203176975250244,0.505721390247345,-0.04968033358454704,0.42932745814323425,0.42283856868743896,-0.071949802339077,0.4823733866214752,0.36878231167793274,-0.08619225770235062,0.5288207530975342,0.32586294412612915,-0.09766096621751785,0.4514634311199188,0.3446306586265564,-0.04808221012353897,0.4799318313598633,0.29810357093811035,-0.08487411588430405,0.5116223692893982,0.26672279834747314,-0.11246314644813538,0.5484639406204224,0.23717615008354187,-0.13196943700313568,0.49259886145591736,0.3658352792263031,-0.037476811558008194,0.5474897027015686,0.37866342067718506,-0.08565657585859299,0.5865932703018188,0.40046101808547974,-0.10899678617715836,0.6250361204147339,0.4025043249130249,-0.11948151141405106,0.5242193937301636,0.3987959027290344,-0.031507257372140884,0.558070957660675,0.4453534781932831,-0.07951852679252625,0.5131645202636719,0.4946536123752594,-0.07821137458086014,0.48156848549842834,0.508983850479126,-0.06765491515398026,0.5472286939620972,0.4382461905479431,-0.029993288218975067,0.5662343502044678,0.4707787036895752,-0.06811487674713135,0.5293573141098022,0.5059999227523804,-0.06773489713668823,0.5000016689300537,0.5103802680969238,-0.059480562806129456
0.43997302651405334,0.5677260160446167,7.96814219938824e-07,0.41209903359413147,0.5108652114868164,-0.058571573346853256,0.42968863248825073,0.43307918310165405,-0.08378355205059052,0.4810662567615509,0.3827771246433258,-0.09857642650604248,0.5281040668487549,0.3422034680843353,-0.11036650836467743,0.4500458240509033,0.3455437421798706,-0.05704677477478981,0.48311030864715576,0.3078027367591858,-0.0969509407877922,0.5163826942443848,0.28035926818847656,-0.12652015686035156,0.5537624359130859,0.2565131187438965,-0.14688259363174438,0.49282822012901306,0.3673876225948334,-0.04122522845864296,0.550959050655365,0.3871041536331177,-0.09425298124551773,0.5914168357849121,0.4086918234825134,-0.12065507471561432,0.6312592625617981,0.41238874197006226,-0.13195672631263733,0.5245951414108276,0.39923951029777527,-0.030333569273352623,0.5601499676704407,0.45118021965026855,-0.08299687504768372,0.5127216577529907,0.49602508544921875,-0.08457726240158081,0.4800032675266266,0.5055711269378662,-0.07461943477392197,0.5467648506164551,0.4359731078147888,-0.024196337908506393,0.5625662207603455,0.4752478003501892,-0.06653212010860443,0.5243718028068542,0.5104584693908691,-0.06864982098340988,0.4947904944419861,0.5118597149848938,-0.061049290001392365
0.4529942572116852,0.5639296770095825,1.116578459914308e-06,0.4347902536392212,0.5038642883300781,-0.07834912836551666,0.4518399238586426,0.4299127161502838,-0.1107223853468895,0.49927306175231934,0.3813048303127289,-0.129150390625,0.549945592880249,0.3337501883506775,-0.14448228478431702,0.4679253399372101,0.3407400846481323,-0.07057227939367294,0.5149277448654175,0.2910294234752655,-0.11034869402647018,0.5550421476364136,0.2597585916519165,-0.1402628868818283,0.5973255634307861,0.2327553629875183,-0.16057363152503967,0.5053444504737854,0.3684422969818115,-0.043579041957855225,0.5762849450111389,0.37617936730384827,-0.0973740741610527,0.6281429529190063,0.384274423122406,-0.12595103681087494,0.674960732460022,0.3797532320022583,-0.139048770070076,0.5318168997764587,0.40316617488861084,-0.023213138803839684,0.5751926302909851,0.4417527914047241,-0.07882575690746307,0.5281781554222107,0.4891551733016968,-0.08451586961746216,0.49581509828567505,0.5006983876228333,-0.0761604756116867,0.5482114553451538,0.4342944622039795,-0.008878589607775211,0.5736899375915527,0.4586997628211975,-0.053677864372730255,0.5402429699897766,0.4946235120296478,-0.059138402342796326,0.5127285718917847,0.4978364408016205,-0.053828198462724686
0.4616919457912445,0.5523254871368408,1.0457196140123415e-06,0.4446262717247009,0.4917980432510376,-0.07735493779182434,0.4622190296649933,0.417805552482605,-0.1061822846531868,0.5091516375541687,0.36790522933006287,-0.12063587456941605,0.5570504069328308,0.31956052780151367,-0.13163110613822937,0.47064393758773804,0.3314134478569031,-0.06653158366680145,0.5223983526229858,0.28025099635124207,-0.09960901737213135,0.5633519291877747,0.25095421075820923,-0.12356249243021011,0.6038195490837097,0.22546902298927307,-0.14011727273464203,0.5067294836044312,0.3584250509738922,-0.03757148236036301,0.5764917731285095,0.3624681532382965,-0.0832456573843956,0.6281794905662537,0.36801132559776306,-0.1064901053905487,0.6722966432571411,0.3622184693813324,-0.11720418930053711,0.5320058465003967,0.39154693484306335,-0.015395868569612503,0.577575147151947,0.4219704866409302,-0.06699538975954056,0.5352981686592102,0.4727630019187927,-0.07310418784618378,0.5032613277435303,0.4878239929676056,-0.06556573510169983,0.5488590002059937,0.42021578550338745,0.0010796621209010482,0.5763258337974548,0.4369819462299347,-0.04240172356367111,0.5471017956733704,0.4740343689918518,-0.04944179579615593,0.5206876993179321,0.48065972328186035,-0.04560299590229988
0.4781005084514618,0.5481323003768921,1.0417014664199087e-06,0.46616023778915405,0.4929169714450836,-0.07258611917495728,0.48342376947402954,0.42090263962745667,-0.09808818995952606,0.5240232348442078,0.36813220381736755,-0.1100446805357933,0.563713788986206,0.31879228353500366,-0.11832796037197113,0.48528599739074707,0.33270469307899475,-0.060436561703681946,0.5414609909057617,0.2747044861316681,-0.08962013572454453,0.5832741856575012,0.24393533170223236,-0.10957646369934082,0.6222006678581238,0.21605828404426575,-0.12279084324836731,0.5194794535636902,0.3509390354156494,-0.03155843913555145,0.5937567949295044,0.34351465106010437,-0.07212125509977341,0.6490240693092346,0.34337377548217773,-0.09197328984737396,0.6939868330955505,0.33474600315093994,-0.09993525594472885,0.5443834066390991,0.37675726413726807,-0.008965861983597279,0.5909083485603333,0.39782068133354187,-0.05547444522380829,0.5512204766273499,0.4477529227733612,-0.061551645398139954,0.5175600647926331,0.46482089161872864,-0.05399784818291664,0.5625514388084412,0.40163132548332214,0.008354420773684978,0.5881953239440918,0.4145042598247528,-0.031019365414977074,0.5606824159622192,0.4499072730541229,-0.03804955631494522,0.5336837768554688,0.45726293325424194,-0.03416568413376808
0.4969302713871002,0.5525244474411011,1.0230128282273654e-06,0.48930439352989197,0.4941346049308777,-0.06705430150032043,0.5072817802429199,0.4210757315158844,-0.08884438127279282,0.5432778000831604,0.36415499448776245,-0.09867379814386368,0.5792544484138489,0.31371423602104187,-0.10500361770391464,0.500450611114502,0.33344215154647827,-0.049410004168748856,0.558194100856781,0.27232807874679565,-0.07251797616481781,0.5999414324760437,0.23949791491031647,-0.08826357871294022,0.6367927193641663,0.2102946788072586,-0.09902666509151459,0.5313590168952942,0.35336071252822876,-0.022183122113347054,0.6056740880012512,0.33282506465911865,-0.05594871565699577,0.6609847545623779,0.3286662995815277,-0.07289198040962219,0.7035344839096069,0.32146844267845154,-0.07985991984605789,0.5538746118545532,0.38116663694381714,-0.001365997944958508,0.6049706339836121,0.387195885181427,-0.044274717569351196,0.5722529292106628,0.439228355884552,-0.05252408981323242,0.5408675074577332,0.4630601108074188,-0.04677455499768257,0.5696646571159363,0.40743324160575867,0.014800069853663445,0.5988867282867432,0.40931108593940735,-0.02305244281888008,0.5791631937026978,0.44065338373184204,-0.03314908593893051,0.5560173392295837,0.4508829712867737,-0.031972382217645645
0.5054510235786438,0.5625509023666382,1.0287585610058159e-06,0.5006980895996094,0.49978509545326233,-0.06917813420295715,0.5186136364936829,0.4220699965953827,-0.08961809426546097,0.5502848029136658,0.3600097894668579,-0.09772716462612152,0.5815259218215942,0.304076611995697,-0.10203073173761368,0.5061095952987671,0.33703529834747314,-0.04499174654483795,0.5634959936141968,0.2681763768196106,-0.06521864235401154,0.603532075881958,0.2298603504896164,-0.07945425808429718,0.6380688548088074,0.19596031308174133,-0.08911594748497009,0.5337490439414978,0.3598678410053253,-0.01552297081798315,0.6062563061714172,0.32833945751190186,-0.04640549048781395,0.659986138343811,0.31673160195350647,-0.06285746395587921,0.7015323042869568,0.30666860938072205,-0.06983781605958939,0.5551416873931885,0.39021405577659607,0.006867340765893459,0.6112176179885864,0.3859871029853821,-0.034645117819309235,0.583530068397522,0.44097790122032166,-0.04458339139819145,0.555234968662262,0.46883219480514526,-0.039800021797418594,0.5712514519691467,0.41668301820755005,0.024500947445631027,0.6041299104690552,0.4110454320907593,-0.012484351173043251,0.5901113748550415,0.44064146280288696,-0.024229256436228752,0.5714729428291321,0.45181483030319214,-0.024383991956710815
0.5135877728462219,0.5656832456588745,1.0267090146953706e-06,0.5085678100585938,0.49746060371398926,-0.06165109947323799,0.5259489417076111,0.4124181270599365,-0.07804384082555771,0.5605208873748779,0.34139764308929443,-0.08349794149398804,0.5924198031425476,0.2824382185935974,-0.08510837703943253,0.5113040208816528,0.3305909037590027,-0.034837644547224045,0.5663131475448608,0.25090402364730835,-0.05211033672094345,0.6054595708847046,0.20864519476890564,-0.06360642611980438,0.6390125155448914,0.1712615191936493,-0.07068613171577454,0.5407636165618896,0.3543300926685333,-0.008683934807777405,0.6146020889282227,0.31069135665893555,-0.03636343777179718,0.6704109311103821,0.2971899211406708,-0.05036814883351326,0.7126160264015198,0.28574496507644653,-0.05496254190802574,0.5628659725189209,0.3847234845161438,0.010821922682225704,0.6167459487915039,0.3776198625564575,-0.029656322672963142,0.5914908051490784,0.4328443706035614,-0.03918899595737457,0.5636084079742432,0.4627252221107483,-0.033538710325956345,0.5798224210739136,0.41323328018188477,0.02641884796321392,0.6159527897834778,0.4035283923149109,-0.00918731838464737,0.5992382764816284,0.4427003860473633,-0.01782282255589962,0.5757706761360168,0.4636133313179016,-0.01535414531826973
0.5273897647857666,0.5818408727645874,1.0068930578199797e-06,0.5095190405845642,0.5087301731109619,-0.05291062965989113,0.511849582195282,0.41833367943763733,-0.06688155978918076,0.5354450345039368,0.3402455151081085,-0.0731039047241211,0.5574543476104736,0.2722577452659607,-0.07583074271678925,0.48647964000701904,0.3463760018348694,-0.02494409866631031,0.5209067463874817,0.2507120370864868,-0.04410924017429352,0.550262987613678,0.19537480175495148,-0.05804499238729477,0.5768542885780334,0.14657506346702576,-0.06703868508338928,0.5213305950164795,0.36510324478149414,-0.006028674077242613,0.5884239077568054,0.3051864504814148,-0.035793911665678024,0.6419081091880798,0.272395521402359,-0.05126800015568733,0.6825157403945923,0.24382801353931427,-0.0572088360786438,0.549067497253418,0.3950944244861603,0.0062654223293066025,0.6027126908302307,0.3754509687423706,-0.03571430221199989,0.5862712264060974,0.43851980566978455,-0.0433865524828434,0.5647426247596741,0.4784473180770874,-0.03635626286268234,0.5696809887886047,0.42487502098083496,0.014812481589615345,0.60395747423172,0.4057449698448181,-0.021747738122940063,0.5907021760940552,0.4494277238845825,-0.028341788798570633,0.5704776644706726,0.47753697633743286,-0.02429206110537052
0.5318747162818909,0.5911089181900024,9.717081184135168e-07,0.5051715970039368,0.52458655834198,-0.049197420477867126,0.4976269602775574,0.4336360692977905,-0.0644826591014862,0.5173264741897583,0.3542696535587311,-0.07275842875242233,0.5347728133201599,0.28408199548721313,-0.07749277353286743,0.4740453064441681,0.36553946137428284,-0.030224665999412537,0.49794459342956543,0.2621171474456787,-0.0502358078956604,0.5183066129684448,0.2004040628671646,-0.06399782001972198,0.5376242995262146,0.1445639580488205,-0.07353128492832184,0.5114020705223083,0.37932083010673523,-0.01475856639444828,0.5752558708190918,0.31227269768714905,-0.04526558518409729,0.6265684366226196,0.2777065932750702,-0.059513431042432785,0.6666967272758484,0.24574501812458038,-0.06502540409564972,0.5427437424659729,0.4059421122074127,-0.004697572439908981,0.5928099751472473,0.38741570711135864,-0.043083418160676956,0.5796089172363281,0.45168545842170715,-0.04491948336362839,0.5624435544013977,0.491418719291687,-0.03589022532105446,0.5680103898048401,0.4349628686904907,0.0013612544862553477,0.5981208086013794,0.4165036082267761,-0.03176650404930115,0.5864434242248535,0.4630507528781891,-0.03352155163884163,0.5691587924957275,0.4918081760406494,-0.02704527974128723
0.5336171984672546,0.6035948991775513,9.363955086882925e-07,0.5006052851676941,0.5371821522712708,-0.047061339020729065,0.4870479106903076,0.4460333287715912,-0.06136855483055115,0.5022034645080566,0.3633870780467987,-0.07003545761108398,0.5140644907951355,0.2887648344039917,-0.07518647611141205,0.46555188298225403,0.3768847584724426,-0.024809934198856354,0.47774702310562134,0.2699926495552063,-0.044059935957193375,0.49041441082954407,0.20500098168849945,-0.057346705347299576,0.5037481188774109,0.1449398547410965,-0.06692798435688019,0.5050923824310303,0.3890739977359772,-0.011723865754902363,0.5630232691764832,0.3148523271083832,-0.041660163551568985,0.6097661852836609,0.2751442492008209,-0.056083813309669495,0.6465693712234497,0.23809827864170074,-0.06205501779913902,0.5385271906852722,0.4156557321548462,-0.004272102378308773,0.5842157602310181,0.39289170503616333,-0.04311719909310341,0.5716673731803894,0.4603729844093323,-0.04456533491611481,0.5553284287452698,0.5010884404182434,-0.03539475053548813,0.5663381218910217,0.4453378915786743,-0.0008162604062817991,0.5938404202461243,0.4215458631515503,-0.03482106328010559,0.5814639329910278,0.47124823927879333,-0.03605322539806366,0.5632818341255188,0.5027735233306885,-0.029213296249508858
0.5335671901702881,0.6146930456161499,8.623306939625763e-07,0.49642425775527954,0.5433558821678162,-0.04249778017401695,0.48067575693130493,0.45142319798469543,-0.053007952868938446,0.49421200156211853,0.36929434537887573,-0.059518489986658096,0.5028063654899597,0.2937518358230591,-0.06280690431594849,0.4596872925758362,0.38022321462631226,-0.01234383787959814,0.46445900201797485,0.27603960037231445,-0.027597425505518913,0.4716823995113373,0.21137599647045135,-0.03864317759871483,0.4794621467590332,0.15045320987701416,-0.04688789322972298,0.5004558563232422,0.39510804414749146,-0.0016088131815195084,0.5496152639389038,0.3199997544288635,-0.02595214918255806,0.5909442901611328,0.27745169401168823,-0.039050690829753876,0.6238888502120972,0.23780353367328644,-0.045078352093696594,0.5353675484657288,0.42435222864151,0.0029925904236733913,0.5772116184234619,0.39966920018196106,-0.03352793678641319,0.5642668604850769,0.4654972553253174,-0.03635355830192566,0.5486960411071777,0.5044835805892944,-0.02847992442548275,0.5649122595787048,0.4556887149810791,0.003964186646044254,0.5892826318740845,0.42727455496788025,-0.028045428916811943,0.5773848295211792,0.4775632917881012,-0.029113491997122765,0.5619117021560669,0.5095750689506531,-0.022715259343385696
0.5273501873016357,0.6289118528366089,8.170197247636679e-07,0.4821779727935791,0.5520766377449036,-0.031639214605093,0.4675181210041046,0.4547586739063263,-0.03583317622542381,0.48431092500686646,0.3730366826057434,-0.03916235640645027,0.49712294340133667,0.3044215142726898,-0.03980926424264908,0.45574066042900085,0.39857885241508484,0.005336581729352474,0.4519045650959015,0.29385772347450256,-0.005683306138962507,0.4534311592578888,0.22935961186885834,-0.014015896245837212,0.45840293169021606,0.16895878314971924,-0.02000717632472515,0.4981268644332886,0.4132229685783386,0.011172385886311531,0.5394250750541687,0.332089900970459,-0.009647640399634838,0.573134183883667,0.2803158760070801,-0.02378336898982525,0.6032795906066895,0.23537307977676392,-0.03043234907090664,0.5346320271492004,0.4421606659889221,0.011131948791444302,0.5672726035118103,0.4076012372970581,-0.026859916746616364,0.5547218918800354,0.47552549839019775,-0.034036386758089066,0.5443164706230164,0.5234429836273193,-0.027200758457183838,0.5657272934913635,0.47121211886405945,0.008872322738170624,0.5794580578804016,0.43483448028564453,-0.02522784098982811,0.5667264461517334,0.48554131388664246,-0.02833554334938526,0.5563657283782959,0.5256311893463135,-0.022259771823883057
0.5218236446380615,0.6447866559028625,8.066381838034431e-07,0.4762936532497406,0.5671923756599426,-0.028607387095689774,0.462338924407959,0.462434858083725,-0.03224858641624451,0.47972193360328674,0.378846675157547,-0.03515426069498062,0.4925253689289093,0.30992788076400757,-0.03565717861056328,0.45275652408599854,0.40762317180633545,0.0018612726125866175,0.4505969285964966,0.30086296796798706,-0.009420948103070259,0.45383182168006897,0.23636047542095184,-0.017030809074640274,0.4605727195739746,0.17500224709510803,-0.022179165855050087,0.49683353304862976,0.42201948165893555,0.006186961196362972,0.5391708612442017,0.3387557864189148,-0.014985473826527596,0.5743336081504822,0.28733736276626587,-0.029483594000339508,0.6058886647224426,0.24144478142261505,-0.03626532480120659,0.5351205468177795,0.44954603910446167,0.005776590202003717,0.5656700134277344,0.4182402193546295,-0.03237335756421089,0.5523362159729004,0.48817014694213867,-0.039241719990968704,0.5418686270713806,0.5396863222122192,-0.031946923583745956,0.5684762001037598,0.47711247205734253,0.003673299914225936,0.5825743079185486,0.44325894117355347,-0.029370438307523727,0.5676328539848328,0.4950818419456482,-0.030756045132875443,0.5551213622093201,0.5387355089187622,-0.023387132212519646
0.5196187496185303,0.6441093683242798,6.958420613045746e-07,0.46072670817375183,0.5710211992263794,-0.02193380519747734,0.4365910291671753,0.460237056016922,-0.02089623361825943,0.451543390750885,0.37250688672065735,-0.02040715701878071,0.4649777412414551,0.3076167702674866,-0.017254849895834923,0.43448376655578613,0.41989246010780334,0.007317138370126486,0.4218441843986511,0.31152594089508057,-0.0026758182793855667,0.4198308289051056,0.24834975600242615,-0.00813349336385727,0.4199133515357971,0.18899321556091309,-0.010997006669640541,0.4780195951461792,0.4231829345226288,0.008975169621407986,0.5022562146186829,0.33329224586486816,-0.010034266859292984,0.5261756777763367,0.2731022834777832,-0.021525008603930473,0.5493949055671692,0.22017870843410492,-0.02550145611166954,0.5160380005836487,0.4417419135570526,0.00597047433257103,0.5338869094848633,0.40835002064704895,-0.029584603384137154,0.5279699563980103,0.48018398880958557,-0.033914726227521896,0.5248036980628967,0.5352396368980408,-0.024326734244823456,0.551557719707489,0.4630759656429291,0.0013407880906015635,0.5572938919067383,0.43134960532188416,-0.027782754972577095,0.5468761324882507,0.4827654957771301,-0.027488473802804947,0.5417587161064148,0.5249273180961609,-0.01911284774541855
0.5093781352043152,0.6407013535499573,7.03806165347487e-07,0.4408346712589264,0.5786980390548706,-0.021279118955135345,0.4082358181476593,0.4800800085067749,-0.01830238476395607,0.4170539677143097,0.38900160789489746,-0.016645485535264015,0.4231870770454407,0.3232015371322632,-0.012165717780590057,0.4068152606487274,0.4387928545475006,0.019080201163887978,0.3839111328125,0.3351532816886902,0.013578695245087147,0.37621745467185974,0.2730245590209961,0.00866533163934946,0.37261834740638733,0.2135416865348816,0.0050473748706281185,0.4511236846446991,0.433257520198822,0.02089514769613743,0.459923654794693,0.34107810258865356,0.006534934509545565,0.47405266761779785,0.27562350034713745,-0.0062528690323233604,0.4899961054325104,0.2195485681295395,-0.012527525424957275,0.49274763464927673,0.4450611472129822,0.017228472977876663,0.5025628805160522,0.3971468508243561,-0.015568643808364868,0.5015830993652344,0.465289443731308,-0.023515252396464348,0.504254937171936,0.5233904719352722,-0.01725095696747303,0.5298458337783813,0.4582732021808624,0.011918715201318264,0.5289340019226074,0.41284051537513733,-0.017795518040657043,0.5258100032806396,0.4595111310482025,-0.021145354956388474,0.5289080739021301,0.5032579898834229,-0.015706675127148628
0.5046811699867249,0.635532796382904,6.732764177286299e-07,0.435102254152298,0.5729047060012817,-0.02132521942257881,0.4084411561489105,0.46600499749183655,-0.018070325255393982,0.42692670226097107,0.3729572892189026,-0.01639994978904724,0.44348815083503723,0.3117561936378479,-0.012134785763919353,0.4159444570541382,0.42732900381088257,0.01860005222260952,0.39830321073532104,0.3240492343902588,0.012979414314031601,0.3930342495441437,0.2628501057624817,0.007894928567111492,0.39160218834877014,0.20448346436023712,0.0037120054475963116,0.45986929535865784,0.4256271719932556,0.020180031657218933,0.4691659212112427,0.3352017104625702,0.005068632308393717,0.48337286710739136,0.2698584794998169,-0.007573158014565706,0.5004079341888428,0.21420317888259888,-0.013808557763695717,0.5002359747886658,0.44141721725463867,0.016200056299567223,0.5078409314155579,0.3900855779647827,-0.01725706458091736,0.5016664862632751,0.45806795358657837,-0.02412695810198784,0.501221776008606,0.5164474248886108,-0.0170139130204916,0.5373404622077942,0.457643985748291,0.010484090074896812,0.5340977907180786,0.412737101316452,-0.019217995926737785,0.5259895920753479,0.45925620198249817,-0.02192935347557068,0.5261651873588562,0.5022827982902527,-0.01622089371085167
0.5022422075271606,0.6411483883857727,6.604351483474602e-07,0.435944139957428,0.5734165906906128,-0.020321577787399292,0.4150104522705078,0.45973679423332214,-0.0170106403529644,0.440788209438324,0.36582913994789124,-0.016081245616078377,0.4611170291900635,0.3058527708053589,-0.013124980963766575,0.4259590208530426,0.42818018794059753,0.01889191009104252,0.41312170028686523,0.3249557614326477,0.009534480050206184,0.41100889444351196,0.2620834410190582,0.0010288715129718184,0.4133734107017517,0.20226426422595978,-0.005536224227398634,0.47080808877944946,0.42892172932624817,0.01869102567434311,0.48241156339645386,0.33815184235572815,-0.0006956424913369119,0.4977904260158539,0.2743307054042816,-0.015923894941806793,0.5161921381950378,0.21932290494441986,-0.023437684401869774,0.5117102861404419,0.44676390290260315,0.012972299940884113,0.5195224285125732,0.38877853751182556,-0.024339981377124786,0.5100637674331665,0.4590705335140228,-0.02932845801115036,0.5068253874778748,0.5198114514350891,-0.019994083791971207,0.5495238900184631,0.4662284851074219,0.005467016715556383,0.5477067232131958,0.41531455516815186,-0.02612760104238987,0.5371685028076172,0.46351826190948486,-0.02655271254479885,0.5353402495384216,0.5090032815933228,-0.018641529604792595
0.49903255701065063,0.6445522308349609,6.769357696612133e-07,0.43424588441848755,0.5714229941368103,-0.01882215216755867,0.4179510474205017,0.4572204053401947,-0.016817055642604828,0.4483517110347748,0.3669380247592926,-0.01739398203790188,0.47364988923072815,0.30918431282043457,-0.01573209837079048,0.43345725536346436,0.4247310757637024,0.016243992373347282,0.422660768032074,0.3181697726249695,0.007388836704194546,0.42120712995529175,0.2544679045677185,-0.0005617644637823105,0.4233841598033905,0.1944316327571869,-0.006826477590948343,0.477954626083374,0.42828696966171265,0.014985976740717888,0.489145964384079,0.3375512361526489,-0.0039922501891851425,0.5049349665641785,0.27267447113990784,-0.01892816461622715,0.5242127776145935,0.21592427790164948,-0.026427267119288445,0.5180110335350037,0.4494480788707733,0.008923334069550037,0.5249335169792175,0.3912716209888458,-0.025377707555890083,0.5123693346977234,0.46226075291633606,-0.027793318033218384,0.5071067810058594,0.5225473642349243,-0.017501750960946083,0.5556922554969788,0.4720412790775299,0.0009962714975699782,0.5543763637542725,0.41879841685295105,-0.02694125473499298,0.5412831902503967,0.46650421619415283,-0.024559680372476578,0.5369721055030823,0.5116579532623291,-0.01515688095241785
0.49427634477615356,0.6609439253807068,6.13944280303258e-07,0.4275673031806946,0.5861781239509583,-0.024255651980638504,0.41419538855552673,0.4642905592918396,-0.023333264514803886,0.44820836186408997,0.3655967116355896,-0.02458362467586994,0.4746313691139221,0.3011914789676666,-0.023643622174859047,0.4336376190185547,0.4302901327610016,0.01461988128721714,0.4251512587070465,0.32094013690948486,0.0033795065246522427,0.4238709509372711,0.25518858432769775,-0.0059248292818665504,0.42607009410858154,0.19203561544418335,-0.01304663810878992,0.47988319396972656,0.43477147817611694,0.014881469309329987,0.4912274479866028,0.3453229069709778,-0.007419908884912729,0.5017557144165039,0.2821337580680847,-0.023679491132497787,0.515712320804596,0.22564858198165894,-0.0315992496907711,0.5214604735374451,0.45538076758384705,0.009359274990856647,0.5284355878829956,0.39616265892982483,-0.030942432582378387,0.5100041627883911,0.4723251461982727,-0.03429195657372475,0.4998381435871124,0.5355052947998047,-0.022982297465205193,0.56175297498703,0.4785028100013733,0.0016432611737400293,0.5601953864097595,0.4244053065776825,-0.030836356803774834,0.543075442314148,0.47611337900161743,-0.02943081595003605,0.5355752110481262,0.5243363380432129,-0.019769789651036263
0.47255486249923706,0.6635015606880188,3.922935434275132e-07,0.4181452691555023,0.5832980871200562,-0.020550375804305077,0.4189234673976898,0.4602280557155609,-0.02076772041618824,0.4582923948764801,0.3802762031555176,-0.024861246347427368,0.49249401688575745,0.33545559644699097,-0.027452800422906876,0.4520549178123474,0.4188302457332611,0.008290563710033894,0.4507606327533722,0.31109678745269775,-0.008717373013496399,0.45252907276153564,0.24377526342868805,-0.02125563845038414,0.45703062415122986,0.18278813362121582,-0.029926031827926636,0.4954378604888916,0.4325408935546875,0.0034986298996955156,0.5005545020103455,0.3476846218109131,-0.028107304126024246,0.5009046792984009,0.2841462790966034,-0.049143917858600616,0.5062030553817749,0.22605685889720917,-0.05776769295334816,0.5354074239730835,0.4618809223175049,-0.0056846565566957,0.5319465398788452,0.40761250257492065,-0.05152289569377899,0.5059535503387451,0.4851592183113098,-0.05215434357523918,0.49160298705101013,0.5442656874656677,-0.036669936031103134,0.5738973617553711,0.4990153908729553,-0.01665433496236801,0.566062867641449,0.44339680671691895,-0.04908323287963867,0.5419883131980896,0.49500519037246704,-0.04218867048621178,0.5313845276832581,0.540453314781189,-0.027381012216210365
0.47020861506462097,0.6598260402679443,1.8765396703201986e-07,0.43212881684303284,0.5704571604728699,-0.013107508420944214,0.4464995563030243,0.4559326469898224,-0.015455161221325397,0.49115219712257385,0.3951151669025421,-0.022526580840349197,0.5288651585578918,0.35858863592147827,-0.02909093350172043,0.4904116988182068,0.4224926829338074,0.0029158294200897217,0.49909883737564087,0.31751057505607605,-0.0188861433416605,0.5036666393280029,0.24926073849201202,-0.03468042612075806,0.5082902908325195,0.18947210907936096,-0.045095182955265045,0.5262930393218994,0.44544729590415955,-0.00686136819422245,0.5374898314476013,0.3612252473831177,-0.039896927773952484,0.5308780074119568,0.30407148599624634,-0.059070900082588196,0.5281639099121094,0.2524237036705017,-0.06574823707342148,0.5608278512954712,0.48403996229171753,-0.019855568185448647,0.5506551861763,0.4273959994316101,-0.0619395487010479,0.5176811218261719,0.4963100850582123,-0.05794842541217804,0.501933753490448,0.5493679642677307,-0.040859345346689224,0.5927116274833679,0.5335161089897156,-0.03425117954611778,0.5807526111602783,0.4737941026687622,-0.06128229945898056,0.5513564944267273,0.5186077952384949,-0.049246881157159805,0.5416281223297119,0.5595887899398804,-0.03170740604400635
0.47285181283950806,0.6573072671890259,2.2972261604081723e-07,0.43626871705055237,0.5692573189735413,-0.024891356006264687,0.4650745689868927,0.4468379616737366,-0.029447119683027267,0.5228787660598755,0.38558733463287354,-0.03583082556724548,0.5674773454666138,0.34808677434921265,-0.041184067726135254,0.5061617493629456,0.4189744293689728,-0.009847241453826427,0.530946671962738,0.3140929639339447,-0.03159124031662941,0.5479973554611206,0.24832776188850403,-0.04599820077419281,0.5646401047706604,0.19051006436347961,-0.05632093921303749,0.5441881418228149,0.453315407037735,-0.013937996700406075,0.5650113821029663,0.3823176920413971,-0.05071369558572769,0.570492684841156,0.336154043674469,-0.06918811053037643,0.5785565972328186,0.2924198508262634,-0.07552170753479004,0.5764691233634949,0.500113308429718,-0.021983712911605835,0.5780991911888123,0.4489690959453583,-0.07027418166399002,0.5341755747795105,0.5174170136451721,-0.06560461223125458,0.5077619552612305,0.5675563216209412,-0.04743314906954765,0.6043294072151184,0.5531396865844727,-0.032248739153146744,0.6016865372657776,0.49836522340774536,-0.06770654767751694,0.5648497939109802,0.5421419143676758,-0.05893341451883316,0.5454391837120056,0.5799935460090637,-0.0429825559258461
0.470134437084198,0.6640688180923462,1.846349704237582e-07,0.4390927255153656,0.5761639475822449,-0.0256397295743227,0.4708523154258728,0.45628684759140015,-0.03190750256180763,0.5274172425270081,0.39641043543815613,-0.039897769689559937,0.5693051218986511,0.3542488217353821,-0.046793919056653976,0.5135623216629028,0.4242822825908661,-0.013456313870847225,0.5391353368759155,0.3197770118713379,-0.03780759498476982,0.5558164119720459,0.25324785709381104,-0.05430342257022858,0.5722190737724304,0.1941680610179901,-0.06614337861537933,0.5495849251747131,0.4611304700374603,-0.018546801060438156,0.570174515247345,0.3941277265548706,-0.05823750048875809,0.5712270736694336,0.3477075397968292,-0.07836483418941498,0.5766192078590393,0.3004809021949768,-0.08592018485069275,0.5803971290588379,0.5106179714202881,-0.027506962418556213,0.5808363556861877,0.4603707194328308,-0.07764848321676254,0.5336474180221558,0.5269970893859863,-0.0723714604973793,0.5061149597167969,0.573083221912384,-0.05401841178536415,0.607186496257782,0.566825270652771,-0.038800932466983795,0.6037355661392212,0.511055588722229,-0.0750219076871872,0.5642412900924683,0.5532468557357788,-0.06522569805383682,0.5436510443687439,0.5881742238998413,-0.0486890971660614
0.47148188948631287,0.6554082632064819,2.4145759169869052e-08,0.45105209946632385,0.5629681348800659,-0.011733203195035458,0.47964802384376526,0.45800337195396423,-0.017542537301778793,0.5247260928153992,0.4105243682861328,-0.0283697247505188,0.56155925989151,0.389069527387619,-0.03776528313755989,0.545497477054596,0.4296938180923462,-0.0037786895409226418,0.5701919198036194,0.32774385809898376,-0.02999599650502205,0.582177996635437,0.25804656744003296,-0.049266964197158813,0.5920020341873169,0.19845911860466003,-0.06316967308521271,0.5725193023681641,0.4652969241142273,-0.017345916479825974,0.5812093019485474,0.39071014523506165,-0.06278152763843536,0.5723138451576233,0.34093761444091797,-0.08744245022535324,0.5714811682701111,0.2942054271697998,-0.09698165953159332,0.5952768921852112,0.5141881108283997,-0.03315718472003937,0.5776110887527466,0.45957058668136597,-0.08121218532323837,0.5321944355964661,0.5226120948791504,-0.07316904515028,0.5110572576522827,0.5673660635948181,-0.05385611206293106,0.613511323928833,0.571876049041748,-0.050574783235788345,0.5970331430435181,0.5100672245025635,-0.07918308675289154,0.5599092245101929,0.5496315360069275,-0.0641385093331337,0.5486014485359192,0.5815213918685913,-0.04521821066737175
0.47570422291755676,0.6561968326568604,-3.270680508649093e-07,0.47903871536254883,0.5350896716117859,-0.009758708998560905,0.5279673933982849,0.4626842439174652,-0.01862463913857937,0.5756296515464783,0.4231641888618469,-0.03231878578662872,0.6137755513191223,0.38303235173225403,-0.045534294098615646,0.6133231520652771,0.4585217535495758,-0.003958274610340595,0.6292878985404968,0.35735422372817993,-0.03260968625545502,0.6425299644470215,0.29271382093429565,-0.05427663028240204,0.6536768078804016,0.2309114634990692,-0.06961338967084885,0.6275843977928162,0.5005735158920288,-0.020193202421069145,0.5995946526527405,0.395588755607605,-0.06295923888683319,0.5688576102256775,0.32246845960617065,-0.08479224145412445,0.5475232601165771,0.26453912258148193,-0.09484057873487473,0.6240346431732178,0.5464822053909302,-0.039448224008083344,0.5645923614501953,0.4556442201137543,-0.08101629465818405,0.5193168520927429,0.4941137433052063,-0.07361719757318497,0.5024415254592896,0.5334739685058594,-0.05939815565943718,0.6064146161079407,0.5914026498794556,-0.06115143373608589,0.5617536306381226,0.5095306038856506,-0.08657878637313843,0.5285871028900146,0.5313195586204529,-0.07577085494995117,0.5216898918151855,0.563334047794342,-0.0621003694832325
0.4731389284133911,0.6573304533958435,-4.081971383129712e-07,0.48187190294265747,0.5333684086799622,-0.0058743576519191265,0.5331594944000244,0.4664677381515503,-0.01330740749835968,0.5817226767539978,0.4269915223121643,-0.026365233585238457,0.6213381290435791,0.38699451088905334,-0.03943553939461708,0.619132936000824,0.47181808948516846,-0.0010412547271698713,0.6343631148338318,0.36787253618240356,-0.028273500502109528,0.6491989493370056,0.30368316173553467,-0.04907992482185364,0.6633602380752563,0.24155938625335693,-0.06480392068624496,0.6305635571479797,0.5118222832679749,-0.01973133161664009,0.5996785163879395,0.3971714377403259,-0.062155384570360184,0.5676091313362122,0.3221782445907593,-0.08330170810222626,0.546368420124054,0.26198041439056396,-0.09318466484546661,0.6225749254226685,0.5524762272834778,-0.041232794523239136,0.5609663128852844,0.4498978555202484,-0.08196426928043365,0.5178231000900269,0.49002060294151306,-0.07484947890043259,0.5040119886398315,0.5317994356155396,-0.06164911016821861,0.6002460718154907,0.5907238125801086,-0.06497886776924133,0.5515652894973755,0.5026285648345947,-0.09130273759365082,0.5209961533546448,0.5259038209915161,-0.08259294182062149,0.5167881846427917,0.5602251887321472,-0.0708642229437828
0.46827253699302673,0.6528404951095581,-3.931388903311017e-07,0.4767409563064575,0.5346912145614624,-0.01370050199329853,0.5296810865402222,0.46820756793022156,-0.021706964820623398,0.5801059603691101,0.43138110637664795,-0.033206723630428314,0.6194313764572144,0.3915514051914215,-0.04410179331898689,0.6135653257369995,0.47020602226257324,-0.006827867589890957,0.6342411637306213,0.37034812569618225,-0.0347723588347435,0.649304986000061,0.3087605834007263,-0.054996058344841,0.662488579750061,0.2489534616470337,-0.06924346089363098,0.6274840235710144,0.5133164525032043,-0.019290698692202568,0.6002330780029297,0.4037328362464905,-0.062255702912807465,0.5692055225372314,0.3321378231048584,-0.08350558578968048,0.5492073893547058,0.27260178327560425,-0.09247427433729172,0.6220830678939819,0.5574497580528259,-0.03491567075252533,0.5610818266868591,0.46283864974975586,-0.07690278440713882,0.5164792537689209,0.5016331672668457,-0.07164011150598526,0.5006952881813049,0.5400877594947815,-0.058473922312259674,0.6020660996437073,0.5976980924606323,-0.05307568609714508,0.5539658069610596,0.5153130292892456,-0.07914678752422333,0.5240753889083862,0.5385660529136658,-0.07120177149772644,0.5197628140449524,0.5711127519607544,-0.05937959998846054
0.46397119760513306,0.6521279215812683,-2.5205926590388117e-07,0.4555705487728119,0.5525577664375305,-0.00668440293520689,0.492137610912323,0.4638599753379822,-0.009135651402175426,0.5348023176193237,0.4223313629627228,-0.017551133409142494,0.5697810053825378,0.397259384393692,-0.024736009538173676,0.5694106817245483,0.44884544610977173,0.00999024324119091,0.593349039554596,0.35717302560806274,-0.013224413618445396,0.6091356873512268,0.298824667930603,-0.03105844557285309,0.6229843497276306,0.24383187294006348,-0.044393837451934814,0.5904796719551086,0.48085257411003113,-0.004889209289103746,0.5895171165466309,0.39738205075263977,-0.04712327942252159,0.5684958696365356,0.33870744705200195,-0.07027431577444077,0.5574910044670105,0.28880971670150757,-0.07856378704309464,0.6027769446372986,0.5233346223831177,-0.02261701039969921,0.5691696405410767,0.4546602666378021,-0.06500755995512009,0.5225418210029602,0.5073724389076233,-0.058404769748449326,0.50865238904953,0.5453051328659058,-0.042154308408498764,0.6065781712532043,0.574187695980072,-0.04217994958162308,0.5767216086387634,0.5053225159645081,-0.0677356868982315,0.5392575263977051,0.539517343044281,-0.05606338009238243,0.5337247252464294,0.5717176795005798,-0.040579598397016525
0.48574620485305786,0.6402442455291748,3.6395226743479725e-07,0.4431876540184021,0.5584174394607544,-0.025103824213147163,0.4634905159473419,0.4430503249168396,-0.02726101316511631,0.5190403461456299,0.3791148066520691,-0.031048590317368507,0.5609950423240662,0.3425872325897217,-0.03352426737546921,0.5015822649002075,0.4134451150894165,-0.0016732559306547046,0.5261142253875732,0.3138408958911896,-0.019080650061368942,0.5443362593650818,0.2551448345184326,-0.03072250634431839,0.5637919306755066,0.2020488977432251,-0.039038825780153275,0.5394999384880066,0.44106659293174744,-0.00304142152890563,0.5615972876548767,0.3661465048789978,-0.033177707344293594,0.5758230686187744,0.3187698721885681,-0.04949567839503288,0.5933506488800049,0.27594608068466187,-0.055664557963609695,0.571161687374115,0.4809632897377014,-0.008941483683884144,0.5809676647186279,0.42850857973098755,-0.053076788783073425,0.5431299805641174,0.4947989881038666,-0.05040417239069939,0.5200877785682678,0.5448675751686096,-0.03441714495420456,0.5997216701507568,0.5269830226898193,-0.017007244750857353,0.6031220555305481,0.47530287504196167,-0.05062802881002426,0.5709882378578186,0.5189307928085327,-0.04428953677415848,0.5534569025039673,0.5564668774604797,-0.03062533028423786
0.49478989839553833,0.6569987535476685,6.184563403621723e-07,0.4476287364959717,0.5773254036903381,-0.022064151242375374,0.45158684253692627,0.4656839668750763,-0.021562641486525536,0.49297165870666504,0.38788384199142456,-0.022994378581643105,0.52350252866745,0.3370725214481354,-0.022112486883997917,0.47661274671554565,0.427030086517334,0.011618142947554588,0.4871729612350464,0.3243491053581238,0.00031089840922504663,0.49694952368736267,0.2644759714603424,-0.008118334226310253,0.5096265077590942,0.21033912897109985,-0.014015434309840202,0.5182356834411621,0.44543176889419556,0.011084932833909988,0.5456203818321228,0.3563154637813568,-0.010842711664736271,0.5665864944458008,0.295425146818161,-0.027193421497941017,0.5892490744590759,0.24456727504730225,-0.03481149300932884,0.5517210364341736,0.4776884913444519,0.005730105563998222,0.5677735805511475,0.42551201581954956,-0.03223951533436775,0.5404205322265625,0.48992812633514404,-0.03430037200450897,0.5219322443008423,0.5436516404151917,-0.022448481991887093,0.5833925604820251,0.5131406188011169,-0.0014697386650368571,0.5907256603240967,0.463907927274704,-0.03167131915688515,0.5683462619781494,0.5074141025543213,-0.028308870270848274,0.5539673566818237,0.5484939217567444,-0.017349794507026672
0.49961069226264954,0.66118323802948,6.546482609337545e-07,0.44923484325408936,0.5824699401855469,-0.023199452087283134,0.4497458338737488,0.46809905767440796,-0.022516025230288506,0.4913724958896637,0.38709038496017456,-0.023805147036910057,0.5226832628250122,0.335645467042923,-0.022557150572538376,0.47185662388801575,0.4316086769104004,0.013968388549983501,0.47953593730926514,0.32823389768600464,0.0024564715567976236,0.4886990785598755,0.2680796980857849,-0.00691412715241313,0.5011196732521057,0.212679922580719,-0.01369075570255518,0.5139479041099548,0.4471304714679718,0.014231639914214611,0.539448082447052,0.35913094878196716,-0.008294430561363697,0.5615806579589844,0.2991234064102173,-0.025673236697912216,0.5853842496871948,0.2477359026670456,-0.03419867902994156,0.5486035943031311,0.47655805945396423,0.00911564752459526,0.5680366158485413,0.42646321654319763,-0.02993297576904297,0.5426158905029297,0.49144911766052246,-0.03486509993672371,0.5245513916015625,0.5466718077659607,-0.024975325912237167,0.5812183022499084,0.5075802206993103,0.0020219965372234583,0.5913114547729492,0.4610009491443634,-0.02959544211626053,0.5702460408210754,0.503974437713623,-0.02922540158033371,0.5559118390083313,0.5457802414894104,-0.020483506843447685
0.5309511423110962,0.6743367910385132,7.615359436385916e-07,0.482581228017807,0.597885251045227,-0.030575651675462723,0.4650062918663025,0.4958231747150421,-0.03281655162572861,0.47996774315834045,0.40741652250289917,-0.03370244428515434,0.4911506772041321,0.3376743197441101,-0.031005647033452988,0.4549219608306885,0.44605210423469543,0.008047697134315968,0.45276713371276855,0.3433370888233185,-0.0036206692457199097,0.45836883783340454,0.28195980191230774,-0.011770941317081451,0.46554985642433167,0.22534526884555817,-0.0161572378128767,0.4974777400493622,0.453188955783844,0.013848093338310719,0.5219821333885193,0.36040198802948,-0.0052199410274624825,0.5477510690689087,0.30168086290359497,-0.019104793667793274,0.5705083608627319,0.25403887033462524,-0.024586113169789314,0.5346760153770447,0.47541528940200806,0.013582836836576462,0.5599830150604248,0.442444384098053,-0.024524115025997162,0.5518485307693481,0.5053853392601013,-0.033933136612176895,0.5434223413467407,0.5584630370140076,-0.026684092357754707,0.5668527483940125,0.5002362728118896,0.011310281231999397,0.5786255598068237,0.4681670069694519,-0.02109278179705143,0.5672909021377563,0.5135420560836792,-0.024682460352778435,0.5564492344856262,0.5555383563041687,-0.01831483095884323
0.5757262110710144,0.6883164048194885,8.419053187935788e-07,0.5258578658103943,0.6196985244750977,-0.040265075862407684,0.4972059726715088,0.5174652934074402,-0.04588323086500168,0.4988783001899719,0.426886647939682,-0.04802173376083374,0.49493080377578735,0.35188713669776917,-0.0466669499874115,0.47543153166770935,0.4688890278339386,-0.0021804559510201216,0.4610474109649658,0.36422958970069885,-0.01627514511346817,0.46074819564819336,0.2989339232444763,-0.02528345212340355,0.4635762572288513,0.23648986220359802,-0.030026981607079506,0.5194656848907471,0.4710078239440918,0.008564104326069355,0.5412309765815735,0.37217703461647034,-0.014080442488193512,0.5633309483528137,0.30463141202926636,-0.028740763664245605,0.5841594338417053,0.2468770444393158,-0.03394722566008568,0.5592250823974609,0.48787814378738403,0.012629587203264236,0.5873863101005554,0.4480888545513153,-0.029936175793409348,0.5860582590103149,0.5184163451194763,-0.03955496475100517,0.5836693048477173,0.5730169415473938,-0.031231217086315155,0.5940683484077454,0.5077157616615295,0.014181125909090042,0.6079990863800049,0.4756591022014618,-0.022487478330731392,0.6037709712982178,0.5291979312896729,-0.02696356177330017,0.5985052585601807,0.5731607675552368,-0.02025754377245903
0.6069314479827881,0.6977453231811523,9.388638204654853e-07,0.558023989200592,0.6272127628326416,-0.05090625211596489,0.5296086072921753,0.5177769064903259,-0.05500193312764168,0.5257853269577026,0.4219364821910858,-0.052673518657684326,0.5128622055053711,0.3424000144004822,-0.04614592716097832,0.49593982100486755,0.4716411232948303,-0.0011592678492888808,0.47892075777053833,0.3643765449523926,-0.013965417630970478,0.4769926071166992,0.2930232584476471,-0.02211029641330242,0.47689592838287354,0.22727973759174347,-0.025834251195192337,0.5415689945220947,0.4701651930809021,0.01604151353240013,0.5639439225196838,0.3664644658565521,-0.004541192203760147,0.5882629156112671,0.2979980409145355,-0.017951665446162224,0.6103402972221375,0.24162501096725464,-0.02139471471309662,0.5817416310310364,0.4859551191329956,0.02473682351410389,0.6192970275878906,0.4459116756916046,-0.01745050959289074,0.6209348440170288,0.5191388726234436,-0.029083166271448135,0.6148374080657959,0.5680590271949768,-0.021700076758861542,0.615179181098938,0.5052211880683899,0.030000684782862663,0.64056795835495,0.4790055453777313,-0.0065727210603654385,0.639104425907135,0.5379178524017334,-0.013137700036168098,0.6303083300590515,0.5768066644668579,-0.007837955839931965
0.6634325385093689,0.7525523900985718,1.1515637652337318e-06,0.6290014982223511,0.6777071952819824,-0.08401881158351898,0.6040658950805664,0.5612314343452454,-0.09539848566055298,0.6018918752670288,0.4567274749279022,-0.09115418791770935,0.5933135151863098,0.36541759967803955,-0.0803544670343399,0.542922854423523,0.49062442779541016,-0.027848023921251297,0.5430066585540771,0.36069822311401367,-0.0447533093392849,0.5525910258293152,0.2767025828361511,-0.05578254535794258,0.560454249382019,0.20232811570167542,-0.061044901609420776,0.5841871500015259,0.4847676157951355,0.00940160732716322,0.6223987340927124,0.36640918254852295,-0.015647370368242264,0.6599034667015076,0.2863617539405823,-0.03193015232682228,0.6871690154075623,0.21827039122581482,-0.03654070198535919,0.622008204460144,0.49842438101768494,0.0353999137878418,0.6760931015014648,0.4380609393119812,-0.014799216762185097,0.6870841979980469,0.5179477334022522,-0.033019836992025375,0.677836000919342,0.5685551762580872,-0.027332745492458344,0.6544126272201538,0.5175992250442505,0.056031666696071625,0.6886716485023499,0.4746856987476349,0.009508945979177952,0.6969979405403137,0.5270067453384399,-0.005421243142336607,0.685531497001648,0.5643466114997864,-0.0036677676253020763
0.6902807354927063,0.7807183861732483,1.3891060461901361e-06,0.670366644859314,0.7167453765869141,-0.10999323427677155,0.6505154967308044,0.5666854381561279,-0.12258947640657425,0.6451645493507385,0.4454290568828583,-0.10666529834270477,0.6414346098899841,0.3441466987133026,-0.0805128887295723,0.5807758569717407,0.5083149075508118,-0.08453257381916046,0.5987673401832581,0.3419179618358612,-0.11029092222452164,0.6193807721138,0.24612796306610107,-0.12251661717891693,0.6401472091674805,0.1581917405128479,-0.12752440571784973,0.615776777267456,0.4893774092197418,-0.029458194971084595,0.6631770133972168,0.3482210040092468,-0.05538277328014374,0.7061154246330261,0.24986335635185242,-0.06451395899057388,0.7458257675170898,0.16241443157196045,-0.06619793176651001,0.6468794941902161,0.49224090576171875,0.014379485510289669,0.7038668394088745,0.43066293001174927,-0.029431084170937538,0.7088652849197388,0.5257507562637329,-0.03768717497587204,0.6981586813926697,0.5861601233482361,-0.02793717011809349,0.6788813471794128,0.5020871758460999,0.049628689885139465,0.7155630588531494,0.4732733368873596,0.005301290191709995,0.7236677408218384,0.5179567337036133,-0.009533554315567017,0.7128980159759521,0.5488957762718201,-0.008561305701732635
0.6758747696876526,0.7552333474159241,1.568828224662866e-06,0.6719419360160828,0.7140512466430664,-0.10517678409814835,0.650596559047699,0.5673100352287292,-0.1266304850578308,0.6378901600837708,0.4366658627986908,-0.12135736644268036,0.6355836987495422,0.33409935235977173,-0.10748647898435593,0.5495916604995728,0.5169441103935242,-0.10395755618810654,0.5693422555923462,0.3556783199310303,-0.1450137495994568,0.5894783735275269,0.25018107891082764,-0.1658879667520523,0.6099972724914551,0.15569332242012024,-0.17645922303199768,0.5803389549255371,0.466522216796875,-0.056417983025312424,0.6318496465682983,0.30714064836502075,-0.09910361468791962,0.6796162128448486,0.20349857211112976,-0.11465710401535034,0.7132420539855957,0.10398527979850769,-0.11808087676763535,0.6112553477287292,0.444388747215271,-0.017266009002923965,0.6662610173225403,0.3797100782394409,-0.07574400305747986,0.6795357465744019,0.4832385778427124,-0.07929026335477829,0.6682178974151611,0.5533075332641602,-0.06281495839357376,0.6411373615264893,0.4440695643424988,0.014734907075762749,0.6753831505775452,0.41513022780418396,-0.0378461554646492,0.6861029863357544,0.4794892966747284,-0.04504472389817238,0.6732666492462158,0.5288340449333191,-0.035543374717235565
0.5901739001274109,0.700370728969574,1.469845983592677e-06,0.5543792247772217,0.6412099599838257,-0.09275460243225098,0.5184363722801208,0.5105776190757751,-0.10549797117710114,0.5037306547164917,0.3922802209854126,-0.09580409526824951,0.4883865416049957,0.3006969690322876,-0.0775524154305458,0.4298536777496338,0.48018425703048706,-0.06296604126691818,0.42348575592041016,0.31922703981399536,-0.08704416453838348,0.429795503616333,0.22246336936950684,-0.09955848008394241,0.4359285831451416,0.13310781121253967,-0.10640276223421097,0.464382141828537,0.4392986595630646,-0.017749156802892685,0.49224621057510376,0.28859204053878784,-0.04962290823459625,0.5237780213356018,0.18039211630821228,-0.06423406302928925,0.5494689345359802,0.08595609664916992,-0.06853640079498291,0.5006133317947388,0.4240221381187439,0.017987292259931564,0.5414707660675049,0.3536226749420166,-0.0317789688706398,0.565718412399292,0.4393925368785858,-0.041469547897577286,0.5719918608665466,0.5027540922164917,-0.03131113573908806,0.5362495183944702,0.41868162155151367,0.04708493500947952,0.5632233619689941,0.38872402906417847,-0.004234003368765116,0.5814194083213806,0.4348306655883789,-0.020201243460178375,0.5837438702583313,0.4705173969268799,-0.018312083557248116
0.528225302696228,0.6591457724571228,1.2897653505206108e-06,0.48079216480255127,0.5875540375709534,-0.08991085737943649,0.4375995099544525,0.4715926945209503,-0.09742272645235062,0.4115367531776428,0.3730721175670624,-0.08377544581890106,0.3867131173610687,0.28909826278686523,-0.061184462159872055,0.35889971256256104,0.4394373595714569,-0.0483158603310585,0.3411964178085327,0.2802157998085022,-0.06274789571762085,0.3337492346763611,0.18711942434310913,-0.06954487413167953,0.32776951789855957,0.10388347506523132,-0.07181194424629211,0.3958735466003418,0.41459035873413086,-0.002312073716893792,0.40847092866897583,0.27006250619888306,-0.02063557878136635,0.4267396926879883,0.17051342129707336,-0.031871821731328964,0.44328248500823975,0.09012734889984131,-0.03593577817082405,0.43311572074890137,0.4081255793571472,0.03328408673405647,0.4658898115158081,0.33594852685928345,-0.0056606801226735115,0.4855744540691376,0.4117830693721771,-0.023279573768377304,0.48559945821762085,0.4709565341472626,-0.021131161600351334,0.4678765833377838,0.40559491515159607,0.0625322163105011,0.4865090847015381,0.3631613850593567,0.02425810880959034,0.5007898211479187,0.4020727872848511,0.006003258284181356,0.499037504196167,0.4405631422996521,0.00270148366689682
0.5194075107574463,0.6507476568222046,1.0834213526322856e-06,0.4612446427345276,0.5854806303977966,-0.05082976073026657,0.4335111677646637,0.4706574082374573,-0.05885457247495651,0.4407043755054474,0.36215677857398987,-0.06212231516838074,0.4351636469364166,0.27152764797210693,-0.062153276056051254,0.38727185130119324,0.38574373722076416,-0.002024162793532014,0.3771176338195801,0.25813379883766174,-0.01400832086801529,0.37867146730422974,0.17753492295742035,-0.023273108527064323,0.38083416223526,0.10388940572738647,-0.02941701002418995,0.44063031673431396,0.37963899970054626,0.013285074383020401,0.4784255921840668,0.2622680962085724,-0.011175640858709812,0.5090671181678772,0.18426468968391418,-0.02841297723352909,0.5342139601707458,0.12152603268623352,-0.03528428450226784,0.4885122776031494,0.39725562930107117,0.02064206823706627,0.5213578343391418,0.35117894411087036,-0.02354765683412552,0.5265865921974182,0.4358992278575897,-0.03582010045647621,0.5238378047943115,0.49171218276023865,-0.03018559329211712,0.5272097587585449,0.42176389694213867,0.02447669394314289,0.5369271636009216,0.3857049345970154,-0.015456747263669968,0.5412234663963318,0.4553081691265106,-0.021704979240894318,0.5388110876083374,0.5006774663925171,-0.016284294426441193
0.5345168709754944,0.6945921182632446,9.68358449426887e-07,0.48530226945877075,0.6163622140884399,-0.04454522579908371,0.46825411915779114,0.48935848474502563,-0.050425462424755096,0.4857858121395111,0.3837701976299286,-0.05194272845983505,0.4905933141708374,0.2921908497810364,-0.050000932067632675,0.4424368739128113,0.4136603772640228,-0.004663736559450626,0.4386313259601593,0.2891029119491577,-0.015075563453137875,0.44381195306777954,0.2135237455368042,-0.02081087976694107,0.44945818185806274,0.14373019337654114,-0.023813743144273758,0.4931114912033081,0.4232788681983948,0.007259629666805267,0.5313891768455505,0.30914434790611267,-0.010649310424923897,0.5682970285415649,0.2429964244365692,-0.0217684768140316,0.6013400554656982,0.18789339065551758,-0.025092825293540955,0.5368092656135559,0.4531085193157196,0.012379289604723454,0.5639521479606628,0.408925324678421,-0.028304770588874817,0.5549432635307312,0.4901905953884125,-0.035381536930799484,0.5470761656761169,0.5431433916091919,-0.026222271844744682,0.5748233795166016,0.48571544885635376,0.014860885217785835,0.5826430916786194,0.4410041272640228,-0.021172046661376953,0.5715014934539795,0.507302463054657,-0.021422410383820534,0.5625331401824951,0.5546412467956543,-0.012057257816195488
0.5473504662513733,0.6775521636009216,8.202787853406335e-07,0.49979743361473083,0.5982587337493896,-0.033951785415410995,0.4906509518623352,0.4718985855579376,-0.039144452661275864,0.5186765193939209,0.373359739780426,-0.04266613349318504,0.5310714244842529,0.2895088493824005,-0.04322145879268646,0.4827427566051483,0.3897687494754791,-0.0020231958478689194,0.4837017059326172,0.27471667528152466,-0.013191754929721355,0.4918663799762726,0.20581002533435822,-0.01982863061130047,0.5008464455604553,0.14240744709968567,-0.02333955280482769,0.5333682298660278,0.4056883454322815,0.0034958808682858944,0.5703878402709961,0.30378085374832153,-0.014237414114177227,0.6028863787651062,0.24354586005210876,-0.025819921866059303,0.6331562995910645,0.19574199616909027,-0.030169647186994553,0.577532172203064,0.44136232137680054,0.0033327783457934856,0.5992828607559204,0.4077538847923279,-0.0353967547416687,0.5848318338394165,0.48575565218925476,-0.042768336832523346,0.5747548937797546,0.5415911674499512,-0.03481454402208328,0.6162928342819214,0.4781588912010193,0.0013010029215365648,0.6205857396125793,0.4427907168865204,-0.03130776435136795,0.6021463871002197,0.5029681921005249,-0.031193364411592484,0.5891707539558411,0.548924446105957,-0.02260982058942318
0.5739237070083618,0.6959937214851379,7.468535727639392e-07,0.5309544801712036,0.6088488101959229,-0.034646037966012955,0.5339310169219971,0.47961246967315674,-0.041808195412158966,0.5732431411743164,0.3817542791366577,-0.047826461493968964,0.6006513833999634,0.3045237064361572,-0.05116564780473709,0.5410995483398438,0.4108613133430481,-0.006490383297204971,0.5513392090797424,0.29708051681518555,-0.023949509486556053,0.5651200413703918,0.23073187470436096,-0.03399021923542023,0.5820534825325012,0.1664099097251892,-0.03992234915494919,0.5878709554672241,0.4285319447517395,-0.001789156231097877,0.6346628069877625,0.3421064019203186,-0.030936723574995995,0.674892008304596,0.29360735416412354,-0.04766453430056572,0.7121380567550659,0.25439557433128357,-0.0538664348423481,0.6263800263404846,0.461188942193985,-0.00260672508738935,0.6577960252761841,0.4303240478038788,-0.05207009240984917,0.6306155920028687,0.5112823247909546,-0.060708217322826385,0.6115420460700989,0.5780963897705078,-0.050136007368564606,0.6614770889282227,0.4964410066604614,-0.005188383162021637,0.6729908585548401,0.4622032642364502,-0.047409411519765854,0.6480801105499268,0.5213687419891357,-0.05075974389910698,0.6299015283584595,0.5745152831077576,-0.041988857090473175
0.5837535858154297,0.7289285659790039,8.600086403021123e-07,0.5455451011657715,0.6382055878639221,-0.03914697468280792,0.5459796190261841,0.5116034150123596,-0.045293498784303665,0.5780918598175049,0.41353291273117065,-0.0493842177093029,0.6045411825180054,0.33133116364479065,-0.05042753368616104,0.5496424436569214,0.42852479219436646,0.002018991159275174,0.559058666229248,0.3194366693496704,-0.013586027547717094,0.5720357894897461,0.25297194719314575,-0.024084853008389473,0.5888130068778992,0.1902024745941162,-0.030406640842556953,0.5976130962371826,0.4485014081001282,0.009314158000051975,0.6461935639381409,0.36345916986465454,-0.016128024086356163,0.6861472129821777,0.30942535400390625,-0.033418335020542145,0.7242825031280518,0.2624649405479431,-0.04060591012239456,0.6362200975418091,0.48588597774505615,0.009580601938068867,0.673726499080658,0.45930060744285583,-0.039749033749103546,0.6455844640731812,0.5378621220588684,-0.050552722066640854,0.6249816417694092,0.5970390439033508,-0.04168554022908211,0.6695738434791565,0.5247389078140259,0.007735025137662888,0.6842580437660217,0.4896402657032013,-0.03602208197116852,0.6585494875907898,0.5553292036056519,-0.04022326320409775,0.6404101848602295,0.6091147065162659,-0.03190288692712784
0.5712635517120361,0.6976377367973328,7.518841016462829e-07,0.5216487050056458,0.6124098300933838,-0.028236642479896545,0.5141077637672424,0.48942214250564575,-0.03170095384120941,0.54216068983078,0.395479679107666,-0.03579329699277878,0.562852144241333,0.32075488567352295,-0.036273084580898285,0.5218248963356018,0.42201733589172363,0.00620444118976593,0.5217655897140503,0.3124360740184784,-0.009444111958146095,0.5268111228942871,0.24728670716285706,-0.01964634843170643,0.5349766612052917,0.18680253624916077,-0.02572540007531643,0.5695797204971313,0.4332456886768341,0.007702619768679142,0.5996274352073669,0.3423159122467041,-0.017628708854317665,0.629518449306488,0.28142309188842773,-0.033479638397693634,0.6595265865325928,0.23050743341445923,-0.03946604207158089,0.61050945520401,0.4624239504337311,0.0033338270150125027,0.6254998445510864,0.4334239363670349,-0.03727122023701668,0.6068252325057983,0.5082796216011047,-0.03948517516255379,0.5957521200180054,0.5651247501373291,-0.026747237890958786,0.6492424607276917,0.496042937040329,-0.003550328779965639,0.6509948968887329,0.46373072266578674,-0.035218868404626846,0.6307698488235474,0.52149897813797,-0.03204183652997017,0.61968994140625,0.5671447515487671,-0.02039794623851776
0.5489218831062317,0.6754373908042908,7.952110081532737e-07,0.48540765047073364,0.6006982326507568,-0.025360824540257454,0.46144014596939087,0.49458828568458557,-0.023302370682358742,0.4759593605995178,0.4000400900840759,-0.022467562928795815,0.48554545640945435,0.32889023423194885,-0.019018935039639473,0.4554530382156372,0.4497776925563812,0.023350417613983154,0.4409424066543579,0.3430215120315552,0.01547306589782238,0.43890196084976196,0.2783890664577484,0.00888345018029213,0.43954992294311523,0.21961361169815063,0.005510999821126461,0.5016430616378784,0.45249977707862854,0.026810916140675545,0.5197381973266602,0.3504692614078522,0.010984307155013084,0.5380083918571472,0.28187990188598633,-0.0030678517650812864,0.5572100877761841,0.2252541482448578,-0.008497623726725578,0.543541669845581,0.4720081090927124,0.023669447749853134,0.5523494482040405,0.42800673842430115,-0.01293327659368515,0.5474831461906433,0.49659183621406555,-0.023193184286355972,0.5489428043365479,0.5515418648719788,-0.016148580238223076,0.5807257890701294,0.49359363317489624,0.01889037899672985,0.5747057795524597,0.453960120677948,-0.011574706993997097,0.5651744604110718,0.5066170692443848,-0.013846857473254204,0.5637450814247131,0.5525774955749512,-0.006528728641569614
0.5413597822189331,0.6623684167861938,7.450782959494973e-07,0.4829392731189728,0.5981659889221191,-0.026537179946899414,0.4565882384777069,0.49813440442085266,-0.027088159695267677,0.46554243564605713,0.40981608629226685,-0.027307933196425438,0.47197702527046204,0.343167245388031,-0.02446754276752472,0.44887733459472656,0.4512571692466736,0.010768258012831211,0.42856281995773315,0.34699615836143494,0.003122005145996809,0.4224238395690918,0.2849050760269165,-0.002252918668091297,0.4195701479911804,0.22746248543262482,-0.0055131809785962105,0.4923228323459625,0.45045146346092224,0.015244289301335812,0.506401777267456,0.3501969575881958,-0.0008222212200053036,0.5207619667053223,0.28429749608039856,-0.013758432120084763,0.5353121757507324,0.228321373462677,-0.01956966333091259,0.5314522981643677,0.4673324525356293,0.014301118440926075,0.5446792840957642,0.4200473725795746,-0.020489918068051338,0.541877806186676,0.48664772510528564,-0.028844259679317474,0.542224109172821,0.5413645505905151,-0.02237543649971485,0.5662661194801331,0.486651748418808,0.011697611771523952,0.5669785141944885,0.4465932846069336,-0.018992962315678596,0.5602993369102478,0.49613213539123535,-0.02186729572713375,0.5574949383735657,0.540908694267273,-0.01587715558707714
0.5499427318572998,0.6713290214538574,7.411270530610636e-07,0.49261540174484253,0.6058899164199829,-0.028737135231494904,0.46615034341812134,0.5098536610603333,-0.02852078340947628,0.47585535049438477,0.42481908202171326,-0.027636082842946053,0.4818148612976074,0.3588573634624481,-0.023839782923460007,0.45784151554107666,0.46418866515159607,0.013338221237063408,0.4398234784603119,0.3610292375087738,0.007553553208708763,0.4337819218635559,0.30250129103660583,0.004165852442383766,0.4298632740974426,0.24721647799015045,0.0026389239355921745,0.4991646707057953,0.46294862031936646,0.01981051079928875,0.5112183094024658,0.3630901277065277,0.0047463783994317055,0.5246419310569763,0.29553812742233276,-0.007307198364287615,0.5387611389160156,0.2400951385498047,-0.01167264673858881,0.5368870496749878,0.47849151492118835,0.02029745653271675,0.5496866703033447,0.4290581941604614,-0.015688730403780937,0.5503410696983337,0.49529775977134705,-0.026388395577669144,0.5527734756469727,0.5480972528457642,-0.02040168270468712,0.5705978870391846,0.49688541889190674,0.019210053607821465,0.5723404288291931,0.4569226801395416,-0.012608860619366169,0.5680669546127319,0.508319616317749,-0.017269987612962723,0.5666449666023254,0.5524105429649353,-0.011979853734374046
0.5567179918289185,0.6748430728912354,7.594015869472059e-07,0.5017836093902588,0.6127990484237671,-0.03132457658648491,0.47557148337364197,0.5150927901268005,-0.032348502427339554,0.4840751588344574,0.43000149726867676,-0.03176264837384224,0.4880713224411011,0.3614908754825592,-0.02819756790995598,0.46395784616470337,0.46216675639152527,0.01070368755608797,0.44689324498176575,0.3612472414970398,0.004966412670910358,0.4422823190689087,0.30223748087882996,0.0018310167361050844,0.439269095659256,0.24836920201778412,0.0006956026190891862,0.5060111880302429,0.4641083776950836,0.018596770241856575,0.5211181044578552,0.36415863037109375,0.0053935544565320015,0.5364434123039246,0.2996235489845276,-0.0051152403466403484,0.5512519478797913,0.24594610929489136,-0.008552426472306252,0.5431328415870667,0.4822531044483185,0.020275883376598358,0.5595139265060425,0.4366972744464874,-0.013814592733979225,0.5596218109130859,0.5021209716796875,-0.02365143410861492,0.5608189105987549,0.5518409609794617,-0.01769487001001835,0.5757548809051514,0.5025787949562073,0.020172469317913055,0.579663097858429,0.46885326504707336,-0.010274434462189674,0.5751703381538391,0.5214372873306274,-0.014315751381218433,0.5730049014091492,0.5637649297714233,-0.008887046948075294
0.569206178188324,0.6939284801483154,7.162814199546119e-07,0.528706431388855,0.6153703927993774,-0.03469328209757805,0.5088868141174316,0.5082854628562927,-0.031051145866513252,0.5103836059570312,0.42724868655204773,-0.024317607283592224,0.4987557828426361,0.36059999465942383,-0.014066267758607864,0.4824639558792114,0.47145065665245056,0.01625915803015232,0.4664548337459564,0.3768864870071411,0.01179345790296793,0.4628758430480957,0.3196154832839966,0.008592466823756695,0.45964497327804565,0.26600784063339233,0.007217686157673597,0.5232433080673218,0.4755376875400543,0.027631325647234917,0.5398264527320862,0.38574349880218506,0.014445464126765728,0.5632275342941284,0.32717961072921753,0.0027710285503417253,0.5848488807678223,0.2752506136894226,-0.0007816916331648827,0.5598011016845703,0.49402230978012085,0.0319954939186573,0.5805708765983582,0.4543665647506714,-0.001285472884774208,0.5824863910675049,0.5175001621246338,-0.011746841482818127,0.582694411277771,0.56022709608078,-0.0060728383250534534,0.5915257930755615,0.5138329267501831,0.03402173891663551,0.5997558236122131,0.4835209548473358,0.0034024391788989305,0.5969525575637817,0.5354651212692261,-0.0022124461829662323,0.5946434140205383,0.5717542767524719,0.002331182360649109
0.5693103671073914,0.7243391275405884,7.600777962579741e-07,0.5347012877464294,0.6205517053604126,-0.04101394861936569,0.52098548412323,0.5084486603736877,-0.029984325170516968,0.5190850496292114,0.42786872386932373,-0.013067403808236122,0.5033150315284729,0.36015254259109497,0.0092241782695055,0.49289774894714355,0.4860512614250183,0.03607895225286484,0.48403918743133545,0.3959958553314209,0.04311426356434822,0.48639026284217834,0.3412861227989197,0.04380045831203461,0.49056920409202576,0.2879929542541504,0.04347912594676018,0.5337016582489014,0.4929218590259552,0.0567505806684494,0.5563512444496155,0.4118391275405884,0.054091595113277435,0.5850009322166443,0.3531278967857361,0.04109140485525131,0.6117115616798401,0.30432257056236267,0.034429218620061874,0.5705040097236633,0.5148879885673523,0.0683036595582962,0.5917163491249084,0.46909859776496887,0.03893313929438591,0.5920486450195312,0.5275343656539917,0.017261842265725136,0.5899744629859924,0.571605920791626,0.014629623852670193,0.6025876998901367,0.5337507724761963,0.07767058908939362,0.6110430955886841,0.4924803674221039,0.04678605496883392,0.6071197986602783,0.5384585857391357,0.031152555719017982,0.6039784550666809,0.5754762887954712,0.027729220688343048
