0.7167333364486694,0.9671462774276733,-1.189571321447147e-07,0.651665449142456,0.9213932156562805,-0.04222488030791283,0.5953550338745117,0.8339484930038452,-0.06769160181283951,0.5477291345596313,0.7661360502243042,-0.09181030094623566,0.49598631262779236,0.7273460626602173,-0.1147073283791542,0.6680583357810974,0.7060167789459229,-0.039100032299757004,0.6627038717269897,0.5895165205001831,-0.07019592076539993,0.66184401512146,0.5257897973060608,-0.0877094641327858,0.6638050675392151,0.4689958095550537,-0.10019189864397049,0.7189011573791504,0.7180917263031006,-0.04041744023561478,0.7533568739891052,0.65479975938797,-0.10152728110551834,0.7649637460708618,0.73902827501297,-0.11834052950143814,0.7625502943992615,0.8057618141174316,-0.11369925737380981,0.7624911069869995,0.7470614910125732,-0.046019889414310455,0.795644223690033,0.7160546779632568,-0.10436740517616272,0.7983608841896057,0.7872424125671387,-0.10293617099523544,0.7880623936653137,0.8387749195098877,-0.08523042500019073,0.7988691329956055,0.7861036658287048,-0.05444692075252533,0.8299108147621155,0.7526170015335083,-0.09220313280820847,0.8289134502410889,0.7998509407043457,-0.08776203542947769,0.8166018128395081,0.8392407894134521,-0.07434660941362381
0.7229034900665283,0.7789421081542969,2.7764158971876896e-07,0.6562408208847046,0.7307095527648926,-0.033458977937698364,0.5897006988525391,0.6666866540908813,-0.05284798890352249,0.5317782163619995,0.624323308467865,-0.07150711864233017,0.48256537318229675,0.6066970229148865,-0.08956879377365112,0.6329475045204163,0.5317480564117432,-0.023865828290581703,0.6058086156845093,0.4380861520767212,-0.04589270055294037,0.5934998989105225,0.3791089951992035,-0.060528744012117386,0.5858357548713684,0.3236581087112427,-0.07232490181922913,0.681690514087677,0.5237197279930115,-0.026111599057912827,0.6972293257713318,0.43425512313842773,-0.07065703719854355,0.71820467710495,0.49728327989578247,-0.08666334301233292,0.7260473966598511,0.5543901920318604,-0.08524730056524277,0.7273128628730774,0.5394047498703003,-0.031996194273233414,0.7524561882019043,0.4807068705558777,-0.07669948041439056,0.7648050785064697,0.5407348871231079,-0.07929053157567978,0.7624874711036682,0.5896432995796204,-0.06771799176931381,0.7663511633872986,0.5722171664237976,-0.039932843297719955,0.7896411418914795,0.5235486030578613,-0.06920159608125687,0.7974016666412354,0.5599291324615479,-0.06716905534267426,0.7941288948059082,0.5956867933273315,-0.05783580616116524
0.7000100612640381,0.6204484701156616,3.613449734984897e-07,0.6349489092826843,0.5911447405815125,-0.040266700088977814,0.5710641145706177,0.5386224389076233,-0.062243103981018066,0.5127499103546143,0.5011915564537048,-0.0824672058224678,0.45893746614456177,0.48492544889450073,-0.10161016881465912,0.607941210269928,0.39783284068107605,-0.026218673214316368,0.5777438282966614,0.3109036087989807,-0.048539403825998306,0.5655513405799866,0.25917133688926697,-0.06294368952512741,0.5587034821510315,0.21066415309906006,-0.07381805032491684,0.6538524031639099,0.38841500878334045,-0.026020720601081848,0.6612277626991272,0.2939806580543518,-0.07362674176692963,0.6884921193122864,0.3412947654724121,-0.09270414710044861,0.7057203650474548,0.3944387435913086,-0.0917893797159195,0.6955136060714722,0.4015355706214905,-0.030064139515161514,0.7240497469902039,0.34015530347824097,-0.08276969939470291,0.7423655390739441,0.3973155617713928,-0.09134932607412338,0.7453328371047974,0.45212626457214355,-0.0805797353386879,0.7302366495132446,0.4299840033054352,-0.03612270951271057,0.7564372420310974,0.3852018117904663,-0.07493504881858826,0.7669463157653809,0.4198375642299652,-0.07908252626657486,0.7657628655433655,0.46160709857940674,-0.07158452272415161
0.6649081707000732,0.5865533351898193,2.0232394604136061e-07,0.6004629135131836,0.5614897012710571,-0.04083721712231636,0.53423011302948,0.5038192272186279,-0.060568489134311676,0.47650769352912903,0.46329250931739807,-0.07764352858066559,0.4259127974510193,0.44908639788627625,-0.09316176921129227,0.5728927254676819,0.3612367510795593,-0.024954108521342278,0.5473781228065491,0.27433815598487854,-0.04445092752575874,0.5358048677444458,0.22616896033287048,-0.05659015104174614,0.5298291444778442,0.18089045584201813,-0.06658031791448593,0.6192233562469482,0.3529089689254761,-0.023406807333230972,0.6290779709815979,0.2547643780708313,-0.06551829725503922,0.651373028755188,0.30382436513900757,-0.08063223958015442,0.6632917523384094,0.3564419746398926,-0.07850909233093262,0.661706268787384,0.3669392466545105,-0.026424311101436615,0.6889871954917908,0.30202969908714294,-0.07249446958303452,0.700903594493866,0.3608028292655945,-0.0786142647266388,0.6984204649925232,0.41358640789985657,-0.06882280856370926,0.6992509365081787,0.3950013518333435,-0.03204166516661644,0.7240994572639465,0.3513224124908447,-0.0663062036037445,0.7253010869026184,0.39096134901046753,-0.07050959765911102,0.7156206965446472,0.43358227610588074,-0.0651368796825409
0.6633870601654053,0.5842559337615967,1.9212492929909786e-07,0.599284291267395,0.5589163303375244,-0.042565543204545975,0.5334423780441284,0.5027194023132324,-0.06416106224060059,0.474869042634964,0.4619588255882263,-0.0836242064833641,0.42348140478134155,0.4462326765060425,-0.1017598807811737,0.5718061923980713,0.35965630412101746,-0.027927981689572334,0.5431652069091797,0.2689286768436432,-0.05177874118089676,0.5307098627090454,0.21762216091156006,-0.06675435602664948,0.5244626402854919,0.1702519953250885,-0.07801096141338348,0.6187390089035034,0.35091590881347656,-0.026177452877163887,0.6316917538642883,0.254443883895874,-0.07710546255111694,0.6510810256004333,0.31224310398101807,-0.09574040025472641,0.6603423953056335,0.37091177701950073,-0.09366652369499207,0.6613213419914246,0.36387699842453003,-0.02878505177795887,0.6886609196662903,0.30118733644485474,-0.08351358026266098,0.6972686648368835,0.36917054653167725,-0.08970166742801666,0.6937662363052368,0.42957594990730286,-0.07671952247619629,0.6974301934242249,0.3905082046985626,-0.033730339258909225,0.7215450406074524,0.346101850271225,-0.07314490526914597,0.7252570986747742,0.3882594108581543,-0.07574820518493652,0.7204831838607788,0.4324154555797577,-0.06702900677919388
0.6650069952011108,0.5886844992637634,-3.043274787728478e-08,0.5950377583503723,0.5635809898376465,-0.03521859273314476,0.5263757109642029,0.5092490315437317,-0.055721089243888855,0.4711631238460541,0.46477293968200684,-0.07607294619083405,0.4223008155822754,0.4419781267642975,-0.09519433230161667,0.5652123689651489,0.36943817138671875,-0.021052762866020203,0.5495119690895081,0.282433420419693,-0.047108013182878494,0.5449015498161316,0.23232562839984894,-0.06263874471187592,0.5441182255744934,0.1874890774488449,-0.07439573854207993,0.612655758857727,0.3635779023170471,-0.022967012599110603,0.6310540437698364,0.29616132378578186,-0.07336796820163727,0.6378223299980164,0.38247132301330566,-0.08387342840433121,0.6325177550315857,0.4336588978767395,-0.0780268982052803,0.6574145555496216,0.37398016452789307,-0.03006681427359581,0.6796485185623169,0.3228897750377655,-0.08040735870599747,0.6745750904083252,0.40064170956611633,-0.0733342245221138,0.6606394052505493,0.4464763104915619,-0.05484465882182121,0.6968451738357544,0.396730899810791,-0.03977784141898155,0.7131169438362122,0.35315972566604614,-0.07115934044122696,0.7042151689529419,0.4037505090236664,-0.06353557109832764,0.6902529001235962,0.4360623359680176,-0.05007941648364067
0.6482129096984863,0.6147292852401733,-1.613755102880532e-07,0.5826070308685303,0.5753994584083557,-0.022905630990862846,0.528708815574646,0.4953104257583618,-0.03608661890029907,0.48698240518569946,0.4380457103252411,-0.05068405345082283,0.45010003447532654,0.4061064124107361,-0.0656595379114151,0.5897056460380554,0.3721473217010498,-0.020392876118421555,0.6028148531913757,0.2744942903518677,-0.049706220626831055,0.6115796566009521,0.21706202626228333,-0.06904066354036331,0.618889570236206,0.16456161439418793,-0.0829918161034584,0.6345459818840027,0.3851723074913025,-0.025497715920209885,0.6532885432243347,0.34504592418670654,-0.07658862322568893,0.6415495872497559,0.43422579765319824,-0.08825432509183884,0.6266438961029053,0.47666895389556885,-0.08470433950424194,0.6764736175537109,0.4089183807373047,-0.034106943756341934,0.6951034069061279,0.37741202116012573,-0.08401582390069962,0.6749460697174072,0.4603709876537323,-0.07506649196147919,0.6537755727767944,0.4928499460220337,-0.05645361170172691,0.7118318676948547,0.4396028220653534,-0.044042617082595825,0.733446478843689,0.40490439534187317,-0.07430212199687958,0.7119632363319397,0.4605252146720886,-0.06355437636375427,0.6905412673950195,0.4844819903373718,-0.048180948942899704
0.6552248001098633,0.6243112087249756,-1.7067227986444777e-07,0.5960971117019653,0.5775353908538818,-0.025944679975509644,0.5478349924087524,0.4870426058769226,-0.040410540997982025,0.5076252222061157,0.4252801537513733,-0.0558258593082428,0.4727483093738556,0.3896874487400055,-0.07134424895048141,0.6196519732475281,0.3765706419944763,-0.024477243423461914,0.643466591835022,0.27739375829696655,-0.054476600140333176,0.6610732078552246,0.22028183937072754,-0.07312317192554474,0.6770411729812622,0.1682230681180954,-0.08644472062587738,0.6623651385307312,0.39645829796791077,-0.02829831652343273,0.6871722936630249,0.3744503855705261,-0.08065918833017349,0.6645061373710632,0.4581811726093292,-0.09290242195129395,0.6438802480697632,0.49165618419647217,-0.08953334391117096,0.70234614610672,0.4273069500923157,-0.03577328473329544,0.724085807800293,0.41560491919517517,-0.08677274733781815,0.6959172487258911,0.49049025774002075,-0.07930658757686615,0.6730009317398071,0.5107308626174927,-0.061495568603277206,0.736183762550354,0.46409040689468384,-0.044796209782361984,0.7593753337860107,0.4443984031677246,-0.07510849088430405,0.7337855696678162,0.49500739574432373,-0.06485132873058319,0.7119637131690979,0.5103795528411865,-0.04961163550615311
0.6823930144309998,0.6364856958389282,-1.0670932226730656e-07,0.6250673532485962,0.5905539989471436,-0.0338132306933403,0.5752444267272949,0.5053552985191345,-0.05616083741188049,0.527965784072876,0.4448114037513733,-0.07879789173603058,0.48741838335990906,0.4075452387332916,-0.10092140734195709,0.6440361738204956,0.3877699673175812,-0.037886183708906174,0.6624702215194702,0.2810571789741516,-0.07557316869497299,0.6779064536094666,0.21603891253471375,-0.09810350090265274,0.6939737796783447,0.15799829363822937,-0.11335834115743637,0.6882812976837158,0.4077957570552826,-0.03939687833189964,0.7159625291824341,0.39509546756744385,-0.0971817597746849,0.6942934393882751,0.4812558591365814,-0.10812206566333771,0.6737640500068665,0.508277416229248,-0.10334684699773788,0.7302883267402649,0.4394281208515167,-0.045415908098220825,0.7537506818771362,0.4357984960079193,-0.10142800956964493,0.7259365320205688,0.5087738037109375,-0.09191332012414932,0.7024227380752563,0.5225993394851685,-0.0720847100019455,0.7649429440498352,0.4766058623790741,-0.05374499782919884,0.7916003465652466,0.46017134189605713,-0.08749229460954666,0.7644100189208984,0.5116854906082153,-0.07628762722015381,0.739859938621521,0.5255594849586487,-0.05962652340531349
0.7155176401138306,0.6014558672904968,8.271195639508733e-08,0.6617479920387268,0.5828269720077515,-0.05178581178188324,0.6038646697998047,0.5360872745513916,-0.08895379304885864,0.5485101342201233,0.5041582584381104,-0.12367697805166245,0.49457719922065735,0.49140214920043945,-0.15724995732307434,0.636425793170929,0.386425644159317,-0.061782073229551315,0.6294056177139282,0.27654391527175903,-0.10410881787538528,0.630916953086853,0.2042149007320404,-0.1263616681098938,0.6315346956253052,0.14250323176383972,-0.1399325132369995,0.6786469221115112,0.3847503364086151,-0.05600365996360779,0.7139686942100525,0.3634031116962433,-0.11569744348526001,0.7157585024833679,0.4565678536891937,-0.12267517298460007,0.6982915997505188,0.4870755076408386,-0.11441958695650101,0.721470057964325,0.3938846290111542,-0.055968280881643295,0.7512712478637695,0.3767946660518646,-0.11696122586727142,0.7444123029708862,0.460910439491272,-0.10606414824724197,0.7210477590560913,0.4858054220676422,-0.08423938602209091,0.7593580484390259,0.4096332788467407,-0.05945481359958649,0.7891631126403809,0.38451939821243286,-0.09833977371454239,0.7786647081375122,0.4454469382762909,-0.08819720894098282,0.7546544075012207,0.4706580340862274,-0.07134571671485901
0.7174314260482788,0.5503782033920288,2.727558126025542e-07,0.6680987477302551,0.5513970851898193,-0.07391979545354843,0.61252760887146,0.5261193513870239,-0.12393755465745926,0.5590208768844604,0.5073264241218567,-0.16762062907218933,0.5033294558525085,0.505812406539917,-0.20997056365013123,0.6151036620140076,0.3726103603839874,-0.08624834567308426,0.5971885919570923,0.26814013719558716,-0.13515648245811462,0.5873925089836121,0.19640794396400452,-0.15802358090877533,0.5810018181800842,0.1368604600429535,-0.17030586302280426,0.6562002301216125,0.3608231246471405,-0.07036961615085602,0.6901317834854126,0.3274672329425812,-0.13344508409500122,0.7048211097717285,0.41945523023605347,-0.13482867181301117,0.6927671432495117,0.44814828038215637,-0.12131617218255997,0.6977159380912781,0.35802724957466125,-0.06251377612352371,0.7274881601333618,0.33252134919166565,-0.12804149091243744,0.7330324649810791,0.4175945818424225,-0.11362244933843613,0.7136352062225342,0.44425168633461,-0.08816851675510406,0.732964813709259,0.3616666793823242,-0.05996683984994888,0.7580180764198303,0.3311903476715088,-0.10153113305568695,0.7603633999824524,0.39065685868263245,-0.09104939550161362,0.7455467581748962,0.4180310070514679,-0.0735246017575264
0.7299364805221558,0.533667266368866,2.62432024555892e-07,0.6865839958190918,0.5383777022361755,-0.07650873810052872,0.6339364051818848,0.515724241733551,-0.12670011818408966,0.5829612016677856,0.498665988445282,-0.16987933218479156,0.5298394560813904,0.5010831356048584,-0.2109888345003128,0.6297158002853394,0.3607582151889801,-0.08752821385860443,0.6097584366798401,0.2571566700935364,-0.1346561461687088,0.5986170172691345,0.18410618603229523,-0.15487979352474213,0.592147946357727,0.12279991805553436,-0.1651490032672882,0.6670342087745667,0.3451898992061615,-0.06933186948299408,0.7064396142959595,0.3142969608306885,-0.12871026992797852,0.7215902805328369,0.4012351632118225,-0.1268494576215744,0.7091140151023865,0.42712533473968506,-0.11175164580345154,0.7063843607902527,0.3394143581390381,-0.0596306249499321,0.7429590225219727,0.32122793793678284,-0.12211237847805023,0.7482645511627197,0.40012529492378235,-0.10827942937612534,0.7275103330612183,0.4215661287307739,-0.08416619151830673,0.7411398887634277,0.33839014172554016,-0.05566542595624924,0.7692170143127441,0.31091320514678955,-0.09443305432796478,0.7711940407752991,0.36832356452941895,-0.08496091514825821,0.754887580871582,0.39524051547050476,-0.06906168162822723
0.7454028129577637,0.5355770587921143,2.555628384470765e-07,0.7000463008880615,0.5364425778388977,-0.07198530435562134,0.6462622880935669,0.5106225609779358,-0.12007752060890198,0.5938704013824463,0.4884069263935089,-0.1619211882352829,0.5398877859115601,0.4870479702949524,-0.201896533370018,0.6446739435195923,0.35492104291915894,-0.08251876384019852,0.6273878812789917,0.24751824140548706,-0.12802116572856903,0.6171478629112244,0.17239762842655182,-0.1488390415906906,0.6116297841072083,0.11094111204147339,-0.15990780293941498,0.6829288601875305,0.3400065004825592,-0.06644346565008163,0.723477840423584,0.3082050681114197,-0.12634079158306122,0.7377022504806519,0.39681923389434814,-0.12717805802822113,0.7259224653244019,0.4279923141002655,-0.11363197863101959,0.722629725933075,0.3349827826023102,-0.05796026811003685,0.7590689063072205,0.31479963660240173,-0.11988451331853867,0.7636725306510925,0.3946300745010376,-0.10623223334550858,0.7441391348838806,0.4225713014602661,-0.08195184171199799,0.757416307926178,0.3365262746810913,-0.05480188503861427,0.7855521440505981,0.3082614839076996,-0.09355021268129349,0.787502646446228,0.3653940260410309,-0.08323526382446289,0.772038996219635,0.3948025405406952,-0.06605571508407593
0.7394206523895264,0.5514832735061646,1.5084987126101623e-07,0.6934890151023865,0.5488173365592957,-0.06468464434146881,0.6368107795715332,0.5178534388542175,-0.10704056173563004,0.5813935399055481,0.49487730860710144,-0.1443493813276291,0.527201771736145,0.4928548336029053,-0.1801404058933258,0.6376383304595947,0.36929354071617126,-0.07513971626758575,0.6187118291854858,0.25982847809791565,-0.11884180456399918,0.6084927320480347,0.18684042990207672,-0.13909710943698883,0.6021766066551208,0.12609350681304932,-0.14993993937969208,0.6751892566680908,0.35440200567245483,-0.061799969524145126,0.7183405756950378,0.3190367817878723,-0.12180975079536438,0.7315487861633301,0.40867963433265686,-0.1251687854528427,0.7177624702453613,0.4437178373336792,-0.11329203844070435,0.713638424873352,0.3492515981197357,-0.05518544837832451,0.753370463848114,0.3263413906097412,-0.1175808310508728,0.7571079134941101,0.40768226981163025,-0.10642775893211365,0.7363681793212891,0.4376981258392334,-0.08329857885837555,0.7485836148262024,0.3509831428527832,-0.052983783185482025,0.7763022780418396,0.3187307119369507,-0.09185341000556946,0.779041051864624,0.37526828050613403,-0.08206970244646072,0.7644849419593811,0.405448317527771,-0.06499781459569931
0.7266452312469482,0.5372785925865173,2.409081503174093e-07,0.681535005569458,0.5350138545036316,-0.07285301387310028,0.6263655424118042,0.5053920745849609,-0.11951102316379547,0.5715981721878052,0.481352299451828,-0.15981383621692657,0.5139955878257751,0.47652411460876465,-0.19810065627098083,0.6226364374160767,0.3561699688434601,-0.07772137969732285,0.6029030680656433,0.251911461353302,-0.12160198390483856,0.59210205078125,0.17925453186035156,-0.14135268330574036,0.5865698456764221,0.11965504288673401,-0.15163299441337585,0.660637617111206,0.3431383967399597,-0.06091533601284027,0.7006605863571167,0.30830633640289307,-0.12165240198373795,0.7161425948143005,0.3980068862438202,-0.12385150045156479,0.7045497894287109,0.43139776587486267,-0.1102881208062172,0.6997211575508118,0.33829113841056824,-0.05205271393060684,0.7354983687400818,0.3151423931121826,-0.1157190278172493,0.7411256432533264,0.3969764709472656,-0.10391796380281448,0.7219265103340149,0.42604947090148926,-0.07983732968568802,0.7338375449180603,0.3393402695655823,-0.04840664565563202,0.7617815136909485,0.3112278878688812,-0.08945339173078537,0.7643961310386658,0.36940258741378784,-0.08119422942399979,0.7486604452133179,0.3993089497089386,-0.06485139578580856
0.7074752449989319,0.5357756018638611,8.026667330796045e-08,0.652362585067749,0.5281313061714172,-0.05310998484492302,0.5913278460502625,0.492095410823822,-0.08940697461366653,0.5324752330780029,0.46605291962623596,-0.12292960286140442,0.47755545377731323,0.45779627561569214,-0.15530280768871307,0.6059499382972717,0.3493083417415619,-0.06199868768453598,0.5859212875366211,0.24207112193107605,-0.10472624003887177,0.5755539536476135,0.17232449352741241,-0.1278027445077896,0.5678138732910156,0.1119047999382019,-0.14204716682434082,0.6475672721862793,0.33825480937957764,-0.05566457659006119,0.6756711006164551,0.30566608905792236,-0.11767877638339996,0.6890660524368286,0.3943125605583191,-0.12688836455345154,0.6801900267601013,0.43229764699935913,-0.1195954903960228,0.6896052360534668,0.3366107940673828,-0.05516188591718674,0.7150890827178955,0.3129272758960724,-0.11792878806591034,0.7188006639480591,0.39511749148368835,-0.10854550451040268,0.7018334269523621,0.4280318021774292,-0.08686495572328568,0.7280036807060242,0.3421262502670288,-0.058307960629463196,0.7517181634902954,0.30899739265441895,-0.0989547148346901,0.7501512765884399,0.3675885796546936,-0.09046964347362518,0.7329550385475159,0.39897018671035767,-0.0742417573928833
0.6917178630828857,0.5495967864990234,-2.719266092299222e-07,0.6329241991043091,0.5208023190498352,-0.01448171678930521,0.5757342576980591,0.4518793821334839,-0.025582659989595413,0.5342587232589722,0.41012969613075256,-0.039967481046915054,0.5008144974708557,0.38891521096229553,-0.05442006140947342,0.6208370327949524,0.33968237042427063,-0.024429433047771454,0.6084381937980652,0.22925622761249542,-0.056675154715776443,0.6019420027732849,0.16280809044837952,-0.07379016280174255,0.5996861457824707,0.10393115878105164,-0.08531435579061508,0.6625020503997803,0.34058165550231934,-0.03247533366084099,0.6532392501831055,0.3175198435783386,-0.07837042212486267,0.6533059477806091,0.400296151638031,-0.08042886853218079,0.6579928398132324,0.4250546097755432,-0.07214964926242828,0.7039974927902222,0.35231009125709534,-0.04406031593680382,0.6900628209114075,0.3421827554702759,-0.08565200865268707,0.6829737424850464,0.4143117368221283,-0.06970836222171783,0.6837043762207031,0.4253688156604767,-0.04949960485100746,0.7447274327278137,0.3708716630935669,-0.05725220590829849,0.7314631938934326,0.3531753122806549,-0.07945273816585541,0.7141966223716736,0.40286001563072205,-0.06554166227579117,0.7088238596916199,0.4157542884349823,-0.04999054595828056
0.617280900478363,0.5882923603057861,-3.1019948210087023e-07,0.6023790836334229,0.4984875023365021,0.02994062937796116,0.5915666818618774,0.42430633306503296,0.01961635984480381,0.5697875022888184,0.3738235533237457,-0.001053647487424314,0.5493664741516113,0.345215380191803,-0.023743880912661552,0.6585569381713867,0.36022287607192993,-0.005131502635776997,0.6375364661216736,0.2526091933250427,-0.02363918535411358,0.6270578503608704,0.18664522469043732,-0.03591218218207359,0.6184360980987549,0.1266505867242813,-0.04784658923745155,0.6541873216629028,0.3758040964603424,-0.033952999860048294,0.5637697577476501,0.3344493508338928,-0.05426522716879845,0.559557318687439,0.3857351243495941,-0.049232032150030136,0.5823076963424683,0.409145712852478,-0.04744348302483559,0.6324049234390259,0.3977987766265869,-0.060592394322156906,0.5462244749069214,0.36443543434143066,-0.06843005120754242,0.545563280582428,0.41144102811813354,-0.04772258922457695,0.5699679851531982,0.4315078854560852,-0.03885355591773987,0.6044167280197144,0.4178679883480072,-0.08665589988231659,0.5384119153022766,0.39532071352005005,-0.09027615189552307,0.5354987978935242,0.4336380362510681,-0.07803579419851303,0.5543558597564697,0.45167189836502075,-0.071263886988163
0.5003021359443665,0.6082721948623657,-5.3003446076616e-09,0.559471070766449,0.5738587975502014,-0.001170649309642613,0.6133589148521423,0.5210287570953369,-0.013165799900889397,0.6641671657562256,0.48199039697647095,-0.02608676254749298,0.7103848457336426,0.4731317460536957,-0.04169703647494316,0.5867059826850891,0.41836756467819214,-0.038225773721933365,0.5954515337944031,0.3005380630493164,-0.0529690682888031,0.594315767288208,0.2267666459083557,-0.06098562106490135,0.5910640954971313,0.171904519200325,-0.06673689186573029,0.5506076216697693,0.4024481177330017,-0.04156194627285004,0.5194059610366821,0.37495917081832886,-0.048400603234767914,0.5145136713981628,0.4094206988811493,-0.03849008306860924,0.5229473114013672,0.4381954073905945,-0.0339803509414196,0.5068172216415405,0.4089476764202118,-0.04296082258224487,0.4794372320175171,0.3902677297592163,-0.048806510865688324,0.4765019714832306,0.42014187574386597,-0.03484795242547989,0.4851672649383545,0.4468170702457428,-0.027321191504597664,0.4641681909561157,0.4187530279159546,-0.044020283967256546,0.44548869132995605,0.39978253841400146,-0.04276082664728165,0.44614773988723755,0.43184781074523926,-0.027240807190537453,0.45306581258773804,0.45893990993499756,-0.015856638550758362
0.42925697565078735,0.617044985294342,4.0068940165838285e-08,0.5015295147895813,0.5978395938873291,0.0009350343025289476,0.5590205192565918,0.5572285652160645,-0.012923185713589191,0.6158890724182129,0.5142750144004822,-0.0277103241533041,0.6679857969284058,0.5124984979629517,-0.04553963616490364,0.5238643884658813,0.4314020574092865,-0.04189691320061684,0.5316283106803894,0.3077237010002136,-0.05788899585604668,0.5302465558052063,0.22983574867248535,-0.06917136162519455,0.5280911326408386,0.17350533604621887,-0.07638378441333771,0.4810400605201721,0.3999023735523224,-0.04222337156534195,0.4680798053741455,0.395168662071228,-0.04082390293478966,0.4659879207611084,0.4283974766731262,-0.02704716846346855,0.46738043427467346,0.45858368277549744,-0.021470114588737488,0.4326517879962921,0.40484118461608887,-0.04005274549126625,0.4306061863899231,0.4139029085636139,-0.03903745487332344,0.43059059977531433,0.440640926361084,-0.026876317337155342,0.43070244789123535,0.46849125623703003,-0.021534090861678123,0.38817042112350464,0.4156254231929779,-0.03710378706455231,0.3888838291168213,0.4183090329170227,-0.027332507073879242,0.39373791217803955,0.4465143382549286,-0.011879557743668556,0.3976040482521057,0.4730924069881439,-0.0018868480110540986
0.45165982842445374,0.5965163707733154,7.243717448091047e-08,0.5251680612564087,0.5883554220199585,-0.006507785525172949,0.585940420627594,0.5487536787986755,-0.021891500800848007,0.6430798172950745,0.5078306198120117,-0.037244971841573715,0.6931420564651489,0.5089647769927979,-0.05485168471932411,0.5521706938743591,0.41965118050575256,-0.0440063439309597,0.563636302947998,0.30143433809280396,-0.05806417390704155,0.563452959060669,0.22669561207294464,-0.06764962524175644,0.5631372928619385,0.17270413041114807,-0.07473894953727722,0.5110748410224915,0.38551732897758484,-0.043231502175331116,0.4998312294483185,0.3900378942489624,-0.0461428239941597,0.4966397285461426,0.4219438135623932,-0.03702292963862419,0.4964069724082947,0.4488098919391632,-0.03372962027788162,0.46498045325279236,0.3872528076171875,-0.04039831459522247,0.466564416885376,0.40759825706481934,-0.04121972247958183,0.4649167060852051,0.4329480826854706,-0.03207006677985191,0.4633321762084961,0.45679429173469543,-0.028722770512104034,0.4224478006362915,0.39627498388290405,-0.03800540044903755,0.42485085129737854,0.40955397486686707,-0.031136060133576393,0.42812439799308777,0.43450728058815,-0.019980212673544884,0.43090060353279114,0.45717787742614746,-0.012704028747975826
0.4785091280937195,0.5819976925849915,2.047877778466045e-08,0.551858127117157,0.5769587159156799,0.002641143277287483,0.6124741435050964,0.5416985154151917,-0.01016206108033657,0.668268084526062,0.501616358757019,-0.023936225101351738,0.717371940612793,0.4990268349647522,-0.04088180884718895,0.5819482803344727,0.41171029210090637,-0.03972925618290901,0.5958707332611084,0.29430145025253296,-0.05261068791151047,0.5963549613952637,0.21876230835914612,-0.06331771612167358,0.5961774587631226,0.16407814621925354,-0.07147902995347977,0.5427672863006592,0.3794596493244171,-0.04158838838338852,0.5263275504112244,0.37736743688583374,-0.037746962159872055,0.5216304063796997,0.4078444540500641,-0.025573527440428734,0.5217424631118774,0.4333329200744629,-0.022435182705521584,0.49487030506134033,0.3827660381793976,-0.04064100608229637,0.4939308166503906,0.39510464668273926,-0.036334387958049774,0.4910309314727783,0.4186461269855499,-0.025438806042075157,0.48954081535339355,0.4414122700691223,-0.02260269597172737,0.44973286986351013,0.392635703086853,-0.03899357467889786,0.4494345486164093,0.3900098204612732,-0.028095027431845665,0.45251625776290894,0.4140629768371582,-0.014397401362657547,0.45602110028266907,0.4394468069076538,-0.006728545296937227
0.5904977917671204,0.6955903768539429,3.81481477518264e-08,0.5355724692344666,0.6100649237632751,0.0046005514450371265,0.5240734219551086,0.5287418365478516,-0.0029874846804887056,0.519221842288971,0.4702526032924652,-0.020071908831596375,0.5141510367393494,0.41919663548469543,-0.03306056931614876,0.585419237613678,0.45726820826530457,0.018573777750134468,0.556084394454956,0.39416614174842834,-0.01574152149260044,0.54825758934021,0.43013298511505127,-0.0397130511701107,0.5602328181266785,0.4488930106163025,-0.05074252933263779,0.602006196975708,0.4598045349121094,-0.002760682487860322,0.5789781212806702,0.34710654616355896,-0.034085217863321304,0.5717198848724365,0.2841447591781616,-0.050643809139728546,0.5767500996589661,0.22022919356822968,-0.05765042081475258,0.6101821660995483,0.4783112108707428,-0.028283704072237015,0.5368044972419739,0.42587319016456604,-0.06041768565773964,0.524077832698822,0.4827224910259247,-0.05363989993929863,0.5366625189781189,0.5178530812263489,-0.039721935987472534,0.6082044243812561,0.5058135986328125,-0.05502830818295479,0.5417287349700928,0.47417569160461426,-0.07002929598093033,0.5347132086753845,0.5185185670852661,-0.05515572056174278,0.5499271154403687,0.5493357181549072,-0.03904455527663231
0.17172376811504364,0.6155210733413696,9.676842438466338e-09,0.22713714838027954,0.6231163740158081,-0.0420236699283123,0.2921708822250366,0.6112101078033447,-0.06439653784036636,0.34425535798072815,0.6068246364593506,-0.0823979377746582,0.38439521193504333,0.6050878763198853,-0.0977003201842308,0.283630907535553,0.4880051910877228,-0.043143484741449356,0.3062537908554077,0.40474826097488403,-0.07112381607294083,0.3152831494808197,0.3580383062362671,-0.08259118348360062,0.32196590304374695,0.30689236521720886,-0.08949463814496994,0.2414509803056717,0.4721234440803528,-0.035308435559272766,0.23245058953762054,0.44897687435150146,-0.06556905806064606,0.21372294425964355,0.5235416889190674,-0.06075383350253105,0.21996456384658813,0.5361142754554749,-0.05224044620990753,0.2007615566253662,0.46836817264556885,-0.033340126276016235,0.19209513068199158,0.4514918625354767,-0.07173426449298859,0.18418821692466736,0.5227687358856201,-0.05823613703250885,0.19325026869773865,0.533491849899292,-0.041738882660865784,0.16393405199050903,0.4671345353126526,-0.034578535705804825,0.16362059116363525,0.44814303517341614,-0.06213729456067085,0.16108505427837372,0.5063953399658203,-0.0524568036198616,0.16447040438652039,0.527387797832489,-0.04001278430223465
0.22682425379753113,0.5816338062286377,7.180694439057334e-08,0.28127822279930115,0.5985320806503296,-0.04336889088153839,0.3427664637565613,0.5853477716445923,-0.06847367435693741,0.3960121273994446,0.5737997889518738,-0.08984566479921341,0.44086962938308716,0.5749072432518005,-0.11053827404975891,0.32465678453445435,0.45817771553993225,-0.051008787006139755,0.3441331088542938,0.36921340227127075,-0.08180724084377289,0.35314905643463135,0.3104075491428375,-0.09710502624511719,0.3586346507072449,0.25940650701522827,-0.1078297421336174,0.2849927544593811,0.44237661361694336,-0.043670136481523514,0.2569245398044586,0.4067437946796417,-0.08523963391780853,0.24807429313659668,0.4769929051399231,-0.08637309819459915,0.2578938901424408,0.5072908401489258,-0.07988783717155457,0.24537356197834015,0.43870431184768677,-0.04130561649799347,0.21916940808296204,0.4140148162841797,-0.08332200348377228,0.22036929428577423,0.47911718487739563,-0.07041724026203156,0.23489144444465637,0.5026235580444336,-0.05353843793272972,0.2088627815246582,0.4400753378868103,-0.042963746935129166,0.19043570756912231,0.4166221618652344,-0.07407650351524353,0.18865756690502167,0.46651747822761536,-0.06764556467533112,0.19619199633598328,0.4901449680328369,-0.056796181946992874
0.30681848526000977,0.6358785033226013,6.511758954275138e-08,0.36272403597831726,0.6384396553039551,-0.04524331912398338,0.4253672957420349,0.6064206957817078,-0.06822041422128677,0.4826393127441406,0.5930058360099792,-0.08704263716936111,0.5276009440422058,0.6001850962638855,-0.10518413782119751,0.40751758217811584,0.4791885018348694,-0.04989715665578842,0.4269638955593109,0.38516175746917725,-0.07917811721563339,0.43525230884552,0.3222193121910095,-0.094513438642025,0.43971148133277893,0.26856791973114014,-0.10513177514076233,0.3733329772949219,0.46175438165664673,-0.04048209637403488,0.3368944823741913,0.4326208233833313,-0.08126520365476608,0.3291207253932953,0.4996231198310852,-0.084592305123806,0.34030506014823914,0.5319417119026184,-0.07843024283647537,0.3360966742038727,0.45756757259368896,-0.036063846200704575,0.3028438687324524,0.4459291994571686,-0.07479701936244965,0.30679619312286377,0.5075749158859253,-0.06567016988992691,0.32595083117485046,0.5327569842338562,-0.05049252510070801,0.302396297454834,0.45850270986557007,-0.036241281777620316,0.27917400002479553,0.4399677813053131,-0.06475682556629181,0.2827351689338684,0.48967593908309937,-0.0600879080593586,0.298429399728775,0.5199378132820129,-0.049262288957834244
0.37750330567359924,0.6185115575790405,1.142701222534015e-07,0.4375251829624176,0.6257851719856262,-0.04271823912858963,0.49947309494018555,0.6013685464859009,-0.06559424102306366,0.5563134551048279,0.5889817476272583,-0.08506385236978531,0.597823441028595,0.5927225351333618,-0.10310360044240952,0.4858257472515106,0.46591904759407043,-0.04315408319234848,0.5094613432884216,0.37519216537475586,-0.07432719320058823,0.5217024087905884,0.311920702457428,-0.09101079404354095,0.5287065505981445,0.257293701171875,-0.1019430086016655,0.44898828864097595,0.4511910378932953,-0.03495873138308525,0.42892929911613464,0.4181279242038727,-0.07471582293510437,0.4167875051498413,0.48885783553123474,-0.07562331855297089,0.42601215839385986,0.5160713791847229,-0.06764481216669083,0.4111872911453247,0.44522494077682495,-0.032221145927906036,0.38928312063217163,0.4219803512096405,-0.07275906950235367,0.3866070508956909,0.4876456558704376,-0.059870555996894836,0.40253546833992004,0.5102017521858215,-0.041835229843854904,0.376193642616272,0.44392263889312744,-0.03367133438587189,0.35892289876937866,0.425216406583786,-0.06230837479233742,0.3603008985519409,0.4794180691242218,-0.05377927049994469,0.3737208843231201,0.5078356862068176,-0.04026326537132263
0.37467697262763977,0.6001276969909668,1.177904422888787e-07,0.4319082796573639,0.6049578785896301,-0.048692479729652405,0.4945047199726105,0.5739320516586304,-0.07125876098871231,0.5495432615280151,0.5574619770050049,-0.08866705745458603,0.5922974348068237,0.5669838190078735,-0.10444603860378265,0.4743497669696808,0.4456522464752197,-0.04647788777947426,0.49540844559669495,0.3534015119075775,-0.07651693373918533,0.5048061609268188,0.2897464632987976,-0.09157020598649979,0.510712206363678,0.2358873188495636,-0.10137951374053955,0.43917182087898254,0.4328654706478119,-0.03541245684027672,0.4088878035545349,0.3974839150905609,-0.07764377444982529,0.3982442617416382,0.4670562148094177,-0.0798887088894844,0.4099757969379425,0.5004052519798279,-0.07163099944591522,0.40224915742874146,0.4277998208999634,-0.030441101640462875,0.37367838621139526,0.40716418623924255,-0.0739675760269165,0.3721045255661011,0.46998417377471924,-0.06523998826742172,0.38944143056869507,0.49309641122817993,-0.04850516840815544,0.3680925965309143,0.42637068033218384,-0.030015388503670692,0.34732210636138916,0.4091220796108246,-0.06192603334784508,0.347978413105011,0.4597308039665222,-0.057695627212524414,0.3615122437477112,0.48734426498413086,-0.04633395001292229
0.35307586193084717,0.6049206256866455,1.5209673165372806e-07,0.40393179655075073,0.6055330634117126,-0.04509381204843521,0.456075519323349,0.5735011100769043,-0.07128923386335373,0.5072354078292847,0.5536417961120605,-0.09360013902187347,0.5532701015472412,0.556992769241333,-0.1153273731470108,0.43504953384399414,0.4509889781475067,-0.05335544794797897,0.4527193009853363,0.3612169325351715,-0.08471972495317459,0.46122273802757263,0.2994600534439087,-0.10138025879859924,0.46443232893943787,0.2481490671634674,-0.11286099255084991,0.4006141722202301,0.4358745217323303,-0.04480207338929176,0.3696928322315216,0.41718000173568726,-0.08897367864847183,0.3653932809829712,0.48297712206840515,-0.09380258619785309,0.37582728266716003,0.51389479637146,-0.08838418871164322,0.36553338170051575,0.4335896074771881,-0.04093864932656288,0.33758506178855896,0.4272521138191223,-0.08381467312574387,0.3422004282474518,0.4858570694923401,-0.07515841722488403,0.35890379548072815,0.5097739696502686,-0.05970416218042374,0.33460983633995056,0.4369533061981201,-0.04120228439569473,0.31502512097358704,0.43258732557296753,-0.07349105924367905,0.32010218501091003,0.482085645198822,-0.06974255293607712,0.3357457220554352,0.5083410143852234,-0.05893255025148392
0.3476209342479706,0.587918221950531,1.619266782881823e-07,0.40392205119132996,0.5868608355522156,-0.04732546955347061,0.4629390239715576,0.5518414974212646,-0.07388935983181,0.5194616913795471,0.5361456274986267,-0.09650629758834839,0.5648329854011536,0.542762815952301,-0.11722555756568909,0.44411975145339966,0.4334329664707184,-0.04822155460715294,0.45798784494400024,0.3448863625526428,-0.07994667440652847,0.46203944087028503,0.2823091149330139,-0.09304168075323105,0.46486568450927734,0.23080676794052124,-0.10106391459703445,0.4075097143650055,0.4247652292251587,-0.03884367644786835,0.37768495082855225,0.39241576194763184,-0.08197659999132156,0.3696386218070984,0.4648360013961792,-0.07984786480665207,0.3866245448589325,0.48916029930114746,-0.0678439736366272,0.37054693698883057,0.4227360486984253,-0.03595058247447014,0.34267759323120117,0.4036734104156494,-0.07818853110074997,0.34598997235298157,0.4634720981121063,-0.06423165649175644,0.3670911192893982,0.47982358932495117,-0.04393647983670235,0.33685818314552307,0.4241163730621338,-0.03788713738322258,0.31821128726005554,0.40136852860450745,-0.06813479214906693,0.31773048639297485,0.441808819770813,-0.06261324882507324,0.32961180806159973,0.45762911438941956,-0.05042425915598869
0.3553794026374817,0.5839572548866272,5.1055941696631635e-08,0.41521137952804565,0.5922026038169861,-0.038536883890628815,0.4778599143028259,0.5605904459953308,-0.060924168676137924,0.5361461043357849,0.5403849482536316,-0.08051306754350662,0.5776805281639099,0.5457212924957275,-0.09839921444654465,0.46284356713294983,0.43252432346343994,-0.04304102063179016,0.47994330525398254,0.33858853578567505,-0.07618116587400436,0.4870151877403259,0.2757070064544678,-0.09315023571252823,0.4915395975112915,0.2195005565881729,-0.10431477427482605,0.4259813725948334,0.42106837034225464,-0.03656405583024025,0.40116167068481445,0.38539451360702515,-0.07706651836633682,0.38895830512046814,0.4628547430038452,-0.07455608993768692,0.40231597423553467,0.4870409071445465,-0.06433968991041183,0.3897395133972168,0.4169836640357971,-0.035361312329769135,0.3647010028362274,0.38960981369018555,-0.07620508968830109,0.36240503191947937,0.4585685133934021,-0.0586681142449379,0.3802874982357025,0.4812757968902588,-0.03781800717115402,0.3556782305240631,0.4170239269733429,-0.0380479134619236,0.3355782926082611,0.39594632387161255,-0.06708663702011108,0.3362027406692505,0.45301347970962524,-0.05678039789199829,0.3518578112125397,0.4811994731426239,-0.04211260750889778
0.43385326862335205,0.6356790065765381,4.123290153756898e-08,0.5011318325996399,0.6464682817459106,-0.03773576766252518,0.5716508030891418,0.6042641997337341,-0.05840146914124489,0.6353000998497009,0.5877989530563354,-0.07696324586868286,0.678240180015564,0.5950776934623718,-0.09417930990457535,0.5425451993942261,0.4612084925174713,-0.043292488902807236,0.5552061200141907,0.35549893975257874,-0.07555589824914932,0.5603942275047302,0.2893766760826111,-0.09054713696241379,0.5620821118354797,0.22858576476573944,-0.10115816444158554,0.5022925734519958,0.45334309339523315,-0.03909148648381233,0.4823254644870758,0.424454927444458,-0.07891596108675003,0.4760967791080475,0.5104346871376038,-0.07538877427577972,0.4888290762901306,0.5304931402206421,-0.06576815247535706,0.46130266785621643,0.4554344415664673,-0.0403321236371994,0.4399932622909546,0.43544802069664,-0.08108936995267868,0.4442419111728668,0.5126988887786865,-0.06234819442033768,0.4612424969673157,0.5322409272193909,-0.04200942441821098,0.4221479892730713,0.4624248147010803,-0.04550464078783989,0.40638262033462524,0.44555285573005676,-0.07440797984600067,0.41281723976135254,0.507123589515686,-0.06308382749557495,0.4266466796398163,0.5344876050949097,-0.04888554662466049
0.4955347776412964,0.692022442817688,8.711433707730976e-08,0.5777505040168762,0.7110761404037476,-0.060141462832689285,0.6652668118476868,0.6778373718261719,-0.0936170369386673,0.7465056777000427,0.658446729183197,-0.1216079592704773,0.8090724945068359,0.657938539981842,-0.14465661346912384,0.6319661140441895,0.49180325865745544,-0.06294336169958115,0.6411681175231934,0.362695574760437,-0.10800027847290039,0.6454467177391052,0.2865605652332306,-0.12367920577526093,0.6488127708435059,0.21386700868606567,-0.13093066215515137,0.5843364000320435,0.47860872745513916,-0.051777083426713943,0.5569968223571777,0.4604642391204834,-0.10150526463985443,0.5525683164596558,0.5648602843284607,-0.09224358946084976,0.5718971490859985,0.5736826062202454,-0.0744021087884903,0.5372936129570007,0.47578898072242737,-0.049765169620513916,0.5083654522895813,0.47273513674736023,-0.10516778379678726,0.5160925984382629,0.5675775408744812,-0.08290696889162064,0.5407562255859375,0.5723744034767151,-0.05503613501787186,0.4926195740699768,0.47706708312034607,-0.05347859859466553,0.472321093082428,0.4787425994873047,-0.08999782800674438,0.48138588666915894,0.5534787774085999,-0.07644252479076385,0.49795427918434143,0.5739506483078003,-0.057219814509153366
0.49592727422714233,0.6784080266952515,4.906023676198856e-08,0.5774924159049988,0.7055606842041016,-0.05468215048313141,0.6677225232124329,0.6803975105285645,-0.08675417304039001,0.7502270340919495,0.6671060919761658,-0.11435451358556747,0.8108192682266235,0.6776710748672485,-0.1372014284133911,0.6446064710617065,0.48696964979171753,-0.05708543211221695,0.6592748165130615,0.3611327111721039,-0.10394804179668427,0.667201817035675,0.281724750995636,-0.12353934347629547,0.671924889087677,0.20877310633659363,-0.13342636823654175,0.5946934223175049,0.47205761075019836,-0.0469047874212265,0.5719665884971619,0.4471113681793213,-0.09424781054258347,0.5634366869926453,0.5546039342880249,-0.08270890265703201,0.5827332139015198,0.567573070526123,-0.06427391618490219,0.54580157995224,0.4673047959804535,-0.045606255531311035,0.5212507843971252,0.4511823356151581,-0.10129877924919128,0.523817241191864,0.5487202405929565,-0.07646368443965912,0.5457720756530762,0.5616602897644043,-0.04709614813327789,0.4985743761062622,0.46543046832084656,-0.04918190464377403,0.4796503484249115,0.45561957359313965,-0.0862988531589508,0.48644834756851196,0.5336639285087585,-0.07036908715963364,0.5023744106292725,0.5594671368598938,-0.049748703837394714
0.4604693055152893,0.7021774649620056,-6.996300072614758e-08,0.5398277044296265,0.7258120775222778,-0.057005301117897034,0.6243880391120911,0.7021269798278809,-0.08465295284986496,0.6973251700401306,0.6943545937538147,-0.1053004264831543,0.7540072202682495,0.6996691226959229,-0.12040145695209503,0.6042198538780212,0.5192634463310242,-0.06116205081343651,0.6233924031257629,0.40029311180114746,-0.10849878937005997,0.6354153752326965,0.3245689868927002,-0.12988418340682983,0.6452088356018066,0.2520308792591095,-0.14114098250865936,0.5551168918609619,0.5084513425827026,-0.04894135519862175,0.5380464792251587,0.4794710874557495,-0.09497106075286865,0.5278394222259521,0.5791609883308411,-0.08620981872081757,0.5442236065864563,0.5902106165885925,-0.07122686505317688,0.5079647898674011,0.5018870234489441,-0.04596531018614769,0.4893711805343628,0.4809168875217438,-0.10030629485845566,0.4881877303123474,0.5747853517532349,-0.0801180973649025,0.5080555081367493,0.5834499001502991,-0.05497558042407036,0.4643900394439697,0.4983702600002289,-0.04798607900738716,0.4520134925842285,0.48267918825149536,-0.08371516317129135,0.45608773827552795,0.5557345747947693,-0.07051744312047958,0.46677854657173157,0.579698920249939,-0.05305757001042366
0.44074881076812744,0.6997178792953491,-7.135012936032581e-08,0.5140393972396851,0.7303574085235596,-0.04623914882540703,0.5964996218681335,0.704266369342804,-0.06640036404132843,0.6651920080184937,0.6910387277603149,-0.08126922696828842,0.7154865860939026,0.7006662487983704,-0.09079267084598541,0.5789430141448975,0.5365613698959351,-0.04657527431845665,0.5982939600944519,0.42441055178642273,-0.08685927093029022,0.6090930700302124,0.358687162399292,-0.10324737429618835,0.6191440224647522,0.2920493185520172,-0.11172458529472351,0.5352457165718079,0.5215917229652405,-0.03862636908888817,0.5238640904426575,0.5035905838012695,-0.08202897012233734,0.5091471076011658,0.5996075868606567,-0.07490792125463486,0.5211081504821777,0.6061769127845764,-0.06074546277523041,0.4925140142440796,0.5135166049003601,-0.03856583684682846,0.47736382484436035,0.5025582313537598,-0.08877381682395935,0.47297203540802,0.5924379825592041,-0.06973280757665634,0.49005261063575745,0.5980440974235535,-0.045795898884534836,0.4508765935897827,0.5095212459564209,-0.04267428442835808,0.43931156396865845,0.5026094317436218,-0.07546284794807434,0.4421815872192383,0.5720432996749878,-0.06299646198749542,0.4519851803779602,0.5911738276481628,-0.046301256865262985
0.4279613792896271,0.6374470591545105,-5.358102583841173e-08,0.4913669526576996,0.6551388502120972,-0.036230508238077164,0.5615156888961792,0.6247386932373047,-0.050736960023641586,0.6139692664146423,0.6071943044662476,-0.06082923337817192,0.6522871255874634,0.6148189902305603,-0.06740965694189072,0.5391088724136353,0.4805797338485718,-0.03789042308926582,0.5517480969429016,0.38294529914855957,-0.06910600513219833,0.5569419860839844,0.3240501284599304,-0.08275850862264633,0.5606995224952698,0.26840269565582275,-0.09039060026407242,0.4968484044075012,0.47350770235061646,-0.031625136733055115,0.490634024143219,0.452542781829834,-0.06765641272068024,0.4823187589645386,0.5385501980781555,-0.06252871453762054,0.4895734488964081,0.5542231798171997,-0.05102018639445305,0.4577617049217224,0.4714219272136688,-0.031160956248641014,0.4482938051223755,0.4537593722343445,-0.07359431684017181,0.44891464710235596,0.5342972874641418,-0.057731952518224716,0.45962995290756226,0.5468218326568604,-0.03735404461622238,0.4197586178779602,0.47260987758636475,-0.033701419830322266,0.4148149788379669,0.4556354284286499,-0.06248423829674721,0.4196801781654358,0.51900315284729,-0.05103959143161774,0.42464229464530945,0.5409157872200012,-0.03601272776722908
0.4295535981655121,0.6388691067695618,-1.0797139537999101e-07,0.4933171272277832,0.6571624875068665,-0.036525659263134,0.5596324801445007,0.6268669366836548,-0.047142840921878815,0.6080914735794067,0.6088846921920776,-0.052012789994478226,0.6433901190757751,0.6161105036735535,-0.05202082544565201,0.541680634021759,0.4900328814983368,-0.033932529389858246,0.5544480085372925,0.4000561237335205,-0.06559128314256668,0.5598116517066956,0.344976544380188,-0.07905890047550201,0.5647579431533813,0.29146263003349304,-0.08576685190200806,0.5003566145896912,0.4867840111255646,-0.026123767718672752,0.4955318868160248,0.46105650067329407,-0.05864087492227554,0.4851119816303253,0.5442354679107666,-0.05147378519177437,0.4937230944633484,0.553839921951294,-0.03884091600775719,0.46283939480781555,0.4836658537387848,-0.02505894936621189,0.45526471734046936,0.4601295292377472,-0.06522050499916077,0.4527202546596527,0.5394543409347534,-0.049860235303640366,0.4648924767971039,0.5462038516998291,-0.03021969459950924,0.4268311560153961,0.4832882583141327,-0.02716035768389702,0.4196811318397522,0.46457526087760925,-0.05458436906337738,0.42462706565856934,0.5258820056915283,-0.04460316151380539,0.4307650625705719,0.5454656481742859,-0.031097201630473137
0.424761027097702,0.591894805431366,2.976557667011548e-08,0.4785767197608948,0.593467652797699,-0.019577445462346077,0.5235992074012756,0.5613700151443481,-0.030541712418198586,0.5542418360710144,0.5471152067184448,-0.041185688227415085,0.5794250965118408,0.5456347465515137,-0.051273446530103683,0.5094292163848877,0.43786394596099854,-0.02391824498772621,0.5294576287269592,0.3560144305229187,-0.041454169899225235,0.5415929555892944,0.3061491847038269,-0.04990397021174431,0.5483230352401733,0.2606206238269806,-0.056680068373680115,0.4743770956993103,0.43008074164390564,-0.02651801146566868,0.5011178851127625,0.4154569208621979,-0.050569839775562286,0.49066802859306335,0.48132333159446716,-0.049255967140197754,0.4778043031692505,0.4907636046409607,-0.043653879314661026,0.4413519501686096,0.43156012892723083,-0.03178228810429573,0.4684487581253052,0.4236394762992859,-0.06110000237822533,0.46233874559402466,0.48609089851379395,-0.04998336732387543,0.45145779848098755,0.4874284863471985,-0.03697279840707779,0.4076632857322693,0.4394231140613556,-0.03860555589199066,0.43444937467575073,0.4348449110984802,-0.05871874466538429,0.4364410936832428,0.4835203289985657,-0.0481574647128582,0.42600786685943604,0.4928193688392639,-0.03692581132054329
0.4354568421840668,0.630965530872345,-1.2880261124337267e-07,0.40460389852523804,0.5989360213279724,0.039696794003248215,0.38732489943504333,0.5540072917938232,0.04968729242682457,0.3701838254928589,0.5335416793823242,0.04927516356110573,0.35051214694976807,0.5356781482696533,0.045399099588394165,0.39070066809654236,0.4570656418800354,0.027171757072210312,0.4091006815433502,0.3758520781993866,0.03312177583575249,0.4230707287788391,0.32576173543930054,0.03221782296895981,0.431271493434906,0.28387725353240967,0.02787631005048752,0.40963292121887207,0.4499080181121826,0.003872872097417712,0.46323707699775696,0.43806102871894836,0.011014300398528576,0.46750813722610474,0.4766610860824585,0.010793175548315048,0.45502808690071106,0.4948681592941284,0.006561505142599344,0.4378770887851715,0.45732301473617554,-0.015082445926964283,0.48614639043807983,0.4571206271648407,-0.003774982877075672,0.48546743392944336,0.494552344083786,0.0020788307301700115,0.472137987613678,0.5085269808769226,-0.0003239471116103232,0.4666506052017212,0.4660147726535797,-0.03162427619099617,0.5042086839675903,0.4710583984851837,-0.017462098971009254,0.5016437768936157,0.505458414554596,-0.006647081114351749,0.4892938733100891,0.5197953581809998,-0.002512561157345772
0.48311126232147217,0.6343743205070496,-1.0211614664967783e-07,0.41883689165115356,0.6284137964248657,0.0121519286185503,0.36657291650772095,0.6046222448348999,-0.0032462000381201506,0.3131795823574066,0.5842942595481873,-0.02092849090695381,0.27442100644111633,0.5855890512466431,-0.04125675931572914,0.38250744342803955,0.4884568154811859,-0.04063532501459122,0.35929587483406067,0.37395694851875305,-0.059150561690330505,0.3477565050125122,0.3061389923095703,-0.07061240822076797,0.342777281999588,0.25432997941970825,-0.07654500007629395,0.41908153891563416,0.4560297727584839,-0.044224321842193604,0.4316665232181549,0.418903648853302,-0.0407392755150795,0.4373745620250702,0.4525483250617981,-0.02304966188967228,0.44070354104042053,0.48312634229660034,-0.01477342564612627,0.46424397826194763,0.45479604601860046,-0.04388168826699257,0.4674522876739502,0.4395866394042969,-0.036675237119197845,0.4716761112213135,0.4639488160610199,-0.018516061827540398,0.47503048181533813,0.49148741364479065,-0.011035241186618805,0.505039632320404,0.4580914378166199,-0.0409330390393734,0.5047664642333984,0.448022723197937,-0.024552030488848686,0.5068916082382202,0.474777489900589,-0.001984106609597802,0.5083072781562805,0.4995405077934265,0.011632818728685379
0.47518807649612427,0.6293565630912781,2.3056102804730472e-08,0.40049251914024353,0.6234632730484009,-0.002055337419733405,0.34875500202178955,0.5985255837440491,-0.022316398099064827,0.2879592478275299,0.590494692325592,-0.04328102990984917,0.24568216502666473,0.6005780100822449,-0.06757483631372452,0.3784862756729126,0.47012656927108765,-0.035494666546583176,0.34778541326522827,0.35844165086746216,-0.05049816519021988,0.3315841555595398,0.2901275157928467,-0.06013080105185509,0.32334959506988525,0.23620697855949402,-0.06533879041671753,0.42040184140205383,0.4427802264690399,-0.03031129203736782,0.39651408791542053,0.4152905344963074,-0.026146017014980316,0.3943193852901459,0.45399704575538635,-0.009525093249976635,0.4030768871307373,0.4809499680995941,-0.0008456726791337132,0.4614691734313965,0.4474532902240753,-0.02313120849430561,0.4325087070465088,0.43978437781333923,-0.014557679183781147,0.4335779547691345,0.4680668115615845,0.0009112881380133331,0.443134069442749,0.4929000735282898,0.007446461357176304,0.4942944347858429,0.45747360587120056,-0.01493099331855774,0.47171035408973694,0.45217081904411316,0.0010339579312130809,0.4708855450153351,0.48143240809440613,0.019798515364527702,0.4794222414493561,0.503612756729126,0.031119106337428093
0.5042789578437805,0.6102699041366577,-3.0489484714735227e-08,0.4392428696155548,0.5950526595115662,-0.014695189893245697,0.38634416460990906,0.5651786923408508,-0.040813326835632324,0.3281201720237732,0.5520271062850952,-0.06530264765024185,0.28693291544914246,0.5668778419494629,-0.09217339754104614,0.4250832796096802,0.45185428857803345,-0.05591403320431709,0.38849812746047974,0.3407478928565979,-0.0802011787891388,0.3698197603225708,0.27323365211486816,-0.09410574287176132,0.3590560257434845,0.22092008590698242,-0.10237523913383484,0.46759089827537537,0.42874252796173096,-0.05008091405034065,0.4326178729534149,0.3984752595424652,-0.06262783706188202,0.42538362741470337,0.43871229887008667,-0.05175236240029335,0.43211647868156433,0.46971988677978516,-0.04438575357198715,0.5047447085380554,0.4336491525173187,-0.043079763650894165,0.4691721200942993,0.4209127426147461,-0.04991598054766655,0.46693143248558044,0.4509679079055786,-0.03531232848763466,0.4758172333240509,0.4790515899658203,-0.026295460760593414,0.5350045561790466,0.44343382120132446,-0.03632049262523651,0.5067811012268066,0.43570831418037415,-0.03421163186430931,0.5026412606239319,0.46791768074035645,-0.019107265397906303,0.5101280212402344,0.4907207787036896,-0.008161946199834347
0.5073897838592529,0.5977778434753418,2.169014079456133e-09,0.44249236583709717,0.5795819163322449,-0.018777387216687202,0.39354583621025085,0.5497703552246094,-0.04871729388833046,0.33587363362312317,0.5320948362350464,-0.07456216216087341,0.2907702326774597,0.5317120552062988,-0.10314726829528809,0.4353655278682709,0.4326982796192169,-0.06820635497570038,0.3967937231063843,0.32088685035705566,-0.09131742268800735,0.37640833854675293,0.25565144419670105,-0.10339143872261047,0.36375707387924194,0.20441794395446777,-0.10948006063699722,0.47956764698028564,0.4100298285484314,-0.05496196821331978,0.4336630702018738,0.3690432906150818,-0.05958057567477226,0.422271192073822,0.40914446115493774,-0.042069725692272186,0.4265601634979248,0.44435572624206543,-0.031124792993068695,0.5162601470947266,0.41699495911598206,-0.040041886270046234,0.4705141484737396,0.3938751220703125,-0.0395183302462101,0.4665614068508148,0.4260977804660797,-0.024243174120783806,0.4747629165649414,0.4584045708179474,-0.016384771093726158,0.5435031056404114,0.4259871244430542,-0.02503024972975254,0.5075886249542236,0.41286319494247437,-0.019022192806005478,0.5010641813278198,0.4475933909416199,-0.0051763057708740234,0.5080932378768921,0.47513988614082336,0.003937250003218651
0.505040168762207,0.5928751230239868,-2.7730786555935083e-08,0.4393858015537262,0.5757624506950378,-0.021915121003985405,0.39151936769485474,0.5465068817138672,-0.05249068886041641,0.33526480197906494,0.5290826559066772,-0.07859449833631516,0.29010725021362305,0.5278514623641968,-0.10756952315568924,0.43445107340812683,0.42929065227508545,-0.07125422358512878,0.3951821029186249,0.31591832637786865,-0.09524931013584137,0.374392032623291,0.24983693659305573,-0.10723832994699478,0.36047428846359253,0.19820524752140045,-0.11304914206266403,0.4781283438205719,0.4074000120162964,-0.05628051981329918,0.43288591504096985,0.3715958893299103,-0.06252860277891159,0.423570841550827,0.4140772223472595,-0.04530049487948418,0.4291287064552307,0.44848212599754333,-0.034381087869405746,0.5141526460647583,0.4137490391731262,-0.04008851200342178,0.4693376123905182,0.39562317728996277,-0.04252025857567787,0.46593403816223145,0.4315645098686218,-0.028524124994874,0.4743087589740753,0.4629984200000763,-0.020837632939219475,0.540922224521637,0.42080065608024597,-0.02389269508421421,0.5071049928665161,0.408957839012146,-0.01953834854066372,0.4994445741176605,0.44594141840934753,-0.006755211390554905,0.5055471062660217,0.47394105792045593,0.0017763054929673672
0.48955339193344116,0.5911539793014526,1.7183903189277316e-09,0.4232248365879059,0.5724506378173828,-0.029336532577872276,0.3724682033061981,0.5426439046859741,-0.0610843300819397,0.3169645071029663,0.5235025882720947,-0.08757850527763367,0.2712751626968384,0.5208523273468018,-0.1157807782292366,0.42070138454437256,0.42066341638565063,-0.0733967125415802,0.37755948305130005,0.3082227110862732,-0.09991031885147095,0.35628002882003784,0.24380068480968475,-0.11356449127197266,0.3422352075576782,0.19230756163597107,-0.12094878405332565,0.46600839495658875,0.39959990978240967,-0.059444643557071686,0.4106577932834625,0.35723769664764404,-0.07608871161937714,0.39899832010269165,0.39572280645370483,-0.06626849621534348,0.40400204062461853,0.42734742164611816,-0.058356985449790955,0.49942463636398315,0.4040720462799072,-0.045077040791511536,0.4434473216533661,0.38161700963974,-0.057698287069797516,0.4374946653842926,0.41402554512023926,-0.04662436246871948,0.4457443058490753,0.4433581829071045,-0.03800502419471741,0.5211971998214722,0.4099799394607544,-0.0316452831029892,0.4762887954711914,0.39283472299575806,-0.03674664720892906,0.4666776955127716,0.42667049169540405,-0.02668416127562523,0.4727326035499573,0.4538111984729767,-0.01777891255915165
0.4718007445335388,0.5921851992607117,-4.095501182632688e-08,0.40458914637565613,0.5756141543388367,-0.024761347100138664,0.352817177772522,0.5481247901916504,-0.05736329406499863,0.294148325920105,0.5259099006652832,-0.08506737649440765,0.2481546401977539,0.5212460160255432,-0.11489123106002808,0.3990877866744995,0.4285403788089752,-0.07991109043359756,0.3551051616668701,0.31116318702697754,-0.10987796634435654,0.33318406343460083,0.24415285885334015,-0.1256776750087738,0.31913164258003235,0.1904432624578476,-0.13425186276435852,0.44651105999946594,0.4024461507797241,-0.06764515489339828,0.39208075404167175,0.3554255962371826,-0.08298300206661224,0.37950700521469116,0.39312872290611267,-0.07043907046318054,0.38346782326698303,0.42577657103538513,-0.061805594712495804,0.48296356201171875,0.4057197868824005,-0.05397147312760353,0.4308874011039734,0.38020026683807373,-0.06347834318876266,0.42542165517807007,0.41130512952804565,-0.04862159490585327,0.4332852363586426,0.44271060824394226,-0.03904757648706436,0.5081086158752441,0.4127391278743744,-0.04088613763451576,0.4672771096229553,0.39586466550827026,-0.043310802429914474,0.4595761299133301,0.4296979606151581,-0.030403345823287964,0.46652889251708984,0.45704522728919983,-0.02029455080628395
0.4517539143562317,0.5962872505187988,-5.633831534623823e-08,0.3807704746723175,0.5776568651199341,-0.005689840763807297,0.3301818072795868,0.5500276684761047,-0.032052189111709595,0.2699160575866699,0.5244944095611572,-0.05749601870775223,0.22184759378433228,0.5166247487068176,-0.08535311371088028,0.3586973249912262,0.42511048913002014,-0.058333490043878555,0.3202028274536133,0.3100602626800537,-0.0822773203253746,0.2980613112449646,0.2449171096086502,-0.09477194398641586,0.28398600220680237,0.1928597241640091,-0.10115668177604675,0.40585532784461975,0.39732930064201355,-0.053933076560497284,0.37740930914878845,0.35362979769706726,-0.059129856526851654,0.3721417784690857,0.39099058508872986,-0.04251691699028015,0.3775201439857483,0.4291585385799408,-0.03296593949198723,0.4498049020767212,0.40280064940452576,-0.046984393149614334,0.4208598732948303,0.3798457384109497,-0.046549953520298004,0.42014947533607483,0.4089928865432739,-0.028771638870239258,0.4275462329387665,0.4412388801574707,-0.019906016066670418,0.486733615398407,0.4116738736629486,-0.0391114316880703,0.463513046503067,0.3996642529964447,-0.029830215498805046,0.46030908823013306,0.4328771233558655,-0.011605452746152878,0.4672528803348541,0.4590027928352356,-3.513000410748646e-05
0.4417080879211426,0.598153829574585,-3.165056838838609e-08,0.3992040455341339,0.5676382184028625,0.0027285118121653795,0.34907326102256775,0.5238802433013916,-0.015127778053283691,0.3055625855922699,0.48922550678253174,-0.036370210349559784,0.26576727628707886,0.4800558090209961,-0.058284249156713486,0.35006457567214966,0.428134024143219,-0.04340146481990814,0.33441582322120667,0.31168460845947266,-0.0684024915099144,0.32353004813194275,0.24481356143951416,-0.08138477057218552,0.31406229734420776,0.19132478535175323,-0.0906795859336853,0.377595454454422,0.42074769735336304,-0.05827305465936661,0.4287082254886627,0.34886062145233154,-0.08341865241527557,0.442964106798172,0.38939225673675537,-0.08000632375478745,0.43493878841400146,0.42448627948760986,-0.07605775445699692,0.4174897074699402,0.4260347783565521,-0.07099269330501556,0.46616029739379883,0.37706175446510315,-0.0892246812582016,0.472463995218277,0.41485777497291565,-0.07278385758399963,0.46078217029571533,0.4460045099258423,-0.06188306212425232,0.4604230523109436,0.43389207124710083,-0.08359580487012863,0.5020737648010254,0.40462762117385864,-0.09172767400741577,0.5052557587623596,0.444276362657547,-0.07677487283945084,0.49261021614074707,0.4719071388244629,-0.06533782929182053
0.45147839188575745,0.6059542894363403,5.3849689152229985e-08,0.45469170808792114,0.5314066410064697,0.011374304071068764,0.44961079955101013,0.46263396739959717,0.004666402470320463,0.46248823404312134,0.41036492586135864,-0.009513786993920803,0.47741755843162537,0.3814120888710022,-0.02324686571955681,0.37428802251815796,0.42007580399513245,-0.00011730753612937406,0.37001752853393555,0.3198193609714508,-0.013652014546096325,0.3662075996398926,0.26155146956443787,-0.021226633340120316,0.3604092001914978,0.2131289392709732,-0.027965450659394264,0.3768881559371948,0.42539432644844055,-0.0174904465675354,0.4382798969745636,0.35427701473236084,-0.04025943949818611,0.46532195806503296,0.38666537404060364,-0.04420105740427971,0.4671896696090698,0.41421011090278625,-0.04354897141456604,0.39701104164123535,0.43363937735557556,-0.0338849201798439,0.46870696544647217,0.38131844997406006,-0.05015327408909798,0.4837570786476135,0.4227186143398285,-0.04165192320942879,0.47549155354499817,0.4494583010673523,-0.03406598046422005,0.4247848093509674,0.44152384996414185,-0.05054328218102455,0.48657524585723877,0.40724727511405945,-0.05276121199131012,0.49683845043182373,0.442095011472702,-0.04234713315963745,0.4888824224472046,0.4653276205062866,-0.03463044762611389
0.4541550278663635,0.5852658152580261,7.684092651061292e-08,0.4865795075893402,0.5123476982116699,0.006717833224684,0.4758767783641815,0.44599926471710205,0.0027838731184601784,0.4638095796108246,0.4006909132003784,-0.00860545039176941,0.44785451889038086,0.3765696883201599,-0.01947704516351223,0.41021883487701416,0.39552587270736694,0.010774671100080013,0.4150765538215637,0.32571375370025635,-0.006821810267865658,0.4186175465583801,0.2762420177459717,-0.017144862562417984,0.41124361753463745,0.23774944245815277,-0.025811631232500076,0.39362403750419617,0.4043503999710083,-0.006926964037120342,0.4467390775680542,0.346017450094223,-0.03680866211652756,0.47129783034324646,0.3913203477859497,-0.04256317764520645,0.45685330033302307,0.4118930697441101,-0.040770024061203,0.3872579336166382,0.4166073799133301,-0.026100650429725647,0.4571399688720703,0.3731123208999634,-0.05729164555668831,0.47354406118392944,0.4295806288719177,-0.05088289454579353,0.4514329731464386,0.45425331592559814,-0.040873732417821884,0.38821470737457275,0.4346921443939209,-0.0453157052397728,0.4562801420688629,0.4133334457874298,-0.06587085127830505,0.46789950132369995,0.4555746614933014,-0.0610542930662632,0.44817808270454407,0.4754787087440491,-0.054218731820583344
0.44881585240364075,0.5893489122390747,1.3715457214402704e-08,0.4987837076187134,0.5651988983154297,-0.010118323378264904,0.5311011075973511,0.5224329233169556,-0.02106095850467682,0.5465134978294373,0.5009351372718811,-0.0341128334403038,0.5551830530166626,0.4909810721874237,-0.04628637060523033,0.47900986671447754,0.4003894329071045,-0.014416002668440342,0.486267626285553,0.32419171929359436,-0.03850262984633446,0.49162551760673523,0.2743878662586212,-0.050965432077646255,0.4917251765727997,0.2291187345981598,-0.059208668768405914,0.44870391488075256,0.4086374044418335,-0.023317396640777588,0.49051350355148315,0.3668471872806549,-0.05392417684197426,0.4988090395927429,0.4442528188228607,-0.05489831045269966,0.47860169410705566,0.46440696716308594,-0.048929620534181595,0.421648770570755,0.41757145524024963,-0.03488796576857567,0.4660901427268982,0.38216152787208557,-0.07120994478464127,0.47538110613822937,0.45716413855552673,-0.061040427535772324,0.45239725708961487,0.47170647978782654,-0.046253371983766556,0.39544832706451416,0.4356495440006256,-0.04684292525053024,0.4377562999725342,0.4104527235031128,-0.07034917175769806,0.45199093222618103,0.46037963032722473,-0.060217227786779404,0.43525728583335876,0.47704726457595825,-0.04837748408317566
0.412494033575058,0.5811465978622437,-3.08286978167871e-08,0.4749944508075714,0.5878993272781372,-0.02040950208902359,0.5322238802909851,0.5569043755531311,-0.02866360917687416,0.5727317333221436,0.54192715883255,-0.03531341627240181,0.5970897674560547,0.5506359338760376,-0.041026800870895386,0.5148919820785522,0.41091787815093994,-0.024171100929379463,0.5446849465370178,0.32997334003448486,-0.04793095961213112,0.5626413822174072,0.27838432788848877,-0.05856732651591301,0.5740248560905457,0.22982056438922882,-0.06560163199901581,0.477756142616272,0.40166205167770386,-0.026523606851696968,0.5073627233505249,0.38652172684669495,-0.05286475270986557,0.4935801327228546,0.4681444764137268,-0.04706357419490814,0.47837671637535095,0.4757305383682251,-0.03714286535978317,0.43925943970680237,0.4034765660762787,-0.032838355749845505,0.46699059009552,0.39215177297592163,-0.07074952125549316,0.4603500962257385,0.47150444984436035,-0.05801856145262718,0.44604021310806274,0.4727402925491333,-0.041045814752578735,0.39808374643325806,0.41529861092567444,-0.0401434563100338,0.42164307832717896,0.4060311019420624,-0.06806334853172302,0.4290240406990051,0.46413454413414,-0.057466041296720505,0.4182136058807373,0.47549107670783997,-0.044274624437093735
0.40946727991104126,0.5216103196144104,4.309956125325698e-08,0.47468119859695435,0.5394987463951111,-0.029898937791585922,0.5441328883171082,0.5206766128540039,-0.04891098290681839,0.5943087339401245,0.5132778882980347,-0.06761275976896286,0.6237238645553589,0.5280874967575073,-0.08540692925453186,0.5458439588546753,0.37294235825538635,-0.03848225623369217,0.5889580249786377,0.278184175491333,-0.06965731829404831,0.6144178509712219,0.22037377953529358,-0.08257483690977097,0.6330581903457642,0.16726161539554596,-0.09056193381547928,0.5026775002479553,0.3524629473686218,-0.04013872519135475,0.5162380337715149,0.34533610939979553,-0.0773988738656044,0.48921769857406616,0.4266596734523773,-0.0725673958659172,0.4827877879142761,0.4314671456813812,-0.06183682382106781,0.45779183506965637,0.34526917338371277,-0.04628574848175049,0.46813103556632996,0.3410072326660156,-0.09026134014129639,0.4536502957344055,0.4200746417045593,-0.07250507175922394,0.45100289583206177,0.4256937503814697,-0.05155082419514656,0.41131144762039185,0.3452737033367157,-0.05490715429186821,0.4192565083503723,0.3374445140361786,-0.08410988748073578,0.4211885333061218,0.40186840295791626,-0.06919512897729874,0.4197864234447479,0.4213085174560547,-0.0521208792924881
0.4149025082588196,0.49404221773147583,-2.6059417734813906e-08,0.47873184084892273,0.5207926034927368,-0.03431838005781174,0.5488298535346985,0.49922436475753784,-0.051539212465286255,0.6012380719184875,0.4905330538749695,-0.06658733636140823,0.6326661109924316,0.5100637078285217,-0.0790744349360466,0.5474351048469543,0.34400784969329834,-0.04052073508501053,0.5822864174842834,0.24764281511306763,-0.07432244718074799,0.6033623218536377,0.1861634999513626,-0.08910182118415833,0.6185351610183716,0.13208343088626862,-0.09785985946655273,0.5033522248268127,0.3290143609046936,-0.037550486624240875,0.5011603236198425,0.30954933166503906,-0.07623003423213959,0.47971951961517334,0.39297083020210266,-0.07031921297311783,0.4832828938961029,0.40576791763305664,-0.058567486703395844,0.46125343441963196,0.3230028450489044,-0.04009076952934265,0.45520421862602234,0.3083888292312622,-0.08418312668800354,0.44554704427719116,0.38843849301338196,-0.06610345095396042,0.4520529508590698,0.4020174741744995,-0.04497160390019417,0.4200078845024109,0.32196691632270813,-0.04579946771264076,0.4137648642063141,0.3118287920951843,-0.07522819191217422,0.414332777261734,0.3748532235622406,-0.06287836283445358,0.4181661605834961,0.3960532248020172,-0.04777807742357254
0.3980785310268402,0.5100356340408325,-4.680086096442437e-09,0.46367478370666504,0.518873393535614,-0.03705934062600136,0.5279431939125061,0.49253642559051514,-0.055738069117069244,0.5815450549125671,0.478948175907135,-0.07154004275798798,0.6194192171096802,0.4976482689380646,-0.0844746008515358,0.5128711462020874,0.33968350291252136,-0.0374499075114727,0.5347583293914795,0.2440807819366455,-0.07080589979887009,0.5491015315055847,0.18223899602890015,-0.08551875501871109,0.5575947761535645,0.12777552008628845,-0.09388864040374756,0.4674004912376404,0.3352090120315552,-0.03254002332687378,0.4559894800186157,0.29122111201286316,-0.07076677680015564,0.4431943893432617,0.3792923390865326,-0.06456892192363739,0.45147818326950073,0.4021381437778473,-0.05160680040717125,0.4266633987426758,0.33766797184944153,-0.03377586603164673,0.4133709669113159,0.3039664626121521,-0.07887648046016693,0.41134998202323914,0.3865775763988495,-0.061324845999479294,0.4239623546600342,0.4072253108024597,-0.03882613033056259,0.388741135597229,0.3443225920200348,-0.03823135048151016,0.3753024935722351,0.31919124722480774,-0.06799456477165222,0.38015127182006836,0.38210761547088623,-0.05586567893624306,0.38990533351898193,0.4094499945640564,-0.04022806137800217
0.3379374146461487,0.5287261605262756,5.761836519013741e-08,0.4010658860206604,0.5252640843391418,-0.03423510119318962,0.46313604712486267,0.49032488465309143,-0.05002273991703987,0.5101673603057861,0.47125208377838135,-0.06392203271389008,0.5495622158050537,0.46512818336486816,-0.07759447395801544,0.440917044878006,0.3572230935096741,-0.027314305305480957,0.46076053380966187,0.27649953961372375,-0.04932757467031479,0.47025102376937866,0.22248287498950958,-0.06182175129652023,0.47490689158439636,0.17505313456058502,-0.07155143469572067,0.4007236063480377,0.34720751643180847,-0.02371707186102867,0.39385879039764404,0.30457356572151184,-0.058942537754774094,0.3854947090148926,0.37398141622543335,-0.06468182057142258,0.3855065703392029,0.4075462222099304,-0.061049893498420715,0.3612760007381439,0.35163286328315735,-0.024463221430778503,0.354053795337677,0.321860671043396,-0.06317269802093506,0.35242608189582825,0.39022383093833923,-0.055128276348114014,0.35737907886505127,0.41671186685562134,-0.0408342145383358,0.32357174158096313,0.36094313859939575,-0.028126129880547523,0.3193209767341614,0.34060850739479065,-0.05687449872493744,0.32283931970596313,0.3941991627216339,-0.05136529728770256,0.330084890127182,0.42015165090560913,-0.04103957116603851
0.7263489365577698,0.9315722584724426,-7.15092198788625e-08,0.6690295338630676,0.9053155183792114,-0.01768515445291996,0.6106692552566528,0.8344297409057617,-0.021887807175517082,0.5699263215065002,0.7805274128913879,-0.027480103075504303,0.5318332314491272,0.752129316329956,-0.0336897186934948,0.645517885684967,0.7755856513977051,-0.007136326748877764,0.6365328431129456,0.6946211457252502,-0.029295610263943672,0.6275315284729004,0.6432121992111206,-0.04578297957777977,0.6175126433372498,0.5993092656135559,-0.058369435369968414,0.681421160697937,0.7713634371757507,-0.012904874980449677,0.6750998497009277,0.732498824596405,-0.04887315258383751,0.6855531334877014,0.7890406250953674,-0.060401834547519684,0.6937138438224792,0.8189724683761597,-0.061074912548065186,0.7184988856315613,0.7775073647499084,-0.02190144546329975,0.7136749625205994,0.7397326231002808,-0.05687044560909271,0.7172312140464783,0.7954058647155762,-0.049102943390607834,0.7179824113845825,0.8212217092514038,-0.0357113815844059,0.7539358735084534,0.7923482060432434,-0.03242383152246475,0.7509355545043945,0.7570828199386597,-0.0535588338971138,0.7479959726333618,0.7977679371833801,-0.043260663747787476,0.7464408874511719,0.8199809193611145,-0.03103507310152054
0.8027687072753906,0.7773752212524414,3.233108714084665e-08,0.7359194159507751,0.723297119140625,-0.020491836592555046,0.6765778064727783,0.6577732563018799,-0.029009200632572174,0.6220540404319763,0.6126735210418701,-0.03952678665518761,0.5740740895271301,0.5948062539100647,-0.04846348240971565,0.7044996619224548,0.5757701396942139,0.007700578775256872,0.6945501565933228,0.5054353475570679,-0.015062520280480385,0.6872096061706543,0.4604804515838623,-0.029529519379138947,0.6771891713142395,0.41330137848854065,-0.03802274540066719,0.7442367672920227,0.5754448771476746,0.008101294748485088,0.7473564147949219,0.5323618650436401,-0.017839672043919563,0.7525060176849365,0.6020094156265259,-0.0188278928399086,0.7471317052841187,0.611230194568634,-0.010981939733028412,0.7861542105674744,0.5777055025100708,0.0024923314340412617,0.7878526449203491,0.5387513041496277,-0.03047768399119377,0.7877289652824402,0.6073495149612427,-0.018767956644296646,0.7817357778549194,0.6190112829208374,-0.0001497854827903211,0.8247917890548706,0.5847023129463196,-0.004683889448642731,0.8244379758834839,0.548220694065094,-0.019170459359884262,0.8202986121177673,0.5986692309379578,-0.003075090004131198,0.8165279626846313,0.6180492043495178,0.014365291222929955
0.7693001627922058,0.6012314558029175,3.75418096609792e-09,0.7139173150062561,0.5839190483093262,-0.030982568860054016,0.6533472537994385,0.5339065194129944,-0.050145190209150314,0.595197319984436,0.4981505870819092,-0.0696156844496727,0.5446184873580933,0.4919228255748749,-0.08712764829397202,0.6600102186203003,0.42321130633354187,-0.02066640742123127,0.6418704390525818,0.3381902575492859,-0.055579639971256256,0.6316333413124084,0.2850192189216614,-0.07113281637430191,0.6248112916946411,0.23047548532485962,-0.07803213596343994,0.7034423351287842,0.42185935378074646,-0.018623976036906242,0.7123748064041138,0.3847205638885498,-0.05679158866405487,0.7209994196891785,0.46582290530204773,-0.05250464007258415,0.7105787396430969,0.4695896804332733,-0.0389845035970211,0.7481665015220642,0.42328840494155884,-0.022987131029367447,0.7546979784965515,0.3918500542640686,-0.06721309572458267,0.7575656771659851,0.46739649772644043,-0.04918244853615761,0.7485013008117676,0.47393688559532166,-0.024599116295576096,0.7889491319656372,0.4286072552204132,-0.029485957697033882,0.7916586399078369,0.39197927713394165,-0.053403373807668686,0.7893640398979187,0.4467097818851471,-0.035836681723594666,0.7843503355979919,0.467332124710083,-0.015173206105828285
0.7655535340309143,0.5366960167884827,-2.1405755390446757e-08,0.7085680961608887,0.5248033404350281,-0.033596668392419815,0.6458141803741455,0.4745149612426758,-0.056806888431310654,0.586585521697998,0.4408872127532959,-0.0806325227022171,0.532459020614624,0.437960147857666,-0.10319193452596664,0.6512097716331482,0.35460227727890015,-0.028682028874754906,0.6306424140930176,0.2607664167881012,-0.06366201490163803,0.6233915090560913,0.19991271197795868,-0.07858750224113464,0.6182672381401062,0.1444592922925949,-0.0856943279504776,0.6953796148300171,0.3513127565383911,-0.02831895463168621,0.7106039524078369,0.30982422828674316,-0.07276085764169693,0.723969042301178,0.39434054493904114,-0.07100117206573486,0.7110745310783386,0.4101252555847168,-0.05817239731550217,0.741121768951416,0.351030170917511,-0.03376216068863869,0.7541778087615967,0.31791606545448303,-0.08372657746076584,0.7592408657073975,0.3987021744251251,-0.06672844290733337,0.743445873260498,0.41599372029304504,-0.042495496571063995,0.7817969918251038,0.35553330183029175,-0.041308507323265076,0.7929353713989258,0.31874021887779236,-0.07015693187713623,0.7932711839675903,0.3799333870410919,-0.05348715931177139,0.782268226146698,0.4060436487197876,-0.03338860720396042
0.7582127451896667,0.5160566568374634,-5.128244495722356e-08,0.6960724592208862,0.4970838129520416,-0.03733310475945473,0.6266286969184875,0.44383156299591064,-0.0628526583313942,0.5610159635543823,0.41192418336868286,-0.0889468565583229,0.50307297706604,0.40913575887680054,-0.11365439742803574,0.6386933326721191,0.31138816475868225,-0.02970537357032299,0.6183164715766907,0.21248026192188263,-0.06681440025568008,0.6104267835617065,0.14851489663124084,-0.08298259228467941,0.6049708127975464,0.08976742625236511,-0.09103216975927353,0.6854324340820312,0.30713796615600586,-0.028886787593364716,0.6999003291130066,0.26862025260925293,-0.07579904049634933,0.7116538286209106,0.3626493215560913,-0.07374322414398193,0.699332058429718,0.37929826974868774,-0.06000389903783798,0.7339808940887451,0.30838531255722046,-0.03479323908686638,0.74733567237854,0.27927494049072266,-0.08934509754180908,0.749871551990509,0.3683052957057953,-0.07304412126541138,0.7329673767089844,0.384114533662796,-0.048100296407938004,0.7782338261604309,0.3147885203361511,-0.04299577325582504,0.7902323007583618,0.28149861097335815,-0.07510476559400558,0.7869354486465454,0.3491121232509613,-0.058692049235105515,0.7730758190155029,0.3761795163154602,-0.03825131058692932
0.7459976673126221,0.5278276205062866,-1.8008984170592157e-07,0.6818685531616211,0.49833202362060547,-0.04454578086733818,0.618729293346405,0.4461219012737274,-0.06788811087608337,0.5503076910972595,0.4149753451347351,-0.08827829360961914,0.4917765259742737,0.40638306736946106,-0.10430718958377838,0.625543475151062,0.3063622713088989,-0.037394680082798004,0.6033088564872742,0.20316775143146515,-0.08531557768583298,0.5930324196815491,0.13797588646411896,-0.10701058804988861,0.5886024236679077,0.07324415445327759,-0.11474685370922089,0.6739880442619324,0.30522793531417847,-0.028957629576325417,0.6853758692741394,0.2713819444179535,-0.07008645683526993,0.6940589547157288,0.36961817741394043,-0.057899437844753265,0.6837999820709229,0.38133275508880615,-0.037652503699064255,0.72236168384552,0.3093319535255432,-0.03041781298816204,0.7330939769744873,0.28124523162841797,-0.08626218140125275,0.7336701154708862,0.3753913938999176,-0.07029908150434494,0.7178020477294922,0.3817804455757141,-0.04381661117076874,0.7683895826339722,0.3166530132293701,-0.034459806978702545,0.7781214714050293,0.28200170397758484,-0.0632791519165039,0.7707458734512329,0.3495510220527649,-0.04555386304855347,0.7564521431922913,0.37794139981269836,-0.024090245366096497
0.7435927391052246,0.545229434967041,-7.661476075782048e-08,0.6876283884048462,0.526658833026886,-0.04369506239891052,0.6227909922599792,0.48760926723480225,-0.07396860420703888,0.5556169152259827,0.47303617000579834,-0.10277105122804642,0.4987694025039673,0.481360524892807,-0.129127636551857,0.6263597011566162,0.34255897998809814,-0.04906294867396355,0.6038952469825745,0.23721598088741302,-0.09435026347637177,0.5953516960144043,0.16744430363178253,-0.11314647644758224,0.5913683176040649,0.10029366612434387,-0.12099768221378326,0.6713883280754089,0.3361981213092804,-0.04311523213982582,0.6883128881454468,0.30604109168052673,-0.08816197514533997,0.6961910724639893,0.40142953395843506,-0.07805716246366501,0.6817286014556885,0.4082760214805603,-0.05988544225692749,0.7191416621208191,0.3375297784805298,-0.04497450962662697,0.736772358417511,0.3158033490180969,-0.09995610266923904,0.7345526814460754,0.40502744913101196,-0.0832204520702362,0.7133262157440186,0.40950319170951843,-0.05836743861436844,0.764600932598114,0.3414700925350189,-0.04949416592717171,0.7792206406593323,0.3131975531578064,-0.08054350316524506,0.7708336710929871,0.38024255633354187,-0.06519056856632233,0.751683235168457,0.4042662978172302,-0.046158567070961
0.7327218055725098,0.5485885143280029,1.3554025457551688e-08,0.6809056997299194,0.5346462726593018,-0.04720553383231163,0.6256464719772339,0.5032855868339539,-0.08324196189641953,0.5636342167854309,0.4922356605529785,-0.11738510429859161,0.5108944177627563,0.5064952969551086,-0.14893129467964172,0.6275296211242676,0.3581601083278656,-0.05597343668341637,0.6125719547271729,0.2595866918563843,-0.10263120383024216,0.6067424416542053,0.18949821591377258,-0.12356981635093689,0.605498731136322,0.12509627640247345,-0.1331150382757187,0.6687496304512024,0.34970685839653015,-0.048825062811374664,0.6946611404418945,0.3321091830730438,-0.0943685919046402,0.6997103691101074,0.42078548669815063,-0.08556631952524185,0.6807259321212769,0.424422025680542,-0.0689816027879715,0.7136421203613281,0.35025742650032043,-0.04922737926244736,0.7355400919914246,0.33869668841362,-0.10111358016729355,0.7330423593521118,0.4181535542011261,-0.08351565897464752,0.7104651927947998,0.42151182889938354,-0.05938778445124626,0.7553856372833252,0.3549714684486389,-0.05309910699725151,0.7735175490379333,0.3320329785346985,-0.08217096328735352,0.7640592455863953,0.3932439982891083,-0.06685572862625122,0.7429909706115723,0.4158667325973511,-0.04809075593948364
0.7298235893249512,0.5688291788101196,2.4798449516083565e-08,0.6798850297927856,0.5547664761543274,-0.042216282337903976,0.6263976693153381,0.5155220627784729,-0.07493001967668533,0.5704122185707092,0.4915962517261505,-0.10661255568265915,0.5186722874641418,0.49673885107040405,-0.13695380091667175,0.6431695818901062,0.3771902620792389,-0.05370521545410156,0.6333498954772949,0.27452316880226135,-0.09512541443109512,0.6326815485954285,0.20457696914672852,-0.11322014033794403,0.6357292532920837,0.14345543086528778,-0.12221828103065491,0.6836076974868774,0.3722781240940094,-0.04978318512439728,0.7129296660423279,0.35612910985946655,-0.09893780946731567,0.7108491659164429,0.44396477937698364,-0.09559524804353714,0.6940804123878479,0.4554803967475891,-0.08230084180831909,0.7261075377464294,0.37945619225502014,-0.05156103894114494,0.7530580759048462,0.3718652129173279,-0.1048244833946228,0.7423685193061829,0.4489085376262665,-0.08916455507278442,0.7207996249198914,0.45814597606658936,-0.06623761355876923,0.764735996723175,0.3925465941429138,-0.056199293583631516,0.7888092398643494,0.37279021739959717,-0.08764258772134781,0.7750509977340698,0.4306004047393799,-0.07358286529779434,0.7525649070739746,0.45141351222991943,-0.05533941090106964
0.7296602129936218,0.6252610683441162,-8.224697012337856e-08,0.6776988506317139,0.6023101806640625,-0.037033986300230026,0.6243886947631836,0.5407560467720032,-0.06099638715386391,0.5736674070358276,0.4967647194862366,-0.08445440232753754,0.5236253142356873,0.48616084456443787,-0.10645405203104019,0.6483687162399292,0.41872960329055786,-0.03500756621360779,0.6436828374862671,0.32636559009552,-0.07045628875494003,0.6451206803321838,0.2661656439304352,-0.08604439347982407,0.6483484506607056,0.21114760637283325,-0.09429964423179626,0.6889392733573914,0.4204910695552826,-0.03178214654326439,0.7173227071762085,0.39992138743400574,-0.0767437294125557,0.7148090600967407,0.48674318194389343,-0.07490009814500809,0.6965091228485107,0.49717220664024353,-0.06275137513875961,0.7309905290603638,0.43009376525878906,-0.034621067345142365,0.7553094029426575,0.4203248918056488,-0.08578818291425705,0.745214581489563,0.4985162019729614,-0.07289762794971466,0.7234023213386536,0.50484699010849,-0.052040763199329376,0.7686613202095032,0.4434758424758911,-0.03974724933505058,0.7910680770874023,0.4256470203399658,-0.07067026942968369,0.7774823307991028,0.4845803380012512,-0.05924971401691437,0.7557313442230225,0.5018604397773743,-0.04347234219312668
0.7255305051803589,0.6790692210197449,-1.5990252677511307e-07,0.6744372248649597,0.6447523832321167,-0.03403263911604881,0.6242637038230896,0.5829311609268188,-0.04950829967856407,0.5744534730911255,0.5405573844909668,-0.06326407194137573,0.5280969738960266,0.5260607600212097,-0.07413516938686371,0.6489159464836121,0.4744352102279663,-0.02434735745191574,0.6429468393325806,0.38615864515304565,-0.057616930454969406,0.6420406103134155,0.3333706259727478,-0.07209963351488113,0.6432995200157166,0.28044936060905457,-0.07797650247812271,0.6884276866912842,0.48283255100250244,-0.018954569473862648,0.7053488492965698,0.4546796679496765,-0.05458282306790352,0.7021201848983765,0.5365282893180847,-0.048925306648015976,0.689596951007843,0.5463424921035767,-0.03481406345963478,0.7273246049880981,0.49520644545555115,-0.020686740055680275,0.743245005607605,0.4758364260196686,-0.06760358065366745,0.7339618802070618,0.5537103414535522,-0.05747579038143158,0.7173896431922913,0.5571352243423462,-0.03770618140697479,0.7637359499931335,0.5088315010070801,-0.02414448745548725,0.7794241905212402,0.48454102873802185,-0.04947248473763466,0.7670242786407471,0.5388069748878479,-0.037351276725530624,0.7507228851318359,0.5572211146354675,-0.021574821323156357
0.7247902750968933,0.6769642233848572,-1.2598312082445773e-07,0.6758052706718445,0.6453101634979248,-0.035019032657146454,0.6264985203742981,0.5866894721984863,-0.05282207578420639,0.5766041874885559,0.5476998090744019,-0.06922540068626404,0.5300718545913696,0.5346853733062744,-0.08290443569421768,0.6509652137756348,0.4801146686077118,-0.02581215277314186,0.6450266242027283,0.39505264163017273,-0.05884088948369026,0.6446089744567871,0.34309571981430054,-0.07197166979312897,0.6466613411903381,0.29191577434539795,-0.07687678188085556,0.6906378269195557,0.48751458525657654,-0.02048535645008087,0.7063741087913513,0.4619118869304657,-0.056631118059158325,0.703477144241333,0.5416436791419983,-0.05018765851855278,0.692028820514679,0.5470728874206543,-0.03533932566642761,0.7297308444976807,0.49906307458877563,-0.022332480177283287,0.7445964813232422,0.48276928067207336,-0.06866934150457382,0.735001266002655,0.5577341318130493,-0.057149533182382584,0.7192287445068359,0.5581496953964233,-0.036733999848365784,0.765393078327179,0.5119092464447021,-0.026186171919107437,0.7797500491142273,0.49063611030578613,-0.05169493705034256,0.7673118710517883,0.5433915853500366,-0.039753858000040054,0.7522772550582886,0.5595038533210754,-0.024108782410621643
0.7343418598175049,0.6745769381523132,-4.434753009263659e-08,0.685675859451294,0.645462155342102,-0.03825011104345322,0.6336042284965515,0.594511091709137,-0.061360977590084076,0.5791143178939819,0.565275251865387,-0.0834120586514473,0.5319241285324097,0.558821439743042,-0.10313111543655396,0.6559143662452698,0.48048198223114014,-0.030097762122750282,0.647339403629303,0.39591169357299805,-0.06259998679161072,0.6471555829048157,0.3405255675315857,-0.0759638324379921,0.6491858959197998,0.28981465101242065,-0.08193951100111008,0.6935454607009888,0.48602747917175293,-0.02496546320617199,0.7122638821601868,0.46046388149261475,-0.06392311304807663,0.7115848064422607,0.5390574932098389,-0.060417260974645615,0.6970129013061523,0.5468623042106628,-0.04727958142757416,0.7328765988349915,0.49588632583618164,-0.026662344112992287,0.7499775886535645,0.4798981845378876,-0.07264167070388794,0.7427924871444702,0.5522597432136536,-0.06140134483575821,0.7243006825447083,0.5564755797386169,-0.04152395576238632,0.7688195705413818,0.5088386535644531,-0.030976636335253716,0.7845454216003418,0.4851342439651489,-0.0577806681394577,0.7732148170471191,0.5363255143165588,-0.04725509136915207,0.7557279467582703,0.554584801197052,-0.03232767432928085
0.7385190725326538,0.6700735092163086,-2.722437608682071e-09,0.6933751702308655,0.6424645781517029,-0.03722287341952324,0.6439793109893799,0.5983648896217346,-0.061485301703214645,0.5905139446258545,0.5778180360794067,-0.08510132879018784,0.5442687273025513,0.5838252902030945,-0.1065082848072052,0.6527789831161499,0.4832126498222351,-0.030382053926587105,0.6411792039871216,0.39990121126174927,-0.06328192353248596,0.6376585364341736,0.3465898036956787,-0.07641440629959106,0.6362541913986206,0.2958739399909973,-0.08193919062614441,0.690853476524353,0.4865770936012268,-0.026059800758957863,0.7074801921844482,0.4599445164203644,-0.06450667232275009,0.7086608409881592,0.5386236906051636,-0.0602259635925293,0.6954272389411926,0.5439316034317017,-0.04651863873004913,0.7306098937988281,0.4938584566116333,-0.028404593467712402,0.7461373209953308,0.4768882691860199,-0.07377120107412338,0.7404885292053223,0.5486651659011841,-0.06197457015514374,0.7238133549690247,0.5520870685577393,-0.04172923415899277,0.7674758434295654,0.503380537033081,-0.03329849988222122,0.7815248966217041,0.4786115884780884,-0.05857883766293526,0.7714489698410034,0.530203640460968,-0.04665536433458328,0.7563194036483765,0.5493931770324707,-0.03076017089188099
0.72923743724823,0.6415865421295166,1.587775777522893e-08,0.686564028263092,0.6203299164772034,-0.03402658551931381,0.6375567317008972,0.5782740712165833,-0.0578046590089798,0.5854400992393494,0.5644144415855408,-0.08165918290615082,0.5410072803497314,0.5766514539718628,-0.1038462296128273,0.6427717804908752,0.4703703820705414,-0.029153570532798767,0.6290337443351746,0.38798269629478455,-0.06021784245967865,0.6249870657920837,0.3353019952774048,-0.07196936011314392,0.6226128935813904,0.2849946916103363,-0.07714813202619553,0.6785602569580078,0.4726199209690094,-0.02653203159570694,0.6967625021934509,0.44513916969299316,-0.06555239111185074,0.7009355425834656,0.5192953944206238,-0.06269872933626175,0.6865360736846924,0.5243143439292908,-0.0503234900534153,0.7172937393188477,0.4781273603439331,-0.02971610613167286,0.7338301539421082,0.45957231521606445,-0.07286816090345383,0.7312853932380676,0.526863694190979,-0.060417916625738144,0.713887631893158,0.530683159828186,-0.04085661843419075,0.7536126971244812,0.4861302971839905,-0.035353630781173706,0.7677245140075684,0.4620431363582611,-0.05968591570854187,0.7607504725456238,0.511334240436554,-0.04807579144835472,0.7458006143569946,0.5283067226409912,-0.03293343260884285
0.7222950458526611,0.6229344010353088,2.9586541216986006e-08,0.6830301880836487,0.6002630591392517,-0.03588108718395233,0.636419951915741,0.5609195232391357,-0.060697171837091446,0.5848393440246582,0.5499880313873291,-0.0850762277841568,0.5414692163467407,0.5619155168533325,-0.10764600336551666,0.6395755410194397,0.45174118876457214,-0.0316665954887867,0.6262516975402832,0.37069961428642273,-0.06387478113174438,0.6218001842498779,0.3179093599319458,-0.07750377058982849,0.6197682023048401,0.2678711414337158,-0.08410559594631195,0.673984706401825,0.45268937945365906,-0.02794208563864231,0.6952020525932312,0.42974886298179626,-0.06760158389806747,0.6980725526809692,0.5023643970489502,-0.06657960265874863,0.6830729246139526,0.507483184337616,-0.05587896704673767,0.7117687463760376,0.45819520950317383,-0.03011740930378437,0.7305334806442261,0.44220730662345886,-0.07363999634981155,0.7259671688079834,0.5078660249710083,-0.06334339827299118,0.707663893699646,0.5110102295875549,-0.04550648108124733,0.7467598915100098,0.46586883068084717,-0.034868355840444565,0.7631205320358276,0.44383078813552856,-0.05999438092112541,0.7543367743492126,0.49296754598617554,-0.050128232687711716,0.7379624247550964,0.509431004524231,-0.03630306199193001
0.7125275135040283,0.6044406890869141,3.676037962918599e-08,0.679349422454834,0.5799471735954285,-0.03482132405042648,0.6427032947540283,0.5421876907348633,-0.060340721160173416,0.602328896522522,0.5289700627326965,-0.08556056767702103,0.5616635680198669,0.5398539304733276,-0.10896953195333481,0.643539547920227,0.43608611822128296,-0.03411168232560158,0.6341380476951599,0.35632604360580444,-0.06628409028053284,0.632167398929596,0.30496448278427124,-0.080210380256176,0.6327034831047058,0.2547229528427124,-0.08722500503063202,0.6768285036087036,0.43824365735054016,-0.03129483759403229,0.7004374861717224,0.42199522256851196,-0.07054831832647324,0.7005720138549805,0.49122828245162964,-0.07091756165027618,0.6864736080169678,0.4945301115512848,-0.06212988868355751,0.712671160697937,0.4466184377670288,-0.033938322216272354,0.7329461574554443,0.4361569881439209,-0.07653342932462692,0.7254279255867004,0.49711722135543823,-0.06752773374319077,0.7081469893455505,0.4982248544692993,-0.05135917291045189,0.7459284067153931,0.45651063323020935,-0.03905918821692467,0.7621527910232544,0.43734240531921387,-0.06342414766550064,0.7522270679473877,0.48259246349334717,-0.05417338013648987,0.7367417812347412,0.497297078371048,-0.04127980023622513
0.6989539265632629,0.5709763765335083,3.5574518619796436e-07,0.6749756336212158,0.5520403385162354,-0.06178855523467064,0.6476114988327026,0.5252509117126465,-0.1041814461350441,0.6177886724472046,0.5120881795883179,-0.1419191062450409,0.5816535353660583,0.5271083116531372,-0.17839205265045166,0.6340786218643188,0.4090440571308136,-0.057760439813137054,0.6282342076301575,0.33204078674316406,-0.08938906341791153,0.6257550716400146,0.27791717648506165,-0.10386532545089722,0.6272521615028381,0.2292250096797943,-0.112608902156353,0.6648402810096741,0.4073803722858429,-0.0439244881272316,0.6948099136352539,0.38943618535995483,-0.08489075303077698,0.6944030523300171,0.4598536193370819,-0.08633951842784882,0.6803749203681946,0.4688825309276581,-0.07777447253465652,0.6979148387908936,0.414334774017334,-0.03714853525161743,0.7250412702560425,0.4041128158569336,-0.07926589250564575,0.7176561951637268,0.46574586629867554,-0.0710124596953392,0.7001475095748901,0.4725160300731659,-0.0559861920773983,0.7265479564666748,0.4251249432563782,-0.035686057060956955,0.751307487487793,0.40866100788116455,-0.06170697137713432,0.742837131023407,0.4535890817642212,-0.05587990954518318,0.7262632846832275,0.4705395996570587,-0.04593367502093315
0.6771089434623718,0.5486496686935425,2.8735465207319066e-07,0.6666178703308105,0.5252529382705688,-0.04805687069892883,0.643092155456543,0.5040860772132874,-0.08418319374322891,0.6118251085281372,0.5033731460571289,-0.11816023290157318,0.5755409598350525,0.5268487334251404,-0.15031632781028748,0.6190417408943176,0.3875383138656616,-0.0508868582546711,0.6226682662963867,0.2991507053375244,-0.08269406110048294,0.626535952091217,0.24244996905326843,-0.09479844570159912,0.6327316164970398,0.1901380717754364,-0.10097389668226242,0.6485055088996887,0.3827369809150696,-0.04208093881607056,0.6909094452857971,0.36664921045303345,-0.08175936341285706,0.684664249420166,0.4362366795539856,-0.07915491610765457,0.6636369228363037,0.43958380818367004,-0.06833939254283905,0.6789687275886536,0.38899028301239014,-0.039200566709041595,0.7166445851325989,0.38535502552986145,-0.07992257922887802,0.7041889429092407,0.4428073763847351,-0.06949353218078613,0.679203450679779,0.44672566652297974,-0.05338374525308609,0.7040469646453857,0.39963752031326294,-0.040336113423109055,0.7318631410598755,0.39300525188446045,-0.06310596317052841,0.721299946308136,0.433374285697937,-0.055121149867773056,0.7001858949661255,0.44484058022499084,-0.04396680369973183
0.6327636241912842,0.47741666436195374,4.3223849388596136e-07,0.6221177577972412,0.46036848425865173,-0.06426071375608444,0.5991352796554565,0.4419154226779938,-0.10651343315839767,0.574922502040863,0.4449479877948761,-0.1435597985982895,0.5429522395133972,0.46769773960113525,-0.1785990446805954,0.580162763595581,0.31729447841644287,-0.06138893589377403,0.5911446213722229,0.23179525136947632,-0.09441448003053665,0.5977775454521179,0.17307217419147491,-0.1089184507727623,0.607159435749054,0.11926107108592987,-0.11724990606307983,0.6114140152931213,0.3176138699054718,-0.04634938761591911,0.6513518691062927,0.3019247353076935,-0.09217394888401031,0.6415111422538757,0.3718957304954529,-0.09430090337991714,0.6243821978569031,0.3810139298439026,-0.08479604870080948,0.6407954096794128,0.32572636008262634,-0.038633082062006,0.6740924119949341,0.32437247037887573,-0.08335059881210327,0.6584638953208923,0.3810693025588989,-0.07600881159305573,0.6367511749267578,0.38641828298568726,-0.0602567195892334,0.6632903814315796,0.33607038855552673,-0.03644929081201553,0.6883780360221863,0.3314324617385864,-0.06280580908060074,0.6757737398147583,0.3736899793148041,-0.05750839412212372,0.6556335091590881,0.3871409296989441,-0.04728947952389717
0.6124440431594849,0.4360029697418213,4.205488437492022e-07,0.6149357557296753,0.42888855934143066,-0.05662340670824051,0.613082766532898,0.4139716327190399,-0.09510879218578339,0.6186457276344299,0.4251347482204437,-0.12795358896255493,0.6129821538925171,0.4487234652042389,-0.15913553535938263,0.5761255621910095,0.3052590489387512,-0.07079171389341354,0.5893857479095459,0.21747642755508423,-0.10590415447950363,0.6003613471984863,0.15697455406188965,-0.12040117383003235,0.6084161400794983,0.10461165010929108,-0.12822557985782623,0.5992483496665955,0.3035026788711548,-0.05771729722619057,0.6426820158958435,0.28371089696884155,-0.10193893313407898,0.6412866115570068,0.3443477749824524,-0.10184859484434128,0.6207011938095093,0.3509068787097931,-0.09251134097576141,0.621282160282135,0.30896538496017456,-0.05017152056097984,0.6592540144920349,0.2996721565723419,-0.0926516056060791,0.6510416269302368,0.35318541526794434,-0.0835341215133667,0.6261687278747559,0.35842156410217285,-0.06823093444108963,0.6364030241966248,0.31667202711105347,-0.047098658978939056,0.6645576357841492,0.312107652425766,-0.07452500611543655,0.6586739420890808,0.3518771231174469,-0.06950941681861877,0.6383438110351562,0.3647015392780304,-0.0597543865442276
0.6103250980377197,0.44306042790412903,3.167814668358915e-07,0.6081489324569702,0.42284223437309265,-0.0385972261428833,0.593497633934021,0.4078337252140045,-0.06672858446836472,0.575427770614624,0.41741520166397095,-0.09167169034481049,0.5548492670059204,0.43385952711105347,-0.11600950360298157,0.5727413892745972,0.2960938811302185,-0.05089091882109642,0.5863510966300964,0.213992178440094,-0.07659058272838593,0.5950887799263,0.15629786252975464,-0.08945149928331375,0.6032277941703796,0.10959051549434662,-0.09763471782207489,0.5941961407661438,0.3004187047481537,-0.045043282210826874,0.64690101146698,0.28132715821266174,-0.08087238669395447,0.6402981281280518,0.3332355320453644,-0.0844610258936882,0.6198805570602417,0.3533320724964142,-0.07926344871520996,0.6146582961082458,0.3157487213611603,-0.04260571300983429,0.6570959687232971,0.3113698363304138,-0.07543215155601501,0.6437407732009888,0.35215944051742554,-0.07174454629421234,0.619793176651001,0.36315804719924927,-0.06236054375767708,0.6296519041061401,0.3361707329750061,-0.04318193718791008,0.6526957750320435,0.3426566421985626,-0.06532464921474457,0.639849066734314,0.37555012106895447,-0.06300445646047592,0.617354691028595,0.38559117913246155,-0.056489136070013046
0.6364956498146057,0.5002781748771667,5.979720274496003e-09,0.6008066534996033,0.47840750217437744,-0.03198041021823883,0.5622914433479309,0.44185733795166016,-0.055793944746255875,0.5178167819976807,0.42795947194099426,-0.07931721210479736,0.4775056838989258,0.436368852853775,-0.10159660875797272,0.5710923671722412,0.338957279920578,-0.035571757704019547,0.5657684803009033,0.25822439789772034,-0.06714850664138794,0.5665718913078308,0.20521166920661926,-0.08117952942848206,0.5691339373588562,0.1570778787136078,-0.08815512806177139,0.604046106338501,0.3405582308769226,-0.033059388399124146,0.6235043406486511,0.32759320735931396,-0.0704687237739563,0.6206495761871338,0.39689552783966064,-0.0684523656964302,0.6089470982551575,0.4027370512485504,-0.05829118564724922,0.6383638381958008,0.34965652227401733,-0.03537916764616966,0.6550845503807068,0.34262269735336304,-0.07550299167633057,0.6457166075706482,0.40339189767837524,-0.0636940598487854,0.6306386590003967,0.40811407566070557,-0.04595670476555824,0.6690057516098022,0.3619210124015808,-0.040064502507448196,0.6846784353256226,0.34590834379196167,-0.06231898441910744,0.6724104881286621,0.3904331624507904,-0.05065654218196869,0.6560344696044922,0.4069095849990845,-0.03617290407419205
0.6550326347351074,0.5424419045448303,-3.6956858906478374e-08,0.6146906614303589,0.5201661586761475,-0.02799849957227707,0.5711125135421753,0.4800093173980713,-0.049876388162374496,0.5217245817184448,0.4648860692977905,-0.0724952295422554,0.4799818992614746,0.4713888168334961,-0.09401518106460571,0.582487940788269,0.37429964542388916,-0.030502088367938995,0.5740060210227966,0.29185205698013306,-0.06320168823003769,0.5730261206626892,0.23736071586608887,-0.07864531129598618,0.5750994682312012,0.1882474422454834,-0.0867343321442604,0.6161828637123108,0.375797301530838,-0.02979767508804798,0.6310907006263733,0.3627527952194214,-0.0672219768166542,0.62981116771698,0.43439608812332153,-0.06478644907474518,0.620640218257904,0.4390571713447571,-0.054600391536951065,0.6527380347251892,0.3853813707828522,-0.03400959447026253,0.6649895310401917,0.37831810116767883,-0.07353147864341736,0.6561773419380188,0.44090813398361206,-0.060358282178640366,0.644077479839325,0.4452900290489197,-0.0420004278421402,0.6854384541511536,0.3987008333206177,-0.04046829417347908,0.6971158385276794,0.38537168502807617,-0.06275685876607895,0.6836026906967163,0.4315323531627655,-0.05081048980355263,0.6689569354057312,0.44632357358932495,-0.036113180220127106
0.6684292554855347,0.576622486114502,-5.838518646328339e-08,0.6254330277442932,0.5556352138519287,-0.028213949874043465,0.5776806473731995,0.5117415189743042,-0.0472094900906086,0.5251821875572205,0.49621909856796265,-0.06637159734964371,0.48542726039886475,0.5040520429611206,-0.08476945757865906,0.5849433541297913,0.41241464018821716,-0.0279898289591074,0.5685043931007385,0.33425503969192505,-0.060564491897821426,0.5605315566062927,0.2798875570297241,-0.07465897500514984,0.5576567649841309,0.2319522351026535,-0.08128460496664047,0.6195632219314575,0.40782874822616577,-0.026048079133033752,0.6181070804595947,0.39369314908981323,-0.06123339757323265,0.6261162757873535,0.4643039107322693,-0.05471765249967575,0.6281703114509583,0.47009414434432983,-0.04049662500619888,0.6581678986549377,0.41291147470474243,-0.029818030074238777,0.6568136811256409,0.41137033700942993,-0.06829104572534561,0.6570279002189636,0.47340792417526245,-0.05351625755429268,0.6553331613540649,0.47134754061698914,-0.032889753580093384,0.6947084665298462,0.42201122641563416,-0.035857539623975754,0.6921444535255432,0.41497543454170227,-0.05486087501049042,0.6850536465644836,0.4609390199184418,-0.04150018468499184,0.6818872690200806,0.4680972397327423,-0.026069674640893936
0.6691665053367615,0.605002760887146,-2.3322535014358436e-07,0.6226345896720886,0.575534462928772,-0.013164716772735119,0.5733506679534912,0.5155545473098755,-0.020566051825881004,0.5297821760177612,0.48932087421417236,-0.030155137181282043,0.494733989238739,0.4916406273841858,-0.03934185579419136,0.604008674621582,0.4238838255405426,-0.010013479739427567,0.5916256308555603,0.34565144777297974,-0.03852110728621483,0.5825608372688293,0.2941087782382965,-0.05336188152432442,0.5766142010688782,0.24675677716732025,-0.062298137694597244,0.6353293061256409,0.42709505558013916,-0.016162239015102386,0.6120889186859131,0.4086531400680542,-0.05140182375907898,0.6176893711090088,0.48089125752449036,-0.0505460686981678,0.6286512613296509,0.4859946072101593,-0.04113035276532173,0.6676742434501648,0.43661317229270935,-0.026790933683514595,0.6456453800201416,0.4260444939136505,-0.06482651084661484,0.6457567811012268,0.49235984683036804,-0.0506846159696579,0.6547185778617859,0.48895394802093506,-0.03110956959426403,0.7001590728759766,0.44814762473106384,-0.03850777819752693,0.6796289086341858,0.432107537984848,-0.05688449367880821,0.6732686161994934,0.48107460141181946,-0.04172537848353386,0.6801736950874329,0.48774123191833496,-0.025721652433276176
0.6757856011390686,0.6356920599937439,-3.4902771517408837e-07,0.6289342641830444,0.5968191027641296,-0.0011429557343944907,0.5903826951980591,0.5267744064331055,-0.002820047317072749,0.5590905547142029,0.49241214990615845,-0.009170965291559696,0.5269218683242798,0.4934994578361511,-0.015721306204795837,0.6312673687934875,0.4328943192958832,0.0016215597279369831,0.6228693723678589,0.3461860120296478,-0.02074894681572914,0.6180845499038696,0.2939073443412781,-0.03224862739443779,0.6139771342277527,0.24449241161346436,-0.04087026044726372,0.6609593033790588,0.43816855549812317,-0.012240755371749401,0.6187227964401245,0.4215490221977234,-0.04675396904349327,0.6229769587516785,0.49627089500427246,-0.047563519328832626,0.6414933204650879,0.5124102830886841,-0.040080808103084564,0.6900421380996704,0.4524400532245636,-0.02934451401233673,0.6483719944953918,0.44463157653808594,-0.06424111872911453,0.6495243310928345,0.5161147713661194,-0.04876742511987686,0.6661115884780884,0.5231454372406006,-0.030095558613538742,0.7190485596656799,0.4729778468608856,-0.04721805453300476,0.6835809946060181,0.45544537901878357,-0.06707660853862762,0.6749212145805359,0.5107037425041199,-0.052948664873838425,0.6846640706062317,0.528034508228302,-0.03789569437503815
0.68072909116745,0.6343625783920288,-2.6982161216437817e-07,0.6264840960502625,0.5978008508682251,-0.005642354022711515,0.578442394733429,0.5326148271560669,-0.012200189754366875,0.5415200591087341,0.49903619289398193,-0.022943323478102684,0.5086418390274048,0.49330148100852966,-0.03294866532087326,0.6205017566680908,0.42849647998809814,-0.008627373725175858,0.6063690781593323,0.33745288848876953,-0.036041099578142166,0.5972935557365417,0.2805834412574768,-0.048470690846443176,0.5903745293617249,0.22687186300754547,-0.05651114881038666,0.6546880006790161,0.4297505021095276,-0.020296800881624222,0.6134078502655029,0.4260987341403961,-0.054787252098321915,0.6164079308509827,0.5013805627822876,-0.05039331689476967,0.6346136927604675,0.5081230401992798,-0.039901476353406906,0.6878425478935242,0.44186121225357056,-0.03607271984219551,0.6474722027778625,0.44743260741233826,-0.06961025297641754,0.6489157676696777,0.5164860486984253,-0.05018511414527893,0.6658491492271423,0.5137008428573608,-0.030077427625656128,0.7215288281440735,0.4601958692073822,-0.05338863655924797,0.6861879825592041,0.45614004135131836,-0.06878533214330673,0.6790953278541565,0.5072509050369263,-0.051746901124715805,0.6916123628616333,0.5137088894844055,-0.03564997762441635
0.6740509867668152,0.5673078298568726,-2.359243467253691e-07,0.6192545890808105,0.5390110611915588,-0.013130408711731434,0.5698792934417725,0.4750717282295227,-0.01790422946214676,0.5273862481117249,0.4417360723018646,-0.024603530764579773,0.4931256175041199,0.42987900972366333,-0.030676955357193947,0.606148898601532,0.3694525361061096,-0.004863489884883165,0.5997701287269592,0.28544747829437256,-0.030362766236066818,0.5954350829124451,0.23173946142196655,-0.04512301832437515,0.5933941006660461,0.1822090744972229,-0.054708611220121384,0.6421262621879578,0.3762325942516327,-0.009980948641896248,0.6286197900772095,0.3414871096611023,-0.04681718349456787,0.6290611624717712,0.4212309420108795,-0.04936018958687782,0.6362274885177612,0.4450353682041168,-0.04108063131570816,0.6795047521591187,0.38778483867645264,-0.019363883882761,0.6683562397956848,0.3627815246582031,-0.05742580071091652,0.6628192067146301,0.43794071674346924,-0.04535401239991188,0.6668717265129089,0.45040079951286316,-0.026377558708190918,0.7163060307502747,0.40301159024238586,-0.029869748279452324,0.7090710997581482,0.3746059238910675,-0.05063587427139282,0.6962594389915466,0.4290666878223419,-0.03825603425502777,0.6955553293228149,0.44549432396888733,-0.023286791518330574
0.6750627160072327,0.512574315071106,-1.376895113480714e-07,0.6101531386375427,0.49710679054260254,-0.018511664122343063,0.551761269569397,0.4646216034889221,-0.028635237365961075,0.5024923086166382,0.44457390904426575,-0.040708109736442566,0.4656074643135071,0.4393139183521271,-0.05319821834564209,0.584370493888855,0.3654831647872925,-0.0026384175289422274,0.5726475715637207,0.30063503980636597,-0.021106772124767303,0.5663596391677856,0.26265186071395874,-0.03439358249306679,0.5615159869194031,0.22548259794712067,-0.04465321823954582,0.6226664185523987,0.3571545481681824,-0.006917275954037905,0.6207504868507385,0.31242698431015015,-0.04312380030751228,0.6265485286712646,0.378787100315094,-0.05334679037332535,0.6281617283821106,0.41670963168144226,-0.051065925508737564,0.6602160334587097,0.35734501481056213,-0.014798639342188835,0.658288836479187,0.32187771797180176,-0.05049300193786621,0.6588854789733887,0.38786211609840393,-0.04478679969906807,0.6567002534866333,0.42103075981140137,-0.03073279745876789,0.6969276666641235,0.3661019802093506,-0.02410043403506279,0.6949247717857361,0.3275909423828125,-0.04435165971517563,0.6886383295059204,0.37576037645339966,-0.03552904352545738,0.6830949783325195,0.4051278233528137,-0.023728230968117714
0.6781940460205078,0.5096105337142944,-1.2993979225939256e-07,0.6140109896659851,0.4957326054573059,-0.017479782924056053,0.5565762519836426,0.47051775455474854,-0.025408804416656494,0.5087494254112244,0.4538819491863251,-0.035837285220623016,0.47284042835235596,0.44829264283180237,-0.04663635417819023,0.5897597074508667,0.3911661207675934,0.0035097633954137564,0.5752108693122864,0.3342324495315552,-0.013040769845247269,0.5694075226783752,0.3002200126647949,-0.02608654275536537,0.5640869140625,0.267295241355896,-0.036037907004356384,0.6263169646263123,0.37840792536735535,-0.0008483401616103947,0.6254550814628601,0.3265151083469391,-0.03538161888718605,0.6342281103134155,0.381792813539505,-0.047745514661073685,0.6361403465270996,0.42045730352401733,-0.04696155712008476,0.6620814800262451,0.374193400144577,-0.008682496845722198,0.6619337797164917,0.33355048298835754,-0.04350084811449051,0.6667760610580444,0.39176079630851746,-0.04073762148618698,0.6661924123764038,0.428874135017395,-0.028192469850182533,0.6976773142814636,0.3795343041419983,-0.017845960333943367,0.697628915309906,0.3394642472267151,-0.037175554782152176,0.6963905096054077,0.37862303853034973,-0.029908165335655212,0.6938580274581909,0.40810471773147583,-0.019226105883717537
0.6806847453117371,0.5099290609359741,-1.208062485602568e-07,0.6161675453186035,0.4984446167945862,-0.018737658858299255,0.5603454113006592,0.48287007212638855,-0.028625722974538803,0.5118929147720337,0.470248281955719,-0.04057900980114937,0.4763178825378418,0.4638817310333252,-0.05283169075846672,0.5933771133422852,0.3979712724685669,0.0016602614196017385,0.576860785484314,0.3496095538139343,-0.014358540065586567,0.5692616701126099,0.32126861810684204,-0.027733493596315384,0.5622721910476685,0.2935926914215088,-0.03793758153915405,0.6297062039375305,0.38510510325431824,-0.0019780315924435854,0.6282441020011902,0.33470380306243896,-0.03444994240999222,0.6360737085342407,0.3874988257884979,-0.04674024507403374,0.6368930339813232,0.42483171820640564,-0.04678213968873024,0.6648033261299133,0.38086920976638794,-0.009128479287028313,0.6652092337608337,0.3421962857246399,-0.041803933680057526,0.6690547466278076,0.3973885178565979,-0.039357300847768784,0.667252779006958,0.43232449889183044,-0.028023140504956245,0.6995252370834351,0.38701194524765015,-0.017774317413568497,0.7008357048034668,0.34837526082992554,-0.035770390182733536,0.6995040774345398,0.3880695700645447,-0.028597988188266754,0.6964647173881531,0.41775739192962646,-0.01856251247227192
0.6862398386001587,0.5008120536804199,-4.2575894809715464e-08,0.620875895023346,0.49013662338256836,-0.011554509401321411,0.5649325847625732,0.47565534710884094,-0.012983391061425209,0.517952561378479,0.467251718044281,-0.018430396914482117,0.48267990350723267,0.46542713046073914,-0.024568067863583565,0.6003779172897339,0.403766930103302,0.025591440498828888,0.5801904201507568,0.35602566599845886,0.018316907808184624,0.5724767446517944,0.32651978731155396,0.006258491426706314,0.5663937926292419,0.2977740466594696,-0.004533860832452774,0.637126088142395,0.3908366858959198,0.020420072600245476,0.6378404498100281,0.3352605104446411,-0.008662110194563866,0.6452813148498535,0.3792012929916382,-0.02905275486409664,0.6477020978927612,0.4213636815547943,-0.0347980298101902,0.6718257665634155,0.38643187284469604,0.012246591970324516,0.6746252775192261,0.3462333381175995,-0.01583491824567318,0.678015947341919,0.39242416620254517,-0.022188469767570496,0.6764777302742004,0.4297869801521301,-0.017216108739376068,0.7059381008148193,0.39301368594169617,0.003293447894975543,0.7106146216392517,0.35488584637641907,-0.010007007978856564,0.709311842918396,0.3868039846420288,-0.006524404976516962,0.7069771885871887,0.4169680178165436,1.9962793885497376e-05
0.6976283192634583,0.4798344075679779,-9.614762319642978e-08,0.6317664384841919,0.47680607438087463,-0.011834188364446163,0.5744462013244629,0.4661141633987427,-0.010451477952301502,0.5271784663200378,0.4589846134185791,-0.012164498679339886,0.4926207661628723,0.45808202028274536,-0.014234521426260471,0.6085758805274963,0.395830363035202,0.030007826164364815,0.5862047672271729,0.351733922958374,0.026122000068426132,0.577409565448761,0.3258289098739624,0.017496442422270775,0.5706597566604614,0.3009715676307678,0.009945569559931755,0.6457729339599609,0.3836246430873871,0.027179282158613205,0.6456777453422546,0.33226194977760315,0.003675882238894701,0.6525539755821228,0.3755109906196594,-0.01265033520758152,0.6544726490974426,0.4143010973930359,-0.015654249116778374,0.6796647310256958,0.37798064947128296,0.020789703354239464,0.6828023791313171,0.34267041087150574,-0.004528150428086519,0.6886215209960938,0.3917219340801239,-0.0092834597453475,0.6876251101493835,0.42281535267829895,-0.003090369049459696,0.7135328054428101,0.38149377703666687,0.01381963025778532,0.7182515859603882,0.34700971841812134,0.0021242620423436165,0.7197633981704712,0.38268929719924927,0.006606719456613064,0.7190669178962708,0.4092784821987152,0.014099952764809132
0.6995111107826233,0.48150748014450073,8.717782407074992e-08,0.6300899982452393,0.4805433452129364,-0.0034630922600626945,0.5730817914009094,0.4777255952358246,0.00961631815880537,0.5306165218353271,0.47191232442855835,0.017771072685718536,0.501087486743927,0.47351348400115967,0.026084663346409798,0.6117154359817505,0.42759403586387634,0.07197829335927963,0.588638961315155,0.3929099440574646,0.0846462994813919,0.5791968107223511,0.36886411905288696,0.08115652948617935,0.5716266632080078,0.35099464654922485,0.07618527859449387,0.646675705909729,0.41736048460006714,0.07150182127952576,0.6375159025192261,0.3610120415687561,0.061962660402059555,0.6427689790725708,0.3862471878528595,0.0390857569873333,0.6494684219360352,0.42260420322418213,0.030807863920927048,0.6780775189399719,0.4069317877292633,0.06739627569913864,0.6745620369911194,0.36856919527053833,0.05774901062250137,0.6816331744194031,0.397942453622818,0.04390033334493637,0.6853605508804321,0.4277998208999634,0.042234793305397034,0.7091321349143982,0.40433597564697266,0.06319187581539154,0.7089750170707703,0.3694276809692383,0.06574119627475739,0.7105440497398376,0.39303058385849,0.06770230084657669,0.7153780460357666,0.41983655095100403,0.07174517214298248
0.6977577209472656,0.4879995584487915,6.046979450502477e-08,0.6314339637756348,0.4835837185382843,-0.006785837933421135,0.5746918320655823,0.4785102605819702,0.0031690699979662895,0.5314747095108032,0.4699793756008148,0.009298816323280334,0.5015759468078613,0.46756187081336975,0.016114890575408936,0.6103131175041199,0.4208429157733917,0.05775117501616478,0.5846373438835144,0.3784964382648468,0.06421739608049393,0.5730874538421631,0.3509744703769684,0.05870461091399193,0.5637404918670654,0.327808141708374,0.05234900861978531,0.6451210379600525,0.4079984724521637,0.057179369032382965,0.6388400197029114,0.35069966316223145,0.04080960899591446,0.6460869312286377,0.3832278549671173,0.019681807607412338,0.653290867805481,0.42403191328048706,0.013409804552793503,0.6759316921234131,0.398898720741272,0.05302991345524788,0.674839437007904,0.36204075813293457,0.037478189915418625,0.6829826831817627,0.39860305190086365,0.027577068656682968,0.6871598362922668,0.4298637807369232,0.029446957632899284,0.706798255443573,0.3992650508880615,0.04844306781888008,0.7089751958847046,0.3648431599140167,0.04612002521753311,0.7112030982971191,0.3921360373497009,0.049000341445207596,0.7152450084686279,0.417949914932251,0.054498251527547836
0.716746985912323,0.49922996759414673,-4.66917207120332e-08,0.6566351056098938,0.4881974756717682,-0.021687963977456093,0.5983962416648865,0.46034061908721924,-0.03414633870124817,0.5496196150779724,0.4422832429409027,-0.047798216342926025,0.5128294229507446,0.4315488934516907,-0.06109727546572685,0.6252051591873169,0.36927247047424316,-0.00838315300643444,0.6111159324645996,0.3047363758087158,-0.028803125023841858,0.6065086126327515,0.27034157514572144,-0.04323465749621391,0.6042382717132568,0.2375470995903015,-0.05353720113635063,0.6631972193717957,0.3637946844100952,-0.011841471306979656,0.677118718624115,0.31376323103904724,-0.049219366163015366,0.6821327805519104,0.3701399266719818,-0.06147368997335434,0.6758642196655273,0.40614739060401917,-0.061047278344631195,0.697968065738678,0.36511850357055664,-0.018916066735982895,0.7128313779830933,0.3309995234012604,-0.05680466815829277,0.7137683629989624,0.3899732828140259,-0.05413036420941353,0.7035160660743713,0.4230186939239502,-0.04211467131972313,0.7295804023742676,0.37485983967781067,-0.027432380244135857,0.7426741123199463,0.34096813201904297,-0.050311215221881866,0.7400597929954529,0.38317784667015076,-0.0436587892472744,0.7298729419708252,0.4123076796531677,-0.0329684279859066
0.7220960259437561,0.5485196113586426,-2.6634404903802533e-08,0.6622310876846313,0.5311504602432251,-0.031013723462820053,0.6035230159759521,0.49353164434432983,-0.049948059022426605,0.5504723191261292,0.4659891724586487,-0.06894326210021973,0.5076000094413757,0.449918657541275,-0.08699367195367813,0.6295220255851746,0.3770146369934082,-0.02023371495306492,0.6196720600128174,0.2956850528717041,-0.048390839248895645,0.6175527572631836,0.24749362468719482,-0.0665087103843689,0.6175164580345154,0.20314420759677887,-0.07885050028562546,0.6702076196670532,0.37332668900489807,-0.02060522697865963,0.688909649848938,0.33090999722480774,-0.06746353954076767,0.6943321228027344,0.40524935722351074,-0.07934720069169998,0.685831606388092,0.4421537518501282,-0.07658491283655167,0.7092881202697754,0.37859612703323364,-0.025609884411096573,0.7279460430145264,0.347758024930954,-0.07332874089479446,0.7271348237991333,0.41901254653930664,-0.06765413284301758,0.7133339643478394,0.4506951868534088,-0.051219332963228226,0.7430034279823303,0.39242124557495117,-0.03265935927629471,0.7605448365211487,0.3586053252220154,-0.062178801745176315,0.7548782825469971,0.40895193815231323,-0.05416584759950638,0.7399563789367676,0.43618184328079224,-0.040532536804676056
0.7308453321456909,0.589930534362793,-4.070385273280408e-08,0.6731643676757812,0.5764694213867188,-0.035698238760232925,0.6120045185089111,0.5314599871635437,-0.05878167599439621,0.5584995746612549,0.5014670491218567,-0.08120855689048767,0.5113096237182617,0.48644232749938965,-0.10236941277980804,0.6371344923973083,0.40209904313087463,-0.03153937682509422,0.6275403499603271,0.3136328160762787,-0.06178302317857742,0.6263092756271362,0.2595270872116089,-0.07757170498371124,0.6265838146209717,0.21116910874843597,-0.08781245350837708,0.6776878833770752,0.40188679099082947,-0.03066500462591648,0.6996455192565918,0.36645781993865967,-0.07677232474088669,0.7043504118919373,0.4469083249568939,-0.08218464255332947,0.6922869086265564,0.4727332890033722,-0.07510301470756531,0.7180027961730957,0.40886005759239197,-0.035088296979665756,0.7378069162368774,0.38645508885383606,-0.08344119042158127,0.7354819774627686,0.4608834385871887,-0.0741128921508789,0.7178853750228882,0.4804254174232483,-0.05604230985045433,0.754545271396637,0.421795517206192,-0.04204126447439194,0.7728087306022644,0.3939204812049866,-0.07275655120611191,0.7651517391204834,0.4469163715839386,-0.06417466700077057,0.746829628944397,0.4681240916252136,-0.05045034736394882
0.7523183226585388,0.6019001007080078,1.1120945941911486e-08,0.6984731554985046,0.586452066898346,-0.04326791688799858,0.6393086314201355,0.5453396439552307,-0.07312778383493423,0.5850415825843811,0.5152572989463806,-0.10156706720590591,0.5346986651420593,0.49826523661613464,-0.1284770667552948,0.6632044911384583,0.40796470642089844,-0.04417238384485245,0.6554872989654541,0.3153036832809448,-0.07978060096502304,0.6544440388679504,0.2534719407558441,-0.09807008504867554,0.6548973917961121,0.2003464251756668,-0.10950624197721481,0.7031956315040588,0.40759605169296265,-0.041103508323431015,0.7287028431892395,0.3793995976448059,-0.09060268849134445,0.7331010699272156,0.4616885483264923,-0.09497825801372528,0.7190588116645813,0.4841292202472687,-0.08707111328840256,0.7447418570518494,0.4157700538635254,-0.04394757002592087,0.767749547958374,0.3961839973926544,-0.0970633253455162,0.7641057968139648,0.4707013666629791,-0.0868968814611435,0.7438737750053406,0.48745712637901306,-0.06770587712526321,0.7831453680992126,0.42958346009254456,-0.04986315220594406,0.8054804801940918,0.4040260910987854,-0.08480093628168106,0.7962101101875305,0.45792198181152344,-0.07641217112541199,0.7747182846069336,0.47867870330810547,-0.06216880679130554
0.7524679899215698,0.5919129848480225,7.916261779428169e-08,0.7021719813346863,0.5810938477516174,-0.049818769097328186,0.6491209864616394,0.5458934307098389,-0.08577648550271988,0.5987610220909119,0.5184046030044556,-0.11902651190757751,0.5467923879623413,0.5053592920303345,-0.15101850032806396,0.6739364862442017,0.4063497483730316,-0.05955756455659866,0.6724083423614502,0.31261900067329407,-0.09876728057861328,0.6740522384643555,0.24926748871803284,-0.11759842932224274,0.6765923500061035,0.19388355314731598,-0.1284298449754715,0.7133892178535461,0.40452146530151367,-0.0532555878162384,0.7448045015335083,0.38264498114585876,-0.10451392084360123,0.7446687817573547,0.46356311440467834,-0.10650184750556946,0.7285667061805725,0.4805097281932831,-0.09682397544384003,0.7535958886146545,0.4131995439529419,-0.0528569333255291,0.7812347412109375,0.3995332717895508,-0.1076325997710228,0.7742910981178284,0.471318781375885,-0.09593003243207932,0.7529503107070923,0.48325681686401367,-0.07550986111164093,0.7895340323448181,0.42599040269851685,-0.05585220828652382,0.8147404193878174,0.4000014364719391,-0.09091884642839432,0.8053313493728638,0.4520679712295532,-0.08098874986171722,0.7849067449569702,0.47128501534461975,-0.06550655514001846
0.7513096928596497,0.5879702568054199,-4.2438716429948897e-10,0.7022700309753418,0.5788843631744385,-0.045962002128362656,0.6494647264480591,0.5417493581771851,-0.07847253233194351,0.6001716256141663,0.5132774710655212,-0.10873313248157501,0.5499534606933594,0.5027279853820801,-0.13756690919399261,0.6751604676246643,0.4046017527580261,-0.05460992828011513,0.6730754971504211,0.3122671842575073,-0.09146665781736374,0.6753479242324829,0.250108003616333,-0.1079881340265274,0.6783478856086731,0.19470791518688202,-0.11667434126138687,0.7127454876899719,0.400846928358078,-0.04787339270114899,0.747403621673584,0.38632020354270935,-0.09283939749002457,0.7461773157119751,0.46323704719543457,-0.09193664789199829,0.7275171279907227,0.47403836250305176,-0.08146657049655914,0.7519364356994629,0.4079877734184265,-0.04678940773010254,0.7817843556404114,0.40103545784950256,-0.09729667007923126,0.7738761901855469,0.47040167450904846,-0.08586341887712479,0.7515531182289124,0.4778205156326294,-0.06646357476711273,0.7880407571792603,0.4181152582168579,-0.04867786541581154,0.8127052187919617,0.39708831906318665,-0.08035434782505035,0.8036932945251465,0.4485670328140259,-0.06998284161090851,0.7839465737342834,0.4670134484767914,-0.05463120713829994
0.742743194103241,0.5558797717094421,-4.015938870338687e-08,0.6959552764892578,0.5512959361076355,-0.04759502783417702,0.640586793422699,0.518883228302002,-0.08479814231395721,0.5919607877731323,0.49136608839035034,-0.11941081285476685,0.5431382060050964,0.48247990012168884,-0.15272442996501923,0.6703953146934509,0.389272540807724,-0.06878996640443802,0.6727638244628906,0.3050280213356018,-0.11278901249170303,0.6756031513214111,0.2431056648492813,-0.13270755112171173,0.682227373123169,0.18772181868553162,-0.14294040203094482,0.7090783715248108,0.37542569637298584,-0.062216658145189285,0.7477046847343445,0.380754679441452,-0.11034262180328369,0.7401743531227112,0.45671623945236206,-0.1055070161819458,0.7211654186248779,0.4637826383113861,-0.09277278929948807,0.7490361332893372,0.3781993091106415,-0.061526015400886536,0.7827287912368774,0.39000654220581055,-0.11427345871925354,0.7691556811332703,0.4553435742855072,-0.09979625046253204,0.7471901774406433,0.45963382720947266,-0.07885070890188217,0.7871868014335632,0.38576966524124146,-0.06422658264636993,0.8129251003265381,0.3797890543937683,-0.0971762165427208,0.8005866408348083,0.43015849590301514,-0.08657373487949371,0.7812377214431763,0.4457062780857086,-0.07164201140403748
0.7307416796684265,0.531730592250824,-8.755205982424741e-08,0.684660792350769,0.5263389348983765,-0.038119371980428696,0.6268256902694702,0.49423205852508545,-0.0684991329908371,0.5785403847694397,0.4674908518791199,-0.09778403490781784,0.5327655673027039,0.4595048427581787,-0.1262097805738449,0.6581909656524658,0.37325385212898254,-0.0572800412774086,0.661823034286499,0.2903382182121277,-0.09345442056655884,0.665326714515686,0.23123103380203247,-0.11033112555742264,0.6710303425788879,0.17795278131961823,-0.120320625603199,0.697691798210144,0.35631754994392395,-0.055003151297569275,0.7343116402626038,0.36929386854171753,-0.09930422902107239,0.7285991311073303,0.4397273063659668,-0.0983884260058403,0.7136213779449463,0.4542875587940216,-0.09001293778419495,0.7380127906799316,0.35901960730552673,-0.05704299733042717,0.77032071352005,0.3789841830730438,-0.1045561283826828,0.7559380531311035,0.4400711953639984,-0.09265787154436111,0.7355799078941345,0.4525221884250641,-0.07499844580888748,0.7765023708343506,0.3689556121826172,-0.06193319335579872,0.8012046813964844,0.3664668798446655,-0.09187255054712296,0.7890157103538513,0.41315940022468567,-0.0824553593993187,0.7702733874320984,0.43237635493278503,-0.06927656382322311
0.7110145688056946,0.533926784992218,-7.007513147527789e-08,0.6688311100006104,0.5217086672782898,-0.03930823132395744,0.6134421825408936,0.48685935139656067,-0.06999873369932175,0.5642896294593811,0.4626266360282898,-0.09956588596105576,0.5190048217773438,0.45677751302719116,-0.12812308967113495,0.6437702178955078,0.3705596327781677,-0.05563322827219963,0.648389458656311,0.2894250154495239,-0.09123945236206055,0.6526311635971069,0.2324221432209015,-0.10633733868598938,0.6583191156387329,0.1794639378786087,-0.11491639912128448,0.6826517581939697,0.3550738990306854,-0.05235179886221886,0.7158351540565491,0.3642163574695587,-0.09458331763744354,0.7099490165710449,0.4351617097854614,-0.09175297617912292,0.694146990776062,0.4426403045654297,-0.08207575231790543,0.7226333022117615,0.35875123739242554,-0.05381852388381958,0.7517328858375549,0.3776196837425232,-0.09987913817167282,0.738357424736023,0.437773734331131,-0.08800169080495834,0.7179489135742188,0.44182342290878296,-0.07075180113315582,0.7599728107452393,0.3694436848163605,-0.05819322541356087,0.7821959257125854,0.3694925606250763,-0.0864851102232933,0.7680739164352417,0.41705432534217834,-0.07714158296585083,0.7471964955329895,0.43233585357666016,-0.0645810216665268
0.6863082051277161,0.5303744673728943,3.4380747138129664e-08,0.6490272879600525,0.5270527601242065,-0.04507513716816902,0.6026824712753296,0.49911466240882874,-0.07868638634681702,0.558654248714447,0.48342594504356384,-0.10944153368473053,0.516025185585022,0.4887619614601135,-0.13942325115203857,0.6277679204940796,0.37951236963272095,-0.0645066574215889,0.6367852091789246,0.30104291439056396,-0.10116896778345108,0.6441621780395508,0.2448107898235321,-0.11800137907266617,0.6528424024581909,0.19563400745391846,-0.12702453136444092,0.6597239375114441,0.36325305700302124,-0.05760062485933304,0.7066665887832642,0.36260563135147095,-0.10113174468278885,0.6987660527229309,0.4282524883747101,-0.10113661736249924,0.6763229966163635,0.4383145868778229,-0.09222987294197083,0.6914957761764526,0.36255213618278503,-0.055097248405218124,0.7324672937393188,0.3688889443874359,-0.09998761117458344,0.7215823531150818,0.4243362843990326,-0.09052892029285431,0.698010265827179,0.4312177300453186,-0.07392299920320511,0.7210509777069092,0.36867842078208923,-0.05590795353055,0.748996913433075,0.3565467596054077,-0.08197250962257385,0.7427998185157776,0.3953111469745636,-0.07269962131977081,0.7258989214897156,0.4099780321121216,-0.05951254069805145
0.6623673439025879,0.5335456728935242,1.2126191961669974e-07,0.6342242360115051,0.5279144048690796,-0.043201956897974014,0.5941229462623596,0.502427875995636,-0.07345254719257355,0.5512093305587769,0.4897043704986572,-0.10054883360862732,0.5116060376167297,0.4981851279735565,-0.12629730999469757,0.610355019569397,0.38826417922973633,-0.05716885253787041,0.6239771842956543,0.30888012051582336,-0.08903485536575317,0.6333988904953003,0.252214640378952,-0.10476458072662354,0.6430516242980957,0.2041427046060562,-0.11373079568147659,0.6381754279136658,0.3735763728618622,-0.049723438918590546,0.6906394958496094,0.37080684304237366,-0.08875812590122223,0.681888222694397,0.42636483907699585,-0.09171920269727707,0.6594337224960327,0.4376136362552643,-0.08592577278614044,0.6667076349258423,0.3740241527557373,-0.04635266959667206,0.713812530040741,0.37491533160209656,-0.08632156997919083,0.701991081237793,0.42060771584510803,-0.08117712289094925,0.6785769462585449,0.4279935657978058,-0.06847268342971802,0.6935988068580627,0.3816274106502533,-0.046155378222465515,0.7227363586425781,0.3653244972229004,-0.06901057809591293,0.7176093459129333,0.39275142550468445,-0.06234793737530708,0.7035776972770691,0.4042574465274811,-0.05157279595732689
0.632382333278656,0.5180126428604126,2.92131971946219e-07,0.6057188510894775,0.5181010365486145,-0.0637410506606102,0.5730600953102112,0.49748602509498596,-0.10244104266166687,0.5374230742454529,0.48969072103500366,-0.13333258032798767,0.5013844966888428,0.49692219495773315,-0.16301734745502472,0.5941142439842224,0.38336852192878723,-0.07680755853652954,0.6077971458435059,0.30656445026397705,-0.11106200516223907,0.6174941062927246,0.25229549407958984,-0.1269378960132599,0.6286992430686951,0.20552483201026917,-0.13468071818351746,0.6215027570724487,0.3776180148124695,-0.05762970820069313,0.6665655970573425,0.36732301115989685,-0.09752082079648972,0.6577510833740234,0.4231846332550049,-0.0972532406449318,0.639778733253479,0.43317410349845886,-0.08762530982494354,0.647514283657074,0.38049212098121643,-0.044324565678834915,0.6852775812149048,0.38326525688171387,-0.08384507894515991,0.6711373925209045,0.4330404996871948,-0.07769569009542465,0.6507188081741333,0.43894559144973755,-0.06354495882987976,0.6695948243141174,0.38492551445961,-0.035960886627435684,0.6954310536384583,0.37783658504486084,-0.05758930370211601,0.6861051321029663,0.4113798141479492,-0.05164845287799835,0.6720231175422668,0.42359262704849243,-0.04158754274249077
0.6402008533477783,0.5248150825500488,1.8497779308290774e-07,0.6175657510757446,0.518390417098999,-0.042460039258003235,0.5859809517860413,0.4957628548145294,-0.07192161679267883,0.551695704460144,0.48292019963264465,-0.09800063073635101,0.5182981491088867,0.4884926378726959,-0.12287106364965439,0.5949493050575256,0.3872661292552948,-0.0522080697119236,0.6045212745666504,0.3055092394351959,-0.08093935251235962,0.6122408509254456,0.2524261176586151,-0.09358670562505722,0.61915522813797,0.2052426040172577,-0.10039379447698593,0.6197043061256409,0.37922030687332153,-0.04412885010242462,0.6648172736167908,0.3646267056465149,-0.08061053603887558,0.657831072807312,0.4254409372806549,-0.07984998822212219,0.6404285430908203,0.43916237354278564,-0.070249542593956,0.6445534229278564,0.3809422552585602,-0.04041655734181404,0.6841403245925903,0.3808852434158325,-0.07668230682611465,0.670876681804657,0.43255850672721863,-0.06829188764095306,0.650253415107727,0.4424988925457001,-0.05361287295818329,0.6666082739830017,0.3893817365169525,-0.040040288120508194,0.6929532289505005,0.38341987133026123,-0.06185212358832359,0.6817761063575745,0.4208563566207886,-0.054810404777526855,0.6629568338394165,0.43529075384140015,-0.043809209018945694
0.6421806812286377,0.5423591732978821,1.4288751515323384e-07,0.6160517334938049,0.5273561477661133,-0.041118089109659195,0.5847525596618652,0.4977947473526001,-0.06931313127279282,0.5498757362365723,0.4799070656299591,-0.09515988826751709,0.5145914554595947,0.48390358686447144,-0.12011691182851791,0.5951493978500366,0.3917014002799988,-0.046623751521110535,0.5989943146705627,0.3087511658668518,-0.07392071932554245,0.6014915108680725,0.2538132667541504,-0.0859081894159317,0.6047523617744446,0.20782038569450378,-0.09244310855865479,0.6195881366729736,0.38833898305892944,-0.03957182168960571,0.6600640416145325,0.370193213224411,-0.07588767260313034,0.6553699374198914,0.43214941024780273,-0.07624553143978119,0.6395890116691589,0.44852447509765625,-0.0676908865571022,0.6447707414627075,0.3927275836467743,-0.03702317550778389,0.6815675497055054,0.38478389382362366,-0.07492517679929733,0.6703914999961853,0.43952250480651855,-0.0669892355799675,0.6509066820144653,0.4541092813014984,-0.0521659180521965,0.6671390533447266,0.4025558829307556,-0.037702031433582306,0.6915472745895386,0.3887149393558502,-0.060996007174253464,0.6830240488052368,0.4273240268230438,-0.05401226505637169,0.6678658127784729,0.44494664669036865,-0.04277089983224869
0.6543393135070801,0.5387200117111206,5.560407956295421e-08,0.6220598816871643,0.5231420397758484,-0.042116228491067886,0.584288477897644,0.48488619923591614,-0.06500548124313354,0.5457133650779724,0.45988404750823975,-0.08402534574270248,0.5082759857177734,0.451842725276947,-0.10187352448701859,0.5930238366127014,0.38348379731178284,-0.043708160519599915,0.5931418538093567,0.30051344633102417,-0.0719824805855751,0.5936293005943298,0.247640460729599,-0.08615272492170334,0.5943683981895447,0.20092374086380005,-0.09411799907684326,0.6191650032997131,0.3839784860610962,-0.03471070155501366,0.6535912752151489,0.3569537401199341,-0.07325716316699982,0.65500408411026,0.4223175644874573,-0.0765727087855339,0.641644299030304,0.44380953907966614,-0.06976515799760818,0.6457507014274597,0.3887558579444885,-0.030481284484267235,0.676620602607727,0.36939775943756104,-0.0730060264468193,0.6715052723884583,0.43169763684272766,-0.06735324114561081,0.6544413566589355,0.44956329464912415,-0.052817389369010925,0.6691012978553772,0.3971695303916931,-0.028923621401190758,0.6899827718734741,0.37769967317581177,-0.057043224573135376,0.6861066818237305,0.422598659992218,-0.05167675018310547,0.6740877628326416,0.44318655133247375,-0.040666427463293076
0.661128580570221,0.5356966853141785,1.7701749399634537e-08,0.6226547956466675,0.5183014869689941,-0.03739218786358833,0.5789810419082642,0.4762761890888214,-0.05871744826436043,0.5360754728317261,0.44550415873527527,-0.0777851790189743,0.49519166350364685,0.4338476359844208,-0.09544368833303452,0.5883901715278625,0.3758145868778229,-0.03381833806633949,0.5856256484985352,0.293580025434494,-0.05916387587785721,0.5855835676193237,0.24294142425060272,-0.07167083770036697,0.5859129428863525,0.19833046197891235,-0.07925470173358917,0.6164669394493103,0.37539833784103394,-0.02774379588663578,0.6495639085769653,0.3469758629798889,-0.06636042892932892,0.6529039740562439,0.4130641222000122,-0.07062089443206787,0.6391732096672058,0.43688806891441345,-0.06440293043851852,0.6451895833015442,0.37993648648262024,-0.026247909292578697,0.6744096875190735,0.3601827621459961,-0.06816871464252472,0.6716923117637634,0.4224311411380768,-0.06194256618618965,0.6549503207206726,0.4429331123828888,-0.047239936888217926,0.6706719398498535,0.3890978693962097,-0.027185626327991486,0.6924917697906494,0.3678422272205353,-0.055019255727529526,0.6883706450462341,0.41276147961616516,-0.04958058148622513,0.6743127107620239,0.43426159024238586,-0.03858029842376709
0.6672336459159851,0.5346456170082092,2.6638780070697976e-08,0.6216769814491272,0.5199077725410461,-0.037058595567941666,0.5693998336791992,0.47819167375564575,-0.05752277374267578,0.5231497883796692,0.4448305666446686,-0.07609779387712479,0.48202037811279297,0.4268842339515686,-0.0929068922996521,0.5783408880233765,0.3815155029296875,-0.029545031487941742,0.5695916414260864,0.29916509985923767,-0.0537944920361042,0.568551242351532,0.25058627128601074,-0.065562903881073,0.5669673085212708,0.2078029364347458,-0.0730949193239212,0.6102194786071777,0.37823978066444397,-0.02469516545534134,0.6370711326599121,0.34250131249427795,-0.06445353478193283,0.646962583065033,0.40933477878570557,-0.06976815313100815,0.6358127593994141,0.437262624502182,-0.06370280683040619,0.6417605876922607,0.3797853887081146,-0.02460952289402485,0.6650536060333252,0.35384222865104675,-0.06733234226703644,0.668082594871521,0.41738802194595337,-0.060614731162786484,0.6527912020683289,0.44223904609680176,-0.04514816403388977,0.6699730157852173,0.3874748647212982,-0.027055319398641586,0.6888226270675659,0.3616040349006653,-0.05563639849424362,0.6878169775009155,0.40714725852012634,-0.05002130568027496,0.6735690832138062,0.43150368332862854,-0.03871193900704384
0.6692299842834473,0.5325251817703247,6.515065820167365e-09,0.620436429977417,0.5206112861633301,-0.03914337605237961,0.5679222345352173,0.4826585054397583,-0.06245617941021919,0.5187349319458008,0.45258086919784546,-0.08408790081739426,0.4745221734046936,0.4343760907649994,-0.10409246385097504,0.5767547488212585,0.3776927590370178,-0.030241644009947777,0.5663755536079407,0.29879671335220337,-0.05782501399517059,0.5625634789466858,0.2491932213306427,-0.07271651178598404,0.5602728128433228,0.20519593358039856,-0.08221882581710815,0.6088705658912659,0.3737248182296753,-0.025653626769781113,0.6326924562454224,0.337826669216156,-0.06718737632036209,0.6411387324333191,0.408087819814682,-0.07355598360300064,0.6304235458374023,0.4354352056980133,-0.06828717887401581,0.6408916115760803,0.3741459846496582,-0.026428954675793648,0.66275554895401,0.3445144593715668,-0.07147747278213501,0.6652122139930725,0.413197785615921,-0.06395202875137329,0.6513202786445618,0.4391998052597046,-0.04751385375857353,0.6704410910606384,0.38112303614616394,-0.029992375522851944,0.6870406866073608,0.3509693443775177,-0.059988223016262054,0.6861913800239563,0.39993685483932495,-0.05341251567006111,0.6740685701370239,0.42446398735046387,-0.041093453764915466
0.7004731297492981,0.5343229174613953,-3.6497212363428844e-08,0.6499834060668945,0.5329150557518005,-0.033809635788202286,0.5888566970825195,0.5044608116149902,-0.05697181448340416,0.5360795259475708,0.48607802391052246,-0.07959923148155212,0.4902287721633911,0.4838283956050873,-0.10121054202318192,0.5912996530532837,0.38870975375175476,-0.034416332840919495,0.5698754191398621,0.30517658591270447,-0.06423287838697433,0.5600702166557312,0.25229769945144653,-0.08068837970495224,0.5507909655570984,0.20531199872493744,-0.09179401397705078,0.6255607008934021,0.37557685375213623,-0.03391579911112785,0.6444944739341736,0.3400455117225647,-0.07998084276914597,0.6635932326316833,0.40996524691581726,-0.08766632527112961,0.6576398611068726,0.440145343542099,-0.08285846561193466,0.6622193455696106,0.36931949853897095,-0.037709105759859085,0.6798023581504822,0.3421671390533447,-0.08452410250902176,0.6905031800270081,0.4082203507423401,-0.0763816386461258,0.6777490377426147,0.4355103373527527,-0.0596715472638607,0.6979102492332458,0.3704566955566406,-0.04385805502533913,0.7115647792816162,0.3365045189857483,-0.0739397183060646,0.7138838171958923,0.3849085867404938,-0.066058449447155,0.7003520131111145,0.412217378616333,-0.05304067209362984
0.7425025701522827,0.5063755512237549,-1.1158464729987827e-07,0.6913671493530273,0.5172020196914673,-0.03075043298304081,0.6268178224563599,0.49936938285827637,-0.050112027674913406,0.5741075873374939,0.4915851652622223,-0.06883592903614044,0.5309898257255554,0.4967518448829651,-0.08701704442501068,0.6187934875488281,0.39067578315734863,-0.03132649511098862,0.5864183902740479,0.3155331611633301,-0.05798177421092987,0.571186363697052,0.26933398842811584,-0.07290834933519363,0.5558256506919861,0.22713027894496918,-0.08361653983592987,0.6523623466491699,0.36740198731422424,-0.031779058277606964,0.659857451915741,0.33331412076950073,-0.07507522404193878,0.6866979598999023,0.3944161832332611,-0.08337752521038055,0.6890115141868591,0.4266652762889862,-0.07968165725469589,0.6888992190361023,0.35349100828170776,-0.03593108430504799,0.69801265001297,0.3313525319099426,-0.08002202957868576,0.716323971748352,0.39157021045684814,-0.0730704665184021,0.7107176184654236,0.4205895960330963,-0.05772813409566879,0.7242938280105591,0.34826070070266724,-0.04205906018614769,0.7292024493217468,0.3180652856826782,-0.0691196471452713,0.7374179363250732,0.36510369181632996,-0.06059876084327698,0.7295191287994385,0.3952556252479553,-0.048026375472545624
0.7678490877151489,0.5067647099494934,-9.186580740561112e-08,0.7162739038467407,0.5172179341316223,-0.028809744864702225,0.6485475897789001,0.49790117144584656,-0.0452209934592247,0.5934096574783325,0.4922178089618683,-0.061653636395931244,0.5514098405838013,0.49688559770584106,-0.07756369560956955,0.64378821849823,0.38514408469200134,-0.0223581213504076,0.6112308502197266,0.3129827678203583,-0.04697923734784126,0.595474898815155,0.26705020666122437,-0.06121767684817314,0.581156849861145,0.22607240080833435,-0.07165892422199249,0.6781889796257019,0.36292335391044617,-0.02276303432881832,0.6822971105575562,0.3298736810684204,-0.06465068459510803,0.710597038269043,0.39111509919166565,-0.07329139858484268,0.7128191590309143,0.4207596778869629,-0.0699143186211586,0.7156792879104614,0.34896817803382874,-0.027157848700881004,0.7209188342094421,0.3232312798500061,-0.07055675238370895,0.7418156862258911,0.3836809992790222,-0.06312359124422073,0.7384512424468994,0.4119861423969269,-0.047366201877593994,0.751939594745636,0.34445542097091675,-0.03342247009277344,0.7531165480613708,0.31012582778930664,-0.0609905980527401,0.7637451887130737,0.35715001821517944,-0.0523817278444767,0.7599366903305054,0.38614630699157715,-0.0393427275121212
0.7796091437339783,0.539695143699646,-1.453190066058596e-07,0.7200883030891418,0.539147138595581,-0.021956514567136765,0.6578109264373779,0.5091485381126404,-0.03445443883538246,0.6064876914024353,0.49230656027793884,-0.04806813970208168,0.5662750601768494,0.4873466491699219,-0.06186503916978836,0.6681099534034729,0.3872529864311218,-0.014230851083993912,0.6445910930633545,0.3098542094230652,-0.03672029823064804,0.6323997974395752,0.2632652223110199,-0.05064946785569191,0.6215265393257141,0.22078734636306763,-0.06076575815677643,0.7067866325378418,0.37331345677375793,-0.01723412610590458,0.7055004835128784,0.3347609043121338,-0.05560791864991188,0.7251905798912048,0.4069329500198364,-0.06272190064191818,0.7297419309616089,0.4418288469314575,-0.05839759483933449,0.7476470470428467,0.36867615580558777,-0.02389618754386902,0.7471036911010742,0.3339368999004364,-0.0642591267824173,0.7600017189979553,0.4063481092453003,-0.05450392886996269,0.7583666443824768,0.4379611015319824,-0.03746099770069122,0.7868740558624268,0.37289801239967346,-0.03189113363623619,0.7860440015792847,0.32962170243263245,-0.057150136679410934,0.7892102599143982,0.3848714232444763,-0.046088576316833496,0.7848108410835266,0.4155813455581665,-0.03164331242442131
0.7641198635101318,0.5996658205986023,-3.7103629324519716e-07,0.7003200650215149,0.5839026570320129,-0.0013980735093355179,0.6429872512817383,0.5373558402061462,0.0022002870682626963,0.6067063212394714,0.5073916912078857,0.0016449984395876527,0.5807104706764221,0.49455276131629944,0.0003877052804455161,0.677700400352478,0.41845548152923584,0.009661933407187462,0.6598416566848755,0.3355221748352051,-0.01117008551955223,0.6502475738525391,0.2826566696166992,-0.02605213038623333,0.6435754895210266,0.23650583624839783,-0.0362396240234375,0.7127265334129333,0.4135145843029022,-0.00047818731400184333,0.6938014626502991,0.3740249276161194,-0.035071391612291336,0.7055121064186096,0.45051252841949463,-0.04146753251552582,0.7204872369766235,0.48722001910209656,-0.03566381707787514,0.7506270408630371,0.4136508107185364,-0.013727391138672829,0.7333900928497314,0.3799344599246979,-0.048093609511852264,0.7378960847854614,0.45821309089660645,-0.03798544034361839,0.7480973601341248,0.484991192817688,-0.02054518647491932,0.7931287884712219,0.4217986464500427,-0.027171386405825615,0.7772965431213379,0.3814237117767334,-0.047114722430706024,0.7693469524383545,0.4393879175186157,-0.03556596860289574,0.772477388381958,0.46538764238357544,-0.021023765206336975
0.7347568273544312,0.6275524497032166,-4.543979912341456e-07,0.6714604496955872,0.6044923067092896,0.0003448082134127617,0.6190056204795837,0.5529614686965942,0.004061359446495771,0.5894947052001953,0.5170332193374634,0.004068921320140362,0.5646845102310181,0.5039252042770386,0.003932344261556864,0.6562036871910095,0.4295154809951782,0.007559342309832573,0.6389740705490112,0.3414463400840759,-0.017368828877806664,0.6285189390182495,0.2857975363731384,-0.03605981171131134,0.6224992871284485,0.2362196296453476,-0.04857609421014786,0.6916530728340149,0.42786940932273865,-0.003816847922280431,0.6634583473205566,0.388968288898468,-0.0388648621737957,0.6702993512153625,0.46986594796180725,-0.04509478434920311,0.6877266764640808,0.5103944540023804,-0.039857860654592514,0.7282211184501648,0.42966270446777344,-0.018559059128165245,0.7013282179832458,0.3931327164173126,-0.05247924476861954,0.7030301690101624,0.4739791452884674,-0.04147893562912941,0.7179459929466248,0.5040698647499084,-0.02395748719573021,0.7715906500816345,0.4391809105873108,-0.03366374596953392,0.7445995211601257,0.4004325270652771,-0.0523780956864357,0.7357933521270752,0.45750200748443604,-0.03989497199654579,0.7435639500617981,0.4848819971084595,-0.02503710612654686
0.7231758832931519,0.6377180814743042,-4.7455694129894255e-07,0.6581694483757019,0.6133255362510681,-0.0013646120205521584,0.6046907305717468,0.5601472854614258,0.0024172633420675993,0.5751433372497559,0.5237930417060852,0.0027893453370779753,0.5523213744163513,0.5062990188598633,0.003691178048029542,0.6441686153411865,0.4327726662158966,0.00675358809530735,0.6257219314575195,0.3427565097808838,-0.018981939181685448,0.6138138175010681,0.2865808606147766,-0.03761576861143112,0.6068254113197327,0.23616306483745575,-0.04990468919277191,0.6796300411224365,0.4314647614955902,-0.003947990946471691,0.6497350335121155,0.39557918906211853,-0.03895703703165054,0.6559366583824158,0.47832053899765015,-0.04422397166490555,0.6741480827331543,0.5136728882789612,-0.038590606302022934,0.7156654000282288,0.4334702491760254,-0.018528209999203682,0.688245415687561,0.39952829480171204,-0.05331225320696831,0.6888756155967712,0.4812428057193756,-0.04159663990139961,0.7039724588394165,0.5066073536872864,-0.02366619184613228,0.7582263946533203,0.44320374727249146,-0.033734820783138275,0.7323333621025085,0.4037134051322937,-0.052370764315128326,0.7221090197563171,0.4618731439113617,-0.03897548466920853,0.728990912437439,0.4889965057373047,-0.023522986099123955
0.7191404700279236,0.6402208805084229,-4.1896961988641124e-07,0.6518474221229553,0.6198951005935669,-0.004990716930478811,0.5935477614402771,0.5661060214042664,-0.004383298102766275,0.5555816888809204,0.5318556427955627,-0.006620415486395359,0.528275728225708,0.5206484198570251,-0.008890422061085701,0.628964900970459,0.43721598386764526,0.0018300245283171535,0.6090474724769592,0.34810513257980347,-0.022537924349308014,0.5964818000793457,0.2931921184062958,-0.039613328874111176,0.5884006023406982,0.24250976741313934,-0.05120131000876427,0.666866660118103,0.43418747186660767,-0.006225454155355692,0.6421193480491638,0.39680415391921997,-0.03809742256999016,0.6526687145233154,0.48039156198501587,-0.04030028358101845,0.6699731945991516,0.5177602767944336,-0.03324431926012039,0.7065321207046509,0.4369056522846222,-0.01804112084209919,0.6836814284324646,0.400845468044281,-0.05103454738855362,0.6875920295715332,0.485493540763855,-0.037105828523635864,0.7010625004768372,0.5144091844558716,-0.01818414032459259,0.7502373456954956,0.4469704031944275,-0.03058907948434353,0.7288604378700256,0.40344446897506714,-0.048727769404649734,0.720434308052063,0.46424880623817444,-0.0344461090862751,0.7263361215591431,0.4923247992992401,-0.01879463717341423
0.7485734820365906,0.6005934476852417,-1.4066743858620612e-07,0.6803261637687683,0.6049125790596008,-0.026619724929332733,0.6055622100830078,0.5680580139160156,-0.04136192426085472,0.5469285249710083,0.5469911694526672,-0.05609485134482384,0.5019106864929199,0.5402331948280334,-0.07048757374286652,0.615774393081665,0.43139803409576416,-0.024403590708971024,0.5873938798904419,0.3402859568595886,-0.053901899605989456,0.5745293498039246,0.2837980091571808,-0.07202080637216568,0.56083744764328,0.2309834063053131,-0.08458881825208664,0.6597259640693665,0.41584256291389465,-0.02593919076025486,0.6628530621528625,0.37579044699668884,-0.06899968534708023,0.6860955953598022,0.45751309394836426,-0.07491255551576614,0.6870013475418091,0.4902302920818329,-0.06898774951696396,0.7072882056236267,0.40860405564308167,-0.03164586424827576,0.7123503088951111,0.37472963333129883,-0.07640542834997177,0.7263503074645996,0.4563717544078827,-0.0642065554857254,0.7204023003578186,0.484771192073822,-0.04486841335892677,0.7524174451828003,0.4098019301891327,-0.039086148142814636,0.7572616338729858,0.3675219416618347,-0.06615085899829865,0.7618777751922607,0.43102365732192993,-0.05270390957593918,0.7554401755332947,0.45965999364852905,-0.03611161932349205
0.7735384106636047,0.6102052927017212,-8.574770760105821e-08,0.7072430849075317,0.6166835427284241,-0.03898858651518822,0.6259602308273315,0.5797881484031677,-0.06145381182432175,0.5599978566169739,0.5545639395713806,-0.08367294818162918,0.5082724094390869,0.5469187498092651,-0.10501819103956223,0.6363794207572937,0.43500515818595886,-0.03332778438925743,0.6054298281669617,0.3354862332344055,-0.06684685498476028,0.5906046628952026,0.2722865343093872,-0.08436247706413269,0.5767601132392883,0.21672077476978302,-0.09620548039674759,0.6822461485862732,0.4151160418987274,-0.03285900875926018,0.6940410137176514,0.36909055709838867,-0.08677132427692413,0.720066249370575,0.4567067623138428,-0.09439904242753983,0.7136855721473694,0.49093958735466003,-0.08682985603809357,0.7305903434753418,0.40458354353904724,-0.03777594119310379,0.7449425458908081,0.36826571822166443,-0.09431879967451096,0.7619397044181824,0.4513314664363861,-0.08261660486459732,0.7483623623847961,0.4828225076198578,-0.06047036871314049,0.7745440602302551,0.40525102615356445,-0.045307476073503494,0.7869446873664856,0.3600766658782959,-0.08113158494234085,0.7945923805236816,0.420665979385376,-0.06918713450431824,0.7835205793380737,0.4529641270637512,-0.05144355818629265
0.7892112731933594,0.6134251356124878,-7.917999056417102e-08,0.7113530039787292,0.6198375821113586,-0.04891221225261688,0.6145034432411194,0.5779753923416138,-0.0785183385014534,0.5365625619888306,0.544693112373352,-0.1069701537489891,0.4720765948295593,0.5254380106925964,-0.13357679545879364,0.6304711699485779,0.4004445970058441,-0.04359915480017662,0.6002461910247803,0.28295227885246277,-0.08463094383478165,0.5888974666595459,0.20958773791790009,-0.10634323954582214,0.5759923458099365,0.14539450407028198,-0.12086372077465057,0.6862325668334961,0.38194116950035095,-0.042576130479574203,0.7033988237380981,0.32793816924095154,-0.10626280307769775,0.7304973602294922,0.43247807025909424,-0.1164640560746193,0.7157328128814697,0.4714125990867615,-0.10953854769468307,0.7444840669631958,0.37175253033638,-0.04806230589747429,0.7621030211448669,0.32320842146873474,-0.11520471423864365,0.7792395949363708,0.42469120025634766,-0.10141250491142273,0.7572108507156372,0.4624950885772705,-0.07647141814231873,0.7980717420578003,0.37196362018585205,-0.05677494406700134,0.8131883144378662,0.3160933256149292,-0.10032767802476883,0.822283148765564,0.39021173119544983,-0.08628077805042267,0.8063859939575195,0.42754700779914856,-0.0656343623995781
0.7316258549690247,0.7115359306335449,-1.6640562705561024e-07,0.6271171569824219,0.7181458473205566,-0.048876240849494934,0.5170726776123047,0.6601900458335876,-0.07633843272924423,0.43138235807418823,0.6141232848167419,-0.1041957437992096,0.3616371750831604,0.597533643245697,-0.13145262002944946,0.5483841300010681,0.4398602247238159,-0.03033571131527424,0.5190427303314209,0.30508071184158325,-0.07065402716398239,0.5061042904853821,0.2247682362794876,-0.09363583475351334,0.49326932430267334,0.14928993582725525,-0.11013475060462952,0.6166784763336182,0.42294400930404663,-0.03336329013109207,0.6292129158973694,0.35189566016197205,-0.10235550254583359,0.651067852973938,0.4829111397266388,-0.11612934619188309,0.6420390605926514,0.5361776351928711,-0.10854469239711761,0.6858582496643066,0.4192672669887543,-0.043994441628456116,0.6995799541473389,0.362087219953537,-0.11748107522726059,0.7106866836547852,0.4899964928627014,-0.1042063906788826,0.6914052963256836,0.5354140996932983,-0.0765666589140892,0.7519642114639282,0.4280512034893036,-0.057856980711221695,0.762783944606781,0.3623286187648773,-0.10407967120409012,0.7647892236709595,0.456512987613678,-0.08727660030126572,0.7478920221328735,0.503363847732544,-0.06337770819664001
0.7552647590637207,0.8771862983703613,-2.0852525040027103e-07,0.6370490789413452,0.8831672668457031,-0.06443563103675842,0.5039241909980774,0.8246921300888062,-0.09663944691419601,0.39245861768722534,0.7900552749633789,-0.12843847274780273,0.30465802550315857,0.7778580188751221,-0.1581335812807083,0.5154183506965637,0.5643265843391418,-0.02853626012802124,0.46675771474838257,0.4077940583229065,-0.07370267808437347,0.4440615773200989,0.31001877784729004,-0.10084981471300125,0.42105281352996826,0.22230830788612366,-0.12076719850301743,0.5930033326148987,0.5291832685470581,-0.026426224038004875,0.6076984405517578,0.4501726031303406,-0.11007317155599594,0.650755763053894,0.5995922684669495,-0.12798279523849487,0.648507833480835,0.6707922220230103,-0.11867459863424301,0.672572672367096,0.5099434852600098,-0.03473970293998718,0.6914638876914978,0.44536322355270386,-0.12193980067968369,0.7179842591285706,0.5932319760322571,-0.10853748768568039,0.7010011672973633,0.6518348455429077,-0.07632395625114441,0.7481169104576111,0.506257176399231,-0.0478348433971405,0.7653470039367676,0.4334174394607544,-0.10256537050008774,0.7721385955810547,0.5455229878425598,-0.08696198463439941,0.7511982917785645,0.6024907231330872,-0.06137764826416969
0.7744027376174927,0.9169086217880249,-1.0468899347415572e-07,0.6542634963989258,0.9292523860931396,-0.07806354761123657,0.5164182782173157,0.8867017030715942,-0.12377451360225677,0.3995390832424164,0.8642225861549377,-0.16902543604373932,0.3009282946586609,0.865990161895752,-0.20990777015686035,0.5112031698226929,0.6014887094497681,-0.0408250093460083,0.45358118414878845,0.445138543844223,-0.09324422478675842,0.42214569449424744,0.3403282165527344,-0.11725828796625137,0.39331117272377014,0.2526967525482178,-0.13216236233711243,0.593293309211731,0.5696656703948975,-0.03563275933265686,0.6049023270606995,0.49501490592956543,-0.12038438767194748,0.6562387943267822,0.6528698205947876,-0.1256299912929535,0.6448488235473633,0.7002788186073303,-0.10559531301259995,0.6788140535354614,0.5472354292869568,-0.04395641013979912,0.6927027106285095,0.48502588272094727,-0.13670489192008972,0.7236145734786987,0.6342878937721252,-0.11654679477214813,0.695003092288971,0.6728006601333618,-0.07840429246425629,0.7572745084762573,0.536281943321228,-0.05849333852529526,0.7707748413085938,0.4627768397331238,-0.11678554117679596,0.7801363468170166,0.5750623941421509,-0.09881041198968887,0.7546226978302002,0.6245384812355042,-0.07041459530591965
0.7892765402793884,0.9054257869720459,-1.910486417955326e-07,0.6753223538398743,0.9177882671356201,-0.08720999956130981,0.5412010550498962,0.8808472752571106,-0.13859069347381592,0.4194498062133789,0.8653989434242249,-0.18730761110782623,0.3171282410621643,0.8770139813423157,-0.23056389391422272,0.5213121771812439,0.5904018878936768,-0.05934157967567444,0.45998528599739075,0.4378668963909149,-0.12011928856372833,0.42534393072128296,0.33608806133270264,-0.14502723515033722,0.3954929709434509,0.24557805061340332,-0.1581188440322876,0.6004019975662231,0.5527246594429016,-0.048797547817230225,0.6198472380638123,0.48413342237472534,-0.1340106874704361,0.6700730919837952,0.646827220916748,-0.13156013190746307,0.654108464717865,0.6868995428085327,-0.10604153573513031,0.6853394508361816,0.5273737907409668,-0.05298365280032158,0.7088040113449097,0.47636646032333374,-0.1502382457256317,0.7370592355728149,0.6320829391479492,-0.12806327641010284,0.7045282125473022,0.666847825050354,-0.08719002455472946,0.7644574642181396,0.5153979659080505,-0.06378547847270966,0.7842590808868408,0.4523896872997284,-0.1245606541633606,0.7906989455223083,0.5681777000427246,-0.10675635188817978,0.7633397579193115,0.6188421249389648,-0.07759471237659454
0.8169476985931396,0.9076567888259888,-1.9488855684812734e-07,0.7022890448570251,0.9060856103897095,-0.0878068059682846,0.5630362033843994,0.8427169919013977,-0.14005154371261597,0.4413686692714691,0.801496148109436,-0.19010168313980103,0.337836354970932,0.7893782258033752,-0.23502612113952637,0.5726019144058228,0.5522334575653076,-0.05874768644571304,0.5259374976158142,0.39111268520355225,-0.11833338439464569,0.5029783248901367,0.2812693119049072,-0.14060324430465698,0.48558226227760315,0.1861928105354309,-0.15237027406692505,0.6528142094612122,0.5229112505912781,-0.04905671998858452,0.680405855178833,0.4684257507324219,-0.13420449197292328,0.7172628045082092,0.63792484998703,-0.12972627580165863,0.6972483992576599,0.6720132827758789,-0.10268773883581161,0.7387478351593018,0.5077294111251831,-0.05460038036108017,0.7702628970146179,0.48056748509407043,-0.15377594530582428,0.7869006395339966,0.6375654339790344,-0.13193777203559875,0.7500107288360596,0.661894679069519,-0.09134289622306824,0.8220378756523132,0.5042905807495117,-0.06676629185676575,0.847396969795227,0.4656914472579956,-0.130283921957016,0.8439977169036865,0.5853139758110046,-0.1148519292473793,0.8075264692306519,0.6277289986610413,-0.08758289366960526
0.8388895392417908,0.8989344239234924,-2.3636475532384793e-07,0.724041223526001,0.8994565010070801,-0.08553221076726913,0.5860111713409424,0.8477561473846436,-0.14418372511863708,0.4617053270339966,0.8165948987007141,-0.20183372497558594,0.3546344041824341,0.815511167049408,-0.2549740672111511,0.5979780554771423,0.5448002815246582,-0.07232704758644104,0.5478668212890625,0.3761026859283447,-0.14072638750076294,0.5260963439941406,0.260715126991272,-0.16739344596862793,0.5109825134277344,0.15897956490516663,-0.18056313693523407,0.6790147423744202,0.5077857971191406,-0.06460702419281006,0.718266487121582,0.46299058198928833,-0.15610292553901672,0.7532637715339661,0.6410417556762695,-0.14904311299324036,0.7296993136405945,0.6796181201934814,-0.11999896913766861,0.7681652903556824,0.48961082100868225,-0.07151799649000168,0.8107681274414062,0.46629995107650757,-0.1782308965921402,0.824377179145813,0.630028486251831,-0.15415146946907043,0.7838531136512756,0.6604675650596619,-0.11121457815170288,0.8557754755020142,0.4825020432472229,-0.08409670740365982,0.8899226188659668,0.4473377466201782,-0.15126469731330872,0.8851359486579895,0.5742063522338867,-0.13273197412490845,0.8447393774986267,0.6222646832466125,-0.10270198434591293
0.8307723999023438,0.8485804796218872,-2.9323209105314163e-07,0.7250292301177979,0.8420771956443787,-0.08546903729438782,0.5961730480194092,0.7990989089012146,-0.14273715019226074,0.4778520464897156,0.7751594185829163,-0.19752390682697296,0.3756919205188751,0.7716427445411682,-0.24597303569316864,0.6042830348014832,0.5078209042549133,-0.0781945064663887,0.5534114241600037,0.34580591320991516,-0.1490350216627121,0.5309658050537109,0.23931121826171875,-0.1749015897512436,0.5152434706687927,0.13618972897529602,-0.18509918451309204,0.6837749481201172,0.48041465878486633,-0.0677168071269989,0.7211251258850098,0.42816370725631714,-0.15188263356685638,0.7470664978027344,0.5999195575714111,-0.13817910850048065,0.7217510938644409,0.6275942325592041,-0.10666494071483612,0.7703269720077515,0.47039467096328735,-0.0723639652132988,0.8109593987464905,0.42980995774269104,-0.1735343337059021,0.8167680501937866,0.5919253826141357,-0.1478593647480011,0.776206910610199,0.6152471303939819,-0.10494819283485413,0.8560867309570312,0.467889666557312,-0.0826343521475792,0.8863222002983093,0.41164132952690125,-0.1423404961824417,0.8766900897026062,0.5314846038818359,-0.12085066735744476,0.8399316668510437,0.5823281407356262,-0.09023527801036835
0.8181737661361694,0.7583995461463928,-2.0882234252894705e-07,0.7214083671569824,0.7458375096321106,-0.07723301649093628,0.6132123470306396,0.710850715637207,-0.12620186805725098,0.50482577085495,0.6855525374412537,-0.1718321442604065,0.4149264395236969,0.6749365329742432,-0.2104671150445938,0.6124086976051331,0.44863253831863403,-0.06548582017421722,0.5692318677902222,0.29606902599334717,-0.1347671002149582,0.5508450269699097,0.19740620255470276,-0.1653033345937729,0.5369479656219482,0.10466450452804565,-0.17782537639141083,0.6854474544525146,0.43157637119293213,-0.05308006331324577,0.7126973271369934,0.3729015588760376,-0.12881338596343994,0.738662838935852,0.5224575400352478,-0.11784544587135315,0.7172570824623108,0.5519939064979553,-0.0899973064661026,0.7617035508155823,0.4228943884372711,-0.0552261546254158,0.7882778644561768,0.3731639087200165,-0.147169291973114,0.7977921962738037,0.5168032050132751,-0.12395991384983063,0.7654747366905212,0.5451048612594604,-0.08388223499059677,0.8347997665405273,0.4194369316101074,-0.06253970414400101,0.8581791520118713,0.35959309339523315,-0.11782332509756088,0.8498631715774536,0.46436285972595215,-0.0982382744550705,0.8202475309371948,0.5154867768287659,-0.06891079246997833
0.7601738572120667,0.6795669198036194,-9.899633113263917e-08,0.6804871559143066,0.6851930618286133,-0.05248964577913284,0.583885669708252,0.6527663469314575,-0.08782970905303955,0.4999437630176544,0.6350561380386353,-0.12263911217451096,0.430237352848053,0.6315192580223083,-0.15618664026260376,0.5892013907432556,0.4505329132080078,-0.05090846121311188,0.5517888069152832,0.3239666521549225,-0.09352570027112961,0.5347771644592285,0.24449189007282257,-0.11742464452981949,0.5207262635231018,0.17414310574531555,-0.13396495580673218,0.6447772979736328,0.4317125678062439,-0.049609359353780746,0.6652305126190186,0.3726918697357178,-0.11523155122995377,0.6891646981239319,0.48262903094291687,-0.1257202923297882,0.6804949045181274,0.5321816205978394,-0.11877939105033875,0.7024047374725342,0.4238510727882385,-0.055196452885866165,0.7200736999511719,0.3774039149284363,-0.12337160110473633,0.7327925562858582,0.4857844412326813,-0.11091819405555725,0.7157727479934692,0.530464231967926,-0.0864172950387001,0.7580075263977051,0.42651188373565674,-0.0646195337176323,0.7702839970588684,0.37330061197280884,-0.10884301364421844,0.7723459601402283,0.452757328748703,-0.09669356048107147,0.7557581663131714,0.496990829706192,-0.0774046927690506
0.7280810475349426,0.6523305177688599,-7.983641125974827e-08,0.6659582853317261,0.6597209572792053,-0.04375412315130234,0.5880847573280334,0.6367440819740295,-0.07326918095350266,0.5218538045883179,0.6236951947212219,-0.10164982080459595,0.4664725363254547,0.6191779375076294,-0.12866564095020294,0.5911581516265869,0.4762389063835144,-0.04380073770880699,0.560702919960022,0.38196641206741333,-0.08005110919475555,0.5468775033950806,0.32155072689056396,-0.09966323524713516,0.5354830026626587,0.26715561747550964,-0.11276407539844513,0.6359032988548279,0.45867443084716797,-0.04233932867646217,0.6534830331802368,0.4151471257209778,-0.09726551175117493,0.6738699674606323,0.5010876655578613,-0.10488028079271317,0.6657601594924927,0.5369973182678223,-0.0980052500963211,0.6822591423988342,0.45077815651893616,-0.046725060790777206,0.6981869339942932,0.42062777280807495,-0.10314752906560898,0.7095661163330078,0.5037072896957397,-0.0929696261882782,0.6940551996231079,0.5340630412101746,-0.07282844185829163,0.7265578508377075,0.4512300193309784,-0.05429708957672119,0.7398967146873474,0.41457074880599976,-0.09024439752101898,0.7420434355735779,0.4786478579044342,-0.08069797605276108,0.7259520888328552,0.5108063817024231,-0.06540229916572571
0.7446801662445068,0.6450506448745728,-6.036766819761397e-08,0.688877284526825,0.6451168656349182,-0.0357898510992527,0.6218238472938538,0.6220506429672241,-0.060021303594112396,0.5634563565254211,0.6158722043037415,-0.08400251716375351,0.5160107612609863,0.6186554431915283,-0.1072128489613533,0.627944827079773,0.49040549993515015,-0.0334763377904892,0.6008202433586121,0.4067602753639221,-0.06297136098146439,0.5864017605781555,0.3545829653739929,-0.07943429797887802,0.5738353729248047,0.3080160319805145,-0.09113509207963943,0.6649463176727295,0.4758988916873932,-0.0329955592751503,0.6755448579788208,0.44281327724456787,-0.07980605959892273,0.6958550214767456,0.5156769752502441,-0.08770757168531418,0.6931551694869995,0.5457010269165039,-0.08300445228815079,0.704315185546875,0.47035834193229675,-0.037382762879133224,0.7133747935295105,0.44482922554016113,-0.08513037860393524,0.7255106568336487,0.5138465762138367,-0.0768425241112709,0.7160232663154602,0.5394540429115295,-0.059726566076278687,0.742281973361969,0.4728744626045227,-0.044401660561561584,0.7494268417358398,0.436824768781662,-0.07439593970775604,0.7526078224182129,0.48768240213394165,-0.0658966451883316,0.7421019673347473,0.5150468945503235,-0.05258189141750336
0.7431459426879883,0.6229901909828186,-5.1132502676409786e-08,0.6954495310783386,0.6269840002059937,-0.031064270064234734,0.6370633840560913,0.6064608097076416,-0.05200642719864845,0.5877741575241089,0.5958007574081421,-0.07234853506088257,0.5468418598175049,0.5926271080970764,-0.09193912893533707,0.6433392763137817,0.49363863468170166,-0.03309671953320503,0.6187030673027039,0.41950690746307373,-0.0593823604285717,0.6074882745742798,0.3740367889404297,-0.07412795722484589,0.5973714590072632,0.3327285945415497,-0.0845952257514,0.6758330464363098,0.47999194264411926,-0.032893817871809006,0.688184380531311,0.4465891718864441,-0.07618410885334015,0.7056167721748352,0.5088756680488586,-0.08449487388134003,0.7030313611030579,0.5400493741035461,-0.08090642094612122,0.7098614573478699,0.4750514626502991,-0.03639649599790573,0.7216851711273193,0.45143312215805054,-0.07886902987957001,0.7320834398269653,0.5109216570854187,-0.07210802286863327,0.7236613035202026,0.5369482636451721,-0.05735313892364502,0.7426760196685791,0.4782724678516388,-0.042129259556531906,0.752113938331604,0.44756728410720825,-0.06930505484342575,0.7547203302383423,0.49127286672592163,-0.06272584199905396,0.7444494962692261,0.5164368748664856,-0.0514952726662159
0.7317354679107666,0.6041519641876221,-4.595188940470507e-08,0.6873230934143066,0.6079534292221069,-0.02711850218474865,0.6332441568374634,0.5882784724235535,-0.045577775686979294,0.5875978469848633,0.5791069865226746,-0.06388392299413681,0.5492029786109924,0.5790551900863647,-0.08165757358074188,0.6397947072982788,0.4883253574371338,-0.029159637168049812,0.6163188219070435,0.4188455641269684,-0.05357651039958,0.6054071187973022,0.3761107623577118,-0.06753046810626984,0.595505952835083,0.33757707476615906,-0.07742231339216232,0.6706364154815674,0.4747483432292938,-0.029774904251098633,0.6807220578193665,0.44215869903564453,-0.06963364779949188,0.6973609924316406,0.49962538480758667,-0.07746395468711853,0.6950017809867859,0.528272807598114,-0.07441525906324387,0.7027053833007812,0.4684866666793823,-0.03359462320804596,0.7122162580490112,0.44377458095550537,-0.07254455983638763,0.7220944166183472,0.4987441301345825,-0.06562800705432892,0.7142608165740967,0.524135172367096,-0.05168197676539421,0.7330424785614014,0.4698355793952942,-0.039367400109767914,0.7411580085754395,0.4391558766365051,-0.06366456300020218,0.7438351511955261,0.47891637682914734,-0.056418970227241516,0.7349196076393127,0.5026764869689941,-0.04533744603395462
0.7239000201225281,0.5779240131378174,-5.882762721398649e-08,0.6851024627685547,0.5794461369514465,-0.02548844739794731,0.6355774998664856,0.5604220628738403,-0.04183000698685646,0.594205379486084,0.5525897741317749,-0.057682253420352936,0.5603148937225342,0.5528051853179932,-0.07294813543558121,0.6379624009132385,0.4708884656429291,-0.026237869635224342,0.6158173680305481,0.40991106629371643,-0.04848025366663933,0.60499107837677,0.3724268674850464,-0.06037991866469383,0.5950718522071838,0.33740758895874023,-0.06861864775419235,0.6654693484306335,0.4591015875339508,-0.02612433210015297,0.6754183769226074,0.4291723966598511,-0.0619891919195652,0.6905320882797241,0.4829130470752716,-0.06809522956609726,0.6872971653938293,0.5067415833473206,-0.064417764544487,0.6944993138313293,0.45352309942245483,-0.029254242777824402,0.7045057415962219,0.4315408170223236,-0.06532971560955048,0.7134442329406738,0.48318058252334595,-0.059235069900751114,0.7050119638442993,0.5031389594078064,-0.04642743244767189,0.7224183082580566,0.4541262686252594,-0.03413543477654457,0.7298331260681152,0.42693275213241577,-0.05676551163196564,0.7327044010162354,0.46547409892082214,-0.05053883418440819,0.7241614460945129,0.4863288402557373,-0.04066867753863335
0.7248044013977051,0.5724575519561768,-4.0267504886060124e-08,0.6876726746559143,0.5754615068435669,-0.025199567899107933,0.6392486691474915,0.5584278702735901,-0.04126105457544327,0.5985718965530396,0.5510731339454651,-0.056660428643226624,0.5656836628913879,0.5512050986289978,-0.07141515612602234,0.6402511596679688,0.4715321660041809,-0.0257058534771204,0.6177413463592529,0.4125610888004303,-0.04714573919773102,0.6067390441894531,0.37675178050994873,-0.05895474553108215,0.5965647101402283,0.3438328504562378,-0.06727095693349838,0.6663190126419067,0.45845404267311096,-0.02526160702109337,0.6764517426490784,0.42933982610702515,-0.06118645891547203,0.6930975317955017,0.4804621636867523,-0.06810507923364639,0.6912012100219727,0.5051095485687256,-0.06489245593547821,0.6939313411712646,0.45216599106788635,-0.027840815484523773,0.705048143863678,0.430975079536438,-0.06352561712265015,0.7153598666191101,0.47929853200912476,-0.05827558785676956,0.7080370783805847,0.4998539686203003,-0.04601265862584114,0.7203102707862854,0.45249927043914795,-0.032075874507427216,0.7286826968193054,0.4260304570198059,-0.054534733295440674,0.7324768304824829,0.46275168657302856,-0.04884247109293938,0.7244091629981995,0.4838985204696655,-0.039295729249715805
0.7159917950630188,0.5660126209259033,-5.972623995376125e-08,0.6809347867965698,0.5690400004386902,-0.020177310332655907,0.6368308067321777,0.5536442399024963,-0.033202361315488815,0.6005358099937439,0.5449036955833435,-0.045978423207998276,0.5712636709213257,0.5441017746925354,-0.05824479088187218,0.6384591460227966,0.475559264421463,-0.021306557580828667,0.6178643703460693,0.42089298367500305,-0.03887290507555008,0.608100175857544,0.3884093463420868,-0.048690568655729294,0.5983645915985107,0.3585478663444519,-0.05603470280766487,0.6620949506759644,0.46382156014442444,-0.02195374108850956,0.6675271987915039,0.4381037652492523,-0.05185166001319885,0.6829615831375122,0.4806668758392334,-0.05792083963751793,0.683555543422699,0.5039268732070923,-0.055896833539009094,0.6874362230300903,0.45856502652168274,-0.02498023957014084,0.692761242389679,0.44114959239959717,-0.054287202656269073,0.7030176520347595,0.4824880063533783,-0.049393728375434875,0.6992316842079163,0.5014277100563049,-0.03930918127298355,0.7127682566642761,0.45855873823165894,-0.029389578849077225,0.71506667137146,0.43602657318115234,-0.04741483926773071,0.7185591459274292,0.46769455075263977,-0.04191461205482483,0.7134374976158142,0.48702046275138855,-0.033811260014772415
0.70719313621521,0.564895510673523,-6.028159305060399e-08,0.672923743724823,0.5683568120002747,-0.01925385184586048,0.6304596066474915,0.5523020029067993,-0.031013071537017822,0.5954914689064026,0.5441491603851318,-0.042555905878543854,0.5679986476898193,0.5430127382278442,-0.053588367998600006,0.6341090202331543,0.4779382348060608,-0.018975624814629555,0.6142113208770752,0.42663463950157166,-0.0363970622420311,0.6042175889015198,0.39528605341911316,-0.04646763205528259,0.5950389504432678,0.3665095567703247,-0.053728990256786346,0.6564663648605347,0.4666060507297516,-0.019188417121767998,0.6593398451805115,0.44311484694480896,-0.04744553193449974,0.6732773184776306,0.4853591024875641,-0.05285857990384102,0.6739159822463989,0.5052431225776672,-0.05060400068759918,0.6803742051124573,0.4607771635055542,-0.021914668381214142,0.6831048727035522,0.44328442215919495,-0.04994683340191841,0.6920918822288513,0.48506781458854675,-0.0448891818523407,0.6886916160583496,0.501869261264801,-0.03485824912786484,0.7039327025413513,0.46001091599464417,-0.02598937414586544,0.7056437730789185,0.4369809031486511,-0.043420854955911636,0.7080832719802856,0.4692884683609009,-0.03795265033841133,0.7031168937683105,0.48790132999420166,-0.02988394722342491
0.6981412768363953,0.5638816952705383,-4.820699217589208e-08,0.6665967106819153,0.5675318241119385,-0.019833916798233986,0.6278417706489563,0.5536741614341736,-0.03242562711238861,0.5944362878799438,0.5450310707092285,-0.04460672289133072,0.5671314597129822,0.544345498085022,-0.056242287158966064,0.6284664869308472,0.4849044978618622,-0.018814967945218086,0.6092453598976135,0.4372159242630005,-0.03537504002451897,0.6004084348678589,0.40794992446899414,-0.04466556757688522,0.5922278761863708,0.3809156119823456,-0.051258981227874756,0.6488163471221924,0.4734702408313751,-0.01835489273071289,0.6544091701507568,0.4502530097961426,-0.045140109956264496,0.6684967279434204,0.49005234241485596,-0.05009303241968155,0.6681005358695984,0.5095967650413513,-0.04772546514868736,0.6705218553543091,0.46654778718948364,-0.02043592557311058,0.6764824390411377,0.4503253698348999,-0.04702937230467796,0.685426652431488,0.4893873631954193,-0.04212953895330429,0.680927574634552,0.5059123635292053,-0.03255647420883179,0.6918627619743347,0.4642108976840973,-0.02393687516450882,0.695675253868103,0.44424813985824585,-0.040327224880456924,0.6990777254104614,0.474978506565094,-0.035123586654663086,0.6937700510025024,0.4924211800098419,-0.027488889172673225
0.7096764445304871,0.5659024715423584,-5.402697667022949e-08,0.6800587773323059,0.5704315900802612,-0.017740972340106964,0.6421873569488525,0.5584814548492432,-0.028772952035069466,0.6109547019004822,0.5508555173873901,-0.039296459406614304,0.5861577391624451,0.5504965782165527,-0.04952048882842064,0.6453892588615417,0.49613144993782043,-0.01806679740548134,0.6272256374359131,0.45100295543670654,-0.03336452692747116,0.6185370087623596,0.42430293560028076,-0.04178686439990997,0.6100577116012573,0.40051642060279846,-0.047605227679014206,0.6644788980484009,0.4862805902957916,-0.01777341030538082,0.6694868206977844,0.4639943838119507,-0.04192788526415825,0.6833230257034302,0.4997190833091736,-0.04557904973626137,0.6825563907623291,0.5171038508415222,-0.04291217029094696,0.6844013929367065,0.480329304933548,-0.019702650606632233,0.6888504028320312,0.46346917748451233,-0.04410881549119949,0.6989439725875854,0.497821569442749,-0.03862137719988823,0.6954163908958435,0.5127997994422913,-0.02920691855251789,0.7036049962043762,0.47839727997779846,-0.02279948629438877,0.7058916091918945,0.4582584798336029,-0.037508461624383926,0.7112122178077698,0.48614203929901123,-0.03139522299170494,0.7075123190879822,0.5023539662361145,-0.023552298545837402
0.7728116512298584,0.5585694313049316,-4.204008874353349e-08,0.7441285252571106,0.5564142465591431,-0.018729237839579582,0.7091378569602966,0.5407567620277405,-0.030743634328246117,0.6788918972015381,0.528892993927002,-0.04189532250165939,0.6539081335067749,0.5231623649597168,-0.05239272490143776,0.7127759456634521,0.4797467887401581,-0.018715875223279,0.6965365409851074,0.4353483319282532,-0.03342628479003906,0.6888467669487,0.40874531865119934,-0.04076676443219185,0.6831383109092712,0.38421183824539185,-0.0457657054066658,0.7320981621742249,0.47231271862983704,-0.0177446398884058,0.7390341758728027,0.45098423957824707,-0.039264947175979614,0.748880922794342,0.4883127212524414,-0.04030218720436096,0.7470070123672485,0.5026121735572815,-0.03639586269855499,0.752517819404602,0.4697563052177429,-0.019281750544905663,0.7590562105178833,0.45544886589050293,-0.04069172963500023,0.7646694779396057,0.4896800220012665,-0.03349880874156952,0.7603011727333069,0.5000215172767639,-0.024099398404359818,0.7717131972312927,0.47152450680732727,-0.022378254681825638,0.7766711115837097,0.4586380124092102,-0.035189248621463776,0.7786909937858582,0.4861352741718292,-0.028945332393050194,0.774872362613678,0.4975283145904541,-0.021672073751688004
0.8427104949951172,0.5417583584785461,-6.108324157594325e-08,0.8115794658660889,0.5376903414726257,-0.019708359614014626,0.7735942602157593,0.5179799795150757,-0.03168641775846481,0.740432620048523,0.5013256669044495,-0.04333985969424248,0.7133234143257141,0.4944334924221039,-0.05410948395729065,0.7777519822120667,0.45263606309890747,-0.017200518399477005,0.7623818516731262,0.40443170070648193,-0.03383568301796913,0.7567578554153442,0.37482309341430664,-0.041714031249284744,0.7528238892555237,0.34569504857063293,-0.046470943838357925,0.7989172339439392,0.447624146938324,-0.01640155352652073,0.8104988932609558,0.4258017838001251,-0.040069375187158585,0.8187548518180847,0.46691086888313293,-0.04158855602145195,0.8136429190635681,0.48021167516708374,-0.0374939925968647,0.8214972019195557,0.4468473196029663,-0.018582627177238464,0.8331865668296814,0.42907437682151794,-0.04506334662437439,0.8367612361907959,0.4681358337402344,-0.039218124002218246,0.8294879794120789,0.48036059737205505,-0.02914491854608059,0.8432855010032654,0.44974473118782043,-0.02207675389945507,0.8513601422309875,0.42902782559394836,-0.039118148386478424,0.8522762060165405,0.45849302411079407,-0.03358643874526024,0.846674919128418,0.47428834438323975,-0.025557413697242737
0.8892819881439209,0.5275020003318787,-4.384952134728337e-08,0.8549296259880066,0.5259844064712524,-0.01891854964196682,0.8144307136535645,0.5023886561393738,-0.031185129657387733,0.7800852060317993,0.4825980067253113,-0.042943231761455536,0.7512649893760681,0.47417861223220825,-0.0544753260910511,0.8238029479980469,0.436764121055603,-0.021643659099936485,0.8067439198493958,0.3835236430168152,-0.04018324986100197,0.8003814220428467,0.3523920476436615,-0.050794851034879684,0.7955282926559448,0.32258376479148865,-0.058098506182432175,0.8484762907028198,0.4301195740699768,-0.022948022931814194,0.8563247919082642,0.40169578790664673,-0.051045216619968414,0.8663021326065063,0.44357460737228394,-0.05613112449645996,0.8651962280273438,0.46477463841438293,-0.05387593433260918,0.8741395473480225,0.42912033200263977,-0.026517901569604874,0.8812333345413208,0.40903106331825256,-0.054675232619047165,0.8866633176803589,0.4498555362224579,-0.04821881651878357,0.8821091055870056,0.46701860427856445,-0.03742722421884537,0.8986921906471252,0.43270057439804077,-0.03130928799510002,0.9034314751625061,0.4080132246017456,-0.048671722412109375,0.9051746129989624,0.4384883642196655,-0.04132368043065071,0.9005547165870667,0.4551454782485962,-0.03201476112008095
0.9596265554428101,0.49253222346305847,-7.625779119280196e-08,0.9203334450721741,0.492264062166214,-0.019769560545682907,0.8744047284126282,0.4670592248439789,-0.032646484673023224,0.8374142050743103,0.44632911682128906,-0.045407988131046295,0.8062841296195984,0.4376746416091919,-0.05787244811654091,0.8872299194335938,0.39390307664871216,-0.022920619696378708,0.8678373098373413,0.336011677980423,-0.04336628317832947,0.860781192779541,0.301527738571167,-0.05493509769439697,0.8555960655212402,0.2681705355644226,-0.0629461333155632,0.9152634739875793,0.3847527503967285,-0.024828286841511726,0.9282673597335815,0.355755090713501,-0.05709331855177879,0.9382380247116089,0.40405648946762085,-0.06374796479940414,0.9341962933540344,0.42787280678749084,-0.06175559014081955,0.9442973136901855,0.3822207748889923,-0.028992785140872,0.9575760960578918,0.36199551820755005,-0.061789821833372116,0.9617275595664978,0.4090441167354584,-0.05606723204255104,0.9530497193336487,0.429129034280777,-0.044680509716272354,0.9716540575027466,0.3858450651168823,-0.03425673767924309,0.9811322689056396,0.35982242226600647,-0.05452846363186836,0.981741189956665,0.3948810398578644,-0.04728955030441284,0.9728705286979675,0.4148516356945038,-0.037384726107120514
0.9852709174156189,0.44732141494750977,-8.658278716211498e-08,0.9398249387741089,0.45578205585479736,-0.021353818476200104,0.8881129622459412,0.43455031514167786,-0.03370538726449013,0.8455713987350464,0.4150700271129608,-0.0462682843208313,0.8108234405517578,0.40784597396850586,-0.058685701340436935,0.898059070110321,0.35278594493865967,-0.019540367648005486,0.8735507726669312,0.2939336895942688,-0.039210084825754166,0.8627154231071472,0.25685229897499084,-0.05108805000782013,0.8533957600593567,0.22411906719207764,-0.05946789309382439,0.9307339191436768,0.3404043912887573,-0.02118799462914467,0.9373399615287781,0.30972692370414734,-0.05443244427442551,0.9500425457954407,0.36262524127960205,-0.06166577339172363,0.9492595195770264,0.393324077129364,-0.059332627803087234,0.9643583297729492,0.3350299894809723,-0.02554931491613388,0.9692097902297974,0.3082619309425354,-0.06020870432257652,0.9763624668121338,0.36246272921562195,-0.05428149923682213,0.9729433655738831,0.3916468322277069,-0.04152872413396835,0.997169017791748,0.3364102244377136,-0.031096920371055603,0.9983132481575012,0.30771404504776,-0.05420907214283943,1.0001004934310913,0.34717458486557007,-0.0473516471683979,0.9959504008293152,0.3735503852367401,-0.03657035529613495
0.9552116394042969,0.4270716607570648,-1.14136071260873e-07,0.9104828238487244,0.42974036931991577,-0.024236200377345085,0.857133150100708,0.4085220396518707,-0.03895876556634903,0.8151220083236694,0.3926001787185669,-0.053303178399801254,0.7797049880027771,0.3870871961116791,-0.06718764454126358,0.8698592782020569,0.3206975758075714,-0.025748495012521744,0.8458961248397827,0.2594665586948395,-0.046922799199819565,0.8347331881523132,0.2239760458469391,-0.058738067746162415,0.8235181570053101,0.18966953456401825,-0.06761942058801651,0.9032054543495178,0.3053063750267029,-0.0267413929104805,0.9135032296180725,0.2739974856376648,-0.06278567016124725,0.929394543170929,0.3281213343143463,-0.07059472799301147,0.9263002276420593,0.3551775813102722,-0.06880464404821396,0.936508297920227,0.2988837659358978,-0.03042873553931713,0.9487532377243042,0.275837242603302,-0.06711462140083313,0.957427978515625,0.3280007541179657,-0.06169165298342705,0.9490838050842285,0.3520898222923279,-0.04956745728850365,0.9674015641212463,0.300220251083374,-0.035615794360637665,0.9782781004905701,0.2693437337875366,-0.05844949185848236,0.9802564978599548,0.3066513240337372,-0.0519678071141243,0.9702860116958618,0.3303205966949463,-0.04227566719055176
0.9516537189483643,0.4008885324001312,-7.122557121874706e-08,0.9046996831893921,0.40367281436920166,-0.026383094489574432,0.8507304191589355,0.3786486089229584,-0.042780276387929916,0.8065118193626404,0.3585384786128998,-0.05877066031098366,0.7683113813400269,0.34896859526634216,-0.07406492531299591,0.8639065027236938,0.2871464490890503,-0.02792961336672306,0.840765655040741,0.21989813446998596,-0.05227001756429672,0.8310309052467346,0.18021905422210693,-0.06604080647230148,0.822185754776001,0.14181441068649292,-0.07578101009130478,0.8995159864425659,0.27488234639167786,-0.028989633545279503,0.9107925295829773,0.23967930674552917,-0.06818387657403946,0.9252355694770813,0.2982022762298584,-0.07618474960327148,0.9210352301597595,0.3248407244682312,-0.07382742315530777,0.935010552406311,0.2704368829727173,-0.03309813141822815,0.9464905261993408,0.2411656677722931,-0.07294709980487823,0.9547960758209229,0.29885172843933105,-0.06534500420093536,0.9461625814437866,0.322777658700943,-0.05107368901371956,0.9680256843566895,0.2727729082107544,-0.03884909301996231,0.978238582611084,0.2371155470609665,-0.06400073319673538,0.9803337454795837,0.2794249355792999,-0.055482007563114166,0.9710128903388977,0.30386897921562195,-0.04357803612947464
0.9423114061355591,0.4119211435317993,-1.2965071505277592e-07,0.8954974412918091,0.41193389892578125,-0.02791631408035755,0.8396870493888855,0.3839011490345001,-0.044447239488363266,0.7949839234352112,0.36028385162353516,-0.06033880636096001,0.7561097145080566,0.35238534212112427,-0.07549569755792618,0.8517961502075195,0.28749194741249084,-0.02591967210173607,0.8307754397392273,0.21871677041053772,-0.047592513263225555,0.8221369385719299,0.17907306551933289,-0.05907995626330376,0.812559962272644,0.1402880847454071,-0.06773542612791061,0.8847535252571106,0.2742233872413635,-0.02550997957587242,0.9005391001701355,0.24260716140270233,-0.06284444034099579,0.9168164730072021,0.3027168810367584,-0.07094912976026535,0.9097483158111572,0.33010825514793396,-0.06884784996509552,0.9182548522949219,0.2685756981372833,-0.02839379571378231,0.9341773986816406,0.24556219577789307,-0.06824970990419388,0.9437379837036133,0.3042484223842621,-0.06387658417224884,0.9311893582344055,0.3275112211704254,-0.05179518461227417,0.9509323239326477,0.2687353193759918,-0.032853830605745316,0.9628573060035706,0.23715956509113312,-0.058886293321847916,0.9657518863677979,0.2814105451107025,-0.05335044860839844,0.9533892869949341,0.30752891302108765,-0.043677862733602524
0.9193583130836487,0.41807085275650024,-7.527068390800196e-08,0.8736194968223572,0.41601797938346863,-0.02809026464819908,0.8213839530944824,0.38910993933677673,-0.045289114117622375,0.7782735228538513,0.3657713830471039,-0.061842694878578186,0.740884006023407,0.35447511076927185,-0.07760096341371536,0.8334280252456665,0.29334843158721924,-0.02554306574165821,0.8143141865730286,0.22441649436950684,-0.047428328543901443,0.8075305223464966,0.1847805380821228,-0.059895992279052734,0.8004651069641113,0.14742058515548706,-0.06906384974718094,0.8662492632865906,0.2816693186759949,-0.025035932660102844,0.8791690468788147,0.24901607632637024,-0.06326457113027573,0.894378125667572,0.3073810636997223,-0.07262904942035675,0.8893280029296875,0.3389508128166199,-0.07096458226442337,0.8989132046699524,0.2779066860675812,-0.027765555307269096,0.9120408296585083,0.25343775749206543,-0.06705443561077118,0.9210982918739319,0.3099471628665924,-0.06277424842119217,0.9106786251068115,0.33774369955062866,-0.05048445239663124,0.929898202419281,0.2810167670249939,-0.03218613564968109,0.9409365057945251,0.24889345467090607,-0.0577089749276638,0.943243682384491,0.2896633446216583,-0.052196674048900604,0.9321561455726624,0.3167227506637573,-0.042244162410497665
0.8925436735153198,0.4139748215675354,-2.3784970437645825e-08,0.8436626195907593,0.410731703042984,-0.0280965194106102,0.788678765296936,0.37928178906440735,-0.04512728378176689,0.7458245754241943,0.3548222780227661,-0.06129782646894455,0.7093232870101929,0.3416910171508789,-0.07640264928340912,0.8081710338592529,0.2857494056224823,-0.026910480111837387,0.7911794781684875,0.2157095968723297,-0.04970944672822952,0.7866331338882446,0.17396055161952972,-0.06172431632876396,0.7811453342437744,0.13461469113826752,-0.07020421326160431,0.8405610918998718,0.2777044475078583,-0.026317762210965157,0.8566624522209167,0.24948500096797943,-0.0634065791964531,0.8681209087371826,0.3090871572494507,-0.07035566866397858,0.8581655025482178,0.3317716121673584,-0.06737478822469711,0.8733870983123779,0.2763146162033081,-0.02915727160871029,0.8890044093132019,0.2564006447792053,-0.0679469183087349,0.8953891396522522,0.31269916892051697,-0.062045786529779434,0.8811626434326172,0.33258000016212463,-0.049238044768571854,0.9041818380355835,0.2808326482772827,-0.03380930796265602,0.9173027873039246,0.2513299286365509,-0.059110116213560104,0.9193586707115173,0.29222506284713745,-0.05255557969212532,0.9064962267875671,0.3138316869735718,-0.042027730494737625
0.8822515606880188,0.4169347882270813,-7.706973548238238e-08,0.8322964906692505,0.4144134521484375,-0.02732808329164982,0.7768020033836365,0.3821978271007538,-0.04475504159927368,0.7325912117958069,0.35512202978134155,-0.06190582364797592,0.6946588754653931,0.34026026725769043,-0.07846597582101822,0.7944720387458801,0.27976587414741516,-0.02642880566418171,0.779161810874939,0.2044180929660797,-0.05123164504766464,0.7739847302436829,0.15976816415786743,-0.06586349755525589,0.7687764763832092,0.11773808300495148,-0.07633040100336075,0.8296158313751221,0.270988404750824,-0.027319932356476784,0.8455771803855896,0.24109341204166412,-0.06765317171812057,0.8561316728591919,0.30512750148773193,-0.07672726362943649,0.8484161496162415,0.3343479633331299,-0.07471537590026855,0.8644346594810486,0.2696325480937958,-0.031629614531993866,0.8786730170249939,0.2471480667591095,-0.07297808676958084,0.8838390111923218,0.30860161781311035,-0.06644732505083084,0.8723291754722595,0.3339702785015106,-0.05240928381681442,0.8975349068641663,0.2750835716724396,-0.037660617381334305,0.9085296988487244,0.2450539767742157,-0.06453243643045425,0.9087717533111572,0.29093635082244873,-0.05682229995727539,0.8972431421279907,0.31622862815856934,-0.04486639425158501
0.8827471137046814,0.42128995060920715,-8.41579321786412e-08,0.8315237164497375,0.41695478558540344,-0.03274288401007652,0.7740628719329834,0.38198041915893555,-0.055066682398319244,0.7276616096496582,0.3489057421684265,-0.07698226720094681,0.6851231455802917,0.33136186003685,-0.09792107343673706,0.7962014079093933,0.27169162034988403,-0.033547449856996536,0.7827266454696655,0.1918340027332306,-0.06233854964375496,0.7797217965126038,0.1420116424560547,-0.07708998769521713,0.777093768119812,0.09583118557929993,-0.08698254823684692,0.8334383368492126,0.26275596022605896,-0.033263228833675385,0.8543977737426758,0.23493562638759613,-0.07679454237222672,0.8637663722038269,0.3060305714607239,-0.08314178884029388,0.8513894081115723,0.3294920027256012,-0.07850008457899094,0.8701877593994141,0.2614196538925171,-0.03718830272555351,0.8902624845504761,0.24161803722381592,-0.08257600665092468,0.8928144574165344,0.30769678950309753,-0.0736757144331932,0.8754398822784424,0.32907384634017944,-0.05745923891663551,0.9040206074714661,0.2675803303718567,-0.043391842395067215,0.921023964881897,0.2398194670677185,-0.07346067577600479,0.9194020628929138,0.2889297902584076,-0.06546926498413086,0.9030643701553345,0.31339046359062195,-0.05278001353144646
0.8387787342071533,0.4044860005378723,-1.0225165425481464e-07,0.7894565463066101,0.39852815866470337,-0.031064067035913467,0.7295253872871399,0.3620053827762604,-0.05017620325088501,0.6819819808006287,0.33607548475265503,-0.0685216560959816,0.6418157815933228,0.3240165710449219,-0.08585534244775772,0.7494766116142273,0.2500362694263458,-0.03304917365312576,0.735081136226654,0.16951483488082886,-0.05963018164038658,0.7310252785682678,0.12101790308952332,-0.07345255464315414,0.7268043756484985,0.07466623187065125,-0.08288659900426865,0.786841630935669,0.23781071603298187,-0.03201475366950035,0.8064228892326355,0.21606996655464172,-0.0723675861954689,0.8142803907394409,0.2848280966281891,-0.0779804214835167,0.8043169975280762,0.3086093068122864,-0.07381237298250198,0.8255352973937988,0.2369234561920166,-0.03496169298887253,0.843776524066925,0.2204165905714035,-0.07749202102422714,0.8438271880149841,0.28478729724884033,-0.07050226628780365,0.8285517692565918,0.3039672076702118,-0.05640494450926781,0.8621604442596436,0.24196459352970123,-0.03995635733008385,0.8772944211959839,0.21423572301864624,-0.06714092940092087,0.872884213924408,0.2609885632991791,-0.06000487133860588,0.8574562668800354,0.28295397758483887,-0.048776593059301376
0.8085824251174927,0.3915082514286041,-7.092548059972614e-08,0.7611861824989319,0.38772058486938477,-0.03329317271709442,0.7015841007232666,0.3543925881385803,-0.0544547364115715,0.6529026627540588,0.3311023414134979,-0.0744888037443161,0.6120807528495789,0.3189204931259155,-0.09332448244094849,0.7175903916358948,0.2371908724308014,-0.03537692502140999,0.7001293897628784,0.15622250735759735,-0.0629330649971962,0.6945862174034119,0.1067010909318924,-0.07740789651870728,0.6898969411849976,0.06029751896858215,-0.08721558749675751,0.7533575892448425,0.22486600279808044,-0.033764082938432693,0.7757545709609985,0.20298612117767334,-0.07587124407291412,0.7858509421348572,0.2711144983768463,-0.0823541134595871,0.7754628658294678,0.29591459035873413,-0.07834424823522568,0.7904117703437805,0.2230667769908905,-0.03627219423651695,0.8113543391227722,0.2070551961660385,-0.07980811595916748,0.813271164894104,0.27119180560112,-0.07291742414236069,0.7967188954353333,0.29182547330856323,-0.058790840208530426,0.8252177834510803,0.22780364751815796,-0.041056014597415924,0.8428827524185181,0.20140905678272247,-0.06945706903934479,0.8400968313217163,0.2519272267818451,-0.06256570667028427,0.8231813907623291,0.27697718143463135,-0.05120405927300453
0.7980045080184937,0.3821485638618469,-2.2387165898862804e-08,0.7472440004348755,0.3833756148815155,-0.040148377418518066,0.6899895668029785,0.35283952951431274,-0.06793897598981857,0.6390699148178101,0.32326608896255493,-0.09412188827991486,0.5927019715309143,0.3091946542263031,-0.11911012977361679,0.7031905055046082,0.22360429167747498,-0.04547306150197983,0.68541419506073,0.13469386100769043,-0.08005460351705551,0.678767204284668,0.07836997509002686,-0.09871580451726913,0.6738308072090149,0.027103066444396973,-0.11030194908380508,0.7411980628967285,0.21153178811073303,-0.04230117425322533,0.7641611099243164,0.1809254288673401,-0.0922408327460289,0.7754802703857422,0.25739023089408875,-0.09951116889715195,0.7655341029167175,0.28767335414886475,-0.09346859157085419,0.7791309952735901,0.207562655210495,-0.04377620667219162,0.8000665307044983,0.18569763004779816,-0.09463293850421906,0.8036140203475952,0.2567110061645508,-0.0856209248304367,0.7882573008537292,0.282393217086792,-0.06721562147140503,0.814204216003418,0.21037998795509338,-0.04793187975883484,0.8319386839866638,0.18077632784843445,-0.08034524321556091,0.8305153846740723,0.2341209352016449,-0.07140170782804489,0.8150033950805664,0.2611357569694519,-0.05668894946575165
0.7553473114967346,0.38125959038734436,-9.064768136113344e-08,0.7073357105255127,0.38420581817626953,-0.03346642106771469,0.6452906131744385,0.356139212846756,-0.055015597492456436,0.5942410826683044,0.33363792300224304,-0.07571715116500854,0.5519061088562012,0.3249146044254303,-0.09519893676042557,0.6551698446273804,0.23590445518493652,-0.036036115139722824,0.634765088558197,0.153498113155365,-0.06425756961107254,0.6274915933609009,0.10318079590797424,-0.07843320816755295,0.6213388442993164,0.05646742880344391,-0.08786196261644363,0.6903044581413269,0.21997137367725372,-0.034329332411289215,0.7114326357841492,0.19583351910114288,-0.07702676951885223,0.7248718738555908,0.26476019620895386,-0.08241245895624161,0.7160093784332275,0.29107481241226196,-0.0774054303765297,0.7271668910980225,0.21436573565006256,-0.03684987872838974,0.7473602890968323,0.19913209974765778,-0.08106125891208649,0.7528284192085266,0.2634891867637634,-0.07340879738330841,0.7377133369445801,0.2848155200481415,-0.05853457748889923,0.7624838948249817,0.215574249625206,-0.04166244715452194,0.7785115838050842,0.19005542993545532,-0.06996077299118042,0.7779837846755981,0.2405444085597992,-0.06260732561349869,0.7624139189720154,0.2671918272972107,-0.05084826052188873
0.7094376683235168,0.3832385540008545,-7.666353241120305e-08,0.6621659994125366,0.3849670886993408,-0.026355555281043053,0.6076386570930481,0.3602144718170166,-0.04405791312456131,0.5617685317993164,0.3432767391204834,-0.0616065114736557,0.5251955389976501,0.3377450704574585,-0.07879255712032318,0.6177857518196106,0.25392597913742065,-0.028902409598231316,0.5984513759613037,0.17902019619941711,-0.05384472385048866,0.5905327796936035,0.13464249670505524,-0.06846452504396439,0.5831028819084167,0.09320566058158875,-0.07885473221540451,0.6509037017822266,0.2421754151582718,-0.029636066406965256,0.6625891923904419,0.21047502756118774,-0.07000784575939178,0.6747167706489563,0.27352187037467957,-0.07877014577388763,0.6701275706291199,0.3060639798641205,-0.07649930566549301,0.6846103668212891,0.23868785798549652,-0.03345562890172005,0.6954969763755798,0.21520455181598663,-0.07283124327659607,0.7013807892799377,0.27541762590408325,-0.06638398766517639,0.6924365162849426,0.3030740022659302,-0.05275171995162964,0.7167026996612549,0.24303874373435974,-0.03903471678495407,0.7245723009109497,0.21307866275310516,-0.06339406967163086,0.7242798805236816,0.25696876645088196,-0.05590906739234924,0.7141836881637573,0.28297159075737,-0.0445692278444767
0.6993311643600464,0.3824567496776581,-5.7881571535745024e-08,0.6544021368026733,0.38488808274269104,-0.025484738871455193,0.6030581593513489,0.36240366101264954,-0.042517270892858505,0.5603577494621277,0.3467381000518799,-0.059277329593896866,0.5253857970237732,0.34122568368911743,-0.07574209570884705,0.6141442656517029,0.26193520426750183,-0.02799461968243122,0.5950589179992676,0.19297480583190918,-0.05122440680861473,0.5873981714248657,0.15136823058128357,-0.06500639766454697,0.5806208848953247,0.11244776844978333,-0.0748569518327713,0.6459960341453552,0.25134381651878357,-0.028859322890639305,0.6579798460006714,0.22087064385414124,-0.06786341220140457,0.6690444350242615,0.27920717000961304,-0.0769372507929802,0.6653018593788147,0.3110160529613495,-0.07510322332382202,0.6780849099159241,0.24998511373996735,-0.032511938363313675,0.6900720000267029,0.22644825279712677,-0.0704922080039978,0.6947657465934753,0.28201115131378174,-0.0648960992693901,0.686598539352417,0.3090737462043762,-0.052073318511247635,0.707830011844635,0.2566653788089752,-0.03781333938241005,0.7173172831535339,0.2279973328113556,-0.06145088002085686,0.7170912027359009,0.2683078646659851,-0.054600805044174194,0.7081747055053711,0.29294252395629883,-0.04391931742429733
0.7021567225456238,0.39425310492515564,-6.331531920977795e-08,0.6603875160217285,0.3986093997955322,-0.027187246829271317,0.6104667782783508,0.3766394853591919,-0.04481001943349838,0.5695074200630188,0.35995662212371826,-0.06163845583796501,0.5353930592536926,0.35536015033721924,-0.0779186263680458,0.6199038028717041,0.2784433662891388,-0.03048599325120449,0.6020107865333557,0.21016673743724823,-0.05442124232649803,0.5957035422325134,0.16757550835609436,-0.06814385950565338,0.5904917120933533,0.12800569832324982,-0.07759986072778702,0.6489832401275635,0.26200029253959656,-0.029608547687530518,0.6654859781265259,0.23936167359352112,-0.06892192363739014,0.6785722374916077,0.29591134190559387,-0.07742911577224731,0.6758756637573242,0.32724910974502563,-0.0749996230006218,0.6787427067756653,0.25469571352005005,-0.03174687922000885,0.6957027912139893,0.2414957582950592,-0.06986748427152634,0.7019627690315247,0.29458385705947876,-0.06508948653936386,0.6935189366340637,0.3199487328529358,-0.05285586416721344,0.7072550058364868,0.25502821803092957,-0.03573869168758392,0.7213460206985474,0.23367515206336975,-0.05965401604771614,0.7218068838119507,0.27531540393829346,-0.0543094277381897,0.7107510566711426,0.3003495931625366,-0.0447157621383667
0.6967297792434692,0.4049481749534607,-8.513006832799874e-08,0.6562931537628174,0.40672892332077026,-0.02268785983324051,0.6085134148597717,0.38380950689315796,-0.037581540644168854,0.5687426328659058,0.3694814443588257,-0.05223829671740532,0.5365244746208191,0.36633017659187317,-0.06666601449251175,0.6171978116035461,0.2936989367008209,-0.026003645732998848,0.5997994542121887,0.22779953479766846,-0.048214785754680634,0.5935099720954895,0.18745693564414978,-0.061862871050834656,0.5873251557350159,0.15009421110153198,-0.0716017335653305,0.6454643607139587,0.28004544973373413,-0.02628554403781891,0.6564308404922485,0.259726881980896,-0.06134369969367981,0.6681491732597351,0.3116505742073059,-0.06936447322368622,0.6651679873466492,0.337691992521286,-0.06824246793985367,0.6752909421920776,0.2738048732280731,-0.02929729036986828,0.6843627095222473,0.25922587513923645,-0.06338495761156082,0.6901004314422607,0.31003105640411377,-0.05847851559519768,0.6826573610305786,0.33187493681907654,-0.04760182648897171,0.7046842575073242,0.2731992304325104,-0.03383608162403107,0.7116042971611023,0.249976247549057,-0.05537726357579231,0.7108135223388672,0.29001283645629883,-0.04971829801797867,0.7004666328430176,0.31269803643226624,-0.040712129324674606
0.6806255578994751,0.4034486711025238,-7.081131769837157e-08,0.6419049501419067,0.4074292480945587,-0.020641619339585304,0.5954176783561707,0.38620278239250183,-0.03377777338027954,0.5579063892364502,0.3729545772075653,-0.04662420600652695,0.5281567573547363,0.3699174225330353,-0.05924678221344948,0.6047878861427307,0.3017981946468353,-0.024108940735459328,0.5883638858795166,0.24017953872680664,-0.045489612966775894,0.5818095207214355,0.2022947072982788,-0.05864838510751724,0.5763025879859924,0.16662929952144623,-0.06793992221355438,0.631589949131012,0.29083552956581116,-0.024782883003354073,0.6408331394195557,0.2647937536239624,-0.05843422934412956,0.652922511100769,0.314862459897995,-0.06581094115972519,0.6514829397201538,0.3408350646495819,-0.06414731591939926,0.6586371660232544,0.28535088896751404,-0.02793179638683796,0.6662027835845947,0.2661929130554199,-0.06028984114527702,0.6726603507995605,0.31528764963150024,-0.05481681600213051,0.6664921641349792,0.33711475133895874,-0.04366394504904747,0.6844341158866882,0.2855950593948364,-0.03249485418200493,0.6906282305717468,0.2619112730026245,-0.05286368355154991,0.6907010078430176,0.2998459041118622,-0.046969711780548096,0.6819191575050354,0.32166922092437744,-0.03794843703508377
0.6750022768974304,0.4068414270877838,-7.591651041138903e-08,0.6366221904754639,0.40980595350265503,-0.019830066710710526,0.590916097164154,0.3880380690097809,-0.03228066489100456,0.5541217923164368,0.373544305562973,-0.044514965265989304,0.5245711207389832,0.3704366683959961,-0.05651835724711418,0.6000224947929382,0.3042496144771576,-0.022478261962532997,0.5832820534706116,0.24292239546775818,-0.042407482862472534,0.5771392583847046,0.20567938685417175,-0.05476360768079758,0.5718268752098083,0.17078828811645508,-0.0636696070432663,0.6267145276069641,0.2932186424732208,-0.02308599464595318,0.635177731513977,0.268706351518631,-0.055331889539957047,0.6466970443725586,0.3179626166820526,-0.06265059113502502,0.6455916166305542,0.3439444899559021,-0.06130135431885719,0.6538168787956238,0.28806495666503906,-0.026071231812238693,0.6597568988800049,0.2693891227245331,-0.056987009942531586,0.6656570434570312,0.3176073431968689,-0.05189337581396103,0.660270631313324,0.33906736969947815,-0.041420694440603256,0.6798587441444397,0.28836262226104736,-0.03040747344493866,0.6843528151512146,0.26534390449523926,-0.04989781230688095,0.6836670637130737,0.30231156945228577,-0.04440026730298996,0.6754547357559204,0.32343658804893494,-0.03591045364737511
0.6517535448074341,0.412326842546463,-4.298947686720567e-08,0.6157055497169495,0.4128967821598053,-0.02080100029706955,0.574055552482605,0.3957492411136627,-0.03446860611438751,0.5391446948051453,0.3837974965572357,-0.04787469655275345,0.5111714005470276,0.381208211183548,-0.0608118511736393,0.5785645842552185,0.31856945157051086,-0.02065972052514553,0.5627657175064087,0.2628328204154968,-0.039172735065221786,0.5561546087265015,0.22943603992462158,-0.04963231086730957,0.5503295660018921,0.19761662185192108,-0.05699322372674942,0.6031086444854736,0.3077870011329651,-0.020820003002882004,0.6102147102355957,0.28179898858070374,-0.05059399455785751,0.621896505355835,0.3291151225566864,-0.05629149451851845,0.6206808090209961,0.3523905873298645,-0.05381302163004875,0.6281259655952454,0.3024153709411621,-0.02370617352426052,0.6349671483039856,0.28469911217689514,-0.053072355687618256,0.6407809257507324,0.3305198550224304,-0.04817706719040871,0.6345725655555725,0.3490411341190338,-0.037933241575956345,0.6523542404174805,0.3020296096801758,-0.028058378025889397,0.6572134494781494,0.279857337474823,-0.04591265320777893,0.6578274965286255,0.31464746594429016,-0.04038331285119057,0.6502683758735657,0.3340035080909729,-0.03214545547962189
0.6436509490013123,0.4202346205711365,-4.9454030204287847e-08,0.6086632609367371,0.4226985275745392,-0.01962408423423767,0.5691304206848145,0.40696215629577637,-0.0327332466840744,0.5355746746063232,0.3961208760738373,-0.045607369393110275,0.508277952671051,0.3948945999145508,-0.05808674916625023,0.5750361084938049,0.33345896005630493,-0.020341722294688225,0.5588542222976685,0.2812288701534271,-0.03759342059493065,0.5523059964179993,0.25034791231155396,-0.04764580726623535,0.5461301803588867,0.22155185043811798,-0.05480411276221275,0.5981630086898804,0.3223433494567871,-0.020473364740610123,0.6056663990020752,0.29764416813850403,-0.049420226365327835,0.6164262294769287,0.34064197540283203,-0.05573198199272156,0.6151079535484314,0.3662641644477844,-0.05395343154668808,0.6214565634727478,0.3175373077392578,-0.0229165181517601,0.628014862537384,0.300345778465271,-0.05097762867808342,0.6341939568519592,0.3420349657535553,-0.04666892811655998,0.629795253276825,0.3642140328884125,-0.03697367385029793,0.6437927484512329,0.31864291429519653,-0.026688024401664734,0.6486274600028992,0.29631227254867554,-0.043840453028678894,0.6491805911064148,0.32725074887275696,-0.03886672481894493,0.6425371766090393,0.348154217004776,-0.03108971007168293
0.6316775679588318,0.43539172410964966,-3.99473378820403e-08,0.5986473560333252,0.4380623698234558,-0.01781223714351654,0.5612672567367554,0.4257504642009735,-0.03010036237537861,0.529369056224823,0.41800087690353394,-0.04255436360836029,0.5044260025024414,0.4186026453971863,-0.05476308614015579,0.5676189661026001,0.3558526039123535,-0.018013563007116318,0.5513643622398376,0.3087736964225769,-0.034363120794296265,0.545143187046051,0.2799728512763977,-0.04418138787150383,0.5395627617835999,0.25338709354400635,-0.0511074922978878,0.5896742343902588,0.3454994857311249,-0.018656479194760323,0.5965327620506287,0.32188817858695984,-0.04563849791884422,0.6065152287483215,0.3612581491470337,-0.05165252834558487,0.6047945618629456,0.3843769431114197,-0.050137944519519806,0.6117194294929504,0.3413373827934265,-0.02147017791867256,0.6187894940376282,0.32335200905799866,-0.04762870445847511,0.6240950226783752,0.3619544804096222,-0.04351212829351425,0.6194779276847839,0.38370195031166077,-0.034330517053604126,0.6322269439697266,0.3432469964027405,-0.025554586201906204,0.6382759213447571,0.3214731216430664,-0.04134737327694893,0.6389970779418945,0.3490442633628845,-0.03646033629775047,0.6329213976860046,0.368613064289093,-0.02900375798344612
0.6103020906448364,0.4373124837875366,-1.3851733982050973e-08,0.5783020257949829,0.4399201571941376,-0.016596827656030655,0.5415449142456055,0.429353803396225,-0.02789926528930664,0.5110344886779785,0.42565423250198364,-0.03928026929497719,0.4872925579547882,0.42814844846725464,-0.05049145594239235,0.5484402775764465,0.36544427275657654,-0.01805560104548931,0.5325713753700256,0.32019662857055664,-0.03310052305459976,0.5255935192108154,0.2931784987449646,-0.04213773459196091,0.5191822648048401,0.26884761452674866,-0.04859514161944389,0.5698780417442322,0.3546111285686493,-0.01868462935090065,0.5753796696662903,0.33127713203430176,-0.043701838701963425,0.5852171778678894,0.36591196060180664,-0.04948890954256058,0.5840231776237488,0.38755255937576294,-0.048346515744924545,0.5911396741867065,0.34993165731430054,-0.02116185799241066,0.5967518091201782,0.3319719135761261,-0.04494943469762802,0.6029885411262512,0.3661884069442749,-0.04122336953878403,0.5994446873664856,0.38644930720329285,-0.032957565039396286,0.6107277274131775,0.35107192397117615,-0.024836944416165352,0.6151981949806213,0.32878583669662476,-0.038952603936195374,0.6173192262649536,0.3514922857284546,-0.03430350124835968,0.6135467290878296,0.36829158663749695,-0.02743738330900669
0.5721402764320374,0.4235689043998718,-2.143358557304964e-08,0.5405066013336182,0.42268988490104675,-0.01654788665473461,0.5052528381347656,0.4088670313358307,-0.02798125334084034,0.47552162408828735,0.40493685007095337,-0.03955409303307533,0.45200005173683167,0.40525496006011963,-0.05087948590517044,0.51555335521698,0.3446735739707947,-0.017154065892100334,0.5022376775741577,0.2991625666618347,-0.03219486400485039,0.496549129486084,0.2719302177429199,-0.04094317555427551,0.49211472272872925,0.2469957172870636,-0.047104522585868835,0.5368894934654236,0.336813747882843,-0.01775692030787468,0.5439488291740417,0.3159228563308716,-0.04200322553515434,0.5504708290100098,0.35301220417022705,-0.04672194644808769,0.5480619668960571,0.37251225113868713,-0.044843077659606934,0.5576739311218262,0.3344527781009674,-0.02051498554646969,0.5633891820907593,0.3204367756843567,-0.043622106313705444,0.566413402557373,0.3558827042579651,-0.03947053104639053,0.5617143511772156,0.3726523220539093,-0.03116990625858307,0.5768864154815674,0.33740341663360596,-0.024563215672969818,0.5812699198722839,0.3199084997177124,-0.03842269256711006,0.580701470375061,0.3458622992038727,-0.033769454807043076,0.575152575969696,0.36172470450401306,-0.027030840516090393
0.5327266454696655,0.3964982032775879,-3.8272565672237135e-10,0.5024569034576416,0.39512109756469727,-0.015223934315145016,0.4700106978416443,0.379494309425354,-0.027362367138266563,0.4415421187877655,0.3727322816848755,-0.03996048495173454,0.41743606328964233,0.37350994348526,-0.05258483439683914,0.480965793132782,0.31543660163879395,-0.018176566809415817,0.4699466824531555,0.2662794291973114,-0.03430451825261116,0.46555790305137634,0.23543253540992737,-0.044003747403621674,0.4621756672859192,0.20833897590637207,-0.05068131908774376,0.5015327334403992,0.310280978679657,-0.01972421258687973,0.510351836681366,0.2909627854824066,-0.044253550469875336,0.5171530842781067,0.32956480979919434,-0.04871514439582825,0.513774037361145,0.34853628277778625,-0.046843308955430984,0.5219043493270874,0.30937230587005615,-0.02316252700984478,0.5285613536834717,0.29318487644195557,-0.04680224508047104,0.5319112539291382,0.3297264575958252,-0.041137538850307465,0.52632075548172,0.3472408056259155,-0.0318872295320034,0.5406801104545593,0.3135075271129608,-0.027705496177077293,0.5463247299194336,0.29467087984085083,-0.042171452194452286,0.5462133288383484,0.3219602704048157,-0.036019500344991684,0.5398503541946411,0.33850908279418945,-0.027984589338302612
0.5193174481391907,0.36772269010543823,-1.0423360841116391e-08,0.49000367522239685,0.36371198296546936,-0.015279978513717651,0.45835113525390625,0.34378674626350403,-0.026602063328027725,0.43033766746520996,0.3320612609386444,-0.03820456191897392,0.4068174958229065,0.3286215662956238,-0.04968848079442978,0.47111400961875916,0.28264322876930237,-0.01797741837799549,0.46142321825027466,0.23151040077209473,-0.034549497067928314,0.4582361578941345,0.1998049020767212,-0.04427768662571907,0.4563865065574646,0.17204196751117706,-0.05065532028675079,0.4915466606616974,0.2791041433811188,-0.01902923360466957,0.5016387104988098,0.25811460614204407,-0.0439092256128788,0.506426990032196,0.2979666590690613,-0.04809591919183731,0.5022984147071838,0.3179541230201721,-0.04578110948204994,0.5114355087280273,0.2792414128780365,-0.022073758766055107,0.5194718837738037,0.2606777548789978,-0.04647475481033325,0.5209184288978577,0.2988544702529907,-0.040795862674713135,0.5145428776741028,0.3169470727443695,-0.03115082159638405,0.5292751789093018,0.28433260321617126,-0.0261435154825449,0.5365388989448547,0.26436012983322144,-0.04132892191410065,0.5351308584213257,0.2922130525112152,-0.0356069914996624,0.5277740955352783,0.30838024616241455,-0.027646346017718315
0.5073563456535339,0.35688066482543945,-8.750973279347818e-09,0.4739595055580139,0.3518578112125397,-0.017558764666318893,0.43986454606056213,0.3278467655181885,-0.029050879180431366,0.4083499610424042,0.31345146894454956,-0.04049905762076378,0.38311198353767395,0.3112584352493286,-0.05163801833987236,0.45159780979156494,0.264046311378479,-0.016067052260041237,0.4431494474411011,0.21102957427501678,-0.03282107412815094,0.44076675176620483,0.17780829966068268,-0.042957525700330734,0.4395921230316162,0.14913223683834076,-0.049710534512996674,0.4723314642906189,0.26164934039115906,-0.015829624608159065,0.4838322103023529,0.23808911442756653,-0.041294120252132416,0.48974379897117615,0.2802373170852661,-0.04556470364332199,0.4848364591598511,0.30083829164505005,-0.04269983246922493,0.4927230775356293,0.26227766275405884,-0.01806766539812088,0.501934826374054,0.243925079703331,-0.043097302317619324,0.5043779015541077,0.28348472714424133,-0.03772864118218422,0.4969862103462219,0.3010123372077942,-0.027801625430583954,0.5111058950424194,0.26752138137817383,-0.021623175591230392,0.5201789140701294,0.24735814332962036,-0.03746382147073746,0.5187468528747559,0.2759335935115814,-0.032349593937397,0.5104518532752991,0.2925841808319092,-0.02452649362385273
0.49027854204177856,0.3613562285900116,3.816579496884742e-09,0.4567180871963501,0.3583701252937317,-0.019571304321289062,0.42121613025665283,0.33799898624420166,-0.033701613545417786,0.3881722390651703,0.3257408142089844,-0.04777347669005394,0.36179861426353455,0.32423293590545654,-0.06153012812137604,0.43316850066185,0.26878127455711365,-0.019118167459964752,0.42535415291786194,0.2169455736875534,-0.036963462829589844,0.42261868715286255,0.1833479404449463,-0.047065410763025284,0.42146944999694824,0.154658704996109,-0.053601838648319244,0.4545823633670807,0.2664670944213867,-0.019040025770664215,0.465993732213974,0.24232463538646698,-0.04515165835618973,0.47021669149398804,0.2861751616001129,-0.04867330566048622,0.4637768864631653,0.3048758804798126,-0.04508211836218834,0.4757027328014374,0.26707103848457336,-0.02166806347668171,0.4853854477405548,0.25034230947494507,-0.047613222151994705,0.48605358600616455,0.29045477509498596,-0.04177654907107353,0.477294385433197,0.30612313747406006,-0.03139699995517731,0.4947625398635864,0.2722179591655731,-0.0257797259837389,0.5025741457939148,0.25210487842559814,-0.04181043058633804,0.5006051659584045,0.28170064091682434,-0.03591021150350571,0.4923636317253113,0.29814577102661133,-0.027465537190437317
0.48368191719055176,0.3793231248855591,-6.1207439117083595e-09,0.44792643189430237,0.37970471382141113,-0.01743316650390625,0.4103100597858429,0.36176303029060364,-0.03023037500679493,0.37743130326271057,0.3521735668182373,-0.04328828677535057,0.35080206394195557,0.35257136821746826,-0.056328970938920975,0.4228922724723816,0.28967127203941345,-0.018257547169923782,0.412643700838089,0.23586127161979675,-0.0348660908639431,0.4091511368751526,0.20274093747138977,-0.04498822242021561,0.40697383880615234,0.17360244691371918,-0.05188252776861191,0.44550999999046326,0.2853919267654419,-0.01937810517847538,0.4543296992778778,0.26046180725097656,-0.046942614018917084,0.46066245436668396,0.3016899824142456,-0.05268486961722374,0.45895516872406006,0.3273557424545288,-0.05036567151546478,0.46741434931755066,0.2856077253818512,-0.022673534229397774,0.47462016344070435,0.26838424801826477,-0.04889675974845886,0.4774187207221985,0.3074968755245209,-0.044141095131635666,0.4727972745895386,0.3297858238220215,-0.03412254527211189,0.48789697885513306,0.29058849811553955,-0.02721325121819973,0.49263012409210205,0.26767104864120483,-0.04285796731710434,0.49204450845718384,0.2955686151981354,-0.03705763816833496,0.48640576004981995,0.31522268056869507,-0.028599198907613754
0.5047343969345093,0.3835168182849884,-2.678896038332823e-08,0.46580347418785095,0.38737213611602783,-0.01905573345720768,0.4222482442855835,0.3697618842124939,-0.03226746618747711,0.3856947720050812,0.3609592020511627,-0.04550568759441376,0.3574773967266083,0.3603163957595825,-0.058761194348335266,0.4341585636138916,0.290431410074234,-0.021172532811760902,0.4196361005306244,0.23078161478042603,-0.039593786001205444,0.41440126299858093,0.1948702037334442,-0.05077692121267319,0.4101126194000244,0.16286125779151917,-0.05845094472169876,0.4596855342388153,0.28273171186447144,-0.02222650870680809,0.4666093587875366,0.25333741307258606,-0.05270177870988846,0.4779026210308075,0.2971358597278595,-0.059148818254470825,0.4791072607040405,0.3268302381038666,-0.05674139782786369,0.48461031913757324,0.2805964946746826,-0.02550828829407692,0.48994678258895874,0.26061809062957764,-0.0545312762260437,0.4972354769706726,0.30321258306503296,-0.049337100237607956,0.4948463439941406,0.32887527346611023,-0.038295917212963104,0.5083656311035156,0.28415828943252563,-0.03005354292690754,0.5104968547821045,0.2571016252040863,-0.047497302293777466,0.5121117830276489,0.28877973556518555,-0.041053272783756256,0.5075920224189758,0.3124493360519409,-0.03170708194375038
0.5150830149650574,0.41047900915145874,-2.3108960078843666e-08,0.46981385350227356,0.4134572446346283,-0.022912368178367615,0.4215368628501892,0.3946608901023865,-0.039529357105493546,0.3807951807975769,0.38164278864860535,-0.05631221458315849,0.3475072979927063,0.37957754731178284,-0.07301876693964005,0.43729397654533386,0.3020648658275604,-0.025355620309710503,0.4229033887386322,0.2364950329065323,-0.04751451686024666,0.41759225726127625,0.19713036715984344,-0.061205506324768066,0.4130774736404419,0.16175192594528198,-0.07075689733028412,0.4679105281829834,0.2930876612663269,-0.027145227417349815,0.4754365384578705,0.2599623203277588,-0.06412839144468307,0.4855175316333771,0.3117985129356384,-0.07276364415884018,0.48369109630584717,0.34426531195640564,-0.07078174501657486,0.49718233942985535,0.29208600521087646,-0.03151630982756615,0.5048539042472839,0.2657887041568756,-0.06697620451450348,0.5105282068252563,0.3154858648777008,-0.06126264110207558,0.5048702955245972,0.34589624404907227,-0.048416588455438614,0.5235083699226379,0.29856783151626587,-0.03740054741501808,0.5293854475021362,0.2671578526496887,-0.05891922488808632,0.5303192138671875,0.3000747263431549,-0.05178924277424812,0.5234717130661011,0.32420235872268677,-0.04099055752158165
0.5069279670715332,0.4723335802555084,-5.247183665346711e-08,0.4553898870944977,0.47032931447029114,-0.02439006417989731,0.40266239643096924,0.4452750086784363,-0.04119915887713432,0.35557523369789124,0.43299469351768494,-0.05840488523244858,0.31771719455718994,0.43340224027633667,-0.07583305239677429,0.42636874318122864,0.34758713841438293,-0.024412421509623528,0.4153507649898529,0.2767084240913391,-0.046624355018138885,0.4110735356807709,0.2355535328388214,-0.060856230556964874,0.40672019124031067,0.19494307041168213,-0.07146884500980377,0.46004414558410645,0.33804062008857727,-0.025599170476198196,0.46640023589134216,0.2999820113182068,-0.06240285560488701,0.47372737526893616,0.35922154784202576,-0.07146039605140686,0.4703528583049774,0.3922126591205597,-0.07034865021705627,0.49236008524894714,0.33746564388275146,-0.029519611969590187,0.4989464282989502,0.3064888119697571,-0.0652608573436737,0.5017905235290527,0.36456286907196045,-0.058997515588998795,0.4947851598262787,0.396219938993454,-0.04616497457027435,0.5210504531860352,0.34484970569610596,-0.035150159150362015,0.5281203389167786,0.30931130051612854,-0.05624040588736534,0.525833010673523,0.34935879707336426,-0.04813532531261444,0.5170724987983704,0.3771386444568634,-0.03726886212825775
0.49967530369758606,0.5545176267623901,-1.1689720302854312e-08,0.4404430389404297,0.5520046949386597,-0.03040260076522827,0.38015642762184143,0.5258435010910034,-0.05051959678530693,0.32698169350624084,0.512500524520874,-0.07097037136554718,0.2854752242565155,0.5078051686286926,-0.09133117645978928,0.4016787111759186,0.4086245000362396,-0.02296256087720394,0.38728347420692444,0.33345264196395874,-0.0472462922334671,0.3816767930984497,0.28551116585731506,-0.06374119967222214,0.3761531710624695,0.2427946776151657,-0.07574218511581421,0.43709561228752136,0.39770668745040894,-0.02285347692668438,0.44320279359817505,0.3616083860397339,-0.06357096880674362,0.45349207520484924,0.4244970977306366,-0.07414133101701736,0.45097771286964417,0.4593314230442047,-0.07268551737070084,0.472694456577301,0.3961808979511261,-0.02674742601811886,0.47750404477119446,0.3640154004096985,-0.06610928475856781,0.48378580808639526,0.4264165461063385,-0.05964142829179764,0.47868162393569946,0.46041542291641235,-0.045502521097660065,0.5057445764541626,0.4037543833255768,-0.03308708965778351,0.510934591293335,0.3657434582710266,-0.05746840685606003,0.5109384059906006,0.4115692973136902,-0.049238696694374084,0.5046784281730652,0.4424084722995758,-0.0370672307908535
0.469772070646286,0.63533616065979,-5.65235183103141e-08,0.4037397503852844,0.6390575170516968,-0.030480556190013885,0.337405264377594,0.6077433824539185,-0.0480220690369606,0.2831820547580719,0.589885413646698,-0.0659850463271141,0.23786239326000214,0.5900915861129761,-0.08415354788303375,0.35810601711273193,0.48055776953697205,-0.02081766165792942,0.33995625376701355,0.3975223898887634,-0.04625728353857994,0.3322259783744812,0.34656476974487305,-0.06335990875959396,0.32346755266189575,0.2985226511955261,-0.07605136930942535,0.396519273519516,0.4672049582004547,-0.022240839898586273,0.39857766032218933,0.424542635679245,-0.06583665311336517,0.4113418161869049,0.4961544871330261,-0.07741028070449829,0.4103055000305176,0.5334635972976685,-0.0753057599067688,0.43501704931259155,0.46219170093536377,-0.028037354350090027,0.437185138463974,0.4285750091075897,-0.07093624025583267,0.4458984136581421,0.4989096522331238,-0.06409957259893417,0.4415653347969055,0.5317927002906799,-0.04838312417268753,0.47136226296424866,0.4658738672733307,-0.03631213307380676,0.4741262197494507,0.4284946024417877,-0.06295937299728394,0.4763972759246826,0.4794732332229614,-0.053792908787727356,0.47164595127105713,0.5087711811065674,-0.040189698338508606
0.44096484780311584,0.7092188000679016,-2.1654462045717082e-07,0.3565802574157715,0.7230105400085449,-0.018892992287874222,0.279258668422699,0.6966394186019897,-0.0284882802516222,0.22408196330070496,0.6742827296257019,-0.04096487537026405,0.17962105572223663,0.6739529371261597,-0.05471396818757057,0.31591174006462097,0.5320298075675964,-0.0018227801192551851,0.29484274983406067,0.4419264495372772,-0.01963011361658573,0.2844699025154114,0.38628339767456055,-0.03172147274017334,0.27434834837913513,0.33770811557769775,-0.04175913333892822,0.3611489534378052,0.5174548029899597,-0.00782724004238844,0.35137245059013367,0.47354891896247864,-0.0471683144569397,0.3681508004665375,0.5587866902351379,-0.05526800453662872,0.37659940123558044,0.6016855835914612,-0.04970673844218254,0.4066275358200073,0.5128441452980042,-0.01785196363925934,0.39613479375839233,0.47569921612739563,-0.057608477771282196,0.408642053604126,0.5600457787513733,-0.04764745011925697,0.41100648045539856,0.5919618010520935,-0.02944028563797474,0.4519868493080139,0.5172168612480164,-0.02925041690468788,0.44054874777793884,0.4705226421356201,-0.051904890686273575,0.44291889667510986,0.5321226119995117,-0.038576334714889526,0.4431190490722656,0.5593915581703186,-0.022308707237243652
0.4799788296222687,0.7482656240463257,-1.3519151309537847e-07,0.3908223807811737,0.7558915615081787,-0.03052705153822899,0.3033495843410492,0.7209079265594482,-0.0485534593462944,0.23588551580905914,0.7025104761123657,-0.0685432180762291,0.18294738233089447,0.7040137052536011,-0.08907995373010635,0.33240556716918945,0.5478548407554626,-0.018032094463706017,0.30540886521339417,0.4414820671081543,-0.04600004106760025,0.29190075397491455,0.37570175528526306,-0.06379083544015884,0.2792571783065796,0.3176102042198181,-0.077334925532341,0.38434872031211853,0.5305411219596863,-0.021890072152018547,0.3792857527732849,0.48008933663368225,-0.0742885023355484,0.40198981761932373,0.574578046798706,-0.08518773317337036,0.4094100296497345,0.6220453977584839,-0.07936302572488785,0.43670547008514404,0.5256349444389343,-0.030560044571757317,0.43127259612083435,0.48166370391845703,-0.08115292340517044,0.44716566801071167,0.5709485411643982,-0.0692434161901474,0.4477730989456177,0.610811173915863,-0.047278422862291336,0.48602980375289917,0.5340179800987244,-0.04161585122346878,0.48138493299484253,0.4790322482585907,-0.07076621800661087,0.48439666628837585,0.5437098145484924,-0.05591795593500137,0.48187267780303955,0.5779672861099243,-0.036846380680799484
0.5161187052726746,0.764323353767395,-1.1130901356182221e-07,0.43027815222740173,0.7655309438705444,-0.04156320542097092,0.3359590172767639,0.7235979437828064,-0.06522548198699951,0.26131224632263184,0.7000780701637268,-0.08956833183765411,0.2044582962989807,0.6993333101272583,-0.11275528371334076,0.3620341718196869,0.5492036938667297,-0.02728133462369442,0.33477702736854553,0.4400783181190491,-0.06068813428282738,0.3215530216693878,0.37040066719055176,-0.07766798883676529,0.309583842754364,0.3081427216529846,-0.0893477201461792,0.4146440029144287,0.5366244912147522,-0.027417512610554695,0.416044145822525,0.49076759815216064,-0.08254962414503098,0.43759721517562866,0.5929092764854431,-0.0889660120010376,0.4350256025791168,0.6248307824134827,-0.07925515621900558,0.4680137634277344,0.5320859551429749,-0.03428663685917854,0.47134947776794434,0.49595585465431213,-0.09129691869020462,0.48449140787124634,0.5918759703636169,-0.0774414986371994,0.4747889041900635,0.6180510520935059,-0.05279393121600151,0.5181444883346558,0.5367884635925293,-0.04454835504293442,0.5208916664123535,0.48651185631752014,-0.07745536416769028,0.5241044163703918,0.5541936755180359,-0.062390271574258804,0.5164868831634521,0.5829014778137207,-0.0422651544213295
0.5336844325065613,0.723440408706665,-5.2328996247297255e-08,0.45518720149993896,0.722724199295044,-0.04179099574685097,0.3723245859146118,0.6878405213356018,-0.06808494031429291,0.3039134740829468,0.6698968410491943,-0.09472653269767761,0.2504691481590271,0.6651535630226135,-0.12015469372272491,0.39412128925323486,0.5231965184211731,-0.029597125947475433,0.37050196528434753,0.4216596484184265,-0.0623566135764122,0.36056551337242126,0.3590516448020935,-0.07948064804077148,0.35051995515823364,0.3029089570045471,-0.0908573567867279,0.4433504641056061,0.5122926831245422,-0.029085909947752953,0.44634589552879333,0.47008687257766724,-0.08234136551618576,0.46382224559783936,0.5632936954498291,-0.08982265740633011,0.4586745500564575,0.5926364660263062,-0.08174852281808853,0.49238941073417664,0.5085530877113342,-0.03504013270139694,0.4966723918914795,0.47355619072914124,-0.08906428515911102,0.5072853565216064,0.5615454316139221,-0.07664122432470322,0.497234582901001,0.5864980220794678,-0.054126009345054626,0.5385942459106445,0.5131746530532837,-0.044356103986501694,0.5427827835083008,0.46754640340805054,-0.07546835392713547,0.5451386570930481,0.5323775410652161,-0.06131711229681969,0.536592960357666,0.5613144636154175,-0.042345546185970306
0.6256952881813049,0.7052105665206909,-3.0337048428918933e-07,0.5592324137687683,0.6957681179046631,-0.021609997376799583,0.4849448800086975,0.6497399806976318,-0.03166710212826729,0.4288409948348999,0.6249284148216248,-0.04397595301270485,0.3873148560523987,0.6195070743560791,-0.056374840438365936,0.5145485997200012,0.5233507752418518,-0.01189285796135664,0.49776482582092285,0.428446888923645,-0.034361694008111954,0.4923951029777527,0.3743607997894287,-0.04571320861577988,0.4864746630191803,0.3272157907485962,-0.054009392857551575,0.5582388639450073,0.5132569074630737,-0.01627790555357933,0.5596234202384949,0.4759798049926758,-0.05747915804386139,0.5732096433639526,0.5537979006767273,-0.0637342557311058,0.5723368525505066,0.5867878198623657,-0.057483166456222534,0.60236656665802,0.5138894319534302,-0.024682341143488884,0.6054644584655762,0.4868150055408478,-0.06981814652681351,0.6134472489356995,0.5601706504821777,-0.062025975435972214,0.6071799397468567,0.5842601656913757,-0.04453063756227493,0.6449549794197083,0.5235878825187683,-0.0341617614030838,0.6481184363365173,0.4857245683670044,-0.06093089282512665,0.6475588083267212,0.5397980809211731,-0.050128377974033356,0.6387323141098022,0.5674710273742676,-0.03517008572816849
0.6464458703994751,0.732643187046051,-2.831760070876044e-07,0.5845112800598145,0.7084928154945374,-0.01635013334453106,0.5241897106170654,0.6436441540718079,-0.022339843213558197,0.47702890634536743,0.6062024235725403,-0.030346835032105446,0.4420947730541229,0.588243842124939,-0.0385747104883194,0.5727049708366394,0.5216361880302429,-0.006528387777507305,0.5714569687843323,0.4267417788505554,-0.030772484838962555,0.5687244534492493,0.36938732862472534,-0.044640544801950455,0.5687292218208313,0.31758609414100647,-0.05456830561161041,0.6157166957855225,0.5272002816200256,-0.012091507203876972,0.6099345088005066,0.48831814527511597,-0.05333685874938965,0.608759880065918,0.5773457884788513,-0.05764518678188324,0.6123751997947693,0.608720600605011,-0.04959772527217865,0.6587571501731873,0.5411169528961182,-0.021921515464782715,0.6561264395713806,0.5075119137763977,-0.06475545465946198,0.6478680372238159,0.5896508693695068,-0.0525846928358078,0.6446426510810852,0.6096976399421692,-0.032564643770456314,0.6992712616920471,0.5616605877876282,-0.03275538235902786,0.6988463401794434,0.5204102993011475,-0.058376021683216095,0.6849009990692139,0.5800275206565857,-0.0459081307053566,0.6773658990859985,0.6017705798149109,-0.029996579512953758
0.6405221223831177,0.7619333863258362,-3.438141504830128e-07,0.5794063210487366,0.7215637564659119,-0.016207048669457436,0.5266003012657166,0.6360910534858704,-0.024708392098546028,0.4878610670566559,0.5822576880455017,-0.03520914912223816,0.45755714178085327,0.5488302111625671,-0.04404635727405548,0.5872159004211426,0.5226877927780151,-0.018358580768108368,0.5892202258110046,0.42350709438323975,-0.05543715879321098,0.591040849685669,0.3576318025588989,-0.07462835311889648,0.5973720550537109,0.29981788992881775,-0.08583491295576096,0.6300550103187561,0.5352879166603088,-0.025267314165830612,0.6121256351470947,0.5215630531311035,-0.06744591146707535,0.6021549105644226,0.6140615940093994,-0.06251661479473114,0.6125544905662537,0.626090407371521,-0.04861493408679962,0.6728355884552002,0.5592890977859497,-0.03795016184449196,0.6567036509513855,0.5559046864509583,-0.08043107390403748,0.639786422252655,0.635077953338623,-0.05951802060008049,0.6468526721000671,0.6326696872711182,-0.034962836652994156,0.7139605283737183,0.5898195505142212,-0.05272356793284416,0.7000631093978882,0.582872748374939,-0.0746375247836113,0.6793835163116455,0.6376774907112122,-0.057210613042116165,0.6824637055397034,0.6419876217842102,-0.03855713829398155
0.6398128867149353,0.761159360408783,-3.142625644159125e-07,0.5815904140472412,0.7073988914489746,-0.010824193246662617,0.5403634309768677,0.6142839193344116,-0.018153393641114235,0.5153385996818542,0.5521095991134644,-0.029058193787932396,0.497323602437973,0.5149164199829102,-0.0395565927028656,0.6000463366508484,0.5193555951118469,-0.018207350745797157,0.6047072410583496,0.41799256205558777,-0.05243680998682976,0.6109305620193481,0.35165536403656006,-0.07123825699090958,0.6184543967247009,0.2942221164703369,-0.08414024114608765,0.646070659160614,0.5259280204772949,-0.02851703204214573,0.6077083349227905,0.5291166305541992,-0.07417856156826019,0.5978768467903137,0.6108185648918152,-0.07494005560874939,0.6140838861465454,0.6288971900939941,-0.0653277039527893,0.6866586804389954,0.5534119606018066,-0.042812202125787735,0.647429883480072,0.5798612833023071,-0.08280576765537262,0.6307867169380188,0.6479691863059998,-0.06261926889419556,0.6434231996536255,0.6495627760887146,-0.040253665298223495,0.7225967645645142,0.5907421708106995,-0.05944358557462692,0.6854264736175537,0.6164554953575134,-0.08132461458444595,0.6674637794494629,0.663038432598114,-0.06708253920078278,0.6792282462120056,0.6621720790863037,-0.05117644742131233
0.6419752836227417,0.7724314332008362,-3.2477987588208634e-07,0.5823125839233398,0.708651065826416,-0.009510809555649757,0.5466032028198242,0.6083261966705322,-0.01614862121641636,0.5247854590415955,0.5416452288627625,-0.026946652680635452,0.511802077293396,0.505241334438324,-0.03743092343211174,0.6088077425956726,0.520261287689209,-0.014563348144292831,0.6136395931243896,0.419977605342865,-0.05030926316976547,0.6203120350837708,0.35445907711982727,-0.07063395529985428,0.6290159225463867,0.2958749532699585,-0.08474243432283401,0.6547084450721741,0.531046986579895,-0.02664545178413391,0.608707070350647,0.5310381054878235,-0.07340872287750244,0.5979450345039368,0.6143640875816345,-0.0738639160990715,0.6161925196647644,0.6339050531387329,-0.06400436162948608,0.6929980516433716,0.5628504157066345,-0.04326322302222252,0.6451284885406494,0.5834622383117676,-0.08416209369897842,0.6287062764167786,0.6540005207061768,-0.06249082088470459,0.6438639760017395,0.6583418846130371,-0.03905868902802467,0.7254126071929932,0.6051827073097229,-0.0625011995434761,0.6822846531867981,0.6255778670310974,-0.08530967682600021,0.6639806628227234,0.6734714508056641,-0.07064687460660934,0.6773066520690918,0.6756489872932434,-0.054524943232536316
0.6411294341087341,0.7795678377151489,-3.22401405128403e-07,0.5815657377243042,0.7115519046783447,-0.010376897640526295,0.5468758344650269,0.6115192770957947,-0.017717929556965828,0.5263891220092773,0.5443967580795288,-0.029024820774793625,0.5133291482925415,0.5013104677200317,-0.03992346301674843,0.6087670922279358,0.5221946835517883,-0.016637520864605904,0.6121342182159424,0.4198302626609802,-0.04917694255709648,0.6189462542533875,0.352618932723999,-0.0676310807466507,0.6273162961006165,0.29399213194847107,-0.08130176365375519,0.6563134789466858,0.5319541692733765,-0.028132151812314987,0.6068206429481506,0.5389692783355713,-0.07485794275999069,0.5962355732917786,0.6171059608459473,-0.07838074862957001,0.6127434372901917,0.6401780247688293,-0.07080443948507309,0.694831907749176,0.5654141902923584,-0.0432780459523201,0.6404906511306763,0.5986893177032471,-0.08184751123189926,0.6273583769798279,0.6624906659126282,-0.06276971846818924,0.6423584222793579,0.6675611734390259,-0.04177982360124588,0.7264739871025085,0.6100608110427856,-0.06123774126172066,0.6771199703216553,0.639926552772522,-0.08300036191940308,0.6620908975601196,0.6822740435600281,-0.0703764259815216,0.6758601665496826,0.6821095943450928,-0.05570349842309952
0.6406250596046448,0.783568799495697,-3.027143975486979e-07,0.5776782631874084,0.7036592364311218,-0.002848393749445677,0.5536268949508667,0.6104804873466492,-0.012588977813720703,0.5478375554084778,0.5426746606826782,-0.02936193160712719,0.5416029691696167,0.48907092213630676,-0.04565928503870964,0.6113193035125732,0.5243998169898987,-0.014160855673253536,0.6107054948806763,0.4238626956939697,-0.049580737948417664,0.6141360998153687,0.3549061417579651,-0.0707024410367012,0.619970440864563,0.29221150279045105,-0.08718438446521759,0.6552102565765381,0.538765549659729,-0.03347641974687576,0.583643913269043,0.5555608868598938,-0.08313243836164474,0.5746299624443054,0.6272938251495361,-0.0879424437880516,0.5955915451049805,0.6433742046356201,-0.08281552791595459,0.6868326663970947,0.5784001350402832,-0.05605233088135719,0.6085684299468994,0.6175894141197205,-0.09564889222383499,0.6019094586372375,0.6726706027984619,-0.07486657053232193,0.6226834058761597,0.6738436222076416,-0.054813187569379807,0.7083990573883057,0.6275285482406616,-0.08140566945075989,0.6391546726226807,0.6646444797515869,-0.10743609070777893,0.633995532989502,0.6996369957923889,-0.096030093729496,0.6573663353919983,0.695476770401001,-0.08228403329849243
0.6214196085929871,0.7596739530563354,3.8413884340116056e-07,0.5693105459213257,0.6637064814567566,-0.005348642822355032,0.5482733249664307,0.5914222002029419,-0.03522506728768349,0.5481855869293213,0.5373461246490479,-0.07217853516340256,0.57245272397995,0.5136290788650513,-0.10816121101379395,0.6101975440979004,0.5088872909545898,-0.0421573668718338,0.5998123288154602,0.41490548849105835,-0.08813387900590897,0.5945718884468079,0.3503836989402771,-0.1150299683213234,0.5934091806411743,0.29323437809944153,-0.13464884459972382,0.6445191502571106,0.5427388548851013,-0.0705491378903389,0.6059656739234924,0.47268298268318176,-0.1303400695323944,0.5815954208374023,0.45309340953826904,-0.14746858179569244,0.5744604468345642,0.42106837034225464,-0.15158793330192566,0.6644856929779053,0.5966708660125732,-0.09986548125743866,0.5769808888435364,0.6004643440246582,-0.14144092798233032,0.5633149147033691,0.6409643292427063,-0.11934433877468109,0.580805778503418,0.6476741433143616,-0.09737227857112885,0.6716107130050659,0.6549843549728394,-0.13237859308719635,0.5906696319580078,0.6628907322883606,-0.15160472691059113,0.5817757248878479,0.6893540024757385,-0.132293701171875,0.6014496088027954,0.6901805996894836,-0.11486593633890152
0.6192837357521057,0.7563884258270264,3.6105618050896737e-07,0.5690228939056396,0.6567887663841248,0.0006078446749597788,0.5463833212852478,0.5881447792053223,-0.03335797041654587,0.5448291897773743,0.5384342670440674,-0.07578986138105392,0.568202018737793,0.5264194011688232,-0.11827092617750168,0.6099316477775574,0.5057970285415649,-0.04975614696741104,0.5972816944122314,0.4160182476043701,-0.09976638108491898,0.5922933220863342,0.35166099667549133,-0.12850773334503174,0.5908317565917969,0.2947491705417633,-0.1504530906677246,0.6430594325065613,0.5438037514686584,-0.0828656405210495,0.5938882231712341,0.48487675189971924,-0.14294768869876862,0.5807236433029175,0.4881792664527893,-0.1522917002439499,0.5880042314529419,0.46821460127830505,-0.1525222510099411,0.659723699092865,0.6020925641059875,-0.11680608242750168,0.5682954788208008,0.6026967167854309,-0.1558437943458557,0.5605191588401794,0.6427756547927856,-0.12532147765159607,0.5848789215087891,0.6484377980232239,-0.10041344165802002,0.6656715869903564,0.6632914543151855,-0.1538095474243164,0.580950140953064,0.6659479141235352,-0.17361697554588318,0.5752600431442261,0.6912953853607178,-0.1530359387397766,0.5986554622650146,0.6921325325965881,-0.13597668707370758
0.6218045353889465,0.7762668132781982,-1.1440525327088835e-07,0.5801535248756409,0.6713663339614868,0.0014803778612986207,0.5581886172294617,0.6025577783584595,-0.029862500727176666,0.5421422719955444,0.567388117313385,-0.0656760036945343,0.5404348969459534,0.5619553327560425,-0.10405442863702774,0.6216604113578796,0.5102425217628479,-0.057972561568021774,0.5954889059066772,0.4337429404258728,-0.09647606313228607,0.5795217156410217,0.3706403970718384,-0.12035126984119415,0.5607147216796875,0.3115364611148834,-0.14047320187091827,0.6439885497093201,0.5488651394844055,-0.08227575570344925,0.5238577127456665,0.554129958152771,-0.11466937512159348,0.5301740169525146,0.6114342212677002,-0.10520661622285843,0.560265302658081,0.6216516494750977,-0.10054618120193481,0.6438455581665039,0.6115590333938599,-0.10654948651790619,0.5241422057151794,0.6280401945114136,-0.12575742602348328,0.5409268736839294,0.6642417311668396,-0.09617907553911209,0.5754148364067078,0.6652185916900635,-0.08111385256052017,0.6338391304016113,0.6765692234039307,-0.13248984515666962,0.5380933880805969,0.6790857911109924,-0.1485624760389328,0.5515238046646118,0.7044554948806763,-0.13191112875938416,0.5827740430831909,0.7068099975585938,-0.12069063633680344
0.6368018984794617,0.7998669147491455,-3.4422760109009687e-07,0.647672176361084,0.70697420835495,-0.000619526777882129,0.6503205895423889,0.5958824157714844,-0.010754231363534927,0.664592444896698,0.5139743089675903,-0.02124207466840744,0.6972247958183289,0.4595297574996948,-0.03275512531399727,0.6404740810394287,0.5362241864204407,-0.04352874681353569,0.5941517949104309,0.43220674991607666,-0.07290535420179367,0.5637972354888916,0.36544233560562134,-0.08929195255041122,0.5360575914382935,0.3061079978942871,-0.10382755845785141,0.6304625868797302,0.5740844011306763,-0.0576346181333065,0.5077766180038452,0.5484243631362915,-0.09052390605211258,0.5217036008834839,0.5977154970169067,-0.08829271048307419,0.5563472509384155,0.6151344776153564,-0.08730324357748032,0.6089671850204468,0.6254600286483765,-0.07150678336620331,0.5009745359420776,0.6182648539543152,-0.09556003659963608,0.5215947031974792,0.655752956867218,-0.07524676620960236,0.5548312664031982,0.6618174314498901,-0.06245609000325203,0.5845680832862854,0.680548906326294,-0.08636559545993805,0.502828061580658,0.6696555614471436,-0.1060035303235054,0.5196892023086548,0.6997994184494019,-0.09678541123867035,0.5477641224861145,0.7054163813591003,-0.08887489140033722
0.6034894585609436,0.8524910807609558,-7.542443825059308e-08,0.6434633135795593,0.7592394948005676,0.008472882211208344,0.672444760799408,0.6482808589935303,-0.004162634257227182,0.7119322419166565,0.5705304741859436,-0.018282050266861916,0.762556254863739,0.5359011888504028,-0.03639490529894829,0.6312640905380249,0.5800841450691223,-0.050191741436719894,0.5840063095092773,0.4469718933105469,-0.07454828172922134,0.5523970723152161,0.36865031719207764,-0.08751257508993149,0.5268568992614746,0.3089725077152252,-0.09699910134077072,0.5935099720954895,0.6044695973396301,-0.06157875061035156,0.5224320292472839,0.5516668558120728,-0.08005699515342712,0.5300502181053162,0.6002572178840637,-0.06830650568008423,0.5563153028488159,0.6337184309959412,-0.06116523966193199,0.5476918816566467,0.6462035179138184,-0.0697154700756073,0.4836876690387726,0.6008926033973694,-0.08503952622413635,0.49305522441864014,0.6435936093330383,-0.06310783326625824,0.5185840725898743,0.6746244430541992,-0.048553433269262314,0.5017438530921936,0.6906100511550903,-0.07621333003044128,0.45579230785369873,0.6410784721374512,-0.08302992582321167,0.4704863429069519,0.6774791479110718,-0.0634351372718811,0.4929921329021454,0.7043461799621582,-0.048359476029872894
0.567446231842041,0.8566911220550537,-8.272064633274567e-08,0.6199870705604553,0.7789393663406372,0.01012333482503891,0.6609942317008972,0.6804368495941162,-0.004232817329466343,0.7039555907249451,0.6028656959533691,-0.01943596825003624,0.7563008069992065,0.5695056319236755,-0.038404837250709534,0.6149836182594299,0.6006349325180054,-0.055541571229696274,0.574378490447998,0.45634740591049194,-0.08310674130916595,0.5472113490104675,0.37269002199172974,-0.09999566525220871,0.5257089734077454,0.30994415283203125,-0.11105270683765411,0.5687224268913269,0.6166737675666809,-0.06411504745483398,0.5107967853546143,0.5560929179191589,-0.0789070650935173,0.5162020921707153,0.6083571314811707,-0.06472907215356827,0.5373740196228027,0.6505205035209656,-0.05703477934002876,0.5160163640975952,0.649678647518158,-0.06882988661527634,0.46830984950065613,0.5925297141075134,-0.08211363852024078,0.4748895764350891,0.6423618197441101,-0.05983839929103851,0.49631786346435547,0.6868847012519836,-0.04558190330862999,0.46541404724121094,0.6833928227424622,-0.07097114622592926,0.43432995676994324,0.6316866874694824,-0.07384756207466125,0.4466814398765564,0.6775507926940918,-0.051769599318504333,0.46449583768844604,0.7137989401817322,-0.035443712025880814
0.590339720249176,0.8772387504577637,-1.1453484205503628e-07,0.6403892636299133,0.798995316028595,0.011540854349732399,0.6788622140884399,0.6999242901802063,0.0006033159443177283,0.7181569337844849,0.6236211657524109,-0.012227758765220642,0.7684590816497803,0.5902351140975952,-0.028917348012328148,0.6400983333587646,0.6241490840911865,-0.04808153212070465,0.6018823385238647,0.4752388000488281,-0.07055013626813889,0.5762204527854919,0.392660915851593,-0.08087755739688873,0.5567582845687866,0.3316788375377655,-0.08779110759496689,0.5970895886421204,0.6378312110900879,-0.05845775082707405,0.5390151143074036,0.5747992396354675,-0.07204628735780716,0.5434661507606506,0.6247955560684204,-0.05678947642445564,0.5664287209510803,0.6621299386024475,-0.0478980727493763,0.5475577116012573,0.669528603553772,-0.06532811373472214,0.49587365984916687,0.613246738910675,-0.07663539797067642,0.5009753108024597,0.6587454676628113,-0.053234219551086426,0.5228855609893799,0.6950214505195618,-0.03858069330453873,0.49833300709724426,0.7043240666389465,-0.07011620700359344,0.4612656831741333,0.649989128112793,-0.07334485650062561,0.4728175401687622,0.6898317933082581,-0.052527669817209244,0.492207407951355,0.722733736038208,-0.037114016711711884
0.6119973659515381,0.8919326066970825,-3.833352479887253e-07,0.649825394153595,0.8130145072937012,0.027318645268678665,0.6760217547416687,0.7230151891708374,0.025443600490689278,0.7047145962715149,0.6548693180084229,0.018559494987130165,0.7419668436050415,0.6153808832168579,0.008768506348133087,0.6739633679389954,0.6334781050682068,-0.02217586524784565,0.6408342719078064,0.5003533959388733,-0.043689846992492676,0.6243137121200562,0.42143452167510986,-0.05633718520402908,0.6116051077842712,0.35896119475364685,-0.06550272554159164,0.6425837874412537,0.6459611058235168,-0.03974848985671997,0.5538366436958313,0.5795725584030151,-0.05493958294391632,0.5474509000778198,0.6325694918632507,-0.04276701807975769,0.5680293440818787,0.6695930361747742,-0.03586111217737198,0.5982711315155029,0.6714929938316345,-0.053853560239076614,0.5217930674552917,0.6150864958763123,-0.06578851491212845,0.5203452706336975,0.6625299453735352,-0.04280140995979309,0.5430817604064941,0.6947709321975708,-0.028880173340439796,0.5518749952316284,0.6987768411636353,-0.06510446220636368,0.4987655282020569,0.6500687003135681,-0.07258021086454391,0.5017780065536499,0.6970134973526001,-0.05549556761980057,0.5202959179878235,0.7277434468269348,-0.04233388602733612
0.6109374761581421,0.9074654579162598,-4.174397645329009e-07,0.6522806286811829,0.8246148228645325,0.030583394691348076,0.682010293006897,0.7424097657203674,0.03123665228486061,0.7112855911254883,0.6868711709976196,0.023946553468704224,0.7478022575378418,0.6565636992454529,0.013490831479430199,0.6930202841758728,0.653128445148468,-0.001328188693150878,0.6660652160644531,0.5295954346656799,-0.011383920907974243,0.6527484059333801,0.4546416997909546,-0.016153471544384956,0.6444781422615051,0.39287370443344116,-0.02233704924583435,0.6633918285369873,0.6565980911254883,-0.023774180561304092,0.5709826350212097,0.5943709015846252,-0.037534989416599274,0.5609481930732727,0.6457839012145996,-0.03082437999546528,0.5811681747436523,0.6832634806632996,-0.027049681171774864,0.6208590865135193,0.673477053642273,-0.04285665228962898,0.5373878479003906,0.6303423047065735,-0.04937818646430969,0.5321385860443115,0.6780562996864319,-0.030131403356790543,0.5542317628860474,0.7059816122055054,-0.020292481407523155,0.576650857925415,0.6960570216178894,-0.060112953186035156,0.5141264796257019,0.6590124368667603,-0.06386931985616684,0.512315034866333,0.7062526941299438,-0.05003893002867699,0.5311302542686462,0.735682487487793,-0.040158145129680634
0.5920646786689758,0.8961701393127441,-4.6519201646333386e-07,0.6308265328407288,0.8103587031364441,0.04271317273378372,0.6587038040161133,0.7343839406967163,0.04878934472799301,0.6851909160614014,0.6827778816223145,0.04467332735657692,0.7172478437423706,0.6568745374679565,0.037505555897951126,0.67620450258255,0.6447816491127014,0.016994457691907883,0.64145427942276,0.5289936065673828,0.015254776924848557,0.6260467171669006,0.46922487020492554,0.013565165922045708,0.6201869249343872,0.4157485365867615,0.00826411321759224,0.6507227420806885,0.6502895355224609,-0.010546611621975899,0.5622271299362183,0.5783578157424927,-0.014093724079430103,0.5512064099311829,0.6316097378730774,-0.007890744134783745,0.5697855949401855,0.6701580882072449,-0.00717607606202364,0.6125982999801636,0.6657356023788452,-0.03397306427359581,0.5306611061096191,0.6142939329147339,-0.030738044530153275,0.5251799821853638,0.66473788022995,-0.014405408874154091,0.5466966032981873,0.6941500306129456,-0.009897887706756592,0.5703855156898499,0.6838022470474243,-0.05491757020354271,0.5103933811187744,0.6460186839103699,-0.05260532721877098,0.5090377926826477,0.6945109963417053,-0.040707625448703766,0.5279701948165894,0.7235950827598572,-0.03441038355231285
0.5764833688735962,0.8660504817962646,-3.0010460250196047e-07,0.5440210103988647,0.7526225447654724,0.04514884203672409,0.5444115996360779,0.6731715798377991,0.046556271612644196,0.5387334227561951,0.6109788417816162,0.032638631761074066,0.5325806140899658,0.5741032958030701,0.016187697649002075,0.6476669311523438,0.620739758014679,0.044936906546354294,0.6160407662391663,0.5201734304428101,0.04310103878378868,0.5976032614707947,0.4651079773902893,0.04000144451856613,0.5883497595787048,0.41487595438957214,0.03446143865585327,0.6466065049171448,0.6332269906997681,0.011202888563275337,0.5748602151870728,0.5457378625869751,0.004666297230869532,0.5626164674758911,0.5930342078208923,0.00877146515995264,0.5791836380958557,0.6215695142745972,0.012110304087400436,0.6263874173164368,0.6478552222251892,-0.020981423556804657,0.537687361240387,0.5806231498718262,-0.02476990595459938,0.5238556265830994,0.6431683301925659,-0.01493290439248085,0.5450046062469482,0.6782433986663818,-0.010598471388220787,0.5964859127998352,0.6578760147094727,-0.050749342888593674,0.5233731269836426,0.612282931804657,-0.04896028712391853,0.5123332738876343,0.6629443168640137,-0.039694905281066895,0.5287231206893921,0.696963369846344,-0.034619059413671494
0.5785127282142639,0.83843994140625,-2.7884558662094605e-08,0.5465068221092224,0.7211980223655701,0.06442034989595413,0.5487596392631531,0.651828944683075,0.07379510253667831,0.5428674221038818,0.5958585739135742,0.060685161501169205,0.5406777858734131,0.5452543497085571,0.04427868127822876,0.6224756240844727,0.5959186553955078,0.0854283943772316,0.5882927775382996,0.5131332874298096,0.08862905204296112,0.5702689290046692,0.4605781137943268,0.08636196702718735,0.5635627508163452,0.4122158885002136,0.08164805173873901,0.631428062915802,0.6022545099258423,0.03672000765800476,0.5800594687461853,0.511479377746582,0.03949245065450668,0.5673177242279053,0.4879809021949768,0.038955364376306534,0.573654294013977,0.45653828978538513,0.03667671978473663,0.627988338470459,0.6175674200057983,-0.011699121445417404,0.543021023273468,0.5527482032775879,-0.015057479962706566,0.5282104015350342,0.6175398230552673,-0.008479638025164604,0.5440243482589722,0.6574950814247131,-0.004629763308912516,0.6128082871437073,0.6328063607215881,-0.056842152029275894,0.5392447113990784,0.5901705026626587,-0.05449644476175308,0.5313027501106262,0.638154149055481,-0.044601015746593475,0.547111988067627,0.6718456745147705,-0.039319731295108795
0.5940176248550415,0.8214378952980042,-4.698827922311466e-07,0.551986038684845,0.7141774892807007,0.05790634825825691,0.5454923510551453,0.6423864364624023,0.06590669602155685,0.5436103940010071,0.5839114189147949,0.051353830844163895,0.5417909026145935,0.5341771245002747,0.033922288566827774,0.60990309715271,0.5762948989868164,0.0811576172709465,0.5794743895530701,0.49596500396728516,0.07623825967311859,0.5573660731315613,0.43890509009361267,0.07064981758594513,0.5413806438446045,0.3877759575843811,0.06344249844551086,0.6299522519111633,0.5839905142784119,0.03274521976709366,0.5470374226570129,0.537449300289154,0.016033576801419258,0.5359377861022949,0.6086717844009399,0.016665279865264893,0.5578449964523315,0.6429765224456787,0.022108305245637894,0.6372436285018921,0.5980240106582642,-0.016996730118989944,0.549950122833252,0.5599547624588013,-0.03169254586100578,0.5423054099082947,0.628947377204895,-0.01668248325586319,0.5684789419174194,0.6586203575134277,-0.004884329624474049,0.634977400302887,0.6131284236907959,-0.06461387127637863,0.561414897441864,0.5835681557655334,-0.06821911036968231,0.5538187026977539,0.6351147890090942,-0.054164640605449677,0.5751041173934937,0.663593053817749,-0.044036392122507095
0.6484221816062927,0.7848733067512512,-5.232095645624213e-07,0.5970931649208069,0.7341495752334595,0.003275923663750291,0.564693808555603,0.6659380793571472,0.0029384461231529713,0.551037073135376,0.6191156506538391,-0.0033713022712618113,0.5391062498092651,0.5831922292709351,-0.008742950856685638,0.6033104658126831,0.5565028786659241,0.0078119682148098946,0.5763360261917114,0.4736176133155823,-0.01634879782795906,0.5535198450088501,0.4251680374145508,-0.03284481540322304,0.5340379476547241,0.37885576486587524,-0.045049816370010376,0.6355106234550476,0.5566545128822327,-0.007386353798210621,0.5780657529830933,0.5408981442451477,-0.039900392293930054,0.5806735754013062,0.6126198768615723,-0.04529443383216858,0.6018030047416687,0.6376944184303284,-0.04278915748000145,0.6651444435119629,0.5675163865089417,-0.02557162381708622,0.6076664924621582,0.5575870275497437,-0.05475931987166405,0.6086928248405457,0.6276831030845642,-0.04092491790652275,0.6293135285377502,0.6469690203666687,-0.025588160380721092,0.6948416829109192,0.5904223322868347,-0.04504646733403206,0.6465215682983398,0.5758618712425232,-0.06055443361401558,0.6362882852554321,0.6262238621711731,-0.0477735809981823,0.648465633392334,0.6460012197494507,-0.03451596200466156
0.7616719007492065,0.8028574585914612,-3.561029586762743e-07,0.7005060911178589,0.7720361948013306,-0.015043561346828938,0.6423384547233582,0.703891932964325,-0.02073783054947853,0.6013357639312744,0.6590045094490051,-0.027973802760243416,0.56807541847229,0.6326600909233093,-0.03506037965416908,0.681243360042572,0.6027774214744568,-0.011085322126746178,0.6624618172645569,0.515748918056488,-0.03547513484954834,0.650593101978302,0.46323293447494507,-0.04956134036183357,0.6389859914779663,0.41691717505455017,-0.0598391555249691,0.7227568030357361,0.6032091975212097,-0.01730865240097046,0.7138175964355469,0.5724264979362488,-0.058943893760442734,0.7213926315307617,0.6524398326873779,-0.06453002989292145,0.7268257737159729,0.6868594884872437,-0.05798861384391785,0.7654935717582703,0.6155787706375122,-0.027057183906435966,0.7593950629234314,0.5934393405914307,-0.06771742552518845,0.758427619934082,0.6665331721305847,-0.056230150163173676,0.7585654258728027,0.6863390803337097,-0.0378454364836216,0.8066371083259583,0.6361432671546936,-0.03783106431365013,0.8016635775566101,0.6055019497871399,-0.060432180762290955,0.7915276288986206,0.6594123244285583,-0.04810623079538345,0.7878633737564087,0.6765924096107483,-0.0335007943212986
0.7901895642280579,0.7947673797607422,-2.5686563276394736e-07,0.7282869219779968,0.7720119953155518,-0.02362954430282116,0.6641157269477844,0.7114055752754211,-0.03506509214639664,0.6143826246261597,0.6691615581512451,-0.047232821583747864,0.5768483877182007,0.6388307809829712,-0.05836303159594536,0.6994142532348633,0.6031512022018433,-0.016349751502275467,0.6774779558181763,0.5173653364181519,-0.044884491711854935,0.6634722948074341,0.46676522493362427,-0.06097034737467766,0.6506508588790894,0.41748806834220886,-0.07187093794345856,0.7409172058105469,0.6023436784744263,-0.019029729068279266,0.7421645522117615,0.5679282546043396,-0.06176126003265381,0.7487263679504395,0.6483300924301147,-0.06759914010763168,0.7454568147659302,0.6733676791191101,-0.061477914452552795,0.7841337323188782,0.610039472579956,-0.026246441528201103,0.7863221764564514,0.5819795727729797,-0.07035303860902786,0.7848477363586426,0.6593990921974182,-0.05902457237243652,0.7772269248962402,0.6753332018852234,-0.04022969305515289,0.8261412382125854,0.6239587664604187,-0.03506433963775635,0.8289507031440735,0.5883914232254028,-0.05976826697587967,0.8206832408905029,0.6471932530403137,-0.04669681563973427,0.8124220371246338,0.6673424243927002,-0.030932139605283737
0.8160985708236694,0.7909976840019226,-1.4993661068274378e-07,0.7554858922958374,0.7745829820632935,-0.029514851048588753,0.6899216771125793,0.7186879515647888,-0.0464538037776947,0.6356411576271057,0.6805107593536377,-0.06353897601366043,0.5939823985099792,0.6548340916633606,-0.07992126047611237,0.7202580571174622,0.6127869486808777,-0.026823516935110092,0.6982209086418152,0.5215774774551392,-0.05894198641180992,0.6852157711982727,0.4672778248786926,-0.07880756258964539,0.6717339754104614,0.41685807704925537,-0.09286339581012726,0.7620404958724976,0.6054987907409668,-0.02839585393667221,0.7724254131317139,0.5663366913795471,-0.07836215198040009,0.7859677672386169,0.6451061367988586,-0.08927381038665771,0.7791147232055664,0.6807060241699219,-0.086008220911026,0.8051673769950867,0.6080612540245056,-0.03406229242682457,0.8166660070419312,0.5756222009658813,-0.08317776769399643,0.8225829601287842,0.651189923286438,-0.07341927289962769,0.8105473518371582,0.6807695031166077,-0.054748471826314926,0.8446381092071533,0.6197662353515625,-0.04174881801009178,0.8579121828079224,0.5805402994155884,-0.07147045433521271,0.8558694124221802,0.6354122161865234,-0.06041225790977478,0.8429412245750427,0.6623844504356384,-0.045157019048929214
0.8220596313476562,0.7919022440910339,-1.012655914678362e-07,0.7632642388343811,0.7791011333465576,-0.035242270678281784,0.6965711712837219,0.7272138595581055,-0.055749379098415375,0.6417421102523804,0.6885029673576355,-0.07516925781965256,0.5971143841743469,0.6619215607643127,-0.09352096915245056,0.7221001982688904,0.613598108291626,-0.033253200352191925,0.7009421586990356,0.5228368043899536,-0.06366278231143951,0.6892273426055908,0.46946173906326294,-0.08136846870183945,0.676512598991394,0.4203314185142517,-0.09433668106794357,0.7649319171905518,0.604468047618866,-0.032941192388534546,0.7780571579933167,0.5658743381500244,-0.08397366106510162,0.7935269474983215,0.6439395546913147,-0.0954277366399765,0.7869092226028442,0.6806249022483826,-0.09242119640111923,0.8085492849349976,0.6062659621238708,-0.036736615002155304,0.8235365748405457,0.5751039385795593,-0.08807088434696198,0.8308924436569214,0.6507694721221924,-0.07953009754419327,0.8177763819694519,0.6816028952598572,-0.06151886284351349,0.8483616709709167,0.617113471031189,-0.04277478903532028,0.8636568784713745,0.5777699947357178,-0.07508137822151184,0.8631141781806946,0.6334392428398132,-0.06537999212741852,0.8493043184280396,0.662635087966919,-0.050849393010139465
0.8162215352058411,0.7989821434020996,-1.1287453105524037e-07,0.758562445640564,0.7869789600372314,-0.03683433681726456,0.6920589804649353,0.7362735867500305,-0.059557877480983734,0.634995698928833,0.6984081268310547,-0.08132819086313248,0.5883333086967468,0.6736069917678833,-0.10196993499994278,0.7169277667999268,0.6194267868995667,-0.0362367182970047,0.6937264800071716,0.5266245007514954,-0.07053080946207047,0.6799771785736084,0.4713734984397888,-0.08980988711118698,0.6660915017127991,0.420225590467453,-0.1030837669968605,0.759230375289917,0.6101823449134827,-0.035527344793081284,0.7738523483276367,0.5691548585891724,-0.08823177963495255,0.788701057434082,0.6509801149368286,-0.09775383025407791,0.7799856662750244,0.6851251125335693,-0.09282027184963226,0.8024154901504517,0.6114978194236755,-0.03942577540874481,0.8188610076904297,0.5780107378959656,-0.09228701144456863,0.8256133794784546,0.6556956768035889,-0.08168766647577286,0.8113613128662109,0.6835061311721802,-0.06173412501811981,0.8415806293487549,0.6222056150436401,-0.04579050466418266,0.8587102890014648,0.5810520052909851,-0.07860377430915833,0.857937216758728,0.6386245489120483,-0.06766931712627411,0.843589723110199,0.6672069430351257,-0.051934100687503815
0.7761997580528259,0.8090203404426575,-9.645247445178029e-08,0.7182731032371521,0.7722196578979492,-0.03418703377246857,0.6646108031272888,0.6972192525863647,-0.05131474509835243,0.6148442625999451,0.6381592154502869,-0.06916601955890656,0.5740182399749756,0.6002435088157654,-0.08558834344148636,0.7185220718383789,0.5853308439254761,-0.017171097919344902,0.7264386415481567,0.49291080236434937,-0.04983915388584137,0.7343647480010986,0.43916401267051697,-0.06827352941036224,0.7433614134788513,0.387805700302124,-0.08002544194459915,0.7631433606147766,0.6009343862533569,-0.017512843012809753,0.7815537452697754,0.5706708431243896,-0.067183718085289,0.7708332538604736,0.6562105417251587,-0.07621027529239655,0.7550248503684998,0.675402045249939,-0.07082249969244003,0.8049195408821106,0.6216737031936646,-0.02428157813847065,0.8226649761199951,0.5983593463897705,-0.07730703055858612,0.8057004809379578,0.6762759685516357,-0.06923415511846542,0.7865750789642334,0.6881788969039917,-0.050301168113946915,0.8414077758789062,0.6452113389968872,-0.03351182863116264,0.8594143390655518,0.6160498857498169,-0.0661509782075882,0.8423929810523987,0.6712908148765564,-0.056561749428510666,0.825527012348175,0.6878138780593872,-0.04111168906092644
0.7572682499885559,0.8224383592605591,-1.403145262202088e-07,0.6978437304496765,0.7802587747573853,-0.031506337225437164,0.6457911133766174,0.6954847574234009,-0.048846807330846786,0.6005086302757263,0.6336240768432617,-0.06684669107198715,0.5610959529876709,0.5935527682304382,-0.08370132744312286,0.7082220911979675,0.5884010791778564,-0.02050737664103508,0.721776008605957,0.49410581588745117,-0.051266275346279144,0.7330968379974365,0.4410187602043152,-0.06759189069271088,0.743971586227417,0.3905629515647888,-0.07820164412260056,0.7517329454421997,0.6072816848754883,-0.021731477230787277,0.774994969367981,0.5821343064308167,-0.0693189799785614,0.7589585185050964,0.6631541848182678,-0.07701102644205093,0.7402626276016235,0.6789187788963318,-0.0713687613606453,0.7935712337493896,0.6321088075637817,-0.02839193493127823,0.8136994242668152,0.614420473575592,-0.07849498093128204,0.7920347452163696,0.6908752918243408,-0.06856364756822586,0.7706544399261475,0.7012954354286194,-0.0496806874871254,0.8299716711044312,0.6611581444740295,-0.03722868114709854,0.851188063621521,0.6372054815292358,-0.06816720217466354,0.8312413692474365,0.6932461857795715,-0.05716864392161369,0.8112797737121582,0.708733081817627,-0.041381675750017166
0.7294082045555115,0.8479212522506714,-9.67283497743665e-08,0.6653302311897278,0.8164669275283813,-0.03496548905968666,0.6031016111373901,0.7324509620666504,-0.054914698004722595,0.5528606176376343,0.6719632744789124,-0.07450726628303528,0.5068020224571228,0.6381597518920898,-0.09286411106586456,0.6598711013793945,0.6122276782989502,-0.029547296464443207,0.6682898998260498,0.5080133080482483,-0.06057877838611603,0.6807258129119873,0.44873127341270447,-0.07643633335828781,0.6916519403457642,0.3929811120033264,-0.08702097088098526,0.7046261429786682,0.6237163543701172,-0.029394641518592834,0.7306618690490723,0.5979174971580505,-0.07698351889848709,0.7210597395896912,0.6865142583847046,-0.08195307850837708,0.7038475275039673,0.7079246640205383,-0.07443954795598984,0.7495565414428711,0.6434832215309143,-0.034685783088207245,0.7716583609580994,0.6275125741958618,-0.08531665056943893,0.7549118995666504,0.7079328894615173,-0.07545089721679688,0.7328374981880188,0.7176377177238464,-0.057152148336172104,0.7913767099380493,0.6674373149871826,-0.04225902259349823,0.8119512796401978,0.647511899471283,-0.07291222363710403,0.7937126159667969,0.7053542733192444,-0.062312595546245575,0.7716097831726074,0.717693567276001,-0.047601401805877686
0.7402092814445496,0.8589631915092468,6.314424894071635e-08,0.6788104772567749,0.8383789658546448,-0.04764368012547493,0.6064256429672241,0.787463903427124,-0.07908224314451218,0.5364916324615479,0.7687029242515564,-0.10814569890499115,0.47706377506256104,0.7638294100761414,-0.13562501966953278,0.6300840377807617,0.6380283832550049,-0.04723431542515755,0.6192736625671387,0.527025580406189,-0.08233942091464996,0.6183739304542542,0.4586141109466553,-0.09840551763772964,0.6155458092689514,0.39835256338119507,-0.10896947979927063,0.6788061261177063,0.6339781880378723,-0.04347030073404312,0.7002438902854919,0.6002606749534607,-0.10018158704042435,0.7063897848129272,0.6977110505104065,-0.10533774644136429,0.6927419900894165,0.7290406227111816,-0.09501305967569351,0.7295794486999512,0.6418735980987549,-0.04578602686524391,0.7491255402565002,0.6257940530776978,-0.10338123887777328,0.7450740337371826,0.7132781744003296,-0.09260840713977814,0.7226753234863281,0.7303942441940308,-0.0713311955332756,0.7758506536483765,0.6555437445640564,-0.051396001130342484,0.7933840155601501,0.635395884513855,-0.08590046316385269,0.7824052572250366,0.7001218795776367,-0.07542259991168976,0.7587364315986633,0.7192380428314209,-0.059727054089307785
0.7651264667510986,0.866346538066864,4.385037666310154e-09,0.7059809565544128,0.843601644039154,-0.042197275906801224,0.6319177150726318,0.7965995669364929,-0.07158150523900986,0.5609859824180603,0.7908589243888855,-0.10120946913957596,0.5090246200561523,0.8159518241882324,-0.13014672696590424,0.6494426727294922,0.6448779106140137,-0.03853938356041908,0.6330442428588867,0.5389587879180908,-0.07458797842264175,0.6267247796058655,0.4693671464920044,-0.09005866199731827,0.6226885914802551,0.40941017866134644,-0.09948550909757614,0.6978273391723633,0.6403442025184631,-0.037717606872320175,0.7138278484344482,0.6096150279045105,-0.09204354137182236,0.7223516702651978,0.7060656547546387,-0.09405910968780518,0.711774468421936,0.7281287908554077,-0.08177793025970459,0.7494083046913147,0.6486788988113403,-0.043357476592063904,0.7655675411224365,0.6323465704917908,-0.10026077181100845,0.7635830044746399,0.7170764207839966,-0.08818508684635162,0.7447478771209717,0.7311697006225586,-0.06536926329135895,0.7975091934204102,0.6645716428756714,-0.05195754021406174,0.8114848136901855,0.637874186038971,-0.08382000774145126,0.8020394444465637,0.6991851329803467,-0.07130587846040726,0.7817819118499756,0.7200034856796265,-0.05412949249148369
0.7760748267173767,0.8543462753295898,8.424469655210487e-08,0.7205830812454224,0.8332894444465637,-0.04364854097366333,0.6526751518249512,0.7939515113830566,-0.07510505616664886,0.5846894979476929,0.7989469766616821,-0.10706500709056854,0.5372300744056702,0.8366013765335083,-0.13851793110370636,0.6584312319755554,0.6421167254447937,-0.03821263462305069,0.6365308165550232,0.5395480394363403,-0.07389019429683685,0.6251603364944458,0.47185707092285156,-0.08959367871284485,0.6162676215171814,0.41363734006881714,-0.09942367672920227,0.7057830691337585,0.6341098546981812,-0.03762440383434296,0.7234386205673218,0.6050971150398254,-0.09363611042499542,0.7333711385726929,0.6996614933013916,-0.09771982580423355,0.7208642363548279,0.7233316898345947,-0.08655005693435669,0.7569869160652161,0.6394819617271423,-0.043504077941179276,0.7755837440490723,0.6223379969596863,-0.09990998357534409,0.7756693363189697,0.7053151726722717,-0.08868023008108139,0.7568233609199524,0.7208946943283081,-0.06668655574321747,0.8041556477546692,0.6531006693840027,-0.05275716260075569,0.821196973323822,0.6271630525588989,-0.08400991559028625,0.8144947290420532,0.6895352602005005,-0.0717669278383255,0.7958864569664001,0.7113150954246521,-0.054831210523843765
0.7782371640205383,0.8486819863319397,7.369389720679465e-08,0.7220430374145508,0.8274295926094055,-0.04076315462589264,0.6525795459747314,0.7832355499267578,-0.06963834911584854,0.5848315954208374,0.7839593291282654,-0.09910132735967636,0.5379856824874878,0.8164621591567993,-0.12807908654212952,0.6644060611724854,0.6348913908004761,-0.0359126441180706,0.6455368995666504,0.530322790145874,-0.07120297104120255,0.6385537981987,0.4627052843570709,-0.08684303611516953,0.633591890335083,0.40575382113456726,-0.09641311317682266,0.7120835781097412,0.6294618844985962,-0.03573083505034447,0.7314556837081909,0.6004818677902222,-0.09109221398830414,0.740367591381073,0.6939405798912048,-0.09547901153564453,0.7261695861816406,0.7172727584838867,-0.08473724126815796,0.7630837559700012,0.6353631019592285,-0.041685376316308975,0.782256007194519,0.6178783178329468,-0.097674161195755,0.7819591760635376,0.7012148499488831,-0.08626063168048859,0.7622174620628357,0.7171786427497864,-0.06439276039600372,0.8094400763511658,0.6492533683776855,-0.05065850913524628,0.8275545239448547,0.6248600482940674,-0.0826386958360672,0.8208214044570923,0.6885954737663269,-0.07046139985322952,0.801692545413971,0.7105646729469299,-0.053446605801582336
0.7797142267227173,0.8444849252700806,6.504068750246006e-08,0.7195121645927429,0.815674901008606,-0.039444055408239365,0.6480816602706909,0.7619917988777161,-0.06875389814376831,0.5756679177284241,0.7525730133056641,-0.09885406494140625,0.5221201777458191,0.7732403874397278,-0.1283012479543686,0.6740458011627197,0.6058208346366882,-0.03932591527700424,0.66643226146698,0.49076876044273376,-0.07944042980670929,0.664856493473053,0.4149574041366577,-0.09830044209957123,0.6653162837028503,0.3504352271556854,-0.10970018804073334,0.7260487079620361,0.6072401404380798,-0.0405065193772316,0.7451194524765015,0.5783848762512207,-0.09892693161964417,0.745673656463623,0.6807365417480469,-0.10259582102298737,0.7311279773712158,0.7025766968727112,-0.0910598635673523,0.78005051612854,0.6204949021339417,-0.04789315536618233,0.7983411550521851,0.6035829782485962,-0.10845822840929031,0.7908188104629517,0.691352903842926,-0.09503749012947083,0.770839512348175,0.704513669013977,-0.07082363963127136,0.8281620144844055,0.640951931476593,-0.05781686678528786,0.84410560131073,0.6135159134864807,-0.09297347068786621,0.8321096897125244,0.6777448654174805,-0.0786796510219574,0.8130583167076111,0.6978853344917297,-0.05922868847846985
0.7826135754585266,0.8800160884857178,6.89211745452667e-08,0.7188641428947449,0.8474979400634766,-0.04557187482714653,0.6433752179145813,0.7853934168815613,-0.08016081899404526,0.5677779912948608,0.7696252465248108,-0.11552311480045319,0.5065879225730896,0.7910388708114624,-0.15045835077762604,0.6758367419242859,0.6087111234664917,-0.046989403665065765,0.668640673160553,0.48439496755599976,-0.09111271053552628,0.6690108180046082,0.4015573263168335,-0.11162358522415161,0.6694703698158264,0.3313325047492981,-0.12390854954719543,0.7318934798240662,0.611218273639679,-0.048292964696884155,0.7531400322914124,0.588762640953064,-0.11414553225040436,0.7501591444015503,0.7034492492675781,-0.11942391842603683,0.7327154278755188,0.7271482944488525,-0.10728525370359421,0.7902944684028625,0.6297271251678467,-0.05617676302790642,0.8115576505661011,0.6191770434379578,-0.12383515387773514,0.7987462282180786,0.7177317142486572,-0.11034117639064789,0.7738473415374756,0.7298941612243652,-0.08449801802635193,0.8432541489601135,0.6552206873893738,-0.06699863821268082,0.8644412755966187,0.6302629113197327,-0.10404804348945618,0.8477420806884766,0.7027997970581055,-0.08732346445322037,0.8229323625564575,0.7217124104499817,-0.06556755304336548
0.7169545888900757,0.8161054253578186,4.4933418763548616e-08,0.6496928334236145,0.7900733947753906,-0.03604291379451752,0.5729073286056519,0.7421131730079651,-0.06672690808773041,0.49803709983825684,0.7375950217247009,-0.09968072175979614,0.44217151403427124,0.755635678768158,-0.13239823281764984,0.6024587154388428,0.5699263215065002,-0.03957155719399452,0.5902608633041382,0.4483984708786011,-0.07533715665340424,0.5870276689529419,0.3716747760772705,-0.09196531772613525,0.5849231481552124,0.30935850739479065,-0.1031239777803421,0.6566891670227051,0.5673190355300903,-0.04343244433403015,0.6602212190628052,0.5508978962898254,-0.09673729538917542,0.6631073355674744,0.6500307321548462,-0.09908174723386765,0.6583712697029114,0.6720051765441895,-0.08930140733718872,0.7126626968383789,0.5810849070549011,-0.05298561230301857,0.7153686881065369,0.5742618441581726,-0.10545095056295395,0.7104071974754333,0.6586214900016785,-0.08985237777233124,0.6996992230415344,0.6701008677482605,-0.06767860054969788,0.7640607357025146,0.6037502884864807,-0.06567251682281494,0.7654474377632141,0.5847998261451721,-0.09434126317501068,0.7518831491470337,0.6485823392868042,-0.07826536148786545,0.7376430630683899,0.6683939695358276,-0.05967440828680992
0.6909485459327698,0.723259449005127,2.148894040487903e-08,0.6319602727890015,0.7032511830329895,-0.0311206616461277,0.5684764981269836,0.6618276238441467,-0.05498848110437393,0.5065953135490417,0.6618645191192627,-0.08052059262990952,0.459527850151062,0.6864756941795349,-0.10607548803091049,0.5909459590911865,0.5265563726425171,-0.028787871822714806,0.5784939527511597,0.42799365520477295,-0.06015513092279434,0.5742525458335876,0.3658277988433838,-0.07767316699028015,0.5713839530944824,0.31054869294166565,-0.08993154764175415,0.63646399974823,0.5243790745735168,-0.032010577619075775,0.643756628036499,0.49652883410453796,-0.08186592161655426,0.64957594871521,0.5804054737091064,-0.08925426751375198,0.6452605724334717,0.6048339605331421,-0.08330167829990387,0.6831632256507874,0.5329444408416748,-0.039992090314626694,0.6888166666030884,0.5107030868530273,-0.08702866733074188,0.6866064667701721,0.5838189721107483,-0.07575709372758865,0.676315426826477,0.6010806560516357,-0.05669088289141655,0.7258349061012268,0.5485294461250305,-0.05065237730741501,0.7338364124298096,0.5150102972984314,-0.07548020035028458,0.7247262001037598,0.5685786008834839,-0.06176915019750595,0.7114347815513611,0.5898454189300537,-0.04541582614183426
0.6348820328712463,0.6650978326797485,-9.13970765736849e-09,0.5863176584243774,0.6458394527435303,-0.024189556017518044,0.5327160954475403,0.6025833487510681,-0.041354697197675705,0.47934383153915405,0.594478964805603,-0.05948878452181816,0.43913835287094116,0.6092204451560974,-0.07796674966812134,0.5591043829917908,0.49713024497032166,-0.02182944118976593,0.5531562566757202,0.41762101650238037,-0.04635099321603775,0.552643358707428,0.36992377042770386,-0.06022625043988228,0.5527082681655884,0.3267951011657715,-0.07005877047777176,0.5953161120414734,0.49754637479782104,-0.023996908217668533,0.6018860340118408,0.47109314799308777,-0.06328238546848297,0.6035260558128357,0.5410189628601074,-0.0698559582233429,0.5977311730384827,0.5624566078186035,-0.06575990468263626,0.6321452260017395,0.5055784583091736,-0.029806798323988914,0.6384631395339966,0.48575499653816223,-0.0681811198592186,0.6338518261909485,0.5487277507781982,-0.05980909988284111,0.6235873699188232,0.5648674964904785,-0.04486791789531708,0.6646960377693176,0.5192179679870605,-0.0373881496489048,0.6717537045478821,0.489773690700531,-0.05845591798424721,0.6632207036018372,0.5365017652511597,-0.047710347920656204,0.652681291103363,0.5565957427024841,-0.03466957062482834
0.598493754863739,0.6236740946769714,1.3011431931886364e-09,0.5524184703826904,0.6017451882362366,-0.02115454711019993,0.5029648542404175,0.5604022741317749,-0.03428923338651657,0.4568256735801697,0.5488152503967285,-0.048448070883750916,0.4226776361465454,0.5603821873664856,-0.06263181567192078,0.5322167873382568,0.4681147038936615,-0.013638131320476532,0.5295611619949341,0.39856386184692383,-0.029964877292513847,0.5300263166427612,0.35888242721557617,-0.03843122720718384,0.5308812260627747,0.32393449544906616,-0.04512197896838188,0.5649836659431458,0.4697296917438507,-0.014963936991989613,0.565674364566803,0.4433845281600952,-0.045799970626831055,0.5665180683135986,0.505281925201416,-0.05052005872130394,0.5662914514541626,0.5277681946754456,-0.04635431617498398,0.5972241163253784,0.47824522852897644,-0.019756030291318893,0.5986934900283813,0.45744848251342773,-0.051679015159606934,0.5938351154327393,0.5128913521766663,-0.04635736718773842,0.588249921798706,0.529466450214386,-0.03442690148949623,0.627110481262207,0.49074921011924744,-0.026043634861707687,0.6293575763702393,0.46227774024009705,-0.043462712317705154,0.6201152801513672,0.5008891224861145,-0.035993851721286774,0.6113352179527283,0.5199055075645447,-0.026263969019055367
0.5847090482711792,0.6056097745895386,-1.8541314261710795e-08,0.5395564436912537,0.5852593779563904,-0.01873822510242462,0.49507036805152893,0.5481666326522827,-0.03223932534456253,0.4508156478404999,0.5360406637191772,-0.04686785489320755,0.4182637929916382,0.5430662035942078,-0.061781905591487885,0.5225319862365723,0.4593300223350525,-0.013215986080467701,0.5217177271842957,0.39577949047088623,-0.033601030707359314,0.5235725045204163,0.3572010397911072,-0.0461721196770668,0.5257340669631958,0.32172447443008423,-0.05477462708950043,0.552788257598877,0.46245378255844116,-0.015177309513092041,0.5564882159233093,0.43606501817703247,-0.04587329179048538,0.5550521016120911,0.4957584738731384,-0.05051516741514206,0.5501423478126526,0.5151273012161255,-0.04657435417175293,0.5828497409820557,0.47095614671707153,-0.02048712782561779,0.5863789319992065,0.4493209719657898,-0.05117790028452873,0.5808278322219849,0.5038618445396423,-0.043368205428123474,0.5726394653320312,0.5199041962623596,-0.03024456650018692,0.6094944477081299,0.48345789313316345,-0.027191348373889923,0.61506187915802,0.4559946656227112,-0.04336366429924965,0.6071885824203491,0.4948877692222595,-0.03326822444796562,0.5991072654724121,0.5122669339179993,-0.02165619656443596
0.5716947317123413,0.5752754211425781,-1.7506280869383772e-08,0.5301958918571472,0.562789797782898,-0.0163430143147707,0.4896276295185089,0.5287597179412842,-0.028026839718222618,0.449897438287735,0.5167540907859802,-0.040998492389917374,0.4193558096885681,0.5233208537101746,-0.054475679993629456,0.5117555260658264,0.4461815655231476,-0.01250786054879427,0.5125541687011719,0.3838768005371094,-0.030226361006498337,0.5152182579040527,0.3464071750640869,-0.0406985729932785,0.5179998874664307,0.31275418400764465,-0.04791868105530739,0.5399754047393799,0.4481019079685211,-0.014715177938342094,0.5466119647026062,0.42728179693222046,-0.042641934007406235,0.5460166335105896,0.48004022240638733,-0.04723013564944267,0.5401605367660522,0.49826347827911377,-0.04404139146208763,0.5677672028541565,0.45446470379829407,-0.019643718376755714,0.5724062919616699,0.43835461139678955,-0.04766000807285309,0.5684170126914978,0.48803919553756714,-0.04091653972864151,0.5599386692047119,0.5036535263061523,-0.029436228796839714,0.5925701260566711,0.46436968445777893,-0.025713646784424782,0.5978095531463623,0.4434983730316162,-0.04102544113993645,0.5917462110519409,0.4803589880466461,-0.03212105482816696,0.5833150148391724,0.49688783288002014,-0.021618111059069633
0.573138415813446,0.5512936115264893,-2.948138977387771e-08,0.536204993724823,0.5478824377059937,-0.013272777199745178,0.495985746383667,0.52452552318573,-0.022366125136613846,0.4617646634578705,0.5236461162567139,-0.032498545944690704,0.43676841259002686,0.5366620421409607,-0.04332676902413368,0.5128965973854065,0.45218488574028015,-0.01315929926931858,0.5072221159934998,0.3945590853691101,-0.027422785758972168,0.5054346323013306,0.36001238226890564,-0.03574781119823456,0.5040194392204285,0.3296510577201843,-0.041985806077718735,0.5370157361030579,0.4489981234073639,-0.01583581231534481,0.5384992957115173,0.43091440200805664,-0.04191559925675392,0.5435487031936646,0.47610214352607727,-0.046841464936733246,0.5442952513694763,0.4989813268184662,-0.04425925388932228,0.5609716773033142,0.4513143002986908,-0.0204919446259737,0.5611312389373779,0.43873676657676697,-0.04524984210729599,0.5626611709594727,0.4807938039302826,-0.0404406413435936,0.5598821640014648,0.49802279472351074,-0.03082863613963127,0.5839157104492188,0.4573500156402588,-0.025992993265390396,0.5829882621765137,0.4375477731227875,-0.039161164313554764,0.5802305936813354,0.4680497944355011,-0.0324479416012764,0.5754082202911377,0.4837554097175598,-0.02420918084681034
0.5808356404304504,0.5505940318107605,-1.626326451287241e-08,0.547039270401001,0.5492851138114929,-0.013665956445038319,0.5101662278175354,0.5300506949424744,-0.02318771928548813,0.47871172428131104,0.5313585996627808,-0.03353055194020271,0.4556300640106201,0.5450490713119507,-0.04423040151596069,0.5212914347648621,0.4606204032897949,-0.013291917741298676,0.5124958157539368,0.4078071713447571,-0.027196109294891357,0.5096186995506287,0.37545111775398254,-0.03478490561246872,0.507377028465271,0.3472708463668823,-0.04018079861998558,0.5434674620628357,0.456596702337265,-0.015215418301522732,0.5476402640342712,0.4408662021160126,-0.03911967948079109,0.554122269153595,0.4826226830482483,-0.04284423217177391,0.5531882047653198,0.5005220770835876,-0.03993706777691841,0.5658267140388489,0.4577116370201111,-0.01912601664662361,0.5688655972480774,0.44666215777397156,-0.04238714650273323,0.571966290473938,0.4855594038963318,-0.037164606153964996,0.5680548548698425,0.49972429871559143,-0.027782484889030457,0.5869126915931702,0.46250399947166443,-0.02394995465874672,0.5890627503395081,0.4449884295463562,-0.03667932748794556,0.5883628726005554,0.4739777445793152,-0.029884861782193184,0.5832439064979553,0.48858654499053955,-0.02159498631954193
0.5962492227554321,0.5378929376602173,-1.5067936232071588e-08,0.5654898285865784,0.5336977243423462,-0.012857848778367043,0.5304858684539795,0.5145812034606934,-0.022587528452277184,0.49935874342918396,0.5163136124610901,-0.03300631046295166,0.4760224223136902,0.5282669067382812,-0.04375472664833069,0.540361762046814,0.45263054966926575,-0.015536065213382244,0.5305771827697754,0.4011804163455963,-0.02910333126783371,0.5276345014572144,0.3697509765625,-0.036375127732753754,0.5246654748916626,0.3431488871574402,-0.04145560786128044,0.5597917437553406,0.44768527150154114,-0.01699014939367771,0.5649917721748352,0.43181174993515015,-0.03975033387541771,0.5712993144989014,0.4690849781036377,-0.0435832180082798,0.5696089267730713,0.48807623982429504,-0.04115290194749832,0.5804355144500732,0.44780048727989197,-0.019960032775998116,0.5845448970794678,0.43880680203437805,-0.04186566546559334,0.5876080989837646,0.47285759449005127,-0.03806737810373306,0.5825523138046265,0.4873010814189911,-0.030154814943671227,0.600273609161377,0.45199108123779297,-0.02361859753727913,0.6032617092132568,0.4365932047367096,-0.035849638283252716,0.6016147136688232,0.4627898931503296,-0.0303959958255291,0.5942040085792542,0.47818365693092346,-0.023332539945840836
0.6088535189628601,0.5305163860321045,-1.24956711644586e-08,0.5784082412719727,0.5232924222946167,-0.012826250866055489,0.5460096001625061,0.5021654367446899,-0.022698339074850082,0.515710711479187,0.5025240778923035,-0.03336368873715401,0.4924781918525696,0.5131217837333679,-0.044418033212423325,0.5564514994621277,0.44195103645324707,-0.014432696625590324,0.5489407777786255,0.39078694581985474,-0.027636174112558365,0.547145426273346,0.3606533110141754,-0.03493265062570572,0.5454935431480408,0.3342844843864441,-0.040188491344451904,0.5758138298988342,0.439024418592453,-0.016123998910188675,0.5813347697257996,0.42352885007858276,-0.038319896906614304,0.5857465863227844,0.46078425645828247,-0.042455654591321945,0.5835282802581787,0.4780938923358917,-0.040441498160362244,0.5963079333305359,0.4410153925418854,-0.019417764618992805,0.6001631617546082,0.4317850172519684,-0.040622882544994354,0.6016393899917603,0.4661310017108917,-0.03677179291844368,0.5966213941574097,0.47894951701164246,-0.029014643281698227,0.6160029768943787,0.4466894865036011,-0.023529276251792908,0.6191654801368713,0.4312690198421478,-0.035341501235961914,0.6164464950561523,0.45683911442756653,-0.02991936169564724,0.609322190284729,0.47076693177223206,-0.02300134487450123
0.6219208240509033,0.5276956558227539,-3.988437580204618e-09,0.5922003984451294,0.519930899143219,-0.012747055850923061,0.56044602394104,0.4976028800010681,-0.022736502811312675,0.5304322242736816,0.4968286156654358,-0.033375270664691925,0.507061779499054,0.5057976841926575,-0.044419653713703156,0.5728418231010437,0.4383963942527771,-0.01551636029034853,0.5662854313850403,0.3880709409713745,-0.02953742817044258,0.5654624104499817,0.35754668712615967,-0.037486329674720764,0.5646842122077942,0.3312510550022125,-0.042955536395311356,0.5922420620918274,0.43632733821868896,-0.017093634232878685,0.6000800728797913,0.419785737991333,-0.039613496512174606,0.6034648418426514,0.45712679624557495,-0.04385118559002876,0.5996592044830322,0.47568196058273315,-0.04179869219660759,0.6126837134361267,0.43948689103126526,-0.020194094628095627,0.6188691854476929,0.4298265278339386,-0.04207147657871246,0.619450032711029,0.4639682173728943,-0.0384831465780735,0.6132152080535889,0.4776729345321655,-0.030659830197691917,0.6318395733833313,0.4465383291244507,-0.023960240185260773,0.6370255351066589,0.4297730326652527,-0.03635871410369873,0.6341451406478882,0.45492714643478394,-0.030917827039957047,0.6263347864151001,0.46924877166748047,-0.02378896251320839
0.6340821981430054,0.5220966339111328,-3.1206217609991427e-09,0.6043769717216492,0.514059841632843,-0.013857596553862095,0.5723733901977539,0.49108898639678955,-0.02436407282948494,0.5420718193054199,0.489036500453949,-0.03538881614804268,0.5180212259292603,0.4971234202384949,-0.04675014317035675,0.5855785608291626,0.43024519085884094,-0.016325652599334717,0.5788296461105347,0.37890830636024475,-0.03126847371459007,0.5780279636383057,0.3477576971054077,-0.0400240458548069,0.5774117112159729,0.3206252455711365,-0.04606727510690689,0.6062623858451843,0.4288772940635681,-0.017869526520371437,0.6133102774620056,0.4137715995311737,-0.04205147549510002,0.6159800291061401,0.4526074528694153,-0.04708155244588852,0.6122145652770996,0.4708385765552521,-0.045361608266830444,0.6273583769798279,0.4324547052383423,-0.021077139303088188,0.6327144503593445,0.42288312315940857,-0.04460699111223221,0.6321566700935364,0.45847228169441223,-0.04109974205493927,0.6255418062210083,0.4724845886230469,-0.03305351361632347,0.6467145681381226,0.4397956132888794,-0.02502509579062462,0.6514722108840942,0.4240878224372864,-0.03858264535665512,0.647745668888092,0.4508148431777954,-0.03305405378341675,0.6393201351165771,0.46542277932167053,-0.025647561997175217
0.6400207281112671,0.5157973766326904,1.7434507171287805e-08,0.6116011142730713,0.5069137811660767,-0.01590202935039997,0.5806573629379272,0.48474329710006714,-0.028378600254654884,0.550027072429657,0.48171260952949524,-0.04142174497246742,0.5251309275627136,0.4919472932815552,-0.05477730557322502,0.5895582437515259,0.4216860234737396,-0.018626373261213303,0.5824754238128662,0.3685612976551056,-0.035735275596380234,0.5808438062667847,0.33528202772140503,-0.0454038567841053,0.5799548029899597,0.3058493435382843,-0.05190139263868332,0.6105704307556152,0.41977232694625854,-0.020133335143327713,0.6236410140991211,0.40171587467193604,-0.046615783125162125,0.6265846490859985,0.4447093904018402,-0.051397938281297684,0.6203998327255249,0.4625761806964874,-0.04908137768507004,0.6322826743125916,0.4222715198993683,-0.023647313937544823,0.6438322067260742,0.40952181816101074,-0.0498984269797802,0.6428402662277222,0.44955459237098694,-0.045448366552591324,0.6338756680488586,0.46432340145111084,-0.036238864064216614,0.6525144577026367,0.4287501871585846,-0.02813076041638851,0.6623940467834473,0.41090208292007446,-0.043975796550512314,0.6589243412017822,0.4397997558116913,-0.038380756974220276,0.6493467092514038,0.4550105631351471,-0.030509227886795998
0.6437952518463135,0.5054734349250793,2.341736582422982e-08,0.6188044548034668,0.4909426271915436,-0.017214933410286903,0.5910862684249878,0.4689660668373108,-0.029710868373513222,0.5630058646202087,0.4620140790939331,-0.04244865104556084,0.5398334264755249,0.4699341952800751,-0.05498037487268448,0.5876902341842651,0.405329167842865,-0.017566852271556854,0.5757240653038025,0.35158076882362366,-0.034846145659685135,0.5717779994010925,0.3162184953689575,-0.044038496911525726,0.569423496723175,0.2862509489059448,-0.049339279532432556,0.6076239943504333,0.40266153216362,-0.017759598791599274,0.6275849342346191,0.3811589479446411,-0.04350686073303223,0.6321727633476257,0.4252621531486511,-0.04678399860858917,0.6248903870582581,0.4461859464645386,-0.04258637875318527,0.628480851650238,0.4053092300891876,-0.020267369225621223,0.6474465131759644,0.3938746452331543,-0.04641019180417061,0.6466684341430664,0.4337865114212036,-0.04218645393848419,0.6364477872848511,0.45073413848876953,-0.032515622675418854,0.6478542685508728,0.41293489933013916,-0.023877447471022606,0.6627163290977478,0.39957132935523987,-0.03936277702450752,0.6605554819107056,0.42870762944221497,-0.03374261409044266,0.6506945490837097,0.4460141658782959,-0.025401044636964798
0.6343496441841125,0.5084989666938782,1.232574078358084e-07,0.616646945476532,0.4926668107509613,-0.03313925862312317,0.5948590040206909,0.47153571248054504,-0.05156158283352852,0.5685928463935852,0.4569644629955292,-0.06751187145709991,0.5444318652153015,0.4634581208229065,-0.08203987777233124,0.5712460279464722,0.3963022828102112,-0.023488512262701988,0.5615875720977783,0.33842042088508606,-0.04071890190243721,0.5587738752365112,0.2959045171737671,-0.04990256950259209,0.5594015121459961,0.2620711326599121,-0.054801952093839645,0.5887207984924316,0.39327460527420044,-0.015226619318127632,0.6165098547935486,0.3708113431930542,-0.04199158027768135,0.6221984624862671,0.4177149832248688,-0.045911312103271484,0.6154196858406067,0.44174402952194214,-0.04039836674928665,0.607756495475769,0.3979782462120056,-0.010870109312236309,0.6342421174049377,0.3863065242767334,-0.037873052060604095,0.6328818798065186,0.4253012239933014,-0.036402855068445206,0.6230151653289795,0.444629430770874,-0.0271610077470541,0.62477707862854,0.408780574798584,-0.009076448157429695,0.6425981521606445,0.39929553866386414,-0.025993509218096733,0.6398468613624573,0.42688649892807007,-0.023722650483250618,0.6303740739822388,0.4453367292881012,-0.016477292403578758
0.6181583404541016,0.5294130444526672,1.913513330009664e-07,0.6066357493400574,0.506763756275177,-0.03847893700003624,0.5888577699661255,0.4855763614177704,-0.05781400203704834,0.5649070143699646,0.48342248797416687,-0.0727764293551445,0.5417089462280273,0.49589261412620544,-0.08658292144536972,0.5647082328796387,0.4072769284248352,-0.031486984342336655,0.5614933371543884,0.3408164978027344,-0.047666244208812714,0.5626087784767151,0.2947709858417511,-0.057710014283657074,0.5651019215583801,0.25742024183273315,-0.06378649175167084,0.5813573002815247,0.4083123207092285,-0.018794381991028786,0.6130616664886475,0.38534826040267944,-0.04539139196276665,0.617027997970581,0.4311829209327698,-0.052110470831394196,0.6076056957244873,0.4591589570045471,-0.04951250180602074,0.5981937050819397,0.4158335328102112,-0.009708765894174576,0.625351071357727,0.40027740597724915,-0.03500698134303093,0.6237291693687439,0.4374799132347107,-0.036668676882982254,0.6111569404602051,0.4589868187904358,-0.03057175874710083,0.6109564304351807,0.4272904098033905,-0.0034179575741291046,0.6296194791793823,0.4150915741920471,-0.018924737349152565,0.6278705596923828,0.4411465525627136,-0.018351955339312553,0.6175902485847473,0.45954835414886475,-0.013188480399549007
0.6149650812149048,0.5368199348449707,2.5034333361872996e-07,0.6066843271255493,0.5149365067481995,-0.04176364839076996,0.5891866087913513,0.49703317880630493,-0.06528208404779434,0.5666385293006897,0.5017029047012329,-0.08471410721540451,0.5435283780097961,0.5218650102615356,-0.10330887138843536,0.5636141896247864,0.41225558519363403,-0.035875000059604645,0.564056932926178,0.3456208109855652,-0.05293392017483711,0.5654695630073547,0.2987975478172302,-0.06263165920972824,0.5683236718177795,0.2607572078704834,-0.06870750337839127,0.5801435708999634,0.41131845116615295,-0.023171158507466316,0.6159117221832275,0.39095258712768555,-0.05230805277824402,0.6174203157424927,0.43883442878723145,-0.05871758237481117,0.6053921580314636,0.465488463640213,-0.05515901744365692,0.5971580147743225,0.4177606701850891,-0.014301895163953304,0.6275321245193481,0.40747153759002686,-0.0413266122341156,0.6240843534469604,0.4457220733165741,-0.04235515743494034,0.6090101599693298,0.46437767148017883,-0.03531916067004204,0.609670102596283,0.427218496799469,-0.008633139543235302,0.6303110718727112,0.4204999804496765,-0.024939319118857384,0.6276503205299377,0.44860145449638367,-0.024214131757616997,0.61564040184021,0.46529075503349304,-0.018739530816674232
0.6124536395072937,0.5347625017166138,2.913380399149901e-07,0.6045885682106018,0.5153897404670715,-0.044615816324949265,0.5882086753845215,0.49867427349090576,-0.0711333379149437,0.5668991208076477,0.502581000328064,-0.09328856319189072,0.542711079120636,0.5210543274879456,-0.11470416188240051,0.5641703605651855,0.4136738181114197,-0.04073237627744675,0.5672372579574585,0.3455657958984375,-0.05923663452267647,0.5693581700325012,0.29718345403671265,-0.06924173980951309,0.5730146169662476,0.25822731852531433,-0.07537620514631271,0.5827232599258423,0.41437655687332153,-0.027911026030778885,0.6187282204627991,0.3931535482406616,-0.05832677334547043,0.6187698841094971,0.44207897782325745,-0.06406763941049576,0.6053223013877869,0.46622025966644287,-0.05974380671977997,0.6005480289459229,0.42120054364204407,-0.01909954473376274,0.6309002041816711,0.41038569808006287,-0.04752396419644356,0.6263865232467651,0.44947394728660583,-0.04702545329928398,0.6097153425216675,0.46632620692253113,-0.038813479244709015,0.6130140423774719,0.43062543869018555,-0.013770733959972858,0.6328251361846924,0.42232686281204224,-0.031031455844640732,0.6300163865089417,0.4505065083503723,-0.029125351458787918,0.6174163222312927,0.4668574333190918,-0.022763844579458237
0.6287314295768738,0.5326905250549316,1.2181384079212876e-07,0.5995844602584839,0.5209284424781799,-0.02856317348778248,0.5640462040901184,0.4969204366207123,-0.047962505370378494,0.5255320072174072,0.49693533778190613,-0.06613055616617203,0.496707946062088,0.5150646567344666,-0.08385736495256424,0.5653239488601685,0.40817514061927795,-0.030386196449398994,0.5546249151229858,0.3392390012741089,-0.05218503996729851,0.5530745983123779,0.29452162981033325,-0.06274370104074478,0.5516062378883362,0.25676631927490234,-0.0687394067645073,0.5880712866783142,0.40380731225013733,-0.026750516146421432,0.6140379309654236,0.38639035820961,-0.05790478736162186,0.6171054244041443,0.4402361512184143,-0.06008687987923622,0.6049708724021912,0.4581654667854309,-0.05389299616217613,0.6124711036682129,0.40774640440940857,-0.02642589807510376,0.6360507011413574,0.39847058057785034,-0.05851643532514572,0.6340148448944092,0.4464466869831085,-0.052755314856767654,0.6190938353538513,0.46008479595184326,-0.04072173312306404,0.6343628168106079,0.4166663587093353,-0.027953043580055237,0.6536740064620972,0.401754766702652,-0.04665760323405266,0.6498206853866577,0.43832463026046753,-0.039250362664461136,0.6354164481163025,0.4553338885307312,-0.02874114364385605
0.6621509790420532,0.5677947402000427,-1.1260021892667282e-07,0.6197342872619629,0.5470049977302551,-0.021997710689902306,0.581218957901001,0.5099037885665894,-0.03309183195233345,0.5398299694061279,0.49115103483200073,-0.04314366355538368,0.5078779458999634,0.49409744143486023,-0.051314301788806915,0.596086859703064,0.41574472188949585,-0.02026509866118431,0.5916650891304016,0.34602826833724976,-0.050268083810806274,0.5907900929450989,0.29922863841056824,-0.06641305238008499,0.593813955783844,0.2576689124107361,-0.07366623729467392,0.6277521252632141,0.4201448857784271,-0.017518067732453346,0.6322211623191833,0.4051825702190399,-0.045143142342567444,0.6315689086914062,0.46832847595214844,-0.0405968613922596,0.6263679265975952,0.4771541357040405,-0.03037983365356922,0.6585884094238281,0.4280921220779419,-0.02001803368330002,0.6621640920639038,0.41561803221702576,-0.05263359099626541,0.6568173170089722,0.47336581349372864,-0.04268353432416916,0.6488940715789795,0.47739377617836,-0.02704286202788353,0.686732292175293,0.4388086199760437,-0.023968406021595,0.6913333535194397,0.42229339480400085,-0.03977825492620468,0.6818494200706482,0.4623153805732727,-0.028203466907143593,0.672734797000885,0.4762272834777832,-0.014795424416661263
0.642371654510498,0.6086755990982056,-2.3565597473407252e-07,0.6003950834274292,0.5844526886940002,-0.002893561264500022,0.5645069479942322,0.528776228427887,-0.006675849203020334,0.5386390089988708,0.49661847949028015,-0.014325304888188839,0.5151914954185486,0.4929142892360687,-0.022935479879379272,0.5964977145195007,0.4417859613895416,-0.00645989878103137,0.5930265188217163,0.36272698640823364,-0.029168615117669106,0.5924557447433472,0.3094070553779602,-0.04193303734064102,0.5931829214096069,0.2637026309967041,-0.050831232219934464,0.628505527973175,0.4412939250469208,-0.016761597245931625,0.5940356254577637,0.4386889636516571,-0.04707612097263336,0.5922704935073853,0.5015117526054382,-0.046839237213134766,0.6051846742630005,0.5149552226066589,-0.039967384189367294,0.6581434011459351,0.4511866271495819,-0.02972458116710186,0.6227083802223206,0.4580615162849426,-0.05770525708794594,0.6192176938056946,0.5143023729324341,-0.04287008196115494,0.6305679678916931,0.5191892981529236,-0.026687713339924812,0.6870425939559937,0.46648263931274414,-0.04383500665426254,0.6539009809494019,0.46902933716773987,-0.05905892327427864,0.6459904909133911,0.5105690360069275,-0.04657692462205887,0.6549500823020935,0.5182255506515503,-0.03360151872038841
0.6029838919639587,0.6647047996520996,-2.456279730722599e-07,0.5562040209770203,0.6266570687294006,-0.00680261105298996,0.5273274779319763,0.5642023086547852,-0.014087907038629055,0.5225343704223633,0.5104461312294006,-0.02546277828514576,0.5405737161636353,0.48273059725761414,-0.03627784177660942,0.564788281917572,0.47407370805740356,-0.004925998859107494,0.5601345896720886,0.39635950326919556,-0.028158891946077347,0.5578584671020508,0.3439348340034485,-0.04289240390062332,0.5579402446746826,0.2937276363372803,-0.0543571338057518,0.5951481461524963,0.4727671146392822,-0.01440485194325447,0.5375586152076721,0.491529643535614,-0.049134429544210434,0.5376567840576172,0.5462864637374878,-0.053831037133932114,0.5565603971481323,0.5601171851158142,-0.05044400691986084,0.6182988882064819,0.4889232814311981,-0.026804588735103607,0.5620938539505005,0.5140811204910278,-0.0557403638958931,0.5610266923904419,0.5613155364990234,-0.041691217571496964,0.575400710105896,0.5697661638259888,-0.025988584384322166,0.6361284255981445,0.5152947306632996,-0.041585467755794525,0.5865680575370789,0.5330121517181396,-0.0579090490937233,0.581376850605011,0.5672680735588074,-0.04821425676345825,0.5924661755561829,0.5751169919967651,-0.03638756275177002
0.5702248215675354,0.7061068415641785,4.868201131102978e-07,0.5175604820251465,0.6443972587585449,0.01592276059091091,0.4946071207523346,0.5838167667388916,0.007980871945619583,0.48120471835136414,0.5388757586479187,-0.011865269392728806,0.47640860080718994,0.5012670159339905,-0.031301435083150864,0.5219218730926514,0.5022786259651184,0.01451932080090046,0.5052539706230164,0.4270215630531311,-0.007566782180219889,0.5009839534759521,0.37309104204177856,-0.022008806467056274,0.5016440153121948,0.3243984580039978,-0.03163345530629158,0.5487509369850159,0.5045278668403625,-0.014315792359411716,0.5163209438323975,0.43056824803352356,-0.04063823074102402,0.5060787796974182,0.37480199337005615,-0.05482969433069229,0.5021798610687256,0.31542569398880005,-0.061588212847709656,0.5688117742538452,0.5244065523147583,-0.0439058355987072,0.498674213886261,0.5301979184150696,-0.06695099174976349,0.4966885447502136,0.5805922746658325,-0.05608498305082321,0.5105971097946167,0.6004003286361694,-0.04255441203713417,0.5796430110931396,0.5562023520469666,-0.07441150397062302,0.5126351714134216,0.5679402351379395,-0.08508093655109406,0.515005350112915,0.601948618888855,-0.0719742700457573,0.5321616530418396,0.6140058040618896,-0.05919274687767029
0.545352041721344,0.729771614074707,-2.3114482416985993e-07,0.4930252134799957,0.6518924236297607,0.016598476096987724,0.4695456326007843,0.589228093624115,0.004108847584575415,0.45189669728279114,0.5422759056091309,-0.01713395118713379,0.44056084752082825,0.50906902551651,-0.039400890469551086,0.531046986579895,0.4929434657096863,-0.002212174003943801,0.5060660243034363,0.4148533344268799,-0.024947762489318848,0.49528735876083374,0.35715195536613464,-0.04278266802430153,0.48474612832069397,0.30267202854156494,-0.058974433690309525,0.5453888177871704,0.5075024962425232,-0.027700282633304596,0.4461308419704437,0.5061700344085693,-0.05287846177816391,0.4500228464603424,0.5643395781517029,-0.05122898146510124,0.47601282596588135,0.5796728134155273,-0.050020262598991394,0.5431951284408569,0.5387184023857117,-0.05361016094684601,0.44748860597610474,0.5471547245979309,-0.07004329562187195,0.4566689729690552,0.5932785272598267,-0.04916660487651825,0.4833489954471588,0.6032440662384033,-0.03734966367483139,0.5325192213058472,0.5761902332305908,-0.08023601770401001,0.4564114511013031,0.5831781625747681,-0.09242444485425949,0.46392443776130676,0.6181446313858032,-0.08057285845279694,0.48803380131721497,0.6259903907775879,-0.0718211755156517
0.5013068914413452,0.7502262592315674,-2.803542145102256e-07,0.5205599069595337,0.675227165222168,0.018736813217401505,0.5343390703201294,0.6016908884048462,0.013861065730452538,0.5486235022544861,0.5615721940994263,0.002199787413701415,0.5710858702659607,0.5508015155792236,-0.011458509601652622,0.5500559210777283,0.5286270380020142,-0.005120123736560345,0.5281850695610046,0.4268414378166199,-0.020927518606185913,0.51726233959198,0.36497652530670166,-0.029683472588658333,0.5089079141616821,0.3119930624961853,-0.03844933211803436,0.5360918045043945,0.538127601146698,-0.024771248921751976,0.45056337118148804,0.4880853295326233,-0.047154687345027924,0.44573888182640076,0.5377297401428223,-0.046338047832250595,0.4659719467163086,0.5652687549591064,-0.044479236006736755,0.5112344622612,0.5568371415138245,-0.04285188764333725,0.4300755262374878,0.5190309286117554,-0.0591922365128994,0.4292522370815277,0.5659794211387634,-0.04523434489965439,0.45048391819000244,0.5860113501548767,-0.0353066623210907,0.4827931225299835,0.5786498785018921,-0.060050081461668015,0.4187305271625519,0.5491407513618469,-0.07086309045553207,0.41899579763412476,0.5901532769203186,-0.06140778213739395,0.4370056688785553,0.6105782985687256,-0.053128890693187714
0.4686430096626282,0.7624483704566956,-2.1336457223242178e-07,0.5163719058036804,0.7031539082527161,0.028460582718253136,0.5525919795036316,0.6337831020355225,0.029621873050928116,0.5900818705558777,0.6022748947143555,0.024354198947548866,0.6310229301452637,0.605297327041626,0.015254969708621502,0.5570912957191467,0.5597279667854309,-0.004417596850544214,0.5580364465713501,0.44752830266952515,-0.011788800358772278,0.555027186870575,0.3807390332221985,-0.01758737675845623,0.5534742474555969,0.3297498822212219,-0.024248266592621803,0.5316599607467651,0.552386462688446,-0.021015971899032593,0.4724898338317871,0.49898821115493774,-0.02149164490401745,0.45880353450775146,0.5411069989204407,-0.011801416985690594,0.4723336398601532,0.5722607970237732,-0.008810155093669891,0.49190789461135864,0.5571213960647583,-0.0341530479490757,0.4393039643764496,0.5176013112068176,-0.028345802798867226,0.43051856756210327,0.5563040971755981,-0.012270916253328323,0.4460330009460449,0.5827452540397644,-0.007575050462037325,0.44890299439430237,0.5649341940879822,-0.0454312302172184,0.40951454639434814,0.5338400602340698,-0.041181862354278564,0.4058874547481537,0.5741201043128967,-0.02863972820341587,0.4180176556110382,0.6012858152389526,-0.02135571278631687
0.47750741243362427,0.7246884703636169,-9.820108459734911e-08,0.5444405674934387,0.6858587861061096,0.033234111964702606,0.6013687252998352,0.6474457383155823,0.030977783724665642,0.6518367528915405,0.6326963901519775,0.02813640423119068,0.7000176310539246,0.6446927785873413,0.020571362227201462,0.5966567993164062,0.5554665327072144,-0.03473374620079994,0.6183186769485474,0.4350162148475647,-0.03507049009203911,0.6253392100334167,0.36875760555267334,-0.03702390938997269,0.6325672268867493,0.3137763738632202,-0.03911542892456055,0.5565268993377686,0.534634530544281,-0.043574731796979904,0.5358725786209106,0.48759278655052185,-0.013132395222783089,0.5192179083824158,0.5317146182060242,0.013219275511801243,0.520887553691864,0.5704781413078308,0.01956678368151188,0.5063084363937378,0.5264165997505188,-0.04553745687007904,0.49170631170272827,0.4926826059818268,-0.01303790882229805,0.47744184732437134,0.5381901264190674,0.004790102131664753,0.4815672039985657,0.572763979434967,0.002664307365193963,0.46143919229507446,0.5175685286521912,-0.043317947536706924,0.4541594684123993,0.4852345883846283,-0.010196872986853123,0.4487627446651459,0.5294721126556396,0.01330361608415842,0.44806215167045593,0.5639157891273499,0.02162722311913967
0.48812583088874817,0.6703969240188599,-9.785409105234066e-08,0.5622112154960632,0.6543066501617432,0.031708285212516785,0.6261017918586731,0.6303694248199463,0.026377830654382706,0.682445764541626,0.6214732527732849,0.0207524374127388,0.731590986251831,0.6413452625274658,0.009942072443664074,0.6235529780387878,0.5156176686286926,-0.039237167686223984,0.6563645005226135,0.3989919424057007,-0.04152216017246246,0.6666951775550842,0.3268051743507385,-0.047571513801813126,0.6758298873901367,0.27081298828125,-0.0524715892970562,0.584821343421936,0.48663845658302307,-0.04590504616498947,0.5647188425064087,0.4599122405052185,-0.007829491049051285,0.5454840660095215,0.5063061118125916,0.022841203957796097,0.5445659160614014,0.5427696704864502,0.02983531542122364,0.5330320596694946,0.47208622097969055,-0.0462382510304451,0.5212381482124329,0.45634061098098755,-0.0037766830064356327,0.5048766732215881,0.499742716550827,0.013810711912810802,0.5051911473274231,0.5349422693252563,0.007984098047018051,0.48757779598236084,0.45592302083969116,-0.04304875060915947,0.4829801321029663,0.4421236217021942,-0.0017818908672779799,0.47460684180259705,0.48317670822143555,0.020530948415398598,0.469452828168869,0.5179476737976074,0.02570129744708538
0.49402880668640137,0.6563493013381958,-1.4415651605759194e-07,0.5712952017784119,0.6382296681404114,0.035901568830013275,0.6337518095970154,0.6197987198829651,0.0342881865799427,0.6887154579162598,0.6168670058250427,0.03330288827419281,0.7393901348114014,0.63093101978302,0.027902303263545036,0.6306237578392029,0.49629321694374084,-0.03617864474654198,0.6657282114028931,0.37809789180755615,-0.03761010244488716,0.6781983375549316,0.3056032061576843,-0.04435769468545914,0.689058244228363,0.24905720353126526,-0.0491098053753376,0.5904252529144287,0.47143909335136414,-0.041069965809583664,0.5778400301933289,0.4371697008609772,0.007944757118821144,0.5586538314819336,0.4831163287162781,0.044619668275117874,0.5565260648727417,0.5192830562591553,0.053320128470659256,0.5368881225585938,0.4588243365287781,-0.03984006121754646,0.5325776934623718,0.437499076128006,0.012176948599517345,0.5163639187812805,0.48369455337524414,0.030886249616742134,0.5163681507110596,0.5174859762191772,0.0229563657194376,0.4920499920845032,0.4427666664123535,-0.03463942930102348,0.4937039017677307,0.4297998249530792,0.013550559058785439,0.4848264455795288,0.47111189365386963,0.03663702309131622,0.47736477851867676,0.5038818717002869,0.040211427956819534
0.507458508014679,0.6478341221809387,-5.502285738145929e-09,0.573886513710022,0.6279522180557251,0.016442151740193367,0.6370152235031128,0.6015896201133728,0.007654209621250629,0.6929513812065125,0.585096001625061,-0.005537043791264296,0.7344787120819092,0.6041202545166016,-0.023241283372044563,0.6253204941749573,0.47982245683670044,-0.023485366255044937,0.6474924087524414,0.35692131519317627,-0.03423941507935524,0.652754008769989,0.2797413468360901,-0.04247330501675606,0.6564517021179199,0.22208335995674133,-0.04803389683365822,0.5896609425544739,0.4489821195602417,-0.03164522349834442,0.561345100402832,0.42085301876068115,-0.02574937231838703,0.5535632967948914,0.45819345116615295,-0.011645360849797726,0.5588380098342896,0.49355629086494446,-0.006638951599597931,0.5394298434257507,0.4417155683040619,-0.036203790456056595,0.5173665881156921,0.4274516999721527,-0.028460463508963585,0.5113499164581299,0.4567570090293884,-0.01475102175027132,0.5143842101097107,0.48881852626800537,-0.010074025951325893,0.4909355640411377,0.4351060092449188,-0.038908302783966064,0.4810968041419983,0.41764044761657715,-0.023959439247846603,0.4775622487068176,0.448947012424469,-0.005279169883579016,0.4778571128845215,0.4808407425880432,0.006117702927440405
0.5096480250358582,0.6634018421173096,-6.721396061948326e-08,0.5756276249885559,0.636640191078186,0.020775698125362396,0.6336621642112732,0.5992098450660706,0.013274947181344032,0.6871501803398132,0.5759351253509521,0.0036092055961489677,0.7333513498306274,0.5896584391593933,-0.010241654701530933,0.6160576343536377,0.48391637206077576,-0.035780563950538635,0.6272441744804382,0.35345524549484253,-0.05045541748404503,0.6284476518630981,0.27477943897247314,-0.062079787254333496,0.6284059882164001,0.21509581804275513,-0.0701492577791214,0.5771480202674866,0.4627929925918579,-0.04297144338488579,0.5491988658905029,0.4263944625854492,-0.03440982103347778,0.5422300696372986,0.46817290782928467,-0.015215651132166386,0.549303412437439,0.504882276058197,-0.008805038407444954,0.5261551737785339,0.46247151494026184,-0.045624230057001114,0.5041242241859436,0.4384043514728546,-0.03550362214446068,0.4981020390987396,0.47454720735549927,-0.01770995743572712,0.5049242973327637,0.5106422305107117,-0.012450124137103558,0.478456974029541,0.4620895981788635,-0.04542506858706474,0.4678497016429901,0.4392261803150177,-0.031249530613422394,0.4649682939052582,0.4791410565376282,-0.011475651524960995,0.46883097290992737,0.5128220915794373,-0.00047662260476499796
0.5050250887870789,0.6731016635894775,-1.0932001259789104e-07,0.5725890398025513,0.6363322138786316,0.018606068566441536,0.6303637623786926,0.5942473411560059,0.012099779210984707,0.6827062368392944,0.565859317779541,0.002326102228835225,0.7283472418785095,0.5712424516677856,-0.01197766698896885,0.6044747233390808,0.48635247349739075,-0.03209684044122696,0.6098463535308838,0.3592625558376312,-0.047019705176353455,0.6062277555465698,0.28117799758911133,-0.057938698679208755,0.6020783185958862,0.22260916233062744,-0.06547009944915771,0.5652930736541748,0.46697473526000977,-0.04129291698336601,0.5397689342498779,0.4324580729007721,-0.035877957940101624,0.53449547290802,0.47045204043388367,-0.018955741077661514,0.5409063100814819,0.5028743147850037,-0.013118231669068336,0.5155375003814697,0.47122055292129517,-0.04678471013903618,0.49682876467704773,0.44834306836128235,-0.040463294833898544,0.4932151734828949,0.4803246557712555,-0.022632358595728874,0.4983214735984802,0.5112565159797668,-0.015779394656419754,0.4671217203140259,0.47799426317214966,-0.05012774467468262,0.4568040370941162,0.44895118474960327,-0.03957679495215416,0.45780038833618164,0.4835849702358246,-0.020065059885382652,0.4622330367565155,0.5171555280685425,-0.00814361497759819
0.5017677545547485,0.6754968166351318,-5.971395466985996e-08,0.5670537352561951,0.6391385793685913,0.02470160648226738,0.6202973127365112,0.5940213203430176,0.02077208273112774,0.6713211536407471,0.563818097114563,0.012702341191470623,0.7141095995903015,0.5699037909507751,-0.0003310500178486109,0.5940966010093689,0.48475247621536255,-0.018784785643219948,0.5956372022628784,0.362240731716156,-0.024535344913601875,0.5906791687011719,0.2892618179321289,-0.03091338463127613,0.5863149762153625,0.23212987184524536,-0.036607854068279266,0.5575719475746155,0.46534669399261475,-0.028650173917412758,0.5242087244987488,0.44298630952835083,-0.014675969257950783,0.5186055302619934,0.48335397243499756,0.0025319040287286043,0.5277916193008423,0.5156872868537903,0.007357857655733824,0.5085174441337585,0.4714549481868744,-0.03402937203645706,0.4849950075149536,0.46387779712677,-0.018095651641488075,0.48083096742630005,0.4981154501438141,-0.003812753362581134,0.48895499110221863,0.5271731615066528,-0.00201625213958323,0.4620002806186676,0.47816506028175354,-0.03681163489818573,0.44795122742652893,0.4643591046333313,-0.018497657030820847,0.4483889639377594,0.5017591714859009,-0.0005756138125434518,0.45530298352241516,0.5340476036071777,0.008370980620384216
0.5033676028251648,0.6683290600776672,-1.797461202102113e-08,0.5679010152816772,0.6458027362823486,0.026679763570427895,0.6163807511329651,0.6016119718551636,0.02969793602824211,0.6630429625511169,0.5721128582954407,0.028583558276295662,0.7046326994895935,0.5827860236167908,0.022605353966355324,0.5856660008430481,0.4814939498901367,0.005014987196773291,0.5876006484031677,0.37654224038124084,0.017527751624584198,0.5810654759407043,0.31840452551841736,0.023287257179617882,0.577613115310669,0.2738306522369385,0.02522531896829605,0.549382746219635,0.4574108421802521,-0.0008438986842520535,0.5203396677970886,0.46227049827575684,0.027135850861668587,0.5154534578323364,0.5023154020309448,0.04318040609359741,0.5239855051040649,0.5291491150856018,0.04721701145172119,0.5037698745727539,0.4646507203578949,-0.0019522779621183872,0.48641088604927063,0.4793233573436737,0.02678622677922249,0.4832572340965271,0.5146862864494324,0.03245065361261368,0.49069106578826904,0.5381482839584351,0.027012167498469353,0.46101805567741394,0.47104334831237793,-0.0002220414753537625,0.4506980776786804,0.48099783062934875,0.02880399487912655,0.453177273273468,0.5155820250511169,0.04119132459163666,0.46086186170578003,0.5409703850746155,0.04480157792568207
0.5105752348899841,0.6602020263671875,2.4913902052503545e-08,0.5756626129150391,0.6432331800460815,0.022762786597013474,0.6227277517318726,0.6050441861152649,0.02687792107462883,0.666996419429779,0.5757569670677185,0.026990387588739395,0.7067620754241943,0.5867149829864502,0.02287658117711544,0.5878340005874634,0.47647562623023987,0.01377478614449501,0.5897676944732666,0.37955546379089355,0.02971094474196434,0.5829362869262695,0.32596638798713684,0.03756927326321602,0.5807746052742004,0.2854287028312683,0.04092564061284065,0.5507969260215759,0.45032647252082825,0.010359971784055233,0.5288397073745728,0.46501609683036804,0.03991147130727768,0.5247322916984558,0.5015538334846497,0.05420457199215889,0.5318098068237305,0.5267297029495239,0.057713109999895096,0.5073469877243042,0.4603326618671417,0.010837530717253685,0.49833744764328003,0.4805181622505188,0.03909620642662048,0.4964236319065094,0.51252281665802,0.0428006686270237,0.5015290379524231,0.5342916250228882,0.03728169575333595,0.4664156138896942,0.47133857011795044,0.013712836429476738,0.4593571424484253,0.4848306179046631,0.041575051844120026,0.46374163031578064,0.514272928237915,0.05197683721780777,0.4713760018348694,0.5363433361053467,0.054969098418951035
0.5114500522613525,0.6680852174758911,1.9001074491598047e-08,0.5760015845298767,0.6456404328346252,0.020200787112116814,0.6243292093276978,0.6021662354469299,0.021660547703504562,0.6705915927886963,0.5690785646438599,0.019707055762410164,0.7142548561096191,0.5730175971984863,0.01342768594622612,0.5860418677330017,0.4765605628490448,0.004266229458153248,0.5858426690101624,0.37481045722961426,0.016846222802996635,0.577557384967804,0.31915169954299927,0.023141181096434593,0.5736417174339294,0.27670255303382874,0.02561497874557972,0.5492613911628723,0.4519976079463959,0.0006781838019378483,0.5226274728775024,0.46521639823913574,0.02651333063840866,0.5196306705474854,0.5021089315414429,0.04051396623253822,0.5283084511756897,0.5273701548576355,0.0440390482544899,0.5048408508300781,0.46234217286109924,0.0010646166047081351,0.49122291803359985,0.48267561197280884,0.026440929621458054,0.490244597196579,0.5150948166847229,0.030281824991106987,0.4972137212753296,0.5360777974128723,0.02502834051847458,0.46289879083633423,0.47346505522727966,0.0037066538352519274,0.45363253355026245,0.48761454224586487,0.030024902895092964,0.4582478702068329,0.5181771516799927,0.04078318178653717,0.466332346200943,0.5403539538383484,0.044174183160066605
0.5127248764038086,0.6798403263092041,7.295712478594396e-09,0.5811545252799988,0.655693769454956,0.024017449468374252,0.6310105919837952,0.6099918484687805,0.024509156122803688,0.6789289116859436,0.571592390537262,0.02133701927959919,0.7243586778640747,0.5735898017883301,0.013385036028921604,0.5929526090621948,0.4846037030220032,0.0013644543942064047,0.5940514206886292,0.377280056476593,0.013735342770814896,0.587260901927948,0.3175143599510193,0.01892903447151184,0.5839601755142212,0.27102911472320557,0.020470429211854935,0.5553243160247803,0.46032074093818665,-0.0033980130683630705,0.5260691046714783,0.4690990746021271,0.025812456384301186,0.5230280160903931,0.5085237622261047,0.04192706197500229,0.5319268107414246,0.5361776351928711,0.04553037881851196,0.5088244080543518,0.4692477881908417,-0.003484440967440605,0.4926987886428833,0.48634785413742065,0.026124633848667145,0.49162566661834717,0.521689772605896,0.03084278665482998,0.4994368255138397,0.5450671315193176,0.02419758029282093,0.46592894196510315,0.47810831665992737,-0.0008500344702042639,0.4551994800567627,0.4911267161369324,0.029950210824608803,0.4599485993385315,0.5245878100395203,0.042451366782188416,0.46851733326911926,0.5494936108589172,0.04559599980711937
0.5107563138008118,0.6784817576408386,-2.7361055643382315e-08,0.5775648951530457,0.6533112525939941,0.026428652927279472,0.6277732849121094,0.6042975187301636,0.028336012735962868,0.67267245054245,0.5602115392684937,0.025913715362548828,0.7163538932800293,0.5585514903068542,0.018478212878108025,0.5876893401145935,0.4801328778266907,0.004383178427815437,0.5875036120414734,0.3715699315071106,0.016302723437547684,0.5795983076095581,0.31168943643569946,0.021141646429896355,0.5752085447311401,0.2645094692707062,0.0222306028008461,0.5520920753479004,0.4574623107910156,-0.0023975179065018892,0.5205431580543518,0.46298032999038696,0.02510756440460682,0.5169894695281982,0.5022714138031006,0.04000680148601532,0.5264284610748291,0.5290160179138184,0.04301990941166878,0.5067909955978394,0.4667882025241852,-0.004388398956507444,0.4866562485694885,0.4814783036708832,0.024534666910767555,0.4850338399410248,0.5176302194595337,0.030082857236266136,0.49404215812683105,0.5396560430526733,0.02410815842449665,0.4636175036430359,0.47683048248291016,-0.003622346557676792,0.45033371448516846,0.4868226945400238,0.026997577399015427,0.45494264364242554,0.5210584402084351,0.04050301015377045,0.46404731273651123,0.5455331802368164,0.0445292666554451
0.4807862639427185,0.6568439602851868,-2.178293634358397e-08,0.5508283972740173,0.634918749332428,0.012422110885381699,0.6028367877006531,0.5860669016838074,0.011800252832472324,0.6473252773284912,0.5406318306922913,0.008609863929450512,0.6900283098220825,0.5356130599975586,0.0020804964005947113,0.5582313537597656,0.4636046588420868,-0.008754342794418335,0.5573263168334961,0.3538128733634949,-0.007621197961270809,0.5484248995780945,0.28887805342674255,-0.008437377400696278,0.5422908067703247,0.24218975007534027,-0.009681911207735538,0.5176311135292053,0.4386333227157593,-0.010278265923261642,0.496123343706131,0.4469430148601532,0.0039113243110477924,0.49398741126060486,0.48266372084617615,0.016462678089737892,0.5003759860992432,0.5100067853927612,0.020825989544391632,0.47253549098968506,0.45075535774230957,-0.008899127133190632,0.46372565627098083,0.4680849313735962,0.003826926462352276,0.46387141942977905,0.4967096447944641,0.009689546190202236,0.46889281272888184,0.521668553352356,0.009062732569873333,0.42981696128845215,0.4654923379421234,-0.005818397272378206,0.42306995391845703,0.4799116253852844,0.01071422453969717,0.4293433129787445,0.5073514580726624,0.021153414621949196,0.4378126263618469,0.5310273766517639,0.02658752165734768
0.43844056129455566,0.656079113483429,-4.3774779356908766e-08,0.5134311318397522,0.6444554924964905,0.02729698084294796,0.5654581189155579,0.5918424725532532,0.03000926598906517,0.6082682609558105,0.5302777290344238,0.027670254930853844,0.6539707779884338,0.5245269536972046,0.02056395635008812,0.5177373886108398,0.46341875195503235,0.003990654367953539,0.5155489444732666,0.35248130559921265,0.008645806461572647,0.5042052865028381,0.28456997871398926,0.006000379100441933,0.497199147939682,0.23579095304012299,0.002282405272126198,0.4768809378147125,0.43453025817871094,-0.001121549983508885,0.4533875584602356,0.44800838828086853,0.024979528039693832,0.45140340924263,0.48208945989608765,0.04115404188632965,0.45635008811950684,0.5066360831260681,0.044836223125457764,0.4299461245536804,0.4488981366157532,-0.002093146089464426,0.42423298954963684,0.47130733728408813,0.02356998436152935,0.42416906356811523,0.4976249039173126,0.028788968920707703,0.4278660714626312,0.5203840136528015,0.02368035539984703,0.3860599994659424,0.4663628041744232,-7.251948409248143e-05,0.3818310797214508,0.4827444851398468,0.028699655085802078,0.3881187438964844,0.5073063969612122,0.03996177762746811,0.39678314328193665,0.5287907123565674,0.042466018348932266
0.47010642290115356,0.6705994606018066,-3.668444392701531e-08,0.5383687019348145,0.6369476318359375,0.009458211250603199,0.5832602977752686,0.5822061896324158,0.00785776972770691,0.6248767375946045,0.5335991382598877,0.004423876293003559,0.6651768088340759,0.524681568145752,-0.0018567360239103436,0.5376604795455933,0.46409153938293457,-0.012405812740325928,0.5297976136207581,0.3582030236721039,-0.009666576981544495,0.5191552639007568,0.29846739768981934,-0.007973802275955677,0.5116405487060547,0.25348958373069763,-0.00794331543147564,0.49359285831451416,0.44429388642311096,-0.013266528956592083,0.4837132692337036,0.4493037164211273,0.0007642274140380323,0.48471394181251526,0.4875009059906006,0.014018788002431393,0.4894353449344635,0.5161783695220947,0.0186478104442358,0.45020002126693726,0.4586482644081116,-0.011108395643532276,0.4483175575733185,0.4742002785205841,0.0016534834867343307,0.4507858455181122,0.505210280418396,0.009590673260390759,0.4544200003147125,0.5320679545402527,0.009919852018356323,0.4101576507091522,0.4750030040740967,-0.007705083582550287,0.41118043661117554,0.4874211251735687,0.007747578900307417,0.41794171929359436,0.517075777053833,0.019209910184144974,0.42374736070632935,0.5422942638397217,0.025377390906214714
0.5684344172477722,0.6700959801673889,-6.344781411371514e-08,0.6184598803520203,0.64060378074646,0.004152174573391676,0.6531646251678467,0.5874372720718384,0.0006756185903213918,0.6824759244918823,0.5451099872589111,-0.005693881306797266,0.7152715921401978,0.5374908447265625,-0.014549811370670795,0.6071414947509766,0.4816652536392212,-0.005311234854161739,0.5921337604522705,0.40098801255226135,-0.00682648504152894,0.579561173915863,0.3485132157802582,-0.009046445600688457,0.5721867680549622,0.3101936876773834,-0.012339158914983273,0.5770403742790222,0.47428393363952637,-0.009125679731369019,0.5459569692611694,0.48323431611061096,-0.007890308275818825,0.5456979870796204,0.5157256722450256,-0.00379299302585423,0.5573568940162659,0.53519606590271,-0.002518695080652833,0.5451213717460632,0.49126899242401123,-0.011402239091694355,0.5205396413803101,0.502594530582428,-0.01008643675595522,0.5195695757865906,0.5304007530212402,-0.00495397113263607,0.5301334857940674,0.5486222505569458,-0.0032358067110180855,0.5137155055999756,0.5106446146965027,-0.013643762096762657,0.49486973881721497,0.5141255259513855,-0.010568520054221153,0.49281731247901917,0.5363333225250244,-0.004046118352562189,0.49863794445991516,0.5536779761314392,0.0010299640707671642
0.6500706076622009,0.6742955446243286,-2.5031471295733354e-07,0.6093394160270691,0.6429187059402466,-0.009377402253448963,0.5829442739486694,0.5937290191650391,-0.019682105630636215,0.5681920051574707,0.5599883198738098,-0.03394375741481781,0.5551760792732239,0.5324373841285706,-0.047720905393362045,0.6081607341766357,0.4803312122821808,-0.00996774435043335,0.5963219404220581,0.3971219062805176,-0.036051008850336075,0.5904476046562195,0.3444918096065521,-0.05147368460893631,0.5894721150398254,0.29599252343177795,-0.06202215328812599,0.6386200189590454,0.4760538339614868,-0.01904177851974964,0.5882167220115662,0.47265297174453735,-0.05495118722319603,0.5862070918083191,0.538405179977417,-0.058977577835321426,0.6030288338661194,0.5608775615692139,-0.054025229066610336,0.6667256355285645,0.48570165038108826,-0.03134476765990257,0.6164251565933228,0.4956892430782318,-0.062124114483594894,0.613978922367096,0.5534937977790833,-0.04799111932516098,0.6285046935081482,0.5668162703514099,-0.0312319528311491,0.6939827799797058,0.5061332583427429,-0.045949529856443405,0.6525293588638306,0.5045974850654602,-0.06131422892212868,0.6411250233650208,0.5454227328300476,-0.048669978976249695,0.6477618217468262,0.5600722432136536,-0.03468076139688492
0.6789026856422424,0.6692960858345032,-1.315578828098296e-07,0.6230146288871765,0.6477560997009277,-0.02238742634654045,0.56693035364151,0.5932152271270752,-0.03506790101528168,0.5197421312332153,0.5602481961250305,-0.048401836305856705,0.4826245903968811,0.552238404750824,-0.061824649572372437,0.6020766496658325,0.4771592915058136,-0.020002324134111404,0.5968541502952576,0.3877429664134979,-0.04704999178647995,0.596672773361206,0.3323652744293213,-0.06304221600294113,0.596630871295929,0.2830955386161804,-0.07360271364450455,0.6431149244308472,0.477207750082016,-0.02214532345533371,0.6474014520645142,0.44302305579185486,-0.06531243771314621,0.648266613483429,0.5239671468734741,-0.07190302759408951,0.6450084447860718,0.5589337348937988,-0.06580084562301636,0.6836681365966797,0.4874449670314789,-0.027952613309025764,0.6890704035758972,0.4602333605289459,-0.0734352320432663,0.6823884844779968,0.5351080894470215,-0.06510729342699051,0.6737898588180542,0.5605393648147583,-0.04723503068089485,0.7207947373390198,0.5033458471298218,-0.03464619442820549,0.7285619378089905,0.4669744074344635,-0.06099376082420349,0.7169601917266846,0.5207862854003906,-0.04986751079559326,0.7056313157081604,0.5447991490364075,-0.0349370576441288
0.6644267439842224,0.673660933971405,-7.254510592247243e-08,0.6058849096298218,0.6600357294082642,-0.0339546799659729,0.5421863198280334,0.6075462698936462,-0.0547359474003315,0.48786067962646484,0.5720929503440857,-0.07505740970373154,0.4430265426635742,0.5583981275558472,-0.09476062655448914,0.5756982564926147,0.47828546166419983,-0.030567724257707596,0.5687002539634705,0.38421130180358887,-0.060531776398420334,0.5687650442123413,0.32874107360839844,-0.0784970372915268,0.568566083908081,0.2785938084125519,-0.09134270250797272,0.6181148886680603,0.4766061305999756,-0.030554234981536865,0.6365111470222473,0.4406898021697998,-0.08163261413574219,0.6411582827568054,0.524046778678894,-0.09340254217386246,0.630303680896759,0.5591391324996948,-0.09012958407402039,0.6596671938896179,0.48359906673431396,-0.03475091606378555,0.67698734998703,0.4568828046321869,-0.08517133444547653,0.6742300987243652,0.5346148610115051,-0.07784409075975418,0.6578484773635864,0.5630080699920654,-0.06034163385629654,0.6967319846153259,0.4983251690864563,-0.04116896167397499,0.71378493309021,0.46357595920562744,-0.07251066714525223,0.7069476246833801,0.5190536379814148,-0.06345920264720917,0.6902244687080383,0.5454885363578796,-0.04900886490941048
0.6521672606468201,0.6870946288108826,-2.877258964417706e-08,0.5951387286186218,0.6768642067909241,-0.03969457745552063,0.5308066606521606,0.6294031143188477,-0.06634660810232162,0.47328194975852966,0.5979582071304321,-0.09221117198467255,0.423107773065567,0.5932290554046631,-0.11740703880786896,0.5590875148773193,0.49243906140327454,-0.04124760627746582,0.5485916137695312,0.3920280635356903,-0.07429773360490799,0.5467243790626526,0.3304022252559662,-0.0931016355752945,0.5449649691581726,0.2757399082183838,-0.10634074360132217,0.6000732183456421,0.4866342544555664,-0.03986668959259987,0.623789370059967,0.45748740434646606,-0.0949486568570137,0.6323662996292114,0.5424792766571045,-0.10615206509828568,0.6221688389778137,0.577630877494812,-0.10181239992380142,0.6415917277336121,0.4900332987308502,-0.043032579123973846,0.6630328297615051,0.47144249081611633,-0.09717313945293427,0.6631284952163696,0.5483494400978088,-0.0898820012807846,0.6463088989257812,0.5753450393676758,-0.07183624058961868,0.680782675743103,0.5009166598320007,-0.048920050263404846,0.6998864412307739,0.4705377519130707,-0.08261636644601822,0.6945868730545044,0.5259665846824646,-0.0742044448852539,0.6769332885742188,0.5518602132797241,-0.05985712260007858
0.6388742327690125,0.6791409254074097,3.1494671759446646e-08,0.5817625522613525,0.6715657711029053,-0.047461073845624924,0.5134627819061279,0.6280561089515686,-0.07759445905685425,0.450505793094635,0.6040303707122803,-0.10587285459041595,0.39700746536254883,0.6035106778144836,-0.13314253091812134,0.5358706116676331,0.4812796115875244,-0.047759510576725006,0.518619954586029,0.37761664390563965,-0.08326259255409241,0.511918306350708,0.3115749955177307,-0.10311506688594818,0.5069243907928467,0.25356096029281616,-0.116839200258255,0.5780996680259705,0.47419169545173645,-0.04381415620446205,0.6010212302207947,0.44018417596817017,-0.10212831199169159,0.6144096255302429,0.5285212397575378,-0.11298254877328873,0.607377290725708,0.566609799861908,-0.10742378234863281,0.6216075420379639,0.47787609696388245,-0.045432984828948975,0.6416471600532532,0.4515345096588135,-0.10470210015773773,0.6451008319854736,0.5331612825393677,-0.09753087908029556,0.6298273801803589,0.5637556314468384,-0.0780499055981636,0.6625287532806396,0.4886840879917145,-0.05023879185318947,0.6807693839073181,0.4488988518714905,-0.08828137814998627,0.6776857376098633,0.5069746375083923,-0.08050838857889175,0.6612294912338257,0.5376217365264893,-0.0657147541642189
0.6265484690666199,0.6608791351318359,-1.003562921653156e-08,0.5650450587272644,0.6539616584777832,-0.050924431532621384,0.4900036156177521,0.6081749200820923,-0.08365420997142792,0.4216083586215973,0.5776712894439697,-0.11419181525707245,0.3624076843261719,0.5709534883499146,-0.14345717430114746,0.5126193761825562,0.4451815187931061,-0.052066244184970856,0.4962993562221527,0.33452463150024414,-0.09101935476064682,0.49052679538726807,0.2637367248535156,-0.11220724135637283,0.4865342974662781,0.20147734880447388,-0.12636859714984894,0.5582873821258545,0.43515288829803467,-0.04706358164548874,0.5868383049964905,0.4048554301261902,-0.1086219772696495,0.6009481549263,0.5018036365509033,-0.1179908812046051,0.5917600989341736,0.5397704839706421,-0.11068069189786911,0.6051654815673828,0.43667036294937134,-0.0481337234377861,0.6313621401786804,0.4160534739494324,-0.11137436330318451,0.6345969438552856,0.506350040435791,-0.10200326889753342,0.616544246673584,0.5373317003250122,-0.08032574504613876,0.648938775062561,0.4455983638763428,-0.05263429880142212,0.6720082759857178,0.4131182134151459,-0.0932750254869461,0.6678594350814819,0.4809272587299347,-0.0842326283454895,0.6487169861793518,0.5125126242637634,-0.06785459071397781
0.6077602505683899,0.6527048349380493,-3.8930295431782724e-08,0.5447818040847778,0.6427059173583984,-0.04918208345770836,0.4684985876083374,0.5942318439483643,-0.08068381249904633,0.39830321073532104,0.5633646249771118,-0.11028550565242767,0.3400649130344391,0.5593733787536621,-0.13904894888401031,0.4961647391319275,0.4316653609275818,-0.05351823940873146,0.47981807589530945,0.3163417875766754,-0.09166701138019562,0.4749264419078827,0.24391429126262665,-0.11379476636648178,0.47089654207229614,0.17957475781440735,-0.1294647455215454,0.5427476763725281,0.41630294919013977,-0.049110058695077896,0.5745764374732971,0.389305055141449,-0.11207138746976852,0.5861047506332397,0.48369354009628296,-0.1247330904006958,0.5763061046600342,0.5305081009864807,-0.12032707780599594,0.5899333953857422,0.4161761999130249,-0.050064049661159515,0.6179925203323364,0.4007202684879303,-0.11220808327198029,0.6181700229644775,0.4886334240436554,-0.10542638599872589,0.6005628705024719,0.5269626379013062,-0.08614678680896759,0.6338970065116882,0.42539066076278687,-0.05443432927131653,0.658297061920166,0.39657652378082275,-0.09422094374895096,0.6509627103805542,0.46266576647758484,-0.08728998899459839,0.6298158764839172,0.49854692816734314,-0.07292440533638
0.5542589426040649,0.6481684446334839,-8.201745060887333e-08,0.4936547875404358,0.6381652355194092,-0.03926105797290802,0.42159566283226013,0.5913232564926147,-0.06452029943466187,0.35802263021469116,0.5625559091567993,-0.08920437097549438,0.30630064010620117,0.5575787425041199,-0.11325399577617645,0.44971656799316406,0.4504640996456146,-0.0425264798104763,0.43324223160743713,0.3443361222743988,-0.07690981030464172,0.4280707836151123,0.2799909710884094,-0.09682094305753708,0.42385292053222656,0.22120490670204163,-0.11100951582193375,0.4933519959449768,0.4398682117462158,-0.04153014346957207,0.5119662880897522,0.40565916895866394,-0.09907504171133041,0.5240739583969116,0.49174270033836365,-0.11116466671228409,0.5183237195014954,0.5334056615829468,-0.1073383241891861,0.5372080206871033,0.4415390193462372,-0.04511642083525658,0.5541306734085083,0.42017772793769836,-0.1011119931936264,0.5563328266143799,0.49952927231788635,-0.09456916898488998,0.542582631111145,0.532739520072937,-0.07662804424762726,0.5781556367874146,0.451992928981781,-0.0513899065554142,0.594095766544342,0.4140765964984894,-0.08635395765304565,0.5876132249832153,0.4704245328903198,-0.07884066551923752,0.5696978569030762,0.5034158229827881,-0.06510668992996216
0.540336012840271,0.6139064431190491,-9.668094946846395e-08,0.4849742352962494,0.5959958434104919,-0.027944665402173996,0.4256429374217987,0.5433152914047241,-0.045865483582019806,0.37364470958709717,0.5121311545372009,-0.06404735893011093,0.33093318343162537,0.501099169254303,-0.08222781121730804,0.46179959177970886,0.4260122776031494,-0.029812276363372803,0.4558725953102112,0.33671918511390686,-0.05912725254893303,0.4548215866088867,0.2825140953063965,-0.07702997326850891,0.45453712344169617,0.23311012983322144,-0.0898372009396553,0.5027055740356445,0.42553389072418213,-0.031716834753751755,0.5143745541572571,0.3942328691482544,-0.07957591861486435,0.517929196357727,0.47065722942352295,-0.08920019865036011,0.5128490328788757,0.5049068927764893,-0.0857030525803566,0.5427935719490051,0.43527501821517944,-0.037258584052324295,0.5533929467201233,0.41235247254371643,-0.08316433429718018,0.5492879152297974,0.4830668270587921,-0.07446522265672684,0.5379124879837036,0.510381817817688,-0.05752890929579735,0.5783869028091431,0.4530948996543884,-0.04480738565325737,0.5909392833709717,0.4198015034198761,-0.07219497114419937,0.5815355181694031,0.46985843777656555,-0.0624590627849102,0.5680989623069763,0.49397948384284973,-0.048801206052303314
0.5500853657722473,0.5701719522476196,-1.1272793187799834e-07,0.5015814900398254,0.556670069694519,-0.024837136268615723,0.44852811098098755,0.5152736902236938,-0.040308400988578796,0.4033851623535156,0.4903919994831085,-0.05598890781402588,0.3666812777519226,0.48163557052612305,-0.07150782644748688,0.477629691362381,0.4120118319988251,-0.024739844724535942,0.4708116948604584,0.3344447612762451,-0.04788457974791527,0.46991172432899475,0.2887156903743744,-0.06110409274697304,0.46879005432128906,0.24636642634868622,-0.07073517888784409,0.5127734541893005,0.40944772958755493,-0.025959204882383347,0.5260087251663208,0.38380634784698486,-0.06532478332519531,0.5297166109085083,0.44827625155448914,-0.07333595305681229,0.5228278040885925,0.4755416512489319,-0.07069037854671478,0.5471314787864685,0.41574475169181824,-0.03021359071135521,0.5593093037605286,0.39854300022125244,-0.07028401643037796,0.556789219379425,0.4597072899341583,-0.06414644420146942,0.5447213649749756,0.48160073161125183,-0.05060010030865669,0.5777583122253418,0.42879346013069153,-0.03593135252594948,0.5907337069511414,0.40164715051651,-0.05988435074687004,0.5843919515609741,0.44659480452537537,-0.051629528403282166,0.5712222456932068,0.46905848383903503,-0.0400848463177681
0.5567139387130737,0.5693941712379456,-7.373905930307956e-08,0.5102578401565552,0.5559784173965454,-0.023953763768076897,0.4594913721084595,0.5144324898719788,-0.03955256938934326,0.41623133420944214,0.4879097640514374,-0.05542789399623871,0.3805515766143799,0.477565199136734,-0.0713110864162445,0.48959311842918396,0.41698405146598816,-0.023988937959074974,0.4842795133590698,0.3409650921821594,-0.047802094370126724,0.4842245280742645,0.2961766719818115,-0.062404561787843704,0.48432350158691406,0.25520655512809753,-0.0730653628706932,0.523904025554657,0.41607192158699036,-0.025996429845690727,0.5354954600334167,0.3874633014202118,-0.06676363199949265,0.5405734181404114,0.45005711913108826,-0.07645657658576965,0.5353232622146606,0.4803641140460968,-0.07462448626756668,0.5573137402534485,0.4240243434906006,-0.031010709702968597,0.5690058469772339,0.40164220333099365,-0.07111494988203049,0.5680958032608032,0.45895257592201233,-0.06568092107772827,0.5569573044776917,0.4831027388572693,-0.05245450511574745,0.5871825814247131,0.4385010898113251,-0.03749307617545128,0.6003396511077881,0.4065609574317932,-0.062418486922979355,0.594642162322998,0.4473661482334137,-0.05540907010436058,0.5815555453300476,0.4699077606201172,-0.044536177068948746
0.5710669159889221,0.595414936542511,-3.097455447687025e-08,0.5168277025222778,0.5770725011825562,-0.03042258322238922,0.45918530225753784,0.5275219082832336,-0.04989859461784363,0.4085761606693268,0.49582093954086304,-0.069082111120224,0.36685240268707275,0.4814136028289795,-0.08797430247068405,0.49394333362579346,0.4121326208114624,-0.02967292070388794,0.48896342515945435,0.32498884201049805,-0.05834261327981949,0.4890701174736023,0.2717891335487366,-0.07613381743431091,0.49027320742607117,0.2239352911710739,-0.08875685930252075,0.5332548022270203,0.410683810710907,-0.030121905729174614,0.5484443306922913,0.37648406624794006,-0.07842601090669632,0.5532068610191345,0.4510045051574707,-0.08930239826440811,0.5482705235481262,0.487626850605011,-0.08618106693029404,0.5716974139213562,0.42021501064300537,-0.03432394936680794,0.5868178606033325,0.39450958371162415,-0.08029186725616455,0.5835047364234924,0.46278178691864014,-0.07295592129230499,0.5716638565063477,0.49235522747039795,-0.056551266461610794,0.6055966019630432,0.43816637992858887,-0.04063015803694725,0.6213966608047485,0.4044170677661896,-0.06838060170412064,0.6127446889877319,0.4519997537136078,-0.059932127594947815,0.5987569093704224,0.4766571521759033,-0.046883318573236465
0.5882627964019775,0.6740230321884155,-1.1071803385220846e-07,0.5176733732223511,0.6535484790802002,-0.03307769447565079,0.44680818915367126,0.5911630392074585,-0.05482935160398483,0.38607949018478394,0.547624945640564,-0.07705967128276825,0.3379346430301666,0.5221031904220581,-0.09916341304779053,0.4955587387084961,0.4486841857433319,-0.03171590715646744,0.48915764689445496,0.3390909731388092,-0.06685097515583038,0.4876011610031128,0.2746236324310303,-0.08963986486196518,0.48730596899986267,0.2149905562400818,-0.10575243830680847,0.5442296266555786,0.4478659927845001,-0.034512389451265335,0.5557255744934082,0.40357285737991333,-0.09277524054050446,0.5599750280380249,0.4972222149372101,-0.10630727559328079,0.5560716390609741,0.5461139678955078,-0.10242798924446106,0.5923641324043274,0.4609900712966919,-0.041677381843328476,0.6046713590621948,0.4236767292022705,-0.0969177782535553,0.6010375022888184,0.5088772773742676,-0.08660256117582321,0.5899345874786377,0.5460895895957947,-0.06543484330177307,0.6357619762420654,0.4849892258644104,-0.05110015347599983,0.6500014066696167,0.434948205947876,-0.08419161289930344,0.6388276815414429,0.4949764907360077,-0.07147938013076782,0.6240248084068298,0.5263620615005493,-0.05356966704130173
0.6247752904891968,0.8347749710083008,-1.1697067492377755e-07,0.5367686748504639,0.8047121167182922,-0.04578397423028946,0.44575825333595276,0.7331042289733887,-0.07794413715600967,0.35780584812164307,0.6829759478569031,-0.11060956865549088,0.28980785608291626,0.6546788811683655,-0.14232651889324188,0.49723342061042786,0.542434811592102,-0.04460322856903076,0.479729026556015,0.3989683985710144,-0.09509871900081635,0.473126620054245,0.3108707070350647,-0.12669649720191956,0.4695720076560974,0.2320643961429596,-0.14738166332244873,0.5589695572853088,0.5398312211036682,-0.04458170011639595,0.5708726644515991,0.4896512031555176,-0.12029078602790833,0.5798330307006836,0.6142507195472717,-0.13442599773406982,0.5729365348815918,0.6689957976341248,-0.1264193058013916,0.6233906745910645,0.5544723868370056,-0.05079897865653038,0.6381876468658447,0.5136585235595703,-0.12403300404548645,0.63624507188797,0.6235694289207458,-0.11000578850507736,0.6194138526916504,0.6621478796005249,-0.0810646340250969,0.6794493794441223,0.5816628336906433,-0.05988559126853943,0.6995316743850708,0.5209459066390991,-0.1027931272983551,0.6863370537757874,0.5984846353530884,-0.08563269674777985,0.6661264300346375,0.6341491937637329,-0.06113574281334877
0.680015504360199,0.9999350309371948,-6.870774882372643e-08,0.5719830989837646,0.9648610353469849,-0.07583335787057877,0.45814749598503113,0.8966217637062073,-0.13055483996868134,0.3422120213508606,0.8478003144264221,-0.18289752304553986,0.2472837269306183,0.8124638795852661,-0.23175892233848572,0.5158244371414185,0.6341449022293091,-0.07667288184165955,0.47648096084594727,0.45505958795547485,-0.1471785306930542,0.4612954258918762,0.33271366357803345,-0.18287743628025055,0.45089781284332275,0.23223254084587097,-0.20162849128246307,0.5961360335350037,0.625474750995636,-0.06897931545972824,0.6105490922927856,0.5749562382698059,-0.16343241930007935,0.627429187297821,0.7429788708686829,-0.1652839183807373,0.6217710375785828,0.8044466972351074,-0.1417304426431656,0.6787113547325134,0.6386643648147583,-0.07202871888875961,0.6954355239868164,0.6032162308692932,-0.16969414055347443,0.6945779323577881,0.7531723976135254,-0.14130593836307526,0.6730111837387085,0.7958491444587708,-0.0950687900185585,0.7494450807571411,0.6654191613197327,-0.07989902794361115,0.7728058099746704,0.6075422763824463,-0.13493472337722778,0.759037971496582,0.7186906933784485,-0.10515174269676208,0.7330759763717651,0.7657395601272583,-0.0669478178024292
0.6799190044403076,1.1633573770523071,-3.0442544129982707e-07,0.5896866917610168,1.1856472492218018,-0.09064938127994537,0.4806180000305176,1.1425528526306152,-0.15749645233154297,0.4279170632362366,1.11551833152771,-0.22087997198104858,0.4316677749156952,1.067495584487915,-0.2861519157886505,0.4803050458431244,0.8327470421791077,-0.15890927612781525,0.40739643573760986,0.5839102268218994,-0.25304827094078064,0.3840104639530182,0.4246079921722412,-0.3102261424064636,0.3594032824039459,0.2842182517051697,-0.34765633940696716,0.5883951187133789,0.7764570116996765,-0.15921176970005035,0.6193075180053711,0.7933837175369263,-0.2954333424568176,0.6457132697105408,1.0081119537353516,-0.3213292062282562,0.6370381116867065,1.1281009912490845,-0.3121558427810669,0.6997092366218567,0.7758067846298218,-0.16506516933441162,0.7464285492897034,0.8031110763549805,-0.2956382930278778,0.750529944896698,1.0096793174743652,-0.26686760783195496,0.7264774441719055,1.1298773288726807,-0.21656766533851624,0.7991242408752441,0.8051766157150269,-0.1774054616689682,0.8526893854141235,0.8216137290000916,-0.27149033546447754,0.8388169407844543,0.9779247641563416,-0.24570074677467346,0.8063620328903198,1.076277256011963,-0.20215311646461487
0.6856675148010254,1.1297022104263306,7.86930272056452e-08,0.60441654920578,1.1506104469299316,-0.09676837176084518,0.4917301833629608,1.1144673824310303,-0.1661294847726822,0.4406247138977051,1.0985140800476074,-0.2320188730955124,0.4231530427932739,1.085387945175171,-0.2985285520553589,0.46500158309936523,0.8040050268173218,-0.169212207198143,0.37933409214019775,0.5387951135635376,-0.2915768325328827,0.3494715392589569,0.3681901693344116,-0.36364683508872986,0.319137305021286,0.20429754257202148,-0.40707623958587646,0.5812015533447266,0.7421741485595703,-0.16656486690044403,0.5962432026863098,0.7419967651367188,-0.3148763179779053,0.6327304244041443,0.9839504957199097,-0.33077046275138855,0.627532958984375,1.0643742084503174,-0.31315121054649353,0.7013389468193054,0.7320632934570312,-0.1730508953332901,0.7364867329597473,0.7455160617828369,-0.32465827465057373,0.7487633228302002,0.9877725839614868,-0.28154295682907104,0.7330186367034912,1.082283616065979,-0.2160424292087555,0.8079801797866821,0.7476717233657837,-0.18568870425224304,0.8554967641830444,0.7477039098739624,-0.29215601086616516,0.8485333919525146,0.9207900762557983,-0.2550344467163086,0.8243857622146606,1.0032658576965332,-0.19923809170722961
0.7818041443824768,0.7810134887695312,-4.944313900523412e-07,0.6241590976715088,0.7665135860443115,-0.07648589462041855,0.4526861310005188,0.7083213329315186,-0.13859781622886658,0.28594982624053955,0.675947904586792,-0.2021678239107132,0.15529298782348633,0.6825808882713318,-0.2643309533596039,0.5063139796257019,0.3539610505104065,-0.09093136340379715,0.43855613470077515,0.12793803215026855,-0.1721247285604477,0.41061773896217346,-0.01122504472732544,-0.21860335767269135,0.3934023380279541,-0.1330776810646057,-0.247114896774292,0.6177500486373901,0.3140956461429596,-0.08817334473133087,0.6347595453262329,0.27567940950393677,-0.18945977091789246,0.6461469531059265,0.46249496936798096,-0.19442985951900482,0.6352609992027283,0.523760974407196,-0.17895591259002686,0.7356813549995422,0.30816131830215454,-0.09667634218931198,0.7441951036453247,0.28324782848358154,-0.20402899384498596,0.7326133847236633,0.4646380841732025,-0.17975687980651855,0.7083188891410828,0.5179359316825867,-0.14014986157417297,0.8464117646217346,0.3165646195411682,-0.10951314866542816,0.8513408899307251,0.27772238850593567,-0.1662372499704361,0.8202897906303406,0.4248638153076172,-0.13530699908733368,0.7875713109970093,0.4939822554588318,-0.10033127665519714
0.7475942373275757,0.7356443405151367,-2.786453308090131e-07,0.6141393780708313,0.6980305910110474,-0.08214520663022995,0.47052642703056335,0.6266214847564697,-0.14465059340000153,0.31325772404670715,0.5895093679428101,-0.20655407011508942,0.19508576393127441,0.5828357338905334,-0.2664487361907959,0.5115963816642761,0.301559716463089,-0.08981078863143921,0.45230424404144287,0.0926186740398407,-0.17546218633651733,0.4256039559841156,-0.03421327471733093,-0.22726501524448395,0.40268054604530334,-0.14167124032974243,-0.2590239644050598,0.6156230568885803,0.2640306353569031,-0.08353550732135773,0.6412861943244934,0.20879991352558136,-0.1988755166530609,0.6610850095748901,0.39673280715942383,-0.2121025174856186,0.647770345211029,0.47781074047088623,-0.1969071626663208,0.726819634437561,0.2669188380241394,-0.08835531026124954,0.7515108585357666,0.22390393912792206,-0.20153610408306122,0.7442463636398315,0.4044484794139862,-0.17672421038150787,0.7137668132781982,0.47252359986305237,-0.13268901407718658,0.8211342096328735,0.29572343826293945,-0.09838204830884933,0.8525065779685974,0.24060463905334473,-0.16039066016674042,0.8245066404342651,0.3745090365409851,-0.13092532753944397,0.7895973920822144,0.4408278167247772,-0.09382519125938416
0.7224152684211731,0.7009923458099365,-2.595026273866097e-07,0.5954785943031311,0.6821756362915039,-0.07605908066034317,0.4465678334236145,0.6115436553955078,-0.13254158198833466,0.30297258496284485,0.5765693187713623,-0.18901965022087097,0.18933427333831787,0.5828823447227478,-0.24625007808208466,0.4953291416168213,0.3026331067085266,-0.08198842406272888,0.4430987536907196,0.10486416518688202,-0.1482347846031189,0.42288005352020264,-0.015775173902511597,-0.18763715028762817,0.4049425423145294,-0.11902192234992981,-0.21564823389053345,0.5986083745956421,0.2652207016944885,-0.08223570138216019,0.6213209629058838,0.20386917889118195,-0.19113625586032867,0.6441354751586914,0.3812093734741211,-0.21063989400863647,0.6346865296363831,0.46815162897109985,-0.20169779658317566,0.7027773857116699,0.26554906368255615,-0.09111321717500687,0.724533200263977,0.22351369261741638,-0.19712790846824646,0.7238214015960693,0.3954465389251709,-0.17908695340156555,0.6969525814056396,0.4701501131057739,-0.1426774114370346,0.7962673306465149,0.2881186604499817,-0.10483069717884064,0.8178065419197083,0.2348300814628601,-0.16748419404029846,0.7980283498764038,0.3639932870864868,-0.1452246457338333,0.7629169225692749,0.4334767460823059,-0.11507107317447662
0.7043539881706238,0.7904403209686279,-3.5088655181425565e-07,0.5831114649772644,0.7707605957984924,-0.06874024868011475,0.4699152112007141,0.7275782823562622,-0.12092224508523941,0.3307321071624756,0.7182999849319458,-0.1728556752204895,0.23762845993041992,0.7293738126754761,-0.22360478341579437,0.49052518606185913,0.45549777150154114,-0.08044187724590302,0.42561525106430054,0.26733794808387756,-0.1528136134147644,0.39706963300704956,0.15587100386619568,-0.19775603711605072,0.3735467791557312,0.048386335372924805,-0.22649063169956207,0.5642726421356201,0.42298516631126404,-0.07241015136241913,0.5746783018112183,0.36958974599838257,-0.16216914355754852,0.603125810623169,0.5201122760772705,-0.17153503000736237,0.6024060845375061,0.5951889157295227,-0.1604539453983307,0.6485832929611206,0.4193887710571289,-0.07342471927404404,0.6608889698982239,0.37805289030075073,-0.15712079405784607,0.6648479700088501,0.5251145958900452,-0.13649582862854004,0.6460180282592773,0.585091233253479,-0.10199059545993805,0.7231824994087219,0.4361570179462433,-0.07978249341249466,0.7389371395111084,0.3743288218975067,-0.12019205838441849,0.7194976210594177,0.47956275939941406,-0.09540805220603943,0.6974471211433411,0.5389624834060669,-0.06671212613582611
0.6754814982414246,0.7513650059700012,-5.43460387802952e-08,0.5783257484436035,0.7365594506263733,-0.062446478754282,0.4790554940700531,0.7057941555976868,-0.11302467435598373,0.3687525987625122,0.6963655352592468,-0.16323529183864594,0.2844507098197937,0.700535774230957,-0.21289098262786865,0.4955631494522095,0.4738227128982544,-0.07565488666296005,0.44191718101501465,0.32025283575057983,-0.14041297137737274,0.4155186712741852,0.21932771801948547,-0.1788121610879898,0.3947871923446655,0.1288110315799713,-0.20234042406082153,0.5630360245704651,0.44118785858154297,-0.06878536194562912,0.569643497467041,0.39581674337387085,-0.15193118155002594,0.5975075364112854,0.527130663394928,-0.15814131498336792,0.6002507209777832,0.58228600025177,-0.14530232548713684,0.6371649503707886,0.43664246797561646,-0.06972727924585342,0.6471425890922546,0.3967142403125763,-0.15085233747959137,0.6548940539360046,0.5200186967849731,-0.12940746545791626,0.6421338319778442,0.5680391788482666,-0.0952012687921524,0.7016308903694153,0.448864221572876,-0.07492847740650177,0.7181161642074585,0.3913603127002716,-0.11881451308727264,0.70920729637146,0.4842893183231354,-0.09600002318620682,0.693109929561615,0.5329824090003967,-0.06849776953458786
0.6466904878616333,0.7512350678443909,-2.3476935950839106e-07,0.5696043372154236,0.728457510471344,-0.04519915580749512,0.48557165265083313,0.6735186576843262,-0.0770987868309021,0.40303662419319153,0.6299435496330261,-0.10955546051263809,0.3375331461429596,0.6114287376403809,-0.14133529365062714,0.5227153897285461,0.48880818486213684,-0.04604926332831383,0.5104663968086243,0.3620419502258301,-0.09182920306921005,0.5081854462623596,0.28594815731048584,-0.1190880611538887,0.5078076124191284,0.21263772249221802,-0.13721515238285065,0.5812667012214661,0.48027658462524414,-0.045869965106248856,0.5959625244140625,0.44285374879837036,-0.11289386451244354,0.6008437871932983,0.5565341711044312,-0.12214558571577072,0.5923517346382141,0.6029588580131531,-0.11476776748895645,0.6409134864807129,0.49103111028671265,-0.05211296305060387,0.6564101576805115,0.4604136645793915,-0.12169834971427917,0.6498250365257263,0.5655933022499084,-0.10828977823257446,0.6336621642112732,0.6011674404144287,-0.0825054720044136,0.6939734220504761,0.5114699006080627,-0.06115778535604477,0.7103403806686401,0.46606484055519104,-0.10181478410959244,0.6951137781143188,0.5409811735153198,-0.08682458102703094,0.6773013472557068,0.5759166479110718,-0.06626538187265396
0.6292093396186829,0.8068748712539673,-1.54730301460404e-07,0.5493882894515991,0.7622448205947876,-0.03575904294848442,0.4717691242694855,0.6929161548614502,-0.05970941483974457,0.3994766175746918,0.6367856860160828,-0.08537044376134872,0.34136056900024414,0.6109294295310974,-0.11031988263130188,0.5326371192932129,0.5265917181968689,-0.02519681304693222,0.5380061864852905,0.40576350688934326,-0.06512510776519775,0.5472460389137268,0.3370975852012634,-0.09081108868122101,0.5577340126037598,0.2732020914554596,-0.10792651772499084,0.5884201526641846,0.5301693081855774,-0.026665640994906425,0.6034977436065674,0.49005308747291565,-0.09006163477897644,0.5966132283210754,0.5979636311531067,-0.10242098569869995,0.5865352153778076,0.6428031921386719,-0.09673696011304855,0.6438271999359131,0.5523273944854736,-0.03402755782008171,0.6600945591926575,0.5220885276794434,-0.09819100052118301,0.6437864899635315,0.6197469234466553,-0.08795405924320221,0.6260731220245361,0.6495513319969177,-0.06440778076648712,0.6910611987113953,0.5834044814109802,-0.04338456690311432,0.7111656665802002,0.5415939688682556,-0.0794188529253006,0.689436137676239,0.6087822318077087,-0.06498228758573532,0.6693220138549805,0.6342650055885315,-0.045006267726421356
0.6155268549919128,0.843564510345459,-9.868705319604487e-08,0.5367910265922546,0.8029401898384094,-0.04282459244132042,0.45701509714126587,0.7165451049804688,-0.06887823343276978,0.3839583396911621,0.6558375358581543,-0.09509682655334473,0.3257703185081482,0.6242564916610718,-0.12055979669094086,0.5244882106781006,0.5513943433761597,-0.033689096570014954,0.5357521772384644,0.42746734619140625,-0.07285798341035843,0.5465388894081116,0.35631465911865234,-0.09589505195617676,0.5580591559410095,0.29001787304878235,-0.11216471344232559,0.5814094543457031,0.562987744808197,-0.0343293622136116,0.5979323983192444,0.5147386789321899,-0.10002396255731583,0.588962733745575,0.6299852132797241,-0.11208643019199371,0.5782395601272583,0.672593355178833,-0.10518305748701096,0.636016845703125,0.5870128870010376,-0.04136113449931145,0.6529226303100586,0.55511075258255,-0.10713855922222137,0.6331735849380493,0.658266544342041,-0.09554938971996307,0.6127240061759949,0.6860079765319824,-0.07107951492071152,0.6847519874572754,0.616775393486023,-0.051308825612068176,0.7036623954772949,0.5716112852096558,-0.0900266095995903,0.6807010173797607,0.6433520913124084,-0.0762588381767273,0.6596568822860718,0.670407772064209,-0.05659141764044762
0.6288996934890747,0.8000791072845459,8.804958540054031e-09,0.5530918836593628,0.7559612989425659,-0.04360375553369522,0.47722846269607544,0.7022269368171692,-0.07706610858440399,0.3893866539001465,0.6803151369094849,-0.1106090247631073,0.32685381174087524,0.6807869672775269,-0.14303363859653473,0.5177469253540039,0.5360719561576843,-0.04132739454507828,0.5115668773651123,0.41576510667800903,-0.08376966416835785,0.5109686255455017,0.3409995138645172,-0.10872123390436172,0.5112622976303101,0.27654993534088135,-0.1248646080493927,0.5722231268882751,0.5376080274581909,-0.038849424570798874,0.5767875909805298,0.5021432638168335,-0.09603861719369888,0.5774070620536804,0.6080474257469177,-0.1007389947772026,0.5714563727378845,0.6411623954772949,-0.09130917489528656,0.6295027732849121,0.5527645349502563,-0.04308981075882912,0.636152982711792,0.5269814133644104,-0.10019557178020477,0.6246868371963501,0.6212397813796997,-0.08541950583457947,0.6077932119369507,0.6439040899276733,-0.06130601465702057,0.6781405210494995,0.5755094289779663,-0.05073237419128418,0.691811203956604,0.537284791469574,-0.08158409595489502,0.6717873811721802,0.6056258678436279,-0.06503628939390182,0.6520859599113464,0.6345396041870117,-0.04532181844115257
0.6492596864700317,0.7755813598632812,1.031782375093826e-07,0.5787738561630249,0.7386614084243774,-0.04704611003398895,0.5047973394393921,0.687677264213562,-0.08175160735845566,0.4215565025806427,0.6851105690002441,-0.11678258329629898,0.3654457628726959,0.7169317007064819,-0.15054509043693542,0.5263758301734924,0.5288229584693909,-0.04163094609975815,0.5107686519622803,0.4132899045944214,-0.08711179345846176,0.5063339471817017,0.33690351247787476,-0.11019677668809891,0.5056648254394531,0.26932424306869507,-0.12363626807928085,0.5806719660758972,0.5270462036132812,-0.03870430588722229,0.5829927325248718,0.4913511276245117,-0.09642302244901657,0.590803325176239,0.5975831151008606,-0.09574714303016663,0.587456226348877,0.6162152886390686,-0.08096253871917725,0.6371648907661438,0.5371166467666626,-0.04397020488977432,0.641729474067688,0.513887345790863,-0.10149423778057098,0.6349644660949707,0.6062136292457581,-0.08374955505132675,0.6205917596817017,0.6199111342430115,-0.05662841722369194,0.686846911907196,0.5559148788452148,-0.05341183394193649,0.6969079375267029,0.5171843767166138,-0.08249404281377792,0.6807823777198792,0.5828245878219604,-0.06502626836299896,0.6648796796798706,0.6084432005882263,-0.04434876888990402
0.6710048317909241,0.733680009841919,8.868479284274144e-08,0.607736349105835,0.6998773813247681,-0.04054423049092293,0.536641538143158,0.6515791416168213,-0.07223083078861237,0.4610881507396698,0.6487315893173218,-0.10541383922100067,0.40810129046440125,0.6758046746253967,-0.13805556297302246,0.5594749450683594,0.5006564855575562,-0.03702897951006889,0.5457146167755127,0.3892706036567688,-0.07685086876153946,0.5398342609405518,0.31656116247177124,-0.09649918228387833,0.5382370352745056,0.2532263696193695,-0.10850732773542404,0.610004186630249,0.5002108812332153,-0.03786555677652359,0.6188501119613647,0.4671720862388611,-0.09679167717695236,0.6225661635398865,0.5682485699653625,-0.10017324239015579,0.6178351044654846,0.5938444137573242,-0.08810562640428543,0.6621542572975159,0.512008011341095,-0.045377228409051895,0.6728032827377319,0.490190714597702,-0.10399911552667618,0.6655064821243286,0.5770636200904846,-0.08989948779344559,0.6521288752555847,0.5967860817909241,-0.06503555178642273,0.7089847326278687,0.5321051478385925,-0.05606595426797867,0.7216250896453857,0.49433237314224243,-0.08778657764196396,0.7066946625709534,0.5565813183784485,-0.0727069303393364,0.6899573802947998,0.5834662914276123,-0.053254302591085434
0.6827406287193298,0.6996771693229675,-2.2198731741696065e-09,0.6225769519805908,0.6681419610977173,-0.036924492567777634,0.5560135841369629,0.6203147172927856,-0.06443922221660614,0.48650801181793213,0.6117845177650452,-0.09303921461105347,0.43544209003448486,0.6302803754806519,-0.12113698571920395,0.579043447971344,0.4802338182926178,-0.03532426804304123,0.5649558901786804,0.37539923191070557,-0.07282911986112595,0.5597726106643677,0.3083433210849762,-0.09097646176815033,0.5585149526596069,0.24969181418418884,-0.10160624980926514,0.6282185316085815,0.4784843325614929,-0.03505219146609306,0.633470356464386,0.4465673565864563,-0.0882907435297966,0.6367858648300171,0.5406631231307983,-0.09046825021505356,0.6330026984214783,0.5639796257019043,-0.07904784381389618,0.6778945922851562,0.48825421929359436,-0.04084695503115654,0.6844243407249451,0.466189444065094,-0.09572650492191315,0.6773943901062012,0.547937273979187,-0.0825655609369278,0.6656002998352051,0.5670177340507507,-0.059232089668512344,0.7216745018959045,0.5057286024093628,-0.0491802841424942,0.7318574786186218,0.46772611141204834,-0.07929375767707825,0.7179900407791138,0.5246728658676147,-0.06553245335817337,0.7032144069671631,0.5498798489570618,-0.04747765138745308
0.702308177947998,0.6935670375823975,3.2798050941806878e-09,0.6464307308197021,0.6640276908874512,-0.03498755022883415,0.5862140655517578,0.6171804666519165,-0.06046987324953079,0.521388053894043,0.6094483137130737,-0.08657851070165634,0.474043071269989,0.6244603395462036,-0.11225703358650208,0.6025669574737549,0.4888606369495392,-0.033593274652957916,0.5896027088165283,0.3890506625175476,-0.06914056092500687,0.5860282182693481,0.32828742265701294,-0.08850127458572388,0.584679126739502,0.2725268006324768,-0.10083036869764328,0.6465454697608948,0.4877273142337799,-0.03353739157319069,0.657615602016449,0.45463424921035767,-0.08621282875537872,0.6628240942955017,0.5420162081718445,-0.09266091138124466,0.6553965210914612,0.5704180002212524,-0.0849512591958046,0.6924536228179932,0.4971016049385071,-0.03874284401535988,0.7043222784996033,0.47373029589653015,-0.09081757068634033,0.7010079622268677,0.5520567893981934,-0.08024376630783081,0.6871464252471924,0.5741639137268066,-0.05969648063182831,0.7336791753768921,0.5133469700813293,-0.046440958976745605,0.7468816041946411,0.4768677353858948,-0.07596001029014587,0.7366297841072083,0.5333200693130493,-0.06400344520807266,0.7210254073143005,0.5593478083610535,-0.04764911159873009
0.7035391330718994,0.6864188313484192,-4.9278221503357145e-09,0.652782678604126,0.6641770601272583,-0.03010733425617218,0.5944272875785828,0.6206252574920654,-0.05129490792751312,0.5346205234527588,0.6141292452812195,-0.07312029600143433,0.49188631772994995,0.6306005716323853,-0.09480476379394531,0.6106055974960327,0.5054646730422974,-0.029306840151548386,0.5968265533447266,0.41440749168395996,-0.05999960005283356,0.5921639800071716,0.3589048981666565,-0.07685244828462601,0.589738130569458,0.30735349655151367,-0.08810513466596603,0.6506234407424927,0.5016277432441711,-0.03016551397740841,0.6607367992401123,0.4716159999370575,-0.07800408452749252,0.6672337055206299,0.549585223197937,-0.08522123843431473,0.6622495651245117,0.5774276256561279,-0.07929335534572601,0.6924346685409546,0.5079110264778137,-0.03537428751587868,0.7028257250785828,0.4881819486618042,-0.08181828260421753,0.7010432481765747,0.5585534572601318,-0.07320379465818405,0.6899459958076477,0.5792990922927856,-0.0555628165602684,0.731047511100769,0.5209820866584778,-0.042712580412626266,0.741325318813324,0.48840224742889404,-0.06890582293272018,0.732941746711731,0.5393840074539185,-0.058520764112472534,0.7199152112007141,0.562958300113678,-0.04426636919379234
0.7121732234954834,0.6805428266525269,7.130984247538663e-09,0.6600708365440369,0.6595588326454163,-0.030139915645122528,0.6005213260650635,0.6143484711647034,-0.051021501421928406,0.5400641560554504,0.6087846755981445,-0.07262073457241058,0.49542808532714844,0.6262975335121155,-0.0942244902253151,0.6177986264228821,0.5034686326980591,-0.027650101110339165,0.6031851768493652,0.41326361894607544,-0.057535190135240555,0.5986412167549133,0.3578379154205322,-0.07442368566989899,0.5961967706680298,0.30653315782546997,-0.08617132902145386,0.6569047570228577,0.4992736279964447,-0.029011258855462074,0.666740894317627,0.46906474232673645,-0.07766170799732208,0.674085259437561,0.5464988350868225,-0.08650241047143936,0.6690981388092041,0.5755733847618103,-0.08152786642313004,0.6981920003890991,0.5048884749412537,-0.034725453704595566,0.7088785767555237,0.4849700629711151,-0.08112432062625885,0.7084967494010925,0.5539288520812988,-0.07335731387138367,0.6972562670707703,0.5755025148391724,-0.05631151795387268,0.7364163398742676,0.5183826088905334,-0.04265877977013588,0.7474880814552307,0.48585274815559387,-0.06913182139396667,0.7400342226028442,0.5358717441558838,-0.059580374509096146,0.7259621024131775,0.5595738887786865,-0.04590781405568123
0.7054789662361145,0.6949399709701538,-4.157635569157492e-09,0.6516829133033752,0.6772286891937256,-0.03066330775618553,0.5879728198051453,0.630465567111969,-0.05095257610082626,0.5255720019340515,0.6226073503494263,-0.07161961495876312,0.4789585471153259,0.6363418102264404,-0.09221314638853073,0.6065775752067566,0.5141537189483643,-0.02842852845788002,0.5928829908370972,0.42162737250328064,-0.05893770977854729,0.5881705284118652,0.36404818296432495,-0.07621189951896667,0.5851065516471863,0.31099557876586914,-0.08827506005764008,0.6473672986030579,0.5088726282119751,-0.029886024072766304,0.651208221912384,0.4794066548347473,-0.07954305410385132,0.6613935232162476,0.5586695075035095,-0.08860833197832108,0.6605631113052368,0.5885493755340576,-0.08334368467330933,0.6909740567207336,0.5140562057495117,-0.03576696664094925,0.6960316300392151,0.49796628952026367,-0.08334755152463913,0.6977104544639587,0.5691850781440735,-0.07528425008058548,0.6891706585884094,0.5875197052955627,-0.05765100568532944,0.7323744297027588,0.5256283283233643,-0.043823253363370895,0.7375019788742065,0.49523064494132996,-0.06975194066762924,0.7311763763427734,0.5476753115653992,-0.05883227661252022,0.7200155854225159,0.5684733390808105,-0.044241469353437424
0.6980115175247192,0.6995413303375244,-3.3814288258326997e-08,0.6442084312438965,0.6823065280914307,-0.030548948794603348,0.5799931883811951,0.6346435546875,-0.049839045852422714,0.5189085006713867,0.6239758729934692,-0.06950646638870239,0.473545640707016,0.634528636932373,-0.08887242525815964,0.5990098714828491,0.5179563164710999,-0.02784106135368347,0.5848487615585327,0.42609989643096924,-0.05855356529355049,0.578818678855896,0.36887121200561523,-0.07531281560659409,0.5753216743469238,0.3150368928909302,-0.08693240582942963,0.640087366104126,0.5136672258377075,-0.02960140071809292,0.643446683883667,0.48018866777420044,-0.08034469932317734,0.6525512337684631,0.5615224838256836,-0.0886809304356575,0.6525595188140869,0.5919685363769531,-0.08238822966814041,0.6830501556396484,0.5190218687057495,-0.035996053367853165,0.6877012252807617,0.49929606914520264,-0.08511943370103836,0.6886922121047974,0.5729687213897705,-0.07639576494693756,0.6811838150024414,0.5927777290344238,-0.05771297961473465,0.7235946655273438,0.530713677406311,-0.044600024819374084,0.7287505269050598,0.4960351288318634,-0.07249555736780167,0.7214623689651489,0.549652099609375,-0.06226423755288124,0.710520327091217,0.5723310112953186,-0.04773351177573204
0.6909399032592773,0.6989759206771851,-3.058019615309604e-08,0.6377121210098267,0.6815764904022217,-0.030655378475785255,0.5728181004524231,0.6318081021308899,-0.0493943877518177,0.5115894675254822,0.6197061538696289,-0.06829186528921127,0.46619415283203125,0.6295292377471924,-0.08703392744064331,0.5930354595184326,0.5183140635490417,-0.028543028980493546,0.5786099433898926,0.42603960633277893,-0.057920850813388824,0.5722304582595825,0.36889025568962097,-0.07430436462163925,0.5680261850357056,0.3161342144012451,-0.08614474534988403,0.6332924365997314,0.5130921006202698,-0.030305828899145126,0.6356924772262573,0.481048583984375,-0.08069093525409698,0.6440922021865845,0.5598800778388977,-0.09007967263460159,0.6444944143295288,0.5915535092353821,-0.08482195436954498,0.6756148338317871,0.5181365013122559,-0.036421362310647964,0.6791413426399231,0.5013074278831482,-0.08441531658172607,0.6797496676445007,0.5731347799301147,-0.0765000656247139,0.672661304473877,0.5934354066848755,-0.05882953479886055,0.7156091332435608,0.5301380157470703,-0.044840406626462936,0.7197057604789734,0.5005906224250793,-0.07180257886648178,0.712333083152771,0.552798330783844,-0.06211322173476219,0.701815664768219,0.5743202567100525,-0.048336733132600784
0.6860643625259399,0.6979401111602783,-5.062528174448744e-08,0.6333690285682678,0.6812124252319336,-0.029933704063296318,0.5691555738449097,0.6339252591133118,-0.048870231956243515,0.5084608793258667,0.6220577955245972,-0.06821154803037643,0.463634729385376,0.6309496164321899,-0.08754266798496246,0.587618887424469,0.518962562084198,-0.027489440515637398,0.573311448097229,0.42755958437919617,-0.0566449910402298,0.5665208697319031,0.37020283937454224,-0.07266884297132492,0.5622187852859497,0.3181888461112976,-0.08400971442461014,0.6279038786888123,0.5127708315849304,-0.0291003305464983,0.6310691237449646,0.4825635254383087,-0.07793886959552765,0.640221357345581,0.562751829624176,-0.08589144051074982,0.6401025652885437,0.5942294597625732,-0.07981356978416443,0.6703490018844604,0.5166557431221008,-0.03512362763285637,0.6742025017738342,0.5005487203598022,-0.0822032019495964,0.6753653287887573,0.5728145241737366,-0.07345258444547653,0.6680608987808228,0.5932362079620361,-0.05541578307747841,0.7101990580558777,0.5274518728256226,-0.04335468262434006,0.7133755087852478,0.5003282427787781,-0.06989095360040665,0.7070550322532654,0.5530913472175598,-0.0597417950630188,0.6975393295288086,0.5739052295684814,-0.04566448554396629
0.6780825853347778,0.6858669519424438,-5.7648499307560996e-08,0.6284513473510742,0.67152339220047,-0.028015470132231712,0.566820502281189,0.626911461353302,-0.04524122178554535,0.509172260761261,0.6159396171569824,-0.06264832615852356,0.4666127562522888,0.6248052716255188,-0.07996215671300888,0.5829506516456604,0.519024670124054,-0.025961395353078842,0.567559540271759,0.43443572521209717,-0.053962305188179016,0.5603607296943665,0.38149431347846985,-0.0696643516421318,0.5551424026489258,0.332098126411438,-0.08084992319345474,0.6212446689605713,0.5123834609985352,-0.027651358395814896,0.6210159659385681,0.48242974281311035,-0.07336637377738953,0.630308210849762,0.5566308498382568,-0.08120280504226685,0.6305248737335205,0.5836724042892456,-0.07606560736894608,0.6619336605072021,0.514340341091156,-0.03349840268492699,0.662072479724884,0.4978077709674835,-0.07752104103565216,0.6642715334892273,0.5667054653167725,-0.06876803189516068,0.6578953266143799,0.5845531225204468,-0.051757387816905975,0.7008669376373291,0.5221057534217834,-0.04148009419441223,0.70063716173172,0.49501627683639526,-0.06592030823230743,0.6955345273017883,0.5463815331459045,-0.055540814995765686,0.6872466206550598,0.5660704970359802,-0.04195965826511383
0.669223427772522,0.6780176162719727,-4.409434595231687e-08,0.6182024478912354,0.6635884046554565,-0.028044722974300385,0.5570962429046631,0.6204456686973572,-0.045070622116327286,0.4994222819805145,0.6123034358024597,-0.062349192798137665,0.45648783445358276,0.6210400462150574,-0.07941258698701859,0.572309672832489,0.5149009227752686,-0.023358190432190895,0.556973397731781,0.43215957283973694,-0.050308436155319214,0.5497119426727295,0.38076138496398926,-0.06524442136287689,0.5444281101226807,0.332732617855072,-0.07579389959573746,0.6091127991676331,0.5085474252700806,-0.024611182510852814,0.6090950965881348,0.477634996175766,-0.0694296732544899,0.619265615940094,0.5514123439788818,-0.07710866630077362,0.6199254989624023,0.5791381597518921,-0.07171747088432312,0.6483835577964783,0.5105489492416382,-0.03015401028096676,0.6485217809677124,0.4920337200164795,-0.07363145053386688,0.6518906354904175,0.5604546666145325,-0.0652669370174408,0.6460025906562805,0.5793156027793884,-0.048265472054481506,0.685825526714325,0.518474817276001,-0.037778422236442566,0.685767412185669,0.4889880418777466,-0.0618303082883358,0.6812041401863098,0.5392662882804871,-0.05178301781415939,0.6729937791824341,0.559514045715332,-0.038327574729919434
0.6447033286094666,0.6783283948898315,-7.39749950184887e-08,0.5938572287559509,0.6620434522628784,-0.02300010807812214,0.5345401763916016,0.6170257925987244,-0.03741485998034477,0.4794963598251343,0.6061993837356567,-0.052826233208179474,0.4389488697052002,0.6138556003570557,-0.06877439469099045,0.5574759244918823,0.5143510699272156,-0.018139688298106194,0.5458771586418152,0.43200987577438354,-0.04078778252005577,0.5399898886680603,0.38113635778427124,-0.052885059267282486,0.5363832712173462,0.33473533391952515,-0.062017619609832764,0.5933194756507874,0.509402871131897,-0.02136567048728466,0.5832042694091797,0.48432016372680664,-0.062338702380657196,0.5920883417129517,0.5576889514923096,-0.06846741586923599,0.6002781987190247,0.5851137638092041,-0.06269972771406174,0.6308670043945312,0.5139053463935852,-0.028392966836690903,0.6219787001609802,0.49833256006240845,-0.06877241283655167,0.6243619322776794,0.565147876739502,-0.05951084941625595,0.6259100437164307,0.582992672920227,-0.04260356351733208,0.6678844094276428,0.5238845944404602,-0.037074822932481766,0.6586769223213196,0.4954681992530823,-0.05883811041712761,0.6531532406806946,0.5459482669830322,-0.047646794468164444,0.6510770320892334,0.5659211874008179,-0.03400341421365738
0.6264789700508118,0.6494448184967041,-8.556736474929494e-08,0.5759295225143433,0.6385715007781982,-0.01773344911634922,0.5192967057228088,0.6019774079322815,-0.02968739904463291,0.4699561893939972,0.5925365090370178,-0.04313361644744873,0.433515727519989,0.601665198802948,-0.057332009077072144,0.5413605570793152,0.5066068172454834,-0.013908443972468376,0.5281451344490051,0.4328838586807251,-0.033924400806427,0.5214086771011353,0.3875938057899475,-0.04581620171666145,0.516374409198761,0.34667834639549255,-0.05486823245882988,0.5737928152084351,0.5002662539482117,-0.018218504264950752,0.5621037483215332,0.47308725118637085,-0.05557706579566002,0.5729576945304871,0.5382868051528931,-0.06278498470783234,0.5824059247970581,0.5682122707366943,-0.0585777685046196,0.6078161597251892,0.5016689300537109,-0.025396335870027542,0.5977493524551392,0.4826969504356384,-0.061238840222358704,0.603373646736145,0.5434040427207947,-0.05303479731082916,0.6067327857017517,0.5653000473976135,-0.03771992027759552,0.6418231725692749,0.5080682039260864,-0.0337657555937767,0.6321975588798523,0.4780435264110565,-0.052352581173181534,0.6298931241035461,0.5229156613349915,-0.04143206775188446,0.6292620301246643,0.5430750846862793,-0.028528153896331787
0.6331291198730469,0.6209666728973389,-7.103125909679875e-08,0.5871442556381226,0.6130784749984741,-0.017537890002131462,0.5357001423835754,0.5809142589569092,-0.028332246467471123,0.4897588789463043,0.5754444003105164,-0.04006808623671532,0.45666566491127014,0.5841801166534424,-0.05226484313607216,0.5505037903785706,0.4952102601528168,-0.013213473372161388,0.5368608832359314,0.4283777177333832,-0.032682567834854126,0.5293872356414795,0.3875584602355957,-0.044273167848587036,0.5234646201133728,0.3494846224784851,-0.05286639183759689,0.5802065134048462,0.4876898527145386,-0.016026992350816727,0.5720650553703308,0.4617163836956024,-0.050477977842092514,0.5836330652236938,0.5208154916763306,-0.05716632679104805,0.5904614329338074,0.5459980964660645,-0.053521979600191116,0.6117470860481262,0.48716673254966736,-0.021644175052642822,0.6054289937019348,0.46917861700057983,-0.05519937723875046,0.6112483739852905,0.5252718925476074,-0.048009831458330154,0.6115157604217529,0.5445801615715027,-0.034144725650548935,0.6427135467529297,0.49129077792167664,-0.028390109539031982,0.6370092630386353,0.4632070064544678,-0.04648256301879883,0.6356626749038696,0.5047851800918579,-0.03703237324953079,0.6326038837432861,0.5239911675453186,-0.02542044036090374
